timestamp,open,high,low,close,volume,date,return,log_return,abs_return,volatility_5,volatility_5_annualized,volatility_10,volatility_10_annualized,volatility_20,volatility_20_annualized,volatility_50,volatility_50_annualized,sma_5,ema_5,sma_10,ema_10,sma_20,ema_20,sma_50,ema_50,sma_100,ema_100,momentum_5,roc_5,momentum_10,roc_10,momentum_20,roc_20,rsi_6,rsi_14,rsi_24,ema_12,ema_26,macd,macd_signal,macd_hist,macd_hist_pct,bb_mid,bb_std,bb_upper,bb_lower,bb_width,bb_pct,atr_7,atr_7_pct,atr_14,atr_14_pct,atr_21,atr_21_pct,volume_sma,volume_ratio,obv,vwap,adx,cci,mfi,stoch_k,stoch_d,williams_r,higher_high,lower_low,inside_bar,github_stars,github_forks,github_commits_7d,github_devs,l2_bid_volume,l2_ask_volume,l2_imbalance,l2_num_bids,l2_num_asks,target_return,target_direction
1774396800000,0.025,0.1779,0.025,0.1644,6861011.12,2026-03-25,,,,,,,,,,,,,0.1644,,0.1644,,0.1644,,0.1644,,0.1644,,,,,,,,,,0.1644,0.1644,0.0,0.0,0.0,0.0,,,,,,,,,,,,,,,,0.1224333333333333,,,,,,,False,False,False,304,70,1,1,32743.4199,0,1.0,1,0,0.23540145985401462,1
1774483200000,0.1644,0.2531,0.1598,0.2031,5583354.0,2026-03-26,0.2354014598540146,0.2113959859642595,0.2354014598540146,,,,,,,,,,0.1876199999999999,,0.185685,,0.1847175,,0.1841369999999999,,0.1839435,,,,,,,,,,0.1853624999999999,0.1844942307692307,0.0008682692307692,0.0004823717948718,0.0003858974358974,0.1900036612001186,,,,,,,,,,,,,,,5583354.0,0.1596276813082342,,,,,,,True,False,False,304,70,1,1,32743.4199,0,1.0,1,0,-0.21664204825209266,0
1774569600000,0.2031,0.2039,0.1446,0.1591,3516087.11,2026-03-27,-0.2166420482520926,-0.2441655332425979,0.2166420482520926,,,,,,,,,,0.1741105263157894,,0.1749980066445182,,0.1753109075770191,,0.1754553259565391,,0.1754961634612179,,,,,,,,,,0.1751122401847575,0.175370330211927,-0.0002580900271695,0.0001789038350187,-0.0004369938621883,-0.2746661610234724,,,,,,,,,,,,,,,2067266.89,0.1617364628063967,,,,,,,False,True,False,304,70,1,1,32743.4199,0,1.0,1,0,0.099308610936518,1
1774656000000,0.1591,0.1932,0.1461,0.1749,2996389.02,2026-03-28,0.099308610936518,0.0946814466808152,0.099308610936518,,,,,,,,,,0.1744384615384615,,0.1749657178217822,,0.1751922849127182,,0.1753080557776889,,0.1753426218628137,,,,,,,,,,0.1750452442528735,0.1752388464379047,-0.0001936021850312,5.271615885008087e-05,-0.0002463183438813,-0.1408338158269344,,,,,,,,,,,,,,,5063655.91,0.163263917531549,,,,,,,False,False,True,304,70,1,1,32743.4199,0,1.0,1,0,0.07547169811320753,1
1774742400000,0.1749,0.2096,0.1672,0.1881,3842884.08,2026-03-29,0.0754716981132075,0.0727593542824283,0.0754716981132075,,,,,,,,,0.17792,0.1796829383886256,,0.178736213015431,,0.1783145513500605,,0.1780751243972782,,0.1779971667178621,,,,,,,,,,0.1785921747319755,0.1782214009960548,0.0003707737359207,0.0001473310972932,0.0002234426386274,0.1187892815669508,,,,,,,,,,,,,,,8906539.99,0.1674837386632089,,,,,,,True,False,False,304,70,1,1,32743.4199,0,1.0,1,0,-0.18872939925571497,0
1774828800000,0.1881,0.194,0.1458,0.1526,2406558.41,2026-03-30,-0.1887293992557149,-0.2091536174566279,0.1887293992557149,0.1959081162812887,3.742819306229232,,,,,,,0.17556,0.1697864661654135,,0.1719477357029964,,0.1728899555891182,,0.1733936012095444,,0.1735498696172789,-0.0717761557177614,-7.177615571776143,,,,,45.99184782608696,,,0.172274708828874,0.1730896387255085,-0.0008149298966344,-0.0001134951327374,-0.000701434763897,-0.459655808582586,,,,,,,,,,,,,,,6499981.58,0.1671638602469105,,,,,,,False,True,False,304,70,1,1,32743.4199,0,1.0,1,0,-0.1428571428571429,0
1774915200000,0.1526,0.1636,0.1293,0.1308,1909461.22,2026-03-31,-0.1428571428571429,-0.1541506798272583,0.1428571428571429,0.1505209122832804,2.875697991379782,,,,,,,0.1611,0.1559830985915493,,0.1620327843428702,,0.164931786789813,,0.1665548087937294,,0.1670702741759159,-0.3559822747415067,-35.59822747415067,,,,,40.059171597633146,,,0.1630197726626443,0.1655686457018527,-0.0025488730392083,-0.0007298243108947,-0.0018190487283136,-1.3907100369370191,,,,,,,0.0682142857142857,52.15159458278724,,,,,,,4590520.36,0.1653378607905547,,,,,,,False,True,False,304,70,1,1,32743.4199,0,1.0,1,0,0.15137614678899092,1
1775001600000,0.1308,0.2049,0.12,0.1506,5965644.44,2026-04-01,0.1513761467889909,0.1409578763426949,0.1513761467889909,0.1536993554640472,2.9364220630851414,,,,,,,0.1594,0.1541158762886598,,0.1594317708071628,,0.1624544654289747,,0.1642703253821193,,0.164864522955813,-0.0534255185417974,-5.3425518541797485,,,,,32.511658894070635,,,0.1604279575352247,0.1631568259813048,-0.00272886844608,-0.001210232208613,-0.001518636237467,-1.0083905959276285,,,,,,,0.0584999999999999,38.84462151394422,,,,,,,10556164.8,0.1641047733372609,,,,,,,True,True,False,304,70,1,1,32743.4199,0,1.0,1,0,-0.04316069057104921,0
1775088000000,0.1506,0.1601,0.1354,0.1441,2291930.29,2026-04-02,-0.0431606905710492,-0.0441198123603168,0.0431606905710492,0.1432878779510251,2.737511064491497,,,,,,,0.15324,0.150688086171822,,0.1560961140036066,,0.1595103194252068,,0.1616542367568255,,0.1623685192507359,-0.1761006289308175,-17.610062893081757,,,,,43.3392539964476,,,0.1571977063741877,0.1603321860175746,-0.0031344796433869,-0.0016547429122865,-0.0014797367311003,-1.026881839764317,,,,,,,0.0487,33.795975017349065,,,,,,,8264234.510000001,0.1629662735883865,,,,,,,False,False,True,304,70,1,1,32743.4199,0,1.0,1,0,0.002775850104094202,1
1775174400000,0.1441,0.1727,0.138,0.1445,2922806.74,2026-04-03,0.0027758501040942,0.0027720045470102,0.0027758501040942,0.1333039629653409,2.546768636513085,,,,,,,0.14452,0.1485889892287807,0.16122,0.153660278767213,,0.1572498953816994,,0.1596139482826646,,0.1604166084007402,-0.2317916002126528,-23.17916002126529,,,,,34.36213991769546,,,0.1547914959511716,0.1581474984368745,-0.0033560024857029,-0.0020359238147145,-0.0013200786709883,-0.9135492532791576,,,,,,,0.0451857142857142,31.27039050914484,,,,,,,11187041.25,0.1621089619867158,,,,,,,True,False,False,304,70,1,1,32743.4199,0,1.0,1,0,0.1439446366782009,1
1775260800000,0.1445,0.188,0.1424,0.1653,2127826.65,2026-04-04,0.1439446366782009,0.1344824972744918,0.1439446366782009,0.1258979532959875,2.405277020449685,0.155660524978514,2.9738901540497604,,,,,0.14706,0.1542244781523595,0.16131,0.1560381282959545,,0.1583985875511359,,0.1602403009848165,,0.160906264838376,0.083224115334207,8.3224115334207,0.0054744525547445,0.5474452554744599,,,39.12213740458016,,,0.1567142988141781,0.1590751801555276,-0.0023608813413495,-0.0021070226647557,-0.0002538586765938,-0.1535745169956574,,,,,,,0.0449714285714285,27.205945899230837,,,,,,,13314867.9,0.1622734219197331,,,,,,,True,False,False,304,70,1,1,32743.4199,0,1.0,1,0,0.1699939503932244,1
1775347200000,0.1653,0.2022,0.155,0.1934,1629908.61,2026-04-05,0.1699939503932244,0.1569985781922154,0.1699939503932244,0.0978394183214133,1.8692194624434728,0.1463090937529825,2.7952313113423988,,,,,0.15958,0.1673844136191677,0.16034,0.1635029618826091,,0.1631667653816945,,0.1636510790657956,,0.163921753766981,0.4785932721712538,47.859327217125376,-0.0477597242737568,-4.775972427375684,,,70.94455852156057,,,0.1632368960510119,0.1632925251094087,-5.562905839687216e-05,-0.0016664693502358,0.0016108402918389,0.832906045418295,,,,,,,0.0456571428571428,23.607622987147288,,,,,,,14944776.51,0.163097406002724,,,,,,,True,False,False,304,70,1,1,32743.4199,0,1.0,1,0,-0.11427094105480862,0
1775433600000,0.1934,0.2053,0.1681,0.1713,3016945.41,2026-04-06,-0.1142709410548086,-0.1213441776891196,0.1142709410548086,0.121934611261406,2.329557477197467,0.1319424111949481,2.5207562264639805,,,,,0.16372,0.1686963501123173,0.16156,0.1650332807141065,,0.1642311132434977,,0.1643907643594284,,0.164559887128967,0.1374501992031871,13.745019920318722,0.0766813324952861,7.668133249528609,,,70.72671443193451,,,0.1646369572097068,0.1642305993485047,0.000406357861202,-0.0012277870959753,0.0016341449571774,0.953966700045186,,,,,,,0.0440857142857142,25.735968643149025,,,,,,,11927831.1,0.1643336996209534,,,,,,,True,False,False,304,70,1,1,32743.4199,0,1.0,1,0,0.0011675423234092097,1
1775520000000,0.1713,0.1802,0.1612,0.1715,1360278.29,2026-04-07,0.0011675423234092,0.0011668612759203,0.0011675423234092,0.1166119923848782,2.2278689863430885,0.1286144319348258,2.457175271973908,,,,,0.1692,0.1696341123676594,0.16122,0.1662844185849677,,0.165149626178295,,0.1650408849603672,,0.1651226015398201,0.1901457321304649,19.0145732130465,-0.0194396798170382,-1.943967981703823,,,63.380281690140855,51.330086174597234,,0.1658055142722354,0.1650470395531076,0.0007584747191278,-0.0008122596422745,0.0015707343614023,0.9158800941121706,,,,,,,0.0418999999999999,24.431486880466466,0.0550571428571428,32.10329029571012,,,,,13288109.39,0.1645280237681229,,,65.05792261277972,64.22621657167909,,-35.773783428320904,False,True,False,304,70,1,1,32743.4199,0,1.0,1,0,0.0198250728862972,1
1775606400000,0.1715,0.1874,0.1631,0.1749,1144301.87,2026-04-08,0.0198250728862972,0.0196311154185616,0.0198250728862972,0.1154686711422139,2.206025864672101,0.1264394820524558,2.415622912815254,,,,,0.17528,0.1713934259160239,0.1599,0.1679321000086397,,0.1663445154908279,,0.1658977207443181,,0.1658695919997978,0.2103806228373703,21.038062283737037,-0.0701754385964912,-7.017543859649118,,,70.53333333333335,51.94228634850168,,0.1673289963237983,0.1661128885209622,0.001216107802836,-0.0003917922728763,0.0016079000757123,0.9193253720482426,,,,,,,0.0332428571428571,19.006779384137875,0.0458714285714285,26.227231887609243,,,,,14432411.260000002,0.16478310683242,,,66.05834797467975,41.24718256949662,,-58.75281743050338,True,False,False,304,70,1,1,32743.4199,0,1.0,1,0,-0.036592338479130904,0
1775692800000,0.1749,0.1863,0.1665,0.1685,1093329.57,2026-04-09,-0.0365923384791309,-0.0372786322321399,0.0365923384791309,0.1041239783002047,1.989285812252088,0.109181881690491,2.0859169208429376,,,,,0.17592,0.1704274800171284,0.16149,0.1680396934874647,,0.1666016437556601,,0.1661135845409588,,0.1660597896653547,0.0193587416817906,1.9358741681790732,0.1041939711664481,10.41939711664482,,,64.81481481481484,42.73109243697479,,0.1675225139141334,0.1663625999913223,0.0011599139228111,-7.24627054843546e-05,0.0012323766282954,0.7313807883059182,,,,,,,0.0325428571428571,19.313268334039844,0.0406214285714285,24.107672742687576,,,,,13339081.69,0.1649849200761296,,,57.54250788354691,54.12946428571429,53.20095447563,-45.8705357142857,False,False,True,304,70,1,1,32743.4199,0,1.0,1,0,-0.03857566765578635,0
1775779200000,0.1685,0.1716,0.1582,0.162,894660.27,2026-04-10,-0.0385756676557863,-0.0393394145600323,0.0385756676557863,0.0514890586885502,0.9836970850272124,0.0966691001143533,1.8468605644919136,,,,,0.16964,0.1676154659317768,0.1646099999999999,0.1669040985401702,,0.166065605438079,,0.1657866539040957,,0.1657808814511403,-0.1623578076525335,-16.235780765253352,0.2385321100917432,23.85321100917432,,,47.52623688155922,50.723192019950126,,0.1666201722275928,0.1659197579941881,0.0007004142334047,8.567359521805188e-05,0.0006147406381866,0.3794695297448755,,,,,,,0.0295,18.209876543209877,0.0373428571428571,23.05114638447971,,,,,12444421.420000002,0.1649659380588764,,,62.15276589621213,46.87500000000001,47.417215618403645,-53.125,False,True,False,304,70,1,1,32743.4199,0,1.0,1,0,0.06604938271604932,1
1775865600000,0.162,0.1778,0.1615,0.1727,746849.14,2026-04-11,0.0660493827160493,0.0639596499202487,0.0660493827160493,0.0434620543159383,0.8303413818165243,0.0876869014624099,1.675255900198119,,,,,0.16992,0.1693114581965165,0.16682,0.1679871363196351,,0.1668223545506232,,0.1663148333829673,,0.1662340661203799,0.0081727962638644,0.8172796263864475,0.1467463479415669,14.674634794156692,,,29.006085192697757,49.43705220061412,,0.1676041807975971,0.1665896339504493,0.0010145468471478,0.0002748562574729,0.0007396905896748,0.428309548161468,,,,,,,0.0253142857142857,14.657953511456697,0.0351428571428571,20.34907767391844,,,,,13191270.560000002,0.1650505646760932,,,59.34719971472827,58.81696428571427,53.27380952380952,-41.18303571428573,True,False,False,304,70,1,1,32743.4199,0,1.0,1,0,0.07295888824551255,1
1775952000000,0.1727,0.196,0.1712,0.1853,1255448.51,2026-04-12,0.0729588882455125,0.0704201481386812,0.0729588882455125,0.0536322138963053,1.0246420077802554,0.086498414663667,1.6525498917898376,,,,,0.17268,0.1746433773223504,0.17094,0.1712060269796978,,0.1688910523276808,,0.1677132987242403,,0.1674282667372278,0.0804664723032069,8.046647230320687,0.285912560721721,28.591256072172094,,,67.58793969849245,49.28131416837783,,0.1704454795855106,0.1683935839745988,0.0020518956109118,0.0006354609900463,0.0014164346208655,0.7644007667919899,,,,,,,0.0221142857142857,11.934315010407834,0.0338857142857142,18.286947806645596,,,,,14446719.070000002,0.165515976636228,,,55.10291510566949,76.55334114888626,60.748435144866846,-23.44665885111373,True,False,False,304,70,1,1,32743.4199,0,1.0,1,0,-0.052887209929843526,0
1776038400000,0.1853,0.1959,0.1658,0.1755,5174654.97,2026-04-13,-0.0528872099298435,-0.0543370903853936,0.0528872099298435,0.061817604275607,1.1810236713999749,0.0900712261944527,1.7208083602431965,,,,,0.1728,0.1749290041110617,0.17404,0.1720011179082922,0.16763,0.1696188018423658,,0.1682677754159348,,0.1679130762230534,0.0034305317324183,0.3430531732418465,0.2145328719723183,21.453287197231838,,,54.04858299595139,56.77114133648728,,0.1712516349184952,0.1690637730199722,0.0021878618985229,0.0009495625157781,0.0012382993827448,0.7055836938717008,0.16763,0.0177072123277791,0.2030444246555582,0.1322155753444417,0.4225308674528213,0.611112916227552,0.0211,12.022792022792023,0.0325928571428571,18.571428571428577,,,2837016.486,1.8239777581609724,9272064.1,0.1667517844973907,,53.75939849624064,49.5210712234319,65.06447831184055,66.81159458214704,-34.935521688159454,False,True,False,304,70,1,1,32743.4199,0,1.0,1,0,0.02279202279202286,1
1776124800000,0.1755,0.18,0.1717,0.1795,698484.09,2026-04-14,0.0227920227920228,0.0225361650224131,0.0227920227920228,0.0580961817178217,1.1099259932623478,0.0795537317476338,1.5198719109733183,0.1203138491553141,2.2985928606382653,,,0.175,0.1764529749418448,0.17546,0.1733850130829976,0.1683849999999999,0.1706909270594764,,0.1690428063337093,,0.1685820826477133,0.0652818991097921,6.528189910979218,0.085904416212946,8.59044162129461,0.0918491484184915,9.18491484184915,54.6,66.09385327164574,,0.172559797153982,0.1700284693387561,0.0025313278152258,0.0012688605805093,0.0012624672347165,0.7033243647446045,0.1683849999999999,0.0178832846094069,0.2041515692188139,0.132618430781186,0.4248189472793178,0.6553825295906951,0.0195714285714285,10.903302825308398,0.0307357142857142,17.122960604854757,0.0432285714285714,24.082769598089936,2528890.1345,0.2762018327609558,9970548.19,0.1668772185133036,,36.791487620217,50.93819865220587,69.7538100820633,70.4572098475967,-30.24618991793671,False,False,True,304,70,1,1,32743.4199,0,1.0,1,0,0.0027855153203342198,1
1776211200000,0.1795,0.1835,0.1744,0.18,734346.07,2026-04-15,0.0027855153203342,0.0027816429618767,0.0027855153203342,0.0512701114045937,0.9795141030405852,0.0567324208658918,1.0838713787697354,0.1081446268427368,2.066100194801428,,,0.1785999999999999,0.1776354746774791,0.17412,0.1746024661323342,0.16723,0.1716877544445052,,0.1697769922283191,,0.1692172357555466,0.1111111111111109,11.111111111111104,-0.0692864529472595,-6.928645294725955,-0.1137370753323486,-11.373707533234864,63.03854875283445,61.13636363636363,,0.1737342087291533,0.1709335895011942,0.002800619227959,0.001577489590141,0.001223129637818,0.6795164654544549,0.16723,0.0161888883269716,0.1996077766539432,0.1348522233460567,0.3872245010338244,0.6972031640172052,0.0174,9.666666666666666,0.0253214285714285,14.067460317460318,0.0363809523809523,20.211640211640216,2286439.7380000004,0.3211744695455428,10704894.260000002,0.1670340368945304,,65.03537869997513,41.62617626962285,63.80543633762517,66.20790824384301,-36.19456366237483,True,False,False,304,70,1,1,32743.4199,0,1.0,1,0,0.6511111111111112,1
1776297600000,0.18,0.4458,0.1766,0.2972,4000164.31,2026-04-16,0.6511111111111112,0.5014484619533938,0.6511111111111112,0.2896109372730047,5.533009187654952,0.2081561139314839,3.976816972778076,0.171989754887486,3.285859653421612,,,0.2035,0.2174938680253458,0.18671,0.1971157626797361,0.1741349999999999,0.1849704561280025,,0.1780841122737855,,0.1760903933980236,0.7209033005211352,72.09033005211352,0.7349678925861063,73.49678925861063,0.8680075424261473,86.80075424261473,93.66925064599484,81.54099711578081,,0.1931452233032262,0.1822066276411784,0.0109385956620477,0.0034608280726796,0.007477767589368,2.5160725401642328,0.1741349999999999,0.0331281765110512,0.2403913530221025,0.1078786469778974,0.7609768630327337,1.4287033951215715,0.0530285714285714,17.842722553355124,0.0427857142857142,14.396269948086903,0.0447571428571428,15.059603922322628,2310643.598,1.7311905278089537,14705058.570000002,0.1760092704718651,,520.3292741547831,58.14798895308598,51.72189733593243,61.76038125187363,-48.27810266406757,True,False,False,304,70,1,1,32743.4199,0,1.0,1,0,-0.1635262449528938,0
1776384000000,0.2972,0.3588,0.2332,0.2486,4004712.51,2026-04-17,-0.1635262449528938,-0.1785601337669935,0.1635262449528938,0.3207959449823109,6.128797923389158,0.2204362616744279,4.211428865986443,0.1774264458566988,3.389727488546701,,,0.21616,0.2278631946546652,0.1944199999999999,0.2065529586841708,0.17782,0.1916336768841648,,0.1825648729481662,,0.1798567468894157,0.3416082029141931,34.16082029141932,0.4495626822157432,44.95626822157433,0.421383647798742,42.1383647798742,69.69382459782044,67.89274664833276,58.6518701191944,0.2018344023727251,0.1880454305769435,0.0137889717957815,0.0055362577568782,0.0082527140389033,3.3196758000415603,0.17782,0.0370809299832279,0.2519818599664559,0.1036581400335441,0.8341228204527716,0.9771994663565234,0.0690571428571428,27.778416273991496,0.0492785714285714,19.82243420296518,0.0479142857142857,19.273646707275027,2361059.7725,1.6961504137439196,10700346.060000002,0.1823142915751483,,281.5441818203555,43.83877445814905,35.00329597890573,50.17687655082111,-64.99670402109426,False,False,True,304,70,1,1,32743.4199,0,1.0,1,0,-0.27835880933226065,0
1776470400000,0.2486,0.2505,0.179,0.1794,1546817.03,2026-04-18,-0.2783588093322606,-0.3262272294519149,0.2783588093322606,0.3597467262856516,6.872951555316965,0.2444875364953677,4.670927826254055,0.1898570240199339,3.6272133508993663,,,0.21694,0.2117081566625603,0.19487,0.2015831274450779,0.177385,0.1903646106205308,,0.1823685448407804,,0.1798337609549084,0.0222222222222223,2.2222222222222308,0.025728987993139,2.572898799313896,-0.0462519936204145,-4.62519936204146,48.81668672282391,52.07780725022105,51.34940626124506,0.1983291345106134,0.1872955292984003,0.0110336052122131,0.0066398966779051,0.0043937085343079,2.449112895377923,0.177385,0.0370049395707056,0.2513948791414113,0.1033751208585886,0.8344547638347253,0.5136130474970102,0.0769428571428571,42.888995062908094,0.0511285714285714,28.499761108456763,0.0490761904761904,27.355736051388224,2246256.42,0.6886199706443132,9153529.030000005,0.1827859861413539,,55.21728707920955,38.08066023681577,8.390646492434668,31.705279935757613,-91.60935350756534,False,True,False,304,70,1,1,32743.4199,0,1.0,1,0,0.06075808249721293,1
1776556800000,0.1794,0.2007,0.174,0.1903,862450.14,2026-04-19,0.0607580824972129,0.058983824677408,0.0607580824972129,0.3595096609686185,6.8684224287944335,0.2437182644314416,4.6562309041088215,0.1840617340687913,3.516494491844089,,,0.2191,0.2045719160348302,0.19705,0.1995204676363936,0.17927,0.1903579646802878,,0.1828495844023177,,0.1803448768448749,0.0601671309192199,6.016713091922008,0.1293768545994065,12.937685459940642,0.2470511140235909,24.70511140235909,52.95527156549521,49.51878298665011,48.78787878787879,0.1970776231633363,0.1875528764760307,0.0095247466873056,0.0072186157508592,0.0023061309364463,1.2118396933507063,0.17927,0.0366343109235332,0.2525386218470665,0.1060013781529335,0.817410853428532,0.5752709667654381,0.0772142857142857,40.57503190451167,0.0496642857142857,26.0978905487576,0.0483285714285714,25.395991291945048,2169051.0065,0.3976163480782581,10015979.170000004,0.1828557411848153,,11.873372115704544,33.73271804629324,11.161335187760775,18.185092553033726,-88.83866481223922,False,True,False,304,70,1,1,32743.4199,0,1.0,1,0,0.1581713084603258,1
1776643200000,0.1903,0.2417,0.188,0.2204,1372524.54,2026-04-20,0.1581713084603258,0.1468423029766556,0.1581713084603258,0.3606301528051509,6.889829395273679,0.2451179805381489,4.682972442779439,0.1819289328141766,3.475747381088044,,,0.22718,0.2098480368879373,0.20289,0.2033336597657085,0.18375,0.1934247520056233,,0.1850792123404868,,0.18224576957855,0.2244444444444446,22.444444444444457,0.3604938271604938,36.04938271604939,0.6850152905198779,68.50152905198777,57.39602169981917,57.43714026052711,55.96187512157168,0.2007055645450186,0.1903341791724767,0.0103713853725419,0.007850697956192,0.0025206874163498,1.1436875754763531,0.18375,0.0358654723273395,0.2554809446546791,0.1120190553453208,0.7807449758332423,0.7554685441299933,0.0805857142857142,36.56339123671246,0.0508428571428571,23.06844697951776,0.0485904761904761,22.04649554921787,2142204.1725000003,0.6407066878215596,11388503.710000005,0.1835197233130978,55.73976897537404,75.34456355283316,40.76237804319916,21.62726008344924,13.726413921214894,-78.37273991655076,True,False,False,304,70,1,1,32743.4199,0,1.0,1,0,0.02495462794918324,1
1776729600000,0.2204,0.2429,0.2153,0.2259,735286.73,2026-04-21,0.0249546279491832,0.0246483461951981,0.0249546279491832,0.1772822737782554,3.386973084855521,0.2452377050930059,4.685259777188316,0.1800352146718559,3.4395679467788614,,,0.21292,0.2151987540437466,0.20821,0.2074515749105808,0.187515,0.1967173910017498,,0.1874551235948133,,0.1842617140336449,-0.2399057873485869,-23.99057873485869,0.3080486392588304,30.80486392588304,0.4999999999999998,49.99999999999999,58.152753108348136,58.10971973762671,55.06153235410877,0.204618025669185,0.193314097884175,0.01130392778501,0.0085426824145612,0.0027612453704487,1.2223308412787923,0.187515,0.0361535508192778,0.2598221016385557,0.1152078983614443,0.771214053686966,0.765430359744445,0.0833428571428571,36.89369506102574,0.0514571428571428,22.77872636438374,0.0482714285714285,21.36849427686081,1880686.287,0.3909672416301294,12123790.440000003,0.1839827010830252,56.81502165213869,88.13369694426957,44.37901284502745,23.53963838664812,18.776077885952716,-76.46036161335188,True,False,False,304,70,1,1,32743.4199,0,1.0,1,0,0.037184594953519445,1
1776816000000,0.2259,0.2786,0.2167,0.2343,1946917.93,2026-04-22,0.0371845949535194,0.0365099220397925,0.0371845949535194,0.1644667847100798,3.142133509989381,0.2451244706391954,4.683096435985832,0.1791288146637588,3.4222511989387616,,,0.21006,0.2215658858369606,0.21311,0.2123476443368696,0.192025,0.2005045659175261,,0.1901308515545929,,0.1865130866733054,-0.0575221238938051,-5.752212389380524,0.2644360496492175,26.44360496492176,0.6259541984732824,62.59541984732825,31.78922987840185,58.72502937720329,54.62925851703408,0.209220711056982,0.1967151131663335,0.0125055978906484,0.0093364938735145,0.0031691040171339,1.3525838741502034,0.192025,0.0360786257615517,0.2641822515231035,0.1198677484768964,0.7515401799047368,0.7929366010182931,0.0908857142857142,38.7903176635571,0.0541428571428571,23.108347052009023,0.0471761904761904,20.134951120866614,1863435.669,1.044800184084058,14070708.370000005,0.1855698155421776,57.94776920110295,104.30670756691512,47.07188204686344,26.46036161335188,23.875753361149744,-73.53963838664812,True,False,False,304,70,1,1,32743.4199,0,1.0,1,0,-0.13956466069142126,0
1776902400000,0.2343,0.2433,0.1946,0.2016,2910884.62,2026-04-23,-0.1395646606914212,-0.1503168093165364,0.1395646606914212,0.1074578472334151,2.0529792887885145,0.2504950800884267,4.785701785444343,0.183359342257447,3.5030753151303373,,,0.2145,0.2149105558497953,0.21572,0.210388768338465,0.19488,0.200614344878277,,0.1907744345286026,,0.1871752125498397,0.1237458193979932,12.374581939799327,0.1487179487179488,14.87179487179488,0.3951557093425606,39.51557093425607,35.01275510204081,54.513226070357234,54.93752519145506,0.2080404332166861,0.1971168834995019,0.0109235497171841,0.0096542984652772,0.0012692512519069,0.6295889146363646,0.19488,0.0343371151042747,0.2635542302085495,0.1262057697914505,0.7047847927806804,0.5489266496296553,0.0593857142857142,29.457199546485256,0.0562071428571428,27.880527210884352,0.0483190476190476,23.96778155706727,1862839.563,1.5626061834934308,11159823.750000004,0.1866330603771198,60.05626073386775,31.449156447751424,43.73386050142908,15.090403337969402,21.69680111265647,-84.9095966620306,False,True,False,304,70,1,1,32743.4199,0,1.0,1,0,0.021825396825396748,1
1776988800000,0.2016,0.2176,0.1926,0.206,788285.05,2026-04-24,0.0218253968253967,0.0215906325923674,0.0218253968253967,0.1059174913025466,2.0235508300500245,0.2505016287977899,4.785826898361054,0.1814019725031574,3.4656798184819744,,,0.21764,0.2119403602399619,0.21837,0.2095892212219398,0.196915,0.2011513956072384,,0.1916146083744791,,0.1879819534036405,0.0825013137151864,8.25013137151865,0.1476323119777158,14.763231197771589,0.2462189957652751,24.62189957652752,64.45652173913044,56.034009873834336,57.85296574770258,0.2077247413454239,0.1978415754158,0.0098831659296239,0.0097001173349572,0.0001830485946666,0.0888585411003134,0.196915,0.0336917649629073,0.2642985299258147,0.1295314700741853,0.6843920465765909,0.5674126155902045,0.0450142857142857,21.851595006934808,0.0570357142857142,27.6872399445215,0.0478571428571428,23.23162274618585,1795862.4830000002,0.4389451071349097,11948108.800000004,0.1868268443025493,61.93041451096527,9.80050223214285,43.62428645098745,15.652479774885675,19.067748242068983,-84.34752022511431,False,True,False,304,70,1,1,32743.4199,0,1.0,1,0,0.010679611650485477,1
1777075200000,0.206,0.2322,0.2049,0.2082,999256.69,2026-04-25,0.0106796116504854,0.0106229873912874,0.0106796116504854,0.0736046111488817,1.406214121522039,0.2503923725603533,4.783739560875677,0.1781355798550692,3.403275474562724,,,0.2152,0.2106935706034739,0.22119,0.2093362241019616,0.197655,0.2018511382415454,,0.192515437132899,,0.1888288783341012,-0.0553539019963703,-5.535390199637031,0.1566666666666667,15.666666666666668,0.0765253360910032,7.652533609100315,60.74429771908763,54.9845549003089,56.244579358196006,0.2077982083865688,0.1986803278728716,0.0091178805136972,0.0095835776384451,-0.0004656971247478,-0.2236777736541234,0.197655,0.0337729333389297,0.2652008666778594,0.1301091333221405,0.6834723804392449,0.5780580701576555,0.0386999999999999,18.587896253602302,0.0578214285714285,27.772059832578567,0.0469857142857142,22.567586112254705,1764329.887,0.5663661299186504,12947365.490000004,0.1871921400376188,63.68453720706516,28.713627917621853,44.42308636771671,15.14285714285714,15.295246751904074,-84.85714285714285,True,False,False,304,70,1,1,32743.4199,0,1.0,1,0,0.060518731988472574,1
1777161600000,0.2082,0.2292,0.2,0.2208,647618.01,2026-04-26,0.0605187319884725,0.0587581582220716,0.0605187319884725,0.0792092157269717,1.5132899416403682,0.1309669595624692,2.502120249192405,0.1756617335836509,3.356012707909334,,,0.2141799999999999,0.2140623856078538,0.21355,0.2114233240665111,0.20013,0.2037247047524562,,0.1940288507024101,,0.1901391926604605,-0.0225763612217795,-2.257636122177952,-0.2570659488559893,-25.70659488559893,0.2889667250437828,28.896672504378277,50.303951367781146,54.9845549003089,58.206719452172045,0.2098065875390387,0.2004591516065985,0.0093474359324401,0.0095363193437412,-0.0001888834113011,-0.0855450232342149,0.20013,0.0335529448076194,0.267235889615239,0.133024110384761,0.6706229912081044,0.654010326951288,0.0390571428571428,17.68892339544513,0.0581357142857142,26.32958074534161,0.0461285714285714,20.891563146997928,1645863.517,0.3934822075529365,13594983.500000004,0.1874368984020737,65.15650979513791,28.48361576622265,43.592621085256674,19.642857142857142,16.81273135353332,-80.35714285714286,False,True,False,304,70,1,1,32743.4199,0,1.0,1,0,0.4583333333333335,1
1777248000000,0.2208,0.4196,0.2154,0.322,9693778.64,2026-04-27,0.4583333333333335,0.3772942311414681,0.4583333333333335,0.2235430940741983,4.270784815641856,0.1899760835206697,3.629487979467097,0.2003924089590262,3.828491597544206,,,0.23172,0.2500416274689724,0.2208899999999999,0.2315500855251306,0.207655,0.2153767847113702,,0.2007796880708255,,0.1954313171992487,0.3743064447289799,37.430644472898,0.2952534191472244,29.525341914722457,0.8775510204081631,87.75510204081631,79.75232198142415,66.36871508379889,65.62224960394298,0.2271262437181546,0.2101716282425271,0.0169546154756275,0.0110207312563793,0.0059338842192481,1.8428211861019157,0.207655,0.0424823861333017,0.2926197722666035,0.1226902277333964,0.8183262841405553,1.172896524933927,0.0605571428571428,18.806566104702743,0.0705714285714285,21.91659272404614,0.0540809523809523,16.795326826382727,2062538.5345,4.699926075490252,23288762.140000004,0.2019820237119042,66.59312570046541,215.4613867761277,69.63613044014362,54.834002188982126,29.8732388248988,-45.16599781101786,True,False,False,304,70,1,1,32743.4199,0,1.0,1,0,0.10341614906832297,1
1777334400000,0.322,0.41,0.3062,0.3553,6723610.58,2026-04-28,0.1034161490683229,0.098410957482573,0.1034161490683229,0.1865955979043861,3.564903892451072,0.1534075757505296,2.9308476194855118,0.2006471111024493,3.833357675161804,,,0.26246,0.285127775741797,0.23848,0.2540701291505722,0.216675,0.2291164984334157,,0.2088221958962304,,0.2017196588954064,0.7624007936507937,76.24007936507937,0.9804905239687848,98.04905239687848,1.0314465408805034,103.14465408805032,82.45708154506437,68.43540268456375,66.36238374095763,0.2469024137529868,0.2217017097954597,0.0252007039575271,0.0138578766795204,0.0113428272780066,3.192464755982741,0.216675,0.0530090645178033,0.3226931290356066,0.1106568709643933,0.9785912452807812,1.1537796943834115,0.0714428571428571,20.107756021068703,0.0773928571428571,21.78239716939407,0.0581190476190476,16.357739267955985,2341503.97,2.8714922827997595,30012372.720000006,0.2130343615069384,66.73653586513142,222.45733286492748,77.38141282118897,66.70345842531275,47.06010591905067,-33.29654157468726,False,False,True,304,70,1,1,32743.4199,0,1.0,1,0,-0.11595834506051228,0
1777420800000,0.3553,0.3853,0.3083,0.3141,1753598.99,2026-04-29,-0.1159583450605122,-0.1232510964823805,0.1159583450605122,0.2147857237221679,4.103475489986779,0.1655227187768006,3.1623071020081683,0.2032613818180895,3.883303247055101,,,0.28408,0.294785188249424,0.2508599999999999,0.2649926111588334,0.223955,0.2374368255308568,,0.2142322933580271,,0.2060553869378568,0.5247572815533981,52.47572815533981,0.6505517603783499,65.055176037835,0.864094955489614,86.4094955489614,78.86095433555668,62.95652173913044,60.16506653191848,0.2572658365116913,0.2290032856869103,0.028262550824781,0.0167397467288728,0.0115228040959082,3.668514516366828,0.223955,0.0559605544816591,0.3358761089633182,0.1120338910366817,0.9994964074329064,0.902716703019556,0.0735999999999999,23.43202801655523,0.0822428571428571,26.183653977350254,0.0606285714285714,19.30231500432073,2374517.441,0.7385075214530715,28258773.730000008,0.2152749932987589,67.66387925095474,152.34704773047787,72.96047738085001,51.54525386313467,57.694238159143175,-48.45474613686534,False,False,True,304,70,1,1,32743.4199,0,1.0,1,0,-0.10378860235593768,0
1777507200000,0.3141,0.3141,0.2798,0.2815,662103.22,2026-04-30,-0.1037886023559376,-0.1095789589648558,0.1037886023559376,0.2325083863804763,4.442066484655233,0.1692898767190956,3.2342785534399803,0.2052389867932405,3.921085337055204,,,0.29874,0.2903567908146147,0.25697,0.2679957452654964,0.22993,0.2417393642959889,,0.2176475245323265,,0.2089124511290835,0.3520653218059557,35.206532180595566,0.2772232304900179,27.722323049001798,0.737654320987654,73.7654320987654,66.92066337965038,48.18664818664818,59.1194968553459,0.2610018968593281,0.2331312968894049,0.0278705999699231,0.0189664954741086,0.0089041044958145,3.163092183237843,0.22993,0.0553738880130717,0.3406777760261436,0.1191822239738564,0.9633173228908236,0.7328263458212747,0.0715428571428571,25.414869322506974,0.0654642857142857,23.255518903831515,0.0613190476190476,21.782965406411236,2362889.5885,0.2802091232795662,27596670.51000001,0.2157983029627379,64.30210810283998,77.33488154252935,68.21194563954323,43.770358306188925,54.006356864878775,-56.22964169381108,False,True,False,304,70,1,1,32743.4199,0,1.0,1,0,-0.10230905861456485,0
1777593600000,0.2815,0.2958,0.2495,0.2527,816209.44,2026-05-01,-0.1023090586145648,-0.1079294331855965,0.1023090586145648,0.24696118472971,4.718186809414418,0.1748835443775965,3.3411454240029466,0.2077618319046129,3.9692842252315,,,0.30512,0.2778045246555467,0.25965,0.2652133432550285,0.23393,0.2428070435429931,,0.2194068356811539,,0.2105412435283295,0.1444746376811594,14.447463768115934,0.1186365648517042,11.863656485170427,0.4632310364794441,46.32310364794441,58.91069283139768,50.4962478818688,56.41592920353982,0.2597224427244561,0.2346630722060784,0.0250593705183777,0.0201853236236653,0.0048740468947124,1.928787849114528,0.23393,0.0538918419761187,0.3417136839522374,0.1261463160477626,0.9215037314772574,0.5870725480505824,0.0745857142857142,29.51551811860477,0.0597999999999999,23.66442421844084,0.0628857142857142,24.885522075866355,2366357.6035,0.3449222715927516,26780461.070000008,0.2162179690756044,60.25662855322018,35.89811608771733,75.03640805436964,32.04397394136807,42.45319537023055,-67.95602605863192,False,True,False,304,70,1,1,32743.4199,0,1.0,1,0,0.03798971111990501,1
1777680000000,0.2527,0.2784,0.2524,0.2623,975563.37,2026-05-02,0.037989711119905,0.0372858724786794,0.037989711119905,0.1003702872408733,1.9175716452580411,0.1748909680793963,3.341287253626687,0.2075855263191733,3.9659159117511535,,,0.29318,0.2726363490692674,0.2624499999999999,0.2646834329642786,0.2377799999999999,0.2447017433017656,,0.221536305993353,,0.2124336266355744,-0.1854037267080746,-18.54037267080746,0.1195049082373025,11.950490823730249,0.4155423637344846,41.55423637344845,58.41102553708958,61.72560113154172,56.838810641627546,0.2601195781130412,0.2368173484567844,0.0233022296562568,0.0208088084243651,0.0024934212318917,0.9505990209270734,0.2377799999999999,0.0529775583073675,0.3437351166147351,0.1318248833852648,0.8912029322460691,0.6157093719652894,0.0743999999999999,28.36446816622187,0.0565499999999999,21.559283263438807,0.063347619047619,24.15082693389975,2352363.3465,0.4147162773350923,27756024.44000001,0.2166942970796454,59.47142124949699,28.674372859721515,75.50421858677807,35.95276872964169,37.255700325732896,-64.04723127035831,False,False,True,304,70,1,1,32743.4199,0,1.0,1,0,-0.03621807091117024,0
1777766400000,0.2623,0.2628,0.2438,0.2528,468074.38,2026-05-03,-0.0362180709111702,-0.0368902246001254,0.0362180709111702,0.0650463432028171,1.242708641991925,0.1670892994151061,3.192236583078752,0.2072485175229763,3.959477367740226,,,0.27268,0.2660242321148601,0.26757,0.2625221029362906,0.241645,0.2454873467181944,,0.2230723988350902,,0.2138851588221603,-0.2884886011820996,-28.84886011820996,0.2539682539682542,25.39682539682541,0.4404558404558407,44.04558404558407,27.677419354838705,58.87531951150242,56.56439806883663,0.2589920763404938,0.2380583741416193,0.0209337021988745,0.0208337904999544,9.991169892014164e-05,0.0395220328006889,0.241645,0.0509766972046516,0.3435983944093034,0.1396916055906966,0.843827883128584,0.5547063688493635,0.0729428571428571,28.85397830018081,0.0559999999999999,22.15189873417721,0.0630714285714285,24.949141048824583,2117034.3170000003,0.2210990989807369,27287950.06000001,0.2168664408462365,58.83830632571598,7.738582198244901,75.875106144435,27.97927461139898,31.992005760802915,-72.02072538860102,False,True,False,304,70,1,1,32743.4199,0,1.0,1,0,0.04865506329113911,1
1777852800000,0.2528,0.2743,0.2419,0.2651,680375.96,2026-05-04,0.0486550632911391,0.0475084510222773,0.0486550632911391,0.0733396380700746,1.4011518179594544,0.1670973252841632,3.1923899170917904,0.2072454774708603,3.9594192876261,,,0.26288,0.2657161547246656,0.27348,0.2629909367675577,0.245925,0.2473865864236923,,0.225117080813301,,0.2156975083949989,-0.1560012734797834,-15.600127347978349,0.2868932038834952,28.68932038834952,0.4768802228412256,47.688022284122574,16.34328358208954,56.68561172599462,57.956474764624176,0.2599327542902825,0.2401506321581724,0.0197821221321101,0.0206234344574943,-0.0008413123253842,-0.31735659199706,0.245925,0.0490411306965898,0.3440072613931796,0.1478427386068203,0.7976599483027724,0.5977495814616962,0.0483999999999999,18.257261410788367,0.0544785714285714,20.55019669127552,0.0631809523809523,23.83287528515744,2116128.9105,0.3215191459386282,27968326.02000001,0.2171635684794814,57.62733120228586,13.344099044543148,75.54644376984551,31.93832599118944,31.95678977741004,-68.06167400881057,True,True,False,304,70,1,1,32743.4199,0,1.0,1,0,0.07091663523198788,1
1777939200000,0.2651,0.3406,0.2606,0.2839,2070262.36,2026-05-05,0.0709166352319878,0.0685149501839456,0.0709166352319878,0.0716696132588173,1.3692460387395622,0.1671635791394844,3.1936556952204125,0.2072163178127751,3.958862193140604,,,0.26336,0.2717774367267408,0.2810499999999999,0.2667934159312218,0.2511199999999999,0.2509168068392746,,0.2279501935185991,,0.2180739656693447,0.0085257548845472,0.8525754884547118,0.3635926993275695,36.35926993275696,0.5772222222222223,57.72222222222222,36.4695340501792,58.342922899884925,58.47560975609756,0.2636233339172652,0.2435244716311495,0.0200988622861157,0.0205185110973262,-0.0004196488112105,-0.1478157137057171,0.2511199999999999,0.0471569897704521,0.3454339795409043,0.1568060204590955,0.751146699115199,0.6737812366711936,0.0449999999999999,15.85065163790066,0.0582214285714285,20.507724047702908,0.066595238095238,23.457287106459347,2182924.725,0.948389257902606,30038588.38000001,0.2187466797835304,56.83279019256047,62.28232263844557,76.71554713216598,40.22026431718061,33.37928830658968,-59.77973568281938,True,False,False,304,70,1,1,32743.4199,0,1.0,1,0,-0.057414582599506825,0
1778025600000,0.2839,0.2894,0.2578,0.2676,475010.36,2026-05-06,-0.0574145825995068,-0.059128735224852,0.0574145825995068,0.0561927670411006,1.0735613069235608,0.1698624080481984,3.245216749124073,0.1499307290429697,2.8644225564055814,,,0.2663399999999999,0.2703849577805138,0.28573,0.2669400938166622,0.24964,0.2525274583098488,,0.2298441543791813,,0.2197740843622386,0.0589631974673527,5.896319746735269,0.2119565217391303,21.19565217391305,-0.0995962314939434,-9.959623149394352,42.70724029380902,54.68354430379747,56.2376837956647,0.2642355934893535,0.2453754815585458,0.0188601119308076,0.0201868086895264,-0.0013266967587187,-0.495776068280557,0.24964,0.0460870275160284,0.3418140550320568,0.1574659449679431,0.7384558166324057,0.5974243782252705,0.0385142857142857,14.392483450779414,0.0560571428571428,20.948110185778344,0.0676666666666666,25.28649725959142,2006667.0275000003,0.2367160836802058,29563578.02000001,0.2189920780156692,55.4845081721981,27.042698998418576,74.37110165511177,33.03964757709252,35.06607929515419,-66.96035242290748,False,True,False,304,70,1,1,32743.4199,0,1.0,1,0,0.02578475336322872,1
1778112000000,0.2676,0.2808,0.2582,0.2745,496526.46,2026-05-07,0.0257847533632287,0.0254579326955119,0.0257847533632287,0.0550782410176985,1.0522683171441345,0.0801602518381781,1.5314594610329888,0.1446256392116009,2.7630689574887404,,,0.26878,0.2717566385448466,0.28098,0.2683148234050956,0.250935,0.2546459959970606,,0.2319591533156389,,0.2216258056953262,0.0465116279069768,4.651162790697692,-0.1475155279503105,-14.751552795031053,0.1041834271922768,10.41834271922769,64.85013623978206,61.0555050045496,57.53654080389769,0.2658157479622244,0.2476084021770634,0.018207345785161,0.0197908945530374,-0.0015835487678764,-0.5768847970405937,0.250935,0.0464189534225203,0.3437729068450406,0.1580970931549594,0.7399358945148394,0.6269147528246908,0.0368428571428571,13.42180588082227,0.0541928571428571,19.742388758782194,0.0559238095238095,20.37297250412004,1831257.725,0.2711395852268691,30060104.48000001,0.2192440747047062,55.354695384144925,27.40111738466777,78.65324673104558,36.07929515418504,36.44640234948606,-63.92070484581496,False,False,True,304,70,1,1,32743.4199,0,1.0,1,0,0.032422586520947094,1
1778198400000,0.2745,0.287,0.2676,0.2834,549291.49,2026-05-08,0.032422586520947,0.0319080663069946,0.032422586520947,0.0487633976715546,0.9316234044146144,0.0713774951044943,1.3636651292374242,0.1271712710974075,2.4296037228884813,,,0.2749,0.2756377590761199,0.27379,0.2710579112454723,0.256135,0.2574151194366169,,0.2343758174269526,,0.2236870859276169,0.1210443037974682,12.104430379746818,-0.2023641992682241,-20.236419926822407,0.5797101449275361,57.97101449275361,64.5116918844567,61.57989228007181,57.85098987456552,0.2685224886892879,0.2503453752073967,0.0181771134818911,0.01946812428018,-0.0012910107982888,-0.4555436832353195,0.256135,0.0437309871468974,0.3435969742937949,0.168673025706205,0.6829365318585506,0.6558677369230981,0.0329999999999999,11.64431898376852,0.0537928571428571,18.981248109688472,0.0508666666666666,17.948717948717945,1781381.4480000003,0.3083514149182943,30609395.97000001,0.2195634334423586,55.18205062317788,36.9501045787083,80.55249870602744,37.97814207650273,35.69902826926009,-62.02185792349727,True,False,False,304,70,1,1,32743.4199,0,1.0,1,0,0.020112914608327648,1
1778284800000,0.2834,0.2986,0.2775,0.2891,693659.71,2026-05-09,0.0201129146083276,0.0199133217657205,0.0201129146083276,0.0467972840753184,0.8940608569004187,0.0635959859305618,1.2149996052119851,0.126975422205215,2.4258620350568783,,,0.2796999999999999,0.2801251727530419,0.27129,0.2743386124284362,0.261075,0.2604632490054438,,0.2369269246788459,,0.2258405687445341,0.09053187476424,9.053187476423998,-0.0795924864692771,-7.959248646927719,0.5191802417235944,51.918024172359445,76.34252539912919,61.97808705952029,58.17963712700555,0.2716897162879331,0.2533018474197629,0.0183878688681702,0.0192520656692342,-0.000864196801064,-0.2989266001605188,0.261075,0.0414220621992931,0.3439191243985863,0.1782308756014136,0.6346385092298099,0.6691429549376604,0.0322999999999999,11.17260463507436,0.0533499999999999,18.45382220684883,0.0484666666666666,16.764671970483107,1772941.9265,0.3912478460980205,31303055.68000001,0.2200223562980681,54.93483704115424,48.17961165048557,80.51809005637318,40.57377049180329,38.21040257416368,-59.42622950819671,True,False,False,304,70,1,1,32743.4199,0,1.0,1,0,-0.060532687651331796,0
1778371200000,0.2891,0.3052,0.2624,0.2716,603217.48,2026-05-10,-0.0605326876513317,-0.0624422533377593,0.0605326876513317,0.046816630193073,0.8944304639611502,0.0574044482138164,1.0967104432243937,0.1245498243682413,2.379521053449269,,,0.27724,0.2772834484869864,0.2703,0.2738406429802299,0.263635,0.2615335888836941,,0.2385314221898307,,0.2273275240134452,-0.0433251144769284,-4.332511447692842,-0.0351687388987564,-3.516873889875654,0.232304900181488,23.230490018148817,54.38596491228071,57.41389375364857,47.74330042313117,0.2716759084087412,0.2546946755535219,0.0169812328552192,0.0187978864457623,-0.001816653590543,-0.6688709832632821,0.263635,0.0403440503015853,0.3443231006031707,0.1829468993968293,0.6121197914022847,0.5493567201387748,0.0356999999999999,13.14432989690721,0.0543214285714285,20.000525983589306,0.0492333333333333,18.12714776632302,1734476.5735,0.347780701807213,30699838.20000001,0.220366540965197,54.611867055348206,25.659664689008896,78.58518112763063,27.522037218413324,35.35798326223978,-72.47796278158668,True,True,False,304,70,1,1,32743.4199,0,1.0,1,0,0.008468335787923387,1
1778457600000,0.2716,0.2793,0.2648,0.2739,370962.39,2026-05-11,0.0084683357879233,0.0084326805844913,0.0084683357879233,0.0378108828827423,0.7223759031805714,0.0453273085672293,0.86597701425114,0.1245479208175607,2.379484686164578,,,0.2785,0.2761556323206778,0.27242,0.2738514358734734,0.2660349999999999,0.2627210759703874,,0.2401566311927871,,0.2288219306005175,0.0235426008968608,2.354260089686088,0.0838939453897902,8.389394538979026,0.2124833997343957,21.24833997343957,41.31944444444443,40.13130898645875,52.42848915338838,0.2720181890527093,0.2561535736336941,0.0158646154190151,0.0182112191572952,-0.00234660373828,-0.8567373998831814,0.2660349999999999,0.0393977327025968,0.3448304654051937,0.1872395345948062,0.5923691649985432,0.5499076943042054,0.0331428571428571,12.100349449747036,0.0407714285714285,14.885516090335363,0.0473666666666666,17.293416088596807,1716260.3565000002,0.2161457546898712,31070800.59000001,0.2205512802538238,49.85403913612519,6.167699052790488,64.981482348062,19.03628792385484,29.044031878023816,-80.96371207614517,False,False,True,304,70,1,1,32743.4199,0,1.0,1,0,-0.06863818912011677,0
1778544000000,0.2739,0.2758,0.2458,0.2551,497102.65,2026-05-12,-0.0686381891201167,-0.0711074511212667,0.0686381891201167,0.0473643441241713,0.9048945239221078,0.0500503704291032,0.9562109844239486,0.1258428305193891,2.404223901281466,,,0.27462,0.2691370881972741,0.2717,0.2704419009447427,0.267075,0.261989836196242,,0.240838694972613,,0.2296549013738592,-0.0706739526411658,-7.067395264116586,-0.0274494853221501,-2.744948532215015,0.0887750746905675,8.87750746905676,39.60066555740432,28.141361256544485,58.04463336875666,0.2694146653347416,0.2560736917070282,0.0133409736277133,0.017237152673452,-0.0038961790457387,-1.527314404444813,0.267075,0.0387856983273067,0.3446463966546135,0.1895036033453864,0.5808959779433758,0.4228130437478219,0.0259999999999999,10.192081536652289,0.0354999999999999,13.916111328890626,0.0474809523809523,18.612682234791208,1643769.5925,0.3024162585000489,30573697.940000013,0.2207319447291404,45.00038426212336,-27.85532783593232,35.90158555563835,9.205020920502086,18.587782020923417,-90.79497907949792,False,True,False,304,70,1,1,32743.4199,0,1.0,1,0,0.0011760094080752737,1
1778630400000,0.2551,0.26,0.2432,0.2554,410735.54,2026-05-13,0.0011760094080752,0.0011753184506732,0.0011760094080752,0.0414620877292507,0.7921320738278755,0.0485548198919243,0.927638531529972,0.1208311011433659,2.3084749459944733,,,0.26902,0.2645580587910013,0.27196,0.2677068897895106,0.269765,0.2613579931525348,0.218102,0.241499075491612,,0.2304613836754291,-0.0988002822865207,-9.88002822865207,0.0102848101265822,1.0284810126582242,0.2668650793650795,26.68650793650794,32.14953271028037,34.41317047265002,57.07762557077625,0.2672580545370634,0.2560227014425354,0.011235353094528,0.0160367756253135,-0.0048014225307855,-1.8799618366427315,0.269765,0.0357527220163577,0.3412704440327155,0.1982595559672844,0.5301313664316389,0.3995531026041344,0.0238857142857142,9.352276541000103,0.0312,12.216131558339857,0.0453333333333333,17.749934742886968,1518762.1385,0.2704409924293092,30984433.48000001,0.2208565468397637,40.24538047249164,-50.07351396765392,42.36655170258467,13.677811550151986,13.97304013150297,-86.32218844984801,False,True,False,304,70,1,1,32743.4199,0,1.0,1,0,-0.016836335160532623,0
1778716800000,0.2554,0.2571,0.2464,0.2511,329007.26,2026-05-14,-0.0168363351605326,-0.0169796774348997,0.0168363351605326,0.0354012672296992,0.6763402607682255,0.0459223855242911,0.8773459435525954,0.121071860838672,2.3130746535148083,0.1513937675538708,2.8923738679096718,0.26142,0.2600720391893105,0.27056,0.264687346819167,0.27202,0.2603750742690406,0.219836,0.2419318386651748,,0.2311005366333152,-0.1314424074714633,-13.144240747146329,-0.05281026027914,-5.281026027914,0.2189320388349513,21.893203883495147,16.973415132924373,40.5,53.53605160101359,0.2647717039967178,0.2556507131435112,0.0091209908532066,0.0146536028778512,-0.0055326120246445,-2.2033500695518105,0.27202,0.0328213601822126,0.3376627203644252,0.2063772796355748,0.4826315738873994,0.3406525515406767,0.0221857142857142,8.835409910678722,0.0295142857142857,11.753996700233255,0.0435238095238095,17.33325747662665,1495798.249,0.2199543021393121,30655426.22000001,0.2209515322952056,37.9806280353254,-63.691621282322224,44.17749654359387,9.321175278622071,10.734669249758715,-90.67882472137792,False,False,True,304,70,1,1,32743.4199,0,1.0,1,0,-0.12266029470330542,0
1778803200000,0.2511,0.2549,0.2187,0.2203,464149.27,2026-05-15,-0.1226602947033054,-0.1308610123552418,0.1226602947033054,0.0553028325591464,1.056559132518725,0.0511257278530235,0.97675565916099,0.1249791447689379,2.387723208187861,0.1493742163656167,2.85379039663346,0.25116,0.2468146927836328,0.2642,0.2566166829327257,0.272625,0.2565373209966729,0.22018,0.2409624601987975,,0.2307697509122666,-0.188880706921944,-18.888070692194407,-0.224022543148996,-22.40225431489961,0.0581171950048031,5.811719500480307,3.5135135135135016,39.99999999999999,49.39050936003483,0.2579287483098924,0.2529833843170886,0.0049453639928037,0.0127119373649209,-0.0077665733721172,-3.5254531875248336,0.272625,0.0316745269561321,0.3359740539122643,0.2092759460877357,0.4647340039414163,0.0870104068762584,0.0245857142857142,11.160106348485826,0.0287928571428571,13.069839828804874,0.0440571428571428,19.99870306724596,1469042.878,0.3159535211333702,30191276.95000001,0.2209965395521087,36.54776535886397,-123.9738416585503,46.13727323609063,1.3125512715340362,8.103846033436032,-98.68744872846597,False,True,False,304,70,1,1,32743.4199,0,1.0,1,0,-0.07580571947344528,0
1778889600000,0.2203,0.2301,0.1965,0.2036,511372.0,2026-05-16,-0.0758057194734452,-0.0788329691319297,0.0758057194734452,0.0494897600755595,0.9455005386581234,0.0527730566633174,1.008227831891307,0.1257464925855116,2.402383367639044,0.146285542832631,2.794781371640847,0.2371,0.2324097951823947,0.2578,0.2469770542425057,0.271765,0.2514704914476061,0.22107,0.2392974707876207,,0.229946539872616,-0.2566630156991601,-25.666301569916023,-0.2391629297458893,-23.916292974588934,-0.0778985507246377,-7.789855072463765,3.551912568305994,32.64340626848019,46.71798161214453,0.2495692853702308,0.2492623760023868,0.0003069093678439,0.0102309136354043,-0.0099240042675604,-4.874265357347941,0.271765,0.0333451373398061,0.3384552746796122,0.2050747253203877,0.4907936980818888,-0.0110565245642822,0.0263714285714285,12.952568060623069,0.0293357142857142,14.408504069604264,0.0443571428571428,21.786415941622224,1462230.5775,0.3497204940648288,29679904.95000001,0.2209444170975678,33.0221073113437,-180.158358793684,49.12527726944188,4.927133934767519,5.186953494974542,-95.07286606523247,False,True,False,304,70,1,1,32743.4199,0,1.0,1,0,-0.0201375245579567,0
1778976000000,0.2036,0.213,0.1931,0.1995,636426.91,2026-05-17,-0.0201375245579567,-0.0203430483464494,0.0201375245579567,0.051250630327305,0.9791419175815728,0.0497089845761752,0.9496888168615903,0.0655242155574636,1.251838380508302,0.1458393527706632,2.786256922476205,0.22598,0.2214398634515314,0.2503,0.2383446927298128,0.26564,0.2464985657051047,0.221562,0.2375334029144312,,0.2290336287070215,-0.217953743629949,-21.7953743629949,-0.2732240437158469,-27.322404371584703,-0.3804347826086957,-38.04347826086956,0.4000000000000199,33.720219914477696,49.760874516055566,0.2418653873369892,0.2455175867141273,-0.003652199377138,0.007454274800647,-0.0111064741777851,-5.567154976333394,0.26564,0.0348488676852975,0.3353377353705951,0.1959422646294049,0.5247533155443088,0.0255226037953601,0.0230999999999999,11.578947368421048,0.0294,14.736842105263156,0.0439142857142857,22.01217329036877,1009362.991,0.6305233257754742,29043478.04000001,0.2208318585245677,29.61615565207257,-183.60640938839995,48.91501296744335,4.338983050847468,3.526222752383008,-95.66101694915254,False,True,False,304,70,1,1,32743.4199,0,1.0,1,0,0.03809523809523818,1
1779062400000,0.1995,0.2146,0.1965,0.2071,538335.46,2026-05-18,0.0380952380952381,0.0373875320716204,0.0380952380952381,0.0615290646529637,1.1755111296495828,0.0505291670541892,0.965358381102277,0.0603936102434833,1.1538183036155432,0.1456011724651959,2.7817064941295477,0.2163199999999999,0.2166599089667004,0.24267,0.2326637480610145,0.25823,0.2427309946651094,0.221942,0.2361912668444998,,0.2283825981125189,-0.1891151135473766,-18.91151135473767,-0.2692307692307691,-26.92307692307692,-0.4171122994652406,-41.711229946524064,12.382445141065858,31.761006289308185,50.12434998869545,0.2365163192030447,0.2426299372443604,-0.0061136180413157,0.0047406835413166,-0.0108543015826323,-5.241092024448284,0.25823,0.0302309374473795,0.3186918748947591,0.1977681251052408,0.46827924636765,0.0771715639897236,0.0236142857142857,11.402359108781122,0.0283785714285714,13.702835069324689,0.0350523809523809,16.925340875123585,700099.235,0.7689416486792762,29581813.50000001,0.220758536753314,26.69435571425868,-160.48012790683785,47.42212512493739,9.49152542372882,6.252547469781269,-90.50847457627118,True,False,False,304,70,1,1,32743.4199,0,1.0,1,0,-0.030420086914534017,0
1779148800000,0.2071,0.2106,0.199,0.2008,621963.52,2026-05-19,-0.030420086914534,-0.0308923805839643,0.030420086914534,0.0605723674935715,1.1572334560832325,0.04742836398245,0.9061176215971596,0.0565043443673626,1.0795139833835927,0.1428669226331215,2.729468724435268,0.20626,0.211373272643739,0.2338399999999999,0.2268702630216799,0.252565,0.2387228140062107,0.222906,0.2346380726895505,,0.2275719052140048,-0.2003185981680605,-20.031859816806048,-0.3054306468350052,-30.54306468350052,-0.3607131486787647,-36.07131486787647,10.888252148997124,21.6382252559727,49.17114695340502,0.2310210253607882,0.2394892247912748,-0.0084681994304866,0.0020988970628593,-0.0105670964933459,-5.262498253658353,0.252565,0.0298233267056088,0.3122116534112178,0.1929183465887822,0.4723271507233209,0.0660695358453709,0.0209857142857142,10.451052931132608,0.0234928571428571,11.699630051223677,0.0306619047619047,15.269872889394795,643517.4615,0.9665060502791036,28959849.98000001,0.2206598944520754,27.543493107992223,-148.4631410713777,26.045893905833097,6.868867082961651,6.899791852512646,-93.13113291703836,False,False,True,304,70,1,1,32743.4199,0,1.0,1,0,-0.0014940239043824688,0
1779235200000,0.2008,0.2056,0.1977,0.2005,412226.07,2026-05-20,-0.0014940239043824,-0.0014951410709502,0.0014940239043824,0.0415915870104342,0.7946061541210092,0.0475338933566274,0.9081337574599448,0.0531010779589538,1.0144946699451194,0.1410855914085171,2.6954364391742263,0.2023,0.2077488484288267,0.22673,0.2220756180800105,0.2485149999999999,0.2350703830964377,0.2243,0.2331468417391614,,0.2267837800391034,-0.0898774398547435,-8.987743985474346,-0.261782032400589,-26.178203240058902,-0.2877442273534635,-28.77442273534635,11.550151975683889,24.29118773946361,47.66182907164249,0.2263251391788579,0.236564751477026,-0.010239612298168,-0.0003688121955833,-0.0098708001025847,-4.923092320491155,0.2485149999999999,0.0311572121413496,0.3108294242826992,0.1862005757173007,0.5014942702267408,0.1147360699171965,0.0197142857142857,9.83256145350908,0.0217999999999999,10.872817955112216,0.0273714285714285,13.651585322408264,631023.604,0.6532656898837654,28547623.91000001,0.2205868473558769,28.74974231832776,-131.60659268871862,26.73631933544283,6.601248884924189,7.653880463871553,-93.3987511150758,False,True,False,304,70,1,1,32743.4199,0,1.0,1,0,-0.015461346633416584,0
1779321600000,0.2005,0.2033,0.1912,0.1974,375916.79,2026-05-21,-0.0154613466334165,-0.0155821197472427,0.0154613466334165,0.0266943503595718,0.509994847531468,0.0460262704304248,0.8793306618975185,0.0490176121046909,0.9364801643402656,0.139807404712006,2.671016716625324,0.20106,0.2042992322856734,0.21908,0.2175891025106819,0.24575,0.2314718855242048,0.225236,0.2315922796824847,,0.2259362417369596,-0.0304518664047152,-3.045186640471518,-0.2792990142387732,-27.929901423877325,-0.2188365650969529,-21.88365650969529,19.947506561679774,19.57379636937648,31.45833333333333,0.2218748420581261,0.233629851081043,-0.0117550090229169,-0.002646057013968,-0.0091089520089488,-4.614464036954852,0.24575,0.0331559235003024,0.3120618470006048,0.1794381529993951,0.5396691515817282,0.1354346758011507,0.0199142857142857,10.088290635403096,0.0210499999999999,10.663627152988854,0.0263142857142857,13.330438558402086,609008.9715,0.6172598559165889,28171707.12000001,0.2205071340833602,29.445416085446286,-119.01306240928884,27.700688240599632,5.438596491228054,6.302904153037964,-94.56140350877196,False,True,False,304,70,1,1,32743.4199,0,1.0,1,0,-0.04863221884498481,0
1779408000000,0.1974,0.209,0.185,0.1878,496571.97,2026-05-22,-0.0486322188449848,-0.0498545602252186,0.0486322188449848,0.0328338118813931,0.6272890952120009,0.0446327331322772,0.8527071691986841,0.0482730828749356,0.922255953378127,0.1398548447748797,2.671923057753925,0.19872,0.1987994881902245,0.2123499999999999,0.2121728629847265,0.242025,0.2273012893329231,0.2261099999999999,0.2296959387983182,,0.2248461063974635,-0.0586466165413535,-5.864661654135346,-0.2638181105448843,-26.381811054488438,-0.2840259245139153,-28.40259245139153,24.51612903225805,12.480376766091055,23.18283701569004,0.2166322838410468,0.2301984482200655,-0.0135661643790187,-0.0048300826707401,-0.0087360817082785,-4.651800696633952,0.242025,0.035313466568048,0.312651933136096,0.1713980668639039,0.5836333695783167,0.1161167022819041,0.0181714285714285,9.675947056138746,0.0213785714285714,11.383690856534308,0.0252523809523809,13.446422232364723,585059.4015,0.8487547909269858,27675135.150000013,0.2203875138259778,30.78304507946867,-108.81470856695796,19.203318099311787,2.329450915141428,4.789765430431224,-97.67054908485858,True,True,False,304,70,1,1,32743.4199,0,1.0,1,0,0.023961661341852958,1
1779494400000,0.1878,0.1984,0.1854,0.1923,436244.5,2026-05-23,0.0239616613418529,0.0236790858205714,0.0239616613418529,0.0276938409438314,0.5290900883319554,0.0468817341020262,0.8956742723952591,0.0487820700308484,0.931980139338028,0.1398539210752158,2.671905410496625,0.19576,0.1966329921267574,0.20604,0.2085595938442859,0.2389999999999999,0.2239595913395657,0.227066,0.2280831712448579,,0.2239238669798461,-0.0714630613230323,-7.146306132303239,-0.2470634299138606,-24.706342991386062,-0.2393196202531646,-23.931962025316466,38.53503184713375,11.64817749603803,27.90275761973875,0.2128886895040339,0.2273631548149669,-0.0144744653109329,-0.0067589621547779,-0.007715503156155,-4.012222130085811,0.2389999999999999,0.0368976108198151,0.3127952216396303,0.1652047783603696,0.6175332354780783,0.1835838489106142,0.0152285714285714,7.919173909813532,0.0208,10.816432657306294,0.0246333333333333,12.80984572716242,583467.9075,0.747675226679027,28111379.650000013,0.2202758270223877,33.53767529186681,-98.44974112035256,7.380020816358041,6.073211314475873,4.613752906948451,-93.92678868552412,False,False,True,304,70,1,1,32743.4199,0,1.0,1,0,-0.06136245449818001,0
1779580800000,0.1923,0.1927,0.1773,0.1805,322546.09,2026-05-24,-0.06136245449818,-0.0633258748217985,0.06136245449818,0.0347295576765329,0.6635072677738992,0.0479185883545058,0.915483345074794,0.0477238142902839,0.911762191802737,0.138968370565478,2.6549869917633813,0.1916999999999999,0.1912553280844074,0.19898,0.2034578248735356,0.23477,0.2198113258759507,0.22737,0.2260390556409503,,0.2227038035421021,-0.1010956175298805,-10.109561752988052,-0.281162883313421,-28.11628833134209,-0.3191248585439457,-31.91248585439457,12.640449438202252,12.199170124481313,30.180533751962315,0.2079056271681542,0.2238597740156473,-0.0159541468474931,-0.0085980013479764,-0.0073561454995167,-4.07542686953835,0.23477,0.038559879613265,0.31188975922653,0.15765024077347,0.6569813794482259,0.1481446483735223,0.0145857142857142,8.080728136129792,0.0188428571428571,10.439256034823902,0.0244619047619047,13.55230180714945,565576.4140000001,0.5702962181870618,27788833.560000014,0.2201690332225979,36.58776370209275,-102.03524802106637,7.96017447670566,3.137254901960766,3.8466390438593554,-96.86274509803924,False,True,False,304,70,1,1,32743.4199,0,1.0,1,0,-0.04321329639889193,0
1779667200000,0.1805,0.1845,0.1715,0.1727,393607.96,2026-05-25,-0.0432132963988919,-0.0441747926203026,0.0432132963988919,0.0339962714367352,0.6494978538333028,0.0362772159048421,0.6930752367091073,0.0431457464348658,0.824298328233738,0.1372117349536263,2.6214265155215077,0.18614,0.1850702187228635,0.19422,0.197865470983869,0.22921,0.2153154559691161,0.226956,0.2237562190915717,,0.2213104237644606,-0.1386533665835412,-13.865336658354124,-0.2160689968225148,-21.60689968225148,-0.3916872138076788,-39.16872138076787,12.129380053908363,9.841269841269863,32.891360136869125,0.2024892048176755,0.2200378006559914,-0.0175485958383158,-0.0103881220017895,-0.0071604738365263,-4.146192146222531,0.22921,0.0391159396773505,0.307441879354701,0.1509781206452989,0.6826218695057024,0.1388301005541146,0.0138571428571428,8.023823310447508,0.0187357142857142,10.848705434692697,0.0235380952380952,13.629470317368405,481743.694,0.8170484946711104,27395225.600000013,0.2200138885215425,43.10498601962387,-105.87063717695436,8.14594979943287,1.1505273250239494,3.4536645138201965,-98.84947267497604,False,True,False,304,70,1,1,32743.4199,0,1.0,1,0,-0.07180081065431376,0
1779753600000,0.1727,0.1737,0.1593,0.1603,420106.61,2026-05-26,-0.0718008106543137,-0.0745089255371255,0.0718008106543137,0.0375611545560711,0.7176048501985955,0.035651677429595,0.6811243409198658,0.0438527754621467,0.8378060988335615,0.1365851337325586,2.6094553160018745,0.17872,0.1768134791485092,0.1898899999999999,0.1910353632720949,0.223845,0.2100663002322573,0.2267359999999999,0.221050078030142,,0.2196239382459104,-0.1879432624113475,-18.794326241134748,-0.2126719056974459,-21.2671905697446,-0.4009715994020927,-40.09715994020927,9.146341463414627,10.36789297658865,28.44463229078613,0.1959983834980935,0.2155778131018996,-0.019579429603806,-0.0122263849645633,-0.0073530446392427,-4.587052176695396,0.223845,0.0408915185518183,0.3056280371036367,0.1420619628963633,0.7307113145581692,0.1115025667274079,0.0142571428571428,8.894037964530783,0.0176214285714285,10.992781392032796,0.0204142857142857,12.735050352018536,478998.5065,0.8770520247958227,26975118.990000013,0.2198051972989566,49.70278140443571,-115.68222731171252,8.518907330027758,0.9930486593843104,1.7602769621230088,-99.00695134061569,False,True,False,304,70,1,1,32743.4199,0,1.0,1,0,-0.03867747972551472,0
1779840000000,0.1603,0.1843,0.1524,0.1541,548425.01,2026-05-27,-0.0386774797255147,-0.0394453172894372,0.0386774797255147,0.037265752832351,0.7119612081912099,0.0359642906773096,0.6870968086314606,0.0423161270103733,0.8084484713837292,0.1367321962526373,2.612264941502957,0.1719799999999999,0.1692423194322988,0.18535,0.1843198249160796,0.217825,0.204727352690094,0.226388,0.2182046985361499,,0.217826778353773,-0.1794462193823216,-17.944621938232167,-0.2275689223057645,-22.75689223057645,-0.4386156648451731,-43.86156648451731,8.604206500956039,9.64143426294821,28.846978139734237,0.1895523317725155,0.2109906022379111,-0.0214382704653956,-0.0140687632212093,-0.0073695072441863,-4.782288931983328,0.217825,0.0418919898762221,0.3016089797524441,0.1340410202475558,0.7692779043034013,0.1197065346603986,0.0176857142857142,11.476777602669872,0.0186999999999999,12.134977287475662,0.0204285714285714,13.256697877074256,481593.43400000007,1.138771775696593,26426693.98000001,0.2195310449489367,54.79661658160422,-107.8273244781784,8.612419227753549,1.6236867239732375,1.255754236127166,-98.37631327602676,True,True,False,304,70,1,1,32743.4199,0,1.0,1,0,0.15898767034393257,1
1779926400000,0.1541,0.3,0.1507,0.1786,1380977.94,2026-05-28,0.1589876703439325,0.1475469261163286,0.1589876703439325,0.0960890672601549,1.8357790523721,0.0666881345392316,1.2740750214323224,0.0582312122510808,1.1125057479780085,0.1384342299565443,2.6447822497582694,0.16924,0.1723615462882103,0.1825,0.1832798544991205,0.212585,0.2022353070169015,0.226462,0.2165270082424527,,0.216759026841837,-0.0712428497139885,-7.1242849713988505,-0.1376146788990825,-13.761467889908255,-0.3697953422724064,-36.97953422724064,43.15476190476192,25.120109814687723,32.38289205702648,0.1878673252340241,0.2085750627048844,-0.0207077374708602,-0.0153965587379161,-0.005311178732944,-2.9737842849631004,0.212585,0.0397579555097569,0.2921009110195139,0.1330690889804861,0.7480858105653162,0.2863006311299143,0.0372857142857142,20.87665973444248,0.0285999999999999,16.013437849944008,0.0264619047619047,14.816296059297173,523177.7565,2.6395960509456406,27807671.920000013,0.2194125696332966,55.20409085105397,-15.110699553834538,26.79732927212825,18.6872069658406,7.101314116399382,-81.3127930341594,True,True,False,304,70,1,1,32743.4199,0,1.0,1,0,0.019036954087345848,1
1780012800000,0.1786,0.1981,0.1725,0.182,402789.03,2026-05-29,0.0190369540873458,0.0188580186343965,0.0190369540873458,0.0922493339166025,1.7624210498461323,0.0670699481816644,1.281369560828674,0.0581914768236073,1.111746603702047,0.1382891706509892,2.64201089561692,0.1695399999999999,0.1755743641921479,0.18062,0.1830471532691082,0.2072299999999999,0.2003055241257155,0.226732,0.215068999166879,,0.2158198541355256,0.0083102493074791,0.8310249307479232,-0.0936254980079681,-9.36254980079682,-0.3704600484261502,-37.04600484261502,42.208774583963695,33.8123415046492,27.857453281182103,0.1869646451177197,0.2065942117884358,-0.0196295666707161,-0.0162431606645853,-0.0033864060061307,-1.8606626407311988,0.2072299999999999,0.0359389701987604,0.2791079403975209,0.135352059602479,0.6937020740001056,0.3244941364453025,0.0375142857142857,20.61224489795918,0.0278428571428571,15.298273155416007,0.0267571428571428,14.701726844583984,508634.2225,0.7919031244501052,28210460.95000001,0.2192883936357176,56.6738175548159,-66.37420557443693,27.405273805319823,20.964501004688543,13.75846489816746,-79.03549899531146,False,False,True,304,70,1,1,32743.4199,0,1.0,1,0,0.11538461538461542,1
1780099200000,0.182,0.2158,0.1747,0.203,815999.03,2026-05-30,0.1153846153846154,0.109199291964992,0.1153846153846154,0.0986301827611464,1.884326995851956,0.0776526047400813,1.483550930492629,0.0648617588809879,1.2391821634749385,0.1389104945578883,2.653881272190931,0.1756,0.1847162427947798,0.18087,0.1866749488389164,0.2038,0.2005624553718746,0.2275519999999999,0.2145608792256989,,0.215475949799333,0.1754487550665895,17.54487550665896,0.0124688279301745,1.2468827930174575,-0.2525773195876288,-25.25773195876289,64.9402390438247,49.75530179445351,36.24361158432709,0.1894316567760738,0.2063264307993132,-0.0168947740232394,-0.0163734833782002,-0.0005212906450391,-0.2567934212015574,0.2038,0.0325896980816431,0.2689793961632863,0.1386206038367137,0.6396407866858324,0.4938630913517833,0.0415285714285714,20.45742434904996,0.0283785714285714,13.979591836734691,0.0277095238095238,13.650011728829462,519273.3,1.5714249702420673,29026459.98000001,0.2191362022600937,60.44188377540843,-27.990820342691453,37.07853811602861,35.03014065639653,24.89394954230856,-64.96985934360347,True,False,False,304,70,1,1,32743.4199,0,1.0,1,0,0.0019704433497536034,1
1780185600000,0.203,0.2337,0.1926,0.2034,948003.24,2026-05-31,0.0019704433497536,0.0019685045726721,0.0019704433497536,0.0825737855564324,1.5775699579760911,0.0773667498170243,1.4780896798558134,0.064767397579814,1.237379393347296,0.1387021519095511,2.649900891483334,0.18422,0.1909441618631932,0.18147,0.1897158708359116,0.2002749999999999,0.2008329973351064,0.228166,0.2140923442555663,,0.2151542609010454,0.2688708671241422,26.88708671241422,0.0303951367781154,3.039513677811553,-0.257393209200438,-25.73932092004381,72.60677466863034,51.64003364171572,34.42838370565046,0.1915806577057265,0.2061084953273586,-0.014527837621632,-0.0160043541319797,0.0014765165103476,0.7259176550381983,0.2002749999999999,0.028113788993641,0.2565025779872821,0.1440474220127178,0.5615037122684523,0.5277888547920991,0.0451999999999999,22.22222222222221,0.0298928571428571,14.696586599241463,0.0276285714285714,13.583368450625086,548125.3425,1.7295373274954895,29974463.220000014,0.2190607087604584,64.66494361488863,18.50962637764676,47.97409039168615,35.29805760214334,30.430899754409467,-64.70194239785666,True,False,False,304,70,1,1,32743.4199,0,1.0,1,0,-0.02704031465093415,0
1780272000000,0.2034,0.2052,0.1902,0.1979,546477.45,2026-06-01,-0.0270403146509341,-0.0274126310059395,0.0270403146509341,0.0795093584652327,1.5190241606033792,0.0759748868005588,1.4514981742636028,0.0635370000068466,1.21387268072173,0.1385151019847403,2.6463273076875238,0.19298,0.1932627745754637,0.18248,0.1912038957632307,0.197415,0.2005533840834765,0.228418,0.2134144617717467,,0.2146977490642183,0.2842310188189487,28.42310188189488,0.0537806176783812,5.378061767838125,-0.2242257938063504,-22.42257938063505,80.81967213114753,46.06164383561644,30.99155180080037,0.1925528738013933,0.2054974397862789,-0.0129445659848856,-0.0153923963766885,0.0024478303918029,1.2369026739782394,0.197415,0.024977448249424,0.2473698964988482,0.1474601035011518,0.5060901805723799,0.5048543789897669,0.0454857142857142,22.98419114993142,0.0296714285714285,14.993142279650614,0.0276523809523809,13.972905989075771,550594.0825,0.9925232896050966,29427985.77000001,0.2189608479257368,68.55332088360434,-14.976395897770002,41.05505558977461,31.61419959812457,33.980799285554816,-68.38580040187541,False,True,False,304,70,1,1,32743.4199,0,1.0,1,0,-0.010611419909044906,0
1780358400000,0.1979,0.22,0.1887,0.1958,630287.88,2026-06-02,-0.0106114199090449,-0.0106681225121099,0.0106114199090449,0.0560663670885688,1.071146439221177,0.0759405435011396,1.450842046449473,0.0634752262812114,1.212692495350579,0.1382568231320092,2.6413928971345446,0.1964199999999999,0.1941085163836429,0.18283,0.1920395517420095,0.194435,0.2001002700577619,0.2288239999999999,0.2126789912546622,,0.214201059883516,0.0963045912653974,9.63045912653975,0.0182007280291212,1.820072802912118,-0.2333594361785435,-23.335943617854348,86.6432337434095,47.7797513321492,28.9200180750113,0.1930524358472061,0.2047758098666823,-0.0117233740194762,-0.0146585917844981,0.0029352177650219,1.4990897676312516,0.194435,0.0209213131066214,0.2362776262132429,0.152592373786757,0.4304022034432375,0.5163111176751137,0.0478999999999999,24.46373850868232,0.0310785714285714,15.87261053553188,0.0277142857142857,14.154384940901792,561571.6994999999,1.1223640375061317,28797697.89000001,0.2188669131449468,68.25358751978767,12.669646812452282,49.06145624134009,30.20763563295379,32.3732976110739,-69.79236436704622,True,True,False,304,70,1,1,32743.4199,0,1.0,1,0,0.05720122574055142,1
1780444800000,0.1958,0.2118,0.1834,0.207,493157.97,2026-06-03,0.0572012257405514,0.0556250631689589,0.0572012257405514,0.058490772845161,1.1174646461650777,0.0737802103861555,1.4095689402396252,0.0652710857927873,1.247002343144483,0.1384068407065452,2.6442589788717643,0.20142,0.1984056775890966,0.18548,0.1947596350091738,0.1922299999999999,0.2007579266248781,0.229374,0.212442472162786,,0.214013013293111,0.1373626373626373,13.736263736263735,0.1468144044321329,14.681440443213296,-0.1756272401433691,-17.56272401433692,82.56880733944953,52.63157894736841,34.9767441860465,0.1951982301003598,0.2049412654926736,-0.0097430353923138,-0.0136754803766441,0.0039324449843303,1.899731876488092,0.1922299999999999,0.0164892979646936,0.2252085959293872,0.1592514040706127,0.3431160165363082,0.7239331236482152,0.0473999999999999,22.89855072463768,0.0325428571428571,15.72118702553485,0.0282666666666666,13.65539452495974,569779.235,0.8655246448214281,29290855.86000001,0.2187909037084926,67.78094588860945,25.164254734401077,48.57003762512412,37.709310113864696,33.17704844831436,-62.2906898861353,False,True,False,304,70,1,1,32743.4199,0,1.0,1,0,-0.08405797101449275,0
1780531200000,0.207,0.22,0.1864,0.1896,368211.4,2026-06-04,-0.0840579710144927,-0.0878022034444476,0.0840579710144927,0.0509980024406301,0.974315468583508,0.0784150914631711,1.4981182188832056,0.0621886107858145,1.1881117408250703,0.1390527168215974,2.6565984247239145,0.1987399999999999,0.1954704517260637,0.18717,0.1938215190547143,0.190695,0.1996944777470661,0.229566,0.2114934354479891,,0.2133794968648056,-0.0660098522167489,-6.600985221674888,0.0978575564562824,9.785755645628257,-0.1393554244212438,-13.93554244212438,56.59722222222222,47.16981132075472,31.68187744458932,0.194336958784811,0.2038004011715986,-0.0094634423867876,-0.0128330726899569,0.0033696303031693,1.777231172557683,0.190695,0.0151099644710309,0.2209149289420619,0.160475071057938,0.3169451631354987,0.4818828164338281,0.0308714285714285,16.282399035563586,0.0340785714285714,17.973930078360453,0.0293571428571428,15.48372513562387,564982.3415,0.6517219618270141,28922644.460000016,0.2187281184773331,67.60483424551286,25.13966480446922,48.60093181420703,26.05492297387809,31.3239562402322,-73.94507702612191,True,False,False,304,70,1,1,32743.4199,0,1.0,1,0,-0.07647679324894507,0
1780617600000,0.1896,0.1961,0.1709,0.1751,422935.64,2026-06-05,-0.076476793248945,-0.0795593505291151,0.076476793248945,0.0571288762942926,1.0914456490942344,0.0789824784854887,1.5089581327241668,0.0622285929384301,1.1888755987782522,0.1041912217469422,1.990570496498172,0.19308,0.1886803011507082,0.18865,0.1904176050201496,0.18927,0.1973505727518398,0.227124,0.2099849134235116,,0.2123922156803148,-0.13913470993117,-13.913470993117008,0.0923268870867124,9.232688708671247,-0.1399803536345776,-13.998035363457758,22.70058708414869,45.55010511562719,32.28520814880426,0.1913774117007995,0.2016666973441853,-0.0102892856433858,-0.01232431523778,0.0020350295943941,1.1622099339772678,0.18927,0.0151726242395908,0.2196152484791816,0.1589247515208183,0.3206556610047198,0.2665202838968132,0.0308142857142857,17.59810720404666,0.0341642857142857,19.51129966549726,0.0288333333333333,16.466780887112122,560560.5235,0.7544870219531254,28499708.82000001,0.2185923289035388,66.20660772378115,-77.41981959730997,49.212721604973495,16.342933690555935,26.702388926099573,-83.65706630944408,False,True,False,304,70,1,1,32743.4199,0,1.0,1,0,0.0,0
1780704000000,0.1751,0.1807,0.1721,0.1751,334784.31,2026-06-06,0.0,0.0,0.0,0.0585284848279279,1.118185132584198,0.0771747059470541,1.4744206868716985,0.0621461926021161,1.1873013425634,0.1016654987976189,1.942316627305024,0.18852,0.1841535341004717,0.19075,0.1876325849353943,0.18805,0.1952301824705092,0.225654,0.2085421443810893,,0.2114361242606155,-0.115209701869631,-11.520970186963106,0.1362751460090852,13.627514600908514,-0.1223057644110275,-12.23057644110276,22.09072978303746,43.77713458755427,32.195121951219505,0.1888731838027312,0.1996921547465154,-0.0108189709437842,-0.0120232463586888,0.0012042754149046,0.6877643717330855,0.18805,0.0152873012316562,0.2186246024633124,0.1574753975366875,0.3251752455550383,0.2882229210414241,0.0261714285714285,14.94656114873133,0.0338499999999999,19.33181039406053,0.0276428571428571,15.78689728318511,545478.3935,0.6137444012253072,28499708.82000001,0.2184721861096693,63.41586018495506,-92.64252510316678,49.99997542507867,16.342933690555935,19.580263451663324,-83.65706630944408,False,False,True,304,70,1,1,32743.4199,0,1.0,1,0,0.017704169046259155,1
1780790400000,0.1751,0.1807,0.174,0.1782,350540.87,2026-06-07,0.0177041690462591,0.0175492757449026,0.0177041690462591,0.0613053473221593,1.1712370160458836,0.0586953994183529,1.1213740313567089,0.0615712320721403,1.1763167370617906,0.0935528427998328,1.787324552093026,0.185,0.1821690227336476,0.19071,0.1859175689937051,0.186605,0.1936073683779406,0.22563,0.2072899376000033,,0.2105889661022607,-0.0898876404494382,-8.988764044943823,-0.0022396416573349,-0.223964165733489,-0.1395461129888943,-13.95461129888943,29.60662525879916,49.11196911196911,33.74944271065537,0.1872311495813418,0.1980951714257831,-0.0108640218444412,-0.0117914014433382,0.000927379598897,0.5204150386627495,0.186605,0.0147482193394402,0.2161014386788806,0.1571085613211194,0.3161377099100303,0.3575251729284532,0.0212571428571428,11.92881192881192,0.0332285714285714,18.64678531345198,0.0270142857142857,15.159531826198492,536088.6640000001,0.6538859959926329,28850249.690000016,0.2183520167135763,61.04453052786536,-72.87308228730822,53.899539172589165,18.41929002009377,17.03505246706855,-81.58070997990623,False,False,False,304,70,1,1,32743.4199,0,1.0,1,0,0.06509539842873169,1
1780876800000,0.1782,0.1904,0.1744,0.1898,407804.56,2026-06-08,0.0650953984287316,0.0630643711391184,0.0650953984287316,0.0637509582888394,1.217960347959675,0.0619573714111098,1.1836939187744384,0.0632387401088368,1.2081744333712112,0.093608831036052,1.788394205844083,0.18156,0.1847126818224319,0.19149,0.1866234657083113,0.186055,0.1932445814564668,0.22562,0.2065696151145366,,0.2100620710308001,-0.0830917874396135,-8.30917874396135,0.0428571428571429,4.285714285714287,-0.0547808764940239,-5.478087649402395,44.80968858131487,56.414103525881465,42.56460263286201,0.18762635854859,0.197478937886609,-0.009852579338019,-0.0114036370055478,0.0015510576675288,0.8172063580236107,0.186055,0.0143917913372438,0.2148385826744877,0.1572714173255122,0.3094093969470072,0.5650544451389536,0.0213999999999999,11.275026343519489,0.0334428571428571,17.62005118169502,0.0269142857142857,14.180340207737466,525380.7159999999,0.776207705347145,29258054.25000001,0.2182377803256243,59.06471091386284,-27.345728134269013,58.51431345626656,26.188881446751505,20.317035052467077,-73.81111855324849,True,False,False,304,70,1,1,32743.4199,0,1.0,1,0,-0.052687038988408874,0
1780963200000,0.1898,0.1898,0.1716,0.1798,387127.77,2026-06-09,-0.0526870389884088,-0.0541257641383076,0.0526870389884088,0.0564480811716196,1.0784390765382073,0.0507443347387887,0.969469153944579,0.0642882193610874,1.228224706332699,0.0912308269127276,1.7429625008590184,0.1796,0.1830751212149545,0.18917,0.1853828353379375,0.18502,0.1919635687657156,0.2248079999999999,0.2054692763010274,,0.2092993086558341,-0.0516877637130801,-5.168776371308019,-0.1142857142857144,-11.42857142857144,-0.1032418952618454,-10.32418952618455,25.97173144876324,57.44843391902215,44.002016129032256,0.1864223002666107,0.1961658822068548,-0.0097435819402441,-0.0110716259810298,0.0013280440407856,0.7386229370331968,0.18502,0.0140382784969498,0.2130965569938998,0.1569434430061002,0.3034975353356369,0.4070398838231093,0.0195285714285714,10.861274431908466,0.0337142857142857,18.75099316701096,0.0272285714285714,15.143810583187667,524125.8010000001,0.7386161285351414,28870926.48000001,0.2181156359979983,57.6151832259094,-47.67198088830373,58.48594353320616,19.49095780308104,21.366376423308772,-80.50904219691897,False,True,False,304,70,1,1,32743.4199,0,1.0,1,0,-0.022246941045606095,0
1781049600000,0.1798,0.1818,0.1733,0.1758,351432.21,2026-06-10,-0.022246941045606,-0.0224981367864431,0.022246941045606,0.044185193980304,0.844156945705679,0.050640143674945,0.9674785864648184,0.0643723293152579,1.229831624750838,0.0912069149513446,1.7425056634782456,0.17974,0.1806500808099697,0.18641,0.1836405013625318,0.18394,0.1904235543607568,0.223806,0.2042520482876653,,0.2084594887256208,0.0039977155910908,0.399771559109084,-0.1356932153392329,-13.5693215339233,-0.1094224924012157,-10.942249240121573,34.027777777777786,58.43045843045845,44.02420574886536,0.1847880966417081,0.1946535607537615,-0.0098654641120534,-0.0108303936005748,0.0009649294885214,0.5488791174752149,0.18394,0.0138655347041363,0.2116710694082727,0.1562089305917272,0.3015229901954196,0.3532332114539432,0.0166857142857142,9.49130505444498,0.0320428571428571,18.22688119616447,0.0272571428571428,15.50463188688444,522901.572,0.6720809973009606,28519494.27000001,0.2179954031782722,57.49690864334911,-61.59541751082246,59.53385022717244,16.811788345612868,20.83054253181514,-83.18821165438713,False,False,True,304,70,1,1,32743.4199,0,1.0,1,0,0.1313993174061432,1
1781136000000,0.1758,0.2117,0.1754,0.1989,510674.64,2026-06-11,0.1313993174061432,0.1234552006088497,0.1313993174061432,0.0728157552179672,1.3911430501233384,0.0677597016120966,1.29454728161413,0.0701152683153211,1.3395503202900805,0.0929760148571016,1.7763042697208196,0.1845,0.1867333872066465,0.18651,0.1864149560219243,0.184495,0.1912311323345978,0.223098,0.2040328691205202,,0.208221090383475,0.1359223300970873,13.592233009708732,0.0050530570995452,0.505305709954523,0.0591054313099042,5.910543130990416,72.97297297297298,57.97329143754909,48.0823199251637,0.1869591627255802,0.1949688332643276,-0.0080096705387474,-0.0102662489757499,0.0022565784370024,1.1345291287091306,0.184495,0.0142451275141631,0.2129852550283262,0.1560047449716737,0.3088458226870785,0.7528057398166129,0.0170714285714285,8.582920347626226,0.0239714285714285,12.0520002872944,0.0284095238095238,14.283320165673102,523606.7055,0.9753019482673528,29030168.91000001,0.2178995897637852,60.53564777513525,44.775183024231104,53.82633120643772,44.5859872611465,26.96291113661347,-55.4140127388535,True,False,False,304,70,1,1,32743.4199,0,1.0,1,0,-0.037204625439919536,0
1781222400000,0.1989,0.1992,0.1867,0.1915,351417.77,2026-06-12,-0.0372046254399195,-0.0379143772392258,0.0372046254399195,0.0786368797984251,1.5023554790786589,0.0688459828848674,1.3153006561904252,0.0705829811124212,1.3484859607320685,0.0909334852862701,1.7372817970618728,0.18716,0.1883222581377643,0.1860799999999999,0.1873395095710929,0.1844549999999999,0.1912567473146096,0.222896,0.2035205079996066,,0.207806224090098,0.074635241301908,7.4635241301908,-0.0219611848825331,-2.196118488253319,-0.0041601664066562,-0.4160166406656241,63.85135135135137,53.61766945925363,47.836202885062825,0.1876577541723981,0.1947113370571353,-0.0070535828847372,-0.0096237157461947,0.0025701328614575,1.342105932876029,0.1844549999999999,0.0142231640198963,0.2129013280397926,0.1560086719602073,0.3084365079807282,0.623829690604443,0.0152571428571428,7.967176426706447,0.0230357142857142,12.029093621782916,0.0278619047619047,14.549297525798826,519365.369,0.6766291920399492,28678751.14000001,0.2178258094090512,62.39307248335047,27.99048362084762,54.08973017767598,32.80254777070065,31.40010779248668,-67.19745222929934,False,False,True,304,70,1,1,32743.4199,0,1.0,1,0,0.024543080939947837,1
1781308800000,0.1915,0.1976,0.1856,0.1962,307765.08,2026-06-13,0.0245430809399478,0.024246738510562,0.0245430809399478,0.0743966121543942,1.421345279486566,0.0665610287480252,1.2716466687009944,0.069118341192718,1.3205040543557758,0.0909460538695965,1.7375219195091671,0.18844,0.1909481720918429,0.185,0.1889505079714765,0.18524,0.1917276752666412,0.2227,0.2032217331215771,,0.2075196977407829,0.0337197049525817,3.371970495258175,-0.0521739130434781,-5.217391304347815,0.0869806094182825,8.698060941828265,64.8026315789474,47.04347826086956,49.01960784313725,0.1889719475842272,0.1948218251523004,-0.0058498775680731,-0.008868948099902,0.0030190705318288,1.5387719326344678,0.18524,0.0144252118473919,0.2140904236947838,0.1563895763052162,0.3114923741609137,0.6899452173726928,0.0157428571428571,8.023882335808937,0.0209571428571428,10.681520314547834,0.0278142857142857,14.176496286588028,518626.3185,0.5934235672615601,28986516.220000014,0.2177632341369169,62.081333646087685,28.886016563741816,50.307610109019976,40.28662420382169,39.22505307855628,-59.71337579617831,False,True,False,304,70,1,1,32743.4199,0,1.0,1,0,-0.030581039755351758,0
1781395200000,0.1962,0.2004,0.1814,0.1902,333824.85,2026-06-14,-0.0305810397553517,-0.0310583970199728,0.0305810397553517,0.0703804550821543,1.344616706356673,0.0613004655471411,1.1711437498651165,0.0686978788335955,1.3124711322638345,0.0910584001549282,1.7396682922766888,0.19052,0.1906987813945619,0.18506,0.1891776883565192,0.186115,0.191582142685673,0.22234,0.2026911195905301,,0.2070941998406525,0.0578420467185762,5.784204671857631,0.0031645569620253,0.3164556962025407,0.1013317892298784,10.133178922987849,50.362318840579725,44.5273631840796,48.37983798379838,0.1891608789375128,0.194478844685711,-0.0053179657481981,-0.0081587516215304,0.0028407858733322,1.49357827199384,0.186115,0.0141527112894362,0.2144204225788724,0.1578095774211275,0.3041713196558305,0.5721593183888571,0.0174999999999999,9.200841219768655,0.0193785714285714,10.188523358870365,0.0279857142857142,14.713835060838212,515637.163,0.6474026194267926,28652691.37000001,0.2176889562449705,60.13306907503333,11.083669658454523,38.43686704510614,39.30753564154788,37.46556920535674,-60.69246435845211,True,True,False,304,70,1,1,32743.4199,0,1.0,1,0,-0.031019978969505813,0
1781481600000,0.1902,0.1966,0.1827,0.1843,335815.92,2026-06-15,-0.0310199789695058,-0.0315112854355123,0.0310199789695058,0.0715835961360244,1.3676026839160522,0.0563214338502825,1.0760194828614342,0.0668153862060817,1.2765061611139097,0.0907730576145024,1.7342168306962973,0.19222,0.1885658542630413,0.1859799999999999,0.1882908358762543,0.1873149999999999,0.1908884340788621,0.22161,0.2019428594672032,,0.2065368641758249,0.0483503981797495,4.83503981797496,0.0525414049114791,5.254140491147908,0.1497192763568309,14.971927635683093,54.40313111545989,44.38016528925619,49.19908466819221,0.1884130506972931,0.193723585838355,-0.0053105351410619,-0.0075891083202836,0.0022785731792216,1.2363392182429174,0.1873149999999999,0.0128016559372946,0.2129183118745893,0.1617116881254106,0.2733717200927778,0.4411208984453237,0.0171999999999999,9.332609875203463,0.0192999999999999,10.472056429734126,0.0280285714285714,15.208123401286718,511422.62849999993,0.6566309374791383,28316875.45000001,0.2176069450879449,58.5913353817806,-14.53301744757492,40.07162049265197,27.29124236252545,35.62846740263168,-72.70875763747455,False,False,True,304,70,1,1,32743.4199,0,1.0,1,0,-0.10417797069994572,0
1781568000000,0.1843,0.191,0.1561,0.1651,547539.0,2026-06-16,-0.1041779706999457,-0.1100135137496952,0.1041779706999457,0.0457406570067144,0.8738740250992426,0.066391969249969,1.2684167915257296,0.07076570957193,1.3519769830492097,0.063590471688145,1.2148942557585352,0.18546,0.1807439028420275,0.1849799999999999,0.1840743200608602,0.187865,0.1884318441903385,0.218472,0.2004460734929322,,0.2055283892573952,-0.1699346405228757,-16.993464052287578,-0.0571102227298686,-5.711022272986869,0.0713822193380921,7.138221933809222,41.93061840120662,38.884866039102086,44.1680960548885,0.1848264246262053,0.1916000129349903,-0.0067735883087849,-0.0074260043168034,0.0006524160080185,0.3951641478004572,0.187865,0.0114661641821779,0.2107973283643559,0.164932671635644,0.2441362506518613,0.003648307352341,0.0195857142857142,11.862940209396896,0.0195571428571428,11.845634680280346,0.0290047619047618,17.567996308153784,511378.3279999999,1.0707121714395376,27769336.45000001,0.2173977115891084,54.75072035947699,-139.3658516374571,28.983030179346287,14.08450704225353,26.89442834877563,-85.91549295774647,False,True,False,304,70,1,1,32743.4199,0,1.0,1,0,-0.04663840096910954,0
1781654400000,0.1651,0.1669,0.1494,0.1574,603396.29,2026-06-17,-0.0466384009691095,-0.0477610149427793,0.0466384009691095,0.0460126088788856,0.8790696583218401,0.0671768944308426,1.2834127660503418,0.0616872771001124,1.1785337742082365,0.061574822032185,1.1763853231521415,0.17864,0.172962601894685,0.1829,0.1792244434965027,0.186805,0.1854758332548094,0.2145139999999999,0.1986997376634487,,0.2043623472556032,-0.1780678851174933,-17.806788511749343,-0.1167227833894499,-11.672278338944995,-0.1187010078387458,-11.870100783874578,9.233791748526542,31.57503714710252,44.958533391532086,0.1806069718099593,0.1890630201691767,-0.0084560483592174,-0.0076320131264789,-0.0008240352327384,-0.5235293727690202,0.186805,0.0132144050187675,0.2132338100375351,0.1603761899624648,0.282956131126417,-0.0563057882333318,0.0208714285714285,13.260119803957156,0.0187785714285714,11.93047740061717,0.0283190476190476,17.99177104132631,472499.2455,1.2770312243810769,27165940.16000001,0.2171064658942993,51.204875087270686,-198.11033895587644,29.088595273991103,11.33144475920681,17.5690647213286,-88.6685552407932,False,True,False,304,70,1,1,32743.4199,0,1.0,1,0,-0.04002541296060991,0
1781740800000,0.1574,0.1625,0.145,0.1511,376304.62,2026-06-18,-0.0400254129606099,-0.0408484667046089,0.0400254129606099,0.0307497520374983,0.587473187800249,0.062091167003998,1.1862500799874405,0.061913490584072,1.1828555767510052,0.0599309362983454,1.1449789303051234,0.16962,0.16567506792979,0.17903,0.1741109081517118,0.18526,0.1822013458327346,0.211254,0.1967712740683684,,0.2030776070139555,-0.2298674821610601,-22.98674821610601,-0.2038988408851422,-20.38988408851422,-0.1697802197802197,-16.97802197802197,9.43775100401608,34.412955465587046,45.2548330404218,0.1760674350692512,0.1862471848050414,-0.0101797497357901,-0.0081415604507012,-0.0020381892850888,-1.348900916670323,0.18526,0.0154269211036056,0.2161138422072112,0.1544061577927887,0.333086928718679,-0.0535777322413354,0.0181857142857142,12.035548832372122,0.0176285714285714,11.666824241278244,0.0220428571428571,14.588257539945165,471175.025,0.798651456536772,26789635.54000001,0.2169109524827084,48.139004163909085,-188.74086239198863,29.54095606461624,9.145427286356854,11.520459695939069,-90.85457271364317,False,True,False,304,70,1,1,32743.4199,0,1.0,1,0,-0.04566512243547327,0
1781827200000,0.1511,0.1619,0.1365,0.1442,493721.42,2026-06-19,-0.0456651224354732,-0.0467406444278452,0.0456651224354732,0.0289984450394251,0.5540145145816707,0.0617299449412045,1.1793489421677164,0.0552029576504778,1.054651025067802,0.058680395822966,1.1210873880693195,0.16042,0.1585167119531933,0.17547,0.1686725610726725,0.1823199999999999,0.1785815713985657,0.208508,0.194644154847957,,0.2016635285903706,-0.2418506834910621,-24.18506834910621,-0.1979977753058954,-19.79977753058954,-0.2896551724137931,-28.96551724137932,0.0,36.6695427092321,46.375506528590726,0.1711647503602003,0.1831287230854851,-0.0119639727252848,-0.0089060429084506,-0.0030579298168342,-2.120617071313595,0.1823199999999999,0.017351098857968,0.217022197715936,0.1476178022840639,0.3806735159712157,-0.0492447526240453,0.0200285714285714,13.889439270853968,0.0176428571428571,12.234991083812163,0.0220333333333333,15.279704114655567,455061.1445,1.0849562217457132,26295914.12000001,0.2166350196092035,45.12155563894808,-181.97989561831892,29.64669775741872,10.23936170212764,10.238744582563774,-89.76063829787236,False,True,False,304,70,1,1,32743.4199,0,1.0,1,0,0.004854368932038833,1
1781913600000,0.1442,0.15,0.1386,0.1449,458599.21,2026-06-20,0.0048543689320388,0.0048426244757879,0.0048543689320388,0.0387508462064226,0.7403338772645379,0.0622211850359159,1.1887340709994378,0.0552548078479666,1.0556416216999194,0.0572398960962208,1.0935666794319163,0.15254,0.1539778079687955,0.17238,0.1643502771487016,0.179395,0.1753733226433793,0.2063519999999999,0.1926339300861326,,0.2003059471018244,-0.2137818773738469,-21.37818773738469,-0.1757679180887372,-17.576791808873725,-0.2876106194690265,-28.76106194690265,1.4989293361884393,37.049742710120064,47.87626962142198,0.1671240178683015,0.180293720459119,-0.0131697025908175,-0.0097587748474517,-0.0034109277433657,-2.3539874005284585,0.179395,0.018503100024762,0.216401200049524,0.1423887999504759,0.412566683012615,0.0339294502835118,0.0199428571428571,13.76318643399388,0.0178428571428571,12.313911071675046,0.0206190476190476,14.22984652798317,430590.943,1.0650461126861186,26754513.33000001,0.2163695101066491,42.10410711398705,-171.99511459156565,29.430464864337694,11.170212765957436,10.185000584813984,-88.82978723404257,False,False,True,304,70,1,1,32743.4199,0,1.0,1,0,-0.015182884748102143,0
1782000000000,0.1449,0.1462,0.1396,0.1427,457456.49,2026-06-21,-0.0151828847481021,-0.0152993248438459,0.0151828847481021,0.0226182044441123,0.4321201891610909,0.0342267056171586,0.6539002926687885,0.0551867022780942,1.0543404666144711,0.056832465797927,1.0857827345125175,0.14806,0.1502185386458636,0.16676,0.160413863052683,0.176635,0.1722611563058641,0.2039599999999999,0.1906184459565627,,0.1989338633446112,-0.1356753482737734,-13.56753482737735,-0.2825540472599296,-28.25540472599296,-0.2789287518948964,-27.89287518948964,1.6279069767441996,34.65859982713916,40.76170869788986,0.1633664753459123,0.1775060456265693,-0.0141395702806569,-0.0106349339361705,-0.0035046363444864,-2.455946982821587,0.176635,0.0196772183260913,0.2159894366521827,0.1372805633478173,0.4456017963844389,0.0688542018791938,0.0181714285714285,12.734007408148956,0.0178357142857142,12.498748623485833,0.0189761904761904,13.297961090532915,426139.895,1.0734890006015512,26297056.84000001,0.2161005054269013,38.682607355516325,-152.72631602025828,23.1864299866416,8.244680851063809,9.884751773049633,-91.75531914893618,False,False,True,304,70,1,1,32743.4199,0,1.0,1,0,-0.029432375613174355,0
1782086400000,0.1427,0.1473,0.1362,0.1385,442650.98,2026-06-22,-0.0294323756131743,-0.0298741988553974,0.0294323756131743,0.0203720066049585,0.3892066396993421,0.0341863795869742,0.6531298649438814,0.0552721204125217,1.055972377781328,0.0567779793039373,1.0847417715064696,0.14428,0.1463123590972424,0.16146,0.1564295242587047,0.17377,0.1690454142018662,0.201674,0.1885171990008709,,0.1975001813610072,-0.1200762388818297,-12.007623888182971,-0.2767624020887728,-27.67624020887728,-0.2926455566905004,-29.264555669050047,2.500000000000014,26.31578947368422,38.85187083546899,0.1595408626240708,0.1746138704284892,-0.0150730078044183,-0.011522548711504,-0.0035504590929143,-2.5635083703352484,0.17377,0.0208749182160398,0.2155198364320796,0.1320201635679204,0.4805183453079312,0.0776031355550492,0.0177714285714285,12.831356369262496,0.0174857142857142,12.625064466219696,0.0187904761904761,13.567130823448508,416758.05,1.0621294057787245,25854405.86000001,0.2158344316572633,36.005305106445164,-136.92774546077763,15.94157256943548,3.0463576158940717,7.48708374430511,-96.95364238410592,True,True,False,304,70,1,1,32743.4199,0,1.0,1,0,0.024548736462093768,1
1782172800000,0.1385,0.168,0.1333,0.1419,527675.46,2026-06-23,0.0245487364620937,0.0242522585386036,0.0245487364620937,0.0276906342893161,0.5290288252834602,0.0341874066875384,0.6531494876726067,0.0534569406421137,1.0212934169607089,0.0563670817385436,1.0768915845421372,0.1424399999999999,0.1448415727314949,0.15603,0.1537877925443138,0.170515,0.1664598501241658,0.19921,0.1866398116513875,,0.1961863214464657,-0.0608868299139643,-6.088682991396435,-0.2767584097859328,-27.67584097859328,-0.3144927536231884,-31.44927536231884,17.299578059071692,31.366764995083585,32.78873239436618,0.1568268830804135,0.1721884166673441,-0.0153615335869305,-0.0122903456877546,-0.0030711878991759,-2.1643325575587933,0.170515,0.0204926758418204,0.2115003516836408,0.1295296483163591,0.480724296204332,0.1509118645501146,0.0177428571428571,12.503775294472964,0.0186642857142857,13.153125943823618,0.0189523809523809,13.35615289103661,418483.9245,1.2609216964079584,26382081.32000001,0.2155492817984239,30.837298359289772,-94.49274232323616,23.556591692192143,10.969387755102035,7.420142074019977,-89.03061224489797,True,True,False,304,70,1,1,32743.4199,0,1.0,1,0,-0.01973220577871737,0
1782259200000,0.1419,0.1505,0.1332,0.1391,498726.38,2026-06-24,-0.0197322057787173,-0.0199294852365997,0.0197322057787173,0.021610925237187,0.4128761469335088,0.0343854470576956,0.6569330436319362,0.0511168396147104,0.9765858496064496,0.0551263421605386,1.053187288187758,0.14142,0.1429277151543299,0.15092,0.1511172847833523,0.16799,0.1638538888215309,0.196314,0.1847272894829792,,0.1948424881913006,-0.0353675450762829,-3.53675450762829,-0.268664563617245,-26.866456361724502,-0.2663502109704641,-26.63502109704641,20.297029702970264,31.74129353233829,32.12896053362978,0.1540996697219683,0.1697353587802552,-0.0156356890582869,-0.0129594143626734,-0.0026762746956134,-1.923993311008984,0.16799,0.0211189588060744,0.2102279176121488,0.1257520823878511,0.5028622848044386,0.1580087083685865,0.0177142857142857,12.734928622779082,0.0192928571428571,13.869775084728357,0.0184238095238095,13.24501044127212,425009.6735,1.173447126256998,25883354.940000013,0.2152551575375862,25.76076774704487,-105.60703254929912,23.368674348310197,7.515923566878968,7.177222979291696,-92.48407643312105,False,True,False,304,70,1,1,32743.4199,0,1.0,1,0,0.03666427030913,1
1782345600000,0.1391,0.1516,0.1362,0.1442,616150.03,2026-06-25,0.03666427030913,0.0360081259214513,0.03666427030913,0.0292877486352324,0.5595416520188692,0.0403590172212022,0.77105794136198,0.0501063448187121,0.9572803736358876,0.0551746094571245,1.0541094335942398,0.14128,0.1433518101028866,0.1469099999999999,0.149859596631048,0.166445,0.1619819200660541,0.193846,0.1830985323424692,,0.193654785268569,-0.0048309178743961,-0.4830917874396178,-0.2175800325556158,-21.758003255561583,-0.1764705882352941,-17.64705882352942,50.0,16.848484848484844,35.04178272980501,0.1525766433383154,0.1678423759078723,-0.0152657325695569,-0.0134206780044982,-0.0018450545650587,-1.2795107940768202,0.166445,0.0216938864781383,0.2098327729562766,0.1230572270437233,0.5213466665418202,0.2436489766089506,0.0174142857142857,12.076481077868037,0.0178,12.343966712898752,0.0175571428571428,12.175549831583115,434670.393,1.4175109230409444,26499504.970000014,0.214909831146931,24.696276431194853,-83.20658495123925,22.526905725880752,16.369047619047596,11.618119647009538,-83.63095238095241,True,False,False,304,70,1,1,32743.4199,0,1.0,1,0,0.0,0
1782432000000,0.1442,0.1559,0.1405,0.1442,524175.77,2026-06-26,0.0,0.0,0.0,0.0281669174187144,0.5381282016941026,0.0290845978555521,0.5556604618226886,0.0501063448187121,0.9572803736358876,0.0549455135976575,1.0497325633447236,0.1415799999999999,0.143634540068591,0.14482,0.1488305790551549,0.1649,0.1602882648580889,0.19124,0.1815367538878401,,0.1924991560572121,0.0105115627189908,1.05115627189909,-0.1265899454875833,-12.65899454875833,-0.1764705882352941,-17.64705882352942,48.02259887005648,18.508655126498,35.456595264937974,0.1512879287834131,0.166089824539676,-0.0148018957562629,-0.0136969215550658,-0.0011049742011971,-0.7662789189993967,0.1649,0.0221407697294056,0.2091815394588112,0.1206184605411887,0.5370714306708456,0.2662682886256219,0.0159857142857142,11.085793540717251,0.0180071428571428,12.487616405785616,0.0170904761904761,11.851925236113864,444139.966,1.1802040125341928,26499504.970000014,0.2146304471285773,23.08934596027467,-65.68346780023711,29.917701041036267,16.369047619047596,13.418006268324724,-83.63095238095241,True,False,False,304,70,1,1,32743.4199,0,1.0,1,0,0.04715672676837723,1
1782518400000,0.1442,0.1589,0.1415,0.151,437930.79,2026-06-27,0.0471567267683772,0.0460786119640756,0.0471567267683772,0.0273345191016557,0.5222252541761602,0.0320280890575523,0.6118957822764058,0.0513344430842205,0.9807431580541272,0.0552237974358453,1.0550491686082106,0.1440799999999999,0.1460896933790607,0.14418,0.1492250192290185,0.16354,0.1594036025092844,0.1885919999999999,0.1803118458733605,,0.1915328743188878,0.0902527075812273,9.02527075812273,-0.0406607369758578,-4.06607369758578,-0.1526374859708192,-15.263748597081934,68.60986547085206,20.725388601036254,33.815028901734095,0.1512436320418272,0.1649713126501907,-0.0137276806083635,-0.0137030733657291,-2.4607242634333903e-05,-0.0162961871750555,0.16354,0.0221161860231497,0.2077723720462994,0.1193076279537005,0.5409364320202945,0.3582486149863954,0.0168428571428571,11.154210028382211,0.0183928571428571,12.18070009460738,0.0175095238095238,11.595711132134976,448509.462,0.9764137149909224,26937435.760000013,0.2144110917528111,21.678722052002165,-48.38011463004965,30.361345137451977,26.488095238095223,19.74206349206348,-73.51190476190477,True,False,False,304,70,1,1,32743.4199,0,1.0,1,0,0.024503311258278204,1
1782604800000,0.151,0.1583,0.1453,0.1547,430929.08,2026-06-28,0.0245033112582782,0.0242079207640961,0.0245033112582782,0.027331692580344,0.5221712535623225,0.0303484946380426,0.579807175947561,0.049086526236537,0.9377967669805308,0.0552778096711476,1.056081070914758,0.14664,0.1489597955860404,0.14454,0.1502204702825694,0.161785,0.1589556102657235,0.1859039999999999,0.1792854092362669,,0.1906782202542052,0.0902043692741367,9.020436927413677,0.0238252812706816,2.382528127068161,-0.184931506849315,-18.493150684931503,87.1559633027523,26.30173564753004,39.04582548650346,0.1517753810161249,0.1642100038285303,-0.0124346228124053,-0.0134493832549382,0.0010147604425328,0.6559537443651489,0.161785,0.0213002909542776,0.2043855819085552,0.1191844180914448,0.526632035214083,0.4168438589030498,0.0177571428571428,11.478437528857697,0.0179642857142857,11.612337242589344,0.0178095238095238,11.51229722658294,449665.688,0.9583321376302122,27368364.84000001,0.2142044138993351,21.165064812456592,-36.28726971193709,36.739432218749954,33.91167192429022,25.58960492714435,-66.08832807570978,False,False,True,304,70,1,1,32743.4199,0,1.0,1,0,0.056884292178409845,1
1782691200000,0.1547,0.1765,0.1524,0.1635,541348.81,2026-06-29,0.0568842921784098,0.0553252327582876,0.0568842921784098,0.0220538217736484,0.421337673381702,0.0294764187630301,0.5631461897492815,0.050064310889878,0.9564773165530904,0.0556216143672386,1.0626494504108592,0.15152,0.1538065303906936,0.14647,0.1526349302396899,0.16097,0.1593884355992186,0.183742,0.1786533273194099,,0.1900497264774465,0.1754133716750539,17.541337167505393,0.1338418862690709,13.38418862690708,-0.0906562847608453,-9.065628476084528,89.70588235294119,36.6323907455013,46.22395833333333,0.1535791687175953,0.1641573808173277,-0.0105782120997324,-0.0128751490236686,0.0022969369239361,1.4048543877285526,0.16097,0.0208824554918347,0.2027349109836695,0.1192050890163304,0.5189154623056411,0.5302885836508697,0.0196142857142857,11.996505024027954,0.0186928571428571,11.43294014853648,0.018195238095238,11.128585990971311,457376.7400000001,1.183594972494666,27909713.65000001,0.2139944072006694,18.71103807754427,8.050089445438202,44.31798636817717,52.42214532871972,37.60730416370172,-47.57785467128028,True,False,False,304,70,1,1,32743.4199,0,1.0,1,0,-0.017737003058104106,0
1782777600000,0.1635,0.1701,0.1467,0.1606,452294.21,2026-06-30,-0.0177370030581041,-0.0178961888246469,0.0177370030581041,0.0313007203046459,0.5979994217641279,0.0309987496491224,0.5922302804908525,0.049985843723368,0.9549782034418358,0.0555808951600329,1.0618715110495058,0.1548,0.1560710202604624,0.14804,0.1540831247457342,0.16021,0.1595038290316361,0.181476,0.1779310300201573,,0.1893709598247162,0.1137309292649098,11.373092926490983,0.108350586611456,10.835058661145611,-0.0864618885096701,-8.646188850967018,89.37728937728933,46.34146341463415,45.36741214057508,0.1546592966910473,0.1638937313298199,-0.0092344346387725,-0.0121470061464576,0.002912571507685,1.8135563559682988,0.16021,0.0205888549309683,0.2013877098619367,0.1190322901380633,0.5140466869975248,0.5047355717608821,0.0179999999999999,11.207970112079696,0.0178714285714285,11.127913182707704,0.0184428571428571,11.483721757694362,462419.84,0.9781029507730464,27457419.44000001,0.2138028338339541,19.91504528043459,-7.983872044432043,45.24700685721598,63.27944572748267,49.8710876601642,-36.72055427251733,False,True,False,304,70,1,1,32743.4199,0,1.0,1,0,0.031133250311332628,1
1782864000000,0.1606,0.1769,0.1557,0.1656,469839.68,2026-07-01,0.0311332503113326,0.0306584404384981,0.0311332503113326,0.0287856165704278,0.549948432390698,0.0301388360573382,0.5758016543873906,0.039738443338138,0.7592018939732167,0.0551904562583817,1.05441218630716,0.1590799999999999,0.1592473468403083,0.15033,0.1561771020696245,0.158545,0.1600844456354518,0.179686,0.177438067781657,,0.188824852040271,0.1484049930651871,14.840499306518726,0.1604765241765942,16.047652417659428,-0.1674208144796379,-16.7420814479638,89.33823529411761,56.97278911564624,46.02272727272727,0.1563424819260661,0.1640201836850331,-0.0076777017589669,-0.0112531452687319,0.0035754435097649,2.1590842450271395,0.158545,0.0185398709755357,0.1956247419510715,0.1214652580489284,0.4677503794010726,0.5951328087626582,0.0185571428571428,11.206004140786746,0.0181357142857142,10.95151828847481,0.019047619047619,11.502185415228892,460378.09200000006,1.0205517772552912,27927259.12000001,0.2136302999048045,22.29384893284337,28.956670510472545,53.75544555714739,74.14187643020594,63.28115582880277,-25.858123569794067,True,False,False,304,70,1,1,32743.4199,0,1.0,1,0,0.01751207729468618,1
1782950400000,0.1656,0.1735,0.1606,0.1685,389015.91,2026-07-02,0.0175120772946861,0.0173605078412572,0.0175120772946861,0.0269476959798077,0.5148350088099621,0.0257107608311954,0.4912033959770744,0.0395307287370422,0.7552335120913202,0.0552889227856508,1.056293386669227,0.16258,0.1623315645602055,0.15333,0.1584176289703749,0.157395,0.1608859630899079,0.177948,0.1770810192350649,0.1980249999999999,0.1883593905612063,0.1158940397350993,11.589403973509944,0.2166064981949458,21.66064981949458,-0.1201044386422975,-12.010443864229762,90.36544850498336,65.70397111913357,42.88577154308618,0.1582128694260156,0.1643521728511305,-0.0061393034251148,-0.0102303768998001,0.0040910734746853,2.427936780228677,0.157395,0.0170408634263592,0.1914767268527185,0.1233132731472814,0.4330725480824495,0.6629172143769205,0.0181999999999999,10.801186943620172,0.0178071428571428,10.568037303942344,0.0179333333333333,10.642927794263104,462257.999,0.8415558212979675,28316275.03000001,0.213492762992868,24.378844419149072,46.06703722418715,59.76296743452724,80.7780320366133,72.73311806476731,-19.22196796338671,False,False,True,304,70,1,1,32743.4199,0,1.0,1,0,0.05400593471810078,1
1783036800000,0.1685,0.1793,0.1679,0.1776,424972.88,2026-07-03,0.0540059347181007,0.0525980807656531,0.0540059347181007,0.0305026689269703,0.5827526716017282,0.0278743800015146,0.5325392821859505,0.0412265286863357,0.7876317246319641,0.0559306656346791,1.0685538665848675,0.16716,0.167421043040137,0.1568999999999999,0.1619053327994432,0.156465,0.162477840973693,0.176478,0.1771017357844617,0.198157,0.1881137499465426,0.1480284421460891,14.802844214608925,0.2515856236786469,25.1585623678647,-0.0948012232415902,-9.480122324159025,91.04938271604937,78.99305555555556,49.26075268817205,0.1611955050392121,0.1653339066131305,-0.0041384015739184,-0.0090119818344252,0.0048735802605068,2.744133029564661,0.156465,0.0152221194665089,0.1869092389330179,0.126020761066982,0.3891507868599109,0.8471100073564045,0.0176285714285714,9.92599742599742,0.0168071428571428,9.46348133848134,0.0178809523809523,10.068103818103816,468118.389,0.9078320569884728,28741247.910000008,0.2133674898053106,28.50148532415383,95.69307927443111,66.97812904248718,96.31236442516273,83.744090963994,-3.687635574837268,True,False,False,304,70,1,1,32743.4199,0,1.0,1,0,0.041103603603603656,1
1783123200000,0.1776,0.1972,0.176,0.1849,502880.59,2026-07-04,0.0411036036036036,0.0402813078350095,0.0411036036036036,0.027479993928034,0.5250045468316903,0.0238506367866242,0.4556657760042205,0.0419176857242626,0.8008362613009525,0.0536726570329276,1.0254146728205185,0.1714399999999999,0.173247362026758,0.16148,0.1660861813867571,0.1562,0.1646133633956738,0.1757699999999999,0.1774128066259595,0.1979749999999999,0.188040600445177,0.1308868501529052,13.08868501529052,0.3292595255212078,32.925952552120776,-0.0278654048370137,-2.7865404837013665,91.9444444444444,81.15264797507788,52.99145299145299,0.1648423505629222,0.1667838119526664,-0.0019414613897441,-0.0075978777453046,0.0056564163555605,3.059175962985671,0.1562,0.0146388811766918,0.1854777623533837,0.1269222376466162,0.374875318225144,0.9901330855409964,0.0181714285714285,9.827706095959195,0.0175071428571428,9.46843853820598,0.0183190476190476,9.907543331015477,476571.176,1.0552056341737297,29244128.500000007,0.2132628081818557,33.01545836958,161.3031386571317,74.18031611949364,80.78125000000003,85.9572154872587,-19.21874999999997,True,False,False,304,70,1,1,32743.4199,0,1.0,1,0,-0.06706327744726892,0
1783209600000,0.1849,0.1897,0.1703,0.1725,430438.45,2026-07-05,-0.0670632774472689,-0.0694179019216648,0.0670632774472689,0.0479668181489545,0.9164047740039486,0.0383530258145363,0.732733529349265,0.0440182458360031,0.8409674058872706,0.0534414401364552,1.020997280215912,0.17382,0.172998241351172,0.16431,0.1672523302267596,0.15561,0.1653644966904072,0.175148,0.1772169679865173,0.198109,0.1876879181052605,0.0740971357409714,7.4097135740971325,0.1962552011095699,19.625520110957,-0.064026044492675,-6.402604449267502,61.36363636363632,70.0268817204301,40.66478076379067,0.1660204505159889,0.1672073861455715,-0.0011869356295825,-0.0063156893220265,0.0051287536924439,2.97319054634434,0.15561,0.0136512154847312,0.1829124309694625,0.1283075690305374,0.3509084373685828,0.8093131160901247,0.0190857142857142,11.06418219461697,0.0184214285714285,10.679089026915117,0.0183380952380952,10.630779848171152,481302.3025000001,0.8943203632398995,28813690.05000001,0.2131459601837123,36.74391109148786,122.21011184100712,73.4033904884249,61.40624999999999,79.49995480838759,-38.593750000000014,False,True,False,304,70,1,1,32743.4199,0,1.0,1,0,0.10144927536231885,1
1783296000000,0.1725,0.19,0.1636,0.19,443556.01,2026-07-06,0.1014492753623188,0.0966268356890717,0.1014492753623188,0.0620080862295801,1.1846628240208656,0.0455790222242105,0.8707859969154325,0.0429881641263106,0.8212877224560073,0.0553294544206223,1.0570677424680777,0.1787,0.1786654942341146,0.1688899999999999,0.1713882701891029,0.156855,0.1677108058877766,0.174958,0.1777262069275495,0.19826,0.1877402377571771,0.1473429951690821,14.734299516908218,0.317614424410541,31.7614424410541,0.1508176862507571,15.081768625075714,77.12177121771217,79.36145952109462,49.50495049504951,0.169709612080181,0.1688962922448991,0.0008133198352819,-0.0048898874904458,0.0057032073257278,3.0016880661725334,0.156855,0.0155637390650271,0.1879824781300542,0.1257275218699457,0.3968949428459944,1.0324074096448856,0.0194142857142857,10.218045112781953,0.0195142857142857,10.270676691729324,0.0189333333333333,9.964912280701752,476103.1530000001,0.931638463650334,29257246.06000001,0.2130387630288201,38.91163777120085,134.10326848685335,79.64720123422222,88.75000000000001,76.97916666666667,-11.24999999999998,True,True,False,304,70,1,1,32743.4199,0,1.0,1,0,0.0015789473684211242,1
1783382400000,0.19,0.1939,0.176,0.1903,623693.87,2026-07-07,0.0015789473684211,0.0015777021416177,0.0015789473684211,0.0631703547793713,1.2068679334862404,0.0458281228328035,0.8755450573603638,0.0410771420470722,0.7847776968962,0.055063325044383,1.0519833478740688,0.18306,0.1825436628227431,0.17282,0.1748267665207869,0.1585,0.1698622164333157,0.174622,0.1782267993200691,0.1982819999999999,0.1877979988390635,0.1293768545994065,12.937685459940642,0.2602649006622517,26.026490066225165,0.2090216010165182,20.90216010165183,74.94949494949493,78.60520094562645,47.994561522773616,0.1728773641442169,0.1704822427551623,0.0023951213890546,-0.0034328857144485,0.0058280071035031,3.062536575671649,0.1585,0.0172695655630615,0.1930391311261231,0.1239608688738768,0.435824998436885,0.9603474228097844,0.0186285714285714,9.789054875760073,0.0183142857142857,9.62390210945124,0.0181238095238095,9.523809523809524,477118.032,1.3072108538542933,29880939.93000001,0.2129152276402213,42.48053596095212,138.5635787278072,80.35147096740077,89.21875000000001,79.79166666666667,-10.781249999999988,True,False,False,304,70,1,1,32743.4199,0,1.0,1,0,-0.09774040987913823,0
1783468800000,0.1903,0.1929,0.1715,0.1717,619000.26,2026-07-08,-0.0977404098791382,-0.102853006398674,0.0977404098791382,0.0805437156354708,1.538785526593674,0.0599170493746444,1.1447136210003384,0.046473560237573,0.8878761216643313,0.0566174901653079,1.0816756308181488,0.18188,0.1789291085484954,0.17452,0.1742582635166787,0.15953,0.1700372477623382,0.17404,0.1779671069794357,0.1984729999999999,0.1874357481130197,-0.0332207207207208,-3.322072072072081,0.1098901098901097,10.98901098901098,0.1363335539377894,13.63335539377894,52.453987730061336,66.23505976095616,44.20788979336255,0.1726962311952576,0.1705724728438991,0.0021237583513585,-0.0023215569012277,0.0044453152525863,2.589001311931476,0.15953,0.0174186560603109,0.1943673121206219,0.124692687879378,0.4367493527314228,0.6746690438955529,0.0186571428571428,10.866128629669683,0.0186071428571428,10.837008070554951,0.0183095238095238,10.663671409157722,489252.814,1.2651950940030772,29261939.67000001,0.2127564953453276,45.463846510052136,87.29231871194789,77.54155279562288,58.19672131147542,78.72182377049182,-41.80327868852458,False,True,False,304,70,1,1,32743.4199,0,1.0,1,0,-0.013395457192778126,0
1783555200000,0.1717,0.1788,0.1625,0.1694,582272.28,2026-07-09,-0.0133954571927781,-0.0134859856854758,0.0133954571927781,0.076476179671421,1.4610753611140137,0.0581785729943212,1.111500076389687,0.0450717591211821,0.8610947489396401,0.0566421093874127,1.0821459803960396,0.17878,0.1757527390323302,0.17511,0.1733749428768647,0.16079,0.1699765561431341,0.173418,0.1776264287979848,0.198859,0.1870309857283348,-0.083829096809086,-8.382909680908607,0.036085626911315,3.608562691131492,0.1747572815533979,17.475728155339805,42.979452054794514,62.90983606557376,45.22741832158872,0.172189118694926,0.1704855999604309,0.001703518734495,-0.0015165417740487,0.0032200605085438,1.900862165610325,0.16079,0.0171609072266633,0.1951118144533266,0.1264681855466734,0.4269147888964065,0.6254304315948754,0.0191428571428571,11.30038792376454,0.0186714285714285,11.022094788328554,0.0182523809523809,10.774723112385448,493680.357,1.1794519910379988,28679667.390000008,0.2125717321032358,44.58526044447838,42.77810476751021,69.22369181160637,50.9700176366843,66.12849631605326,-49.0299823633157,False,True,False,304,70,1,1,32743.4199,0,1.0,1,0,0.025383707201888983,1
1783641600000,0.1694,0.1807,0.1661,0.1737,399333.43,2026-07-10,0.0253837072018889,0.0250668910291051,0.0253837072018889,0.0717839025562054,1.3714295327002992,0.0578964571038503,1.1061102598701282,0.0452046176453371,0.8636330074796295,0.0567358703687702,1.0839372814296924,0.17902,0.1750684926882202,0.17642,0.1734340441720031,0.16223,0.170331177012966,0.172944,0.177470376921697,0.19909,0.1867325965189393,0.0069565217391305,0.6956521739130475,0.0815691158156912,8.156911581569117,0.1987577639751552,19.875776397515523,39.89169675090252,64.47497546614326,53.04532577903683,0.1724215619760248,0.1707237621605162,0.0016977998155085,-0.0008736734561153,0.0025714732716239,1.4804106342106689,0.16223,0.0169645791980956,0.1961591583961913,0.1283008416038086,0.4182846378128748,0.6690286547350306,0.0195999999999999,11.283822682786406,0.0186142857142857,10.716341804424705,0.0177380952380952,10.211914356992075,490717.0680000001,0.8137753015756116,29079000.820000008,0.2124556487305876,44.116220723486336,52.67078144564832,69.01868826847125,57.80969479353681,55.65881124723219,-42.19030520646319,True,False,False,304,70,1,1,32743.4199,0,1.0,1,0,-0.02648244099021302,0
1783728000000,0.1737,0.187,0.165,0.1691,591001.6,2026-07-11,-0.026482440990213,-0.0268394173425246,0.026482440990213,0.0464538389525258,0.887499347042538,0.0583579791387596,1.1149276259665308,0.0456058353863046,0.8712982616579651,0.0564421332221121,1.0783254411224243,0.17484,0.1730789951254801,0.17677,0.1726460361404802,0.16355,0.1702139199145911,0.17257,0.1771378805486141,0.1993399999999999,0.1863389398760873,-0.1099999999999999,-11.000000000000002,0.021135265700483,2.113526570048311,0.1850035038542397,18.50035038542397,46.428571428571445,59.07723169508525,54.23606082548877,0.1719105524349362,0.1706034561230945,0.0013070963118416,-0.000437519502512,0.0017446158143537,1.0317065726515184,0.16355,0.0163820665748615,0.1963141331497231,0.1307858668502768,0.4006619767621296,0.5846962740420755,0.0197142857142857,11.65835938160006,0.0189428571428571,11.202162710146146,0.0182428571428571,10.788206471234265,497394.32350000006,1.188195305168174,28487999.220000006,0.2122859846420989,44.23923597558939,48.8012423681578,69.97365898382222,45.857418111753375,51.54571018065817,-54.14258188824663,True,True,False,304,70,1,1,32743.4199,0,1.0,1,0,0.00827912477823789,1
1783814400000,0.1691,0.1736,0.1649,0.1705,405611.11,2026-07-12,0.0082791247782378,0.008245040819037,0.0082791247782378,0.0473958700058965,0.9054968250467714,0.0581868227363146,1.1116576874891684,0.0446809268059514,0.8536279080414124,0.0563465562934947,1.0764994464650826,0.1708799999999999,0.1722193300836534,0.17697,0.1722558477512009,0.16515,0.1702411660879099,0.172134,0.1768743378017291,0.1995999999999999,0.1859862176294902,-0.1040462427745664,-10.40462427745664,0.0118694362017803,1.1869436201780426,0.2310469314079422,23.10469314079422,19.047619047619065,58.11088295687885,57.28228228228228,0.1716935443657536,0.1705957910925792,0.0010977532731744,-0.000130464947368,0.0012282182205424,0.7203625926935039,0.16515,0.0153360085385596,0.1958220170771193,0.1344779829228806,0.3714443484967528,0.5872130448178284,0.0181857142857142,10.666108085462916,0.0186357142857142,10.930037704231248,0.0183428571428571,10.758273984080436,495542.33,0.8185196005354376,28893610.33000001,0.2121583173328462,44.619045081286814,22.8868295422634,64.29295616363915,47.12871287128717,50.26527525885913,-52.87128712871283,False,True,False,304,70,1,1,32743.4199,0,1.0,1,0,-0.030498533724340193,0
1783900800000,0.1705,0.1732,0.1645,0.1653,374869.56,2026-07-13,-0.0304985337243401,-0.030973291896593,0.0304985337243401,0.0237392993157988,0.4535386766107799,0.0560050707826206,1.069975374940339,0.0455161600801879,0.8695850173401869,0.0558371734955218,1.066767701774236,0.1696,0.1699128867224356,0.17574,0.1709911481598053,0.16632,0.1697705717952475,0.17183,0.176415027411815,0.1996,0.1855266836780744,-0.0372743156668607,-3.727431566686074,-0.0692567567567568,-6.925675675675678,0.1649048625792812,16.490486257928122,15.659340659340684,50.95948827292111,58.02281368821293,0.170709922146934,0.1702034337738194,0.0005064883731145,-3.074283269277281e-06,0.0005095626563838,0.3082653698631675,0.16632,0.0143283891921647,0.1949767783843294,0.1376632216156705,0.3445981046696666,0.4822031634833424,0.0156571428571428,9.471955751447576,0.0175357142857142,10.60841759571342,0.0182285714285714,11.02756892230576,487902.035,0.768329568455274,28518740.770000007,0.2120354825443738,45.44633065953501,6.635489098106703,58.1255915524234,36.83168316831685,43.27260471711914,-63.16831683168315,False,True,False,304,70,1,1,32743.4199,0,1.0,1,0,0.05868118572292791,1
1783987200000,0.1653,0.1803,0.1651,0.175,382738.44,2026-07-14,0.0586811857229279,0.0570239690965354,0.0586811857229279,0.0372079606217111,0.7108570895572355,0.057882955944619,1.105852320585189,0.0463128900786918,0.8848065225889563,0.0560963403665218,1.0717190778924224,0.17072,0.1716085911482904,0.17475,0.1717200303126944,0.168115,0.1702686193236894,0.171876,0.1763589004102129,0.199416,0.1852934014764236,0.0330578512396693,3.3057851239669387,-0.0535424553812873,-5.354245538128729,0.2580877066858373,25.80877066858374,55.99999999999999,57.15705765407554,60.71174377224198,0.1713699341292704,0.1705587991283895,0.0008111350008809,0.000159767573563,0.0006513674273179,0.3722099584673739,0.168115,0.0129182154136599,0.1939514308273199,0.14227856917268,0.3073661580146917,0.6332420883909329,0.0152714285714285,8.72653061224489,0.0169499999999999,9.685714285714283,0.0173,9.885714285714286,482102.638,0.7938941002019575,28901479.21000001,0.2119270702322943,45.89686566985977,36.73714462263097,64.10779691090625,46.50602409638552,43.48880671199652,-53.49397590361448,True,False,False,304,70,1,1,32743.4199,0,1.0,1,0,-0.030857142857142805,0
1784073600000,0.175,0.1772,0.1666,0.1696,371040.9,2026-07-15,-0.0308571428571428,-0.0313432505657113,0.0308571428571428,0.0387572328887414,0.740455894658913,0.0545341675248309,1.0418738076579177,0.0469211787330749,0.8964278610133253,0.055293443075224,1.056379746680264,0.1699,0.1709390607655269,0.17446,0.1713345702557862,0.169385,0.1702049405123643,0.172062,0.1760909293069186,0.199399,0.1849464379684655,-0.0236039147956246,-2.36039147956246,-0.0168115942028984,-1.6811594202898472,0.1761442441054093,17.61442441054092,50.32679738562092,51.980198019801975,59.3597773138483,0.171097636569196,0.1704877650971398,0.0006098714720562,0.0002497883532626,0.0003600831187935,0.2123131596659921,0.169385,0.0116274301364912,0.1926398602729825,0.1461301397270175,0.2745799247038697,0.5046226895684637,0.0137285714285714,8.09467654986522,0.0161928571428571,9.54767520215633,0.0169809523809523,10.012353998203052,469847.18150000006,0.7897054927847853,28530438.31000001,0.2118162105414253,44.59792089509948,12.70577387248136,58.13052300316281,24.590163934426258,35.97595706637622,-75.40983606557374,False,False,True,304,70,1,1,32743.4199,0,1.0,1,0,0.0,0
1784160000000,0.1696,0.1742,0.1652,0.1696,393990.32,2026-07-16,0.0,0.0,0.0,0.0367017264761093,0.7011854997854758,0.0413273503222449,0.7895579192814229,0.0469211787330749,0.8964278610133253,0.0549738624519495,1.050274167445501,0.1699999999999999,0.1704927071770179,0.17242,0.1710191938456066,0.170655,0.1701473264913252,0.1723719999999999,0.1758336934793529,0.19938,0.1846079263464987,0.0029568302779421,0.2956830277942049,-0.1073684210526315,-10.73684210526316,0.1761442441054093,17.61442441054092,42.20532319391637,50.56065239551478,61.14695340501791,0.1708672309419308,0.1704219945401454,0.0004452364017853,0.0002888779629675,0.0001563584388177,0.0921924757180133,0.170655,0.0100059179857162,0.1906668359714324,0.1506431640285675,0.234529735096334,0.473640599455591,0.0126857142857142,7.479784366576811,0.0159142857142857,9.383423180592988,0.0166761904761904,9.832659478885892,463337.909,0.8503304226721496,28530438.31000001,0.2116949315990753,42.502311698002174,-9.983281585860905,52.384785103956766,20.46109510086455,30.519094377225446,-79.53890489913546,False,True,False,304,70,1,1,32743.4199,0,1.0,1,0,0.004127358490566113,1
1784246400000,0.1696,0.1747,0.1673,0.1703,367973.09,2026-07-17,0.0041273584905661,0.0041188643108399,0.0041273584905661,0.0365459242109434,0.6982089016889491,0.041417902962963,0.7912879250532249,0.0460676522276706,0.880121260023815,0.0501809531588131,0.9587057639721146,0.16996,0.1704284714513453,0.17042,0.1708884313282112,0.17162,0.1701618669713742,0.172206,0.1756144837834356,0.1993339999999999,0.1842930326109785,-0.0011730205278592,-0.1173020527859271,-0.1050972149238044,-10.509721492380448,0.1278145695364239,12.781456953642392,52.67857142857144,45.930880713489415,60.38011695906432,0.1707799646427763,0.1704129566123416,0.0003670080304346,0.0003045039764611,6.250405397358413e-05,0.0367023217695737,0.17162,0.0088776241487434,0.1893752482974869,0.1538647517025131,0.206913510051123,0.4628278924100754,0.0116571428571428,6.845063333612942,0.0156285714285714,9.177082459525202,0.016295238095238,9.568548499846203,459840.024,0.8002197955696001,28898411.40000001,0.2115852381149124,38.33179632181493,-10.626522027894795,51.90415381843088,22.47838616714699,22.50988173414594,-77.521613832853,True,False,False,304,70,1,1,32743.4199,0,1.0,1,0,0.017028772753963528,1
1784332800000,0.1703,0.1739,0.1679,0.1732,403685.73,2026-07-18,0.0170287727539635,0.0168854084596921,0.0170287727539635,0.0324917201822071,0.6207534424758188,0.0283066681199858,0.5407981350930159,0.045948717774948,0.8778490204950202,0.0501664299405776,0.9584282982773168,0.17154,0.1713523143008969,0.17057,0.1713087165412964,0.172545,0.1704512156007429,0.17203,0.1755188753588247,0.1993809999999999,0.1840494308297491,0.0477918935269205,4.779189352692069,0.0087361677344204,0.8736167734420508,0.1195862960568843,11.958629605688422,55.64853556485352,43.14185228604923,62.454346238130015,0.1711522777760859,0.1706194316682511,0.0005328461078348,0.0003501724027361,0.0001826737050986,0.105469806638971,0.172545,0.0079356938475562,0.1884163876951124,0.1566736123048875,0.183968097541076,0.5206346166000876,0.0093714285714285,5.41075552622896,0.0145428571428571,8.396568789178486,0.0157523809523809,9.094908171120638,458477.85650000005,0.8804912260795302,29302097.13000001,0.2114682114675067,33.917657526550904,-12.953952244385077,50.85842159300991,34.076433121019086,25.67197146301021,-65.9235668789809,False,False,True,304,70,1,1,32743.4199,0,1.0,1,0,-0.004041570438799158,0
1784419200000,0.1732,0.185,0.1702,0.1725,401196.51,2026-07-19,-0.0040415704387991,-0.0040497596569204,0.0040415704387991,0.0175907648657313,0.3360710908794873,0.0279217271230551,0.5334438476728733,0.0444392146454536,0.8490100036991421,0.0473350915794462,0.9043356548398468,0.17104,0.1717348762005979,0.17088,0.1715253135338017,0.172995,0.1706463395270787,0.17142,0.1753993799824351,0.199486,0.1837963527134893,-0.0142857142857143,-1.42857142857143,0.0182998819362454,1.8299881936245523,0.0550458715596329,5.50458715596329,68.55670103092783,50.0,60.67924528301886,0.1713596196573614,0.1707587501432242,0.0006008695141372,0.0004003118250165,0.0002005576891206,0.1162653270264668,0.172995,0.0076456712899339,0.1882863425798679,0.157703657420132,0.1767836362885398,0.4838143708632974,0.0102428571428571,5.937888198757756,0.0142142857142857,8.240165631469978,0.0158380952380952,9.181504485852312,451470.2415,0.8886444179953774,28900900.62000001,0.2113648825102499,30.24571713943075,35.86956521739059,57.48554968480712,31.84713375796174,29.46731768204261,-68.15286624203826,True,False,False,304,70,1,1,32743.4199,0,1.0,1,0,0.009855072463768266,1
1784505600000,0.1725,0.1768,0.1716,0.1742,389723.63,2026-07-20,0.0098550724637682,0.0098068279469881,0.0098550724637682,0.0082915425397737,0.1584096977979582,0.0268998737507022,0.513921366405754,0.0441686567894235,0.8438410031175244,0.0473622438459374,0.9048543981627905,0.17196,0.1725565841337319,0.17093,0.1720116201640449,0.173675,0.1709847858966427,0.170836,0.1753519226489638,0.1995009999999999,0.1835865145163246,0.0271226415094338,2.712264150943392,0.0028785261945882,0.2878526194588373,0.0846824408468245,8.468244084682441,46.49122807017546,36.33217993079584,61.17734724292101,0.1717966012497374,0.1710136865420726,0.0007829147076648,0.0004768324015464,0.0003060823061183,0.1757074087935405,0.173675,0.0070682295110649,0.1878114590221298,0.1595385409778701,0.1627921004419731,0.5185690065375685,0.0097428571428571,5.592914548138423,0.0126999999999999,7.290470723306541,0.0149380952380952,8.575255590180959,448341.7125,0.8692557911394425,29290624.250000007,0.2112602977233567,28.19214571085933,2.8877887788783405,50.81401208513989,37.26114649681527,34.394904458598695,-62.738853503184735,False,False,True,304,70,1,1,32743.4199,0,1.0,1,0,0.016647531572904883,1
1784592000000,0.1742,0.1784,0.1724,0.1771,374912.41,2026-07-21,0.0166475315729048,0.0165104803703856,0.0166475315729048,0.0089039293037785,0.1701093304967152,0.0254944045804619,0.4870699156106673,0.0438351260160917,0.8374689066401366,0.0472937619802755,0.903546053956376,0.17346,0.1740710560891546,0.17173,0.1729367801342579,0.17425,0.1715671911555044,0.17042,0.1754210665860443,0.199419,0.1834449696659663,0.0442216981132075,4.422169811320758,0.0473092844470728,4.730928444707279,0.0694444444444444,6.94444444444445,92.1348314606741,39.07284768211922,60.0153491941673,0.172612508751675,0.1714645720700637,0.0011479366816113,0.0006110532575598,0.0005368834240514,0.3031526956812319,0.17425,0.0068408602106086,0.1879317204212173,0.1605682795787826,0.1570355285075162,0.6041535681280366,0.0084285714285714,4.759215939340159,0.0118499999999999,6.691134952004514,0.0141095238095238,7.9669812589067215,443595.34899999993,0.8451675853797106,29665536.660000008,0.2111650112907317,26.46358447204753,23.770714479761477,48.44120375309109,48.02631578947371,39.044865348083576,-51.97368421052629,True,False,False,304,70,1,1,32743.4199,0,1.0,1,0,-0.03670242800677581,0
1784678400000,0.1771,0.1786,0.1697,0.1706,453463.47,2026-07-22,-0.0367024280067758,-0.037392909731209,0.0367024280067758,0.0225060574059509,0.4299776230054127,0.0286136852988844,0.5466636900599976,0.0446425663201152,0.8528950319885488,0.047543852761326,0.9083240316195464,0.17352,0.1729140373927697,0.1717399999999999,0.1725119110189235,0.174355,0.1714750771517949,0.169916,0.1752304373246674,0.19937,0.1831652392943794,0.0017615971814444,0.1761597181444478,0.0005865102639295,0.0586510263929554,0.0124629080118694,1.246290801186938,53.24675324675324,48.86128364389235,55.97295266716753,0.1723028920200389,0.1714005234476814,0.0009023685723575,0.0006693163205195,0.000233052251838,0.1366074160832434,0.174355,0.0067636392415259,0.1878822784830519,0.160827721516948,0.1551693783723086,0.3612063762602147,0.0081857142857142,4.798191257745768,0.0109571428571428,6.42270976385865,0.0135238095238095,7.927203706805111,446817.7270000001,1.014873498964825,29212073.19000001,0.2110406813032991,25.710649446078367,-31.215929305100843,49.977859843207725,33.06122448979591,39.44956225869496,-66.93877551020408,True,True,False,304,70,1,1,32743.4199,0,1.0,1,0,0.009964830011723436,1
1784764800000,0.1706,0.1737,0.1671,0.1723,344481.65,2026-07-23,0.0099648300117234,0.0099155084763052,0.0099648300117234,0.021408557345693,0.4090099137951264,0.0265409135983932,0.5070634423251611,0.0429749017017108,0.8210343441897994,0.0468143656678582,0.8943872002676687,0.17334,0.1727093582618465,0.1724399999999999,0.1724733817427545,0.17409,0.1715536416649682,0.169222,0.1751146028958241,0.199298,0.1829290888560261,-0.0051963048498844,-0.5196304849884436,0.0423472474289172,4.234724742891716,-0.0298423423423422,-2.9842342342342336,56.09756097560975,53.03983228511533,53.49206349206348,0.1723024470938783,0.171467157358012,0.0008352897358662,0.0007025110035889,0.0001327787322773,0.0770625259880078,0.17409,0.0067335686948643,0.1875571373897287,0.1606228626102712,0.1547146578175511,0.4335419269812602,0.0078428571428571,4.551861371362239,0.0102642857142857,5.957217477821076,0.0132238095238095,7.674874941270761,442793.1655,0.7779741803625467,29556554.840000007,0.2109420028389921,27.763142574477275,-59.2858434531011,52.04024771915287,34.666666666666686,38.58473564864544,-65.33333333333331,False,True,False,304,70,1,1,32743.4199,0,1.0,1,0,0.0464306442251885,1
1784851200000,0.1723,0.1853,0.1704,0.1803,364891.16,2026-07-24,0.0464306442251885,0.0453849866753875,0.0464306442251885,0.0297893685815239,0.5691250876365828,0.02391332758464,0.4568634820186029,0.0432627447900982,0.8265335786719188,0.0458064533543194,0.8751310625552189,0.1749,0.1752395721745643,0.17297,0.173896403244105,0.17386,0.1723866323209398,0.169036,0.1753195074518747,0.199301,0.1828720571640363,0.0452173913043478,4.521739130434783,0.0302857142857142,3.0285714285714285,-0.0248783126014062,-2.487831260140628,66.51162790697671,56.42023346303501,57.51334858886346,0.1735328398503995,0.1721214967129663,0.0014113431374331,0.0008442774303579,0.0005670657070751,0.3145123167360988,0.17386,0.0064159669247108,0.1866919338494217,0.1610280661505782,0.1476122610079571,0.7509364557038387,0.0089142857142857,4.944140717851199,0.0102857142857142,5.70477775136677,0.0133904761904761,7.426775480020072,435893.694,0.8371104354631934,29921446.000000007,0.2108578986812039,30.564105140491236,84.40018966334794,51.83804047008142,70.22222222222216,45.983371126228256,-29.777777777777843,True,False,False,304,70,1,1,32743.4199,0,1.0,1,0,0.004991680532445919,1
1784937600000,0.1803,0.1929,0.1774,0.1812,399067.91,2026-07-25,0.0049916805324459,0.0049792633996073,0.0049916805324459,0.0298435790753547,0.5701607776669988,0.0207047607481469,0.3955638986786736,0.0403161646760543,0.7702392446364678,0.0444590431678807,0.8493888270882016,0.1762999999999999,0.1772263814497095,0.1741299999999999,0.1752243299270204,0.174295,0.1732260044529145,0.169158,0.1755518094935621,0.198141,0.1828358543928306,0.0401836969001148,4.018369690011485,0.0683962264150943,6.839622641509433,0.0504347826086957,5.043478260869573,70.04608294930877,62.683438155136265,56.14173228346456,0.1747124029517441,0.1727940305084845,0.0019183724432595,0.0010590964329385,0.0008592760103209,0.4742141337312106,0.174295,0.0066108742156217,0.1875167484312436,0.1610732515687564,0.1517168987204865,0.7611228021735447,0.0102714285714285,5.668558814254176,0.0098214285714285,5.42021444339325,0.0131190476190476,7.240092504993166,434325.167,0.9188229011836192,30320513.910000008,0.2107811001459904,33.24718732800903,157.89473684210495,50.33849149410592,58.80281690140846,54.56390193009912,-41.19718309859153,True,False,False,304,70,1,1,32743.4199,0,1.0,1,0,0.061810154525386185,1
1785024000000,0.1812,0.2429,0.1793,0.1924,1421302.53,2026-07-26,0.0618101545253861,0.059975144622727,0.0618101545253861,0.0385723669260372,0.7369240354005632,0.0267753610745503,0.511542555067981,0.035974341719957,0.6872888335316151,0.0452643128473393,0.864773482712531,0.17936,0.1822842542998063,0.17641,0.1783471790312472,0.174415,0.1750521067104547,0.169504,0.176217185998508,0.197579,0.1830425514632046,0.0863918690005645,8.639186900056455,0.1344339622641508,13.443396226415086,0.0126315789473683,1.2631578947368345,79.16666666666666,69.04347826086955,58.83222468588321,0.1774335717311434,0.1742464286662955,0.0031871430648478,0.0014847057593208,0.001702437305527,0.8848426743903456,0.174415,0.0069252607779159,0.1882655215558319,0.160564478444168,0.1588225961738608,1.1492535291000332,0.0172428571428571,8.961983961983961,0.0137428571428571,7.142857142857142,0.0152238095238095,7.912582912582914,483212.493,2.941361307063723,31741816.44000001,0.2107218385166429,37.09295501228604,355.5962183592557,65.74758359773867,35.586734693877524,54.87059127250273,-64.41326530612247,True,False,False,304,70,1,1,32743.4199,0,1.0,1,0,-0.05977130977130973,0
1785110400000,0.1924,0.2063,0.1779,0.1809,666036.96,2026-07-27,-0.0597713097713097,-0.0616321458303566,0.0597713097713097,0.0470864965409068,0.8995862532972266,0.0353747357173774,0.6758333769370367,0.0384739048394349,0.7350429198773166,0.0460656409237877,0.8800828341170865,0.18142,0.1818228361998709,0.17747,0.1788113282982991,0.173945,0.1756090509825046,0.169558,0.1764020706760124,0.197594,0.1829963310120614,0.0603751465416178,6.037514654161784,0.0622431004110393,6.224310041103933,-0.049395691014188,-4.939569101418808,54.77386934673367,62.22570532915361,51.19825708061002,0.1779668683883457,0.1747393185196504,0.0032275498686952,0.0018332745811959,0.0013942752874992,0.7707436636259217,0.173945,0.0060547045649195,0.186054409129839,0.1618355908701609,0.1392326209990407,0.7871733841605055,0.0205571428571428,11.36381584142778,0.01515,8.374792703150911,0.0153190476190476,8.468240806549263,485329.6475,1.3723393232431778,31075779.480000008,0.2106173626848131,42.04619890119061,150.39738335277852,62.38975579461215,20.30848329048844,38.23267829525815,-79.69151670951156,False,True,False,304,70,1,1,32743.4199,0,1.0,1,0,0.004422332780541716,1
1785196800000,0.1809,0.1869,0.1734,0.1817,441366.0,2026-07-28,0.0044223327805417,0.004412583000876,0.0044223327805417,0.0472315660645307,0.9023578026545052,0.0351867652379751,0.6722422059704506,0.0311531315104986,0.5951797418110801,0.0451416448716979,0.8624299143285276,0.1833,0.1817818907999139,0.1783199999999999,0.1793365413349775,0.174445,0.1761891433007414,0.169396,0.1766111854571119,0.197508,0.1829684151830845,0.0545560069645965,5.455600696459658,0.0490762124711317,4.907621247113168,0.0582411182294699,5.824111822947006,66.27565982404693,56.10200364298726,48.78048780487804,0.1785411963290149,0.1752549562473667,0.0032862400816482,0.0021238676812866,0.0011623724003616,0.6397206386140045,0.174445,0.0062686752566806,0.1869823505133613,0.1619076494866387,0.1437398665867331,0.7893354537814099,0.0216285714285714,11.903451529208269,0.0150285714285714,8.271090494535734,0.0151095238095238,8.315643263359277,476447.9345,0.9263677477439038,31517145.480000008,0.2105248923635653,45.10734717265772,55.799263028601445,56.36005160277888,21.235521235521222,25.710246406629068,-78.76447876447877,False,True,False,304,70,1,1,32743.4199,0,1.0,1,0,0.16620803522289496,1
1785283200000,0.1817,0.2154,0.1752,0.2119,649732.86,2026-07-29,0.1662080352228949,0.1537574898721279,0.1662080352228949,0.0847791409306083,1.6197032132400555,0.0614888859713553,1.1747435170152642,0.0476221560264047,0.9098200133983534,0.0502419294767831,0.959870714891214,0.1896199999999999,0.1918212605332759,0.18226,0.185257170183214,0.17657,0.1795901875397048,0.170038,0.1780037160849469,0.197423,0.183590364611985,0.1752634498058791,17.52634498058792,0.2284057971014494,22.84057971014494,0.2508854781582055,25.08854781582055,81.62939297124602,76.5370138017566,63.22147651006713,0.1836733199738409,0.1779695584187885,0.0057037615550523,0.0028398464560401,0.0028639150990122,1.3515408678679877,0.17657,0.0103459679407784,0.1972619358815568,0.1558780641184431,0.234376574520664,1.3537142247644989,0.0260999999999999,12.317130722038696,0.0171428571428571,8.090069439762694,0.0160047619047619,7.55297871862289,479820.9635,1.3541152000958792,32166878.340000007,0.2104810437704004,49.0920341648635,214.72036204629555,63.45949211340886,60.1029601029601,33.88232154298993,-39.897039897039896,True,False,False,304,70,1,1,32743.4199,0,1.0,1,0,0.16894761680037762,1
1785369600000,0.2119,0.2501,0.2045,0.2477,746490.43,2026-07-30,0.1689476168003776,0.1561038712210605,0.1689476168003776,0.1003003716957186,1.916235910643377,0.0766088894383003,1.4636107776502427,0.0591313418201383,1.129702699248465,0.0551963205154101,1.0545242227803762,0.20292,0.2104475070221839,0.18961,0.1966104119681636,0.1802699999999999,0.1860768540633685,0.1714759999999999,0.1807533241942208,0.197641,0.1849662128577968,0.3669977924944811,36.69977924944813,0.4219288174512055,42.19288174512056,0.4260218767990789,42.60218767990789,87.27876106194692,83.80952380952381,67.24447101016139,0.1935235784444967,0.1831350485028559,0.0103885299416408,0.0043495831531608,0.0060389467884799,2.4380083926039338,0.1802699999999999,0.018933654247343,0.218137308494686,0.1424026915053139,0.4201176956197485,1.3903458244129308,0.0316714285714285,12.786204510064014,0.0197571428571428,7.976238537401235,0.0174,7.02462656439241,497178.8135,1.5014526156996029,32913368.770000007,0.2106031844799713,53.68892242511809,325.3279964420728,70.97500842037275,97.10843373493978,59.4823050244737,-2.891566265060224,True,False,False,304,70,1,1,32743.4199,0,1.0,1,0,-0.002422285022204318,0
1785456000000,0.2477,0.2569,0.2263,0.2471,534451.1,2026-07-31,-0.0024222850222043,-0.0024252235007495,0.0024222850222043,0.1053304587887968,2.012335589622249,0.0774404521119769,1.479497760223785,0.0583877063687749,1.115495563898528,0.052273741156499,0.9986884225279088,0.21386,0.222665004681456,0.19661,0.2057903370649137,0.18417,0.19188859661037,0.17244,0.1833701694211731,0.197769,0.1862974493224036,0.2843035343035343,28.430353430353435,0.3952569169960473,39.52569169960473,0.4612655233589591,46.12655233589591,86.57047724750277,83.27556325823222,66.94510739856801,0.201766104841257,0.1878734242460671,0.0138926805951898,0.0062582026415672,0.0076344779536226,3.089630899887748,0.18417,0.0238950137938976,0.2319600275877953,0.1363799724122046,0.5189773316804625,1.1584009591163225,0.0339142857142857,13.72492339712089,0.0214142857142857,8.666242701046428,0.0181619047619047,7.35002216183924,494351.2885,1.081116025047035,32378917.67000001,0.2107242864914991,58.78044992086656,261.1214748161965,72.29297590442087,89.08685968819596,82.09941784203195,-10.91314031180404,True,False,False,304,70,1,1,32743.4199,0,1.0,1,0,-0.021044111695669665,0
1785542400000,0.2471,0.2533,0.2335,0.2419,424435.29,2026-08-01,-0.0210441116956696,-0.0212686953785827,0.0210441116956696,0.0957227508220353,1.8287805866484304,0.0759421807784311,1.4508733265882074,0.0590789057562318,1.128700909654152,0.0520528755807849,0.9944687916287096,0.2260599999999999,0.2290766697876373,0.2037399999999999,0.2123557303258692,0.18774,0.1966515980591596,0.173448,0.1856781803590955,0.198172,0.1874868211771978,0.3372028745163073,33.72028745163073,0.417936694021102,41.7936694021102,0.4187683284457477,41.87683284457477,79.4292508917955,79.18436703483434,72.7626459143969,0.2079405502525801,0.191875573623203,0.016064976629377,0.0082195574391297,0.0078454191902473,3.2432489418137007,0.18774,0.0268910550574962,0.2415221101149925,0.1339578898850074,0.5729424748587685,1.0035131559936887,0.0345285714285714,14.273903029587196,0.0224,9.26002480363787,0.0180571428571428,7.464713872320323,495292.4975,0.8569386617854029,31954482.380000006,0.2108182674414241,63.72426869527038,195.17834136354807,66.10672042353991,83.29621380846324,89.83050241053299,-16.70378619153676,False,False,True,304,70,1,1,32743.4199,0,1.0,1,0,0.10376188507647788,1
1785628800000,0.2419,0.2761,0.2268,0.267,559259.81,2026-08-02,0.1037618850764778,0.0987242407842679,0.1037618850764778,0.090641779939875,1.731708774244125,0.0778691737575893,1.4876884757625566,0.0607403806409762,1.1604433427573708,0.0538058409651726,1.02795914827334,0.24312,0.2417177798584249,0.2132099999999999,0.2222910520848401,0.192825,0.2033514594168135,0.174864,0.1888842524598254,0.198782,0.1891849579943624,0.4694551458447993,46.94551458447992,0.5496227510156704,54.96227510156704,0.6152450090744102,61.52450090744102,94.06345957011258,83.25123152709361,77.57062146892656,0.2170266194473368,0.1974405787316632,0.0195860407156736,0.0104928540944389,0.0090931866212346,3.4056878731216003,0.192825,0.031623523472917,0.2560720469458342,0.1295779530541658,0.6560046357664638,1.08639101414114,0.0324857142857142,12.1669341894061,0.0248642857142857,9.312466559657572,0.0199904761904761,7.487069734260747,504512.01,1.1085163463204772,32513742.190000005,0.2109939197346632,68.7770708329397,186.82558509561133,67.66370116631597,91.651376146789,88.01148321448274,-8.348623853211006,True,True,False,304,70,1,1,32743.4199,0,1.0,1,0,-0.03183520599250944,0
1785715200000,0.267,0.2757,0.2466,0.2585,518461.11,2026-08-03,-0.0318352059925094,-0.0323529644517657,0.0318352059925094,0.0884855772647863,1.6905145799776775,0.0818038187989836,1.562859763729742,0.0615364317550554,1.175651877937418,0.0538242710561466,1.028311254667002,0.25244,0.2473118532389499,0.22103,0.2288744971603443,0.197,0.208603710990449,0.1762299999999999,0.1916282455336416,0.199285,0.190662998660003,0.2199150542708825,21.99150542708825,0.4337215751525236,43.37215751525237,0.4771428571428573,47.71428571428572,86.43263757115749,78.30758898589659,73.39955849889625,0.223407139534053,0.2019636740118623,0.0214434655221906,0.0126829763799896,0.0087604891422009,3.388970654623211,0.197,0.0345251700708495,0.2660503401416991,0.1279496598583009,0.7010186816416151,0.9453272777063448,0.0325857142857142,12.605692180160268,0.0265714285714285,10.279082619508154,0.0209619047619047,8.109054066500876,511298.1435,1.01400937318287,31995281.08000001,0.211168427196913,72.62364378706414,158.72305882742734,73.07531206014221,83.85321100917432,86.26693365480885,-16.14678899082569,False,False,True,304,70,1,1,32743.4199,0,1.0,1,0,-0.005029013539651905,0
1785801600000,0.2585,0.2717,0.2482,0.2572,346675.06,2026-08-04,-0.0050290135396519,-0.0050417015850195,0.0050290135396519,0.0544902908594858,1.0410355451435125,0.0823332579647939,1.5729746847900998,0.0606471591464112,1.1586623486044143,0.0535692770883907,1.0234396017533558,0.25434,0.2506079021592999,0.22863,0.2340245885857495,0.2013799999999999,0.2132319366557426,0.1776879999999999,0.1942123211636816,0.199649,0.1920796462354194,0.0383528461849009,3.8352846184901015,0.4194260485651213,41.94260485651213,0.516509433962264,51.6509433962264,79.60784313725487,77.18940936863542,74.76110174255199,0.2286060411453646,0.206055400454213,0.0225506406911515,0.0146565092422222,0.0078941314489293,3.069257950594596,0.2013799999999999,0.0363733216288507,0.2741266432577015,0.1286333567422984,0.7224813115274755,0.8836603140729142,0.0340142857142857,13.224838924683404,0.0278214285714285,10.81704065763164,0.0213571428571428,8.303710286602978,510079.8515,0.6796486059594926,31648606.020000007,0.2112815118278002,76.71124577983586,131.28888287800922,68.10894491502819,82.66055045871558,86.05504587155963,-17.339449541284427,False,False,True,304,70,1,1,32743.4199,0,1.0,1,0,0.05715396578538101,1
1785888000000,0.2572,0.2724,0.2517,0.2719,440932.65,2026-08-05,0.057153965785381,0.0555803592749606,0.057153965785381,0.0578632455324993,1.105475753690383,0.0821998730879483,1.5704263702960757,0.0608689932175971,1.1629004825836218,0.05148994040608,0.983713930216967,0.2593,0.2577052681062,0.23658,0.2409110270247186,0.206495,0.2188193796315897,0.179824,0.1972732757822652,0.199148,0.1937765843346922,0.1003642250101173,10.036422501011732,0.413201663201663,41.32016632016632,0.6031839622641508,60.31839622641508,71.84115523465701,82.57234726688102,76.51673640167363,0.2352666502011879,0.210932940162004,0.0243337100391838,0.0165919494016148,0.007741760637569,2.8472823234899147,0.206495,0.0387822460059134,0.2840594920118269,0.1289305079881731,0.7512481368733082,0.9216168913349368,0.0312285714285714,11.48531497924657,0.0286642857142857,10.542216150895817,0.0218380952380952,8.031664302352057,512426.96800000005,0.8604790097620311,32089538.67000001,0.2114434477853047,80.6168293132248,123.46240124505704,73.39155032463776,96.14678899082566,87.55351681957184,-3.8532110091743457,True,False,False,304,70,1,1,32743.4199,0,1.0,1,0,0.027583670467083543,1
1785974400000,0.2719,0.2815,0.2664,0.2794,362525.04,2026-08-06,0.0275836704670835,0.0272100951844364,0.0275836704670835,0.0529954758531914,1.012477144547354,0.0749745933400272,1.4323875945334754,0.0606606228930632,1.1589195731230306,0.050852165005135,0.9715292482905284,0.2668,0.2649368454041333,0.24643,0.2479090221111454,0.21195,0.2245889703450724,0.1822639999999999,0.2005085334173245,0.198389,0.1955942432192376,0.1550227366680445,15.502273666804456,0.5444997236042011,54.449972360420105,0.6406341749853199,64.06341749853198,75.92295345104333,83.19900805951642,79.48320413436691,0.2420563963251722,0.2160047301629081,0.0260516661622641,0.0184838927537448,0.0075677734085192,2.708580318009769,0.21195,0.0410308677127743,0.2940117354255487,0.1298882645744513,0.7743499450393837,0.9109710795794383,0.0268714285714285,9.61754780652418,0.0292714285714285,10.476531342673074,0.0221285714285714,7.92003272318233,512154.5654999999,0.7078430310312249,32452063.710000005,0.2116014990747018,83.02366711869026,123.38982406809284,77.36298849841967,98.10981098109812,92.30571681021311,-1.8901890189018824,True,False,False,304,70,1,1,32743.4199,0,1.0,1,0,0.017537580529706664,1
1786060800000,0.2794,0.2915,0.2647,0.2843,392879.11,2026-08-07,0.0175375805297066,0.0173855718340928,0.0175375805297066,0.0336082319446759,0.6420843697468468,0.0742627409800585,1.4187876742920378,0.0606564608426485,1.1588400572615063,0.0502811309718804,0.9606196584034488,0.27026,0.2713912302694222,0.25669,0.2545255635454919,0.217505,0.230275742048908,0.1849279999999999,0.2038087842802182,0.198091,0.1974746531710742,0.0647940074906365,6.479400749063663,0.5646670335718216,56.46670335718217,0.6414549653579678,64.14549653579678,84.19354838709674,82.86978508217446,78.9613142554319,0.2485554122760287,0.2210637830649256,0.027491629211103,0.0202854400452166,0.0072061891658864,2.534713037596376,0.217505,0.0429828053136554,0.3034706106273109,0.1315393893726891,0.7904702018556897,0.8884983745975947,0.0263285714285714,9.26084116376061,0.0301214285714285,10.594944977639315,0.0230523809523809,8.108470261125907,511614.2345000001,0.7679206001450687,32844942.820000004,0.2117835948239169,84.81061879419644,114.73291211947162,77.92628720179346,93.90347163420832,96.05335720204404,-6.0965283657916896,True,True,False,304,70,1,1,32743.4199,0,1.0,1,0,0.05838902567710158,1
1786147200000,0.2843,0.3065,0.2843,0.3009,349683.17,2026-08-08,0.0583890256771015,0.0567479649790453,0.0583890256771015,0.0270421236813969,0.5166390475157577,0.0620264116031518,1.1850129297913663,0.0605962745769222,1.157690200269329,0.0499170202213387,0.953663332281788,0.27874,0.2812274868462814,0.26559,0.2629572792645031,0.2239249999999999,0.2370018693176605,0.188062,0.207632212422202,0.198285,0.1996640361473041,0.1640232108317214,16.402321083172144,0.4200094384143464,42.00094384143463,0.7443478260869567,74.43478260869567,81.68224299065416,84.41633122484185,82.84142071035517,0.2566084257729501,0.2269777328037164,0.0296306929692336,0.0221544906300201,0.0074762023392135,2.4846136055877595,0.2239249999999999,0.0454265500271421,0.3147781000542842,0.1330718999457157,0.8114600875675719,0.9236234094048956,0.0266714285714285,8.863884536865587,0.0306,10.169491525423728,0.0238238095238095,7.917517289401638,509038.56750000006,0.6869482831475239,33194625.99000001,0.2119851052031072,86.55380451289984,127.50170183798494,78.29427769813495,95.79263711495118,95.93530657675257,-4.207362885048831,True,False,False,304,70,1,1,32743.4199,0,1.0,1,0,-0.0854104353605849,0
1786233600000,0.3009,0.3116,0.2747,0.2752,314403.39,2026-08-09,-0.0854104353605849,-0.0892798775768109,0.0854104353605849,0.0589631136892078,1.1264887053198325,0.0536290030256434,1.0245806641823918,0.0657734151060429,1.2565993311990185,0.0519201313468227,0.9919327165997872,0.28234,0.2792183245641876,0.2683399999999999,0.265183228489141,0.228975,0.2406397901779795,0.190668,0.2102925787625807,0.19851,0.2012608539308749,0.0699844479004665,6.998444790046662,0.1110213968510294,11.102139685102944,0.5797933409873708,57.97933409873709,61.8104667609618,71.97452229299363,73.40425531914893,0.2594686679620052,0.2305498397819226,0.0289188281800826,0.0235073581400326,0.0054114700400499,1.9663771947856017,0.228975,0.0452213023276702,0.3194176046553404,0.1385323953446595,0.789977985852957,0.7555488100776989,0.0248999999999999,9.047965116279062,0.0286928571428571,10.426183554817277,0.0248761904761904,9.039313399778516,505272.5555,0.6222451359719656,32880222.600000005,0.2121441760706093,86.05642025247796,100.06211101393062,70.09601540409253,73.66136034732273,87.78582303216074,-26.33863965267727,True,True,False,304,70,1,1,32743.4199,0,1.0,1,0,0.10828488372093026,1
1786320000000,0.2752,0.308,0.2745,0.305,280020.4,2026-08-10,0.1082848837209302,0.102813670548223,0.1082848837209302,0.0712454256309449,1.361141945488087,0.0612380716736716,1.1699517165862257,0.0682982867270447,1.304836935787422,0.0534094993030399,1.0203870514503413,0.28896,0.2878122163761251,0.27413,0.2724226414911209,0.23537,0.2467693395385258,0.193914,0.2140209342518526,0.198937,0.2034509522894378,0.1217359323280617,12.173593232806184,0.2343180898421692,23.43180898421692,0.7221908526256351,72.21908526256351,74.09274193548387,80.01935171746491,76.44287396937574,0.2664734882761195,0.2360647910996434,0.030408697176476,0.0248876259473214,0.0055210712291546,1.8101872882474408,0.23537,0.046524030010534,0.3284180600210681,0.1423219399789318,0.7906535244174547,0.8741614816269905,0.0255285714285714,8.37002341920374,0.0290571428571428,9.526932084309133,0.0262238095238095,8.597970335675253,500527.955,0.5594500710754509,33160243.000000004,0.2123015864347343,85.80237181648135,105.66474843894972,77.1825287389415,95.22431259044862,88.22610335090751,-4.775687409551371,False,True,False,304,70,1,1,32743.4199,0,1.0,1,0,0.08262295081967208,1
1786406400000,0.305,0.3323,0.3016,0.3302,331243.95,2026-08-11,0.082622950819672,0.0793867548786159,0.082622950819672,0.0757974630468056,1.448108498207621,0.0617376529690214,1.1794962038323875,0.0674016964752651,1.287707603078616,0.0537857379709456,1.0275750811079043,0.29912,0.3019414775840834,0.28296,0.2829276157654692,0.24335,0.2547151232557302,0.1977479999999999,0.2185938735275941,0.199711,0.2061233264977402,0.1818181818181818,18.181818181818187,0.3650268706076891,36.502687060768906,0.9355216881594371,93.55216881594372,76.57247037374658,82.12894850713977,78.3393501805054,0.2762775670035531,0.2430379154522788,0.0332396515512743,0.026558031068112,0.0066816204831622,2.023507111799601,0.24335,0.0484763588610064,0.3403027177220128,0.1463972822779872,0.7968170759976396,0.9478987388936336,0.0265571428571428,8.042744656917879,0.0302857142857142,9.17193043177295,0.0274,8.298001211387039,494416.97899999993,0.6699687997567738,33491486.950000003,0.2125437132671092,86.83130779278576,137.21874374589015,82.48996702997346,98.66327180140038,89.18298157972391,-1.3367281985996122,True,False,False,304,70,1,1,32743.4199,0,1.0,1,0,-0.01877649909145962,0
1786492800000,0.3302,0.3358,0.317,0.324,254412.17,2026-08-12,-0.0187764990914596,-0.0189550156936981,0.0187764990914596,0.0796830716645635,1.5223429466166578,0.05826263580455,1.1131060941240865,0.0682783926426003,1.3044568598377797,0.0540412262068574,1.032456177001411,0.30706,0.309294318389389,0.28866,0.2903953219899332,0.250935,0.2613136878523284,0.20139,0.2227421744001122,0.2002999999999999,0.2086054536751359,0.1396412240590925,13.964122405909254,0.2134831460674158,21.34831460674157,0.8804410911201392,88.04410911201393,70.57195571955721,77.06422018348624,76.8141592920354,0.28361947977267,0.249035223100439,0.0345842566722309,0.0281632761889358,0.006420980483295,1.9817840997824363,0.250935,0.0486420142739956,0.3482190285479913,0.1536509714520086,0.7753723358478597,0.875524128115008,0.0262857142857142,8.112874779541439,0.0287571428571428,8.875661375661371,0.0278714285714285,8.602292768959433,489913.505,0.519300177283335,33237074.78,0.2127361561975788,87.26465721778035,132.71570132750412,81.95838200198406,91.01294744859104,94.96684394681336,-8.987052551408969,True,False,False,304,70,1,1,32743.4199,0,1.0,1,0,-0.07191358024691352,0
1786579200000,0.324,0.3257,0.2969,0.3007,304558.96,2026-08-13,-0.0719135802469135,-0.0746304257978459,0.0719135802469135,0.0884977105791053,1.6907463866222605,0.0634522873428004,1.2122542475475848,0.0721786399807712,1.3789709806076162,0.0552751544448258,1.0560303428871078,0.30702,0.306429545592926,0.29288,0.2922688998099461,0.256955,0.265064767723368,0.204622,0.2258098076475027,0.200468,0.210542256330254,-0.0006646726487203,-0.0664672648720431,0.1632495164410059,16.324951644100587,0.6677759290072105,66.77759290072103,56.46687697160885,63.61767728674204,70.79907925024663,0.2862472521154672,0.2528623122701743,0.0333849398452928,0.0292076089202072,0.0041773309250856,1.389202169965286,0.256955,0.0468577407524207,0.3506704815048415,0.1632395184951585,0.7294310794095581,0.733392601187991,0.0282428571428571,9.392370183856707,0.0275571428571428,9.164330847071115,0.0289285714285714,9.620409520642308,486896.895,0.6255101708956267,32932515.82,0.2129294063043701,84.78676188274217,95.23592362884594,74.67961796598452,67.94520547945208,85.87380824314785,-32.05479452054792,False,True,False,304,70,1,1,32743.4199,0,1.0,1,0,0.16461589624210182,1
1786665600000,0.3007,0.358,0.2932,0.3502,333749.34,2026-08-14,0.1646158962421018,0.1523913298572681,0.1646158962421018,0.0963681854851346,1.8411115985728623,0.0779230072548159,1.488716963282963,0.07805460868329,1.491231205043691,0.0590384321468942,1.1279276624334795,0.32202,0.3210196970619507,0.30218,0.3028018271172323,0.265405,0.2731728900184895,0.208742,0.2307038933526941,0.201294,0.2134757369896354,0.2725290697674418,27.25290697674419,0.3615863141524107,36.15863141524108,0.9326710816777042,93.26710816777044,65.4351909830933,71.17043121149898,74.6792130025663,0.2960861364058105,0.2600726311338612,0.0360135052719492,0.0305687881905556,0.0054447170813935,1.554745026097532,0.265405,0.0477080317082323,0.3608210634164646,0.1699889365835353,0.7190223501174781,0.9443434206140604,0.0336714285714285,9.614913926735738,0.0299999999999999,8.566533409480295,0.0313047619047619,8.939109624432296,483630.9665,0.6900909228689764,33266265.16,0.2131981632132746,82.87383334205272,131.200544015826,74.3575300096959,94.05487804878052,84.33767699227455,-5.945121951219493,True,True,False,304,70,1,1,32743.4199,0,1.0,1,0,0.013135351227869796,1
1786752000000,0.3502,0.4078,0.3248,0.3548,715736.13,2026-08-15,0.0131353512278697,0.0130498305836729,0.0131353512278697,0.092009595487138,1.7578408535823056,0.0777132829283553,1.4847101856518832,0.0779747193453383,1.489704921385192,0.0589788734936887,1.1267897959616762,0.33198,0.3322797980413005,0.31047,0.3122560403686473,0.2735249999999999,0.2809469047743157,0.212954,0.2355857788922854,0.202097,0.2164406563123113,0.1632786885245902,16.32786885245902,0.3048915042294962,30.489150422949628,0.8440748440748442,84.40748440748442,78.71572871572873,73.24001646768218,76.40481651376147,0.3051190384975467,0.2670895811984701,0.0380294572990766,0.0320609220122598,0.0059685352868167,1.6822252781332436,0.2735249999999999,0.0484431938079623,0.3704113876159247,0.1766386123840752,0.7084280238802649,0.9194345666090314,0.0423571428571428,11.938315348687384,0.0345142857142857,9.727814462876468,0.0345190476190476,9.72915660063349,448352.6465,1.5963686967999196,33982001.29,0.2139065553364865,81.69098233661536,161.51402858655365,83.16220913471598,70.7182320441989,77.57277185747716,-29.2817679558011,True,False,False,304,70,1,1,32743.4199,0,1.0,1,0,0.12316798196166867,1
1786838400000,0.3548,0.4261,0.3527,0.3985,531530.73,2026-08-16,0.1231679819616686,0.1161532477948454,0.1231679819616686,0.0989016473071269,1.8895133187207545,0.0831265024016186,1.588129598476492,0.0771431882086897,1.4738185413257243,0.0606539926615707,1.158792902728225,0.34564,0.3543531986942003,0.32238,0.3279367603016241,0.2844049999999999,0.2921424432314773,0.217904,0.2419939579886073,0.2032479999999999,0.2202556868009312,0.2068443367655967,20.684433676559667,0.426270579813887,42.6270579813887,1.202874516307352,120.28745163073522,80.65573770491804,75.14340344168261,78.94063459570113,0.3194853402675889,0.2768238249250224,0.0426615153425665,0.0341810406783212,0.0084804746642452,2.128099037451764,0.2844049999999999,0.0509178851320024,0.3862407702640049,0.182569229735995,0.7161320670452699,1.0601911769519372,0.0475714285714285,11.937623229969525,0.0362357142857142,9.093027424269575,0.0349857142857142,8.779351138196807,441627.335,1.2035729853542694,34513532.02,0.2145335392919535,80.39199140130157,188.59760609603865,83.80997761193095,84.6239554317549,83.13235517491144,-15.376044568245105,True,False,False,304,70,1,1,32743.4199,0,1.0,1,0,-0.02107904642409042,0
1786924800000,0.3985,0.4161,0.363,0.3901,853157.73,2026-08-17,-0.0210790464240904,-0.0213043817176589,0.0210790464240904,0.0992603613268437,1.896366540444776,0.0851160243781075,1.6261393624674758,0.078019633173969,1.4905629988763471,0.0609471672378282,1.1643939951430826,0.35886,0.3662687991294668,0.33296,0.3392391675195128,0.294825,0.3014717385581755,0.222612,0.2478189689157775,0.204258,0.2238106543749708,0.2040123456790123,20.40123456790123,0.3721421034118888,37.21421034118889,1.14694551458448,114.694551458448,72.07074428887252,75.17214996174445,76.81492842535788,0.330349134072853,0.285214763356014,0.045134370716839,0.0363717066860248,0.0087626640308142,2.246260966627585,0.294825,0.0501112328514749,0.3950474657029499,0.19460253429705,0.6798776610053419,0.9753175814012908,0.0503714285714285,12.912440033690991,0.0379499999999999,9.72827480133299,0.0361619047619047,9.269906373213216,462216.9215,1.845795102505783,33660374.29,0.2155156180700789,79.09300046598776,162.79609846725498,67.89989102828889,79.76391231028668,78.36869992874684,-20.23608768971331,False,False,True,304,70,1,1,32743.4199,0,1.0,1,0,0.15073058190207633,1
1787011200000,0.3901,0.4653,0.3901,0.4489,987544.04,2026-08-18,0.1507305819020763,0.1403970292752755,0.1507305819020763,0.0844498080632741,1.6134113176441416,0.0925805257084924,1.7687484601458188,0.0767866088206062,1.467006101681793,0.0634852936181085,1.2128848315519372,0.3884999999999999,0.3938125327529779,0.3477599999999999,0.3591775006977863,0.306675,0.3155125310892571,0.22832,0.25572658230416,0.206031,0.2285166295665721,0.4928500166278682,49.285001662786826,0.4918577600531739,49.185776005317386,1.1184521000471923,111.8452100047192,83.1651619755709,80.05644402634056,79.80405254954354,0.3485877288312701,0.2973397437433916,0.0512479850878784,0.0393469623663955,0.0119010227214828,2.65115231042167,0.306675,0.0570160076783612,0.4207070153567225,0.1926429846432775,0.7436668483360073,1.1236187247725224,0.0567285714285714,12.637240238042194,0.0416428571428571,9.276644496069755,0.0390999999999999,8.710180441078188,479107.48050000006,2.06121607404124,34647918.33,0.2169290430679998,78.25246392569933,198.47931322524485,76.82092394643298,92.32209737827716,85.56998837343959,-7.677902621722832,True,False,False,304,70,1,1,32743.4199,0,1.0,1,0,-0.29472042771218543,0
1787097600000,0.4489,0.47,0.2998,0.3166,1087814.9,2026-08-19,-0.2947204277121854,-0.3491609983409748,0.2947204277121854,0.1769191642986283,3.380035887987824,0.1378279608462285,2.633199494669131,0.1019655487321752,1.948049073255744,0.0775716275884777,1.4820038641834912,0.38178,0.3680750218353186,0.3519,0.3514361369345514,0.31012,0.3156160995951681,0.2314399999999999,0.2581201974181794,0.206458,0.2303561682194669,-0.0959451741861794,-9.594517418617936,0.1504360465116279,15.043604651162786,0.2781590633831248,27.81590633831247,52.67406659939455,55.12027491408934,60.89091546825675,0.3436665397802153,0.2987664455213987,0.0449000942588165,0.0404575887448797,0.0044425055139368,1.403191886903608,0.31012,0.0553214396433293,0.4207628792866587,0.1994771207133414,0.713548815211264,0.5292834027900307,0.0783571428571428,24.74957133832686,0.0523214285714285,16.526035556357726,0.0452904761904761,14.305267274313383,496173.7039999999,2.192407399324814,33560103.43,0.2179528922075807,73.78494809814433,78.60551100452176,63.65937645494559,25.28007793472967,65.78869587443117,-74.71992206527032,True,True,False,304,70,1,1,32743.4199,0,1.0,1,0,-0.19109286165508532,0
1787184000000,0.3166,0.333,0.2549,0.2561,986349.68,2026-08-20,-0.1910928616550853,-0.2120711542414322,0.1910928616550853,0.1941994973179442,3.710176186769021,0.1494180526283603,2.854627887257248,0.1121480278603352,2.142585063849584,0.0829133956641248,1.584058199973358,0.36204,0.3307500145568791,0.34701,0.3341022938555403,0.3105699999999999,0.3099478977411318,0.2332499999999999,0.2580407692351107,0.2064679999999999,0.2308932228853306,-0.278184892897407,-27.8184892897407,-0.1603278688524589,-16.0327868852459,0.0364225010117362,3.642250101173617,34.7388906908855,47.6200204290092,56.07235142118863,0.3301947644292043,0.295605934991395,0.0345888294378093,0.0392838368834656,-0.0046950074456563,-1.833271161911883,0.3105699999999999,0.0548161338140131,0.4202022676280261,0.2009377323719737,0.7060068108833836,0.2515786128550563,0.0853999999999999,33.346349082389686,0.0568214285714285,22.18720365928488,0.0468380952380952,18.288986816905595,518768.633,1.9013286796004103,32573753.75,0.218355534973007,67.84138131537365,-46.94733684041728,55.72081084276912,0.5578800557879958,39.38668512293162,-99.442119944212,False,True,False,304,70,1,1,32743.4199,0,1.0,1,0,-0.014057008980866814,0
1787270400000,0.2561,0.2743,0.2387,0.2525,908852.96,2026-08-21,-0.0140570089808668,-0.014156744490065,0.0140570089808668,0.1727178767747693,3.299770402545957,0.1461141034933353,2.7915060276625425,0.1120626430025846,2.1409537884327454,0.0829931394065723,1.585581702033655,0.33284,0.3046666763712527,0.33924,0.3192655131545317,0.3111,0.3044766677319932,0.2349299999999999,0.2578229446658193,0.2064389999999999,0.231343495362717,-0.3663739021329988,-36.637390213299874,-0.2353119321623258,-23.531193216232584,0.0438197602315006,4.381976023150061,33.35502766026684,46.74313805817288,55.69131832797427,0.3182417237476316,0.2924128718209836,0.025828851926648,0.0365928398921021,-0.010763987965454,-4.262965530872894,0.3111,0.0541646126466154,0.419429225293231,0.2027707747067691,0.6964270349934487,0.2295282051478784,0.0812285714285714,32.16973125884016,0.0574499999999999,22.752475247524742,0.0470761904761904,18.644035832154643,542989.5165,1.673794672608564,31664900.79,0.2185697607517201,61.3893124044183,-89.52724799204667,49.37573599317706,5.966277561608305,10.60141185070866,-94.03372243839168,False,True,False,304,70,1,1,32743.4199,0,1.0,1,0,-0.09069306930693066,0
1787356800000,0.2525,0.2557,0.2098,0.2296,746842.45,2026-08-22,-0.0906930693069306,-0.0950725842700031,0.0906930693069306,0.170167988355679,3.25105485270116,0.148023375371659,2.827982615680824,0.1118119136605721,2.136163611079527,0.0840037668108928,1.6048897114826568,0.30074,0.2796444509141685,0.3298,0.3029626925809793,0.30923,0.297345554570307,0.23597,0.2567135224952712,0.206224,0.2313071996030881,-0.4114329659061779,-41.14329659061779,-0.2913580246913581,-29.135802469135808,-0.1400749063670412,-14.007490636704128,20.52356020942409,42.79069767441861,51.43972669594925,0.304604535478614,0.2877600247436789,0.0168445107349351,0.0326431740606687,-0.0157986633257335,-6.880950925842153,0.30923,0.0563680583309377,0.4219661166618755,0.1964938833381244,0.7291408767705303,0.1468301270353725,0.0759285714285714,33.06993529118964,0.0591428571428571,25.75908412145345,0.0483190476190476,21.044881367181016,552368.6484999999,1.352072482803122,30918058.34,0.2186322533577382,55.310230262454965,-121.55232792953076,44.57168905093711,7.609531129900082,4.711229582432132,-92.39046887009992,False,True,False,304,70,1,1,32743.4199,0,1.0,1,0,0.006968641114982521,1
1787443200000,0.2296,0.2338,0.2166,0.2312,476692.49,2026-08-23,0.0069686411149825,0.0069444723528109,0.0069686411149825,0.126225438797111,2.411533622163701,0.1472381632029972,2.812981158262217,0.1115863966475921,2.13185511459614,0.0838743637863186,1.6024174701694625,0.2572,0.2634963006094457,0.3228499999999999,0.2899149302935278,0.307865,0.2910459763867121,0.236896,0.2557106994248799,0.206333,0.2313049702065396,-0.4849632434840722,-48.49632434840722,-0.2311273694712339,-23.112736947123388,-0.1056092843326886,-10.560928433268865,21.594565606006427,45.32312925170068,48.57881136950905,0.2933115300202598,0.283570358466008,0.0097411715542518,0.0280627735593853,-0.0183216020051335,-7.924568341320734,0.307865,0.0579689960237367,0.4238029920474734,0.1919270079525265,0.7531742292723981,0.1693706754529275,0.0678999999999999,29.36851211072664,0.0577357142857142,24.97219476025704,0.0467904761904761,20.23809523809524,550280.2175,0.8662722642759731,31394750.83,0.218658201998166,50.15314017275032,-122.19989581007668,44.293972168271225,8.22444273635665,7.266750475955017,-91.77555726364336,False,False,True,304,70,1,1,32743.4199,0,1.0,1,0,-0.046280276816608956,0
1787529600000,0.2312,0.2349,0.216,0.2205,375268.43,2026-08-24,-0.0462802768166089,-0.0473854419113216,0.0462802768166089,0.0785239169989798,1.5001973278255345,0.1330217224939233,2.541376439877882,0.1120813374766146,2.1413109458576005,0.0835451098347707,1.596127082257527,0.23798,0.2491642004062971,0.30988,0.2772940338765221,0.30603,0.2843273104656776,0.2378559999999999,0.2543268478280625,0.206502,0.2310804859234375,-0.3035375868603917,-30.35375868603916,-0.3703597944031982,-37.03597944031981,-0.1426905132192845,-14.269051321928456,0.690846286701202,40.63815643695989,47.74805282763292,0.2821097561709001,0.2788984441143145,0.0032113120565855,0.0230924812588253,-0.0198811692022397,-9.016403266321902,0.30603,0.0601953145580023,0.4264206291160046,0.1856393708839954,0.786789720720221,0.1447813229816001,0.0630142857142857,28.577907353417555,0.0566928571428571,25.71104632329122,0.0463047619047619,20.99989202030018,551709.8859999999,0.680191599829335,31019482.4,0.2186704321680627,44.86277788078608,-120.77658747185995,41.412960135087935,4.11222136817833,6.648731744811692,-95.88777863182167,True,True,False,304,70,1,1,32743.4199,0,1.0,1,0,-0.03809523809523807,0
1787616000000,0.2205,0.2221,0.2078,0.2121,387360.85,2026-08-25,-0.038095238095238,-0.0388398333162638,0.038095238095238,0.0368384121196525,0.7037968753387136,0.1318839943491304,2.5196401741916903,0.1114937676983747,2.1300854410061563,0.0827038839986569,1.5800554852248407,0.22918,0.2368094669375314,0.29561,0.2654405731716995,0.30304,0.2774485176002553,0.2382979999999999,0.2526673906959603,0.206628,0.2306865306860573,-0.171807887543928,-17.180788754392808,-0.4021984216459977,-40.219842164599775,-0.2199337991908788,-21.99337991908789,1.485608170844941,36.409666283084015,47.49073762209498,0.2713390244522277,0.2739503759654801,-0.0026113515132523,0.0179517147044098,-0.0205630662176621,-9.694986429826589,0.30304,0.0633807325861566,0.4298014651723132,0.1762785348276866,0.8365988989725007,0.1412947741003916,0.0543142857142857,25.607866909139883,0.0555214285714285,26.1770054556476,0.0458666666666666,21.625019644821624,549031.296,0.7055350994053352,30632121.55,0.2186589932945129,39.65675641236108,-124.9640845304202,38.043085228755466,1.6399694889397405,4.658877864491578,-98.36003051106024,False,True,False,304,70,1,1,32743.4199,0,1.0,1,0,-0.03771805752003776,0
1787702400000,0.2121,0.2147,0.1991,0.2041,325867.62,2026-08-26,-0.0377180575200377,-0.0384477917548377,0.0377180575200377,0.0347035587295542,0.6630105585893054,0.1187181390460603,2.2681068618066247,0.1114160756673112,2.1286011368368127,0.0829305221479572,1.584385400987551,0.2195,0.2259063112916876,0.27617,0.2542877416859356,0.299275,0.2704629432160301,0.2385739999999999,0.250758917225947,0.206598,0.2301352317195195,-0.1916831683168316,-19.168316831683168,-0.4878293601003765,-48.782936010037645,-0.2695060844667143,-26.95060844667143,2.8985507246376727,36.2594545037818,44.54655800242761,0.2609945591518262,0.2687762399105822,-0.007781680758756,0.0128050356117766,-0.0205867163705326,-10.08658322907039,0.299275,0.0669925359157351,0.4332600718314702,0.1652899281685298,0.8953976899605391,0.1448298355218501,0.0322285714285714,15.790578847903683,0.0552928571428571,27.0910618044376,0.0456238095238095,22.353654837731263,547198.425,0.5955200254825295,30306253.93,0.2186328957880591,34.83074158640589,-123.2296582042904,35.34985206516846,1.8456995201181263,2.532630125745404,-98.15430047988188,False,True,False,304,70,1,1,32743.4199,0,1.0,1,0,-0.007839294463498292,0
1787788800000,0.2041,0.2076,0.1976,0.2025,281143.59,2026-08-27,-0.0078392944634982,-0.0078701832692052,0.0078392944634982,0.0229223656237743,0.4379311803392713,0.1192433948122469,2.2781418591293945,0.1112396836057567,2.125231171232612,0.0816231055940623,1.5594072427974353,0.21408,0.2181042075277917,0.25741,0.2448717886521288,0.295185,0.2639902808847681,0.23919,0.2488627164260914,0.206615,0.2295627216121961,-0.1180313588850173,-11.803135888501735,-0.4809023327351961,-48.09023327351961,-0.2877242349630671,-28.772423496306715,3.0075187969924717,38.15726000964786,45.08599508599509,0.2519953962053481,0.2638668588199322,-0.0118714626145841,0.0078697359665044,-0.0197411985810886,-9.748740040043751,0.295185,0.0703669276009689,0.4359188552019378,0.154451144798062,0.9535298555274684,0.1707082319779879,0.0224999999999999,11.111111111111107,0.0539499999999999,26.641975308641968,0.0453809523809523,22.410346854791296,541611.649,0.5190870442300993,30025110.34,0.2186044453493734,32.167461962622546,-114.8490442338311,35.81144430530463,1.7988252569750427,1.7614980886776417,-98.20117474302496,False,True,False,304,70,1,1,32743.4199,0,1.0,1,0,-0.0755555555555556,0
1787875200000,0.2025,0.2053,0.1835,0.1872,329014.17,2026-08-28,-0.0755555555555556,-0.0785623225031022,0.0755555555555556,0.0241907069530778,0.4621628074117784,0.0944978803576786,1.805379469284606,0.110906256069952,2.118861047105409,0.0824056689524838,1.574358094767458,0.20528,0.2078028050185278,0.23124,0.2343860088971961,0.2895,0.2566769197040185,0.2395459999999999,0.2464400358323127,0.206482,0.228685908902616,-0.190311418685121,-19.031141868512105,-0.5829806192916017,-58.29806192916017,-0.3778664007976071,-37.78664007976072,3.5087719298245474,28.575184016824394,44.00479616306955,0.242026873712177,0.2581878001228072,-0.0161609264106301,0.0030636034910775,-0.0192245299017077,-10.269513836382332,0.2895,0.0743605370723222,0.4382210741446446,0.1407789258553554,1.027434018270429,0.1560675728427562,0.0205285714285714,10.966117216117214,0.0508785714285714,27.17872405372405,0.0451428571428571,24.11477411477411,540578.1989999999,0.608633812108283,29696096.169999994,0.2185494258592616,29.95441343462174,-111.02627939142457,32.41155801012232,1.2914485165794098,1.645324431224198,-98.70855148342058,False,True,False,304,70,1,1,32743.4199,0,1.0,1,0,-0.027243589743589758,0
1787961600000,0.1872,0.1885,0.1782,0.1821,326496.5,2026-08-29,-0.0272435897435897,-0.0276215773099294,0.0272435897435897,0.0246645433701973,0.4712154394499677,0.0570658824249338,1.0902421529099742,0.1097799427159778,2.0973428606916014,0.0824825298028479,1.575826519251836,0.1976,0.1992352033456852,0.21779,0.2248794618249784,0.2848449999999999,0.2495743549592192,0.2397139999999999,0.2439123513160675,0.2063289999999999,0.2277225486912643,-0.1741496598639454,-17.414965986394552,-0.4248262792166771,-42.482627921667714,-0.338299418604651,-33.82994186046511,0.0,27.33000787608296,42.18042493904564,0.2328073546795027,0.2525516372662348,-0.0197442825867321,-0.0014979737244843,-0.0182463088622477,-10.01993896883456,0.2848449999999999,0.0781217637645503,0.4410885275291007,0.1286014724708991,1.0970424443406122,0.171202379948624,0.0154428571428571,8.480426767082449,0.0456857142857142,25.088256060249464,0.0445761904761904,24.4789623702309,541182.8545,0.6033016332375326,29369599.669999994,0.2184764830994203,28.70005051051942,-106.11299233648192,24.832525944040228,1.3365318711446248,1.4756018815663638,-98.66346812885538,False,True,False,304,70,1,1,32743.4199,0,1.0,1,0,-0.04448105436573324,0
1788048000000,0.1821,0.1853,0.1723,0.174,354214.92,2026-08-30,-0.0444810543657332,-0.0455006875190333,0.0444810543657332,0.024881024348549,0.4753513027341761,0.0296571959437729,0.5665999329379425,0.1060548780019225,2.0261755992561405,0.08265933862053,1.5792044469706763,0.1899799999999999,0.1908234688971234,0.20958,0.2156286505840731,0.278295,0.2423767964606911,0.239812,0.2411659449632915,0.2061909999999999,0.2266125820487568,-0.1796322489391797,-17.963224893917975,-0.3205778992581023,-32.05778992581023,-0.4295081967213114,-42.95081967213115,0.0,17.4920359108022,40.83159359777314,0.2237600693441682,0.2467329692559186,-0.0229728999117504,-0.0057929589619375,-0.0171799409498128,-9.873529281501629,0.278295,0.0817504319962834,0.4417958639925669,0.1147941360074331,1.1750183366037252,0.1810567312820391,0.0148428571428571,8.530377668308697,0.0413714285714285,23.776683087027912,0.0434380952380952,24.964422550629447,544892.5804999999,0.6500637605947363,29015384.749999996,0.2183849742616798,28.294718027323253,-99.1246882396861,17.718705157968472,0.5710446758481624,1.0663416878574037,-99.42895532415184,False,True,False,304,70,1,1,32743.4199,0,1.0,1,0,-0.08735632183908038,0
1788134400000,0.174,0.178,0.155,0.1588,494788.05,2026-08-31,-0.0873563218390803,-0.0914097504014935,0.0873563218390803,0.0330268700910131,0.6309774671279155,0.0321711121083531,0.6146282338252957,0.1040280253085668,1.9874526329208284,0.0836606990774211,1.5983354116376285,0.18092,0.1801489792647489,0.20021,0.2052961686596961,0.269725,0.2344171006758088,0.2395779999999999,0.2379305366762433,0.205856,0.2252127025550557,-0.2219500244977952,-22.195002449779523,-0.3710891089108911,-37.10891089108911,-0.5190793458509995,-51.90793458509994,0.0,17.154217551831863,39.27533754913691,0.2137662125219638,0.2402193867348965,-0.0264531742129326,-0.0099250020121366,-0.016528172200796,-10.40816889218896,0.269725,0.0849444268795472,0.4396138537590945,0.0998361462409055,1.259719000901618,0.173536557738821,0.0154285714285714,9.71572508096437,0.0392214285714285,24.69863260165527,0.0429380952380952,27.039102794770297,553069.7855,0.8946213714290853,28520596.69999999,0.2182168691835533,28.0448040469214,-99.8862421482352,19.76973058578368,1.2063492063492058,1.0379752511140026,-98.7936507936508,False,True,False,304,70,1,1,32743.4199,0,1.0,1,0,-0.06234256926952131,0
1788220800000,0.1588,0.1621,0.1466,0.1489,402186.59,2026-09-01,-0.0623425692695213,-0.0643706091230719,0.0623425692695213,0.0240199198164902,0.4588999237487145,0.028747333980695,0.5492170445408011,0.104227448144267,1.991262600847272,0.0840348496704461,1.605483548680611,0.1702,0.1697326528431659,0.19214,0.1950423198124785,0.26097,0.2262726140789084,0.2392499999999999,0.234433565285281,0.2055399999999999,0.2236386763726505,-0.2646913580246913,-26.46913580246914,-0.3514808362369338,-35.148083623693374,-0.5404320987654321,-54.04320987654321,0.0,0.5277044854881154,36.86030428769018,0.2037867952108716,0.2334549595980747,-0.029668164387203,-0.0138736344871498,-0.0157945299000531,-10.60747474818882,0.26097,0.0880237593523835,0.4370175187047671,0.0849224812952329,1.349178209792444,0.1817052554204351,0.0155999999999999,10.476830087306912,0.0349571428571428,23.47692602897438,0.0422142857142857,28.350762736256343,560458.5065,0.7176027936690796,28118410.109999992,0.218052452344776,29.74647147447417,-100.07079603899138,0.0,0.7111935683364244,0.8295291501779357,-99.28880643166356,False,True,False,304,70,1,1,32743.4199,0,1.0,1,0,-0.08126259234385491,0
1788307200000,0.1489,0.1515,0.1355,0.1368,454112.99,2026-09-02,-0.0812625923438549,-0.0847549345015131,0.0812625923438549,0.0250914867971031,0.47937218216805,0.0253942938432964,0.4851573026626359,0.1044338417599597,1.9952057453384788,0.0844222605579419,1.612885023293744,0.1601199999999999,0.1587551018954439,0.1827,0.1844528071193005,0.2527749999999999,0.2177514119634939,0.238486,0.2305989214823171,0.205181,0.2218490161263194,-0.2692307692307693,-26.923076923076923,-0.4083044982698961,-40.830449826989614,-0.5450615231127369,-54.506152311273695,0.0,0.8743169398907042,37.74787535410765,0.1934811344091809,0.2262953054034365,-0.0328141709942556,-0.017661741788571,-0.0151524292056845,-11.076337138658308,0.2527749999999999,0.0916836717081878,0.4361423434163756,0.0694076565836243,1.4508344845524723,0.1837632103971386,0.0156571428571428,11.44527986633249,0.0239428571428571,17.50208855472013,0.0420809523809523,30.76093010303536,567936.208,0.7995845019270192,27664297.119999997,0.2178360404115753,34.831691249172394,-100.65071368597816,0.0,0.6582278481012636,0.8585902075956361,-99.34177215189874,False,True,False,304,70,1,1,32743.4199,0,1.0,1,0,-0.05847953216374269,0
1788393600000,0.1368,0.1392,0.1263,0.1288,542329.78,2026-09-03,-0.0584795321637426,-0.0602591915181968,0.0584795321637426,0.017456817709676,0.3335120340562443,0.0254450839950994,0.4861276471503623,0.0935566156051281,1.787396631436985,0.0847097506877377,1.6183775145114372,0.1494599999999999,0.1487700679302959,0.17353,0.1743341149157913,0.2417049999999999,0.2092798482226361,0.23767,0.2266009203044569,0.204866,0.2199329132238209,-0.2926963207029105,-29.269632070291056,-0.4158730158730158,-41.58730158730159,-0.6322101656196459,-63.2210165619646,0.0,1.2260536398467394,33.77532228360957,0.1835301906539074,0.2190734051908387,-0.0355432145369312,-0.021238036338243,-0.0143051781986881,-11.106504812646088,0.2417049999999999,0.0926621734837731,0.4270293469675462,0.0563806530324537,1.5334754925843177,0.1953854098302265,0.0160714285714285,12.47781721384205,0.0192857142857142,14.973380656610471,0.0413238095238095,32.083703046435964,578365.23,0.937694300883198,27121967.339999992,0.2175461940076284,41.13394144600294,-101.44015057625906,0.0,1.6891891891891906,1.0195368685422974,-98.3108108108108,False,True,False,304,70,1,1,32743.4199,0,1.0,1,0,-0.03881987577639756,0
1788480000000,0.1288,0.1288,0.1207,0.1238,502037.82,2026-09-04,-0.0388198757763975,-0.0395934534197575,0.0388198757763975,0.0193463672083051,0.3696118265395238,0.0254019624830526,0.4853038118194629,0.092596770129421,1.7690588093718949,0.0848705031340338,1.6214486856856662,0.13942,0.1404467119535306,0.1647,0.165146094022011,0.230155,0.2011389096909106,0.236754,0.22256380056361,0.204563,0.2179548689600128,-0.2885057471264367,-28.85057471264368,-0.4163130598774164,-41.631305987741634,-0.6510710259301015,-65.10710259301014,0.0,1.2130401819560177,30.260137719969396,0.1743409305532947,0.2120160926288394,-0.0376751620755447,-0.0245254614857034,-0.0131497005898413,-10.621729070954226,0.230155,0.0922189469914428,0.4145928939828858,0.0457171060171142,1.602727674679114,0.2116780133862598,0.0141142857142856,11.40087699053772,0.0173214285714285,13.991460881606274,0.0386238095238095,31.198553734902685,567680.3145,0.8843671467491058,26619929.519999992,0.2172579391312755,47.93922122150072,-103.2434243696821,0.0,2.2962962962962905,1.5479044445289194,-97.70370370370372,False,True,False,304,70,1,1,32743.4199,0,1.0,1,0,0.020193861066235774,1
1788566400000,0.1238,0.1342,0.122,0.1263,698397.88,2026-09-05,0.0201938610662357,0.0199926691059496,0.0201938610662357,0.0389942045422289,0.7449832317419198,0.0341445628239075,0.6523309568072457,0.0852165625745802,1.6280601420141037,0.0849268646858536,1.6225254716212592,0.1329199999999999,0.1357311413023537,0.15692,0.1580831678361908,0.216545,0.19401139400241,0.235874,0.2187836116373737,0.20404,0.2160704244219689,-0.2046599496221662,-20.465994962216627,-0.3811856932876041,-38.118569328760415,-0.6830614805520703,-68.30614805520702,4.74383301707779,3.6771300448430537,30.95742631477557,0.1669500181604722,0.2056667330337291,-0.0387167148732569,-0.0273637121632141,-0.0113530027100428,-8.988917426795602,0.216545,0.0859386346240889,0.3884222692481779,0.044667730751822,1.587450823137712,0.2374725570322711,0.0143857142857142,11.390114240470524,0.0149142857142857,11.80861893450967,0.0352523809523809,27.911623873619124,576023.672,1.2124464912615605,27318327.39999999,0.2168730461150601,53.56547337679361,-97.9085363939778,8.778824742843327,4.903677758318733,2.9630544146014093,-95.09632224168126,True,False,False,304,70,1,1,32743.4199,0,1.0,1,0,0.009501187648456089,1
1788652800000,0.1263,0.1297,0.1242,0.1275,517987.46,2026-09-06,0.009501187648456,0.0094563352420354,0.009501187648456,0.0435782000816202,0.832560343554214,0.0366633102393195,0.7004515586121399,0.0860699061584051,1.6443632482917463,0.0848986186253994,1.6219858313939968,0.12864,0.1329874275349025,0.14942,0.1525225918659743,0.2034149999999999,0.187676975140155,0.2349599999999999,0.2151991813602724,0.2034949999999999,0.2142507764860435,-0.1437206178643385,-14.372061786433848,-0.3703703703703703,-37.03703703703704,-0.6731607280184568,-67.31607280184568,9.5607235142119,3.330333033303347,32.57545271629779,0.1608807845973171,0.1998765882796491,-0.0389958036823319,-0.0296901304670377,-0.0093056732152942,-7.2985672276817875,0.2034149999999999,0.0776914496074394,0.3587978992148788,0.0480321007851211,1.527742784110108,0.2557163613770096,0.0133142857142857,10.442577030812316,0.0140785714285714,11.042016806722687,0.0320190476190476,25.112978524743223,559265.1585,0.9261929732745904,27836314.859999992,0.2165885416259375,59.35778025807047,-95.10640384426794,9.162280642955864,5.954465849387041,4.3848133013340265,-94.04553415061297,False,False,True,304,70,1,1,32743.4199,0,1.0,1,0,0.03921568627450989,1
1788739200000,0.1275,0.1433,0.1266,0.1325,1099648.48,2026-09-07,0.0392156862745098,0.0384662808277961,0.0392156862745098,0.0412358755468965,0.787810296152244,0.0432612604838095,0.8265052210400894,0.0752892865868816,1.4383998005728391,0.0851019450704997,1.625870377673313,0.12778,0.132824951689935,0.14395,0.1488821206176153,0.187595,0.1824220248372074,0.23416,0.2119520021038639,0.20279,0.2125724822069076,-0.0314327485380117,-3.143274853801168,-0.2922008547008546,-29.220085470085465,-0.7048340387614168,-70.48340387614168,25.73964497041422,8.25426944971538,25.944751381215468,0.1565145100438804,0.1948857168145417,-0.0383712067706613,-0.0314263457277624,-0.0069448610428989,-5.241404560678443,0.187595,0.0535300552567388,0.2946551105134776,0.0805348894865224,1.1413962047333628,0.2426912799932885,0.0124142857142857,9.36927223719676,0.0139214285714285,10.506738544474391,0.0302857142857142,22.85714285714285,564870.3805,1.9467271040599377,28935963.339999992,0.2160372974647056,63.7130850136221,-83.81065080321214,22.846061431638745,11.637080867850104,7.49840815851863,-88.3629191321499,True,False,False,304,70,1,1,32743.4199,0,1.0,1,0,-0.05207547169811333,0
1788825600000,0.1325,0.1325,0.124,0.1256,627511.46,2026-09-08,-0.0520754716981133,-0.0534803913921787,0.0520754716981133,0.0392368051455663,0.7496181097608086,0.0435986329924153,0.832950713766832,0.050151885081252,0.9581504191300744,0.0853826691811154,1.631233604276073,0.1271399999999999,0.1304166344599566,0.1383,0.1446490077780489,0.178045,0.1770104031543096,0.233188,0.2085615620491956,0.202012,0.2107882873057426,-0.0248447204968944,-2.4844720496894475,-0.3102690829214718,-31.026908292147183,-0.6032849020846494,-60.32849020846495,30.419580419580413,8.37343599615015,24.80211081794197,0.151758431575588,0.1897534290463585,-0.0379949974707705,-0.032740076076364,-0.0052549213944064,-4.183854613380947,0.178045,0.0457803160987918,0.2696056321975837,0.0864843678024162,1.0285111314283883,0.2136050792723554,0.0114142857142857,9.087807097361235,0.0135071428571428,10.754094631483168,0.0271095238095238,21.584015771913865,541855.2085,1.1580795942464397,28308451.87999999,0.2157003052926083,67.28786437242412,-88.61079093254295,22.911809851758196,5.212765957446795,7.601437558227984,-94.7872340425532,False,True,False,304,70,1,1,32743.4199,0,1.0,1,0,-0.06210191082802541,0
1788912000000,0.1256,0.1279,0.112,0.1178,657752.29,2026-09-09,-0.0621019108280254,-0.0641139828166119,0.0621019108280254,0.0452620780750863,0.864730787448586,0.0443475224773092,0.8472582272864265,0.03671825574159,0.7015012909590799,0.0857422438274202,1.638103268247972,0.12594,0.1262110896399711,0.13268,0.1397673700002218,0.17113,0.1713713168852197,0.2320019999999999,0.2049981580266336,0.201211,0.2088820395087024,-0.0484652665589659,-4.846526655896601,-0.3229885057471263,-32.29885057471264,-0.5400234283483014,-54.00234283483015,30.63380281690144,8.389585342333675,16.49558367152065,0.1465340574870331,0.1844235334430227,-0.0378894759559896,-0.0337699560522891,-0.0041195199037004,-3.4970457586591195,0.17113,0.043770599360999,0.2586711987219982,0.0835888012780018,1.0230958770758856,0.1954005612296992,0.0113999999999999,9.677419354838708,0.0135285714285714,11.484356051418873,0.0197619047619047,16.775810493976877,525425.3389999999,1.2518472962340328,27650699.589999992,0.2153175398422836,70.71455026417212,-94.0178402526156,22.663574067617503,6.06694560669456,7.638930810663823,-93.93305439330544,False,True,False,304,70,1,1,32743.4199,0,1.0,1,0,-0.06791171477079805,0
1788998400000,0.1178,0.1184,0.109,0.1098,504009.91,2026-09-10,-0.067911714770798,-0.0703277421420561,0.067911714770798,0.0480911002872465,0.918779180922092,0.0422900155763951,0.8079496131380272,0.0368886071313567,0.7047558496908193,0.0860952835405534,1.6448480824969292,0.12264,0.1207407264266474,0.12778,0.1343187572729087,0.163995,0.1655073817044269,0.230786,0.2012607380553956,0.200351,0.2068522871273626,-0.1306413301662707,-13.06413301662708,-0.3085642317380352,-30.856423173803528,-0.5651485148514852,-56.51485148514851,27.70700636942678,7.901907356948243,16.51135005973717,0.1408826640274869,0.1788958528042133,-0.0380131887767263,-0.0346186025971766,-0.0033945861795497,-3.091608542395022,0.163995,0.0413735037891343,0.2467420075782687,0.0812479924217312,1.0091406149976367,0.1725259221686171,0.0109,9.927140255009109,0.0134857142857142,12.282071298464745,0.0164904761904761,15.018648625206,505183.1865,0.9976775226663248,27146689.679999992,0.2150055777956799,74.48469222829797,-98.069566438605,22.670081621332685,0.8307372793354051,4.0368162811589245,-99.1692627206646,False,True,False,304,70,1,1,32743.4199,0,1.0,1,0,0.04280510018214945,1
1789084800000,0.1098,0.1148,0.1089,0.1145,478529.94,2026-09-11,0.0428051001821494,0.0419142939188641,0.0428051001821494,0.056008741212606,1.0700454984067471,0.0475888469566811,0.9091836445148164,0.0392576883653896,0.7500170831153299,0.0863366693817035,1.649459752516817,0.12004,0.1186604842844316,0.12434,0.1307153468596526,0.15824,0.1606495356484199,0.22963,0.1978547146970322,0.199426,0.2049616899807392,-0.1019607843137254,-10.196078431372548,-0.2310275352585628,-23.10275352585628,-0.5013066202090593,-50.13066202090592,32.44047619047622,13.467336683417102,4.116355653128437,0.1368237926386412,0.1741257804488773,-0.0373019878102361,-0.0351552796397885,-0.0021467081704475,-1.8748542973341404,0.15824,0.0397405453833797,0.2377210907667594,0.0787589092332405,1.0045638367891745,0.2248402130743472,0.0105857142857142,9.245165315034312,0.01235,10.786026200873362,0.0150761904761904,13.166978581825743,491767.5610000001,0.9730815489881408,27625219.619999997,0.214712088604811,76.86373721166892,-90.08545297703304,28.0885158929171,7.035175879396995,4.644286255142325,-92.964824120603,False,True,False,304,70,1,1,32743.4199,0,1.0,1,0,0.024454148471615644,1
1789171200000,0.1145,0.1188,0.1134,0.1173,492788.33,2026-09-12,0.0244541484716156,0.0241599326651353,0.0244541484716156,0.0523774909559828,1.00067055966391,0.0453656792071795,0.8667100842980794,0.0403836080747135,0.771527748958653,0.0861286236879832,1.645485045119211,0.1169999999999999,0.1182069895229544,0.12239,0.1282761928851703,0.152545,0.1565210083058667,0.22837,0.1946924580039853,0.198703,0.2031683176044963,-0.1147169811320755,-11.47169811320755,-0.1425438596491228,-14.254385964912284,-0.4926470588235293,-49.264705882352935,35.51136363636364,16.666666666666686,7.577692635163899,0.1338201322326954,0.1699164558740087,-0.0360963236413133,-0.0353434884400934,-0.0007528352012198,-0.6418032405966237,0.152545,0.0367861311823962,0.2261172623647925,0.0789727376352075,0.9645974940482152,0.260473588366461,0.0096142857142857,8.196322007063694,0.012,10.230179028132993,0.013147619047619,11.208541387569522,492572.353,1.0004384675645814,28118007.94999999,0.2144227082536356,76.93600316906499,-77.43049888471795,33.71519242152648,10.994764397905769,6.286892518879394,-89.00523560209423,True,False,False,304,70,1,1,32743.4199,0,1.0,1,0,-0.05711849957374249,0
1789257600000,0.1173,0.1191,0.1095,0.1106,511906.45,2026-09-13,-0.0571184995737424,-0.0588146665711952,0.0571184995737424,0.0531214457617055,1.014883796270314,0.0452202888768219,0.8639324059367598,0.0406491221617933,0.7766003884697747,0.0864322035491941,1.6512849302239765,0.114,0.1156713263486362,0.12057,0.1250623396333211,0.14705,0.1521475788111954,0.226958,0.1913914567329506,0.1980579999999999,0.2012758073247947,-0.1194267515923566,-11.942675159235655,-0.1413043478260869,-14.130434782608692,-0.4984126984126984,-49.84126984126984,20.325203252032537,16.910229645093963,9.828823854224185,0.1302478041968951,0.1655226370745392,-0.0352748328776441,-0.0353297573276036,5.492444995950502e-05,0.0496604430013607,0.14705,0.0342197003893501,0.2154894007787002,0.0786105992212997,0.9308317004923528,0.2337060261685984,0.0101999999999999,9.222423146473778,0.0117571428571428,10.630328080599329,0.0127857142857142,11.560320330663911,499404.254,1.0250342200729432,27606101.499999996,0.2141134248156669,76.14015497985187,-79.71981320880587,33.87563826719526,2.460202604920416,6.830047627407731,-97.5397973950796,True,True,False,304,70,1,1,32743.4199,0,1.0,1,0,0.025316455696202445,1
1789344000000,0.1106,0.1144,0.1096,0.1134,506792.87,2026-09-14,0.0253164556962024,0.0250013022054171,0.0253164556962024,0.0518050911131372,0.9897348760212332,0.0458816203754633,0.8765671264777843,0.0426630716327642,0.8150768390875597,0.0860007296279408,1.643041632532919,0.11312,0.1149142175657575,0.11953,0.1229419142454446,0.142115,0.1484573331091982,0.225378,0.1883300653733184,0.197441,0.1994803864764483,-0.0373514431239389,-3.735144312393889,-0.0840064620355411,-8.400646203554114,-0.4653465346534653,-46.53465346534654,31.40243902439026,22.781774580335732,11.425402107598458,0.1276558343204491,0.1616616950934789,-0.0340058607730298,-0.0350649780166888,0.001059117243659,0.9339658233324892,0.142115,0.0313406625899803,0.2047963251799607,0.0794336748200392,0.8821211720080319,0.2709445363706173,0.0084999999999999,7.495590828924158,0.0104571428571428,9.22146636432351,0.0121142857142857,10.682791635172588,505375.855,1.0028038834581838,28112894.369999997,0.2138072775143097,74.43998829940072,-77.39240547963232,34.69020099145928,8.458646616541362,7.30453787312252,-91.54135338345864,False,False,True,304,70,1,1,32743.4199,0,1.0,1,0,-0.051146384479717755,0
1789430400000,0.1134,0.1146,0.104,0.1076,503849.11,2026-09-15,-0.0511463844797177,-0.0525007435659675,0.0511463844797177,0.0471710994016531,0.901202588682276,0.0465908861606949,0.8901176302782535,0.0428969304429296,0.8195447053823991,0.0859008023661895,1.6411325248777529,0.11268,0.1124761450438383,0.11766,0.1201524752917274,0.13729,0.1445661584310791,0.223912,0.1851612936071893,0.1967349999999999,0.1976043274175506,-0.0200364298724954,-2.003642987249539,-0.1480601741884402,-14.806017418844016,-0.4728074473297403,-47.28074473297404,33.44155844155844,23.95964691046659,12.622549019607844,0.1245703213480717,0.1576571194189532,-0.0330867980708814,-0.0346693420275273,0.0015825439566458,1.4707657589645782,0.13729,0.0286044144550423,0.1944988289100847,0.0800811710899152,0.8334012515126342,0.2405120803410971,0.0087999999999999,8.178438661710032,0.0101071428571428,9.39325544344132,0.0119380952380952,11.094884050274386,514274.9295,0.9797271480642924,27609045.259999994,0.2134935855178936,70.18501775872576,-84.15941454320327,34.91866752970171,7.5789473684210655,6.16593219662762,-92.42105263157892,True,True,False,304,70,1,1,32743.4199,0,1.0,1,0,0.01579925650557623,1
1789516800000,0.1076,0.1107,0.1055,0.1093,498764.15,2026-09-16,0.0157992565055762,0.0156757474548088,0.0157992565055762,0.0418403138349742,0.7993580734316342,0.0469982661944016,0.897900614894066,0.043871987516914,0.83817314462452,0.0859455906578444,1.6419882039883549,0.11164,0.1114174300292255,0.11584,0.1181792979659587,0.1326299999999999,0.1412074766005401,0.222464,0.1821837346463706,0.19593,0.195802397010481,-0.0454148471615721,-4.541484716157214,-0.1427450980392157,-14.274509803921577,-0.4602469135802469,-46.0246913580247,48.97959183673469,30.04354136429609,12.676056338028175,0.1222210411406756,0.1540751058790705,-0.0318540647383948,-0.0341062865697008,0.002252221831306,2.060587219859118,0.1326299999999999,0.0247543956755806,0.1821387913511613,0.0831212086488386,0.7465700271606933,0.2643852802371764,0.0072714285714285,6.652725133969412,0.0093357142857142,8.541367141550129,0.0114428571428571,10.469219709841854,525155.9575,0.9497448193758709,28107809.409999996,0.2131842111547272,65.22164779535579,-84.1426589406676,35.273953585094105,13.486005089058516,9.84119969134032,-86.51399491094148,False,False,True,304,70,1,1,32743.4199,0,1.0,1,0,-0.0027447392497712553,0
1789603200000,0.1093,0.1104,0.1075,0.109,480225.97,2026-09-17,-0.0027447392497712,-0.0027485129533491,0.0027447392497712,0.038077279661851,0.7274654064992284,0.0434294408455817,0.8297183023402334,0.0428521376203076,0.8186889397077932,0.0822652941579858,1.571676238084192,0.10998,0.1106116200194837,0.11349,0.1165103346994207,0.12872,0.1381400978145437,0.220406,0.1793113686694795,0.195222,0.1940321839537785,-0.0707587382779199,-7.075873827791988,-0.1773584905660378,-17.73584905660378,-0.4177350427350428,-41.77350427350427,36.318407960198975,33.82352941176471,13.538260300850226,0.1201870348113406,0.1507362050959466,-0.0305491702846059,-0.0333948633126818,0.0028456930280759,2.6107275486935237,0.12872,0.0216643680292159,0.1720487360584318,0.0853912639415681,0.6732246124678664,0.2724373961266008,0.0063428571428571,5.819134993446914,0.0086214285714285,7.909567496723464,0.0111047619047619,10.18785495849716,532716.5475000001,0.9014662154830096,27627583.439999998,0.2128893738588261,59.44890218069606,-81.73172883145644,41.37460693256585,12.722646310432577,11.26253292263739,-87.27735368956743,False,False,True,304,70,1,1,32743.4199,0,1.0,1,0,0.012844036697247763,1
1789689600000,0.109,0.1115,0.1079,0.1104,304349.1,2026-09-18,0.0128440366972477,0.0127622516138512,0.0128440366972477,0.0303273556827853,0.5794033167744316,0.0426941869486044,0.815671296362003,0.0437095241223706,0.8350692858299223,0.0782080074480985,1.4941618843303652,0.10994,0.1105410800129891,0.11197,0.1153993647540715,0.125135,0.135498183688548,0.21766,0.1766067767470372,0.194568,0.1923276313838837,-0.0018083182640145,-0.1808318264014518,-0.1210191082802547,-12.101910828025472,-0.3937397034596376,-39.37397034596376,31.5508021390374,38.36805555555556,15.147361206305687,0.1186813371480572,0.147748334694942,-0.0290669975468847,-0.0325292901595224,0.0034622926126377,3.1361346128965017,0.125135,0.0179864064167783,0.1611078128335566,0.0891621871664433,0.5749440657459015,0.2951925518282702,0.0060142857142857,5.447722567287779,0.0083,7.51811594202899,0.0102380952380952,9.273636991028296,531609.1775,0.5725053533335587,27931932.539999995,0.212705109294813,52.863092973809024,-76.44666296912567,46.21962262075152,16.28498727735369,14.164546225614933,-83.7150127226463,True,False,False,304,70,1,1,32743.4199,0,1.0,1,0,,0
