timestamp,open,high,low,close,volume,date,return,log_return,abs_return,volatility_5,volatility_5_annualized,volatility_10,volatility_10_annualized,volatility_20,volatility_20_annualized,volatility_50,volatility_50_annualized,sma_5,ema_5,sma_10,ema_10,sma_20,ema_20,sma_50,ema_50,sma_100,ema_100,momentum_5,roc_5,momentum_10,roc_10,momentum_20,roc_20,rsi_6,rsi_14,rsi_24,ema_12,ema_26,macd,macd_signal,macd_hist,macd_hist_pct,bb_mid,bb_std,bb_upper,bb_lower,bb_width,bb_pct,atr_7,atr_7_pct,atr_14,atr_14_pct,atr_21,atr_21_pct,volume_sma,volume_ratio,obv,vwap,adx,cci,mfi,stoch_k,stoch_d,williams_r,higher_high,lower_low,inside_bar
1774396800000,0.025,0.1779,0.025,0.1644,6861011.12,2026-03-25,,,,,,,,,,,,,0.1644,,0.1644,,0.1644,,0.1644,,0.1644,,,,,,,,,,0.1644,0.1644,0.0,0.0,0.0,0.0,,,,,,,,,,,,,,,,0.12243333333333332,,,,,,,False,False,False
1774483200000,0.1644,0.2531,0.1598,0.2031,5583354.0,2026-03-26,0.23540145985401462,0.2113959859642595,0.23540145985401462,,,,,,,,,,0.18761999999999998,,0.185685,,0.1847175,,0.18413699999999997,,0.1839435,,,,,,,,,,0.18536249999999999,0.18449423076923074,0.0008682692307692419,0.000482371794871801,0.00038589743589744087,0.1900036612001186,,,,,,,,,,,,,,,5583354.0,0.15962768130823424,,,,,,,True,False,False
1774569600000,0.2031,0.2039,0.1446,0.1591,3516087.11,2026-03-27,-0.21664204825209266,-0.24416553324259793,0.21664204825209266,,,,,,,,,,0.17411052631578947,,0.17499800664451828,,0.17531090757701914,,0.17545532595653912,,0.17549616346121796,,,,,,,,,,0.1751122401847575,0.17537033021192705,-0.00025809002716956075,0.0001789038350187839,-0.0004369938621883447,-0.27466616102347247,,,,,,,,,,,,,,,2067266.8900000001,0.1617364628063967,,,,,,,False,True,False
1774656000000,0.1591,0.1932,0.1461,0.1749,2996389.02,2026-03-28,0.099308610936518,0.09468144668081528,0.099308610936518,,,,,,,,,,0.17443846153846154,,0.1749657178217822,,0.1751922849127182,,0.17530805577768893,,0.1753426218628137,,,,,,,,,,0.17504524425287354,0.17523884643790477,-0.0001936021850312275,5.271615885008087e-05,-0.0002463183438813084,-0.14083381582693447,,,,,,,,,,,,,,,5063655.91,0.163263917531549,,,,,,,False,False,True
1774742400000,0.1749,0.2096,0.1672,0.1881,3842884.08,2026-03-29,0.07547169811320753,0.0727593542824283,0.07547169811320753,,,,,,,,,0.17792,0.1796829383886256,,0.17873621301543108,,0.17831455135006052,,0.1780751243972782,,0.1779971667178621,,,,,,,,,,0.17859217473197553,0.17822140099605482,0.00037077373592070417,0.0001473310972932696,0.00022344263862743456,0.11878928156695086,,,,,,,,,,,,,,,8906539.99,0.16748373866320898,,,,,,,True,False,False
1774828800000,0.1881,0.194,0.1458,0.1526,2406558.41,2026-03-30,-0.18872939925571497,-0.20915361745662797,0.18872939925571497,0.1959081162812887,3.742819306229232,,,,,,,0.17556,0.16978646616541357,,0.17194773570299648,,0.17288995558911827,,0.17339360120954442,,0.1735498696172789,-0.07177615571776141,-7.177615571776143,,,,,45.99184782608696,,,0.17227470882887408,0.17308963872550856,-0.0008149298966344809,-0.00011349513273745464,-0.0007014347638970263,-0.459655808582586,,,,,,,,,,,,,,,6499981.58,0.1671638602469105,,,,,,,False,True,False
1774915200000,0.1526,0.1636,0.1293,0.1308,1909461.22,2026-03-31,-0.1428571428571429,-0.15415067982725836,0.1428571428571429,0.1505209122832804,2.875697991379782,,,,,,,0.16110000000000002,0.15598309859154935,,0.1620327843428702,,0.16493178678981305,,0.16655480879372944,,0.16707027417591594,-0.3559822747415067,-35.59822747415067,,,,,40.059171597633146,,,0.16301977266264436,0.1655686457018527,-0.002548873039208338,-0.0007298243108947171,-0.001819048728313621,-1.3907100369370191,,,,,,,0.06821428571428571,52.15159458278724,,,,,,,4590520.36,0.16533786079055474,,,,,,,False,True,False
1775001600000,0.1308,0.2049,0.12,0.1506,5965644.44,2026-04-01,0.15137614678899092,0.14095787634269497,0.15137614678899092,0.15369935546404728,2.9364220630851414,,,,,,,0.15940000000000001,0.15411587628865983,,0.1594317708071628,,0.16245446542897474,,0.16427032538211936,,0.164864522955813,-0.053425518541797445,-5.3425518541797485,,,,,32.511658894070635,,,0.16042795753522476,0.16315682598130482,-0.002728868446080057,-0.0012102322086130484,-0.0015186362374670088,-1.0083905959276285,,,,,,,0.058499999999999996,38.84462151394422,,,,,,,10556164.8,0.16410477333726092,,,,,,,True,True,False
1775088000000,0.1506,0.1601,0.1354,0.1441,2291930.29,2026-04-02,-0.04316069057104921,-0.044119812360316875,0.04316069057104921,0.14328787795102513,2.7375110644914975,,,,,,,0.15324,0.15068808617182206,,0.15609611400360665,,0.15951031942520688,,0.16165423675682555,,0.16236851925073598,-0.17610062893081757,-17.610062893081757,,,,,43.3392539964476,,,0.1571977063741877,0.16033218601757465,-0.0031344796433869504,-0.00165474291228657,-0.0014797367311003805,-1.0268818397643167,,,,,,,0.04870000000000001,33.795975017349065,,,,,,,8264234.510000001,0.16296627358838653,,,,,,,False,False,True
1775174400000,0.1441,0.1727,0.138,0.1445,2922806.74,2026-04-03,0.002775850104094202,0.00277200454701027,0.002775850104094202,0.13330396296534092,2.546768636513085,,,,,,,0.14452,0.14858898922878072,0.16122,0.15366027876721305,,0.1572498953816994,,0.15961394828266467,,0.16041660840074023,-0.23179160021265288,-23.179160021265286,,,,,34.36213991769546,,,0.15479149595117161,0.15814749843687453,-0.003356002485702919,-0.0020359238147145365,-0.0013200786709883826,-0.9135492532791575,,,,,,,0.04518571428571429,31.270390509144836,,,,,,,11187041.25,0.16210896198671582,,,,,,,True,False,False
1775260800000,0.1445,0.188,0.1424,0.1653,2127826.65,2026-04-04,0.1439446366782009,0.13448249727449182,0.1439446366782009,0.12589795329598757,2.405277020449685,0.15566052497851407,2.9738901540497604,,,,,0.14706,0.15422447815235954,0.16131,0.15603812829595454,,0.15839858755113598,,0.1602403009848165,,0.16090626483837606,0.08322411533420704,8.3224115334207,0.005474452554744547,0.5474452554744599,,,39.12213740458016,,,0.1567142988141781,0.15907518015552766,-0.002360881341349569,-0.002107022664755747,-0.0002538586765938218,-0.15357451699565747,,,,,,,0.044971428571428565,27.205945899230834,,,,,,,13314867.9,0.1622734219197331,,,,,,,True,False,False
1775347200000,0.1653,0.2022,0.155,0.1934,1629908.61,2026-04-05,0.1699939503932244,0.15699857819221544,0.1699939503932244,0.09783941832141332,1.8692194624434728,0.14630909375298254,2.7952313113423988,,,,,0.15958,0.16738441361916775,0.16034,0.16350296188260913,,0.16316676538169458,,0.1636510790657956,,0.16392175376698104,0.4785932721712538,47.859327217125376,-0.047759724273756854,-4.775972427375684,,,70.94455852156057,,,0.1632368960510119,0.16329252510940878,-5.5629058396872155e-05,-0.0016664693502358547,0.0016108402918389826,0.832906045418295,,,,,,,0.045657142857142854,23.607622987147288,,,,,,,14944776.51,0.16309740600272407,,,,,,,True,False,False
1775433600000,0.1934,0.2053,0.1681,0.1713,3016945.41,2026-04-06,-0.11427094105480862,-0.12134417768911965,0.11427094105480862,0.12193461126140606,2.329557477197467,0.13194241119494818,2.5207562264639805,,,,,0.16372,0.16869635011231734,0.16156,0.16503328071410653,,0.16423111324349776,,0.1643907643594284,,0.16455988712896708,0.13745019920318713,13.745019920318722,0.07668133249528619,7.668133249528609,,,70.72671443193451,,,0.16463695720970684,0.16423059934850479,0.0004063578612020502,-0.0012277870959753535,0.0016341449571774037,0.9539667000451859,,,,,,,0.044085714285714284,25.735968643149025,,,,,,,11927831.1,0.16433369962095343,,,,,,,True,False,False
1775520000000,0.1713,0.1802,0.1612,0.1715,1360278.29,2026-04-07,0.0011675423234092097,0.0011668612759203679,0.0011675423234092097,0.11661199238487827,2.2278689863430885,0.1286144319348258,2.4571752719739077,,,,,0.1692,0.16963411236765946,0.16122,0.16628441858496776,,0.165149626178295,,0.1650408849603672,,0.1651226015398201,0.19014573213046493,19.0145732130465,-0.019439679817038202,-1.943967981703823,,,63.380281690140855,51.330086174597234,,0.16580551427223542,0.1650470395531076,0.0007584747191278218,-0.000812259642274551,0.0015707343614023727,0.9158800941121706,,,,,,,0.04189999999999999,24.431486880466466,0.05505714285714285,32.10329029571012,,,,,13288109.39,0.16452802376812298,,,65.05792261277972,64.22621657167909,,-35.773783428320904,False,True,False
1775606400000,0.1715,0.1874,0.1631,0.1749,1144301.87,2026-04-08,0.0198250728862972,0.01963111541856161,0.0198250728862972,0.11546867114221392,2.206025864672101,0.1264394820524558,2.415622912815254,,,,,0.17528000000000002,0.1713934259160239,0.1599,0.1679321000086397,,0.1663445154908279,,0.1658977207443181,,0.16586959199979784,0.21038062283737036,21.038062283737034,-0.07017543859649122,-7.017543859649118,,,70.53333333333335,51.942286348501675,,0.16732899632379833,0.16611288852096226,0.0012161078028360695,-0.0003917922728763068,0.0016079000757123763,0.9193253720482426,,,,,,,0.03324285714285714,19.006779384137875,0.04587142857142857,26.227231887609243,,,,,14432411.260000002,0.16478310683242003,,,66.05834797467975,41.24718256949662,,-58.75281743050338,True,False,False
1775692800000,0.1749,0.1863,0.1665,0.1685,1093329.57,2026-04-09,-0.036592338479130904,-0.03727863223213994,0.036592338479130904,0.10412397830020471,1.9892858122520876,0.10918188169049108,2.0859169208429376,,,,,0.17592000000000002,0.17042748001712846,0.16149,0.16803969348746475,,0.16660164375566017,,0.16611358454095884,,0.16605978966535473,0.019358741681790637,1.9358741681790734,0.10419397116644813,10.41939711664482,,,64.81481481481484,42.73109243697479,,0.16752251391413345,0.16636259999132233,0.0011599139228111177,-7.24627054843546e-05,0.0012323766282954724,0.7313807883059182,,,,,,,0.03254285714285714,19.313268334039844,0.04062142857142857,24.107672742687576,,,,,13339081.690000001,0.16498492007612964,,,57.54250788354691,54.12946428571429,53.20095447563,-45.8705357142857,False,False,True
1775779200000,0.1685,0.1716,0.1582,0.162,894660.27,2026-04-10,-0.03857566765578635,-0.03933941456003234,0.03857566765578635,0.05148905868855025,0.9836970850272123,0.09666910011435338,1.8468605644919136,,,,,0.16964,0.16761546593177687,0.16460999999999998,0.16690409854017027,,0.16606560543807908,,0.1657866539040957,,0.1657808814511403,-0.1623578076525335,-16.235780765253352,0.23853211009174324,23.853211009174316,,,47.52623688155922,50.723192019950126,,0.16662017222759287,0.16591975799418812,0.0007004142334047503,8.567359521805188e-05,0.0006147406381866984,0.3794695297448755,,,,,,,0.0295,18.209876543209873,0.037342857142857136,23.05114638447971,,,,,12444421.420000002,0.16496593805887644,,,62.152765896212124,46.87500000000001,47.417215618403645,-53.125,False,True,False
1775865600000,0.162,0.1778,0.1615,0.1727,746849.14,2026-04-11,0.06604938271604932,0.06395964992024879,0.06604938271604932,0.04346205431593835,0.8303413818165243,0.08768690146240993,1.6752559001981193,,,,,0.16992000000000002,0.1693114581965165,0.16682,0.16798713631963513,,0.1668223545506232,,0.16631483338296735,,0.1662340661203799,0.008172796263864468,0.8172796263864475,0.14674634794156693,14.674634794156693,,,29.006085192697753,49.43705220061412,,0.16760418079759717,0.16658963395044937,0.0010145468471478014,0.0002748562574729462,0.0007396905896748553,0.42830954816146805,,,,,,,0.025314285714285713,14.657953511456695,0.03514285714285714,20.34907767391844,,,,,13191270.560000002,0.1650505646760932,,,59.34719971472827,58.81696428571427,53.27380952380952,-41.18303571428573,True,False,False
1775952000000,0.1727,0.196,0.1712,0.1853,1255448.51,2026-04-12,0.07295888824551255,0.07042014813868128,0.07295888824551255,0.05363221389630536,1.0246420077802554,0.086498414663667,1.6525498917898376,,,,,0.17268,0.17464337732235047,0.17094,0.1712060269796978,,0.1688910523276808,,0.16771329872424035,,0.16742826673722785,0.08046647230320692,8.046647230320687,0.285912560721721,28.591256072172094,,,67.58793969849245,49.281314168377826,,0.17044547958551068,0.1683935839745988,0.0020518956109118747,0.0006354609900463174,0.0014164346208655572,0.7644007667919899,,,,,,,0.022114285714285718,11.934315010407834,0.03388571428571428,18.286947806645593,,,,,14446719.070000002,0.16551597663622805,,,55.10291510566949,76.55334114888626,60.748435144866846,-23.44665885111373,True,False,False
1776038400000,0.1853,0.1959,0.1658,0.1755,5174654.97,2026-04-13,-0.052887209929843526,-0.054337090385393624,0.052887209929843526,0.061817604275607035,1.1810236713999747,0.09007122619445275,1.7208083602431965,,,,,0.1728,0.1749290041110617,0.17404,0.17200111790829223,0.16763,0.1696188018423658,,0.16826777541593488,,0.1679130762230534,0.0034305317324183626,0.3430531732418465,0.2145328719723183,21.453287197231834,,,54.04858299595139,56.771141336487275,,0.1712516349184952,0.16906377301997227,0.002187861898522936,0.0009495625157781009,0.001238299382744835,0.7055836938717008,0.16763,0.017707212327779113,0.20304442465555822,0.13221557534444178,0.4225308674528213,0.611112916227552,0.0211,12.022792022792023,0.032592857142857146,18.571428571428577,,,2837016.486,1.8239777581609724,9272064.100000001,0.16675178449739075,,53.75939849624064,49.5210712234319,65.06447831184055,66.81159458214704,-34.935521688159454,False,True,False
1776124800000,0.1755,0.18,0.1717,0.1795,698484.09,2026-04-14,0.02279202279202286,0.022536165022413127,0.02279202279202286,0.05809618171782172,1.1099259932623478,0.07955373174763385,1.5198719109733185,0.12031384915531414,2.2985928606382653,,,0.175,0.1764529749418448,0.17546,0.1733850130829976,0.16838499999999998,0.17069092705947644,,0.16904280633370933,,0.1685820826477133,0.0652818991097921,6.528189910979218,0.08590441621294609,8.59044162129461,0.09184914841849157,9.18491484184915,54.599999999999994,66.09385327164574,,0.17255979715398204,0.17002846933875615,0.0025313278152258867,0.0012688605805093217,0.001262467234716565,0.7033243647446045,0.16838499999999998,0.017883284609406983,0.20415156921881394,0.13261843078118601,0.42481894727931785,0.6553825295906951,0.019571428571428573,10.903302825308398,0.030735714285714286,17.122960604854757,0.04322857142857143,24.082769598089936,2528890.1345,0.2762018327609558,9970548.190000001,0.16687721851330367,,36.791487620217,50.93819865220587,69.7538100820633,70.4572098475967,-30.24618991793671,False,False,True
1776211200000,0.1795,0.1835,0.1744,0.18,734346.07,2026-04-15,0.0027855153203342198,0.0027816429618767705,0.0027855153203342198,0.051270111404593796,0.9795141030405853,0.05673242086589182,1.0838713787697354,0.10814462684273682,2.066100194801428,,,0.17859999999999998,0.1776354746774791,0.17412,0.1746024661323342,0.16723,0.17168775444450526,,0.1697769922283191,,0.1692172357555466,0.11111111111111094,11.111111111111104,-0.06928645294725955,-6.928645294725955,-0.11373707533234867,-11.373707533234864,63.03854875283445,61.13636363636363,,0.17373420872915332,0.17093358950119428,0.0028006192279590447,0.001577489590141026,0.0012231296378180188,0.6795164654544549,0.16723,0.016188888326971615,0.19960777665394322,0.13485222334605676,0.38722450103382444,0.6972031640172052,0.0174,9.666666666666666,0.02532142857142857,14.067460317460318,0.03638095238095238,20.211640211640216,2286439.7380000004,0.3211744695455428,10704894.260000002,0.1670340368945304,,65.03537869997513,41.62617626962285,63.80543633762517,66.20790824384301,-36.19456366237483,True,False,False
1776297600000,0.18,0.4458,0.1766,0.2972,4000164.31,2026-04-16,0.6511111111111112,0.5014484619533938,0.6511111111111112,0.2896109372730047,5.533009187654952,0.20815611393148398,3.976816972778076,0.171989754887486,3.2858596534216113,,,0.20350000000000001,0.21749386802534582,0.18671000000000001,0.19711576267973616,0.17413499999999998,0.18497045612800256,,0.17808411227378557,,0.17609039339802365,0.7209033005211352,72.09033005211352,0.7349678925861063,73.49678925861063,0.8680075424261473,86.80075424261473,93.66925064599484,81.54099711578081,,0.1931452233032262,0.18220662764117843,0.010938595662047773,0.003460828072679674,0.007477767589368099,2.5160725401642328,0.17413499999999998,0.03312817651105127,0.24039135302210252,0.10787864697789744,0.7609768630327337,1.4287033951215715,0.053028571428571425,17.842722553355124,0.04278571428571428,14.396269948086903,0.044757142857142856,15.059603922322628,2310643.598,1.7311905278089537,14705058.570000002,0.17600927047186518,,520.3292741547831,58.14798895308598,51.72189733593243,61.76038125187363,-48.27810266406757,True,False,False
1776384000000,0.2972,0.3588,0.2332,0.2486,4004712.51,2026-04-17,-0.1635262449528938,-0.1785601337669935,0.1635262449528938,0.3207959449823109,6.128797923389158,0.22043626167442798,4.211428865986443,0.17742644585669884,3.3897274885467015,,,0.21616,0.2278631946546652,0.19441999999999998,0.20655295868417087,0.17782,0.19163367688416488,,0.18256487294816623,,0.17985674688941572,0.34160820291419314,34.16082029141932,0.44956268221574325,44.95626822157433,0.42138364779874204,42.1383647798742,69.69382459782044,67.89274664833276,58.6518701191944,0.2018344023727251,0.1880454305769435,0.01378897179578159,0.00553625775687827,0.00825271403890332,3.3196758000415603,0.17782,0.037080929983227956,0.25198185996645595,0.1036581400335441,0.8341228204527716,0.9771994663565234,0.06905714285714286,27.778416273991496,0.049278571428571435,19.82243420296518,0.047914285714285715,19.273646707275027,2361059.7725,1.6961504137439196,10700346.060000002,0.18231429157514836,,281.5441818203555,43.83877445814905,35.00329597890573,50.17687655082111,-64.99670402109426,False,False,True
1776470400000,0.2486,0.2505,0.179,0.1794,1546817.03,2026-04-18,-0.27835880933226065,-0.32622722945191496,0.27835880933226065,0.35974672628565163,6.872951555316965,0.24448753649536778,4.670927826254055,0.18985702401993396,3.6272133508993663,,,0.21694,0.21170815666256038,0.19487000000000002,0.2015831274450779,0.177385,0.1903646106205308,,0.1823685448407804,,0.1798337609549084,0.022222222222222365,2.2222222222222308,0.025728987993139052,2.572898799313896,-0.046251993620414544,-4.62519936204146,48.81668672282391,52.07780725022105,51.34940626124506,0.19832913451061343,0.18729552929840032,0.01103360521221311,0.006639896677905116,0.004393708534307994,2.449112895377923,0.177385,0.03700493957070569,0.25139487914141134,0.1033751208585886,0.8344547638347253,0.5136130474970102,0.07694285714285713,42.888995062908094,0.05112857142857143,28.499761108456763,0.049076190476190475,27.355736051388224,2246256.42,0.6886199706443132,9153529.030000003,0.18278598614135397,,55.21728707920955,38.08066023681577,8.390646492434668,31.705279935757613,-91.60935350756534,False,True,False
1776556800000,0.1794,0.2007,0.174,0.1903,862450.14,2026-04-19,0.06075808249721293,0.05898382467740806,0.06075808249721293,0.3595096609686185,6.8684224287944335,0.24371826443144165,4.6562309041088215,0.18406173406879134,3.516494491844089,,,0.2191,0.20457191603483021,0.19705,0.1995204676363936,0.17927,0.19035796468028787,,0.18284958440231777,,0.1803448768448749,0.06016713091921999,6.016713091922008,0.1293768545994065,12.937685459940642,0.24705111402359092,24.705111402359094,52.95527156549521,49.51878298665011,48.78787878787879,0.19707762316333632,0.18755287647603072,0.009524746687305602,0.0072186157508592075,0.0023061309364463944,1.2118396933507065,0.17927,0.03663431092353324,0.2525386218470665,0.10600137815293353,0.817410853428532,0.5752709667654381,0.07721428571428571,40.57503190451167,0.049664285714285716,26.0978905487576,0.04832857142857142,25.395991291945048,2169051.0064999997,0.39761634807825813,10015979.170000004,0.18285574118481535,,11.873372115704543,33.73271804629324,11.161335187760777,18.185092553033726,-88.83866481223922,False,True,False
1776643200000,0.1903,0.2417,0.188,0.2204,1372524.54,2026-04-20,0.1581713084603258,0.1468423029766556,0.1581713084603258,0.3606301528051509,6.889829395273679,0.24511798053814893,4.682972442779439,0.18192893281417663,3.475747381088044,,,0.22718,0.20984803688793732,0.20289000000000001,0.2033336597657085,0.18375,0.19342475200562337,,0.18507921234048683,,0.18224576957855004,0.22444444444444467,22.444444444444457,0.36049382716049383,36.04938271604939,0.6850152905198779,68.50152905198777,57.39602169981917,57.43714026052711,55.96187512157168,0.20070556454501867,0.19033417917247675,0.010371385372541925,0.007850697956192042,0.0025206874163498823,1.1436875754763531,0.18375,0.03586547232733956,0.25548094465467913,0.11201905534532088,0.7807449758332423,0.7554685441299933,0.08058571428571427,36.56339123671246,0.05084285714285714,23.068446979517756,0.04859047619047619,22.04649554921787,2142204.1725000003,0.6407066878215596,11388503.710000005,0.18351972331309788,55.73976897537404,75.34456355283316,40.76237804319916,21.62726008344924,13.726413921214894,-78.37273991655076,True,False,False
1776729600000,0.2204,0.2429,0.2153,0.2259,735286.73,2026-04-21,0.02495462794918324,0.0246483461951981,0.02495462794918324,0.1772822737782554,3.3869730848555215,0.2452377050930059,4.685259777188316,0.1800352146718559,3.4395679467788614,,,0.21292,0.21519875404374664,0.20821,0.2074515749105808,0.18751500000000002,0.19671739100174981,,0.1874551235948133,,0.18426171403364497,-0.23990578734858692,-23.99057873485869,0.3080486392588304,30.804863925883037,0.4999999999999998,49.999999999999986,58.152753108348136,58.10971973762671,55.06153235410877,0.20461802566918502,0.193314097884175,0.01130392778501002,0.008542682414561228,0.002761245370448792,1.2223308412787925,0.18751500000000002,0.03615355081927786,0.25982210163855574,0.1152078983614443,0.771214053686966,0.765430359744445,0.08334285714285714,36.89369506102574,0.05145714285714286,22.77872636438374,0.048271428571428576,21.368494276860815,1880686.287,0.39096724163012947,12123790.440000005,0.18398270108302522,56.81502165213869,88.13369694426957,44.37901284502745,23.539638386648118,18.776077885952713,-76.46036161335188,True,False,False
1776816000000,0.2259,0.2786,0.2167,0.2343,1946917.93,2026-04-22,0.037184594953519445,0.03650992203979257,0.037184594953519445,0.16446678471007983,3.142133509989381,0.2451244706391954,4.683096435985832,0.17912881466375885,3.4222511989387616,,,0.21006,0.22156588583696066,0.21311,0.21234764433686962,0.192025,0.20050456591752616,,0.19013085155459294,,0.18651308667330543,-0.05752212389380518,-5.7522123893805235,0.2644360496492175,26.443604964921757,0.6259541984732824,62.59541984732825,31.789229878401855,58.72502937720329,54.62925851703408,0.209220711056982,0.19671511316633356,0.012505597890648451,0.009336493873514524,0.003169104017133927,1.3525838741502034,0.192025,0.03607862576155177,0.26418225152310354,0.11986774847689646,0.7515401799047368,0.7929366010182931,0.09088571428571428,38.7903176635571,0.054142857142857145,23.108347052009023,0.047176190476190476,20.134951120866614,1863435.6690000002,1.044800184084058,14070708.370000005,0.18556981554217766,57.94776920110295,104.30670756691511,47.071882046863436,26.46036161335188,23.875753361149744,-73.53963838664812,True,False,False
1776902400000,0.2343,0.2433,0.1946,0.2016,2910884.62,2026-04-23,-0.13956466069142126,-0.15031680931653643,0.13956466069142126,0.10745784723341516,2.0529792887885145,0.25049508008842675,4.785701785444343,0.18335934225744702,3.5030753151303373,,,0.2145,0.2149105558497953,0.21572,0.21038876833846507,0.19488,0.200614344878277,,0.19077443452860263,,0.18717521254983976,0.12374581939799323,12.374581939799329,0.14871794871794886,14.87179487179488,0.3951557093425606,39.51557093425607,35.01275510204081,54.513226070357234,54.93752519145506,0.20804043321668614,0.19711688349950196,0.010923549717184178,0.009654298465277267,0.001269251251906911,0.6295889146363646,0.19488,0.03433711510427474,0.2635542302085495,0.1262057697914505,0.7047847927806804,0.5489266496296553,0.05938571428571428,29.457199546485256,0.05620714285714286,27.880527210884352,0.048319047619047616,23.96778155706727,1862839.5629999998,1.5626061834934308,11159823.750000004,0.18663306037711985,60.05626073386775,31.449156447751424,43.73386050142908,15.090403337969402,21.69680111265647,-84.9095966620306,False,True,False
1776988800000,0.2016,0.2176,0.1926,0.206,788285.05,2026-04-24,0.021825396825396748,0.021590632592367452,0.021825396825396748,0.10591749130254667,2.0235508300500245,0.2505016287977899,4.785826898361054,0.18140197250315748,3.4656798184819744,,,0.21764,0.21194036023996193,0.21837,0.20958922122193985,0.196915,0.20115139560723846,,0.1916146083744791,,0.18798195340364052,0.08250131371518643,8.25013137151865,0.14763231197771587,14.763231197771587,0.24621899576527517,24.621899576527518,64.45652173913044,56.034009873834336,57.852965747702584,0.20772474134542396,0.19784157541580005,0.009883165929623905,0.00970011733495726,0.00018304859466664568,0.08885854110031344,0.196915,0.03369176496290735,0.2642985299258147,0.1295314700741853,0.6843920465765909,0.5674126155902045,0.04501428571428571,21.851595006934808,0.05703571428571429,27.6872399445215,0.047857142857142855,23.231622746185852,1795862.4830000002,0.4389451071349097,11948108.800000004,0.18682684430254937,61.93041451096527,9.80050223214285,43.62428645098745,15.652479774885677,19.067748242068983,-84.34752022511431,False,True,False
1777075200000,0.206,0.2322,0.2049,0.2082,999256.69,2026-04-25,0.010679611650485477,0.010622987391287468,0.010679611650485477,0.07360461114888171,1.406214121522039,0.25039237256035335,4.783739560875677,0.17813557985506923,3.403275474562724,,,0.2152,0.21069357060347396,0.22119,0.20933622410196162,0.197655,0.20185113824154544,,0.192515437132899,,0.18882887833410125,-0.05535390199637036,-5.535390199637031,0.15666666666666673,15.666666666666668,0.0765253360910032,7.652533609100315,60.74429771908763,54.9845549003089,56.244579358196006,0.20779820838656882,0.1986803278728716,0.009117880513697219,0.009583577638445103,-0.0004656971247478849,-0.2236777736541234,0.197655,0.03377293333892973,0.26520086667785947,0.13010913332214052,0.6834723804392449,0.5780580701576555,0.03869999999999999,18.587896253602302,0.05782142857142858,27.772059832578567,0.04698571428571428,22.567586112254702,1764329.887,0.5663661299186504,12947365.490000004,0.1871921400376188,63.68453720706516,28.713627917621853,44.42308636771671,15.14285714285714,15.295246751904074,-84.85714285714285,True,False,False
1777161600000,0.2082,0.2292,0.2,0.2208,647618.01,2026-04-26,0.060518731988472574,0.05875815822207169,0.060518731988472574,0.07920921572697172,1.5132899416403682,0.1309669595624692,2.5021202491924055,0.1756617335836509,3.356012707909334,,,0.21417999999999998,0.21406238560785387,0.21355,0.2114233240665111,0.20013,0.2037247047524562,,0.19402885070241016,,0.19013919266046056,-0.02257636122177953,-2.257636122177952,-0.2570659488559893,-25.70659488559893,0.28896672504378285,28.896672504378273,50.303951367781146,54.9845549003089,58.206719452172045,0.20980658753903872,0.20045915160659858,0.00934743593244014,0.009536319343741287,-0.00018888341130114672,-0.08554502323421499,0.20013,0.03355294480761949,0.267235889615239,0.13302411038476103,0.6706229912081044,0.654010326951288,0.039057142857142846,17.68892339544513,0.058135714285714284,26.329580745341612,0.04612857142857143,20.891563146997928,1645863.517,0.3934822075529365,13594983.500000004,0.1874368984020737,65.15650979513791,28.483615766222652,43.592621085256674,19.642857142857142,16.81273135353332,-80.35714285714286,False,True,False
1777248000000,0.2208,0.4196,0.2154,0.322,9693778.64,2026-04-27,0.4583333333333335,0.37729423114146815,0.4583333333333335,0.2235430940741983,4.270784815641856,0.18997608352066972,3.6294879794670973,0.20039240895902624,3.828491597544206,,,0.23172,0.25004162746897246,0.22088999999999998,0.23155008552513068,0.207655,0.21537678471137026,,0.2007796880708255,,0.1954313171992487,0.3743064447289799,37.430644472897995,0.29525341914722447,29.525341914722457,0.8775510204081631,87.75510204081631,79.75232198142415,66.36871508379889,65.62224960394298,0.22712624371815465,0.21017162824252714,0.016954615475627516,0.011020731256379349,0.005933884219248167,1.8428211861019153,0.207655,0.04248238613330176,0.2926197722666035,0.12269022773339648,0.8183262841405553,1.172896524933927,0.060557142857142844,18.806566104702746,0.07057142857142858,21.91659272404614,0.054080952380952375,16.795326826382727,2062538.5344999998,4.699926075490252,23288762.140000004,0.20198202371190424,66.59312570046541,215.46138677612774,69.63613044014362,54.834002188982126,29.873238824898802,-45.16599781101786,True,False,False
1777334400000,0.322,0.41,0.3062,0.3553,6723610.58,2026-04-28,0.10341614906832297,0.09841095748257309,0.10341614906832297,0.18659559790438615,3.564903892451072,0.15340757575052966,2.9308476194855113,0.20064711110244937,3.8333576751618037,,,0.26246,0.28512777574179704,0.23848000000000003,0.2540701291505722,0.216675,0.22911649843341578,,0.20882219589623044,,0.2017196588954064,0.7624007936507937,76.24007936507937,0.9804905239687849,98.04905239687848,1.0314465408805034,103.14465408805032,82.45708154506437,68.43540268456375,66.36238374095763,0.24690241375298683,0.2217017097954597,0.025200703957527132,0.013857876679520452,0.01134282727800668,3.1924647559827415,0.216675,0.053009064517803316,0.32269312903560665,0.11065687096439338,0.9785912452807812,1.1537796943834115,0.07144285714285711,20.107756021068706,0.07739285714285714,21.78239716939407,0.05811904761904761,16.357739267955985,2341503.97,2.8714922827997595,30012372.720000006,0.21303436150693847,66.73653586513142,222.45733286492748,77.38141282118897,66.70345842531275,47.06010591905067,-33.29654157468726,False,False,True
1777420800000,0.3553,0.3853,0.3083,0.3141,1753598.99,2026-04-29,-0.11595834506051228,-0.12325109648238058,0.11595834506051228,0.2147857237221679,4.103475489986779,0.16552271877680066,3.1623071020081683,0.2032613818180895,3.8833032470551014,,,0.28408,0.294785188249424,0.25085999999999997,0.2649926111588334,0.223955,0.23743682553085685,,0.21423229335802713,,0.20605538693785683,0.5247572815533981,52.47572815533981,0.6505517603783499,65.055176037835,0.864094955489614,86.4094955489614,78.86095433555668,62.95652173913044,60.16506653191848,0.2572658365116913,0.2290032856869103,0.02826255082478102,0.016739746728872813,0.011522804095908206,3.6685145163668276,0.223955,0.05596055448165913,0.33587610896331827,0.11203389103668172,0.9994964074329065,0.9027167030195559,0.07359999999999997,23.43202801655523,0.08224285714285713,26.183653977350254,0.06062857142857142,19.302315004320732,2374517.441,0.7385075214530715,28258773.730000008,0.2152749932987589,67.66387925095474,152.34704773047787,72.96047738085001,51.54525386313467,57.694238159143175,-48.45474613686534,False,False,True
1777507200000,0.3141,0.3141,0.2798,0.2815,662103.22,2026-04-30,-0.10378860235593768,-0.10957895896485588,0.10378860235593768,0.23250838638047633,4.442066484655233,0.16928987671909568,3.2342785534399803,0.20523898679324054,3.9210853370552043,,,0.29874,0.29035679081461474,0.25697000000000003,0.26799574526549647,0.22993000000000002,0.2417393642959889,,0.21764752453232653,,0.20891245112908355,0.35206532180595573,35.206532180595566,0.27722323049001796,27.722323049001794,0.737654320987654,73.7654320987654,66.92066337965038,48.18664818664818,59.1194968553459,0.2610018968593281,0.23313129688940498,0.027870599969923138,0.01896649547410861,0.008904104495814528,3.163092183237843,0.22993000000000002,0.055373888013071776,0.3406777760261436,0.11918222397385647,0.9633173228908236,0.7328263458212747,0.07154285714285712,25.414869322506974,0.06546428571428571,23.255518903831515,0.06131904761904761,21.782965406411233,2362889.5885,0.2802091232795662,27596670.51000001,0.2157983029627379,64.30210810283998,77.33488154252935,68.21194563954323,43.770358306188925,54.006356864878775,-56.22964169381108,False,True,False
1777593600000,0.2815,0.2958,0.2495,0.2527,816209.44,2026-05-01,-0.10230905861456485,-0.10792943318559656,0.10230905861456485,0.24696118472971001,4.718186809414418,0.1748835443775965,3.3411454240029466,0.20776183190461292,3.9692842252315,,,0.30512,0.2778045246555467,0.25965000000000005,0.2652133432550285,0.23393000000000003,0.2428070435429931,,0.21940683568115393,,0.2105412435283295,0.14447463768115942,14.447463768115934,0.11863656485170426,11.863656485170427,0.4632310364794441,46.32310364794441,58.910692831397675,50.4962478818688,56.41592920353982,0.25972244272445616,0.23466307220607843,0.025059370518377727,0.020185323623665315,0.004874046894712412,1.9287878491145278,0.23393000000000003,0.053891841976118716,0.34171368395223745,0.1261463160477626,0.9215037314772574,0.5870725480505824,0.07458571428571426,29.51551811860477,0.059799999999999985,23.664424218440836,0.06288571428571428,24.885522075866355,2366357.6035,0.34492227159275163,26780461.070000008,0.21621796907560442,60.25662855322018,35.89811608771733,75.03640805436964,32.04397394136807,42.45319537023055,-67.95602605863192,False,True,False
1777680000000,0.2527,0.2784,0.2524,0.2623,975563.37,2026-05-02,0.03798971111990501,0.037285872478679434,0.03798971111990501,0.10037028724087338,1.9175716452580414,0.1748909680793963,3.341287253626687,0.20758552631917332,3.9659159117511544,,,0.29318,0.2726363490692674,0.26244999999999996,0.26468343296427865,0.23777999999999996,0.24470174330176567,,0.22153630599335306,,0.21243362663557447,-0.1854037267080746,-18.54037267080746,0.11950490823730253,11.950490823730247,0.4155423637344846,41.554236373448454,58.41102553708958,61.72560113154172,56.838810641627546,0.26011957811304126,0.23681734845678443,0.023302229656256834,0.02080880842436512,0.0024934212318917133,0.9505990209270734,0.23777999999999996,0.05297755830736756,0.3437351166147351,0.13182488338526482,0.8912029322460691,0.6157093719652894,0.07439999999999995,28.36446816622187,0.05654999999999999,21.559283263438807,0.06334761904761904,24.15082693389975,2352363.3465,0.41471627733509236,27756024.44000001,0.2166942970796454,59.47142124949699,28.674372859721515,75.50421858677807,35.95276872964169,37.255700325732896,-64.04723127035831,False,False,True
1777766400000,0.2623,0.2628,0.2438,0.2528,468074.38,2026-05-03,-0.03621807091117024,-0.03689022460012545,0.03621807091117024,0.0650463432028171,1.242708641991925,0.1670892994151061,3.1922365830787522,0.20724851752297632,3.959477367740226,,,0.27268,0.26602423211486015,0.26757,0.26252210293629064,0.24164500000000003,0.24548734671819444,,0.22307239883509022,,0.2138851588221603,-0.2884886011820996,-28.848860118209956,0.2539682539682542,25.396825396825406,0.44045584045584074,44.04558404558407,27.677419354838705,58.87531951150242,56.56439806883663,0.25899207634049387,0.2380583741416193,0.020933702198874582,0.02083379049995444,9.991169892014165e-05,0.03952203280068894,0.24164500000000003,0.05097669720465167,0.3435983944093034,0.13969160559069668,0.843827883128584,0.5547063688493635,0.0729428571428571,28.85397830018081,0.05599999999999999,22.15189873417721,0.06307142857142856,24.949141048824586,2117034.3170000003,0.22109909898073699,27287950.06000001,0.21686644084623652,58.83830632571598,7.7385821982449015,75.875106144435,27.97927461139898,31.992005760802915,-72.02072538860102,False,True,False
1777852800000,0.2528,0.2743,0.2419,0.2651,680375.96,2026-05-04,0.04865506329113911,0.047508451022277375,0.04865506329113911,0.07333963807007467,1.4011518179594544,0.1670973252841632,3.1923899170917904,0.2072454774708603,3.9594192876261003,,,0.26288,0.2657161547246656,0.27348,0.26299093676755775,0.245925,0.24738658642369238,,0.225117080813301,,0.2156975083949989,-0.15600127347978343,-15.600127347978349,0.28689320388349526,28.689320388349522,0.47688022284122566,47.688022284122574,16.34328358208954,56.68561172599462,57.956474764624176,0.25993275429028256,0.24015063215817245,0.019782122132110114,0.02062343445749432,-0.000841312325384206,-0.31735659199706,0.245925,0.04904113069658982,0.34400726139317966,0.14784273860682035,0.7976599483027724,0.5977495814616962,0.048399999999999964,18.257261410788367,0.05447857142857141,20.55019669127552,0.06318095238095237,23.83287528515744,2116128.9105,0.32151914593862824,27968326.02000001,0.21716356847948148,57.62733120228586,13.344099044543148,75.54644376984551,31.938325991189437,31.956789777410037,-68.06167400881057,True,True,False
1777939200000,0.2651,0.3406,0.2606,0.2839,2070262.36,2026-05-05,0.07091663523198788,0.0685149501839456,0.07091663523198788,0.07166961325881734,1.3692460387395622,0.16716357913948443,3.1936556952204125,0.20721631781277514,3.9588621931406043,,,0.26336000000000004,0.2717774367267408,0.28104999999999997,0.26679341593122186,0.25111999999999995,0.2509168068392746,,0.22795019351859913,,0.21807396566934478,0.00852575488454721,0.8525754884547118,0.36359269932756955,36.35926993275696,0.5772222222222223,57.72222222222222,36.4695340501792,58.342922899884925,58.47560975609756,0.2636233339172652,0.2435244716311495,0.020098862286115737,0.02051851109732627,-0.00041964881121053094,-0.14781571370571714,0.25111999999999995,0.047156989770452185,0.3454339795409043,0.15680602045909559,0.751146699115199,0.6737812366711936,0.04499999999999998,15.850651637900661,0.058221428571428556,20.507724047702908,0.06659523809523808,23.457287106459347,2182924.725,0.9483892579026059,30038588.38000001,0.2187466797835304,56.832790192560466,62.28232263844557,76.71554713216598,40.220264317180614,33.37928830658968,-59.77973568281938,True,False,False
1778025600000,0.2839,0.2894,0.2578,0.2676,475010.36,2026-05-06,-0.057414582599506825,-0.05912873522485207,0.057414582599506825,0.056192767041100655,1.0735613069235608,0.1698624080481984,3.2452167491240735,0.14993072904296972,2.8644225564055814,,,0.26633999999999997,0.27038495778051386,0.28573,0.2669400938166622,0.24964,0.25252745830984885,,0.22984415437918138,,0.21977408436223866,0.05896319746735279,5.896319746735269,0.21195652173913038,21.19565217391305,-0.09959623149394348,-9.959623149394352,42.70724029380902,54.68354430379747,56.2376837956647,0.26423559348935355,0.24537548155854585,0.018860111930807694,0.020186808689526464,-0.0013266967587187706,-0.49577606828055704,0.24964,0.046087027516028445,0.34181405503205686,0.1574659449679431,0.7384558166324057,0.5974243782252705,0.03851428571428571,14.392483450779414,0.05605714285714285,20.948110185778344,0.06766666666666665,25.28649725959142,2006667.0275000003,0.23671608368020583,29563578.02000001,0.21899207801566928,55.4845081721981,27.042698998418576,74.37110165511177,33.039647577092516,35.06607929515419,-66.96035242290748,False,True,False
1778112000000,0.2676,0.2808,0.2582,0.2745,496526.46,2026-05-07,0.02578475336322872,0.025457932695511956,0.02578475336322872,0.05507824101769859,1.0522683171441345,0.08016025183817815,1.5314594610329888,0.1446256392116009,2.7630689574887404,,,0.26878,0.2717566385448466,0.28098,0.26831482340509566,0.250935,0.2546459959970606,,0.23195915331563893,,0.22162580569532625,0.04651162790697683,4.651162790697692,-0.14751552795031053,-14.751552795031051,0.1041834271922768,10.41834271922769,64.85013623978206,61.055505004549595,57.53654080389769,0.26581574796222446,0.24760840217706342,0.018207345785161033,0.019790894553037463,-0.0015835487678764297,-0.5768847970405937,0.250935,0.046418953422520316,0.34377290684504064,0.1580970931549594,0.7399358945148394,0.6269147528246908,0.03684285714285713,13.42180588082227,0.05419285714285713,19.742388758782194,0.05592380952380952,20.372972504120042,1831257.725,0.27113958522686915,30060104.48000001,0.21924407470470628,55.354695384144925,27.40111738466777,78.65324673104558,36.07929515418504,36.44640234948606,-63.92070484581496,False,False,True
1778198400000,0.2745,0.287,0.2676,0.2834,549291.49,2026-05-08,0.032422586520947094,0.03190806630699466,0.032422586520947094,0.04876339767155465,0.9316234044146144,0.07137749510449433,1.3636651292374242,0.12717127109740756,2.4296037228884813,,,0.27490000000000003,0.2756377590761199,0.27379,0.27105791124547235,0.256135,0.25741511943661693,,0.2343758174269526,,0.22368708592761696,0.12104430379746822,12.104430379746818,-0.20236419926822413,-20.236419926822407,0.5797101449275361,57.97101449275361,64.5116918844567,61.57989228007181,57.85098987456552,0.2685224886892879,0.25034537520739675,0.01817711348189116,0.019468124280180056,-0.0012910107982888955,-0.4555436832353195,0.256135,0.043730987146897465,0.34359697429379493,0.16867302570620507,0.6829365318585506,0.6558677369230981,0.03299999999999999,11.644318983768521,0.05379285714285713,18.981248109688472,0.05086666666666666,17.948717948717945,1781381.4480000003,0.3083514149182943,30609395.97000001,0.21956343344235862,55.18205062317788,36.9501045787083,80.55249870602744,37.97814207650273,35.69902826926009,-62.02185792349727,True,False,False
1778284800000,0.2834,0.2986,0.2775,0.2891,693659.71,2026-05-09,0.020112914608327648,0.019913321765720506,0.020112914608327648,0.04679728407531849,0.8940608569004187,0.06359598593056183,1.2149996052119851,0.126975422205215,2.4258620350568783,,,0.27969999999999995,0.2801251727530419,0.27129000000000003,0.2743386124284362,0.261075,0.2604632490054438,,0.23692692467884596,,0.2258405687445341,0.09053187476424007,9.053187476423998,-0.07959248646927719,-7.959248646927719,0.5191802417235944,51.918024172359445,76.34252539912919,61.97808705952029,58.17963712700555,0.27168971628793315,0.2533018474197629,0.018387868868170232,0.019252065669234292,-0.0008641968010640599,-0.2989266001605188,0.261075,0.04142206219929316,0.3439191243985863,0.17823087560141368,0.6346385092298099,0.6691429549376604,0.03229999999999998,11.17260463507436,0.053349999999999974,18.45382220684883,0.04846666666666666,16.764671970483107,1772941.9265,0.3912478460980205,31303055.68000001,0.22002235629806816,54.93483704115424,48.17961165048557,80.51809005637318,40.57377049180329,38.21040257416368,-59.426229508196705,True,False,False
1778371200000,0.2891,0.3052,0.2624,0.2716,603217.48,2026-05-10,-0.060532687651331796,-0.06244225333775939,0.060532687651331796,0.04681663019307301,0.8944304639611502,0.057404448213816406,1.0967104432243937,0.12454982436824139,2.3795210534492686,,,0.27724,0.2772834484869864,0.2703,0.2738406429802299,0.263635,0.26153358888369416,,0.23853142218983076,,0.22732752401344525,-0.04332511447692844,-4.332511447692842,-0.03516873889875649,-3.516873889875654,0.23230490018148808,23.230490018148817,54.385964912280706,57.41389375364857,47.743300423131174,0.2716759084087412,0.2546946755535219,0.016981232855219297,0.01879788644576237,-0.0018166535905430742,-0.6688709832632821,0.263635,0.04034405030158534,0.3443231006031707,0.18294689939682934,0.6121197914022847,0.5493567201387748,0.03569999999999999,13.14432989690721,0.05432142857142856,20.000525983589306,0.04923333333333332,18.12714776632302,1734476.5735,0.347780701807213,30699838.20000001,0.22036654096519706,54.611867055348206,25.659664689008896,78.58518112763063,27.522037218413324,35.35798326223978,-72.47796278158668,True,True,False
1778457600000,0.2716,0.2793,0.2648,0.2739,370962.39,2026-05-11,0.008468335787923387,0.008432680584491384,0.008468335787923387,0.037810882882742314,0.7223759031805714,0.045327308567229316,0.86597701425114,0.12454792081756075,2.3794846861645786,,,0.2785,0.2761556323206778,0.27242,0.27385143587347344,0.26603499999999997,0.26272107597038746,,0.24015663119278718,,0.22882193060051756,0.023542600896860888,2.354260089686088,0.08389394538979023,8.389394538979026,0.21248339973439578,21.24833997343957,41.31944444444443,40.13130898645875,52.42848915338838,0.2720181890527093,0.2561535736336941,0.015864615419015182,0.018211219157295216,-0.0023466037382800335,-0.8567373998831814,0.26603499999999997,0.03939773270259685,0.3448304654051937,0.18723953459480627,0.5923691649985432,0.5499076943042054,0.033142857142857134,12.100349449747037,0.040771428571428556,14.885516090335363,0.047366666666666654,17.293416088596807,1716260.3565000002,0.21614575468987124,31070800.59000001,0.22055128025382387,49.85403913612519,6.167699052790488,64.981482348062,19.036287923854836,29.044031878023816,-80.96371207614517,False,False,True
1778544000000,0.2739,0.2758,0.2458,0.2551,497102.65,2026-05-12,-0.06863818912011677,-0.0711074511212667,0.06863818912011677,0.04736434412417136,0.9048945239221078,0.05005037042910329,0.9562109844239486,0.12584283051938916,2.404223901281466,,,0.27462,0.2691370881972741,0.2717,0.27044190094474274,0.267075,0.26198983619624205,,0.24083869497261307,,0.2296549013738592,-0.07067395264116583,-7.067395264116586,-0.02744948532215019,-2.744948532215015,0.08877507469056756,8.87750746905676,39.60066555740432,28.141361256544485,58.04463336875666,0.2694146653347416,0.25607369170702826,0.01334097362771336,0.017237152673452077,-0.003896179045738718,-1.527314404444813,0.267075,0.03878569832730678,0.34464639665461355,0.18950360334538646,0.5808959779433758,0.42281304374782197,0.02599999999999999,10.192081536652289,0.03549999999999999,13.916111328890626,0.047480952380952374,18.612682234791208,1643769.5925,0.3024162585000489,30573697.940000013,0.22073194472914046,45.000384262123355,-27.85532783593232,35.90158555563835,9.205020920502086,18.587782020923417,-90.79497907949792,False,True,False
1778630400000,0.2551,0.26,0.2432,0.2554,410735.54,2026-05-13,0.0011760094080752737,0.0011753184506732145,0.0011760094080752737,0.04146208772925074,0.7921320738278755,0.04855481989192435,0.9276385315299719,0.12083110114336591,2.3084749459944733,,,0.26902,0.2645580587910013,0.27196,0.2677068897895106,0.269765,0.26135799315253483,0.218102,0.24149907549161206,,0.2304613836754291,-0.09880028228652071,-9.88002822865207,0.010284810126582222,1.0284810126582242,0.2668650793650795,26.68650793650794,32.14953271028037,34.41317047265002,57.07762557077625,0.2672580545370634,0.2560227014425354,0.011235353094528,0.016036775625313537,-0.004801422530785537,-1.8799618366427315,0.269765,0.03575272201635776,0.3412704440327155,0.19825955596728445,0.5301313664316389,0.39955310260413446,0.02388571428571427,9.352276541000105,0.0312,12.216131558339857,0.04533333333333332,17.749934742886968,1518762.1385,0.27044099242930925,30984433.48000001,0.22085654683976375,40.24538047249164,-50.073513967653916,42.36655170258467,13.677811550151986,13.97304013150297,-86.32218844984801,False,True,False
1778716800000,0.2554,0.2571,0.2464,0.2511,329007.26,2026-05-14,-0.016836335160532623,-0.016979677434899716,0.016836335160532623,0.03540126722969927,0.6763402607682255,0.045922385524291176,0.8773459435525954,0.12107186083867205,2.3130746535148083,0.15139376755387088,2.8923738679096713,0.26142000000000004,0.2600720391893105,0.27056,0.264687346819167,0.27202000000000004,0.26037507426904066,0.219836,0.24193183866517481,,0.23110053663331526,-0.1314424074714633,-13.144240747146327,-0.05281026027914004,-5.281026027914,0.21893203883495138,21.893203883495147,16.973415132924373,40.5,53.53605160101359,0.26477170399671784,0.2556507131435112,0.009120990853206667,0.014653602877851264,-0.005532612024644596,-2.2033500695518105,0.27202000000000004,0.032821360182212614,0.33766272036442524,0.2063772796355748,0.48263157388739947,0.3406525515406767,0.02218571428571427,8.835409910678722,0.029514285714285708,11.753996700233257,0.04352380952380951,17.33325747662665,1495798.249,0.2199543021393121,30655426.22000001,0.22095153229520567,37.9806280353254,-63.691621282322224,44.17749654359387,9.321175278622071,10.734669249758715,-90.67882472137792,False,False,True
1778803200000,0.2511,0.2549,0.2187,0.2203,464149.27,2026-05-15,-0.12266029470330542,-0.13086101235524183,0.12266029470330542,0.05530283255914645,1.056559132518725,0.05112572785302352,0.97675565916099,0.12497914476893798,2.387723208187861,0.14937421636561674,2.85379039663346,0.25116,0.2468146927836328,0.2642,0.25661668293272577,0.272625,0.2565373209966729,0.22018000000000001,0.24096246019879752,,0.2307697509122666,-0.18888070692194403,-18.888070692194407,-0.22402254314899606,-22.40225431489961,0.05811719500480317,5.811719500480307,3.5135135135135016,39.99999999999999,49.39050936003483,0.2579287483098924,0.2529833843170886,0.004945363992803764,0.012711937364920973,-0.007766573372117209,-3.5254531875248336,0.272625,0.031674526956132154,0.3359740539122643,0.2092759460877357,0.4647340039414163,0.08701040687625844,0.024585714285714273,11.160106348485826,0.028792857142857137,13.069839828804874,0.04405714285714285,19.99870306724596,1469042.878,0.3159535211333702,30191276.95000001,0.22099653955210874,36.54776535886397,-123.9738416585503,46.13727323609063,1.3125512715340362,8.103846033436032,-98.68744872846597,False,True,False
1778889600000,0.2203,0.2301,0.1965,0.2036,511372.0,2026-05-16,-0.07580571947344528,-0.07883296913192973,0.07580571947344528,0.0494897600755595,0.9455005386581234,0.05277305666331745,1.008227831891307,0.1257464925855116,2.402383367639044,0.146285542832631,2.794781371640847,0.2371,0.2324097951823947,0.25780000000000003,0.2469770542425057,0.271765,0.25147049144760614,0.22107,0.2392974707876207,,0.229946539872616,-0.25666301569916017,-25.666301569916023,-0.23916292974588937,-23.916292974588938,-0.0778985507246377,-7.789855072463765,3.551912568305994,32.64340626848019,46.717981612144534,0.2495692853702308,0.24926237600238685,0.00030690936784394385,0.010230913635404352,-0.009924004267560408,-4.874265357347941,0.271765,0.03334513733980612,0.33845527467961223,0.20507472532038773,0.4907936980818888,-0.011056524564282248,0.026371428571428567,12.952568060623069,0.02933571428571428,14.408504069604264,0.044357142857142845,21.786415941622224,1462230.5775000001,0.3497204940648288,29679904.95000001,0.22094441709756787,33.0221073113437,-180.15835879368402,49.12527726944188,4.927133934767519,5.186953494974542,-95.07286606523249,False,True,False
1778976000000,0.2036,0.213,0.1931,0.1995,636426.91,2026-05-17,-0.0201375245579567,-0.020343048346449448,0.0201375245579567,0.051250630327305056,0.9791419175815728,0.04970898457617527,0.9496888168615903,0.0655242155574636,1.251838380508302,0.14583935277066323,2.786256922476205,0.22598000000000001,0.2214398634515314,0.2503,0.2383446927298128,0.26564,0.24649856570510473,0.221562,0.2375334029144312,,0.2290336287070215,-0.21795374362994901,-21.7953743629949,-0.27322404371584696,-27.322404371584703,-0.3804347826086957,-38.04347826086956,0.4000000000000199,33.720219914477696,49.760874516055566,0.24186538733698923,0.2455175867141273,-0.0036521993771380656,0.007454274800647057,-0.011106474177785122,-5.567154976333394,0.26564,0.03484886768529754,0.3353377353705951,0.1959422646294049,0.5247533155443088,0.025522603795360158,0.023099999999999992,11.578947368421048,0.0294,14.736842105263156,0.043914285714285704,22.01217329036877,1009362.991,0.6305233257754742,29043478.04000001,0.22083185852456774,29.61615565207257,-183.60640938839995,48.915012967443346,4.338983050847468,3.5262227523830076,-95.66101694915254,False,True,False
1779062400000,0.1995,0.2146,0.1965,0.2071,538335.46,2026-05-18,0.03809523809523818,0.03738753207162041,0.03809523809523818,0.061529064652963796,1.1755111296495828,0.05052916705418923,0.965358381102277,0.06039361024348338,1.1538183036155432,0.1456011724651959,2.7817064941295473,0.21631999999999998,0.21665990896670043,0.24267000000000002,0.23266374806101453,0.25823,0.24273099466510945,0.22194200000000003,0.23619126684449987,,0.22838259811251896,-0.18911511354737665,-18.91151135473767,-0.26923076923076916,-26.923076923076916,-0.41711229946524064,-41.711229946524064,12.382445141065858,31.761006289308185,50.12434998869545,0.2365163192030447,0.2426299372443604,-0.006113618041315716,0.004740683541316682,-0.010854301582632397,-5.241092024448284,0.25823,0.030230937447379577,0.31869187489475914,0.19776812510524086,0.46827924636765006,0.07717156398972368,0.023614285714285706,11.402359108781122,0.028378571428571427,13.702835069324687,0.035052380952380946,16.925340875123585,700099.235,0.7689416486792762,29581813.50000001,0.22075853675331408,26.694355714258677,-160.48012790683785,47.42212512493739,9.49152542372882,6.252547469781269,-90.50847457627118,True,False,False
1779148800000,0.2071,0.2106,0.199,0.2008,621963.52,2026-05-19,-0.030420086914534017,-0.030892380583964322,0.030420086914534017,0.06057236749357154,1.1572334560832325,0.04742836398245002,0.9061176215971595,0.056504344367362694,1.0795139833835927,0.1428669226331215,2.729468724435268,0.20626000000000003,0.21137327264373906,0.23383999999999996,0.22687026302167995,0.25256500000000004,0.23872281400621073,0.22290600000000002,0.23463807268955053,,0.22757190521400483,-0.20031859816806052,-20.031859816806048,-0.3054306468350052,-30.54306468350052,-0.3607131486787647,-36.07131486787647,10.888252148997125,21.6382252559727,49.17114695340502,0.23102102536078825,0.23948922479127488,-0.008468199430486628,0.002098897062859346,-0.010567096493345973,-5.262498253658353,0.25256500000000004,0.02982332670560888,0.3122116534112178,0.19291834658878226,0.4723271507233209,0.06606953584537097,0.020985714285714278,10.451052931132608,0.02349285714285714,11.699630051223677,0.03066190476190475,15.269872889394795,643517.4615,0.9665060502791035,28959849.98000001,0.2206598944520754,27.543493107992223,-148.4631410713777,26.045893905833097,6.868867082961651,6.899791852512646,-93.13113291703836,False,False,True
1779235200000,0.2008,0.2056,0.1977,0.2005,412226.07,2026-05-20,-0.0014940239043824688,-0.0014951410709502528,0.0014940239043824688,0.04159158701043426,0.7946061541210092,0.0475338933566274,0.9081337574599447,0.053101077958953864,1.0144946699451194,0.14108559140851715,2.6954364391742263,0.2023,0.2077488484288267,0.22673000000000001,0.22207561808001058,0.24851499999999999,0.23507038309643774,0.2243,0.23314684173916142,,0.22678378003910346,-0.0898774398547435,-8.987743985474346,-0.26178203240058906,-26.178203240058906,-0.2877442273534635,-28.77442273534635,11.550151975683889,24.29118773946361,47.66182907164249,0.2263251391788579,0.236564751477026,-0.010239612298168083,-0.00036881219558331624,-0.009870800102584766,-4.923092320491155,0.24851499999999999,0.03115721214134962,0.3108294242826992,0.18620057571730075,0.5014942702267408,0.11473606991719654,0.01971428571428571,9.832561453509081,0.021799999999999993,10.872817955112216,0.02737142857142857,13.651585322408263,631023.604,0.6532656898837654,28547623.91000001,0.22058684735587694,28.74974231832776,-131.60659268871862,26.73631933544283,6.601248884924189,7.653880463871553,-93.39875111507581,False,True,False
1779321600000,0.2005,0.2033,0.1912,0.1974,375916.79,2026-05-21,-0.015461346633416584,-0.015582119747242794,0.015461346633416584,0.02669435035957189,0.509994847531468,0.046026270430424815,0.8793306618975185,0.04901761210469099,0.9364801643402657,0.139807404712006,2.6710167166253234,0.20106000000000002,0.2042992322856734,0.21908000000000002,0.21758910251068192,0.24575,0.23147188552420486,0.225236,0.23159227968248475,,0.2259362417369596,-0.0304518664047152,-3.045186640471518,-0.27929901423877324,-27.929901423877325,-0.21883656509695293,-21.88365650969529,19.947506561679774,19.57379636937648,31.45833333333333,0.22187484205812613,0.23362985108104306,-0.011755009022916929,-0.002646057013968053,-0.009108952008948876,-4.6144640369548515,0.24575,0.033155923500302435,0.31206184700060485,0.17943815299939514,0.5396691515817282,0.1354346758011507,0.01991428571428571,10.088290635403096,0.021049999999999996,10.663627152988854,0.026314285714285714,13.330438558402086,609008.9715,0.6172598559165889,28171707.120000012,0.22050713408336028,29.445416085446286,-119.01306240928884,27.700688240599632,5.438596491228054,6.302904153037964,-94.56140350877195,False,True,False
1779408000000,0.1974,0.209,0.185,0.1878,496571.97,2026-05-22,-0.04863221884498481,-0.04985456022521868,0.04863221884498481,0.03283381188139316,0.6272890952120009,0.04463273313227723,0.8527071691986841,0.048273082874935654,0.922255953378127,0.13985484477487978,2.6719230577539252,0.19872,0.19879948819022458,0.21234999999999998,0.21217286298472657,0.24202500000000002,0.22730128933292312,0.22610999999999998,0.22969593879831823,,0.22484610639746355,-0.0586466165413535,-5.864661654135346,-0.26381811054488435,-26.381811054488434,-0.2840259245139153,-28.402592451391534,24.51612903225805,12.480376766091055,23.18283701569004,0.21663228384104682,0.23019844822006555,-0.013566164379018725,-0.0048300826707401625,-0.008736081708278562,-4.651800696633952,0.24202500000000002,0.03531346656804802,0.31265193313609607,0.17139806686390396,0.5836333695783167,0.11611670228190414,0.018171428571428564,9.675947056138746,0.02137857142857143,11.383690856534308,0.025252380952380953,13.446422232364725,585059.4015,0.8487547909269858,27675135.150000013,0.22038751382597785,30.78304507946867,-108.81470856695795,19.203318099311787,2.329450915141428,4.789765430431224,-97.67054908485858,True,True,False
1779494400000,0.1878,0.1984,0.1854,0.1923,436244.5,2026-05-23,0.023961661341852958,0.02367908582057144,0.023961661341852958,0.027693840943831476,0.5290900883319554,0.04688173410202621,0.8956742723952591,0.04878207003084846,0.931980139338028,0.13985392107521585,2.671905410496625,0.19576,0.19663299212675744,0.20604,0.20855959384428593,0.23899999999999996,0.22395959133956578,0.22706600000000002,0.22808317124485794,,0.22392386697984615,-0.07146306132303237,-7.146306132303239,-0.24706342991386065,-24.706342991386066,-0.23931962025316467,-23.931962025316462,38.535031847133745,11.64817749603803,27.90275761973875,0.21288868950403397,0.2273631548149669,-0.014474465310932938,-0.006758962154777924,-0.007715503156155014,-4.012222130085811,0.23899999999999996,0.036897610819815164,0.3127952216396303,0.16520477836036962,0.6175332354780783,0.18358384891061427,0.015228571428571421,7.919173909813532,0.020800000000000003,10.816432657306294,0.024633333333333333,12.80984572716242,583467.9075,0.747675226679027,28111379.650000013,0.22027582702238774,33.53767529186681,-98.44974112035257,7.380020816358041,6.073211314475873,4.613752906948451,-93.92678868552413,False,False,True
1779580800000,0.1923,0.1927,0.1773,0.1805,322546.09,2026-05-24,-0.06136245449818001,-0.06332587482179852,0.06136245449818001,0.03472955767653296,0.6635072677738992,0.04791858835450589,0.915483345074794,0.04772381429028394,0.911762191802737,0.13896837056547806,2.6549869917633813,0.19169999999999998,0.19125532808440748,0.19898,0.20345782487353564,0.23477,0.21981132587595073,0.22737000000000002,0.22603905564095034,,0.22270380354210212,-0.1010956175298805,-10.109561752988053,-0.281162883313421,-28.116288331342094,-0.3191248585439457,-31.912485854394575,12.640449438202253,12.199170124481313,30.180533751962315,0.2079056271681542,0.22385977401564738,-0.01595414684749319,-0.008598001347976468,-0.007356145499516721,-4.07542686953835,0.23477,0.038559879613265,0.31188975922653,0.15765024077347,0.6569813794482259,0.14814464837352237,0.014585714285714277,8.080728136129792,0.018842857142857144,10.439256034823902,0.024461904761904758,13.55230180714945,565576.4140000001,0.5702962181870618,27788833.560000014,0.22016903322259795,36.58776370209275,-102.03524802106637,7.96017447670566,3.137254901960766,3.8466390438593554,-96.86274509803924,False,True,False
1779667200000,0.1805,0.1845,0.1715,0.1727,393607.96,2026-05-25,-0.04321329639889193,-0.044174792620302654,0.04321329639889193,0.03399627143673527,0.6494978538333028,0.03627721590484218,0.6930752367091073,0.04314574643486587,0.824298328233738,0.13721173495362632,2.6214265155215073,0.18614,0.18507021872286358,0.19422,0.19786547098386903,0.22921,0.21531545596911617,0.226956,0.22375621909157176,,0.2213104237644606,-0.13865336658354122,-13.865336658354124,-0.2160689968225148,-21.606899682251477,-0.3916872138076788,-39.16872138076787,12.129380053908363,9.841269841269863,32.891360136869125,0.20248920481767557,0.22003780065599146,-0.01754859583831589,-0.010388122001789579,-0.0071604738365263106,-4.146192146222531,0.22921,0.039115939677350504,0.307441879354701,0.15097812064529897,0.6826218695057024,0.13883010055411465,0.013857142857142846,8.023823310447508,0.018735714285714283,10.848705434692695,0.023538095238095236,13.629470317368405,481743.69399999996,0.8170484946711104,27395225.600000013,0.2200138885215425,43.10498601962387,-105.87063717695435,8.14594979943287,1.1505273250239494,3.4536645138201965,-98.84947267497604,False,True,False
1779753600000,0.1727,0.1737,0.1593,0.1603,420106.61,2026-05-26,-0.07180081065431376,-0.07450892553712557,0.07180081065431376,0.03756115455607116,0.7176048501985955,0.03565167742959502,0.6811243409198658,0.043852775462146706,0.8378060988335615,0.13658513373255868,2.6094553160018745,0.17872000000000002,0.1768134791485092,0.18988999999999998,0.19103536327209494,0.22384500000000002,0.21006630023225736,0.22673599999999997,0.221050078030142,,0.2196239382459104,-0.1879432624113475,-18.794326241134748,-0.21267190569744598,-21.2671905697446,-0.4009715994020927,-40.09715994020927,9.146341463414629,10.36789297658865,28.44463229078613,0.19599838349809356,0.2155778131018996,-0.019579429603806042,-0.012226384964563323,-0.007353044639242719,-4.587052176695396,0.22384500000000002,0.04089151855181834,0.30562803710363673,0.14206196289636333,0.7307113145581692,0.11150256672740798,0.014257142857142845,8.894037964530783,0.01762142857142857,10.992781392032795,0.02041428571428571,12.735050352018535,478998.50649999996,0.8770520247958227,26975118.990000013,0.21980519729895667,49.70278140443571,-115.68222731171251,8.518907330027758,0.9930486593843105,1.7602769621230088,-99.00695134061569,False,True,False
1779840000000,0.1603,0.1843,0.1524,0.1541,548425.01,2026-05-27,-0.03867747972551472,-0.039445317289437266,0.03867747972551472,0.03726575283235109,0.7119612081912099,0.035964290677309656,0.6870968086314606,0.04231612701037337,0.8084484713837292,0.1367321962526373,2.612264941502957,0.17197999999999997,0.1692423194322988,0.18535,0.18431982491607968,0.217825,0.20472735269009407,0.226388,0.21820469853614993,,0.21782677835377307,-0.17944621938232164,-17.944621938232167,-0.22756892230576453,-22.75689223057645,-0.4386156648451731,-43.86156648451731,8.604206500956039,9.64143426294821,28.846978139734233,0.1895523317725155,0.21099060223791116,-0.021438270465395676,-0.014068763221209368,-0.007369507244186307,-4.782288931983328,0.217825,0.0418919898762221,0.30160897975244416,0.1340410202475558,0.7692779043034013,0.11970653466039864,0.01768571428571427,11.476777602669872,0.018699999999999994,12.134977287475662,0.020428571428571424,13.256697877074256,481593.43400000007,1.138771775696593,26426693.98000001,0.21953104494893674,54.79661658160422,-107.8273244781784,8.612419227753549,1.6236867239732375,1.2557542361271659,-98.37631327602676,True,True,False
1779926400000,0.1541,0.3,0.1507,0.1786,1380977.94,2026-05-28,0.15898767034393257,0.14754692611632866,0.15898767034393257,0.09608906726015498,1.8357790523720996,0.06668813453923168,1.2740750214323224,0.05823121225108088,1.1125057479780083,0.13843422995654436,2.6447822497582694,0.16924,0.17236154628821038,0.1825,0.18327985449912057,0.21258500000000002,0.20223530701690157,0.226462,0.2165270082424527,,0.21675902684183707,-0.07124284971398853,-7.1242849713988505,-0.13761467889908252,-13.761467889908255,-0.3697953422724064,-36.97953422724064,43.15476190476192,25.120109814687723,32.38289205702648,0.18786732523402416,0.2085750627048844,-0.020707737470860244,-0.015396558737916146,-0.0053111787329440975,-2.9737842849631004,0.21258500000000002,0.03975795550975694,0.2921009110195139,0.13306908898048614,0.7480858105653162,0.28630063112991433,0.03728571428571427,20.87665973444248,0.028599999999999997,16.013437849944008,0.026461904761904756,14.816296059297173,523177.7565,2.6395960509456406,27807671.920000013,0.21941256963329667,55.20409085105397,-15.110699553834538,26.797329272128252,18.6872069658406,7.101314116399382,-81.3127930341594,True,True,False
1780012800000,0.1786,0.1981,0.1725,0.182,402789.03,2026-05-29,0.019036954087345848,0.018858018634396505,0.019036954087345848,0.09224933391660252,1.7624210498461323,0.0670699481816644,1.281369560828674,0.05819147682360732,1.111746603702047,0.1382891706509892,2.64201089561692,0.16953999999999997,0.17557436419214795,0.18062,0.18304715326910828,0.20722999999999997,0.20030552412571553,0.22673200000000002,0.215068999166879,,0.2158198541355256,0.008310249307479145,0.8310249307479232,-0.09362549800796816,-9.362549800796819,-0.3704600484261502,-37.04600484261502,42.208774583963695,33.8123415046492,27.857453281182103,0.1869646451177197,0.20659421178843584,-0.019629566670716136,-0.016243160664585355,-0.0033864060061307814,-1.8606626407311988,0.20722999999999997,0.03593897019876046,0.2791079403975209,0.13535205960247904,0.6937020740001056,0.3244941364453025,0.0375142857142857,20.61224489795918,0.027842857142857138,15.298273155416009,0.02675714285714285,14.701726844583984,508634.2225,0.7919031244501052,28210460.950000014,0.21928839363571764,56.6738175548159,-66.37420557443693,27.405273805319823,20.964501004688543,13.75846489816746,-79.03549899531146,False,False,True
1780099200000,0.182,0.2158,0.1747,0.203,815999.03,2026-05-30,0.11538461538461542,0.109199291964992,0.11538461538461542,0.09863018276114642,1.884326995851956,0.07765260474008136,1.4835509304926293,0.06486175888098797,1.2391821634749383,0.13891049455788837,2.653881272190931,0.1756,0.18471624279477988,0.18087,0.18667494883891644,0.20380000000000004,0.20056245537187464,0.22755199999999998,0.21456087922569891,,0.21547594979933304,0.17544875506658952,17.54487550665896,0.012468827930174564,1.2468827930174575,-0.25257731958762886,-25.257731958762886,64.9402390438247,49.75530179445351,36.24361158432709,0.18943165677607382,0.20632643079931326,-0.01689477402323944,-0.016373483378200278,-0.0005212906450391616,-0.25679342120155746,0.20380000000000004,0.03258969808164317,0.26897939616328637,0.1386206038367137,0.6396407866858324,0.49386309135178336,0.041528571428571415,20.45742434904996,0.028378571428571427,13.979591836734691,0.02770952380952381,13.650011728829462,519273.3,1.5714249702420673,29026459.980000015,0.2191362022600937,60.44188377540843,-27.990820342691453,37.078538116028604,35.03014065639653,24.893949542308558,-64.96985934360347,True,False,False
1780185600000,0.203,0.2337,0.1926,0.2034,948003.24,2026-05-31,0.0019704433497536034,0.0019685045726721534,0.0019704433497536034,0.08257378555643244,1.5775699579760913,0.07736674981702431,1.4780896798558134,0.06476739757981408,1.237379393347296,0.1387021519095511,2.649900891483334,0.18422,0.1909441618631932,0.18147,0.18971587083591168,0.20027499999999998,0.20083299733510646,0.228166,0.21409234425556634,,0.21515426090104545,0.2688708671241422,26.88708671241422,0.03039513677811545,3.039513677811553,-0.25739320920043807,-25.739320920043806,72.60677466863034,51.64003364171572,34.42838370565046,0.19158065770572658,0.20610849532735867,-0.014527837621632095,-0.01600435413197979,0.0014765165103476953,0.7259176550381983,0.20027499999999998,0.02811378899364107,0.2565025779872821,0.14404742201271784,0.5615037122684523,0.5277888547920991,0.04519999999999998,22.222222222222214,0.02989285714285714,14.696586599241465,0.027628571428571426,13.583368450625086,548125.3425,1.7295373274954897,29974463.220000014,0.21906070876045847,64.66494361488863,18.50962637764676,47.97409039168615,35.29805760214334,30.430899754409467,-64.70194239785666,True,False,False
1780272000000,0.2034,0.2052,0.1902,0.1979,546477.45,2026-06-01,-0.02704031465093415,-0.027412631005939565,0.02704031465093415,0.07950935846523276,1.5190241606033792,0.07597488680055886,1.4514981742636028,0.0635370000068466,1.21387268072173,0.1385151019847403,2.6463273076875233,0.19298,0.19326277457546376,0.18248,0.19120389576323074,0.197415,0.20055338408347656,0.22841800000000004,0.2134144617717467,,0.21469774906421837,0.28423101881894874,28.42310188189488,0.05378061767838127,5.378061767838125,-0.22422579380635044,-22.422579380635046,80.81967213114753,46.06164383561644,30.991551800800366,0.19255287380139335,0.20549743978627896,-0.012944565984885609,-0.015392396376688544,0.0024478303918029354,1.2369026739782394,0.197415,0.024977448249424095,0.2473698964988482,0.14746010350115182,0.5060901805723799,0.5048543789897669,0.045485714285714275,22.98419114993142,0.029671428571428567,14.993142279650614,0.027652380952380953,13.972905989075773,550594.0825,0.9925232896050966,29427985.770000014,0.21896084792573686,68.55332088360434,-14.976395897770002,41.055055589774604,31.614199598124575,33.980799285554816,-68.38580040187541,False,True,False
1780358400000,0.1979,0.22,0.1887,0.1958,630287.88,2026-06-02,-0.010611419909044906,-0.010668122512109968,0.010611419909044906,0.05606636708856884,1.071146439221177,0.07594054350113962,1.450842046449473,0.06347522628121148,1.2126924953505793,0.13825682313200924,2.6413928971345446,0.19641999999999998,0.1941085163836429,0.18283,0.19203955174200957,0.194435,0.20010027005776193,0.22882399999999997,0.21267899125466222,,0.21420105988351607,0.09630459126539748,9.63045912653975,0.018200728029121205,1.820072802912118,-0.2333594361785435,-23.335943617854348,86.6432337434095,47.779751332149196,28.9200180750113,0.1930524358472061,0.2047758098666823,-0.011723374019476207,-0.014658591784498198,0.0029352177650219906,1.4990897676312516,0.194435,0.02092131310662147,0.23627762621324294,0.15259237378675705,0.43040220344323754,0.5163111176751137,0.04789999999999999,24.463738508682322,0.031078571428571424,15.87261053553188,0.027714285714285712,14.154384940901792,561571.6994999999,1.1223640375061317,28797697.890000015,0.2188669131449468,68.25358751978767,12.669646812452282,49.06145624134009,30.20763563295379,32.3732976110739,-69.79236436704622,True,True,False
1780444800000,0.1958,0.2118,0.1834,0.207,493157.97,2026-06-03,0.05720122574055142,0.05562506316895891,0.05720122574055142,0.05849077284516101,1.1174646461650775,0.07378021038615552,1.4095689402396252,0.0652710857927873,1.247002343144483,0.1384068407065452,2.6442589788717643,0.20142000000000002,0.1984056775890966,0.18548,0.19475963500917381,0.19222999999999998,0.20075792662487818,0.229374,0.21244247216278606,,0.214013013293111,0.13736263736263732,13.736263736263735,0.1468144044321329,14.681440443213296,-0.17562724014336917,-17.56272401433692,82.56880733944953,52.63157894736841,34.9767441860465,0.19519823010035983,0.20494126549267366,-0.009743035392313831,-0.013675480376644181,0.00393244498433035,1.8997318764880917,0.19222999999999998,0.016489297964693637,0.22520859592938725,0.15925140407061272,0.3431160165363082,0.7239331236482152,0.047399999999999984,22.898550724637676,0.03254285714285714,15.72118702553485,0.028266666666666662,13.65539452495974,569779.235,0.8655246448214281,29290855.860000014,0.2187909037084926,67.78094588860945,25.164254734401073,48.57003762512412,37.709310113864696,33.17704844831436,-62.2906898861353,False,True,False
1780531200000,0.207,0.22,0.1864,0.1896,368211.4,2026-06-04,-0.08405797101449275,-0.08780220344444764,0.08405797101449275,0.05099800244063019,0.974315468583508,0.07841509146317119,1.4981182188832056,0.062188610785814565,1.1881117408250703,0.1390527168215974,2.6565984247239145,0.19873999999999997,0.19547045172606378,0.18717,0.19382151905471434,0.190695,0.19969447774706614,0.22956600000000002,0.2114934354479891,,0.21337949686480562,-0.06600985221674893,-6.600985221674888,0.09785755645628247,9.785755645628257,-0.13935542442124382,-13.93554244212438,56.59722222222222,47.16981132075472,31.68187744458932,0.19433695878481105,0.20380040117159867,-0.009463442386787618,-0.012833072689956985,0.0033696303031693665,1.777231172557683,0.190695,0.015109964471030983,0.22091492894206197,0.16047507105793804,0.3169451631354987,0.48188281643382813,0.030871428571428557,16.282399035563586,0.034078571428571416,17.973930078360453,0.029357142857142852,15.48372513562387,564982.3415,0.6517219618270141,28922644.460000016,0.21872811847733312,67.60483424551286,25.13966480446922,48.60093181420703,26.054922973878092,31.323956240232196,-73.94507702612191,True,False,False
1780617600000,0.1896,0.1961,0.1709,0.1751,422935.64,2026-06-05,-0.07647679324894507,-0.07955935052911518,0.07647679324894507,0.05712887629429261,1.0914456490942344,0.07898247848548877,1.5089581327241668,0.06222859293843019,1.1888755987782522,0.10419122174694226,1.990570496498172,0.19308,0.18868030115070825,0.18865,0.19041760502014968,0.18927,0.1973505727518398,0.22712400000000002,0.20998491342351167,,0.21239221568031488,-0.13913470993117005,-13.913470993117008,0.09232688708671244,9.232688708671247,-0.13998035363457761,-13.998035363457758,22.700587084148694,45.55010511562719,32.28520814880426,0.19137741170079955,0.20166669734418538,-0.010289285643385826,-0.012324315237780022,0.002035029594394196,1.1622099339772678,0.18927,0.015172624239590824,0.21961524847918165,0.15892475152081834,0.3206556610047198,0.2665202838968132,0.0308142857142857,17.59810720404666,0.0341642857142857,19.51129966549726,0.02883333333333333,16.466780887112122,560560.5235,0.7544870219531254,28499708.820000015,0.21859232890353883,66.20660772378115,-77.41981959730997,49.212721604973495,16.342933690555935,26.702388926099573,-83.65706630944408,False,True,False
1780704000000,0.1751,0.1807,0.1721,0.1751,334784.31,2026-06-06,0.0,0.0,0.0,0.05852848482792791,1.118185132584198,0.07717470594705417,1.4744206868716985,0.06214619260211619,1.1873013425634,0.10166549879761898,1.9423166273050239,0.18852,0.18415353410047172,0.19075,0.1876325849353943,0.18805,0.19523018247050922,0.225654,0.2085421443810893,,0.2114361242606155,-0.11520970186963109,-11.520970186963106,0.1362751460090852,13.627514600908514,-0.12230576441102758,-12.230576441102759,22.09072978303746,43.77713458755427,32.195121951219505,0.18887318380273121,0.19969215474651544,-0.010818970943784229,-0.012023246358688861,0.0012042754149046327,0.6877643717330855,0.18805,0.015287301231656236,0.21862460246331247,0.15747539753668752,0.32517524555503835,0.28822292104142416,0.026171428571428557,14.94656114873133,0.03384999999999999,19.33181039406053,0.027642857142857132,15.78689728318511,545478.3935,0.6137444012253072,28499708.820000015,0.21847218610966937,63.41586018495506,-92.64252510316678,49.99997542507867,16.342933690555935,19.580263451663324,-83.65706630944408,False,False,True
1780790400000,0.1751,0.1807,0.174,0.1782,350540.87,2026-06-07,0.017704169046259155,0.017549275744902646,0.017704169046259155,0.06130534732215935,1.1712370160458836,0.058695399418352986,1.1213740313567089,0.061571232072140346,1.1763167370617906,0.09355284279983284,1.7873245520930259,0.185,0.18216902273364768,0.19071,0.18591756899370512,0.186605,0.19360736837794063,0.22563,0.20728993760000333,,0.21058896610226072,-0.0898876404494382,-8.988764044943823,-0.002239641657334923,-0.22396416573348907,-0.1395461129888943,-13.95461129888943,29.606625258799156,49.11196911196911,33.74944271065537,0.18723114958134188,0.19809517142578315,-0.010864021844441268,-0.011791401443338288,0.0009273795988970195,0.5204150386627495,0.186605,0.014748219339440297,0.2161014386788806,0.1571085613211194,0.3161377099100303,0.3575251729284532,0.021257142857142843,11.928811928811921,0.03322857142857143,18.64678531345198,0.02701428571428571,15.159531826198492,536088.6640000001,0.6538859959926329,28850249.690000016,0.21835201671357635,61.044530527865355,-72.87308228730822,53.899539172589165,18.41929002009377,17.03505246706855,-81.58070997990623,False,False,False
1780876800000,0.1782,0.1904,0.1744,0.1898,407804.56,2026-06-08,0.06509539842873169,0.06306437113911849,0.06509539842873169,0.06375095828883948,1.217960347959675,0.061957371411109845,1.1836939187744384,0.06323874010883682,1.2081744333712112,0.093608831036052,1.788394205844083,0.18156,0.1847126818224319,0.19149,0.18662346570831137,0.186055,0.19324458145646684,0.22562000000000001,0.20656961511453661,,0.21006207103080013,-0.08309178743961354,-8.30917874396135,0.04285714285714293,4.2857142857142865,-0.05478087649402397,-5.478087649402395,44.809688581314866,56.414103525881465,42.56460263286201,0.18762635854859,0.19747893788660906,-0.009852579338019057,-0.01140363700554787,0.0015510576675288133,0.8172063580236107,0.186055,0.014391791337243855,0.21483858267448772,0.15727141732551228,0.30940939694700725,0.5650544451389536,0.021399999999999992,11.275026343519489,0.03344285714285714,17.62005118169502,0.02691428571428571,14.180340207737466,525380.7159999999,0.776207705347145,29258054.250000015,0.2182377803256243,59.06471091386284,-27.345728134269013,58.514313456266564,26.188881446751505,20.317035052467073,-73.81111855324849,True,False,False
1780963200000,0.1898,0.1898,0.1716,0.1798,387127.77,2026-06-09,-0.052687038988408874,-0.054125764138307615,0.052687038988408874,0.05644808117161962,1.0784390765382073,0.050744334738788734,0.969469153944579,0.06428821936108746,1.228224706332699,0.09123082691272762,1.7429625008590184,0.1796,0.18307512121495456,0.18917,0.18538283533793753,0.18502000000000002,0.19196356876571563,0.22480799999999998,0.20546927630102746,,0.20929930865583413,-0.05168776371308015,-5.168776371308019,-0.11428571428571443,-11.428571428571441,-0.10324189526184546,-10.32418952618455,25.971731448763236,57.44843391902215,44.002016129032256,0.18642230026661072,0.19616588220685488,-0.009743581940244161,-0.01107162598102985,0.0013280440407856878,0.7386229370331968,0.18502000000000002,0.014038278496949882,0.2130965569938998,0.15694344300610025,0.3034975353356369,0.40703988382310935,0.01952857142857142,10.861274431908466,0.03371428571428571,18.75099316701096,0.02722857142857142,15.143810583187667,524125.8010000001,0.7386161285351414,28870926.480000015,0.21811563599799835,57.6151832259094,-47.67198088830373,58.485943533206154,19.490957803081038,21.366376423308775,-80.50904219691897,False,True,False
1781049600000,0.1798,0.1818,0.1733,0.1758,351432.21,2026-06-10,-0.022246941045606095,-0.022498136786443138,0.022246941045606095,0.04418519398030406,0.844156945705679,0.05064014367494505,0.9674785864648183,0.06437232931525795,1.229831624750838,0.09120691495134463,1.7425056634782456,0.17974,0.1806500808099697,0.18641000000000002,0.18364050136253182,0.18394,0.19042355436075684,0.223806,0.2042520482876653,,0.2084594887256208,0.003997715591090856,0.399771559109084,-0.13569321533923295,-13.569321533923299,-0.10942249240121571,-10.942249240121571,34.027777777777786,58.430458430458444,44.024205748865356,0.18478809664170814,0.19465356075376158,-0.00986546411205344,-0.010830393600574868,0.000964929488521428,0.5488791174752149,0.18394,0.013865534704136366,0.21167106940827274,0.15620893059172725,0.30152299019541967,0.3532332114539432,0.016685714285714276,9.49130505444498,0.03204285714285714,18.22688119616447,0.027257142857142848,15.50463188688444,522901.572,0.6720809973009606,28519494.270000014,0.21799540317827223,57.49690864334911,-61.59541751082246,59.53385022717244,16.811788345612868,20.83054253181514,-83.18821165438713,False,False,True
1781136000000,0.1758,0.2117,0.1754,0.1989,510674.64,2026-06-11,0.1313993174061432,0.12345520060884975,0.1313993174061432,0.07281575521796721,1.3911430501233384,0.0677597016120966,1.2945472816141301,0.0701152683153211,1.3395503202900803,0.09297601485710164,1.7763042697208196,0.1845,0.18673338720664653,0.18651,0.18641495602192437,0.184495,0.19123113233459785,0.22309800000000002,0.2040328691205202,,0.208221090383475,0.13592233009708732,13.592233009708732,0.005053057099545288,0.505305709954523,0.0591054313099042,5.9105431309904155,72.97297297297298,57.97329143754909,48.0823199251637,0.1869591627255802,0.19496883326432765,-0.00800967053874746,-0.01026624897574992,0.0022565784370024607,1.1345291287091306,0.184495,0.014245127514163139,0.21298525502832627,0.15600474497167371,0.30884582268707855,0.7528057398166129,0.017071428571428564,8.582920347626226,0.023971428571428564,12.052000287294401,0.0284095238095238,14.283320165673102,523606.7055,0.9753019482673528,29030168.910000015,0.21789958976378526,60.53564777513525,44.775183024231104,53.82633120643772,44.5859872611465,26.96291113661347,-55.4140127388535,True,False,False
1781222400000,0.1989,0.1992,0.1867,0.1915,351417.77,2026-06-12,-0.037204625439919536,-0.03791437723922581,0.037204625439919536,0.07863687979842514,1.5023554790786589,0.06884598288486744,1.3153006561904252,0.07058298111242121,1.3484859607320683,0.09093348528627011,1.7372817970618728,0.18716,0.18832225813776438,0.18607999999999997,0.1873395095710929,0.18445499999999998,0.1912567473146096,0.222896,0.2035205079996066,,0.20780622409009808,0.07463524130190802,7.4635241301908,-0.02196118488253318,-2.196118488253319,-0.004160166406656285,-0.41601664066562416,63.85135135135137,53.61766945925363,47.836202885062825,0.18765775417239813,0.19471133705713534,-0.007053582884737203,-0.009623715746194798,0.0025701328614575955,1.342105932876029,0.18445499999999998,0.014223164019896309,0.2129013280397926,0.15600867196020737,0.3084365079807282,0.623829690604443,0.015257142857142846,7.967176426706447,0.02303571428571428,12.029093621782915,0.027861904761904754,14.549297525798826,519365.36899999995,0.6766291920399492,28678751.140000015,0.2178258094090512,62.39307248335047,27.99048362084762,54.08973017767598,32.80254777070065,31.400107792486676,-67.19745222929934,False,False,True
1781308800000,0.1915,0.1976,0.1856,0.1962,307765.08,2026-06-13,0.024543080939947837,0.024246738510562083,0.024543080939947837,0.0743966121543942,1.421345279486566,0.06656102874802525,1.2716466687009944,0.06911834119271809,1.3205040543557758,0.09094605386959659,1.7375219195091671,0.18844,0.19094817209184295,0.185,0.18895050797147656,0.18524000000000002,0.19172767526664125,0.2227,0.20322173312157715,,0.2075196977407829,0.0337197049525817,3.371970495258175,-0.05217391304347818,-5.217391304347815,0.08698060941828256,8.698060941828265,64.8026315789474,47.04347826086956,49.01960784313725,0.18897194758422728,0.19482182515230045,-0.005849877568073175,-0.008868948099902001,0.003019070531828826,1.5387719326344678,0.18524000000000002,0.014425211847391909,0.21409042369478384,0.1563895763052162,0.3114923741609137,0.6899452173726928,0.015742857142857135,8.023882335808937,0.02095714285714285,10.681520314547834,0.02781428571428571,14.176496286588028,518626.31849999994,0.5934235672615601,28986516.220000014,0.21776323413691692,62.081333646087685,28.886016563741816,50.307610109019976,40.28662420382169,39.22505307855628,-59.71337579617831,False,True,False
1781395200000,0.1962,0.2004,0.1814,0.1902,333824.85,2026-06-14,-0.030581039755351758,-0.031058397019972855,0.030581039755351758,0.07038045508215433,1.344616706356673,0.06130046554714112,1.1711437498651163,0.06869787883359554,1.3124711322638345,0.09105840015492829,1.7396682922766888,0.19052,0.19069878139456198,0.18506,0.1891776883565192,0.186115,0.19158214268567308,0.22234,0.20269111959053016,,0.2070941998406525,0.05784204671857629,5.784204671857631,0.0031645569620253333,0.3164556962025407,0.1013317892298784,10.133178922987849,50.362318840579725,44.527363184079604,48.37983798379838,0.18916087893751285,0.19447884468571103,-0.005317965748198178,-0.008158751621530461,0.0028407858733322834,1.49357827199384,0.186115,0.014152711289436225,0.21442042257887245,0.15780957742112756,0.3041713196558305,0.5721593183888571,0.017499999999999988,9.200841219768657,0.01937857142857143,10.188523358870363,0.02798571428571428,14.713835060838212,515637.163,0.6474026194267926,28652691.370000012,0.21768895624497056,60.13306907503333,11.083669658454525,38.43686704510614,39.30753564154788,37.46556920535674,-60.69246435845211,True,True,False
1781481600000,0.1902,0.1966,0.1827,0.1843,335815.92,2026-06-15,-0.031019978969505813,-0.03151128543551236,0.031019978969505813,0.07158359613602443,1.3676026839160522,0.056321433850282515,1.0760194828614342,0.06681538620608178,1.2765061611139095,0.09077305761450245,1.7342168306962973,0.19222,0.18856585426304132,0.18597999999999998,0.18829083587625436,0.18731499999999998,0.19088843407886216,0.22161,0.20194285946720328,,0.20653686417582495,0.04835039817974951,4.83503981797496,0.052541404911479184,5.254140491147908,0.1497192763568309,14.971927635683091,54.40313111545989,44.38016528925619,49.199084668192214,0.18841305069729317,0.19372358583835508,-0.005310535141061917,-0.007589108320283614,0.0022785731792216964,1.2363392182429174,0.18731499999999998,0.012801655937294674,0.21291831187458932,0.16171168812541065,0.2733717200927778,0.4411208984453237,0.017199999999999986,9.332609875203465,0.019299999999999994,10.472056429734126,0.028028571428571424,15.208123401286718,511422.62849999993,0.6566309374791383,28316875.45000001,0.2176069450879449,58.5913353817806,-14.53301744757492,40.071620492651974,27.29124236252545,35.62846740263168,-72.70875763747455,False,False,True
1781568000000,0.1843,0.191,0.1561,0.1651,547539.0,2026-06-16,-0.10417797069994572,-0.11001351374969526,0.10417797069994572,0.045740657006714446,0.8738740250992426,0.06639196924996908,1.2684167915257296,0.07076570957193003,1.3519769830492097,0.06359047168814508,1.2148942557585352,0.18546,0.18074390284202754,0.18497999999999998,0.18407432006086027,0.187865,0.1884318441903385,0.218472,0.20044607349293225,,0.2055283892573952,-0.16993464052287577,-16.993464052287578,-0.057110222729868654,-5.711022272986869,0.07138221933809219,7.138221933809222,41.93061840120662,38.884866039102086,44.1680960548885,0.18482642462620538,0.19160001293499032,-0.006773588308784939,-0.007426004316803494,0.0006524160080185549,0.3951641478004572,0.187865,0.01146616418217798,0.21079732836435597,0.16493267163564404,0.24413625065186131,0.003648307352341013,0.019585714285714272,11.862940209396895,0.019557142857142853,11.845634680280346,0.029004761904761898,17.567996308153784,511378.3279999999,1.0707121714395376,27769336.45000001,0.21739771158910845,54.75072035947699,-139.3658516374571,28.983030179346287,14.08450704225353,26.89442834877563,-85.91549295774647,False,True,False
1781654400000,0.1651,0.1669,0.1494,0.1574,603396.29,2026-06-17,-0.04663840096910954,-0.04776101494277938,0.04663840096910954,0.04601260887888565,0.8790696583218401,0.06717689443084263,1.2834127660503418,0.06168727710011244,1.1785337742082365,0.06157482203218501,1.1763853231521415,0.17864,0.17296260189468501,0.1829,0.17922444349650277,0.186805,0.18547583325480943,0.21451399999999998,0.19869973766344876,,0.20436234725560326,-0.17806788511749339,-17.806788511749343,-0.11672278338944997,-11.672278338944997,-0.11870100783874582,-11.870100783874578,9.233791748526542,31.57503714710252,44.958533391532086,0.1806069718099593,0.18906302016917673,-0.008456048359217427,-0.00763201312647899,-0.0008240352327384378,-0.5235293727690202,0.186805,0.013214405018767587,0.21323381003753517,0.16037618996246483,0.28295613112641704,-0.05630578823333184,0.02087142857142856,13.260119803957155,0.018778571428571426,11.93047740061717,0.028319047619047615,17.99177104132631,472499.2455,1.2770312243810769,27165940.16000001,0.2171064658942993,51.204875087270686,-198.11033895587644,29.088595273991103,11.33144475920681,17.5690647213286,-88.6685552407932,False,True,False
1781740800000,0.1574,0.1625,0.145,0.1511,376304.62,2026-06-18,-0.04002541296060991,-0.04084846670460896,0.04002541296060991,0.030749752037498364,0.587473187800249,0.06209116700399808,1.1862500799874403,0.06191349058407207,1.1828555767510052,0.059930936298345464,1.1449789303051234,0.16962000000000002,0.16567506792979003,0.17903000000000002,0.17411090815171185,0.18526,0.1822013458327346,0.211254,0.19677127406836847,,0.2030776070139555,-0.22986748216106012,-22.98674821610601,-0.2038988408851422,-20.38988408851422,-0.16978021978021973,-16.97802197802197,9.437751004016079,34.412955465587046,45.2548330404218,0.17606743506925127,0.1862471848050414,-0.010179749735790139,-0.008141560450701281,-0.002038189285088858,-1.348900916670323,0.18526,0.015426921103605624,0.21611384220721125,0.15440615779278877,0.33308692871867907,-0.053577732241335434,0.018185714285714277,12.035548832372122,0.017628571428571427,11.666824241278244,0.022042857142857142,14.588257539945163,471175.025,0.798651456536772,26789635.54000001,0.21691095248270845,48.139004163909085,-188.74086239198863,29.54095606461624,9.145427286356854,11.520459695939069,-90.85457271364315,False,True,False
1781827200000,0.1511,0.1619,0.1365,0.1442,493721.42,2026-06-19,-0.04566512243547327,-0.046740644427845264,0.04566512243547327,0.028998445039425124,0.5540145145816707,0.061729944941204526,1.1793489421677164,0.055202957650477884,1.054651025067802,0.05868039582296605,1.1210873880693197,0.16042,0.15851671195319333,0.17547,0.1686725610726725,0.18231999999999998,0.17858157139856576,0.208508,0.194644154847957,,0.20166352859037062,-0.2418506834910621,-24.18506834910621,-0.19799777530589546,-19.79977753058954,-0.2896551724137931,-28.965517241379317,0.0,36.6695427092321,46.375506528590726,0.1711647503602003,0.18312872308548517,-0.011963972725284877,-0.008906042908450673,-0.0030579298168342036,-2.120617071313595,0.18231999999999998,0.017351098857968015,0.217022197715936,0.14761780228406396,0.38067351597121574,-0.04924475262404538,0.02002857142857142,13.889439270853968,0.01764285714285714,12.234991083812165,0.02203333333333333,15.279704114655567,455061.14449999994,1.0849562217457132,26295914.12000001,0.21663501960920356,45.121555638948074,-181.97989561831895,29.64669775741872,10.23936170212764,10.238744582563774,-89.76063829787236,False,True,False
1781913600000,0.1442,0.15,0.1386,0.1449,458599.21,2026-06-20,0.004854368932038833,0.004842624475787991,0.004854368932038833,0.03875084620642263,0.7403338772645379,0.062221185035915935,1.1887340709994378,0.055254807847966624,1.0556416216999194,0.05723989609622084,1.0935666794319163,0.15254,0.15397780796879554,0.17238,0.16435027714870162,0.179395,0.1753733226433793,0.20635199999999998,0.19263393008613267,,0.2003059471018244,-0.2137818773738469,-21.378187737384692,-0.17576791808873726,-17.576791808873725,-0.28761061946902655,-28.761061946902654,1.4989293361884393,37.049742710120064,47.87626962142198,0.16712401786830156,0.18029372045911907,-0.013169702590817511,-0.009758774847451775,-0.0034109277433657364,-2.3539874005284585,0.179395,0.018503100024762024,0.21640120004952404,0.14238879995047596,0.41256668301261507,0.033929450283511894,0.01994285714285713,13.76318643399388,0.01784285714285714,12.313911071675046,0.020619047619047613,14.22984652798317,430590.94299999997,1.0650461126861186,26754513.33000001,0.21636951010664912,42.10410711398705,-171.99511459156565,29.430464864337694,11.170212765957437,10.185000584813983,-88.82978723404257,False,False,True
1782000000000,0.1449,0.1462,0.1396,0.1427,457456.49,2026-06-21,-0.015182884748102143,-0.015299324843845967,0.015182884748102143,0.02261820444411234,0.43212018916109096,0.034226705617158605,0.6539002926687885,0.05518670227809429,1.0543404666144713,0.05683246579792706,1.0857827345125177,0.14806,0.15021853864586368,0.16676000000000002,0.16041386305268307,0.17663500000000001,0.1722611563058641,0.20395999999999997,0.19061844595656277,,0.19893386334461124,-0.13567534827377348,-13.56753482737735,-0.2825540472599296,-28.25540472599296,-0.2789287518948964,-27.89287518948964,1.6279069767441996,34.658599827139156,40.76170869788986,0.16336647534591237,0.17750604562656933,-0.01413957028065696,-0.010634933936170555,-0.003504636344486405,-2.455946982821587,0.17663500000000001,0.019677218326091348,0.2159894366521827,0.13728056334781732,0.4456017963844389,0.06885420187919389,0.01817142857142856,12.734007408148956,0.01783571428571428,12.498748623485833,0.018976190476190473,13.297961090532917,426139.895,1.0734890006015512,26297056.84000001,0.21610050542690135,38.682607355516325,-152.72631602025828,23.1864299866416,8.244680851063809,9.884751773049633,-91.75531914893618,False,False,True
1782086400000,0.1427,0.1473,0.1362,0.1385,442650.98,2026-06-22,-0.029432375613174355,-0.0298741988553974,0.029432375613174355,0.020372006604958564,0.3892066396993421,0.03418637958697429,0.6531298649438814,0.05527212041252179,1.0559723777813281,0.05677797930393737,1.0847417715064696,0.14428000000000002,0.14631235909724247,0.16146,0.15642952425870474,0.17377,0.16904541420186622,0.20167400000000002,0.18851719900087097,,0.19750018136100725,-0.12007623888182972,-12.007623888182973,-0.2767624020887728,-27.676240208877278,-0.2926455566905004,-29.264555669050047,2.500000000000014,26.31578947368422,38.85187083546899,0.15954086262407088,0.17461387042848925,-0.015073007804418365,-0.011522548711504045,-0.003550459092914319,-2.5635083703352484,0.17377,0.0208749182160398,0.21551983643207961,0.1320201635679204,0.48051834530793125,0.0776031355550492,0.01777142857142856,12.831356369262497,0.01748571428571428,12.625064466219696,0.018790476190476187,13.567130823448508,416758.05,1.0621294057787245,25854405.86000001,0.21583443165726335,36.005305106445164,-136.92774546077763,15.941572569435479,3.0463576158940713,7.48708374430511,-96.95364238410593,True,True,False
1782172800000,0.1385,0.168,0.1333,0.1419,527675.46,2026-06-23,0.024548736462093768,0.02425225853860369,0.024548736462093768,0.027690634289316157,0.5290288252834602,0.034187406687538426,0.6531494876726067,0.0534569406421137,1.0212934169607089,0.05636708173854362,1.0768915845421372,0.14243999999999998,0.14484157273149498,0.15603,0.1537877925443138,0.170515,0.16645985012416584,0.19921,0.1866398116513875,,0.1961863214464657,-0.060886829913964324,-6.088682991396435,-0.2767584097859328,-27.67584097859328,-0.3144927536231884,-31.44927536231884,17.299578059071692,31.366764995083585,32.78873239436618,0.15682688308041356,0.17218841666734414,-0.01536153358693057,-0.012290345687754643,-0.0030711878991759277,-2.1643325575587933,0.170515,0.02049267584182042,0.21150035168364084,0.12952964831635916,0.48072429620433205,0.15091186455011465,0.017742857142857133,12.503775294472963,0.018664285714285713,13.153125943823618,0.01895238095238095,13.35615289103661,418483.9245,1.2609216964079584,26382081.32000001,0.21554928179842398,30.837298359289775,-94.49274232323617,23.556591692192143,10.969387755102037,7.420142074019977,-89.03061224489797,True,True,False
1782259200000,0.1419,0.1505,0.1332,0.1391,498726.38,2026-06-24,-0.01973220577871737,-0.019929485236599712,0.01973220577871737,0.021610925237187065,0.4128761469335088,0.034385447057695605,0.6569330436319362,0.05111683961471043,0.9765858496064495,0.05512634216053861,1.053187288187758,0.14142000000000002,0.14292771515432998,0.15092,0.15111728478335232,0.16799,0.16385388882153093,0.196314,0.18472728948297928,,0.1948424881913006,-0.035367545076282925,-3.53675450762829,-0.268664563617245,-26.866456361724506,-0.2663502109704641,-26.63502109704641,20.297029702970264,31.74129353233829,32.12896053362978,0.1540996697219683,0.16973535878025528,-0.015635689058286967,-0.01295941436267347,-0.0026762746956134967,-1.9239933110089842,0.16799,0.02111895880607441,0.21022791761214882,0.12575208238785118,0.5028622848044386,0.15800870836858658,0.017714285714285703,12.734928622779082,0.019292857142857143,13.869775084728357,0.01842380952380952,13.24501044127212,425009.67350000003,1.1734471262569979,25883354.940000013,0.2152551575375862,25.76076774704487,-105.60703254929913,23.368674348310194,7.515923566878968,7.177222979291696,-92.48407643312103,False,True,False
1782345600000,0.1391,0.1516,0.1362,0.1442,616150.03,2026-06-25,0.03666427030913,0.036008125921451355,0.03666427030913,0.02928774863523249,0.5595416520188692,0.04035901722120226,0.77105794136198,0.050106344818712165,0.9572803736358875,0.05517460945712454,1.0541094335942398,0.14128,0.14335181010288664,0.14690999999999999,0.14985959663104803,0.166445,0.16198192006605414,0.193846,0.18309853234246923,,0.19365478526856902,-0.004830917874396157,-0.4830917874396178,-0.21758003255561587,-21.758003255561583,-0.17647058823529416,-17.64705882352942,50.0,16.848484848484844,35.04178272980501,0.1525766433383154,0.16784237590787238,-0.015265732569556989,-0.013420678004498214,-0.0018450545650587746,-1.2795107940768202,0.166445,0.021693886478138316,0.20983277295627664,0.12305722704372338,0.5213466665418202,0.24364897660895068,0.017414285714285705,12.076481077868035,0.0178,12.343966712898752,0.017557142857142854,12.175549831583117,434670.393,1.4175109230409444,26499504.970000014,0.214909831146931,24.696276431194853,-83.20658495123925,22.526905725880752,16.369047619047596,11.618119647009538,-83.63095238095241,True,False,False
1782432000000,0.1442,0.1559,0.1405,0.1442,524175.77,2026-06-26,0.0,0.0,0.0,0.02816691741871449,0.5381282016941026,0.029084597855552136,0.5556604618226886,0.050106344818712165,0.9572803736358875,0.05494551359765752,1.0497325633447236,0.14157999999999998,0.14363454006859108,0.14482,0.14883057905515495,0.1649,0.16028826485808895,0.19124,0.18153675388784016,,0.19249915605721218,0.010511562718990897,1.0511562718990901,-0.1265899454875833,-12.65899454875833,-0.17647058823529416,-17.64705882352942,48.02259887005648,18.508655126498,35.456595264937974,0.15128792878341313,0.16608982453967608,-0.01480189575626295,-0.01369692155506582,-0.00110497420119713,-0.7662789189993967,0.1649,0.022140769729405606,0.2091815394588112,0.12061846054118877,0.5370714306708456,0.2662682886256219,0.015985714285714277,11.085793540717253,0.018007142857142857,12.487616405785616,0.01709047619047619,11.851925236113864,444139.966,1.1802040125341928,26499504.970000014,0.2146304471285773,23.08934596027467,-65.68346780023711,29.917701041036267,16.369047619047596,13.418006268324724,-83.63095238095241,True,False,False
1782518400000,0.1442,0.1589,0.1415,0.151,437930.79,2026-06-27,0.04715672676837723,0.04607861196407561,0.04715672676837723,0.027334519101655713,0.5222252541761602,0.032028089057552375,0.6118957822764058,0.05133444308422052,0.9807431580541272,0.055223797435845344,1.0550491686082106,0.14407999999999999,0.14608969337906072,0.14418,0.1492250192290185,0.16354,0.15940360250928445,0.18859199999999998,0.18031184587336052,,0.1915328743188878,0.09025270758122739,9.02527075812273,-0.040660736975857814,-4.06607369758578,-0.15263748597081928,-15.263748597081934,68.60986547085206,20.725388601036258,33.815028901734095,0.1512436320418272,0.16497131265019072,-0.013727680608363518,-0.013703073365729184,-2.4607242634333906e-05,-0.016296187175055567,0.16354,0.022116186023149742,0.20777237204629947,0.1193076279537005,0.5409364320202945,0.35824861498639543,0.01684285714285714,11.154210028382211,0.018392857142857145,12.180700094607381,0.01750952380952381,11.595711132134975,448509.462,0.9764137149909224,26937435.760000013,0.21441109175281114,21.678722052002165,-48.38011463004965,30.361345137451977,26.488095238095223,19.742063492063476,-73.51190476190477,True,False,False
1782604800000,0.151,0.1583,0.1453,0.1547,430929.08,2026-06-28,0.024503311258278204,0.024207920764096166,0.024503311258278204,0.027331692580344,0.5221712535623225,0.030348494638042664,0.579807175947561,0.049086526236537004,0.9377967669805307,0.05527780967114763,1.056081070914758,0.14664000000000002,0.14895979558604047,0.14454,0.15022047028256946,0.161785,0.15895561026572352,0.18590399999999999,0.17928540923626696,,0.19067822025420522,0.09020436927413678,9.020436927413677,0.02382528127068162,2.382528127068161,-0.18493150684931503,-18.493150684931503,87.1559633027523,26.301735647530037,39.04582548650346,0.15177538101612492,0.1642100038285303,-0.012434622812405371,-0.013449383254938257,0.0010147604425328853,0.6559537443651489,0.161785,0.021300290954277608,0.20438558190855521,0.1191844180914448,0.526632035214083,0.4168438589030498,0.017757142857142853,11.478437528857695,0.017964285714285714,11.612337242589344,0.017809523809523806,11.51229722658294,449665.68799999997,0.9583321376302122,27368364.84000001,0.21420441389933517,21.165064812456592,-36.28726971193709,36.739432218749954,33.91167192429022,25.58960492714435,-66.08832807570978,False,False,True
1782691200000,0.1547,0.1765,0.1524,0.1635,541348.81,2026-06-29,0.056884292178409845,0.055325232758287664,0.056884292178409845,0.022053821773648476,0.421337673381702,0.029476418763030175,0.5631461897492815,0.05006431088987801,0.9564773165530903,0.05562161436723868,1.0626494504108592,0.15152000000000002,0.15380653039069367,0.14647000000000002,0.15263493023968994,0.16097,0.1593884355992186,0.18374200000000002,0.17865332731940992,,0.19004972647744653,0.1754133716750539,17.541337167505393,0.1338418862690709,13.38418862690708,-0.09065628476084531,-9.065628476084528,89.70588235294119,36.6323907455013,46.22395833333333,0.1535791687175953,0.16415738081732775,-0.010578212099732448,-0.012875149023668632,0.002296936923936184,1.4048543877285526,0.16097,0.02088245549183476,0.20273491098366953,0.11920508901633048,0.5189154623056411,0.5302885836508697,0.019614285714285706,11.996505024027954,0.018692857142857143,11.43294014853648,0.018195238095238094,11.128585990971311,457376.74000000005,1.183594972494666,27909713.65000001,0.21399440720066942,18.71103807754427,8.050089445438202,44.31798636817717,52.422145328719715,37.60730416370172,-47.57785467128028,True,False,False
1782777600000,0.1635,0.1701,0.1467,0.1606,452294.21,2026-06-30,-0.017737003058104106,-0.017896188824646917,0.017737003058104106,0.031300720304645945,0.5979994217641279,0.030998749649122453,0.5922302804908525,0.04998584372336808,0.9549782034418358,0.055580895160032985,1.0618715110495058,0.1548,0.15607102026046246,0.14804,0.15408312474573424,0.16021000000000002,0.15950382903163615,0.181476,0.17793103002015734,,0.18937095982471627,0.1137309292649098,11.373092926490983,0.10835058661145602,10.835058661145611,-0.08646188850967018,-8.646188850967018,89.37728937728933,46.34146341463415,45.36741214057508,0.15465929669104733,0.1638937313298199,-0.009234434638772576,-0.012147006146457664,0.0029125715076850876,1.8135563559682988,0.16021000000000002,0.020588854930968358,0.20138770986193674,0.1190322901380633,0.5140466869975248,0.5047355717608821,0.01799999999999999,11.207970112079696,0.01787142857142857,11.127913182707703,0.018442857142857143,11.483721757694362,462419.83999999997,0.9781029507730465,27457419.44000001,0.2138028338339541,19.91504528043459,-7.983872044432043,45.24700685721598,63.27944572748267,49.8710876601642,-36.72055427251733,False,True,False
1782864000000,0.1606,0.1769,0.1557,0.1656,469839.68,2026-07-01,0.031133250311332628,0.03065844043849814,0.031133250311332628,0.02878561657042781,0.549948432390698,0.030138836057338254,0.5758016543873906,0.039738443338138064,0.7592018939732167,0.0551904562583817,1.05441218630716,0.15907999999999997,0.1592473468403083,0.15033,0.15617710206962457,0.158545,0.1600844456354518,0.179686,0.177438067781657,,0.18882485204027102,0.14840499306518717,14.840499306518726,0.1604765241765942,16.047652417659428,-0.16742081447963797,-16.7420814479638,89.33823529411761,56.97278911564624,46.02272727272727,0.15634248192606612,0.1640201836850331,-0.007677701758966982,-0.011253145268731925,0.003575443509764943,2.1590842450271395,0.158545,0.018539870975535763,0.19562474195107152,0.12146525804892847,0.4677503794010726,0.5951328087626582,0.018557142857142852,11.206004140786746,0.018135714285714286,10.95151828847481,0.019047619047619046,11.502185415228892,460378.09200000006,1.0205517772552912,27927259.12000001,0.2136302999048045,22.29384893284337,28.956670510472545,53.75544555714739,74.14187643020594,63.281155828802774,-25.858123569794067,True,False,False
1782950400000,0.1656,0.1735,0.1606,0.1685,389015.91,2026-07-02,0.01751207729468618,0.017360507841257283,0.01751207729468618,0.026947695979807763,0.5148350088099621,0.02571076083119543,0.4912033959770744,0.03953072873704224,0.7552335120913202,0.05528892278565081,1.056293386669227,0.16258,0.16233156456020556,0.15333000000000002,0.15841762897037495,0.157395,0.16088596308990796,0.17794800000000002,0.17708101923506492,0.19802499999999998,0.18835939056120635,0.11589403973509937,11.589403973509944,0.21660649819494582,21.66064981949458,-0.12010443864229758,-12.010443864229762,90.36544850498336,65.70397111913357,42.88577154308618,0.15821286942601565,0.1643521728511305,-0.006139303425114845,-0.010230376899800166,0.004091073474685321,2.427936780228677,0.157395,0.017040863426359288,0.19147672685271858,0.12331327314728144,0.4330725480824495,0.6629172143769205,0.01819999999999999,10.801186943620172,0.017807142857142855,10.568037303942345,0.01793333333333333,10.642927794263104,462257.99899999995,0.8415558212979675,28316275.03000001,0.213492762992868,24.378844419149072,46.06703722418715,59.76296743452724,80.7780320366133,72.73311806476731,-19.22196796338671,False,False,True
1783036800000,0.1685,0.1793,0.1679,0.1776,424972.88,2026-07-03,0.05400593471810078,0.05259808076565317,0.05400593471810078,0.030502668926970324,0.5827526716017282,0.027874380001514692,0.5325392821859505,0.04122652868633577,0.7876317246319641,0.05593066563467913,1.0685538665848677,0.16716,0.16742104304013705,0.15689999999999998,0.16190533279944325,0.156465,0.162477840973693,0.176478,0.1771017357844617,0.198157,0.18811374994654262,0.14802844214608912,14.802844214608923,0.2515856236786469,25.1585623678647,-0.09480122324159024,-9.480122324159023,91.04938271604935,78.99305555555556,49.26075268817205,0.16119550503921215,0.16533390661313058,-0.0041384015739184266,-0.009011981834425266,0.004873580260506839,2.7441330295646615,0.156465,0.015222119466508996,0.18690923893301797,0.126020761066982,0.38915078685991095,0.8471100073564045,0.017628571428571417,9.92599742599742,0.016807142857142857,9.463481338481339,0.01788095238095238,10.068103818103816,468118.38899999997,0.9078320569884727,28741247.910000008,0.21336748980531062,28.50148532415383,95.69307927443113,66.97812904248718,96.31236442516273,83.744090963994,-3.687635574837268,True,False,False
1783123200000,0.1776,0.1972,0.176,0.1849,502880.59,2026-07-04,0.041103603603603656,0.04028130783500952,0.041103603603603656,0.02747999392803409,0.5250045468316903,0.023850636786624278,0.4556657760042205,0.0419176857242626,0.8008362613009525,0.053672657032927645,1.0254146728205185,0.17143999999999998,0.17324736202675806,0.16148,0.1660861813867571,0.1562,0.16461336339567387,0.17576999999999998,0.1774128066259595,0.19797499999999998,0.18804060044517706,0.13088685015290524,13.08868501529052,0.32925952552120785,32.925952552120776,-0.02786540483701372,-2.7865404837013665,91.94444444444441,81.15264797507788,52.99145299145299,0.16484235056292226,0.16678381195266645,-0.0019414613897441868,-0.007597877745304693,0.005656416355560506,3.059175962985671,0.1562,0.01463888117669188,0.18547776235338376,0.12692223764661625,0.374875318225144,0.9901330855409963,0.018171428571428557,9.827706095959197,0.017507142857142857,9.46843853820598,0.018319047619047617,9.907543331015477,476571.176,1.0552056341737295,29244128.500000007,0.21326280818185572,33.01545836958,161.3031386571317,74.18031611949364,80.78125000000003,85.9572154872587,-19.21874999999997,True,False,False
1783209600000,0.1849,0.1897,0.1703,0.1725,430438.45,2026-07-05,-0.06706327744726892,-0.06941790192166485,0.06706327744726892,0.04796681814895451,0.9164047740039486,0.038353025814536375,0.732733529349265,0.04401824583600316,0.8409674058872706,0.05344144013645523,1.020997280215912,0.17382,0.17299824135117203,0.16431,0.16725233022675962,0.15561,0.16536449669040723,0.175148,0.17721696798651737,0.198109,0.18768791810526056,0.07409713574097143,7.4097135740971325,0.19625520110956995,19.625520110956998,-0.06402604449267502,-6.402604449267502,61.36363636363632,70.0268817204301,40.66478076379067,0.16602045051598896,0.1672073861455715,-0.0011869356295825528,-0.0063156893220265384,0.005128753692443986,2.9731905463443398,0.15561,0.013651215484731286,0.18291243096946258,0.12830756903053742,0.3509084373685828,0.8093131160901247,0.019085714285714272,11.06418219461697,0.01842142857142857,10.679089026915115,0.018338095238095237,10.630779848171153,481302.30250000005,0.8943203632398995,28813690.05000001,0.21314596018371235,36.74391109148786,122.21011184100712,73.4033904884249,61.406249999999986,79.49995480838759,-38.593750000000014,False,True,False
1783296000000,0.1725,0.19,0.1636,0.19,443556.01,2026-07-06,0.10144927536231885,0.0966268356890717,0.10144927536231885,0.06200808622958016,1.1846628240208656,0.04557902222421054,0.8707859969154325,0.04298816412631061,0.8212877224560073,0.05532945442062231,1.0570677424680777,0.17870000000000003,0.17866549423411468,0.16888999999999998,0.17138827018910296,0.156855,0.16771080588777662,0.174958,0.17772620692754953,0.19826,0.18774023775717716,0.1473429951690821,14.734299516908218,0.317614424410541,31.7614424410541,0.1508176862507571,15.081768625075714,77.12177121771217,79.36145952109462,49.504950495049506,0.16970961208018104,0.1688962922448991,0.0008133198352819337,-0.00488988749044588,0.005703207325727814,3.0016880661725334,0.156855,0.015563739065027112,0.18798247813005423,0.12572752186994576,0.39689494284599447,1.0324074096448856,0.019414285714285707,10.218045112781951,0.019514285714285713,10.270676691729323,0.01893333333333333,9.964912280701753,476103.15300000005,0.9316384636503341,29257246.06000001,0.21303876302882013,38.911637771200844,134.10326848685335,79.64720123422222,88.75000000000001,76.97916666666667,-11.249999999999979,True,True,False
1783382400000,0.19,0.1939,0.176,0.1903,623693.87,2026-07-07,0.0015789473684211242,0.0015777021416177343,0.0015789473684211242,0.06317035477937132,1.2068679334862404,0.04582812283280353,0.8755450573603638,0.04107714204707228,0.7847776968962,0.05506332504438305,1.0519833478740688,0.18306,0.18254366282274312,0.17282,0.17482676652078694,0.1585,0.1698622164333157,0.174622,0.17822679932006918,0.19828199999999999,0.18779799883906356,0.1293768545994065,12.937685459940642,0.2602649006622517,26.026490066225165,0.20902160101651823,20.90216010165183,74.94949494949493,78.60520094562645,47.994561522773616,0.17287736414421695,0.17048224275516233,0.002395121389054622,-0.0034328857144485265,0.005828007103503148,3.062536575671649,0.1585,0.01726956556306157,0.19303913112612314,0.12396086887387686,0.43582499843688505,0.9603474228097845,0.018628571428571418,9.789054875760073,0.01831428571428571,9.62390210945124,0.01812380952380952,9.523809523809524,477118.032,1.3072108538542933,29880939.93000001,0.21291522764022133,42.48053596095212,138.5635787278072,80.35147096740077,89.21875000000001,79.79166666666667,-10.781249999999988,True,False,False
1783468800000,0.1903,0.1929,0.1715,0.1717,619000.26,2026-07-08,-0.09774040987913823,-0.102853006398674,0.09774040987913823,0.08054371563547086,1.538785526593674,0.05991704937464444,1.1447136210003384,0.046473560237573014,0.8878761216643313,0.056617490165307933,1.0816756308181488,0.18188,0.17892910854849542,0.17452,0.17425826351667878,0.15953,0.17003724776233825,0.17404,0.17796710697943577,0.19847299999999998,0.18743574811301977,-0.0332207207207208,-3.322072072072081,0.10989010989010972,10.98901098901098,0.13633355393778945,13.63335539377894,52.453987730061336,66.23505976095616,44.20788979336255,0.17269623119525768,0.1705724728438991,0.0021237583513585845,-0.0023215569012277597,0.004445315252586344,2.589001311931476,0.15953,0.017418656060310973,0.19436731212062194,0.12469268787937807,0.4367493527314228,0.6746690438955529,0.018657142857142844,10.866128629669683,0.018607142857142853,10.837008070554953,0.018309523809523807,10.663671409157722,489252.81399999995,1.2651950940030772,29261939.67000001,0.2127564953453276,45.463846510052136,87.29231871194789,77.54155279562288,58.19672131147542,78.72182377049182,-41.80327868852458,False,True,False
1783555200000,0.1717,0.1788,0.1625,0.1694,582272.28,2026-07-09,-0.013395457192778126,-0.013485985685475854,0.013395457192778126,0.076476179671421,1.4610753611140135,0.058178572994321213,1.111500076389687,0.04507175912118217,0.8610947489396401,0.05664210938741276,1.0821459803960396,0.17878,0.17575273903233027,0.17511000000000002,0.17337494287686475,0.16079000000000002,0.16997655614313414,0.173418,0.17762642879798488,0.19885900000000004,0.18703098572833488,-0.08382909680908601,-8.382909680908607,0.036085626911315005,3.6085626911314916,0.17475728155339798,17.475728155339805,42.979452054794514,62.909836065573764,45.22741832158872,0.17218911869492604,0.17048559996043094,0.0017035187344950908,-0.0015165417740487998,0.0032200605085438904,1.900862165610325,0.16079000000000002,0.017160907226663302,0.19511181445332662,0.1264681855466734,0.4269147888964065,0.6254304315948754,0.019142857142857128,11.30038792376454,0.018671428571428568,11.022094788328554,0.018252380952380947,10.774723112385447,493680.357,1.1794519910379988,28679667.390000008,0.21257173210323582,44.58526044447838,42.778104767510214,69.22369181160637,50.9700176366843,66.12849631605326,-49.0299823633157,False,True,False
1783641600000,0.1694,0.1807,0.1661,0.1737,399333.43,2026-07-10,0.025383707201888983,0.025066891029105195,0.025383707201888983,0.07178390255620544,1.3714295327002992,0.05789645710385032,1.1061102598701282,0.045204617645337106,0.8636330074796295,0.0567358703687702,1.0839372814296924,0.17902,0.1750684926882202,0.17642,0.17343404417200312,0.16223,0.17033117701296602,0.172944,0.17747037692169707,0.19909000000000002,0.18673259651893936,0.006956521739130528,0.6956521739130475,0.08156911581569126,8.156911581569117,0.1987577639751552,19.875776397515523,39.89169675090252,64.47497546614326,53.04532577903683,0.1724215619760248,0.1707237621605162,0.0016977998155085772,-0.000873673456115354,0.002571473271623931,1.4804106342106687,0.16223,0.016964579198095665,0.19615915839619136,0.12830084160380867,0.41828463781287484,0.6690286547350306,0.019599999999999985,11.283822682786406,0.01861428571428571,10.716341804424705,0.017738095238095237,10.211914356992077,490717.0680000001,0.8137753015756116,29079000.820000008,0.2124556487305876,44.116220723486336,52.670781445648316,69.01868826847125,57.80969479353681,55.65881124723219,-42.19030520646319,True,False,False
1783728000000,0.1737,0.187,0.165,0.1691,591001.6,2026-07-11,-0.02648244099021302,-0.026839417342524645,0.02648244099021302,0.04645383895252586,0.887499347042538,0.05835797913875962,1.1149276259665308,0.04560583538630465,0.8712982616579651,0.056442133222112195,1.0783254411224243,0.17484,0.1730789951254801,0.17677,0.17264603614048027,0.16355,0.1702139199145911,0.17257,0.17713788054861412,0.19933999999999996,0.18633893987608735,-0.10999999999999999,-11.000000000000002,0.021135265700483075,2.113526570048311,0.1850035038542397,18.50035038542397,46.428571428571445,59.07723169508525,54.23606082548877,0.17191055243493628,0.17060345612309458,0.001307096311841699,-0.00043751950251201874,0.0017446158143537176,1.0317065726515184,0.16355,0.016382066574861572,0.19631413314972315,0.13078586685027685,0.4006619767621296,0.5846962740420755,0.0197142857142857,11.65835938160006,0.018942857142857133,11.202162710146146,0.01824285714285714,10.788206471234265,497394.32350000006,1.188195305168174,28487999.220000006,0.2122859846420989,44.23923597558939,48.8012423681578,69.97365898382222,45.857418111753375,51.54571018065817,-54.14258188824663,True,True,False
1783814400000,0.1691,0.1736,0.1649,0.1705,405611.11,2026-07-12,0.00827912477823789,0.008245040819037026,0.00827912477823789,0.04739587000589656,0.9054968250467714,0.05818682273631465,1.1116576874891684,0.04468092680595143,0.8536279080414124,0.056346556293494734,1.0764994464650826,0.17087999999999998,0.17221933008365342,0.17697000000000002,0.17225584775120092,0.16515,0.17024116608790993,0.172134,0.17687433780172918,0.19959999999999997,0.18598621762949025,-0.10404624277456642,-10.404624277456639,0.011869436201780381,1.1869436201780426,0.2310469314079422,23.10469314079422,19.047619047619065,58.11088295687885,57.28228228228228,0.17169354436575368,0.17059579109257927,0.0010977532731744066,-0.00013046494736801761,0.0012282182205424243,0.7203625926935039,0.16515,0.015336008538559678,0.19582201707711935,0.13447798292288063,0.37144434849675284,0.5872130448178284,0.018185714285714274,10.666108085462916,0.01863571428571428,10.930037704231248,0.018342857142857143,10.758273984080436,495542.32999999996,0.8185196005354376,28893610.330000006,0.21215831733284626,44.619045081286814,22.8868295422634,64.29295616363915,47.12871287128717,50.26527525885913,-52.87128712871283,False,True,False
1783900800000,0.1705,0.1732,0.1645,0.1653,374869.56,2026-07-13,-0.030498533724340193,-0.030973291896593005,0.030498533724340193,0.023739299315798885,0.45353867661077996,0.05600507078262069,1.069975374940339,0.04551616008018797,0.8695850173401869,0.0558371734955218,1.066767701774236,0.1696,0.16991288672243562,0.17574,0.17099114815980537,0.16632,0.16977057179524752,0.17183,0.17641502741181508,0.1996,0.1855266836780744,-0.03727431566686079,-3.7274315666860742,-0.0692567567567568,-6.925675675675678,0.16490486257928128,16.490486257928122,15.659340659340685,50.95948827292111,58.02281368821293,0.170709922146934,0.17020343377381947,0.0005064883731145386,-3.074283269277281e-06,0.000509562656383816,0.30826536986316755,0.16632,0.014328389192164746,0.19497677838432947,0.13766322161567052,0.34459810466966667,0.48220316348334247,0.01565714285714284,9.471955751447576,0.017535714285714283,10.60841759571342,0.018228571428571424,11.027568922305761,487902.03500000003,0.768329568455274,28518740.770000007,0.21203548254437382,45.44633065953501,6.635489098106703,58.1255915524234,36.83168316831685,43.272604717119144,-63.16831683168315,False,True,False
1783987200000,0.1653,0.1803,0.1651,0.175,382738.44,2026-07-14,0.05868118572292791,0.05702396909653547,0.05868118572292791,0.037207960621711104,0.7108570895572355,0.05788295594461901,1.105852320585189,0.046312890078691805,0.8848065225889563,0.05609634036652185,1.0717190778924224,0.17072,0.1716085911482904,0.17475,0.17172003031269448,0.16811500000000001,0.17026861932368942,0.171876,0.17635890041021293,0.199416,0.18529340147642365,0.03305785123966931,3.3057851239669387,-0.053542455381287324,-5.354245538128729,0.25808770668583736,25.80877066858374,55.99999999999999,57.157057654075544,60.71174377224198,0.17136993412927048,0.17055879912838953,0.0008111350008809526,0.0001597675735630482,0.0006513674273179044,0.3722099584673739,0.16811500000000001,0.012918215413659971,0.19395143082731997,0.14227856917268006,0.30736615801469175,0.6332420883909329,0.015271428571428556,8.72653061224489,0.016949999999999996,9.685714285714283,0.0173,9.885714285714286,482102.638,0.7938941002019575,28901479.21000001,0.21192707023229435,45.89686566985977,36.73714462263097,64.10779691090625,46.506024096385524,43.48880671199652,-53.493975903614476,True,False,False
1784073600000,0.175,0.1772,0.1666,0.1696,371040.9,2026-07-15,-0.030857142857142805,-0.0313432505657113,0.030857142857142805,0.03875723288874144,0.740455894658913,0.05453416752483091,1.0418738076579177,0.04692117873307496,0.8964278610133253,0.05529344307522401,1.056379746680264,0.1699,0.17093906076552692,0.17446,0.17133457025578622,0.169385,0.1702049405123643,0.17206200000000002,0.17609092930691864,0.19939900000000002,0.18494643796846558,-0.023603914795624625,-2.36039147956246,-0.01681159420289846,-1.6811594202898472,0.1761442441054093,17.61442441054092,50.32679738562092,51.980198019801975,59.3597773138483,0.17109763656919608,0.17048776509713987,0.0006098714720562115,0.00024978835326268893,0.0003600831187935226,0.2123131596659921,0.169385,0.011627430136491246,0.1926398602729825,0.14613013972701752,0.2745799247038697,0.5046226895684637,0.013728571428571415,8.09467654986522,0.016192857142857137,9.54767520215633,0.016980952380952378,10.012353998203052,469847.18150000006,0.7897054927847853,28530438.31000001,0.2118162105414253,44.59792089509948,12.705773872481359,58.13052300316281,24.590163934426258,35.97595706637622,-75.40983606557374,False,False,True
1784160000000,0.1696,0.1742,0.1652,0.1696,393990.32,2026-07-16,0.0,0.0,0.0,0.03670172647610932,0.7011854997854758,0.04132735032224497,0.7895579192814229,0.04692117873307496,0.8964278610133253,0.05497386245194951,1.050274167445501,0.16999999999999998,0.17049270717701795,0.17242000000000002,0.17101919384560665,0.170655,0.17014732649132522,0.17237199999999997,0.17583369347935296,0.19938,0.18460792634649878,0.002956830277942135,0.2956830277942049,-0.10736842105263156,-10.73684210526316,0.1761442441054093,17.61442441054092,42.205323193916364,50.56065239551478,61.14695340501791,0.1708672309419308,0.17042199454014548,0.000445236401785315,0.00028887796296756435,0.00015635843881775063,0.09219247571801334,0.170655,0.010005917985716217,0.19066683597143244,0.15064316402856756,0.234529735096334,0.473640599455591,0.012685714285714272,7.479784366576811,0.015914285714285707,9.383423180592988,0.016676190476190473,9.832659478885892,463337.909,0.8503304226721496,28530438.31000001,0.21169493159907532,42.502311698002174,-9.983281585860903,52.384785103956766,20.46109510086455,30.519094377225446,-79.53890489913546,False,True,False
1784246400000,0.1696,0.1747,0.1673,0.1703,367973.09,2026-07-17,0.004127358490566113,0.004118864310839974,0.004127358490566113,0.036545924210943465,0.6982089016889491,0.041417902962963,0.7912879250532249,0.04606765222767067,0.880121260023815,0.050180953158813185,0.9587057639721146,0.16996,0.17042847145134532,0.17042,0.17088843132821122,0.17162000000000002,0.1701618669713742,0.172206,0.17561448378343564,0.19933399999999998,0.18429303261097857,-0.001173020527859281,-0.11730205278592712,-0.10509721492380442,-10.509721492380447,0.1278145695364239,12.781456953642392,52.67857142857144,45.930880713489415,60.380116959064324,0.17077996464277637,0.17041295661234168,0.00036700803043468455,0.0003045039764611004,6.250405397358413e-05,0.03670232176957377,0.17162000000000002,0.00887762414874344,0.1893752482974869,0.15386475170251315,0.20691351005112305,0.4628278924100754,0.011657142857142842,6.845063333612942,0.015628571428571422,9.177082459525202,0.01629523809523809,9.568548499846205,459840.02400000003,0.8002197955696001,28898411.40000001,0.21158523811491248,38.33179632181493,-10.626522027894795,51.90415381843088,22.47838616714699,22.50988173414594,-77.521613832853,True,False,False
1784332800000,0.1703,0.1739,0.1679,0.1732,403685.73,2026-07-18,0.017028772753963528,0.016885408459692122,0.017028772753963528,0.03249172018220717,0.6207534424758188,0.02830666811998587,0.5407981350930159,0.04594871777494804,0.8778490204950202,0.05016642994057766,0.9584282982773169,0.17154,0.1713523143008969,0.17057,0.1713087165412964,0.172545,0.1704512156007429,0.17203,0.1755188753588247,0.19938099999999997,0.1840494308297491,0.04779189352692059,4.779189352692069,0.00873616773442043,0.8736167734420508,0.11958629605688431,11.958629605688422,55.64853556485352,43.14185228604923,62.454346238130015,0.1711522777760859,0.1706194316682511,0.0005328461078348001,0.0003501724027361022,0.0001826737050986979,0.10546980663897107,0.172545,0.007935693847556241,0.18841638769511249,0.15667361230488752,0.18396809754107604,0.5206346166000876,0.009371428571428558,5.41075552622896,0.014542857142857137,8.396568789178486,0.015752380952380945,9.094908171120638,458477.85650000005,0.8804912260795302,29302097.13000001,0.21146821146750672,33.917657526550904,-12.953952244385077,50.85842159300991,34.076433121019086,25.671971463010212,-65.9235668789809,False,False,True
1784419200000,0.1732,0.185,0.1702,0.1725,401196.51,2026-07-19,-0.004041570438799158,-0.0040497596569204165,0.004041570438799158,0.017590764865731346,0.33607109087948733,0.02792172712305518,0.5334438476728733,0.04443921464545369,0.8490100036991421,0.04733509157944623,0.9043356548398469,0.17104,0.1717348762005979,0.17088,0.17152531353380174,0.172995,0.17064633952707878,0.17142,0.17539937998243516,0.19948600000000002,0.18379635271348932,-0.014285714285714346,-1.42857142857143,0.018299881936245432,1.8299881936245523,0.05504587155963292,5.50458715596329,68.55670103092783,50.0,60.67924528301886,0.17135961965736143,0.17075875014322422,0.0006008695141372089,0.0004003118250165536,0.0002005576891206553,0.11626532702646686,0.172995,0.007645671289933986,0.18828634257986798,0.15770365742013204,0.1767836362885398,0.4838143708632974,0.010242857142857128,5.937888198757756,0.014214285714285709,8.240165631469978,0.015838095238095234,9.181504485852312,451470.2415,0.8886444179953774,28900900.62000001,0.2113648825102499,30.24571713943075,35.86956521739059,57.48554968480712,31.84713375796174,29.46731768204261,-68.15286624203826,True,False,False
1784505600000,0.1725,0.1768,0.1716,0.1742,389723.63,2026-07-20,0.009855072463768266,0.009806827946988122,0.009855072463768266,0.008291542539773765,0.15840969779795824,0.026899873750702224,0.513921366405754,0.04416865678942354,0.8438410031175244,0.04736224384593748,0.9048543981627903,0.17196,0.17255658413373196,0.17093,0.17201162016404492,0.173675,0.17098478589664273,0.17083600000000002,0.17535192264896385,0.19950099999999998,0.18358651451632468,0.027122641509433887,2.7122641509433922,0.0028785261945882823,0.28785261945883733,0.08468244084682452,8.468244084682441,46.49122807017546,36.33217993079584,61.17734724292101,0.17179660124973745,0.1710136865420726,0.0007829147076648391,0.0004768324015464915,0.0003060823061183476,0.17570740879354052,0.173675,0.007068229511064921,0.18781145902212984,0.15953854097787015,0.16279210044197315,0.5185690065375685,0.009742857142857133,5.592914548138423,0.012699999999999994,7.290470723306541,0.014938095238095231,8.575255590180959,448341.7125,0.8692557911394425,29290624.250000007,0.2112602977233567,28.19214571085933,2.8877887788783405,50.81401208513989,37.261146496815265,34.394904458598695,-62.738853503184735,False,False,True
1784592000000,0.1742,0.1784,0.1724,0.1771,374912.41,2026-07-21,0.016647531572904883,0.01651048037038561,0.016647531572904883,0.008903929303778575,0.17010933049671523,0.025494404580461986,0.4870699156106673,0.04383512601609178,0.8374689066401366,0.04729376198027552,0.9035460539563759,0.17346,0.17407105608915463,0.17173,0.17293678013425798,0.17425,0.17156719115550445,0.17042,0.1754210665860443,0.199419,0.18344496966596632,0.04422169811320753,4.422169811320758,0.04730928444707283,4.730928444707279,0.06944444444444442,6.94444444444445,92.1348314606741,39.07284768211922,60.0153491941673,0.17261250875167503,0.17146457207006371,0.0011479366816113112,0.0006110532575598495,0.0005368834240514617,0.30315269568123193,0.17425,0.006840860210608669,0.18793172042121734,0.16056827957878264,0.1570355285075162,0.6041535681280366,0.00842857142857142,4.759215939340159,0.011849999999999996,6.691134952004514,0.014109523809523804,7.9669812589067215,443595.34899999993,0.8451675853797106,29665536.660000008,0.21116501129073176,26.463584472047526,23.770714479761473,48.44120375309109,48.02631578947371,39.044865348083576,-51.97368421052629,True,False,False
1784678400000,0.1771,0.1786,0.1697,0.1706,453463.47,2026-07-22,-0.03670242800677581,-0.03739290973120909,0.03670242800677581,0.022506057405950925,0.4299776230054127,0.02861368529888448,0.5466636900599976,0.0446425663201152,0.8528950319885488,0.047543852761326034,0.9083240316195464,0.17352,0.17291403739276975,0.17173999999999998,0.17251191101892355,0.174355,0.17147507715179497,0.169916,0.17523043732466748,0.19937000000000002,0.1831652392943794,0.0017615971814444187,0.17615971814444786,0.0005865102639295294,0.05865102639295541,0.012462908011869445,1.246290801186938,53.24675324675324,48.86128364389235,55.97295266716753,0.17230289202003893,0.1714005234476814,0.000902368572357537,0.0006693163205195238,0.0002330522518380132,0.1366074160832434,0.174355,0.006763639241525964,0.18788227848305195,0.16082772151694807,0.15516937837230863,0.3612063762602147,0.00818571428571428,4.798191257745768,0.010957142857142856,6.42270976385865,0.01352380952380952,7.927203706805111,446817.7270000001,1.014873498964825,29212073.19000001,0.21104068130329912,25.710649446078367,-31.215929305100843,49.977859843207725,33.06122448979591,39.44956225869496,-66.93877551020408,True,True,False
1784764800000,0.1706,0.1737,0.1671,0.1723,344481.65,2026-07-23,0.009964830011723436,0.009915508476305299,0.009964830011723436,0.021408557345693028,0.40900991379512647,0.02654091359839324,0.5070634423251611,0.042974901701710845,0.8210343441897994,0.046814365667858224,0.8943872002676687,0.17334,0.1727093582618465,0.17243999999999998,0.17247338174275453,0.17409,0.17155364166496823,0.169222,0.1751146028958241,0.199298,0.1829290888560261,-0.0051963048498844255,-0.5196304849884436,0.04234724742891727,4.234724742891716,-0.029842342342342287,-2.9842342342342336,56.09756097560975,53.039832285115324,53.49206349206348,0.17230244709387835,0.17146715735801207,0.0008352897358662736,0.0007025110035889362,0.00013277873227733746,0.07706252598800781,0.17409,0.006733568694864364,0.18755713738972873,0.16062286261027126,0.15471465781755114,0.4335419269812602,0.00784285714285714,4.551861371362239,0.010264285714285714,5.957217477821076,0.013223809523809521,7.674874941270761,442793.1655,0.7779741803625467,29556554.840000007,0.21094200283899214,27.763142574477275,-59.2858434531011,52.04024771915287,34.666666666666686,38.58473564864544,-65.33333333333331,False,True,False
1784851200000,0.1723,0.1853,0.1704,0.1803,364891.16,2026-07-24,0.0464306442251885,0.04538498667538753,0.0464306442251885,0.02978936858152393,0.5691250876365828,0.02391332758464007,0.4568634820186029,0.04326274479009828,0.8265335786719188,0.04580645335431944,0.8751310625552189,0.1749,0.17523957217456432,0.17297,0.17389640324410507,0.17386,0.17238663232093984,0.16903600000000002,0.1753195074518747,0.199301,0.1828720571640363,0.045217391304347876,4.521739130434783,0.03028571428571425,3.0285714285714285,-0.02487831260140627,-2.4878312601406276,66.51162790697671,56.42023346303501,57.51334858886346,0.17353283985039955,0.17212149671296637,0.0014113431374331853,0.0008442774303579991,0.0005670657070751862,0.31451231673609886,0.17386,0.0064159669247108595,0.1866919338494217,0.16102806615057827,0.14761226100795719,0.7509364557038387,0.008914285714285711,4.944140717851199,0.010285714285714285,5.70477775136677,0.013390476190476189,7.426775480020072,435893.694,0.8371104354631934,29921446.000000007,0.2108578986812039,30.564105140491233,84.40018966334794,51.83804047008142,70.22222222222216,45.983371126228256,-29.777777777777843,True,False,False
1784937600000,0.1803,0.1929,0.1774,0.1812,399067.91,2026-07-25,0.004991680532445919,0.004979263399607364,0.004991680532445919,0.029843579075354724,0.5701607776669988,0.020704760748146922,0.39556389867867364,0.04031616467605432,0.7702392446364678,0.04445904316788073,0.8493888270882016,0.17629999999999998,0.17722638144970956,0.17412999999999998,0.17522432992702042,0.174295,0.17322600445291453,0.169158,0.17555180949356217,0.198141,0.1828358543928306,0.04018369690011481,4.018369690011485,0.06839622641509435,6.839622641509433,0.050434782608695716,5.043478260869573,70.04608294930877,62.683438155136265,56.14173228346456,0.1747124029517441,0.17279403050848458,0.001918372443259514,0.0010590964329385603,0.0008592760103209537,0.47421413373121063,0.174295,0.006610874215621796,0.1875167484312436,0.1610732515687564,0.15171689872048655,0.7611228021735447,0.010271428571428567,5.668558814254176,0.00982142857142857,5.42021444339325,0.013119047619047617,7.240092504993166,434325.167,0.9188229011836193,30320513.910000008,0.2107811001459904,33.24718732800903,157.89473684210495,50.33849149410592,58.80281690140846,54.563901930099114,-41.19718309859153,True,False,False
1785024000000,0.1812,0.2429,0.1793,0.1924,1421302.53,2026-07-26,0.061810154525386185,0.05997514462272704,0.061810154525386185,0.03857236692603723,0.7369240354005632,0.0267753610745503,0.511542555067981,0.03597434171995704,0.6872888335316151,0.04526431284733933,0.864773482712531,0.17936,0.18228425429980635,0.17641,0.17834717903124728,0.17441500000000001,0.17505210671045474,0.16950400000000002,0.176217185998508,0.197579,0.18304255146320464,0.0863918690005645,8.639186900056455,0.13443396226415083,13.443396226415086,0.012631578947368327,1.2631578947368345,79.16666666666666,69.04347826086955,58.83222468588321,0.1774335717311434,0.17424642866629556,0.0031871430648478527,0.001484705759320828,0.0017024373055270247,0.8848426743903456,0.17441500000000001,0.006925260777915982,0.18826552155583198,0.16056447844416805,0.15882259617386082,1.1492535291000332,0.01724285714285714,8.961983961983961,0.013742857142857142,7.142857142857142,0.015223809523809523,7.912582912582914,483212.49299999996,2.941361307063723,31741816.44000001,0.21072183851664297,37.09295501228604,355.5962183592557,65.74758359773867,35.586734693877524,54.87059127250273,-64.41326530612247,True,False,False
1785110400000,0.1924,0.2063,0.1779,0.1809,666036.96,2026-07-27,-0.05977130977130973,-0.06163214583035662,0.05977130977130973,0.0470864965409068,0.8995862532972266,0.035374735717377426,0.6758333769370367,0.03847390483943493,0.7350429198773166,0.04606564092378778,0.8800828341170865,0.18142,0.1818228361998709,0.17747,0.17881132829829918,0.173945,0.17560905098250468,0.169558,0.17640207067601246,0.197594,0.18299633101206148,0.0603751465416178,6.037514654161784,0.06224310041103931,6.224310041103933,-0.04939569101418806,-4.939569101418808,54.77386934673367,62.22570532915361,51.19825708061002,0.17796686838834572,0.17473931851965044,0.0032275498686952786,0.0018332745811959863,0.0013942752874992923,0.7707436636259217,0.173945,0.006054704564919529,0.18605440912983906,0.16183559087016092,0.13923262099904077,0.7871733841605055,0.020557142857142854,11.36381584142778,0.01515,8.374792703150911,0.015319047619047618,8.468240806549263,485329.64749999996,1.3723393232431778,31075779.480000008,0.21061736268481318,42.04619890119061,150.39738335277852,62.38975579461215,20.30848329048844,38.23267829525815,-79.69151670951156,False,True,False
1785196800000,0.1809,0.1869,0.1734,0.1817,441366.0,2026-07-28,0.004422332780541716,0.004412583000876031,0.004422332780541716,0.04723156606453071,0.9023578026545052,0.03518676523797516,0.6722422059704506,0.031153131510498623,0.5951797418110801,0.045141644871697986,0.8624299143285276,0.1833,0.18178189079991394,0.17831999999999998,0.17933654133497753,0.17444500000000002,0.17618914330074148,0.169396,0.17661118545711196,0.197508,0.1829684151830845,0.054556006964596504,5.455600696459658,0.0490762124711317,4.907621247113168,0.05824111822946998,5.824111822947006,66.27565982404693,56.10200364298726,48.78048780487804,0.17854119632901497,0.1752549562473667,0.0032862400816482673,0.002123867681286621,0.0011623724003616462,0.6397206386140045,0.17444500000000002,0.006268675256680667,0.18698235051336135,0.1619076494866387,0.1437398665867331,0.7893354537814099,0.021628571428571424,11.903451529208269,0.015028571428571431,8.271090494535734,0.015109523809523805,8.315643263359277,476447.9345,0.9263677477439038,31517145.480000008,0.21052489236356536,45.10734717265772,55.799263028601445,56.36005160277888,21.235521235521222,25.710246406629068,-78.76447876447877,False,True,False
1785283200000,0.1817,0.2154,0.1752,0.2119,649732.86,2026-07-29,0.16620803522289496,0.15375748987212795,0.16620803522289496,0.08477914093060833,1.6197032132400555,0.06148888597135531,1.1747435170152642,0.0476221560264047,0.9098200133983534,0.05024192947678319,0.9598707148912139,0.18961999999999998,0.19182126053327597,0.18226,0.18525717018321405,0.17657,0.17959018753970485,0.170038,0.17800371608494692,0.19742300000000002,0.18359036461198502,0.17526344980587916,17.52634498058792,0.22840579710144948,22.84057971014494,0.2508854781582055,25.08854781582055,81.62939297124602,76.5370138017566,63.22147651006713,0.1836733199738409,0.1779695584187885,0.005703761555052395,0.0028398464560401284,0.002863915099012266,1.3515408678679877,0.17657,0.010345967940778416,0.19726193588155683,0.15587806411844318,0.23437657452066402,1.3537142247644989,0.026099999999999995,12.317130722038696,0.017142857142857147,8.090069439762694,0.016004761904761904,7.55297871862289,479820.96349999995,1.3541152000958792,32166878.340000007,0.21048104377040047,49.0920341648635,214.72036204629555,63.45949211340886,60.102960102960104,33.88232154298993,-39.897039897039896,True,False,False
1785369600000,0.2119,0.2501,0.2045,0.2477,746490.43,2026-07-30,0.16894761680037762,0.15610387122106056,0.16894761680037762,0.10030037169571868,1.916235910643377,0.07660888943830031,1.4636107776502427,0.059131341820138385,1.1297026992484647,0.0551963205154101,1.0545242227803762,0.20292,0.21044750702218398,0.18961,0.19661041196816365,0.18026999999999999,0.18607685406336852,0.17147599999999996,0.1807533241942208,0.19764100000000004,0.18496621285779682,0.36699779249448117,36.69977924944813,0.4219288174512055,42.19288174512056,0.4260218767990789,42.60218767990789,87.27876106194692,83.80952380952381,67.24447101016139,0.1935235784444967,0.1831350485028559,0.0103885299416408,0.004349583153160857,0.0060389467884799436,2.4380083926039338,0.18026999999999999,0.018933654247343012,0.21813730849468602,0.14240269150531396,0.42011769561974854,1.3903458244129308,0.031671428571428566,12.786204510064014,0.019757142857142862,7.976238537401235,0.0174,7.02462656439241,497178.8135,1.5014526156996029,32913368.770000007,0.21060318447997134,53.68892242511809,325.32799644207273,70.97500842037275,97.10843373493978,59.4823050244737,-2.8915662650602236,True,False,False
1785456000000,0.2477,0.2569,0.2263,0.2471,534451.1,2026-07-31,-0.002422285022204318,-0.0024252235007495237,0.002422285022204318,0.10533045878879681,2.012335589622249,0.07744045211197692,1.4794977602237853,0.058387706368774994,1.115495563898528,0.05227374115649908,0.9986884225279089,0.21386,0.222665004681456,0.19661,0.2057903370649137,0.18417,0.19188859661037008,0.17244,0.18337016942117315,0.197769,0.1862974493224036,0.2843035343035343,28.430353430353435,0.39525691699604737,39.52569169960473,0.4612655233589591,46.12655233589591,86.57047724750277,83.27556325823222,66.94510739856801,0.20176610484125707,0.18787342424606718,0.013892680595189888,0.006258202641567264,0.007634477953622624,3.089630899887748,0.18417,0.023895013793897687,0.23196002758779538,0.13637997241220462,0.5189773316804625,1.1584009591163225,0.033914285714285716,13.72492339712089,0.021414285714285723,8.666242701046428,0.01816190476190476,7.35002216183924,494351.28849999997,1.081116025047035,32378917.670000006,0.21072428649149916,58.78044992086656,261.1214748161965,72.29297590442087,89.08685968819596,82.09941784203195,-10.91314031180404,True,False,False
1785542400000,0.2471,0.2533,0.2335,0.2419,424435.29,2026-08-01,-0.021044111695669665,-0.02126869537858271,0.021044111695669665,0.09572275082203537,1.8287805866484304,0.07594218077843118,1.4508733265882074,0.05907890575623187,1.128700909654152,0.05205287558078491,0.9944687916287097,0.22605999999999998,0.22907666978763733,0.20373999999999998,0.2123557303258692,0.18774,0.19665159805915963,0.173448,0.1856781803590955,0.198172,0.18748682117719784,0.33720287451630737,33.72028745163073,0.417936694021102,41.7936694021102,0.41876832844574774,41.87683284457477,79.4292508917955,79.18436703483434,72.7626459143969,0.2079405502525801,0.19187557362320304,0.01606497662937706,0.008219557439129718,0.007845419190247341,3.2432489418137007,0.18774,0.026891055057496296,0.24152211011499258,0.1339578898850074,0.5729424748587685,1.0035131559936887,0.03452857142857143,14.273903029587196,0.022400000000000007,9.26002480363787,0.018057142857142862,7.464713872320323,495292.49749999994,0.8569386617854029,31954482.380000006,0.21081826744142415,63.72426869527038,195.17834136354807,66.10672042353991,83.29621380846324,89.83050241053299,-16.70378619153676,False,False,True
1785628800000,0.2419,0.2761,0.2268,0.267,559259.81,2026-08-02,0.10376188507647788,0.09872424078426796,0.10376188507647788,0.09064177993987509,1.731708774244125,0.07786917375758935,1.4876884757625566,0.06074038064097629,1.1604433427573708,0.05380584096517267,1.02795914827334,0.24312,0.2417177798584249,0.21320999999999998,0.22229105208484012,0.192825,0.20335145941681354,0.174864,0.1888842524598254,0.198782,0.18918495799436244,0.4694551458447993,46.945514584479916,0.5496227510156704,54.96227510156704,0.6152450090744102,61.52450090744102,94.06345957011258,83.25123152709361,77.57062146892656,0.21702661944733684,0.1974405787316632,0.01958604071567363,0.010492854094438958,0.009093186621234673,3.4056878731216003,0.192825,0.031623523472917095,0.2560720469458342,0.1295779530541658,0.6560046357664638,1.0863910141411401,0.03248571428571429,12.166934189406101,0.02486428571428572,9.312466559657572,0.019990476190476194,7.487069734260747,504512.00999999995,1.1085163463204772,32513742.190000005,0.21099391973466325,68.7770708329397,186.82558509561133,67.66370116631597,91.651376146789,88.01148321448274,-8.348623853211006,True,True,False
1785715200000,0.267,0.2757,0.2466,0.2585,518461.11,2026-08-03,-0.03183520599250944,-0.03235296445176579,0.03183520599250944,0.08848557726478636,1.6905145799776775,0.08180381879898363,1.5628597637297421,0.06153643175505544,1.1756518779374179,0.053824271056146636,1.028311254667002,0.25244,0.2473118532389499,0.22103,0.22887449716034436,0.197,0.20860371099044903,0.17622999999999997,0.1916282455336416,0.199285,0.19066299866000302,0.21991505427088254,21.99150542708825,0.43372157515252363,43.37215751525237,0.4771428571428573,47.71428571428572,86.43263757115749,78.30758898589659,73.39955849889625,0.22340713953405303,0.20196367401186238,0.021443465522190647,0.012682976379989648,0.008760489142200999,3.388970654623211,0.197,0.03452517007084955,0.2660503401416991,0.12794965985830092,0.7010186816416151,0.9453272777063448,0.03258571428571429,12.605692180160267,0.02657142857142858,10.279082619508154,0.020961904761904765,8.109054066500876,511298.14349999995,1.0140093731828699,31995281.080000006,0.21116842719691303,72.62364378706414,158.72305882742734,73.07531206014221,83.85321100917432,86.26693365480885,-16.14678899082569,False,False,True
1785801600000,0.2585,0.2717,0.2482,0.2572,346675.06,2026-08-04,-0.005029013539651905,-0.0050417015850195675,0.005029013539651905,0.054490290859485875,1.0410355451435123,0.0823332579647939,1.5729746847900998,0.060647159146411236,1.1586623486044145,0.05356927708839077,1.0234396017533558,0.25434,0.25060790215929996,0.22863000000000003,0.2340245885857495,0.20137999999999998,0.2132319366557426,0.17768799999999998,0.19421232116368162,0.199649,0.1920796462354194,0.03835284618490098,3.8352846184901015,0.41942604856512133,41.94260485651213,0.516509433962264,51.6509433962264,79.60784313725487,77.18940936863542,74.76110174255199,0.22860604114536467,0.20605540045421308,0.02255064069115159,0.01465650924222229,0.0078941314489293,3.069257950594596,0.20137999999999998,0.03637332162885074,0.2741266432577015,0.12863335674229848,0.7224813115274755,0.8836603140729142,0.03401428571428571,13.224838924683405,0.027821428571428577,10.81704065763164,0.02135714285714286,8.303710286602978,510079.8515,0.6796486059594926,31648606.020000007,0.21128151182780022,76.71124577983586,131.28888287800922,68.10894491502819,82.66055045871558,86.05504587155963,-17.339449541284427,False,False,True
1785888000000,0.2572,0.2724,0.2517,0.2719,440932.65,2026-08-05,0.05715396578538101,0.055580359274960696,0.05715396578538101,0.05786324553249932,1.105475753690383,0.08219987308794834,1.5704263702960755,0.06086899321759718,1.1629004825836218,0.05148994040608006,0.983713930216967,0.2593,0.2577052681062,0.23658,0.24091102702471862,0.206495,0.21881937963158976,0.179824,0.1972732757822652,0.199148,0.19377658433469228,0.10036422501011732,10.036422501011732,0.41320166320166307,41.320166320166315,0.6031839622641508,60.31839622641508,71.84115523465701,82.57234726688102,76.51673640167363,0.2352666502011879,0.210932940162004,0.024333710039183887,0.01659194940161481,0.007741760637569078,2.8472823234899147,0.206495,0.038782246005913436,0.2840594920118269,0.12893050798817313,0.7512481368733082,0.9216168913349367,0.03122857142857142,11.48531497924657,0.028664285714285722,10.542216150895817,0.021838095238095243,8.031664302352057,512426.96800000005,0.8604790097620311,32089538.670000006,0.21144344778530477,80.6168293132248,123.46240124505704,73.39155032463776,96.14678899082566,87.55351681957184,-3.8532110091743457,True,False,False
1785974400000,0.2719,0.2815,0.2664,0.2794,362525.04,2026-08-06,0.027583670467083543,0.02721009518443647,0.027583670467083543,0.05299547585319148,1.012477144547354,0.07497459334002723,1.4323875945334754,0.060660622893063273,1.1589195731230306,0.050852165005135,0.9715292482905283,0.26680000000000004,0.2649368454041333,0.24643,0.2479090221111454,0.21195,0.22458897034507247,0.18226399999999998,0.20050853341732455,0.19838900000000004,0.19559424321923768,0.15502273666804456,15.502273666804456,0.5444997236042011,54.449972360420105,0.6406341749853199,64.06341749853198,75.92295345104333,83.19900805951642,79.48320413436691,0.24205639632517226,0.21600473016290814,0.02605166616226412,0.018483892753744825,0.007567773408519295,2.708580318009769,0.21195,0.04103086771277434,0.2940117354255487,0.12988826457445132,0.7743499450393837,0.9109710795794383,0.026871428571428557,9.617547806524179,0.029271428571428566,10.476531342673074,0.022128571428571428,7.92003272318233,512154.5654999999,0.7078430310312249,32452063.710000005,0.21160149907470188,83.02366711869026,123.38982406809284,77.36298849841967,98.10981098109812,92.30571681021313,-1.8901890189018822,True,False,False
1786060800000,0.2794,0.2915,0.2647,0.2843,392879.11,2026-08-07,0.017537580529706664,0.017385571834092804,0.017537580529706664,0.03360823194467597,0.6420843697468468,0.0742627409800585,1.4187876742920378,0.060656460842648564,1.1588400572615065,0.05028113097188044,0.9606196584034489,0.27026,0.2713912302694222,0.25669,0.2545255635454919,0.217505,0.23027574204890805,0.18492799999999998,0.20380878428021826,0.19809100000000002,0.1974746531710742,0.06479400749063657,6.479400749063663,0.5646670335718216,56.46670335718217,0.6414549653579678,64.14549653579678,84.19354838709674,82.86978508217446,78.9613142554319,0.24855541227602873,0.22106378306492563,0.027491629211103097,0.0202854400452166,0.007206189165886497,2.5347130375963762,0.217505,0.04298280531365545,0.3034706106273109,0.1315393893726891,0.7904702018556897,0.8884983745975947,0.026328571428571413,9.26084116376061,0.03012142857142857,10.594944977639315,0.023052380952380956,8.108470261125907,511614.2345000001,0.7679206001450687,32844942.820000004,0.21178359482391693,84.81061879419644,114.73291211947162,77.92628720179346,93.90347163420832,96.05335720204403,-6.0965283657916896,True,True,False
1786147200000,0.2843,0.3065,0.2843,0.3009,349683.17,2026-08-08,0.05838902567710158,0.05674796497904537,0.05838902567710158,0.027042123681396975,0.5166390475157577,0.062026411603151844,1.1850129297913663,0.06059627457692223,1.157690200269329,0.049917020221338794,0.9536633322817881,0.27874,0.28122748684628146,0.26559,0.2629572792645031,0.22392499999999999,0.23700186931766057,0.188062,0.20763221242220206,0.198285,0.1996640361473041,0.16402321083172144,16.402321083172144,0.42000943841434646,42.00094384143463,0.7443478260869567,74.43478260869567,81.68224299065416,84.41633122484185,82.84142071035517,0.2566084257729501,0.22697773280371644,0.02963069296923368,0.02215449063002011,0.007476202339213568,2.4846136055877595,0.22392499999999999,0.04542655002714214,0.31477810005428425,0.13307189994571572,0.8114600875675719,0.9236234094048956,0.02667142857142855,8.863884536865587,0.0306,10.169491525423728,0.02382380952380953,7.917517289401638,509038.56750000006,0.6869482831475239,33194625.990000006,0.2119851052031072,86.55380451289984,127.50170183798494,78.29427769813495,95.79263711495118,95.93530657675255,-4.2073628850488305,True,False,False
1786233600000,0.3009,0.3116,0.2747,0.2752,314403.39,2026-08-09,-0.0854104353605849,-0.08927987757681093,0.0854104353605849,0.058963113689207806,1.1264887053198325,0.0536290030256434,1.0245806641823918,0.06577341510604294,1.2565993311990185,0.05192013134682274,0.9919327165997871,0.28234,0.27921832456418766,0.26833999999999997,0.265183228489141,0.228975,0.24063979017797954,0.190668,0.2102925787625807,0.19851,0.20126085393087492,0.06998444790046654,6.998444790046662,0.11102139685102941,11.102139685102944,0.5797933409873708,57.97933409873709,61.8104667609618,71.97452229299363,73.40425531914893,0.25946866796200524,0.2305498397819226,0.02891882818008265,0.023507358140032675,0.005411470040049975,1.9663771947856017,0.228975,0.045221302327670215,0.3194176046553404,0.13853239534465958,0.789977985852957,0.7555488100776989,0.024899999999999978,9.047965116279062,0.028692857142857138,10.426183554817275,0.024876190476190475,9.039313399778516,505272.55549999996,0.6222451359719656,32880222.600000005,0.21214417607060934,86.05642025247796,100.06211101393062,70.09601540409253,73.66136034732273,87.78582303216074,-26.33863965267727,True,True,False
1786320000000,0.2752,0.308,0.2745,0.305,280020.4,2026-08-10,0.10828488372093026,0.10281367054822305,0.10828488372093026,0.07124542563094495,1.3611419454880873,0.06123807167367163,1.1699517165862257,0.06829828672704473,1.304836935787422,0.05340949930303998,1.0203870514503413,0.28896,0.28781221637612514,0.27413000000000004,0.27242264149112094,0.23537,0.2467693395385258,0.193914,0.21402093425185267,0.198937,0.20345095228943785,0.12173593232806179,12.173593232806185,0.23431808984216929,23.43180898421692,0.7221908526256351,72.21908526256351,74.09274193548387,80.01935171746491,76.44287396937574,0.2664734882761195,0.2360647910996434,0.030408697176476096,0.024887625947321402,0.005521071229154694,1.8101872882474408,0.23537,0.04652403001053409,0.32841806002106816,0.14232193997893183,0.7906535244174547,0.8741614816269905,0.025528571428571404,8.37002341920374,0.029057142857142854,9.526932084309133,0.02622380952380952,8.597970335675253,500527.95499999996,0.5594500710754509,33160243.000000004,0.21230158643473432,85.80237181648135,105.66474843894972,77.1825287389415,95.22431259044862,88.22610335090751,-4.775687409551371,False,True,False
1786406400000,0.305,0.3323,0.3016,0.3302,331243.95,2026-08-11,0.08262295081967208,0.07938675487861596,0.08262295081967208,0.07579746304680567,1.4481084982076213,0.061737652969021464,1.1794962038323877,0.06740169647526512,1.2877076030786159,0.05378573797094564,1.0275750811079045,0.29912,0.3019414775840834,0.28296,0.2829276157654692,0.24335,0.25471512325573026,0.19774799999999998,0.21859387352759416,0.199711,0.20612332649774023,0.18181818181818188,18.181818181818187,0.3650268706076891,36.502687060768906,0.9355216881594373,93.55216881594373,76.57247037374658,82.12894850713977,78.3393501805054,0.27627756700355316,0.24303791545227885,0.03323965155127431,0.02655803106811203,0.006681620483162284,2.023507111799601,0.24335,0.04847635886100641,0.3403027177220128,0.1463972822779872,0.7968170759976396,0.9478987388936337,0.026557142857142835,8.042744656917879,0.03028571428571428,9.17193043177295,0.0274,8.298001211387039,494416.97899999993,0.6699687997567738,33491486.950000003,0.21254371326710927,86.83130779278576,137.21874374589015,82.48996702997346,98.66327180140038,89.18298157972391,-1.3367281985996122,True,False,False
1786492800000,0.3302,0.3358,0.317,0.324,254412.17,2026-08-12,-0.01877649909145962,-0.018955015693698146,0.01877649909145962,0.07968307166456354,1.5223429466166578,0.05826263580455009,1.1131060941240865,0.06827839264260031,1.3044568598377795,0.054041226206857446,1.032456177001411,0.30706,0.309294318389389,0.28866,0.29039532198993323,0.250935,0.26131368785232845,0.20139000000000004,0.22274217440011224,0.20029999999999998,0.20860545367513594,0.13964122405909252,13.964122405909254,0.2134831460674158,21.34831460674157,0.8804410911201392,88.04410911201393,70.57195571955721,77.06422018348624,76.8141592920354,0.28361947977267,0.24903522310043905,0.034584256672230945,0.02816327618893585,0.006420980483295095,1.9817840997824365,0.250935,0.04864201427399567,0.34821902854799136,0.15365097145200868,0.7753723358478597,0.875524128115008,0.026285714285714263,8.112874779541439,0.028757142857142846,8.875661375661371,0.027871428571428568,8.602292768959433,489913.505,0.519300177283335,33237074.78,0.2127361561975788,87.26465721778035,132.71570132750412,81.95838200198406,91.01294744859104,94.96684394681336,-8.987052551408969,True,False,False
1786579200000,0.324,0.3257,0.2969,0.3007,304558.96,2026-08-13,-0.07191358024691352,-0.07463042579784594,0.07191358024691352,0.08849771057910535,1.6907463866222603,0.06345228734280048,1.2122542475475848,0.0721786399807712,1.3789709806076162,0.05527515444482584,1.0560303428871078,0.30702,0.306429545592926,0.29288,0.29226889980994614,0.256955,0.265064767723368,0.204622,0.22580980764750272,0.200468,0.21054225633025403,-0.000664672648720388,-0.06646726487204319,0.16324951644100594,16.324951644100587,0.6677759290072105,66.77759290072103,56.46687697160885,63.61767728674204,70.79907925024663,0.2862472521154672,0.2528623122701743,0.033384939845292894,0.029207608920207278,0.004177330925085616,1.3892021699652861,0.256955,0.04685774075242074,0.3506704815048415,0.1632395184951585,0.7294310794095581,0.733392601187991,0.028242857142857125,9.392370183856709,0.027557142857142853,9.164330847071117,0.028928571428571425,9.620409520642308,486896.895,0.6255101708956267,32932515.82,0.21292940630437016,84.78676188274217,95.23592362884594,74.67961796598452,67.94520547945208,85.87380824314785,-32.05479452054792,False,True,False
1786665600000,0.3007,0.358,0.2932,0.3502,333749.34,2026-08-14,0.16461589624210182,0.15239132985726814,0.16461589624210182,0.09636818548513465,1.8411115985728623,0.07792300725481599,1.4887169632829633,0.07805460868329002,1.4912312050436913,0.05903843214689424,1.1279276624334797,0.32202000000000003,0.3210196970619507,0.30218,0.3028018271172323,0.265405,0.27317289001848954,0.208742,0.23070389335269417,0.201294,0.21347573698963543,0.27252906976744184,27.25290697674419,0.3615863141524107,36.158631415241075,0.9326710816777042,93.26710816777043,65.4351909830933,71.17043121149898,74.6792130025663,0.2960861364058105,0.26007263113386125,0.03601350527194924,0.030568788190555685,0.005444717081393557,1.554745026097532,0.265405,0.04770803170823231,0.36082106341646464,0.16998893658353537,0.7190223501174781,0.9443434206140604,0.033671428571428554,9.614913926735738,0.02999999999999999,8.566533409480295,0.031304761904761905,8.939109624432296,483630.9665,0.6900909228689764,33266265.16,0.2131981632132746,82.87383334205272,131.200544015826,74.3575300096959,94.05487804878051,84.33767699227455,-5.945121951219493,True,True,False
1786752000000,0.3502,0.4078,0.3248,0.3548,715736.13,2026-08-15,0.013135351227869796,0.013049830583672956,0.013135351227869796,0.092009595487138,1.7578408535823056,0.07771328292835532,1.4847101856518832,0.07797471934533833,1.489704921385192,0.05897887349368871,1.1267897959616762,0.33198,0.3322797980413005,0.31047,0.3122560403686473,0.27352499999999996,0.2809469047743157,0.212954,0.2355857788922854,0.20209700000000003,0.2164406563123113,0.16327868852459027,16.32786885245902,0.3048915042294962,30.489150422949628,0.8440748440748442,84.40748440748442,78.71572871572873,73.24001646768218,76.40481651376147,0.30511903849754674,0.2670895811984701,0.03802945729907664,0.03206092201225989,0.005968535286816748,1.6822252781332436,0.27352499999999996,0.04844319380796236,0.3704113876159247,0.17663861238407524,0.7084280238802649,0.9194345666090314,0.042357142857142836,11.938315348687384,0.034514285714285706,9.727814462876468,0.034519047619047616,9.72915660063349,448352.6465,1.5963686967999196,33982001.29,0.2139065553364865,81.69098233661536,161.51402858655365,83.16220913471598,70.7182320441989,77.57277185747716,-29.2817679558011,True,False,False
1786838400000,0.3548,0.4261,0.3527,0.3985,531530.73,2026-08-16,0.12316798196166867,0.11615324779484541,0.12316798196166867,0.09890164730712699,1.8895133187207542,0.08312650240161866,1.588129598476492,0.07714318820868976,1.4738185413257243,0.06065399266157076,1.158792902728225,0.34564,0.35435319869420034,0.32238,0.32793676030162416,0.28440499999999996,0.2921424432314773,0.21790400000000001,0.24199395798860734,0.20324799999999998,0.22025568680093124,0.20684433676559677,20.684433676559667,0.42627057981388705,42.6270579813887,1.202874516307352,120.28745163073522,80.65573770491804,75.14340344168261,78.94063459570113,0.31948534026758896,0.27682382492502244,0.042661515342566514,0.034181040678321235,0.008480474664245279,2.1280990374517637,0.28440499999999996,0.05091788513200249,0.38624077026400494,0.182569229735995,0.7161320670452699,1.0601911769519372,0.04757142857142855,11.937623229969523,0.03623571428571427,9.093027424269577,0.03498571428571428,8.779351138196807,441627.33499999996,1.2035729853542694,34513532.019999996,0.21453353929195354,80.39199140130157,188.59760609603862,83.80997761193095,84.6239554317549,83.13235517491144,-15.376044568245103,True,False,False
1786924800000,0.3985,0.4161,0.363,0.3901,853157.73,2026-08-17,-0.02107904642409042,-0.021304381717658985,0.02107904642409042,0.09926036132684377,1.8963665404447756,0.08511602437810756,1.6261393624674758,0.078019633173969,1.4905629988763471,0.060947167237828254,1.1643939951430826,0.35886,0.36626879912946686,0.33296000000000003,0.3392391675195128,0.294825,0.3014717385581755,0.22261200000000003,0.24781896891577757,0.204258,0.22381065437497089,0.20401234567901239,20.40123456790123,0.3721421034118888,37.21421034118889,1.14694551458448,114.694551458448,72.07074428887252,75.17214996174445,76.81492842535788,0.330349134072853,0.285214763356014,0.04513437071683901,0.0363717066860248,0.008762664030814209,2.246260966627585,0.294825,0.05011123285147497,0.39504746570294996,0.19460253429705004,0.6798776610053419,0.9753175814012909,0.05037142857142856,12.912440033690991,0.03794999999999999,9.72827480133299,0.03616190476190476,9.269906373213217,462216.9215,1.845795102505783,33660374.29,0.21551561807007893,79.09300046598776,162.79609846725498,67.89989102828889,79.76391231028668,78.36869992874684,-20.23608768971331,False,False,True
1787011200000,0.3901,0.4653,0.3901,0.4489,987544.04,2026-08-18,0.15073058190207633,0.14039702927527556,0.15073058190207633,0.08444980806327419,1.6134113176441416,0.09258052570849248,1.7687484601458188,0.0767866088206062,1.467006101681793,0.06348529361810856,1.2128848315519372,0.38849999999999996,0.39381253275297795,0.34775999999999996,0.3591775006977863,0.30667500000000003,0.3155125310892571,0.22832,0.25572658230416,0.20603100000000002,0.22851662956657218,0.4928500166278682,49.285001662786826,0.49185776005317394,49.185776005317386,1.1184521000471923,111.8452100047192,83.1651619755709,80.05644402634056,79.80405254954354,0.3485877288312701,0.29733974374339167,0.05124798508787842,0.039346962366395545,0.011901022721482878,2.65115231042167,0.30667500000000003,0.057016007678361263,0.42070701535672256,0.1926429846432775,0.7436668483360073,1.1236187247725224,0.05672857142857141,12.637240238042194,0.041642857142857134,9.276644496069755,0.03909999999999999,8.710180441078188,479107.48050000006,2.0612160740412397,34647918.33,0.21692904306799982,78.25246392569933,198.47931322524485,76.82092394643298,92.32209737827716,85.56998837343959,-7.677902621722832,True,False,False
1787097600000,0.4489,0.47,0.2998,0.3166,1087814.9,2026-08-19,-0.29472042771218543,-0.3491609983409748,0.29472042771218543,0.1769191642986283,3.380035887987824,0.1378279608462285,2.633199494669131,0.1019655487321752,1.9480490732557436,0.07757162758847773,1.4820038641834912,0.38178,0.3680750218353186,0.3519,0.35143613693455145,0.31012000000000006,0.3156160995951681,0.23143999999999998,0.25812019741817943,0.206458,0.2303561682194669,-0.09594517418617943,-9.594517418617936,0.1504360465116279,15.043604651162786,0.2781590633831248,27.81590633831247,52.67406659939455,55.12027491408934,60.89091546825675,0.34366653978021533,0.29876644552139875,0.04490009425881658,0.04045758874487976,0.004442505513936823,1.403191886903608,0.31012000000000006,0.05532143964332931,0.4207628792866587,0.19947712071334145,0.713548815211264,0.5292834027900307,0.07835714285714283,24.74957133832686,0.05232142857142856,16.526035556357726,0.04529047619047618,14.305267274313385,496173.7039999999,2.192407399324814,33560103.43,0.2179528922075807,73.78494809814433,78.60551100452176,63.65937645494559,25.28007793472967,65.78869587443117,-74.71992206527032,True,True,False
1787184000000,0.3166,0.333,0.2549,0.2561,986349.68,2026-08-20,-0.19109286165508532,-0.21207115424143227,0.19109286165508532,0.19419949731794425,3.7101761867690213,0.1494180526283603,2.854627887257248,0.11214802786033524,2.1425850638495834,0.08291339566412483,1.584058199973358,0.36204000000000003,0.3307500145568791,0.34701,0.3341022938555403,0.31056999999999996,0.3099478977411318,0.23324999999999999,0.25804076923511077,0.20646799999999998,0.2308932228853306,-0.278184892897407,-27.8184892897407,-0.16032786885245898,-16.0327868852459,0.036422501011736275,3.6422501011736172,34.7388906908855,47.620020429009195,56.07235142118863,0.3301947644292043,0.295605934991395,0.03458882943780933,0.039283836883465664,-0.004695007445656332,-1.833271161911883,0.31056999999999996,0.05481613381401311,0.42020226762802615,0.20093773237197374,0.7060068108833836,0.25157861285505634,0.08539999999999999,33.346349082389686,0.056821428571428564,22.187203659284876,0.04683809523809523,18.288986816905595,518768.63300000003,1.9013286796004105,32573753.75,0.21835553497300708,67.84138131537365,-46.94733684041728,55.72081084276912,0.5578800557879958,39.38668512293162,-99.44211994421201,False,True,False
1787270400000,0.2561,0.2743,0.2387,0.2525,908852.96,2026-08-21,-0.014057008980866814,-0.014156744490065008,0.014057008980866814,0.17271787677476938,3.2997704025459575,0.14611410349333537,2.7915060276625425,0.11206264300258462,2.1409537884327454,0.08299313940657231,1.585581702033655,0.33284,0.3046666763712527,0.33924,0.3192655131545317,0.31110000000000004,0.3044766677319932,0.23492999999999997,0.25782294466581934,0.20643899999999998,0.231343495362717,-0.3663739021329988,-36.637390213299874,-0.23531193216232582,-23.531193216232584,0.04381976023150069,4.381976023150061,33.35502766026684,46.74313805817288,55.69131832797427,0.31824172374763166,0.2924128718209836,0.025828851926648078,0.03659283989210214,-0.01076398796545406,-4.262965530872894,0.31110000000000004,0.05416461264661547,0.419429225293231,0.2027707747067691,0.6964270349934487,0.2295282051478784,0.08122857142857141,32.16973125884016,0.05744999999999999,22.752475247524746,0.04707619047619047,18.644035832154643,542989.5165,1.673794672608564,31664900.79,0.21856976075172013,61.3893124044183,-89.52724799204667,49.37573599317706,5.966277561608305,10.60141185070866,-94.03372243839169,False,True,False
1787356800000,0.2525,0.2557,0.2098,0.2296,746842.45,2026-08-22,-0.09069306930693066,-0.09507258427000313,0.09069306930693066,0.17016798835567906,3.25105485270116,0.148023375371659,2.827982615680824,0.11181191366057217,2.136163611079527,0.08400376681089286,1.6048897114826568,0.30074,0.2796444509141685,0.3298,0.30296269258097935,0.30923,0.297345554570307,0.23597,0.2567135224952712,0.20622400000000002,0.23130719960308815,-0.41143296590617795,-41.14329659061779,-0.2913580246913581,-29.135802469135808,-0.14007490636704123,-14.007490636704127,20.52356020942409,42.79069767441861,51.43972669594925,0.30460453547861405,0.2877600247436789,0.016844510734935148,0.03264317406066873,-0.015798663325733583,-6.880950925842153,0.30923,0.05636805833093776,0.42196611666187556,0.19649388333812448,0.7291408767705303,0.1468301270353725,0.07592857142857141,33.06993529118964,0.05914285714285713,25.75908412145345,0.048319047619047616,21.044881367181016,552368.6484999999,1.352072482803122,30918058.34,0.21863225335773823,55.310230262454965,-121.55232792953076,44.57168905093711,7.609531129900082,4.711229582432132,-92.39046887009992,False,True,False
1787443200000,0.2296,0.2338,0.2166,0.2312,476692.49,2026-08-23,0.006968641114982521,0.006944472352810995,0.006968641114982521,0.12622543879711107,2.411533622163701,0.14723816320299724,2.812981158262217,0.11158639664759212,2.13185511459614,0.08387436378631868,1.6024174701694625,0.2572,0.2634963006094457,0.32284999999999997,0.28991493029352783,0.307865,0.2910459763867121,0.23689600000000002,0.25571069942487995,0.206333,0.2313049702065396,-0.48496324348407227,-48.49632434840722,-0.2311273694712339,-23.112736947123388,-0.10560928433268868,-10.560928433268865,21.594565606006427,45.32312925170068,48.57881136950905,0.2933115300202598,0.283570358466008,0.009741171554251804,0.02806277355938534,-0.018321602005133535,-7.924568341320734,0.307865,0.057968996023736716,0.4238029920474734,0.19192700795252657,0.7531742292723981,0.1693706754529275,0.06789999999999999,29.36851211072664,0.05773571428571428,24.97219476025704,0.04679047619047618,20.238095238095237,550280.2175,0.8662722642759731,31394750.83,0.21865820199816602,50.15314017275032,-122.19989581007668,44.293972168271225,8.22444273635665,7.266750475955017,-91.77555726364335,False,False,True
1787529600000,0.2312,0.2349,0.216,0.2205,375268.43,2026-08-24,-0.046280276816608956,-0.04738544191132168,0.046280276816608956,0.0785239169989798,1.5001973278255345,0.13302172249392338,2.5413764398778826,0.1120813374766146,2.1413109458576005,0.08354510983477076,1.596127082257527,0.23798,0.24916420040629714,0.30988000000000004,0.27729403387652213,0.30603,0.2843273104656776,0.23785599999999998,0.25432684782806253,0.206502,0.23108048592343755,-0.3035375868603917,-30.35375868603916,-0.3703597944031982,-37.035979440319814,-0.1426905132192845,-14.269051321928455,0.690846286701202,40.63815643695989,47.74805282763292,0.2821097561709001,0.2788984441143145,0.0032113120565855913,0.023092481258825383,-0.01988116920223979,-9.016403266321902,0.30603,0.06019531455800232,0.42642062911600465,0.1856393708839954,0.786789720720221,0.14478132298160015,0.0630142857142857,28.577907353417555,0.05669285714285714,25.71104632329122,0.0463047619047619,20.99989202030018,551709.8859999999,0.680191599829335,31019482.4,0.21867043216806273,44.86277788078608,-120.77658747185995,41.412960135087935,4.11222136817833,6.648731744811692,-95.88777863182167,True,True,False
1787616000000,0.2205,0.2221,0.2078,0.2121,387360.85,2026-08-25,-0.03809523809523807,-0.038839833316263894,0.03809523809523807,0.03683841211965251,0.7037968753387136,0.1318839943491304,2.5196401741916903,0.11149376769837475,2.1300854410061563,0.08270388399865697,1.5800554852248407,0.22918,0.23680946693753144,0.29561000000000004,0.2654405731716995,0.30304,0.27744851760025535,0.23829799999999998,0.2526673906959603,0.206628,0.2306865306860573,-0.17180788754392806,-17.180788754392808,-0.40219842164599773,-40.219842164599775,-0.21993379919087885,-21.99337991908789,1.485608170844941,36.409666283084015,47.49073762209498,0.27133902445222774,0.2739503759654801,-0.002611351513252369,0.017951714704409826,-0.020563066217662195,-9.694986429826589,0.30304,0.06338073258615665,0.42980146517231327,0.17627853482768668,0.8365988989725007,0.1412947741003916,0.0543142857142857,25.607866909139883,0.05552142857142856,26.1770054556476,0.04586666666666666,21.625019644821624,549031.296,0.7055350994053352,30632121.549999997,0.21865899329451297,39.65675641236108,-124.96408453042021,38.043085228755466,1.6399694889397403,4.658877864491578,-98.36003051106024,False,True,False
1787702400000,0.2121,0.2147,0.1991,0.2041,325867.62,2026-08-26,-0.03771805752003776,-0.0384477917548377,0.03771805752003776,0.034703558729554294,0.6630105585893054,0.11871813904606032,2.2681068618066247,0.11141607566731128,2.1286011368368127,0.08293052214795728,1.5843854009875513,0.21950000000000003,0.22590631129168762,0.27617,0.2542877416859356,0.299275,0.2704629432160301,0.23857399999999998,0.250758917225947,0.206598,0.23013523171951955,-0.19168316831683163,-19.168316831683168,-0.4878293601003765,-48.782936010037645,-0.2695060844667143,-26.95060844667143,2.8985507246376727,36.2594545037818,44.54655800242761,0.26099455915182623,0.26877623991058225,-0.0077816807587560155,0.012805035611776653,-0.02058671637053267,-10.08658322907039,0.299275,0.0669925359157351,0.4332600718314702,0.1652899281685298,0.8953976899605391,0.1448298355218501,0.03222857142857142,15.790578847903683,0.055292857142857144,27.0910618044376,0.04562380952380951,22.353654837731266,547198.425,0.5955200254825295,30306253.929999996,0.2186328957880591,34.83074158640589,-123.2296582042904,35.34985206516846,1.8456995201181265,2.532630125745404,-98.15430047988187,False,True,False
1787788800000,0.2041,0.2076,0.1976,0.2025,281143.59,2026-08-27,-0.007839294463498292,-0.007870183269205286,0.007839294463498292,0.02292236562377437,0.43793118033927136,0.11924339481224697,2.2781418591293945,0.11123968360575678,2.125231171232612,0.08162310559406234,1.5594072427974353,0.21408,0.21810420752779178,0.25741,0.24487178865212889,0.295185,0.26399028088476817,0.23919,0.24886271642609148,0.206615,0.22956272161219612,-0.11803135888501737,-11.803135888501735,-0.4809023327351961,-48.09023327351961,-0.2877242349630671,-28.772423496306715,3.0075187969924713,38.15726000964786,45.08599508599509,0.2519953962053481,0.2638668588199322,-0.011871462614584105,0.007869735966504499,-0.019741198581088602,-9.748740040043753,0.295185,0.07036692760096895,0.43591885520193785,0.15445114479806207,0.9535298555274685,0.1707082319779879,0.022499999999999992,11.111111111111107,0.05394999999999999,26.641975308641968,0.045380952380952376,22.410346854791296,541611.649,0.5190870442300993,30025110.339999996,0.21860444534937343,32.167461962622546,-114.8490442338311,35.81144430530463,1.7988252569750427,1.7614980886776415,-98.20117474302495,False,True,False
1787875200000,0.2025,0.2053,0.1835,0.1872,329014.17,2026-08-28,-0.0755555555555556,-0.0785623225031022,0.0755555555555556,0.02419070695307786,0.46216280741177845,0.09449788035767867,1.805379469284606,0.11090625606995208,2.118861047105409,0.08240566895248383,1.574358094767458,0.20528,0.20780280501852785,0.23124000000000003,0.23438600889719616,0.28950000000000004,0.2566769197040185,0.23954599999999998,0.24644003583231275,0.206482,0.228685908902616,-0.19031141868512103,-19.031141868512105,-0.5829806192916017,-58.29806192916017,-0.37786640079760714,-37.786640079760716,3.5087719298245474,28.575184016824394,44.00479616306955,0.24202687371217707,0.25818780012280723,-0.01616092641063016,0.003063603491077565,-0.019224529901707726,-10.269513836382332,0.28950000000000004,0.07436053707232229,0.4382210741446446,0.14077892585535545,1.0274340182704287,0.15606757284275627,0.020528571428571424,10.966117216117214,0.050878571428571426,27.17872405372405,0.04514285714285714,24.11477411477411,540578.1989999999,0.608633812108283,29696096.169999994,0.2185494258592616,29.95441343462174,-111.02627939142457,32.41155801012232,1.2914485165794098,1.645324431224198,-98.70855148342058,False,True,False
1787961600000,0.1872,0.1885,0.1782,0.1821,326496.5,2026-08-29,-0.027243589743589758,-0.027621577309929417,0.027243589743589758,0.024664543370197346,0.47121543944996774,0.05706588242493383,1.0902421529099742,0.10977994271597781,2.0973428606916014,0.0824825298028479,1.5758265192518361,0.19760000000000003,0.19923520334568523,0.21779,0.22487946182497848,0.28484499999999996,0.24957435495921923,0.23971399999999998,0.24391235131606753,0.20632899999999998,0.22772254869126435,-0.17414965986394548,-17.414965986394552,-0.42482627921667715,-42.482627921667714,-0.33829941860465107,-33.82994186046511,0.0,27.33000787608296,42.180424939045636,0.2328073546795027,0.2525516372662348,-0.01974428258673211,-0.001497973724484371,-0.018246308862247738,-10.01993896883456,0.28484499999999996,0.07812176376455039,0.44108852752910077,0.12860147247089918,1.0970424443406122,0.17120237994862406,0.015442857142857138,8.480426767082449,0.04568571428571428,25.088256060249464,0.04457619047619047,24.4789623702309,541182.8545,0.6033016332375326,29369599.669999994,0.2184764830994203,28.70005051051942,-106.11299233648192,24.832525944040228,1.3365318711446248,1.4756018815663638,-98.66346812885538,False,True,False
1788048000000,0.1821,0.1853,0.1723,0.174,354214.92,2026-08-30,-0.04448105436573324,-0.04550068751903338,0.04448105436573324,0.024881024348549063,0.4753513027341761,0.02965719594377299,0.5665999329379425,0.10605487800192259,2.0261755992561405,0.08265933862053007,1.5792044469706765,0.18997999999999998,0.19082346889712345,0.20958000000000002,0.21562865058407316,0.278295,0.2423767964606911,0.23981200000000003,0.24116594496329155,0.20619099999999999,0.2266125820487568,-0.17963224893917973,-17.963224893917975,-0.3205778992581023,-32.05778992581023,-0.42950819672131146,-42.95081967213115,0.0,17.4920359108022,40.83159359777314,0.2237600693441682,0.24673296925591862,-0.022972899911750416,-0.005792958961937582,-0.017179940949812834,-9.873529281501629,0.278295,0.08175043199628342,0.4417958639925669,0.11479413600743318,1.1750183366037252,0.1810567312820391,0.014842857142857133,8.530377668308697,0.041371428571428566,23.776683087027912,0.043438095238095234,24.964422550629447,544892.5804999999,0.6500637605947363,29015384.749999993,0.2183849742616798,28.294718027323253,-99.1246882396861,17.718705157968472,0.5710446758481624,1.0663416878574037,-99.42895532415183,False,True,False
1788134400000,0.174,0.178,0.155,0.1588,494788.05,2026-08-31,-0.08735632183908038,-0.09140975040149359,0.08735632183908038,0.033026870091013114,0.6309774671279155,0.03217111210835314,0.6146282338252957,0.10402802530856682,1.9874526329208284,0.08366069907742114,1.5983354116376285,0.18092000000000003,0.18014897926474896,0.20021,0.2052961686596961,0.26972500000000005,0.23441710067580884,0.23957799999999999,0.2379305366762433,0.20585600000000004,0.22521270255505577,-0.22195002449779522,-22.195002449779523,-0.3710891089108911,-37.10891089108911,-0.5190793458509995,-51.90793458509994,0.0,17.154217551831863,39.27533754913691,0.21376621252196384,0.2402193867348965,-0.026453174212932667,-0.0099250020121366,-0.016528172200796068,-10.408168892188959,0.26972500000000005,0.08494442687954726,0.43961385375909456,0.09983614624090553,1.2597190009016181,0.17353655773882107,0.015428571428571418,9.71572508096437,0.03922142857142857,24.69863260165527,0.042938095238095234,27.039102794770297,553069.7855,0.8946213714290853,28520596.69999999,0.21821686918355337,28.0448040469214,-99.88624214823521,19.769730585783677,1.2063492063492058,1.0379752511140026,-98.7936507936508,False,True,False
1788220800000,0.1588,0.1621,0.1466,0.1489,402186.59,2026-09-01,-0.06234256926952131,-0.06437060912307194,0.06234256926952131,0.024019919816490213,0.4588999237487145,0.028747333980695025,0.5492170445408011,0.104227448144267,1.9912626008472718,0.08403484967044618,1.605483548680611,0.1702,0.16973265284316597,0.19214,0.19504231981247855,0.26097000000000004,0.22627261407890847,0.23924999999999996,0.23443356528528106,0.20553999999999997,0.2236386763726505,-0.26469135802469135,-26.46913580246914,-0.3514808362369338,-35.148083623693374,-0.5404320987654321,-54.04320987654321,0.0,0.5277044854881154,36.860304287690184,0.20378679521087167,0.23345495959807472,-0.029668164387203044,-0.013873634487149891,-0.01579452990005315,-10.60747474818882,0.26097000000000004,0.08802375935238356,0.4370175187047671,0.08492248129523292,1.349178209792444,0.18170525542043517,0.01559999999999999,10.476830087306912,0.03495714285714285,23.47692602897438,0.042214285714285704,28.350762736256346,560458.5065,0.7176027936690796,28118410.109999992,0.218052452344776,29.74647147447417,-100.07079603899138,0.0,0.7111935683364244,0.8295291501779357,-99.28880643166357,False,True,False
1788307200000,0.1489,0.1515,0.1355,0.1368,454112.99,2026-09-02,-0.08126259234385491,-0.08475493450151318,0.08126259234385491,0.025091486797103123,0.47937218216805,0.025394293843296445,0.48515730266263596,0.10443384175995976,1.9952057453384788,0.08442226055794197,1.612885023293744,0.16011999999999998,0.15875510189544398,0.1827,0.18445280711930054,0.25277499999999997,0.21775141196349398,0.238486,0.2305989214823171,0.205181,0.22184901612631944,-0.2692307692307693,-26.923076923076923,-0.4083044982698961,-40.830449826989614,-0.5450615231127369,-54.506152311273695,0.0,0.8743169398907042,37.74787535410765,0.19348113440918094,0.22629530540343654,-0.0328141709942556,-0.017661741788571033,-0.015152429205684565,-11.076337138658307,0.25277499999999997,0.0916836717081878,0.4361423434163756,0.06940765658362438,1.4508344845524725,0.18376321039713867,0.015657142857142845,11.44527986633249,0.023942857142857137,17.50208855472013,0.04208095238095238,30.76093010303536,567936.208,0.7995845019270192,27664297.119999994,0.2178360404115753,34.831691249172394,-100.65071368597816,0.0,0.6582278481012636,0.8585902075956361,-99.34177215189874,False,True,False
1788393600000,0.1368,0.1392,0.1263,0.1288,542329.78,2026-09-03,-0.05847953216374269,-0.06025919151819684,0.05847953216374269,0.017456817709676036,0.33351203405624436,0.0254450839950994,0.48612764715036233,0.09355661560512811,1.7873966314369847,0.0847097506877377,1.6183775145114372,0.14945999999999998,0.14877006793029598,0.17353000000000002,0.1743341149157913,0.24170499999999998,0.20927984822263618,0.23767,0.22660092030445697,0.204866,0.21993291322382091,-0.2926963207029105,-29.269632070291056,-0.41587301587301584,-41.58730158730159,-0.6322101656196459,-63.221016561964596,0.0,1.2260536398467394,33.77532228360957,0.18353019065390747,0.2190734051908387,-0.03554321453693124,-0.021238036338243078,-0.014305178198688161,-11.106504812646088,0.24170499999999998,0.0926621734837731,0.4270293469675462,0.056380653032453765,1.5334754925843175,0.19538540983022654,0.01607142857142856,12.47781721384205,0.019285714285714288,14.973380656610471,0.04132380952380952,32.083703046435964,578365.23,0.937694300883198,27121967.339999992,0.21754619400762842,41.13394144600294,-101.44015057625906,0.0,1.6891891891891906,1.0195368685422974,-98.3108108108108,False,True,False
1788480000000,0.1288,0.1288,0.1207,0.1238,502037.82,2026-09-04,-0.03881987577639756,-0.03959345341975756,0.03881987577639756,0.01934636720830512,0.3696118265395238,0.025401962483052622,0.4853038118194629,0.09259677012942104,1.7690588093718949,0.0848705031340338,1.6214486856856662,0.13942000000000002,0.14044671195353065,0.1647,0.16514609402201103,0.23015500000000003,0.20113890969091067,0.236754,0.22256380056361008,0.20456300000000002,0.21795486896001282,-0.28850574712643673,-28.850574712643677,-0.4163130598774164,-41.631305987741634,-0.6510710259301015,-65.10710259301014,0.0,1.2130401819560177,30.260137719969393,0.1743409305532947,0.21201609262883944,-0.03767516207554475,-0.024525461485703417,-0.013149700589841332,-10.621729070954226,0.23015500000000003,0.09221894699144288,0.4145928939828858,0.04571710601711426,1.602727674679114,0.21167801338625983,0.014114285714285699,11.400876990537721,0.017321428571428567,13.991460881606274,0.03862380952380952,31.198553734902685,567680.3145,0.8843671467491058,26619929.519999992,0.2172579391312755,47.93922122150072,-103.2434243696821,0.0,2.2962962962962905,1.5479044445289194,-97.70370370370371,False,True,False
1788566400000,0.1238,0.1342,0.122,0.1263,698397.88,2026-09-05,0.020193861066235774,0.019992669105949608,0.020193861066235774,0.03899420454222899,0.7449832317419198,0.034144562823907584,0.6523309568072457,0.08521656257458025,1.6280601420141037,0.0849268646858536,1.6225254716212592,0.13291999999999998,0.13573114130235375,0.15692,0.1580831678361908,0.216545,0.19401139400241,0.235874,0.2187836116373737,0.20404000000000003,0.21607042442196892,-0.20465994962216627,-20.465994962216627,-0.3811856932876041,-38.118569328760415,-0.6830614805520703,-68.30614805520702,4.74383301707779,3.6771300448430537,30.957426314775574,0.1669500181604722,0.20566673303372918,-0.03871671487325698,-0.027363712163214135,-0.011353002710042845,-8.988917426795602,0.216545,0.08593863462408895,0.3884222692481779,0.04466773075182209,1.587450823137712,0.23747255703227113,0.01438571428571427,11.390114240470524,0.014914285714285713,11.80861893450967,0.03525238095238095,27.911623873619124,576023.672,1.2124464912615605,27318327.39999999,0.2168730461150601,53.56547337679361,-97.90853639397781,8.778824742843327,4.903677758318733,2.9630544146014093,-95.09632224168126,True,False,False
1788652800000,0.1263,0.1297,0.1242,0.1275,517987.46,2026-09-06,0.009501187648456089,0.009456335242035444,0.009501187648456089,0.04357820008162027,0.832560343554214,0.03666331023931953,0.7004515586121399,0.08606990615840514,1.6443632482917463,0.08489861862539948,1.6219858313939968,0.12864,0.1329874275349025,0.14942,0.1525225918659743,0.20341499999999998,0.187676975140155,0.23495999999999997,0.21519918136027247,0.20349499999999998,0.2142507764860435,-0.14372061786433854,-14.372061786433848,-0.37037037037037035,-37.03703703703704,-0.6731607280184568,-67.31607280184568,9.560723514211901,3.330333033303347,32.57545271629779,0.16088078459731714,0.19987658827964913,-0.03899580368233199,-0.029690130467037713,-0.00930567321529428,-7.2985672276817875,0.20341499999999998,0.0776914496074394,0.3587978992148788,0.048032100785121185,1.527742784110108,0.2557163613770096,0.013314285714285704,10.442577030812316,0.014078571428571426,11.042016806722687,0.032019047619047614,25.112978524743223,559265.1585,0.9261929732745903,27836314.859999992,0.21658854162593758,59.35778025807047,-95.10640384426794,9.162280642955864,5.954465849387041,4.3848133013340265,-94.04553415061297,False,False,True
1788739200000,0.1275,0.1433,0.1266,0.1325,1099648.48,2026-09-07,0.03921568627450989,0.03846628082779614,0.03921568627450989,0.04123587554689655,0.787810296152244,0.04326126048380952,0.8265052210400894,0.07528928658688167,1.4383998005728391,0.08510194507049977,1.625870377673313,0.12778,0.132824951689935,0.14395,0.14888212061761533,0.187595,0.18242202483720743,0.23416,0.21195200210386397,0.20279,0.21257248220690764,-0.0314327485380117,-3.143274853801168,-0.29220085470085466,-29.220085470085465,-0.7048340387614168,-70.48340387614168,25.73964497041422,8.25426944971538,25.944751381215468,0.1565145100438804,0.19488571681454178,-0.03837120677066139,-0.03142634572776245,-0.006944861042898938,-5.241404560678443,0.187595,0.053530055256738804,0.2946551105134776,0.0805348894865224,1.1413962047333628,0.24269127999328852,0.012414285714285708,9.36927223719676,0.01392142857142857,10.506738544474391,0.03028571428571428,22.85714285714285,564870.3805,1.9467271040599377,28935963.339999992,0.21603729746470562,63.7130850136221,-83.81065080321214,22.846061431638745,11.637080867850104,7.49840815851863,-88.3629191321499,True,False,False
1788825600000,0.1325,0.1325,0.124,0.1256,627511.46,2026-09-08,-0.05207547169811333,-0.05348039139217873,0.05207547169811333,0.03923680514556638,0.7496181097608086,0.043598632992415357,0.832950713766832,0.05015188508125208,0.9581504191300743,0.08538266918111545,1.631233604276073,0.12713999999999998,0.13041663445995666,0.1383,0.1446490077780489,0.178045,0.17701040315430966,0.233188,0.20856156204919568,0.202012,0.2107882873057426,-0.024844720496894457,-2.4844720496894475,-0.3102690829214718,-31.026908292147183,-0.6032849020846494,-60.32849020846495,30.419580419580413,8.37343599615015,24.802110817941966,0.15175843157558802,0.18975342904635856,-0.037994997470770536,-0.03274007607636407,-0.0052549213944064685,-4.183854613380947,0.178045,0.04578031609879186,0.2696056321975837,0.08648436780241629,1.0285111314283883,0.21360507927235545,0.01141428571428571,9.087807097361235,0.013507142857142858,10.754094631483168,0.027109523809523813,21.584015771913865,541855.2085,1.1580795942464397,28308451.87999999,0.2157003052926083,67.28786437242412,-88.61079093254295,22.911809851758193,5.212765957446795,7.6014375582279845,-94.78723404255321,False,True,False
1788912000000,0.1256,0.1279,0.112,0.1178,657752.29,2026-09-09,-0.06210191082802541,-0.0641139828166119,0.06210191082802541,0.04526207807508632,0.864730787448586,0.04434752247730922,0.8472582272864265,0.036718255741590045,0.7015012909590799,0.08574224382742025,1.638103268247972,0.12594,0.1262110896399711,0.13268,0.13976737000022182,0.17113,0.1713713168852197,0.23200199999999999,0.20499815802663365,0.20121100000000003,0.20888203950870246,-0.04846526655896599,-4.846526655896601,-0.32298850574712634,-32.29885057471264,-0.5400234283483014,-54.002342834830145,30.633802816901436,8.389585342333675,16.49558367152065,0.14653405748703316,0.18442353344302279,-0.03788947595598963,-0.033769956052289184,-0.004119519903700443,-3.4970457586591195,0.17113,0.04377059936099907,0.2586711987219982,0.08358880127800186,1.0230958770758856,0.19540056122969923,0.011399999999999999,9.677419354838708,0.01352857142857143,11.484356051418871,0.019761904761904762,16.775810493976877,525425.3389999999,1.2518472962340328,27650699.589999992,0.21531753984228363,70.71455026417212,-94.01784025261561,22.663574067617503,6.06694560669456,7.638930810663823,-93.93305439330544,False,True,False
1788998400000,0.1178,0.1184,0.109,0.1098,504009.91,2026-09-10,-0.06791171477079805,-0.07032774214205617,0.06791171477079805,0.04809110028724651,0.9187791809220921,0.04229001557639519,0.8079496131380272,0.03688860713135677,0.7047558496908193,0.08609528354055342,1.6448480824969292,0.12264,0.1207407264266474,0.12778,0.13431875727290876,0.163995,0.16550738170442691,0.23078600000000002,0.20126073805539565,0.200351,0.20685228712736264,-0.13064133016627077,-13.06413301662708,-0.30856423173803527,-30.856423173803528,-0.5651485148514852,-56.51485148514851,27.70700636942678,7.901907356948243,16.51135005973717,0.14088266402748698,0.17889585280421333,-0.03801318877672635,-0.03461860259717662,-0.0033945861795497342,-3.091608542395022,0.163995,0.04137350378913436,0.24674200757826872,0.08124799242173128,1.0091406149976367,0.1725259221686171,0.010900000000000002,9.927140255009109,0.013485714285714287,12.282071298464743,0.01649047619047619,15.018648625206001,505183.1865,0.9976775226663248,27146689.679999992,0.2150055777956799,74.48469222829797,-98.06956643860501,22.670081621332685,0.8307372793354051,4.0368162811589245,-99.16926272066459,False,True,False
1789084800000,0.1098,0.1148,0.1089,0.1145,478529.94,2026-09-11,0.04280510018214945,0.041914293918864164,0.04280510018214945,0.056008741212606,1.0700454984067473,0.04758884695668117,0.9091836445148165,0.039257688365389634,0.7500170831153299,0.08633666938170356,1.649459752516817,0.12004,0.1186604842844316,0.12434,0.1307153468596526,0.15824,0.16064953564841994,0.22963,0.19785471469703228,0.199426,0.20496168998073921,-0.10196078431372546,-10.196078431372548,-0.2310275352585628,-23.10275352585628,-0.5013066202090593,-50.13066202090592,32.44047619047622,13.467336683417102,4.116355653128437,0.13682379263864122,0.17412578044887733,-0.03730198781023611,-0.03515527963978852,-0.0021467081704475907,-1.8748542973341404,0.15824,0.039740545383379726,0.23772109076675946,0.07875890923324054,1.0045638367891743,0.22484021307434726,0.010585714285714287,9.245165315034312,0.01235,10.786026200873362,0.01507619047619048,13.166978581825745,491767.56100000005,0.9730815489881407,27625219.619999994,0.21471208860481109,76.86373721166892,-90.08545297703303,28.0885158929171,7.035175879396995,4.644286255142325,-92.96482412060301,False,True,False
1789171200000,0.1145,0.1188,0.1134,0.1173,492788.33,2026-09-12,0.024454148471615644,0.024159932665135365,0.024454148471615644,0.052377490955982826,1.00067055966391,0.04536567920717955,0.8667100842980794,0.040383608074713584,0.771527748958653,0.08612862368798321,1.6454850451192107,0.11699999999999999,0.1182069895229544,0.12239,0.1282761928851703,0.15254500000000001,0.15652100830586674,0.22837,0.1946924580039853,0.198703,0.2031683176044963,-0.11471698113207551,-11.47169811320755,-0.14254385964912286,-14.254385964912283,-0.4926470588235293,-49.264705882352935,35.51136363636364,16.666666666666686,7.577692635163899,0.13382013223269543,0.16991645587400875,-0.03609632364131332,-0.03534348844009348,-0.0007528352012198397,-0.6418032405966237,0.15254500000000001,0.036786131182396244,0.22611726236479252,0.07897273763520753,0.9645974940482152,0.26047358836646106,0.009614285714285714,8.196322007063694,0.012,10.230179028132993,0.013147619047619049,11.208541387569522,492572.353,1.0004384675645814,28118007.94999999,0.21442270825363566,76.93600316906499,-77.43049888471795,33.71519242152648,10.994764397905767,6.286892518879394,-89.00523560209423,True,False,False
1789257600000,0.1173,0.1191,0.1095,0.1106,511906.45,2026-09-13,-0.05711849957374249,-0.058814666571195294,0.05711849957374249,0.0531214457617055,1.0148837962703139,0.04522028887682197,0.8639324059367598,0.04064912216179333,0.7766003884697747,0.08643220354919412,1.6512849302239765,0.11400000000000002,0.11567132634863626,0.12057,0.12506233963332117,0.14705,0.15214757881119542,0.22695800000000002,0.1913914567329506,0.19805799999999998,0.20127580732479478,-0.1194267515923566,-11.942675159235657,-0.14130434782608692,-14.130434782608692,-0.4984126984126984,-49.84126984126984,20.325203252032537,16.910229645093963,9.828823854224183,0.13024780419689513,0.16552263707453924,-0.0352748328776441,-0.03532975732760361,5.492444995950502e-05,0.04966044300136077,0.14705,0.034219700389350106,0.2154894007787002,0.07861059922129977,0.9308317004923528,0.23370602616859848,0.010199999999999999,9.222423146473778,0.011757142857142858,10.630328080599329,0.01278571428571429,11.560320330663913,499404.254,1.0250342200729432,27606101.499999993,0.21411342481566698,76.14015497985187,-79.71981320880587,33.87563826719526,2.4602026049204158,6.830047627407731,-97.53979739507959,True,True,False
1789344000000,0.1106,0.1144,0.1096,0.1134,506792.87,2026-09-14,0.025316455696202445,0.025001302205417186,0.025316455696202445,0.05180509111313728,0.9897348760212333,0.04588162037546339,0.8765671264777843,0.042663071632764296,0.8150768390875597,0.08600072962794089,1.643041632532919,0.11312,0.11491421756575752,0.11953,0.12294191424544461,0.142115,0.1484573331091982,0.225378,0.18833006537331848,0.197441,0.19948038647644833,-0.0373514431239389,-3.7351443123938886,-0.08400646203554119,-8.400646203554114,-0.4653465346534653,-46.53465346534654,31.40243902439026,22.781774580335735,11.425402107598458,0.12765583432044914,0.16166169509347894,-0.034005860773029806,-0.03506497801668885,0.0010591172436590426,0.9339658233324891,0.142115,0.031340662589980355,0.20479632517996071,0.07943367482003928,0.8821211720080319,0.27094453637061733,0.008499999999999995,7.495590828924158,0.01045714285714286,9.22146636432351,0.012114285714285715,10.682791635172588,505375.855,1.0028038834581838,28112894.369999994,0.21380727751430975,74.43998829940072,-77.39240547963232,34.69020099145928,8.458646616541362,7.30453787312252,-91.54135338345864,False,False,True
1789430400000,0.1134,0.1146,0.104,0.1076,503849.11,2026-09-15,-0.051146384479717755,-0.052500743565967595,0.051146384479717755,0.04717109940165318,0.9012025886822759,0.04659088616069491,0.8901176302782535,0.04289693044292964,0.8195447053823991,0.0859008023661895,1.6411325248777529,0.11268,0.11247614504383835,0.11766000000000001,0.1201524752917274,0.13729,0.1445661584310791,0.223912,0.18516129360718936,0.19673499999999997,0.1976043274175506,-0.02003642987249543,-2.003642987249539,-0.1480601741884402,-14.806017418844016,-0.47280744732974034,-47.280744732974036,33.44155844155844,23.95964691046659,12.622549019607845,0.12457032134807172,0.15765711941895322,-0.033086798070881496,-0.03466934202752738,0.0015825439566458863,1.4707657589645782,0.13729,0.028604414455042384,0.19449882891008477,0.08008117108991522,0.8334012515126342,0.24051208034109714,0.008799999999999994,8.178438661710032,0.01010714285714286,9.39325544344132,0.011938095238095239,11.094884050274386,514274.92949999997,0.9797271480642924,27609045.259999994,0.21349358551789366,70.18501775872576,-84.15941454320327,34.91866752970171,7.5789473684210655,6.16593219662762,-92.42105263157893,True,True,False
1789516800000,0.1076,0.1107,0.1055,0.1093,498764.15,2026-09-16,0.01579925650557623,0.015675747454808858,0.01579925650557623,0.04184031383497421,0.7993580734316342,0.04699826619440169,0.897900614894066,0.043871987516914075,0.83817314462452,0.08594559065784446,1.6419882039883547,0.11164,0.11141743002922556,0.11584000000000001,0.11817929796595876,0.13262999999999997,0.14120747660054014,0.22246400000000002,0.1821837346463706,0.19593,0.19580239701048102,-0.04541484716157218,-4.541484716157214,-0.14274509803921576,-14.274509803921575,-0.46024691358024694,-46.0246913580247,48.97959183673469,30.04354136429609,12.676056338028175,0.12222104114067567,0.15407510587907053,-0.03185406473839486,-0.034106286569700876,0.0022522218313060158,2.060587219859118,0.13262999999999997,0.02475439567558068,0.18213879135116134,0.08312120864883861,0.7465700271606933,0.2643852802371764,0.007271428571428566,6.652725133969412,0.009335714285714291,8.541367141550129,0.011442857142857145,10.469219709841854,525155.9575,0.9497448193758709,28107809.409999993,0.2131842111547272,65.22164779535579,-84.1426589406676,35.273953585094105,13.486005089058517,9.84119969134032,-86.51399491094148,False,False,True
1789603200000,0.1093,0.1104,0.1075,0.109,480225.97,2026-09-17,-0.0027447392497712553,-0.00274851295334916,0.0027447392497712553,0.03807727966185105,0.7274654064992284,0.043429440845581785,0.8297183023402334,0.04285213762030761,0.8186889397077932,0.08226529415798585,1.571676238084192,0.10998000000000001,0.11061162001948371,0.11349000000000001,0.11651033469942079,0.12872,0.1381400978145437,0.22040600000000002,0.17931136866947958,0.195222,0.1940321839537785,-0.0707587382779199,-7.075873827791988,-0.1773584905660378,-17.73584905660378,-0.4177350427350428,-41.77350427350427,36.318407960198975,33.82352941176471,13.538260300850226,0.12018703481134065,0.1507362050959466,-0.03054917028460595,-0.03339486331268189,0.0028456930280759407,2.6107275486935233,0.12872,0.021664368029215942,0.17204873605843188,0.08539126394156812,0.6732246124678664,0.27243739612660084,0.006342857142857136,5.819134993446914,0.008621428571428577,7.909567496723464,0.011104761904761905,10.18785495849716,532716.5475000001,0.9014662154830095,27627583.439999994,0.21288937385882611,59.44890218069606,-81.73172883145644,41.37460693256585,12.722646310432575,11.26253292263739,-87.27735368956743,False,False,True
1789689600000,0.109,0.1115,0.1079,0.1104,304349.1,2026-09-18,0.012844036697247763,0.012762251613851291,0.012844036697247763,0.030327355682785315,0.5794033167744316,0.04269418694860443,0.815671296362003,0.043709524122370634,0.8350692858299223,0.0782080074480985,1.4941618843303652,0.10994,0.11054108001298914,0.11197000000000001,0.11539936475407157,0.125135,0.13549818368854807,0.21766000000000002,0.17660677674703723,0.19456800000000002,0.19232763138388376,-0.001808318264014508,-0.18083182640145185,-0.12101910828025475,-12.101910828025472,-0.3937397034596376,-39.37397034596376,31.5508021390374,38.36805555555556,15.147361206305689,0.11868133714805729,0.147748334694942,-0.029066997546884715,-0.03252929015952245,0.003462292612637738,3.1361346128965017,0.125135,0.017986406416778348,0.16110781283355669,0.08916218716644331,0.5749440657459015,0.2951925518282702,0.006014285714285708,5.447722567287779,0.008300000000000005,7.51811594202899,0.010238095238095239,9.273636991028296,531609.1775,0.5725053533335587,27931932.539999995,0.21270510929481307,52.863092973809024,-76.44666296912567,46.219622620751515,16.28498727735369,14.164546225614933,-83.7150127226463,True,False,False
