timestamp,open,high,low,close,volume,date,return,log_return,abs_return,volatility_5,volatility_5_annualized,volatility_10,volatility_10_annualized,volatility_20,volatility_20_annualized,volatility_50,volatility_50_annualized,sma_5,ema_5,sma_10,ema_10,sma_20,ema_20,sma_50,ema_50,sma_100,ema_100,momentum_5,roc_5,momentum_10,roc_10,momentum_20,roc_20,rsi_6,rsi_14,rsi_24,ema_12,ema_26,macd,macd_signal,macd_hist,macd_hist_pct,bb_mid,bb_std,bb_upper,bb_lower,bb_width,bb_pct,atr_7,atr_7_pct,atr_14,atr_14_pct,atr_21,atr_21_pct,volume_sma,volume_ratio,obv,vwap,adx,cci,mfi,stoch_k,stoch_d,williams_r,higher_high,lower_low,inside_bar,github_stars,github_forks,github_commits_7d,github_devs,l2_bid_volume,l2_ask_volume,l2_imbalance,l2_num_bids,l2_num_asks,target_return,target_direction
1753833600000,0.0045,0.0149,0.0045,0.006541,32644699.06,2025-07-30,,,,,,,,,,,,,0.006541,,0.006541,,0.006541,,0.006541,,0.006541,,,,,,,,,,0.006541,0.006541,0.0,0.0,0.0,0.0,,,,,,,,,,,,,,,,0.0086469999999999,,,,,,,False,False,False,567,421,13,2,108334.14558,192924.96493000002,-0.2807909085530945,3,2,0.32594404525301934,1
1753920000000,0.006541,0.00911,0.006491,0.008673,16546809.46,2025-07-31,0.3259440452530193,0.282124692723243,0.3259440452530193,,,,,,,,,,0.0078202,,0.0077136,,0.0076603,,0.0076283199999999,,0.00761766,,,,,,,,,,0.0076958333333333,0.007648,4.783333333333202e-05,2.6574074074073345e-05,2.1259259259258675e-05,0.2451200191313118,,,,,,,,,,,,,,,16546809.46,0.0084600874467314,,,,,,,False,False,True,567,421,13,2,108334.14558,192924.96493000002,-0.2807909085530945,3,2,-0.061685691225642936,0
1754006400000,0.008673,0.009004,0.00792,0.008138,6358322.24,2025-08-01,-0.0616856912256429,-0.0636703021228206,0.0616856912256429,,,,,,,,,,0.0079707368421052,,0.0078842059800664,,0.0078357085761865,,0.0078050534595387,,0.0077945870470984,,,,,,,,,,0.0078684110854503,0.0078240522424839,4.435884296636293e-05,3.386291378402809e-05,1.049592918233484e-05,0.1289743079667589,,,,,,,,,,,,,,,10188487.22,0.0084479445083514,,,,,,,False,False,True,567,421,13,2,108334.14558,192924.96493000002,-0.2807909085530945,3,2,-0.1785450970754484,0
1754092800000,0.008138,0.00821,0.006445,0.006685,12856977.3,2025-08-02,-0.1785450970754484,-0.1966782390255916,0.1785450970754484,,,,,,,,,,0.0074366615384615,,0.0074891210396039,,0.0075035168017456,,0.0075080198500599,,0.0075088134634036,,,,,,,,,,0.0074948544540229,0.0075056230115895,-1.0768557566604407e-05,1.8743851673380227e-05,-2.9512409239984638e-05,-0.4414720903513034,,,,,,,,,,,,,,,-2668490.08,0.0081971059431828,,,,,,,False,True,False,567,421,13,2,108334.14558,192924.96493000002,-0.2807909085530945,3,2,0.11578160059835452,1
1754179200000,0.006685,0.007477,0.006661,0.007459,5791127.43,2025-08-03,0.1157816005983545,0.1095551464191196,0.1157816005983545,,,,,,,,,0.0074992,0.0074452369668246,,0.0074804741083508,,0.0074927485662331,,0.0074974162008819,,0.0074984483184994,,,,,,,,,,0.0074851129270079,0.0074948109429007,-9.698015892819004e-06,1.0283039094191976e-05,-1.998105498701098e-05,-0.2678784687895291,,,,,,,,,,,,,,,3122637.35,0.0081192040626596,,,,,,,False,False,True,567,421,13,2,108334.14558,192924.96493000002,-0.2807909085530945,3,2,-0.1008178039951736,0
1754265600000,0.007459,0.007467,0.006642,0.006707,6864991.77,2025-08-04,-0.1008178039951736,-0.106269599855426,0.1008178039951736,0.2021542923391607,3.862152332258349,,,,,,,0.0075324,0.0071754751879699,,0.0072795761652098,,0.0073269915097117,,0.0073521626698419,,0.0073598578272361,0.0253783825103195,2.5378382510319577,,,,,51.47006730428623,,,0.007295990549376,0.0073370186943923,-4.102814501637242e-05,-3.6251446464198473e-06,-3.740300036995257e-05,-0.5576710954219856,,,,,,,,,,,,,,,-3742354.42,0.0080192276643033,,,,,,,False,True,False,567,421,13,2,108334.14558,192924.96493000002,-0.2807909085530945,3,2,0.014164305949008416,1
1754352000000,0.006707,0.00705,0.006305,0.006802,10855235.44,2025-08-05,0.0141643059490084,0.0140649294674034,0.0141643059490084,0.1124064540052415,2.1475222884156198,,,,,,,0.0071582,0.0070432442933462,,0.0071644994940901,,0.0072277286097154,,0.0072638290190789,,0.0072753033463301,-0.2157269687536032,-21.57269687536032,,,,,52.273123149277126,,,0.0071857582866238,0.0072418683930581,-5.611010643428744e-05,-1.6907688303559042e-05,-3.92024181307284e-05,-0.5763366382053573,,,,,,,0.0026077142857142,38.33746377115974,,,,,,,7112881.02,0.0078656750147831,,,,,,,False,True,False,567,421,13,2,108334.14558,192924.96493000002,-0.2807909085530945,3,2,-0.09526609820640985,0
1754438400000,0.006802,0.00681,0.006154,0.006154,6177103.56,2025-08-06,-0.0952660982064098,-0.1001144096851536,0.0952660982064098,0.1148371174600646,2.193960048516355,,,,,,,0.0067614,0.0067347942902458,,0.0069346059893121,,0.0070421292242653,,0.0071049185603835,,0.0071251348550314,-0.2437945441140329,-24.37945441140329,,,,,20.413436692506465,,,0.0069704462348054,0.007066585839379,-9.6139604573605e-05,-3.594860773976679e-05,-6.019099683383822e-05,-0.9780792465687068,,,,,,,0.0012157142857142,19.75486327127536,,,,,,,935777.46,0.0077716595996272,,,,,,,False,True,False,567,421,13,2,108334.14558,192924.96493000002,-0.2807909085530945,3,2,-0.07913552161195969,0
1754524800000,0.006154,0.006241,0.0048,0.005667,8742975.34,2025-08-07,-0.0791355216119596,-0.0824423997123678,0.0791355216119596,0.0933908687814768,1.7842300428173612,,,,,,,0.0065578,0.0063693569975483,,0.0066588192849803,,0.0068215517726391,,0.0069184207067964,,0.0069498594582209,-0.1522812266267763,-15.228122662677634,,,,,20.646234259919225,,,0.0067125781760328,0.0068591364929632,-0.0001465583169304,-6.149999930040282e-05,-8.505831763000941e-05,-1.500940844009342,,,,,,,0.0010474285714285,18.482946381305297,,,,,,,-7807197.88,0.0075914349539528,,,,,,,False,True,False,567,421,13,2,108334.14558,192924.96493000002,-0.2807909085530945,3,2,-0.04146814893241568,0
1754611200000,0.005667,0.005697,0.005,0.005432,11280896.98,2025-08-08,-0.0414681489324156,-0.0423524869310871,0.0414681489324156,0.0477453123324108,0.9121729113208772,,,,,,,0.0061524,0.0060513906419646,0.0068258,0.0064011183308406,,0.0066122973159153,,0.0067416289859625,,0.0067840524149121,-0.271752245609331,-27.175224560933103,,,,,29.05382815112003,,,0.0064699091093641,0.0066622055468083,-0.0001922964374442,-9.080599416743592e-05,-0.0001014904432768,-1.868380767245968,,,,,,,0.0009921428571428,18.264780138859667,,,,,,,-19088094.86,0.0073798830117117,,,,,,,False,False,True,567,421,13,2,108334.14558,192924.96493000002,-0.2807909085530945,3,2,-0.025220913107511067,0
1754697600000,0.005432,0.005474,0.005153,0.005295,7603763.97,2025-08-09,-0.025220913107511,-0.0255444112030252,0.025220913107511,0.0435754335276206,0.8325074886142647,0.1421240092207236,2.7152753836204,,,,,0.00587,0.0057963114523783,0.0067012,0.0061751521844768,,0.0064243284405579,,0.0065822741261384,,0.0066347455067687,-0.2105263157894736,-21.052631578947366,-0.1904907506497477,-19.04907506497477,,,4.035683942225987,,,0.00625492907141,0.0064848785542559,-0.0002299494828459,-0.0001212497944332,-0.0001086996884126,-2.052874190984765,,,,,,,0.0007858571428571,14.841494671522998,,,,,,,-26691858.83,0.0072545345012108,,,,,,,False,False,True,567,421,13,2,108334.14558,192924.96493000002,-0.2807909085530945,3,2,0.028328611898017053,1
1754784000000,0.005295,0.005446,0.005075,0.005445,7028410.16,2025-08-10,0.028328611898017,0.027934777331554,0.028328611898017,0.0485868620396497,0.92825069590272,0.0816386697692037,1.5597045959459948,,,,,0.0055986,0.0056782980648342,0.0063784,0.0060292691143451,,0.0062909163342343,,0.0064652950890331,,0.0065243345495281,-0.1995001470155836,-19.95001470155836,-0.3721895537876167,-37.21895537876168,,,13.98401826484016,,,0.0061109263413967,0.0063571130891111,-0.0002461867477144,-0.0001480810123445,-9.810573536985778e-05,-1.8017582253417408,,,,,,,0.0007222857142857,13.265118719664176,,,,,,,-19663448.67,0.0071522180355912,,,,,,,False,True,False,567,421,13,2,108334.14558,192924.96493000002,-0.2807909085530945,3,2,-0.0444444444444444,0
1754870400000,0.005445,0.005446,0.005031,0.005203,6938014.42,2025-08-11,-0.0444444444444444,-0.0454623740767572,0.0444444444444444,0.039214193313779,0.7491861113210844,0.0813674116223617,1.5545222163272032,,,,,0.0054084,0.0055190471083409,0.0060849,0.0058670978941292,,0.0061485472180702,,0.0063432254374294,,0.0064100543219823,-0.1545336366590834,-15.453363665908345,-0.3606537232735315,-36.06537232735315,,,7.898894154818322,,,0.0059532758368779,0.0062219089488932,-0.0002686331120153,-0.0001735940249814,-9.503908703393176e-05,-1.826620930884716,,,,,,,0.0006637142857142,12.756376815573436,,,,,,,-26601463.09,0.0070565807851403,,,,,,,False,True,False,567,421,13,2,108334.14558,192924.96493000002,-0.2807909085530945,3,2,0.007303478762252569,1
1754956800000,0.005203,0.005358,0.005129,0.005241,8508988.29,2025-08-12,0.0073034787622525,0.0072769375118627,0.0073034787622525,0.0318071091567723,0.6076739671998893,0.0661824085998048,1.2644131409259023,,,,,0.0053232,0.0054260461653363,0.0059405,0.0057459646344994,,0.0060338675034645,,0.0062424298667126,,0.0063152657030831,-0.0751720487030175,-7.517204870301749,-0.2160059835452505,-21.60059835452505,,,14.584949573312642,41.53425371190415,,0.0058319980035487,0.0061117412003642,-0.0002797431968154,-0.0001958005109286,-8.394268588677066e-05,-1.601653995168301,,,,,,,0.00059,11.257393627170392,0.0015988571428571,30.50671900128111,,,,,-18092474.8,0.0069524326782646,,,23.637504383581017,7.125000000000004,,-92.875,False,False,True,567,421,13,2,108334.14558,192924.96493000002,-0.2807909085530945,3,2,0.24976149589772945,1
1755043200000,0.005241,0.0066,0.004,0.00655,20902081.99,2025-08-13,0.2497614958977294,0.2229527298271313,0.2497614958977294,0.1188910480535706,2.2714102837567465,0.1013888257694591,1.9370307965239109,,,,,0.0055468,0.005801554977358,0.0058496,0.0058997318699176,,0.006097118535193,,0.0062691601660565,,0.0063331993365686,0.2058173784977908,20.58173784977909,-0.1218662019037404,-12.186620190374043,,,70.91425864519185,50.05007232669412,,0.0059522756297195,0.0061591500671472,-0.0002068744374276,-0.0001980960638153,-8.778373612267591e-06,-0.1340209711796578,,,,,,,0.0008677142857142,13.24754634678299,0.0010417142857142,15.90403489640131,,,,,2809607.1900000013,0.0067996826972444,,,34.155133415335,49.90215264187867,,-50.09784735812133,True,True,False,567,421,13,2,108334.14558,192924.96493000002,-0.2807909085530945,3,2,-0.0726717557251908,0
1755129600000,0.00655,0.00659,0.005963,0.006074,10788799.6,2025-08-14,-0.0726717557251908,-0.0754476830236034,0.0726717557251908,0.1273083784118194,2.4322231544523536,0.0989071213351698,1.8896178998796709,,,,,0.0057026,0.0058925084560139,0.0057863,0.0059327484479228,,0.0060943607195769,,0.006252971275373,,0.0063144573358123,0.1471199244570349,14.711992445703498,-0.0943790070076039,-9.437900700760398,,,63.64795918367348,32.273905333515216,,0.0059723915416508,0.0061502426706325,-0.0001778511289816,-0.0001939298071488,1.607867816718535e-05,0.2647131736448032,,,,,,,0.0007514285714285,12.371231008043653,0.0008994285714285,14.807846088715367,,,,,-7979192.409999998,0.0067642566830441,,,45.375584147258046,41.44684252597923,32.82466505595264,-58.55315747402078,False,False,True,567,421,13,2,108334.14558,192924.96493000002,-0.2807909085530945,3,2,-0.032104050049390986,0
1755216000000,0.006074,0.006153,0.005655,0.005879,7183640.47,2025-08-15,-0.0321040500493909,-0.0326306872034392,0.0321040500493909,0.1307623908745209,2.4982119698968024,0.0989482557153245,1.8904037711090769,,,,,0.0057894,0.005888001062522,0.0056939999999999,0.0059226425599315,,0.0060692736846118,,0.0062232495895759,,0.0062845413455987,0.079706152433425,7.970615243342507,-0.1356953837106733,-13.569538371067337,,,62.11618257261409,33.84351308825633,,0.0059571319909259,0.0061227091708365,-0.0001655771799105,-0.0001881286512842,2.2551471373613016e-05,0.3835936617386123,,,,,,,0.000723,12.298009865623406,0.0008575714285714,14.587028892182827,,,,,-15162832.88,0.0067309026243922,,,39.2693058372248,44.63182897862232,45.32694138216007,-55.36817102137769,False,True,False,567,421,13,2,108334.14558,192924.96493000002,-0.2807909085530945,3,2,0.010716108181663575,1
1755302400000,0.005879,0.006111,0.005599,0.005942,10396872.6,2025-08-16,0.0107161081816635,0.010659097620298,0.0107161081816635,0.1260423447190237,2.408035614713425,0.0944320289563111,1.8041213800279727,,,,,0.0059372,0.0059060128958656,0.0056728,0.0059262597433935,,0.0060547562713074,,0.0062017621275576,,0.006262105758564,0.1420334422448588,14.203344224485877,-0.0344491387715306,-3.444913877153064,,,60.69737408523461,43.36725584717015,,0.0059546829069535,0.0061048554233574,-0.0001501725164038,-0.0001803981642337,3.022564782989196e-05,0.5086780180055867,,,,,,,0.0007502857142857,12.626821176131177,0.0007680714285714,12.926143193729867,,,,,-4765960.279999999,0.0066863128050886,,,40.83472800303386,55.85274662064998,47.31047270841717,-44.14725337935001,False,True,False,567,421,13,2,108334.14558,192924.96493000002,-0.2807909085530945,3,2,0.02322450353416361,1
1755388800000,0.005942,0.006163,0.005905,0.00608,10093199.89,2025-08-17,0.0232245035341636,0.0229589189376597,0.0232245035341636,0.1254431616149743,2.396588237583921,0.0903475156806635,1.726086863465662,,,,,0.006105,0.0059640347705046,0.0057141,0.0059548438693476,,0.0060575824780107,,0.0061927930140015,,0.0062506995085171,0.1600839534439992,16.008395344399933,0.0728780659961179,7.28780659961179,,,69.76115367282559,36.11278952668681,,0.0059748042305557,0.0061024590008904,-0.0001276547703346,-0.0001696952400609,4.2040469726219886e-05,0.6914550941812481,,,,,,,0.0007341428571428,12.074718045112782,0.0007282142857142,11.977208646616544,,,,,5327239.610000001,0.0066553382868802,,,42.30569289974729,59.99423132391117,53.49293564106116,-40.00576867608882,True,False,False,567,421,13,2,108334.14558,192924.96493000002,-0.2807909085530945,3,2,-0.05542763157894748,0
1755475200000,0.00608,0.006082,0.0054,0.005743,9380254.75,2025-08-18,-0.0554276315789474,-0.0570229740959162,0.0554276315789474,0.0413818461513418,0.7905990606344423,0.0913393806625191,1.7450364173367816,,,,,0.0059436,0.005890334349841,0.0057452,0.0059156179268463,0.0062854999999999,0.0060229419789401,,0.0061607640798588,,0.006220205743465,-0.123206106870229,-12.320610687022906,0.0572533136966126,5.72533136966126,,,59.96822875297854,39.4065934065934,,0.0059378333210832,0.0060685592849441,-0.0001307259638608,-0.0001618104797233,3.108451586255001e-05,0.5412592001140522,0.0062854999999999,0.0009456662090544,0.0081768324181088,0.0043941675818911,0.6018081037654446,0.3565825883367328,0.0007722857142857,13.447426680928334,0.000718,12.502176562772071,,,10847158.236,0.8647661024127427,-4053015.139999999,0.0066158326745853,,-46.819772089878754,41.97032785880149,57.14754098360655,57.66483964272257,-42.852459016393446,False,True,False,567,421,13,2,108334.14558,192924.96493000002,-0.2807909085530945,3,2,-0.07330663416332917,0
1755561600000,0.005743,0.005895,0.005273,0.005322,8444812.78,2025-08-19,-0.0733066341633291,-0.0761325493266619,0.0733066341633291,0.0415642937610128,0.7940847173229679,0.0945473945359623,1.806325436332474,0.1177979913274547,2.250527464326048,,,0.0057932,0.0057008515779606,0.0057479,0.0058060675999396,0.00622455,0.0059468886947771,,0.0061028888041514,,0.0061683450922161,-0.123806387882779,-12.380638788277906,0.005099150141643,0.5099150141643081,-0.1863629414462619,-18.6362941446262,12.331288343558311,34.823625922887615,,0.0058401642816997,0.0059995493836342,-0.0001593851019344,-0.0001613208884834,1.9357865489577207e-06,0.0363732910364096,0.00622455,0.0009673664996974,0.0081592829993948,0.0042898170006051,0.621645901918964,0.2667507608847567,0.0008284285714285,15.566113705910771,0.0007092142857142,13.326085789445427,0.0013420476190476,25.2169789373848,9637163.922,0.8762757226451169,-12497827.919999998,0.006573899881579,,-62.01619599475007,43.43730997103697,47.04626334519574,54.72934521757116,-52.95373665480426,False,True,False,567,421,13,2,108334.14558,192924.96493000002,-0.2807909085530945,3,2,0.03194287861706124,1
1755648000000,0.005322,0.005701,0.0051,0.005492,10091534.44,2025-08-20,0.0319428786170612,0.0314433153502271,0.0319428786170612,0.048297518037186,0.9227227864974368,0.0946569876683462,1.8084192101867835,0.0893293090629843,1.7066340533487598,,,0.0057158,0.0056312250792254,0.0057526,0.005748265133806,0.0060655,0.0058981786340663,,0.0060619562481665,,0.0061307215332049,-0.0658275216873617,-6.582752168736168,0.0086317722681359,0.8631772268135934,-0.3667704369883546,-36.67704369883546,28.02114803625379,42.47385175079582,,0.0057852076936937,0.0059534789059746,-0.0001682712122808,-0.0001627212863554,-5.549925925497852e-06,-0.1010547328022187,0.0060655,0.0007886011933197,0.0076427023866394,0.0044882976133605,0.5200568416913394,0.3181907392297407,0.0005428571428571,9.884507335344916,0.0007052857142857,12.842055977525757,0.0008754285714285,15.94006867131412,9314400.171,1.08343363552487,-2406293.4799999986,0.0065249206161584,,-64.35395960243662,42.57080490101732,57.3846153846154,53.85947323780589,-42.615384615384606,False,True,False,567,421,13,2,108334.14558,192924.96493000002,-0.2807909085530945,3,2,-0.017844136926438492,0
1755734400000,0.005492,0.005722,0.00515,0.005394,10014506.68,2025-08-21,-0.0178441369264384,-0.0180052631881864,0.0178441369264384,0.0465108275076892,0.8885881118601903,0.0934953856250196,1.7862268343095344,0.088761358599029,1.695783374970424,,,0.0056062,0.0055521430062256,0.0057717,0.0056832093715719,0.0059283,0.0058448224506768,,0.0060184100092598,,0.0060911568053587,-0.0922248401211712,-9.22248401211713,0.0367095906207957,3.670959062079573,-0.3371835831899729,-33.71835831899729,30.236348818255948,46.595160888002,,0.0057237028981903,0.0059035287488374,-0.000179825850647,-0.0001661625126282,-1.3663338018823672e-05,-0.253306229492467,0.0059283,0.0006322526227287,0.0071928052454574,0.0046637947545425,0.4265996138715907,0.288731599999532,0.0005349999999999,9.918427882832772,0.0006432142857142,11.924625244981195,0.0007779523809523,14.422550629447182,9497209.393,1.0544683459734263,-12420800.159999998,0.0064799288646684,,-62.54171097210111,42.26472816499988,53.61538461538464,52.68208778173192,-46.38461538461537,True,False,False,567,421,13,2,108334.14558,192924.96493000002,-0.2807909085530945,3,2,0.005932517612161625,1
1755820800000,0.005394,0.005465,0.005215,0.005426,9047745.18,2025-08-22,0.0059325176121616,0.0059149895192017,0.0059325176121616,0.0431763005456212,0.8248820637000921,0.0934961560690185,1.7862415536214655,0.080239372183287,1.532971053103855,,,0.0054754,0.0055100928395696,0.0057902,0.0056360622178013,0.00586535,0.0058009637919991,,0.0059807667552614,,0.0060566066847114,-0.1075657894736842,-10.75657894736842,0.0352986071360428,3.529860713604279,-0.1883320867614061,-18.833208676140607,28.42809364548495,49.92117708880714,44.89328570119997,0.0056770559915401,0.0058615336496043,-0.0001844776580642,-0.0001698429219571,-1.4634736107175942e-05,-0.2697150038182075,0.00586535,0.0006153980547495,0.007096146109499,0.0046345538905009,0.4196837731760274,0.321517960363542,0.0004995714285714,9.206992786056553,0.0006112857142857,11.265862777104944,0.000738238095238,13.605567549541009,9306747.787,0.9721704495568492,-3373054.9799999986,0.0064404287958169,,-65.03281963470312,42.92957204025997,54.846153846153854,55.28205128205129,-45.15384615384615,False,False,True,567,421,13,2,108334.14558,192924.96493000002,-0.2807909085530945,3,2,-0.026907482491706602,0
1755907200000,0.005426,0.0056,0.005201,0.00528,9733384.36,2025-08-23,-0.0269074824917066,-0.0272761165185699,0.0269074824917066,0.0393254770663236,0.7513121844282113,0.0383668515739358,0.7329976701117101,0.0748616961505762,1.4302306967575338,,,0.0053828,0.0054333921888707,0.0056632,0.0055708918194785,0.0057564,0.0057469213663849,,0.0059372957493055,,0.0060175237028535,-0.0806198850774856,-8.061988507748561,-0.1938931297709923,-19.38931297709924,-0.292130312374313,-29.2130312374313,16.777408637873734,49.80340760157274,44.30082256169212,0.0056150178956068,0.0058110916475001,-0.0001960737518933,-0.0001751089825588,-2.0964769334491025e-05,-0.3970600252744511,0.0057564,0.000500583491117,0.0067575669822341,0.0047552330177658,0.3478448274039765,0.2620776511542043,0.0004834285714285,9.155844155844155,0.0006168571428571,11.682900432900436,0.0006731904761904,12.749819624819626,9503860.6335,1.0241505778915736,-13106439.339999998,0.0064006483459523,,-62.8080064807941,42.27866654453003,49.230769230769226,52.564102564102576,-50.76923076923077,True,True,False,567,421,13,2,108334.14558,192924.96493000002,-0.2807909085530945,3,2,0.029356060606060552,1
1755993600000,0.00528,0.005659,0.0052,0.005435,12766104.38,2025-08-24,0.0293560606060605,0.0289334228550026,0.0293560606060605,0.0267333021365693,0.5107390201861055,0.0365154530851986,0.697626751648997,0.0726015485514016,1.3870506375047944,,,0.0054053999999999,0.0054339281400637,0.0055993,0.0055460495409762,0.0056928,0.0057148366913816,,0.0059068317143765,,0.0059890763188861,0.0212326193160465,2.1232619316046484,-0.1052025024695424,-10.520250246954244,-0.1896526017593559,-18.9652601759356,34.93150684931507,49.86910994764397,32.1813779440898,0.0055869582786248,0.0057788776126077,-0.0001919193339829,-0.0001784812448811,-1.3438089101806829e-05,-0.2472509494352682,0.0056928,0.0004518879227605,0.006596575845521,0.0047890241544789,0.3175154038508612,0.3573761396270998,0.0005121428571428,9.423051649362597,0.0006231428571428,11.465369956630306,0.0006561904761904,12.073421825031762,9798916.264,1.3028077836424707,-340334.9599999972,0.0063559821581021,,-45.18739409465108,44.550219001687566,55.192307692307686,53.08974358974359,-44.80769230769232,True,True,False,567,421,13,2,108334.14558,192924.96493000002,-0.2807909085530945,3,2,-0.02612695492180306,0
1756080000000,0.005435,0.0055,0.00525,0.005293,8574845.76,2025-08-25,-0.026126954921803,-0.0264743276973221,0.026126954921803,0.0243345798449107,0.4649114951507888,0.0361687451136407,0.6910029051529821,0.0725086260532018,1.3852753556693762,,,0.0053656,0.0053869512665384,0.0055407,0.0054998355501083,0.00561735,0.0056717742488832,,0.0058703842791638,,0.0059560426814278,-0.0362345229424618,-3.623452294246183,-0.0996768157849974,-9.96768157849974,-0.2218465157306675,-22.184651573066745,48.04845222072676,51.20967741935483,33.636259059013,0.0055412312324073,0.0057377363323643,-0.000196505099957,-0.0001820947528223,-1.4410347134605992e-05,-0.2722529214926505,0.00561735,0.000376655122863,0.006370660245726,0.0048640397542739,0.2682084063574503,0.2847168534875003,0.0004504285714285,8.509891770802406,0.0006113571428571,11.550295538581954,0.0006288095238095,11.88002123199554,9684896.78,0.8853832885145112,-8915180.719999997,0.0063257102306164,31.509826272018525,-58.41401483690919,44.02968258013895,49.730769230769226,51.38461538461538,-50.26923076923077,False,False,True,567,421,13,2,108334.14558,192924.96493000002,-0.2807909085530945,3,2,-0.002267145286227068,0
1756166400000,0.005293,0.0054,0.004638,0.005281,19570135.4,2025-08-26,-0.002267145286227,-0.0022697191510543,0.002267145286227,0.0236042333339074,0.4509582446499499,0.0355768890281841,0.6796955105171438,0.0696913479504081,1.3314513330902755,,,0.005343,0.0053516337632779,0.0054746,0.0054599023479731,0.0055737,0.005632153965436,,0.0058360800723545,,0.0059248693326494,-0.0209492028179458,-2.0949202817945918,-0.1112420060585661,-11.124200605856617,-0.1418589535261618,-14.185895352616178,31.965811965811923,50.54141851651327,40.31991174848318,0.0055008197462319,0.0056994682111328,-0.0001986484649009,-0.0001854119115562,-1.3236553344724418e-05,-0.2506448275842533,0.0055737,0.0003614695299089,0.0062966390598179,0.004850760940182,0.2594108257774876,0.2975624666941563,0.0004704285714285,8.907944923851002,0.0006494285714285,12.297454486433846,0.000629619047619,11.922345154687514,10354548.372,1.890003764231775,-28485316.12,0.0062475174147278,24.9575032151362,-116.89525749605842,36.15949599568224,49.26923076923077,51.39743589743589,-50.730769230769226,False,True,False,567,421,13,2,108334.14558,192924.96493000002,-0.2807909085530945,3,2,-0.0272675629615603,0
1756252800000,0.005281,0.005282,0.004753,0.005137,14028365.31,2025-08-27,-0.0272675629615603,-0.0276462222396652,0.0272675629615603,0.024752485406654,0.4728955696973878,0.0336904651660983,0.6436554332361777,0.0677455692908438,1.2942772839957026,,,0.0052851999999999,0.0052800886158465,0.0053802999999999,0.0054010179885247,0.0055472,0.0055822576243535,,0.0057961493853879,,0.0058894207271487,-0.0532620715075562,-5.326207150755624,-0.1550986842105263,-15.509868421052635,-0.0935239103582142,-9.352391035821425,29.63549920760694,22.064056939501786,32.467532467532465,0.0054444034239512,0.005652794528646,-0.0002083911046947,-0.0001900148729216,-1.8376231773107856e-05,-0.357723024588434,0.0055472,0.000373497072489,0.0062941941449781,0.0048002058550218,0.2693229539148066,0.225432921557891,0.0004601428571428,8.957423732584333,0.0005015,9.762507299980532,0.0006235714285714,12.138824772657753,10618817.8705,1.3210854052758565,-42513681.43,0.0061952129865101,26.870135006549585,-118.0159026628957,23.844902431426235,25.563524590163944,41.521174863387984,-74.43647540983605,False,False,True,567,421,13,2,108334.14558,192924.96493000002,-0.2807909085530945,3,2,-0.03406657582246442,0
1756339200000,0.005137,0.00514,0.0049,0.004962,6403944.76,2025-08-28,-0.0340665758224644,-0.0346603662155214,0.0340665758224644,0.0260989827821785,0.4986203659363756,0.03153454278009,0.6024665938850919,0.0675438488195461,1.2904234198028042,,,0.0052216,0.005174058524274,0.0053022,0.0053210021475056,0.0055237,0.0055200984871779,,0.0057493416956304,,0.0058487186134305,-0.0602272727272726,-6.022727272727267,-0.1359916419989552,-13.59916419989552,-0.0865243004418262,-8.65243004418262,20.025839793281637,25.04488330341114,35.566583953680734,0.0053696899140024,0.0055959783203334,-0.0002262884063309,-0.000197278571627,-2.900983470396673e-05,-0.5846399577582977,0.0055237,0.0003952776639008,0.0063142553278017,0.0047331446721982,0.2862412251939034,0.1447433973015761,0.0004127142857142,8.317498704439453,0.0004738571428571,9.549720734726778,0.0005663809523809,11.414368246290858,10374970.2595,0.6172494570898774,-48917626.19,0.0061717198262098,28.782766797962967,-121.856158893901,16.447086308194002,21.245901639344293,32.02621899957968,-78.75409836065572,False,False,True,567,421,13,2,108334.14558,192924.96493000002,-0.2807909085530945,3,2,-0.047561467150342596,0
1756425600000,0.004962,0.005026,0.004596,0.004726,6567725.52,2025-08-29,-0.0475614671503425,-0.0487297065048931,0.0475614671503425,0.0164636704164436,0.3145379816606689,0.0268649260224961,0.5132536909958656,0.0681206999092003,1.3014441443963518,,,0.0050798,0.005024705163588,0.0052426,0.0052126044799425,0.00549525,0.005440911988643,,0.0056928718765173,,0.005800604233644,-0.1304507819687211,-13.045078196872115,-0.111987974445697,-11.198797444569712,-0.1074598677998112,-10.745986779981116,17.93981481481481,24.592331423534617,33.22017458777886,0.0052700994585039,0.0055250047767505,-0.0002549053182465,-0.0002088153464192,-4.6089971827283576e-05,-0.975242738622166,0.00549525,0.0004314283345988,0.0063581066691976,0.0046323933308023,0.314037275537126,0.0542423049732776,0.0004384285714285,9.276948189347682,0.0004689999999999,9.92382564536606,0.0005536666666666,11.715333615460573,10323168.337,0.6362121885061343,-55485351.70999999,0.0061442565601812,30.45958068076586,-159.37998470122935,16.67723922738827,8.296107211231647,18.368511146913296,-91.70389278876834,False,True,False,567,421,13,2,108334.14558,192924.96493000002,-0.2807909085530945,3,2,-0.07003808717731708,0
1756512000000,0.004726,0.004728,0.004305,0.004395,5315207.72,2025-08-30,-0.070038087177317,-0.0726116476275759,0.070038087177317,0.0250492992497226,0.4785661902070461,0.0278862937566904,0.5327668941589921,0.0692306898368044,1.3226504721872414,,,0.0049001999999999,0.0048148029558764,0.0051329,0.0050637069714392,0.00544275,0.0053370801987729,,0.00562237849671,,0.0057417241008794,-0.1696580389193275,-16.965803891932747,-0.1997450837581939,-19.974508375819383,-0.1928374655647383,-19.28374655647384,0.0,19.511233740638545,35.01448287612881,0.0051348237148542,0.0054335049279754,-0.0002986812131212,-0.0002268027708655,-7.187844225573024e-05,-1.6354594369904492,0.00544275,0.0004967991095635,0.0064363482191271,0.0044491517808728,0.3651088949987197,-0.0272503411491776,0.0004418571428571,10.053632374451489,0.0004626428571428,10.526572403705512,0.0005585238095238,12.708164039222062,10237508.215,0.5191895926600729,-60800559.42999999,0.0061179836969446,33.72959139435601,-197.90048436811983,17.514687923242093,4.843918191603864,11.4619756807266,-95.15608180839614,False,True,False,567,421,13,2,108334.14558,192924.96493000002,-0.2807909085530945,3,2,-0.05506257110352675,0
1756598400000,0.004395,0.004447,0.004,0.004153,7042986.88,2025-08-31,-0.0550625711035267,-0.0566365664885238,0.0550625711035267,0.0169743541429189,0.3242945805556564,0.0297396810564025,0.5681758088020284,0.0695600477607996,1.328942846489994,,,0.0046746,0.0045942016297082,0.0050088,0.0048979032690019,0.00539025,0.0052200044063093,,0.0055437569049209,,0.0056766113415659,-0.2135959098655558,-21.359590986555585,-0.2300704486466445,-23.00704486466445,-0.2018066500096099,-20.180665000961,0.0,13.517606967057915,36.5398293029872,0.004983161979384,0.0053305290545562,-0.0003473670751721,-0.0002509309247612,-9.643615041093808e-05,-2.322084045531859,0.00539025,0.0005730907776903,0.0065364315553806,0.0042440684446193,0.4252795530376576,-0.0397268845375644,0.0004401428571428,10.598190636717003,0.0004761428571428,11.465033882563382,0.0005621428571428,13.53582608097417,10242756.838,0.6876065683675073,-67843546.30999999,0.0060787773377388,37.593645063323706,-210.59871540799924,9.724574996957088,7.348703170028795,6.829576190954768,-92.6512968299712,False,True,False,567,421,13,2,108334.14558,192924.96493000002,-0.2807909085530945,3,2,-0.025282928003852456,0
1756684800000,0.004153,0.004164,0.004,0.004048,6506576.15,2025-09-01,-0.0252829280038524,-0.0256080326634518,0.0252829280038524,0.0175584193768474,0.3354531311820422,0.0276502490247263,0.5282572658868253,0.0695367269932431,1.3284973038514167,,,0.0044568,0.0044121342322501,0.004871,0.0047432069895769,0.0053306,0.0051045425169441,,0.00546485152927,,0.0056112483711826,-0.2119914346895074,-21.199143468950744,-0.2539624032436417,-25.396240324364168,-0.2276283152070215,-22.762831520702147,0.0,14.819427148194263,37.4044412085912,0.0048387980314531,0.0052280406019748,-0.0003892425705217,-0.0002786072874964,-0.0001106352830252,-2.733085054971333,0.0053306,0.000646790651887,0.006624181303774,0.0040370186962259,0.4853417265501122,0.0042445355935405,0.0004278571428571,10.569593450028236,0.0004391428571428,10.848390739695088,0.0005501904761904,13.591661961227178,10142636.231,0.6415073952976121,-74350122.46,0.0060415578923913,40.55760030612801,-185.65257748921985,10.112803065356204,2.532981530343024,4.908534297325228,-97.46701846965698,False,False,False,567,421,13,2,108334.14558,192924.96493000002,-0.2807909085530945,3,2,-0.04916007905138353,0
1756771200000,0.004048,0.004054,0.003396,0.003849,15276765.98,2025-09-02,-0.0491600790513835,-0.0504095576835554,0.0491600790513835,0.0161482512214273,0.3085119064011476,0.0283913353249549,0.5424156997727144,0.0332558807484149,0.6353527095942626,,,0.0042342,0.004224422692587,0.0047279,0.0045804789545645,0.00519555,0.0049812549358727,,0.0053807493267401,,0.005541931356009,-0.224304715840387,-22.4304715840387,-0.2710227272727272,-27.102272727272727,-0.4123664122137405,-41.23664122137405,0.0,16.323731138545938,36.98704103671706,0.004686080230727,0.0051184793190015,-0.0004323990882744,-0.0003093781297886,-0.0001230209584858,-3.196179747618546,0.00519555,0.0006606160183375,0.0065167820366751,0.0038743179633248,0.5086014133922977,-0.0095811949082522,0.000413,10.730059755780726,0.0004417142857142,11.47607913001522,0.000570619047619,14.825124645857304,9861370.4305,1.549152431466407,-89626888.44,0.0059466754604015,44.05034664337906,-185.17755694008216,9.951419144083673,19.475494411006014,9.78572637045928,-80.52450558899399,False,True,False,567,421,13,2,108334.14558,192924.96493000002,-0.2807909085530945,3,2,-0.06651078202130423,0
1756857600000,0.003849,0.003991,0.003497,0.003593,6559163.41,2025-09-03,-0.0665107820213042,-0.0688258661702273,0.0665107820213042,0.0177471867216434,0.3390595262406008,0.0210873742595811,0.402873719550843,0.0328235692379558,0.6270934097838937,,,0.0040076,0.0040139483653609,0.0045436999999999,0.0044008063855226,0.0050715,0.0048453375525198,,0.0052888790775716,,0.0054667399457498,-0.239737621667372,-23.97376216673721,-0.338914443422263,-33.891444342226315,-0.4084622983207113,-40.84622983207113,0.0,8.227012758468973,33.64535499823384,0.0045175019651541,0.0049979316011393,-0.0004804296359851,-0.0003435995365093,-0.0001368300994758,-3.8082410096244144,0.0050715,0.0007174729409898,0.0065064458819797,0.0036365541180202,0.5658861804119911,-0.0151762232176326,0.000408,11.355413303645982,0.0004340714285714,12.08103057532504,0.0004703333333333,13.090268113925225,9649888.621,0.6797138980159841,-96186051.85,0.0059070445425798,47.425699240796725,-165.36169264678975,10.408224182161009,8.469475494410993,10.159317145253343,-91.530524505589,False,False,True,567,421,13,2,108334.14558,192924.96493000002,-0.2807909085530945,3,2,0.013915947676036877,1
1756944000000,0.003593,0.0038,0.0035,0.003643,5240544.52,2025-09-04,0.0139159476760368,0.0138200098950452,0.0139159476760368,0.0319102343899933,0.6096441720141969,0.0270452352144884,0.5166984932720029,0.0339226360652944,0.648091052037228,,,0.0038572,0.0038902988724994,0.0043787,0.0042629412013613,0.0049597,0.0047279355725032,,0.0052053165805659,,0.0053976754773719,-0.171103526734926,-17.1103526734926,-0.3117324768562252,-31.17324768562252,-0.3803367919714236,-38.03367919714237,4.226542688081167,10.651685393258418,35.74040219378428,0.0043826843504459,0.0048913883078817,-0.0005087039574358,-0.0003766289956324,-0.0001320749618033,-3.625445012444272,0.0049597,0.0007580845738125,0.0064758691476251,0.0034435308523748,0.6113955068351703,0.065780637977507,0.0004165714285714,11.434845692325792,0.0004146428571428,11.38190659189836,0.0004547619047619,12.483170594617205,9552733.8235,0.5485910752697944,-90945507.33,0.0058757313746419,53.30302149461279,-143.4534911753136,10.988566740911963,10.914714980114884,12.9532282951773,-89.08528501988512,False,False,True,567,421,13,2,108334.14558,192924.96493000002,-0.2807909085530945,3,2,0.006038978863573963,1
1757030400000,0.003643,0.0038,0.003501,0.003665,5749544.62,2025-09-05,0.0060389788635739,0.006020817312188,0.0060389788635739,0.0345745638593694,0.6605461150547701,0.0283057864856554,0.5407812914927832,0.0336926802248289,0.6436977518738051,,,0.0037595999999999,0.0038151992330512,0.0042171,0.0041541715551668,0.00484585,0.0046243946573309,,0.0051280068871204,,0.0053332240814689,-0.1175054177702864,-11.75054177702865,-0.3060026510130658,-30.60026510130657,-0.3832043083136991,-38.32043083136991,8.237986270022887,10.248306997742644,35.55188852218555,0.0042720777956705,0.0047953905645436,-0.0005233127688731,-0.0004059718445518,-0.0001173409243212,-3.201662328000867,0.00484585,0.0007736193321347,0.0063930886642695,0.0032986113357304,0.6385829789487977,0.1184008235867396,0.0003978571428571,10.855583706879752,0.0004181428571428,11.409082050282596,0.0004452857142857,12.149678425258235,9320367.4245,0.6168796097980482,-85195962.71,0.0058424752127337,59.18034374842885,-122.1343484618699,14.973212690131788,11.886875828546168,10.423688767690685,-88.11312417145383,False,False,False,567,421,13,2,108334.14558,192924.96493000002,-0.2807909085530945,3,2,-0.003547066848567537,0
1757116800000,0.003665,0.003774,0.00355,0.003652,4209757.88,2025-09-06,-0.0035470668485675,-0.0035533726058927,0.0035470668485675,0.0357507809615061,0.6830177112385302,0.0300145993028126,0.5734281145248872,0.0322469323459856,0.6160767774313528,,,0.0036803999999999,0.0037607994813211,0.0040686,0.0040628311769448,0.00472445,0.0045298786752765,,0.0050547291773352,,0.0052717558340042,-0.0978260869565218,-9.782608695652186,-0.2890792291220557,-28.90792291220557,-0.3993421052631579,-39.9342105263158,11.162790697674424,10.902977905859744,15.151515151515156,0.0041765397299704,0.0047062641914227,-0.0005297244614522,-0.0004307264810014,-9.899798045081712e-05,-2.7107880736806447,0.00472445,0.0007601469023536,0.0062447438047073,0.0032041561952926,0.6435855198837347,0.147288571235598,0.0003694285714285,10.1157878266312,0.0004056428571428,11.107416679705835,0.0004315714285714,11.817399468001875,9026195.324,0.4663933948788543,-89405720.58999999,0.0058187864275301,65.52133732106454,-106.89108766776174,18.66290121128628,11.312417145382224,11.371335984681094,-88.68758285461777,False,False,True,567,421,13,2,108334.14558,192924.96493000002,-0.2807909085530945,3,2,0.00191675794085433,1
1757203200000,0.003652,0.003682,0.003574,0.003659,3578098.43,2025-09-07,0.0019167579408543,0.0019149233043477,0.0019167579408543,0.0324256123575245,0.61949045425863,0.0319819758335521,0.6110147903688897,0.0319148810569013,0.6097329464608245,,,0.0036423999999999,0.0037268663178119,0.0039383,0.0039893833398095,0.00462025,0.0044453956453991,,0.0049861522011835,,0.0052137628361932,-0.0493634710314367,-4.936347103143675,-0.2625957275292221,-26.259572752922217,-0.3628765453595681,-36.28765453595682,14.442413162705662,4.084798345398141,17.2675521821632,0.0040968183370303,0.0046249459097315,-0.0005281275727011,-0.0004502092890507,-7.791828365037728e-05,-2.1294966835303986,0.00462025,0.0007560015925212,0.0061322531850425,0.0031082468149574,0.6545114160673511,0.1821269923538804,0.0003209999999999,8.772888767422792,0.0003805714285714,10.400968258306326,0.0004244285714285,11.599578339124662,8736087.508,0.409576761533511,-85827622.15999998,0.0057988666555602,71.88745467175205,-96.30855491871831,7.136098166575408,12.499999999999991,11.899764324642794,-87.50000000000001,False,False,True,567,421,13,2,108334.14558,192924.96493000002,-0.2807909085530945,3,2,-0.04509428805684612,0
1757289600000,0.003659,0.003674,0.003359,0.003494,7608078.45,2025-09-08,-0.0450942880568461,-0.0461426743252049,0.0450942880568461,0.0231114164110006,0.4415429905578552,0.0318365989029793,0.6082373680100993,0.0300894221337333,0.5748576027024702,,,0.0036226,0.0036492442071946,0.0038150999999999,0.003899289568255,0.00452885,0.0043532648990173,,0.0049135576054906,,0.0051529052533153,-0.0275535763985526,-2.7553576398552657,-0.2606855691917055,-26.068556919170543,-0.3434798947763998,-34.347989477639985,15.399610136452251,4.036791006642829,17.40912817709757,0.0040039786178419,0.0045374426413143,-0.0005334640234723,-0.0004668620067557,-6.660201671656267e-05,-1.9061825047671053,0.00452885,0.000776908060333,0.0060826661206661,0.0029750338793338,0.6861857295632127,0.166997276500027,0.0003425714285714,9.80456292419658,0.0003852142857142,11.025022487529643,0.0004069523809523,11.6471774743097,8694250.791499998,0.8750700471440388,-93435700.60999998,0.0057552336389361,78.1234516844481,-97.40413400989432,7.414441832961302,6.614404703576684,10.142273949652967,-93.38559529642332,False,True,False,567,421,13,2,108334.14558,192924.96493000002,-0.2807909085530945,3,2,0.008872352604464728,1
1757376000000,0.003494,0.003998,0.003416,0.003525,4387070.96,2025-09-09,0.0088723526044647,0.008833224552367,0.0088723526044647,0.0221501782934589,0.4231785621078736,0.0303574930976978,0.5799790912778862,0.0283710553032975,0.5420282505029704,,,0.003599,0.0036078294697984,0.0037280999999999,0.0038312220384645,0.0044304999999999,0.0042731858987367,,0.0048466344201745,,0.005096182292172,-0.0323908866318968,-3.23908866318968,-0.197952218430034,-19.795221843003407,-0.3581573197378005,-35.81573197378005,38.19444444444444,5.566801619433193,16.68045216432313,0.0039302234291908,0.0044593656514994,-0.0005291422223086,-0.0004793191095994,-4.98231127091756e-05,-1.4134216371397332,0.0044304999999999,0.0007730574636501,0.0059766149273003,0.0028843850726996,0.6979415087689302,0.207169245956034,0.0003317142857142,9.410334346504555,0.0003723571428571,10.563323201621074,0.0004050476190476,11.490712597095577,8409027.6175,0.521709662466809,-89048629.64999999,0.0057323136225492,82.41019890747263,-76.49976362747691,12.87055982461314,8.632345293811747,9.248916665796145,-91.36765470618823,True,False,False,567,421,13,2,108334.14558,192924.96493000002,-0.2807909085530945,3,2,-0.030638297872340403,0
1757462400000,0.003525,0.003719,0.003189,0.003417,6220957.49,2025-09-10,-0.0306382978723404,-0.0311174631310771,0.0306382978723404,0.0230704547082381,0.440760418325395,0.0282573446817358,0.5398558121283726,0.028427633019051,0.543109166244717,,,0.0035494,0.0035442196448277,0.0036545,0.0037558954667448,0.00433165,0.0041905268379922,,0.0047783447643846,,0.0050385396958632,-0.0676671214188266,-6.766712141882674,-0.1772212858174813,-17.722128581748127,-0.3665183537263626,-36.65183537263627,17.341040462427685,5.670103092783492,12.98304142340838,0.0038512059933276,0.0043792249734075,-0.0005280189800799,-0.0004890597466089,-3.895923347095435e-05,-1.140159012904722,0.00433165,0.0007697628667665,0.005871175733533,0.0027921242664669,0.7108264672967856,0.2029442314351679,0.0003368571428571,9.858271666875702,0.0003724285714285,10.899285087169195,0.0004016666666666,11.754950736513509,8219350.158,0.7568673155924696,-95269587.14,0.0056975473938635,82.23362485342922,-87.78371920118695,14.652853590764591,11.686314710404918,8.977688235931117,-88.31368528959509,False,True,False,567,421,13,2,108334.14558,192924.96493000002,-0.2807909085530945,3,2,-0.0014632718759144403,0
1757548800000,0.003417,0.003612,0.0032,0.003412,5727533.33,2025-09-11,-0.0014632718759144,-0.0014643435037219,0.0014632718759144,0.0233171753320797,0.4454740092254948,0.0286650956212722,0.5476458828901105,0.0280888489709912,0.5366367060945721,,,0.0035013999999999,0.0035001464290978,0.0035908999999999,0.0036933598661702,0.00423095,0.0041154632213178,,0.0047136316751276,,0.0049835036454135,-0.0657174151150054,-6.571741511500541,-0.1571146245059289,-15.711462450592892,-0.3711758201253226,-37.11758201253225,11.55015197568386,6.21468926553672,14.303215926493095,0.0037835924090304,0.0043050697014428,-0.0005214772924124,-0.0004955436087846,-2.593368362773462e-05,-0.7600727909652584,0.00423095,0.0007505614372272,0.0057320728744544,0.0027298271255455,0.7095914035639697,0.2272208644819938,0.0003528571428571,10.341651314687654,0.0003847142857142,11.275330765365934,0.0003940476190476,11.548875118628928,8053339.5655,0.7111997803416104,-100997120.46999998,0.0056659949658691,82.0570507993858,-84.49523963370928,15.183625335318254,12.13935764833969,10.819339217518786,-87.86064235166032,False,False,True,567,421,13,2,108334.14558,192924.96493000002,-0.2807909085530945,3,2,-0.05275498241500587,0
1757635200000,0.003412,0.003499,0.003171,0.003232,4982901.86,2025-09-12,-0.0527549824150058,-0.0541974889705837,0.0527549824150058,0.0269450740124155,0.51478491619327,0.0291379067343016,0.5566789265211628,0.0288835290224991,0.5518190471609741,,,0.003416,0.0034107642850007,0.0035291999999999,0.0036094662086471,0.00412855,0.0040303822456774,,0.0046440253928392,,0.0049250595024876,-0.1166985515168078,-11.669855151680784,-0.1603013769810339,-16.030137698103402,-0.3878787878787878,-38.78787878787879,7.661290322580612,6.417736289381551,15.443121693121682,0.0036986858895461,0.0042230123748309,-0.0005243264852848,-0.0005013004348298,-2.3026050454977757e-05,-0.7124396799188661,0.00412855,0.0007395299698563,0.0056076099397127,0.0026494900602872,0.716503343649837,0.1969189767339282,0.0003569999999999,11.04579207920792,0.0003774285714285,11.67786421499293,0.0003977619047619,12.306989627534184,7815815.4405,0.6375408807863597,-105980022.32999998,0.0056379720505523,81.60305377159125,-89.49468085106385,15.871638303207163,3.917790622992925,9.247820993912512,-96.08220937700708,False,True,False,567,421,13,2,108334.14558,192924.96493000002,-0.2807909085530945,3,2,0.012376237623762387,1
1757721600000,0.003232,0.003395,0.003195,0.003272,3144514.4,2025-09-13,0.0123762376237623,0.0123002780816516,0.0123762376237623,0.0280474150540505,0.5358451122229044,0.0245376948366873,0.4687920016200297,0.0274517610951472,0.5244651593167461,,,0.0033716,0.0033645095229665,0.0034971,0.0035481027043997,0.0040203999999999,0.0039574248190935,,0.0045800649321273,,0.0048706385172062,-0.0635374928448769,-6.353749284487692,-0.0893403840801557,-8.934038408015576,-0.3979760809567616,-39.79760809567617,13.421550094517954,10.541110330288134,11.644782308223895,0.00363301170257,0.00415046253917,-0.0005174508366,-0.0005045306277396,-1.2920208860347994e-05,-0.3948719089348408,0.0040203999999999,0.0006952517453941,0.0054109034907883,0.0026298965092116,0.6917239532327106,0.230888845314704,0.0003535714285714,10.805972755850505,0.0003614999999999,11.048288508557455,0.0003882857142857,11.866922808243098,7334735.941500001,0.4287154200341841,-102835507.92999998,0.0056205281284053,80.56042237990634,-86.44867019840996,16.545690322702043,7.915360501567394,7.990836257633338,-92.0846394984326,False,False,True,567,421,13,2,108334.14558,192924.96493000002,-0.2807909085530945,3,2,-0.008557457212714059,0
1757808000000,0.003272,0.003324,0.003225,0.003244,3905463.41,2025-09-14,-0.008557457212714,-0.0085942824873342,0.008557457212714,0.0256754351095517,0.4905284990127011,0.0231942010654936,0.4431245891612073,0.0276833665371833,0.5288899750739242,,,0.0033154,0.003324339681765,0.0034571999999999,0.0034928068712488,0.00391795,0.003888858409161,,0.0045182384907673,,0.0048177808079337,-0.0797163120567375,-7.971631205673758,-0.1095251166620917,-10.952511666209167,-0.387115057623276,-38.7115057623276,18.112244897959144,12.40694789081887,11.933427762039642,0.0035731404493439,0.0040814639601485,-0.0005083235108046,-0.0005052892254992,-3.034285305325655e-06,-0.093535305342961,0.00391795,0.000647159418658,0.0052122688373161,0.0026236311626838,0.6607122792869724,0.2396507025280365,0.0003522857142857,10.859608948388232,0.0003366428571428,10.377400035229874,0.0003711428571428,11.440901884798308,7101266.824000001,0.5499671406235277,-106740971.33999996,0.0055990100251286,78.46498118637885,-85.74520548239052,17.47412842815207,7.351460221550828,6.394870448703717,-92.64853977844916,False,False,True,567,421,13,2,108334.14558,192924.96493000002,-0.2807909085530945,3,2,0.06041923551171391,1
1757894400000,0.003244,0.004055,0.003142,0.00344,5436693.83,2025-09-15,0.0604192355117139,0.0586643351321404,0.0604192355117139,0.040749342206488,0.7785150897352181,0.0322962086940924,0.617018200740073,0.0332413013507096,0.635074170592201,,,0.00332,0.0033628931213127,0.0034347,0.0034832049922103,0.0038259,0.0038457566911589,,0.004468692735438,,0.0047735709034504,0.0067310506292068,0.6731050629206912,-0.0613915416098226,-6.139154160982264,-0.3486082181405037,-34.860821814050375,42.369838420107726,26.6153846153846,16.767068273092363,0.0035526505563383,0.0040327362990997,-0.0004800857427614,-0.0005002484165379,2.0162673776474177e-05,0.5861242376882028,0.0038259,0.0005693282190903,0.0049645564381807,0.0026872435618192,0.5952358598921879,0.3305459017047515,0.0004377142857142,12.72425249169435,0.0003901428571428,11.341362126245844,0.0004027142857142,11.706810631229237,6394594.7455,0.8502014664535085,-101304277.50999998,0.005573233153866,72.90445142335736,-45.741501263350926,24.48914786880313,32.63964950711941,15.96882341007921,-67.3603504928806,True,True,False,567,421,13,2,108334.14558,192924.96493000002,-0.2807909085530945,3,2,0.16279069767441867,1
1757980800000,0.00344,0.004,0.0031,0.004,5079983.87,2025-09-16,0.1627906976744186,0.1508228897345837,0.1627906976744186,0.082289911432671,1.5721465504566834,0.06240903605031,1.1923229595902471,0.0527177905905943,1.0071719750544708,,,0.0034376,0.0035752620813747,0.0034695,0.0035771727631022,0.0037690499999999,0.0038605562867486,,0.0044473000800847,,0.0047490500018619,0.1723329425556858,17.23329425556858,0.095290251916758,9.5290251916758,-0.2213354097722406,-22.13354097722406,78.88999008919723,54.54545454545455,31.18753674309229,0.0036214927286987,0.0040302542337173,-0.0004087615050186,-0.000481950707792,7.318920277340373e-05,1.8297300693350933,0.0037690499999999,0.0004815133462652,0.0047320766925305,0.0028060233074694,0.5110182632390267,0.6199084105307288,0.0004831428571428,12.07857142857143,0.0004074285714285,10.185714285714283,0.0004092857142857,10.232142857142858,5947175.6735,0.8541842630672377,-96224293.63999996,0.0055515149796833,69.45722645851974,-15.64658857235268,35.62395794700586,94.24083769633512,44.74398247500179,-5.759162303664871,False,True,False,567,421,13,2,108334.14558,192924.96493000002,-0.2807909085530945,3,2,-0.13824999999999998,0
1758067200000,0.004,0.004,0.002766,0.003447,5736953.31,2025-09-17,-0.1382499999999999,-0.1487900735851622,0.1382499999999999,0.1094468216797741,2.090978592231055,0.0783316167524279,1.4965234367737028,0.0597743245823058,1.1419868676713685,,,0.0034806,0.0035325080541828,0.0034483,0.0035535039488679,0.0036933,0.0038209039106983,0.0050519599999999,0.0044019347309763,,0.0047082624213787,0.0665222772277227,6.652227722772275,-0.0579393276851598,-5.793932768515987,-0.3053204353083434,-30.532043530834347,51.12395632626846,46.27170582226761,23.84210526315789,0.003594641363087,0.0039861089854776,-0.0003914676223905,-0.0004638538324244,7.238621003396111e-05,2.099977082505399,0.0036933,0.0003954392760622,0.0044841785521244,0.0029024214478755,0.4282774495028658,0.3442870910215064,0.0005837142857142,16.933979858261843,0.0004602857142857,13.353226408056695,0.0004428571428571,12.847610758837911,5913826.101,0.9700916482867002,-101961246.94999996,0.0055237645453971,64.41314613278101,-72.28336039449161,36.29508843545403,52.83165244375488,59.90404654906981,-47.16834755624512,False,True,False,567,421,13,2,108334.14558,192924.96493000002,-0.2807909085530945,3,2,-0.042935886277922886,0
1758153600000,0.003447,0.003599,0.003106,0.003299,4259182.97,2025-09-18,-0.0429358862779228,-0.043884895288284,0.0429358862779228,0.112868369847793,2.156347178196461,0.0782063172147708,1.4941295924679816,0.059656157302695,1.1397292849642937,0.0832006701997593,1.589546572270384,0.003486,0.0034546720360404,0.0034288,0.0035072288413993,0.00362195,0.0037708951807677,0.00498712,0.0043522197755058,,0.0046646192705542,0.0082518337408312,0.8251833740831198,-0.0558099599313108,-5.58099599313109,-0.3019466779517563,-30.19466779517563,52.19672131147539,41.63424124513619,23.804519180241726,0.0035491490012947,0.0039341869857919,-0.0003850379844971,-0.0004480904828533,6.305249835623575e-05,1.911260938352099,0.00362195,0.000321039344203,0.004264028688406,0.0029798713115939,0.3545486207186992,0.2485121326782235,0.0005952857142857,18.044429047763398,0.0004740714285714,14.370155458364009,0.0004549047619047,13.789171321756951,5798398.9735,0.7345446543891568,-106220429.91999996,0.0055029597255598,59.2511742605793,-90.38707686392362,37.024676515089496,41.3498836307215,62.80745792360384,-58.65011636927851,False,False,True,567,421,13,2,108334.14558,192924.96493000002,-0.2807909085530945,3,2,-0.0300090936647468,0
1758240000000,0.003299,0.0033,0.002999,0.0032,5382524.3,2025-09-19,-0.0300090936647468,-0.0304685824407634,0.0300090936647468,0.1139950897866939,2.1778731324043865,0.0785156140289425,1.5000386998057036,0.0584115072296193,1.1159502787064897,0.0675943349535758,1.291387956039127,0.0034771999999999,0.0033697813573011,0.0033963,0.0034513674103195,0.0035622,0.0037162239196875,0.00487766,0.0043005858364682,,0.0046197626900045,-0.0135635018495683,-1.3563501849568362,-0.0921985815602836,-9.219858156028362,-0.2718998862343571,-27.189988623435717,47.72727272727273,39.09985935302391,23.27254045723093,0.0034954247018135,0.0038787901369861,-0.0003833654351725,-0.0004351453550714,5.17799198988478e-05,1.6181224968389938,0.0035622,0.0002778955881167,0.0041179911762334,0.0030064088237665,0.3120493943256442,0.1741581951204872,0.0005914285714285,18.482142857142865,0.0004742142857142,14.819196428571429,0.0004487619047619,14.023809523809524,5801764.8025,0.9277391420073856,-111602954.21999995,0.0054752289017694,53.66716808921623,-133.0399889303999,28.89522251775512,33.669511249030286,42.61701577450223,-66.3304887509697,False,True,False,567,421,13,2,108334.14558,192924.96493000002,-0.2807909085530945,3,2,-0.09281249999999996,0
1758326400000,0.0032,0.0033,0.002732,0.002903,5095241.73,2025-09-20,-0.0928124999999999,-0.0974061247631879,0.0928124999999999,0.1150908706411856,2.198807996234627,0.0829410224208307,1.584586008419125,0.0603799882587773,1.1535580559631509,0.0681499624348786,1.3020032041644565,0.0033698,0.0032141875714617,0.0033449,0.0033516618472988,0.0034997,0.0036383872081067,0.00477296,0.0042383049907597,,0.0045677468285623,-0.1561046511627906,-15.610465116279062,-0.1504243488440151,-15.042434884401512,-0.3009872381411027,-30.09872381411027,40.79870480302213,34.505585436491515,22.39248640632724,0.0034042694204309,0.0038052649368942,-0.0004009955164632,-0.0004283153374393,2.7319820976145885e-05,0.9410892516757108,0.0034997,0.0002785931007571,0.0040568862015142,0.0029425137984857,0.3184194082431245,-0.0354583426315873,0.0006439999999999,22.183947640372025,0.0004987857142857,17.181733182422125,0.0004556666666666,15.696406016764266,5704377.545,0.8932160765666853,-116698195.94999996,0.0054474892628313,47.43279556922466,-178.7824358061931,22.51026875324277,12.925170068027224,29.31485498259301,-87.07482993197277,False,True,False,567,421,13,2,108334.14558,192924.96493000002,-0.2807909085530945,3,2,0.05649328281088506,1
1758412800000,0.002903,0.003277,0.002336,0.003067,5961561.99,2025-09-21,0.056493282810885,0.0549552000896214,0.056493282810885,0.0731609426806621,1.3977378473383133,0.0858209491889415,1.6396069320685294,0.0624539686720734,1.1931813961236997,0.0648919889444387,1.23975970802623,0.0031831999999999,0.003165125047626,0.0033104,0.0032999041295136,0.0034506499999999,0.0035837235963187,0.0047006,0.0041863855731934,,0.0045227483314504,-0.23325,-23.325000000000003,-0.1011137162954279,-10.111371629542797,-0.2423418972332016,-24.234189723320167,39.75837451949478,38.500388500388496,26.517967781908297,0.0033523755456628,0.0037497079709759,-0.000397332425313,-0.0004221187187886,2.4786293475621462e-05,0.8081608567206217,0.0034506499999999,0.000262893469519,0.0039764369390381,0.0029248630609618,0.3047466066034873,0.1351659089308851,0.0007642857142857,24.919651590665616,0.0005582857142857,18.20299035819088,0.0004791904761904,15.624078128153773,5677126.837,1.0501019549442208,-110736633.95999998,0.0054147148990285,41.79229086434869,-185.38980969920203,22.120671008435053,42.52472367655614,29.70646833120456,-57.47527632344386,False,True,False,567,421,13,2,108334.14558,192924.96493000002,-0.2807909085530945,3,2,-0.0485816759047929,0
1758499200000,0.003067,0.003068,0.002533,0.002918,2849228.73,2025-09-22,-0.0485816759047929,-0.0498014350315205,0.0485816759047929,0.0546049505512855,1.0432261154795468,0.0855853039534745,1.6351049361662235,0.0624359602990437,1.19283734664005,0.0623217929427762,1.190656182361151,0.0030774,0.0030827500317336,0.003279,0.0032304658973212,0.0034041,0.0035200623716715,0.00460978,0.0041304488107765,,0.0044751164382418,-0.1534667827096025,-15.346678270960254,-0.0971534653465346,-9.715346534653468,-0.24188100805404,-24.188100805404,11.631205673758842,38.74120406567631,27.102330293819648,0.0032855417040908,0.003687192823961,-0.0004016511198701,-0.0004180251798602,1.6374059990080546e-05,0.5611398214558104,0.0034041,0.0002709478295092,0.0039459956590185,0.0028622043409814,0.3183782256799285,0.0514819210026324,0.0007102857142857,24.341525506707143,0.000574,19.671007539410557,0.0004968571428571,17.02731812395966,5055749.9745,0.5635620322149695,-113585862.68999998,0.0053990190720347,35.65821330169971,-174.7119277483649,23.943223367382544,33.856893542757426,29.768929095780265,-66.14310645724257,False,False,True,567,421,13,2,108334.14558,192924.96493000002,-0.2807909085530945,3,2,0.06237148732008224,1
1758585600000,0.002918,0.0032,0.00275,0.0031,3749534.98,2025-09-23,0.0623714873200822,0.0605036613905066,0.0623714873200822,0.0678316293132604,1.2959214584153729,0.088255489552432,1.6861187604053558,0.0631516114059676,1.206509841840162,0.062103699289658,1.1864895089687906,0.0030376,0.0030885000211565,0.0032618,0.0032067445126672,0.00337945,0.0034799086408308,0.00453764,0.0040852261552297,,0.0044346997549922,-0.0603213094877235,-6.0321309487723545,-0.0525672371638142,-5.256723716381426,-0.1372112440857222,-13.72112440857222,33.30125120307987,42.15577703949797,32.95604106343774,0.0032569943563595,0.0036431046914878,-0.0003861103351282,-0.0004116421870322,2.5531851903989595e-05,0.8236081259351482,0.00337945,0.000275249451455,0.0039299489029101,0.0028289510970899,0.3257920092974297,0.2461847802759048,0.000646,20.83870967741936,0.0005645714285714,18.21198156682028,0.0004869523809523,15.708141321044543,4915268.553,0.7628342052056336,-109836327.70999998,0.0053800613918879,32.48071124214846,-105.14936074053485,22.331676769184146,44.44444444444445,40.275353887919344,-55.55555555555555,True,False,False,567,421,13,2,108334.14558,192924.96493000002,-0.2807909085530945,3,2,-0.07419354838709669,0
1758672000000,0.0031,0.0031,0.002593,0.00287,4193012.85,2025-09-24,-0.0741935483870966,-0.0770900817195707,0.0741935483870966,0.0736370312295101,1.4068335062927624,0.091196713333661,1.7423107618460636,0.0647801565206886,1.2376231525704413,0.0625554143125477,1.1951195123636358,0.0029716,0.0030156666807643,0.0032244,0.0031455175778821,0.0033408,0.0034216280241408,0.004459,0.0040321422312812,,0.0043891477608373,-0.103125,-10.3125,-0.1152897657213316,-11.528976572133162,-0.2121877573428492,-21.218775734284925,30.86529884032113,40.33910279053338,33.06047002904674,0.0031974524035898,0.0035851162587482,-0.0003876638551583,-0.0004068465063032,1.918265114489508e-05,0.6683850573134172,0.0033408,0.000290162132536,0.0039211242650721,0.0027604757349278,0.3474163464272967,0.0943647126822606,0.0005421428571428,18.889995022399205,0.0005629285714285,19.61423593827775,0.0004875714285714,16.988551518168244,4862891.9695,0.8622467610423029,-114029340.55999996,0.0053577838645499,28.90306824953552,-134.513030964692,23.327731748581016,31.06457242582899,36.455303471010296,-68.93542757417102,False,True,False,567,421,13,2,108334.14558,192924.96493000002,-0.2807909085530945,3,2,-0.10627177700348434,0
1758758400000,0.00287,0.002947,0.002527,0.002565,3833685.95,2025-09-25,-0.1062717770034843,-0.1123535511487969,0.1062717770034843,0.0771560449087781,1.4740641682360265,0.0924314577402374,1.7659005206111231,0.0681100658899619,1.301240981744066,0.0628612047485079,1.2009616304396866,0.002904,0.0028654444538337,0.0031369,0.0030399679967939,0.0032857999999999,0.0033397978538108,0.00438722,0.0039683390102543,,0.0043365325052772,-0.116431277988288,-11.643127798828804,-0.2543604651162791,-25.436046511627907,-0.3001364256480218,-30.01364256480218,26.07385079125845,36.47396997764292,31.402056684223723,0.0031001460053979,0.003508671509354,-0.000408525503956,-0.0004071823066379,-1.343197318183823e-06,-0.0523663671806558,0.0032857999999999,0.0003273455602104,0.0039404911204208,0.0026311088795791,0.3984972429367631,-0.0504886025769676,0.0005317142857142,20.729601782233363,0.0005635,21.968810916179336,0.0004932857142857,19.23141186299081,4767099.036,0.8041968335561972,-117863026.50999998,0.0053363592978441,25.489379101258542,-157.4946072499605,24.393176958028093,13.321698662012803,29.610238510762084,-86.6783013379872,False,True,False,567,421,13,2,108334.14558,192924.96493000002,-0.2807909085530945,3,2,-0.16959064327485385,0
1758844800000,0.002565,0.002687,0.00186,0.00213,7243527.0,2025-09-26,-0.1695906432748538,-0.1858364989013991,0.1695906432748538,0.0854323642684771,1.6321830275870242,0.0755664098188435,1.4436942324855124,0.0762148392416282,1.456082459213399,0.0659553057430741,1.2600743469401994,0.0027166,0.0026202963025458,0.0029498999999999,0.0028745180766487,0.0032097,0.0032242640667814,0.00431648,0.0038887332566973,,0.0042734581447164,-0.3055102706227584,-30.55102706227584,-0.4675,-46.75,-0.4167579408543264,-41.67579408543264,23.61774744027302,33.72711163614885,29.64717025811035,0.0029508849492882,0.0034054467060881,-0.0004545617567998,-0.0004166582148225,-3.790354197732499e-05,-1.779509013019953,0.0032097,0.0004053519718129,0.0040204039436258,0.0023989960563741,0.5051587024493479,-0.1659027678902681,0.0006068571428571,28.490945674044266,0.0005991428571428,28.12877263581489,0.0005184285714285,24.33936955063716,4918787.492000001,1.4726245058931688,-125106553.50999998,0.0052900404490281,23.55676705569596,-218.0304915992533,24.43242610207413,12.3006833712984,18.89565148638007,-87.6993166287016,False,True,False,567,421,13,2,108334.14558,192924.96493000002,-0.2807909085530945,3,2,0.08450704225352124,1
1758931200000,0.00213,0.002511,0.001871,0.00231,8070571.38,2025-09-27,0.0845070422535212,0.0811255448123685,0.0845070422535212,0.109925870210224,2.100130801554604,0.0819668532957314,1.565974533416634,0.0798329252830246,1.5252058959774657,0.0674039933123787,1.2877514840900572,0.002595,0.0025168642016943,0.0028361999999999,0.0027718778205797,0.00314225,0.00313697601381,0.00425404,0.0038206475272361,,0.0042178208136702,-0.2083618917066484,-20.83618917066484,-0.3298520452567449,-32.9852045256745,-0.3686799672041541,-36.86799672041541,24.442943956785957,36.3584798638684,34.53098625512419,0.0028522828911129,0.0033234931442068,-0.0004712102530938,-0.0004275686391969,-4.364161389686008e-05,-1.889247354842428,0.00314225,0.0004376067538928,0.0040174635077856,0.0022670364922143,0.5570616645942629,0.0245445867799511,0.0006171428571428,26.716141001855288,0.0006305714285714,27.297464440321598,0.000538238095238,23.30035044320759,5143411.1395,1.5691087414770726,-117035982.12999998,0.0052401127644952,22.020366867745206,-179.03858192481306,32.12101113839091,20.50113895216401,15.374506995158407,-79.49886104783599,False,False,True,567,421,13,2,108334.14558,192924.96493000002,-0.2807909085530945,3,2,-0.11774891774891783,0
1759017600000,0.00231,0.002648,0.00191,0.002038,6622453.09,2025-09-28,-0.1177489177489178,-0.1252785897331692,0.1177489177489178,0.0964133806195191,1.8419750504028984,0.0859760005293552,1.6425691837678091,0.0826541070916444,1.579104498751655,0.0689485712636644,1.317260604415362,0.0023826,0.0023572428011267,0.0027101,0.002638444845244,0.00306945,0.0030320775528969,0.0041889,0.0037440671411172,,0.0041565752392762,-0.3425806451612904,-34.25806451612903,-0.3822370415277356,-38.22370415277357,-0.4167143674871209,-41.67143674871208,22.568578553615964,34.0053050397878,31.63195239185167,0.0027270038981191,0.0032273926572282,-0.0005003887591091,-0.0004421326810348,-5.825607807425243e-05,-2.8584925453509538,0.00306945,0.0004935444815446,0.0040565389630892,0.0020823610369107,0.6431699249632585,-0.0224706376879794,0.0005881428571428,28.85882517874668,0.0006762142857142,33.18028879854199,0.000568238095238,27.882144025421752,5094129.871499999,1.3000165400278607,-123658435.21999998,0.005199921984466,20.62341303271449,-156.28457895986492,31.84597552802103,8.109339407744866,13.637053910402429,-91.89066059225512,True,False,False,567,421,13,2,108334.14558,192924.96493000002,-0.2807909085530945,3,2,-0.04955839057899902,0
1759104000000,0.002038,0.002137,0.00175,0.001937,9066700.73,2025-09-29,-0.049558390578999,-0.0508285503756742,0.049558390578999,0.0971971890742803,1.8569496899050892,0.0858552179602515,1.6402616360251316,0.08248961414291,1.575961865378682,0.0687914271935741,1.3142583711717477,0.002196,0.0022171618674161,0.0025838,0.0025109089149623,0.00299005,0.0029275734633987,0.0041187399999999,0.0036667272094789,,0.004094725719154,-0.3250871080139373,-32.50871080139374,-0.3946875000000001,-39.46875000000001,-0.4504964539007092,-45.04964539007092,11.818778726198287,29.551020408163268,30.57553956834532,0.0026054609768611,0.0031309917943566,-0.0005255308174955,-0.0004588123246863,-6.671849280921917e-05,-3.444423996345853,0.00299005,0.0005417790844207,0.0040736081688414,0.0019064918311585,0.7247759528044576,0.0140777716041319,0.000567,29.27207021166753,0.0006386428571428,32.97072055461318,0.0005716666666666,29.512992600240928,5328111.36,1.7016725284810863,-132725135.95,0.0051420165409078,26.140232679465846,-172.81049429196358,22.91749199129221,8.311111111111105,12.307196490339996,-91.68888888888888,False,True,False,567,421,13,2,108334.14558,192924.96493000002,-0.2807909085530945,3,2,-0.08363448631905002,0
1759190400000,0.001937,0.002037,0.001525,0.001775,9099949.14,2025-09-30,-0.08363448631905,-0.0873399614974796,0.08363448631905,0.0957018575834386,1.8283814218855108,0.0853412214706077,1.6304417468786767,0.0834841994636301,1.5949633912508343,0.069317777511745,1.3243142798808156,0.002038,0.0020697745782762,0.002471,0.0023771068615445,0.00290795,0.0028176036830711,0.00405018,0.0035860529942186,,0.0040306025154296,-0.3079922027290448,-30.79922027290448,-0.3885635549431623,-38.85635549431623,-0.4805384840503365,-48.05384840503365,12.371134020618555,16.051266402197115,29.584511638024797,0.0024776943162429,0.0030297542787489,-0.000552059962506,-0.0004774618668834,-7.459809562261659e-05,-4.20270961254178,0.00290795,0.0005954308015829,0.0040988116031658,0.0017170883968341,0.8190385688652337,0.0243150014291645,0.0005758571428571,32.44265593561368,0.0006109285714285,34.418511066398395,0.0005683333333333,32.018779342723,5472060.942500001,1.662983880410246,-141825085.08999997,0.005083087272941,29.3628364598645,-167.19375137972182,14.13949480850968,10.101010101010102,8.840486873288695,-89.89898989898991,False,True,False,567,421,13,2,108334.14558,192924.96493000002,-0.2807909085530945,3,2,-0.01183098591549303,0
1759276800000,0.001775,0.001867,0.001518,0.001754,13698070.04,2025-10-01,-0.011830985915493,-0.0119015289773878,0.011830985915493,0.0778480037266181,1.4872840228887472,0.0788334499177749,1.506110945935753,0.0833371211920536,1.5921534648178066,0.069222428788228,1.3224926450757954,0.0019628,0.0019645163855169,0.0023396999999999,0.002263814405267,0.00282505,0.0027161404052413,0.00398044,0.0035081907097369,,0.0039681609278114,-0.1765258215962442,-17.652582159624416,-0.4281056406912292,-42.81056406912292,-0.4859320046893318,-48.593200468933176,15.371477369769435,19.162112932604728,29.34287573194534,0.0023663541974476,0.0029345629635088,-0.0005682087660612,-0.0004956112581115,-7.259750794966723e-05,-4.138968526206797,0.00282505,0.0006356225688252,0.0040962951376504,0.0015538048623495,0.8999806287679614,0.0787397850034134,0.0005532857142857,31.544225443883366,0.0005477142857142,31.226584134223824,0.0005597142857142,31.910734647336703,5870587.778,2.333338765725206,-155523155.12999997,0.0049964795197624,34.06887067910757,-148.60527711170235,13.876166729809512,11.340701585776062,9.917607599299094,-88.65929841422393,False,True,False,567,421,13,2,108334.14558,192924.96493000002,-0.2807909085530945,3,2,0.04161915621436729,1
1759363200000,0.001754,0.001969,0.00167,0.001827,8601294.63,2025-10-02,0.0416191562143672,0.0407763834458784,0.0416191562143672,0.0620602737041628,1.1856598643228151,0.0841777302157493,1.6082132776657911,0.0846065919815887,1.6164066701977409,0.0580670633220765,1.10936968709275,0.0018661999999999,0.0019186775903444,0.0022306,0.0021843934324497,0.0027548,0.0026313335545043,0.00388598,0.0034369739743537,,0.0039098786034933,-0.2090909090909091,-20.909090909090907,-0.3738862234407127,-37.38862234407128,-0.4347153465346535,-43.47153465346534,31.273176761433888,22.434456928838955,31.555653905731347,0.0022833750320846,0.002851966100875,-0.0005685910687903,-0.0005102072275769,-5.838384121343828e-05,-3.195612545891531,0.0027548,0.0006652304389022,0.0040852608778045,0.0014243391221954,0.9659219382928108,0.151323832410982,0.000536,29.337712096332787,0.0005338571428571,29.22042380170459,0.0005543333333333,30.341178617040693,6051507.4165,1.421347449157505,-146921860.49999997,0.0049460667714909,38.243224151981664,-114.64552238805967,21.147527655828497,17.340067340067343,12.92725967561784,-82.65993265993265,True,False,False,567,421,13,2,108334.14558,192924.96493000002,-0.2807909085530945,3,2,0.013136288998357948,1
1759449600000,0.001827,0.002081,0.0017,0.001851,7385487.35,2025-10-03,0.0131362889983579,0.0130507561954907,0.0131362889983579,0.0496632973527175,0.9488159636830104,0.0786232625660172,1.5020953222187938,0.084624276557529,1.6167445335466828,0.0578527242071419,1.1052747440516697,0.0018287999999999,0.0018961183935629,0.0021057,0.0021237763374109,0.00268375,0.002556915393137,0.00380152,0.0033700013472441,,0.0038542486631383,-0.0917566241413149,-9.175662414131496,-0.4029032258064515,-40.29032258064516,-0.4342909535452323,-43.42909535452323,14.85451761102604,24.0077071290944,31.44946808510637,0.0022168547134246,0.0027773561313606,-0.000560501417936,-0.0005202660696897,-4.0235348246341605e-05,-2.1737087113096494,0.00268375,0.0006827381308108,0.0040492262616217,0.0013182737383782,1.0175882713529756,0.1950697630543413,0.0004722857142857,25.51516554758046,0.0005395714285714,29.1502662653392,0.0005568571428571,30.084124411515013,6263556.064,1.179120498728883,-139536373.14999998,0.0049047848057541,42.18513781163583,-94.78019251761437,28.085000093600044,18.686868686868685,15.7892125375707,-81.31313131313132,True,False,False,567,421,13,2,108334.14558,192924.96493000002,-0.2807909085530945,3,2,0.4819016747703946,1
1759536000000,0.001851,0.002778,0.001766,0.002743,12125085.27,2025-10-04,0.4819016747703946,0.3933261783641059,0.4819016747703946,0.2249103298651034,4.296905818750372,0.1838189011421444,3.511855175294604,0.1414873009994175,2.7031110901323343,0.0917339882561235,1.752575384827065,0.00199,0.0021784122623757,0.002093,0.0022363626209703,0.0026587,0.0025746594562361,0.0037388,0.0033436038072927,,0.003824438399324,0.4161073825503356,41.61073825503357,-0.0442508710801393,-4.425087108013935,-0.1544389642416768,-15.443896424167686,77.6904948939513,47.49216300940439,43.63670694864049,0.0022978012572023,0.0027747964828536,-0.0004769952256513,-0.0005116118981007,3.461667244936573e-05,1.262000453859487,0.0026587,0.0006701757899787,0.0039990515799575,0.0013183484200424,1.0082759092470328,0.5314469730407116,0.0005254285714285,19.15525233060778,0.0005712857142857,20.82704025831988,0.0005955238095238,21.710674791243516,6674537.157000001,1.8166181391744405,-127411287.87999998,0.004851287424814,42.90880032623821,-24.693014147314603,39.45226794908724,69.64184195565663,35.22292599419756,-30.35815804434336,True,False,False,567,421,13,2,108334.14558,192924.96493000002,-0.2807909085530945,3,2,-0.05650747356908503,0
1759622400000,0.002743,0.003248,0.002268,0.002588,17214120.72,2025-10-05,-0.056507473569085,-0.0581668353168121,0.056507473569085,0.2200014395645055,4.203121601240677,0.1810263491841864,3.458503545049299,0.1412701796540738,2.6989629926539216,0.091893691618952,1.755626513289788,0.0021526,0.0023149415082506,0.0020953,0.0023002967656589,0.0026161,0.002575931392848,0.00367172,0.0033118834741431,,0.0037915011552075,0.4580281690140844,45.80281690140844,0.0089668615984406,0.8966861598440552,-0.2476744186046511,-24.76744186046512,74.52901281085154,42.4709210939956,42.43481454278369,0.0023424477380382,0.0027608854825799,-0.0004184377445417,-0.0004929770625977,7.453931805595764e-05,2.880190033074097,0.0026161,0.0006444846901125,0.003905069380225,0.0013271306197749,0.985412927812457,0.4890998186492633,0.00056,21.63833075734157,0.0005740714285714,22.18204901744315,0.0006374761904761,24.63200117759624,7263408.5015,2.3699783258018643,-144625408.59999996,0.0047872953678747,42.30295928954333,14.687444026509011,53.26662738886381,61.84971098265896,50.05947387506143,-38.15028901734104,True,False,False,567,421,13,2,108334.14558,192924.96493000002,-0.2807909085530945,3,2,0.5135239567233385,1
1759708800000,0.002588,0.004616,0.002588,0.003917,13139409.04,2025-10-06,0.5135239567233385,0.4144406780450401,0.5135239567233385,0.2754797829164181,5.263033862747043,0.2273377008188838,4.343280675707013,0.1798275191453693,3.435599929316863,0.1182152751021305,2.2584996596474003,0.0025852,0.0028489610055007,0.002274,0.0025942430933064,0.00261195,0.002703780317024,0.00362846,0.0033372163034774,,0.003794821593474,1.2331812998859752,123.31812998859752,0.8389671361502349,83.8967136150235,-0.0207499999999999,-2.074999999999993,92.9430633520449,61.45379500114653,55.19332827899924,0.0025846889367678,0.0028469487808848,-0.0002622598441169,-0.0004468336094104,0.0001845737652934,4.712120635523967,0.00261195,0.0006353062647259,0.0038825625294518,0.0013413374705481,0.972922551696485,1.0135515232810748,0.0007944285714285,20.281556584849923,0.0006807142857142,17.378460191837775,0.0006905714285714,17.630110507312448,7666379.76,1.7139001003519292,-131485999.55999996,0.0047632974207761,44.17790063956774,146.35349642373384,62.48469620300932,77.43705616526792,69.6428697011945,-22.56294383473208,True,False,False,567,421,13,2,108334.14558,192924.96493000002,-0.2807909085530945,3,2,-0.08909880010211901,0
1759795200000,0.003917,0.00433,0.003392,0.003568,13924186.89,2025-10-07,-0.089098800102119,-0.0933208399659313,0.089098800102119,0.2992915975419039,5.717957942404133,0.2336276817001158,4.463450591711337,0.1779986784173103,3.4006599762667844,0.1186148290388685,2.266133126890564,0.0029334,0.0030886406703339,0.0023998,0.0027712899440819,0.002618,0.0027861616379478,0.00358496,0.0033468523972062,,0.0037888600458291,0.952928297755884,95.2928297755884,0.5445887445887445,54.45887445887446,0.035102988105599,3.510298810559908,82.14032600992203,55.1678445229682,52.14368482039397,0.0027359688243895,0.0029006054309638,-0.0001646366065743,-0.000390394199556,0.0002257575929817,6.3272867988152806,0.002618,0.0006441909654752,0.0039063819309505,0.0013296180690494,0.9842489923228266,0.8686794952561471,0.0008552857142857,23.97101217168481,0.0007155714285714,20.0552530429212,0.0006923809523809,19.405295750587232,8075741.438999998,1.7241991952288411,-145410186.45,0.0047402986443079,45.22695604874314,146.7239631931176,67.08925335792082,66.17172369270496,68.48616361354395,-33.82827630729504,False,False,True,567,421,13,2,108334.14558,192924.96493000002,-0.2807909085530945,3,2,0.05661434977578472,1
1759881600000,0.003568,0.00382,0.003392,0.00377,9005995.24,2025-10-08,0.0566143497757847,0.0550697867421564,0.0566143497757847,0.2940869515851359,5.618523321017089,0.2248841245876483,4.2964051676275625,0.1777132646107583,3.3952071531489647,0.1184829150461873,2.263612913599042,0.0033172,0.0033157604468893,0.0025729999999999,0.0029528737084855,0.00264155,0.0028799374473203,0.00355392,0.0033644756831481,,0.0037883675395355,1.036736898973528,103.67368989735276,0.8498527968596663,84.98527968596665,0.1427705365262201,14.27705365262201,82.92104371399525,59.99999999999999,53.715738909296405,0.0028950516670923,0.0029652789588689,-7.022729177659287e-05,-0.0003263608095707,0.0002561335177942,6.7939925144352005,0.00264155,0.0006781130533752,0.0039977761067504,0.0012853238932495,1.026841140050701,0.9160257623648688,0.0008665714285714,22.98597953770368,0.0007099285714285,18.83099658961728,0.000654,17.3474801061008,8313082.052499999,1.083352141013888,-136404191.20999998,0.0047244735971162,46.83677895439886,128.0442622140987,63.12934883472762,72.69205939315685,72.10027975037657,-27.30794060684314,False,False,False,567,421,13,2,108334.14558,192924.96493000002,-0.2807909085530945,3,2,-0.15145888594164458,0
1759968000000,0.00377,0.003847,0.00295,0.003199,10163769.7,2025-10-09,-0.1514588859416445,-0.1642367404925384,0.1514588859416445,0.2674274363723437,5.109193998030378,0.2336271349946018,4.463440146917157,0.1815110431515406,3.467763610293465,0.1202630745821841,2.2976228137806687,0.0034084,0.0032768402979262,0.0026992,0.0029976239670738,0.0026415,0.002910346924368,0.00350806,0.0033576006611455,,0.0037730734824634,0.1662413415967918,16.624134159679173,0.6515229736706247,65.15229736706247,-0.0003125,-0.0312500000000041,69.26815323041738,56.65127989928661,48.38320139541125,0.0029418132284875,0.0029826597933925,-4.0846564905040045e-05,-0.000269257954624,0.0002284113897189,7.140087205969846,0.0026415,0.0006780697448989,0.0039976394897979,0.001285360510202,1.0267949951148518,0.7055467023097546,0.0009519999999999,29.75929978118162,0.000744,23.25726789621757,0.000673238095238,21.045267122166152,8552144.322500002,1.1884469340934696,-146567960.90999997,0.0047018139079333,47.40166844960165,85.25372988875047,59.20341558417299,54.26081342801808,64.37486550462663,-45.73918657198193,True,True,False,567,421,13,2,108334.14558,192924.96493000002,-0.2807909085530945,3,2,-0.1262894654579556,0
1760054400000,0.003199,0.003331,0.002523,0.002795,12146717.3,2025-10-10,-0.1262894654579556,-0.1350061543603184,0.1262894654579556,0.2763485115688476,5.279630900347664,0.2371358004965614,4.530473107210539,0.1826881725425611,3.490252635731876,0.1214745964860177,2.3207689072537803,0.0034498,0.0031162268652841,0.0028012,0.0029607832297786,0.0026360999999999,0.0028993541220409,0.00345608,0.0033342806453823,,0.0037478476141691,0.0799845440494591,7.998454404945909,0.5746478873239436,57.46478873239437,-0.0372028935583879,-3.720289355838788,50.863787375415285,57.02217529039071,41.74318212964233,0.0029192264637538,0.0029687084058485,-4.948194209474736e-05,-0.0002253027484149,0.0001758208063201,6.290547632207358,0.0026360999999999,0.0006763053576913,0.0039887107153827,0.0012834892846172,1.0262210958482594,0.5587382600895007,0.001013,36.2432915921288,0.0007426428571428,26.5704063378482,0.0006973809523809,24.951017974273785,8904718.101,1.3640765673015438,-158714678.20999998,0.0046671167143418,47.31043449413388,31.38451401273427,56.39430064375264,41.22014202711427,56.0576716160964,-58.77985797288574,False,True,False,567,421,13,2,108334.14558,192924.96493000002,-0.2807909085530945,3,2,-0.033273703041144964,0
1760140800000,0.002795,0.002902,0.002466,0.002702,10727222.56,2025-10-11,-0.0332737030411449,-0.0338398670690554,0.0332737030411449,0.0829765020158171,1.5852638451295826,0.2380247201978464,4.547455894257911,0.1826213381179494,3.488975765842534,0.1215160378131731,2.321560642697401,0.0032068,0.0029781512435227,0.002896,0.0029137317167265,0.00261785,0.0028805470662845,0.0034016,0.0033081308043262,,0.0037210343526887,-0.3101863671176922,-31.01863671176921,0.540478905359179,54.04789053591791,-0.1190088033909357,-11.900880339093574,51.93351424694709,54.21686746987952,44.55170396372678,0.0028858068648194,0.0029488855764738,-6.307871165440277e-05,-0.000192857938876,0.0001297792272216,4.803080208055379,0.00261785,0.0006689503384132,0.0039557506768264,0.0012799493231735,1.0221370031334212,0.5314485228453614,0.0009307142857142,34.44538437136513,0.0007280714285714,26.945648725811573,0.0006910952380952,25.57717387473124,9143001.1295,1.1732714901881058,-169441900.76999998,0.0046343591992976,47.0844047265187,9.089480492584446,50.4979107318565,38.218205293737896,44.56638691629008,-61.78179470626212,False,True,False,567,421,13,2,108334.14558,192924.96493000002,-0.2807909085530945,3,2,-0.006291635825314668,0
1760227200000,0.002702,0.00284,0.002525,0.002685,8557201.61,2025-10-12,-0.0062916358253146,-0.0063115115771791,0.0062916358253146,0.0860928315626377,1.644801237524626,0.2390280776332808,4.566625011146364,0.1821908904708485,3.4807520750916274,0.121484748911026,2.3209628690612205,0.0030302,0.0028804341623484,0.0029818,0.0028721441197695,0.0026062,0.0028619132944223,0.0033496999999999,0.0032824144736384,,0.0036946267924288,-0.2474775784753363,-24.747757847533634,0.4696223316912971,46.96223316912971,-0.0798492117888965,-7.984921178889655,12.347188264058673,57.363988162986566,45.42201014017298,0.0028549133891688,0.0029292774511285,-7.436406195962791e-05,-0.0001691591622149,9.479510025530946e-05,3.530543771147466,0.0026062,0.0006654678291089,0.0039371356582178,0.0012752643417821,1.0213611067591373,0.5296032342034908,0.0008357142857142,31.125299281723876,0.0006978571428571,25.990955041234372,0.0006612857142857,24.628890662410218,9428399.7735,0.9075985125335224,-177999102.38,0.0046089094328357,47.16024710894322,9.356399515728262,49.481812140565744,37.66946417043253,39.03593716376157,-62.33053582956748,False,False,True,567,421,13,2,108334.14558,192924.96493000002,-0.2807909085530945,3,2,0.010428305400372428,1
1760313600000,0.002685,0.002976,0.00254,0.002713,7892266.82,2025-10-13,0.0104283054003724,0.0103743057159666,0.0104283054003724,0.0729872743642,1.3944199188110378,0.239088879629122,4.567786631645869,0.1817581871872364,3.4724852904656807,0.1213974703112941,2.3192954137546304,0.0028187999999999,0.0028246227748989,0.003068,0.0028432088183792,0.00258685,0.0028477240197614,0.00329526,0.0032589631578995,,0.0036697475215502,-0.2803713527851458,-28.037135278514587,0.4656942193408968,46.56942193408969,-0.1248387096774192,-12.483870967741929,17.490494296577964,58.98148148148148,46.33006782215524,0.0028330804931914,0.0029132105837533,-8.013009056186257e-05,-0.0001513533471162,7.122325655438974e-05,2.625258258547355,0.00258685,0.0006559116014733,0.0038986732029467,0.0012750267970532,1.0142244064763934,0.5480819365432137,0.0006082857142857,22.421146859038487,0.0007013571428571,25.85171923542731,0.0006565714285714,24.20093728608288,9635536.3655,0.8190791379562669,-170106835.56,0.0045867280997163,44.627487316411575,19.085135860380696,54.14198582648478,38.57327307940607,38.153647514525495,-61.426726920593936,True,False,False,567,421,13,2,108334.14558,192924.96493000002,-0.2807909085530945,3,2,-0.02617029119056402,0
1760400000000,0.002713,0.002842,0.002628,0.002642,5062364.6,2025-10-14,-0.026170291190564,-0.0265188275766611,0.026170291190564,0.0531363998112908,1.0151694929864918,0.1879823035405182,3.5913968664303626,0.1809542856704779,3.4571267735530347,0.1213976044473434,2.3192979764202546,0.0027074,0.0027637485165993,0.0030579,0.0028066253897318,0.00257545,0.0028281224367028,0.00324224,0.0032336034914927,,0.0036438429117961,-0.1741169115348547,-17.41169115348547,-0.036820998906307,-3.6820998906307114,-0.0794425087108015,-7.944250871080151,2.3648648648648845,60.25065027193189,47.963800904977376,0.002803683418048,0.0028930671452905,-8.938372724242314e-05,-0.0001389594227137,4.957569547136474e-05,1.8764457029282644,0.00257545,0.0006527048559244,0.0038808597118488,0.0012700402881511,1.013733298529496,0.5254900815414277,0.0005048571428571,19.108900183843414,0.0006800714285714,25.740780793770952,0.0006453333333333,24.4259399444865,9679003.953,0.5230253675463087,-175169200.16,0.0045724806429393,42.58773479145936,15.205430886195638,54.464996494278,36.281471917366034,37.50806972240155,-63.71852808263397,False,False,True,567,421,13,2,108334.14558,192924.96493000002,-0.2807909085530945,3,2,-0.059803179409538165,0
1760486400000,0.002642,0.002822,0.002484,0.002484,11339753.52,2025-10-15,-0.0598031794095381,-0.0616660420289011,0.0598031794095381,0.0267707504945504,0.5114544700607654,0.1881130432487872,3.59389464504969,0.179694302019719,3.4330548197049238,0.1216171886595483,2.323493126903983,0.0026452,0.0026704990110662,0.0030475,0.0027479662186164,0.0025714,0.0027953355245256,0.0031862999999999,0.0032028498472345,,0.003614765917902,-0.1112701252236135,-11.127012522361362,-0.0401854714064914,-4.018547140649147,-0.031578947368421,-3.1578947368421018,3.631647211413792,58.36005497022446,45.447446509448696,0.0027545012458741,0.0028626908024787,-0.0001081895566046,-0.000132805449322,2.4615892717443826e-05,0.9909779676909752,0.0025714,0.0006530243325844,0.0038774486651688,0.0012653513348311,1.0158269154304125,0.4665402973369685,0.000492,19.80676328502416,0.0006792857142857,27.346445824706688,0.0006372857142857,25.65562456866805,10054307.3315,1.1278502979984226,-186508953.68,0.0045395465363706,40.3785162773655,1.6689429990927875,53.69863752924658,27.630685675492195,34.1618102240881,-72.36931432450781,False,True,False,567,421,13,2,108334.14558,192924.96493000002,-0.2807909085530945,3,2,-0.05716586151368763,0
1760572800000,0.002484,0.00257,0.002275,0.002342,6536106.15,2025-10-16,-0.0571658615136876,-0.0588648988957067,0.0571658615136876,0.0308756632617051,0.589878718361093,0.0628364791636375,1.2004892488040129,0.1754553641034628,3.3520700245262973,0.1217827912900239,2.326656960716852,0.0025732,0.0025609993407108,0.0028899999999999,0.002674154169246,0.002582,0.0027521448052137,0.0031303999999999,0.0031675959888214,,0.0035830251738647,-0.1332346410066617,-13.323464100666175,-0.4020934388562676,-40.209343885626765,0.0995305164319249,9.953051643192486,5.500982318271156,55.80608793686584,45.49718574108818,0.0026910393979763,0.0028240326498461,-0.0001329932518698,-0.0001328430098324,-1.5024203737636448e-07,-0.0064151168819967,0.002582,0.0006471767837876,0.0038763535675752,0.0012876464324247,1.00259765110396,0.4072896285789956,0.0004059999999999,17.335610589239963,0.000679,28.99231426131512,0.0006313333333333,26.957016794762307,10018936.289,0.6523752583571301,-193045059.83,0.0045191449871874,38.06775127069206,-26.536198335225823,50.01321926373874,22.016460905349795,28.642872832736007,-77.98353909465021,False,True,False,567,421,13,2,108334.14558,192924.96493000002,-0.2807909085530945,3,2,0.253202391118702,1
1760659200000,0.002342,0.0039,0.002128,0.002935,22322302.56,2025-10-17,0.253202391118702,0.2257021881045342,0.253202391118702,0.1311924223932088,2.5064277105255437,0.1120636449668773,2.140972930933679,0.1827909892848161,3.4922169468345534,0.1272529024959448,2.431163288567737,0.0026232,0.0026856662271405,0.0028267,0.0027215806889869,0.00261325,0.0027695653907367,0.00308986,0.0031580871412936,,0.0035669470476342,0.0931098696461825,9.310986964618255,-0.1774103139013452,-17.741031390134527,0.2705627705627706,27.05627705627706,61.54608523290386,60.831334932054354,48.78801234023799,0.00272857185722,0.0028322699070475,-0.0001036980498274,-0.0001270140177284,2.3315967900977563e-05,0.7944111720946359,0.00261325,0.0006484398990126,0.0039101297980253,0.0013163702019746,0.9925416994358328,0.6240477338338922,0.0005437142857142,18.525188610367483,0.0007783571428571,26.519834509613045,0.0006763333333333,23.043725156161276,10731522.848,2.0800684931831586,-170722757.27,0.0044709387302763,37.449098575227175,48.40093568519075,55.53910775716345,41.01754385964912,30.221563480163702,-58.98245614035088,True,True,False,567,421,13,2,108334.14558,192924.96493000002,-0.2807909085530945,3,2,0.07052810902896067,1
1760745600000,0.002935,0.004001,0.002935,0.003142,9646744.17,2025-10-18,0.0705281090289606,0.0681520865533695,0.0705281090289606,0.1323747248988187,2.5290155681794144,0.1131194938536215,2.161144895591299,0.1798729815777788,3.4364684878684963,0.1275185766879692,2.4362389868795304,0.002709,0.0028377774847603,0.0027639,0.002798020570387,0.00266845,0.002805046050733,0.0030581799999999,0.0031574305702362,,0.0035564562518969,0.1581275340950976,15.812753409509757,-0.16657824933687,-16.657824933687003,0.5417075564278704,54.17075564278705,69.05754795663051,54.619124797406805,52.00471698113206,0.0027921762713836,0.0028552579770802,-6.308170569655153e-05,-0.0001142275551413,5.114584944479379e-05,1.6278118855758683,0.00266845,0.0006438672202934,0.0039561844405868,0.0013807155594131,0.9651553827779344,0.6838694318776539,0.0006337142857142,20.169137037373822,0.0007822142857142,24.89542602527962,0.000696619047619,22.171198205571216,10882737.402,0.8864262559737175,-161076013.10000002,0.0044560205073411,39.44651173385858,90.2007972734056,55.81233449601407,40.75562700964629,34.596543924881736,-59.24437299035371,True,False,False,567,421,13,2,108334.14558,192924.96493000002,-0.2807909085530945,3,2,-0.15690642902609797,0
1760832000000,0.003142,0.004,0.002347,0.002649,9781494.12,2025-10-19,-0.1569064290260979,-0.1706773295434967,0.1569064290260979,0.1581554169828107,3.0215549988652306,0.113872953639994,2.1755397245980426,0.1840658555639818,3.5165732328991424,0.1290556151455465,2.4656040653797864,0.0027104,0.0027748516565069,0.0027089,0.0027709259192912,0.00270405,0.0027901804670523,0.00302326,0.0031367128871408,,0.0035341625181712,0.0026495079485238,0.2649507948523869,-0.1719287277274148,-17.192872772741485,0.3675787299948374,36.75787299948374,48.076923076923066,50.65492806527808,50.60240963855422,0.0027701491279462,0.0028399518036777,-6.980267573155653e-05,-0.0001053425791589,3.553990342736131e-05,1.3416347084696607,0.00270405,0.0006205577690568,0.0039451655381137,0.0014629344618862,0.9179678912103858,0.4778223709600531,0.0008248571428571,31.138434988944613,0.0008302857142857,31.34336407269589,0.0007401904761904,27.9422603318413,10918477.0715,0.89586615935039,-170857507.22000003,0.0044364552344692,40.13862412027977,36.023300137402735,47.849806060939365,20.940514469453365,34.23789511291626,-79.05948553054664,False,True,False,567,421,13,2,108334.14558,192924.96493000002,-0.2807909085530945,3,2,0.016610041525103814,1
1760918400000,0.002649,0.002935,0.0025,0.002693,6162749.35,2025-10-20,0.0166100415251038,0.0164736035395292,0.0166100415251038,0.1533463298015169,2.929677517272574,0.1068505966960402,2.04137778356174,0.1821889978418334,3.4807159164650647,0.1288647579989591,2.4619577447140637,0.0027522,0.0027475677710046,0.0026987,0.0027567575695015,0.00274995,0.0027809228996964,0.00299406,0.0031186600079771,,0.0035135954495937,0.0841384863123992,8.413848631239935,-0.0364937388193202,-3.649373881932025,0.5171830985915493,51.71830985915492,51.55772755039708,31.85053380782918,54.2774654307856,0.0027582800200486,0.0028290481448354,-7.07681247867774e-05,-9.842768822193589e-05,2.7659563435158488e-05,1.027091104164816,0.00274995,0.0005809066846884,0.0039117633693769,0.001588136630623,0.8449705408294593,0.475490900044239,0.0008247142857142,30.62437005994376,0.0007165,26.6060155959896,0.0007424761904761,27.570597492617544,10771617.082,0.5721285210090055,-164694757.87000003,0.004421969010592,37.87891517107725,-11.920855040985074,40.1140335775446,25.658492279745687,29.118211252948445,-74.34150772025431,False,False,True,567,421,13,2,108334.14558,192924.96493000002,-0.2807909085530945,3,2,0.029706646862235342,1
1761004800000,0.002693,0.002921,0.002588,0.002773,5521398.13,2025-10-21,0.0297066468622353,0.029273952804179,0.0297066468622353,0.1464392998614167,2.797718895551195,0.1064537455487127,2.033795953037761,0.1818738685003282,3.474695378849096,0.1288938806831817,2.462514132814908,0.0028384,0.0027560451806697,0.0027058,0.0027597107388242,0.0028009,0.002780168169292,0.00296856,0.0031046171497601,,0.003495571114247,0.1840307429547394,18.403074295473957,0.0262768319763138,2.62768319763138,0.580957810718358,58.09578107183581,59.26876202694034,37.18981630679987,53.57197963277272,0.0027605446341716,0.0028248899543721,-6.434532020054614e-05,-9.161121456832708e-05,2.7265894367780943e-05,0.98326341030584,0.0028009,0.0005315466905272,0.0038639933810545,0.0017378066189454,0.7591084159053001,0.4868779166077004,0.0008417142857142,30.35392303333161,0.0006732857142857,24.280047395806506,0.0007339523809523,26.46781034808442,10362783.4865,0.5328103339409668,-159173359.74000004,0.004409578075457,35.75409249348377,-13.355499207961865,34.47300267476953,34.43673251468231,27.01191308796045,-65.5632674853177,False,False,True,567,421,13,2,108334.14558,192924.96493000002,-0.2807909085530945,3,2,-0.06382978723404253,0
1761091200000,0.002773,0.002791,0.0025,0.002596,5861406.04,2025-10-22,-0.0638297872340425,-0.0659579677917974,0.0638297872340425,0.0903711463032475,1.7265383258762264,0.1088058140052507,2.0787321578046085,0.1832323535225915,3.5006491987574546,0.1290233421816696,2.464987491270654,0.0027706,0.0027026967871131,0.0026969,0.0027299451487831,0.00283935,0.0027626247993567,0.0029435,0.003083983064464,,0.0034737765410441,-0.1155025553662693,-11.550255536626928,-0.0331471135940409,-3.314711359404101,0.4209085933223861,42.09085933223863,57.96737766624843,30.929174788823914,54.36893203883495,0.0027352300578272,0.0028079106579165,-7.268060008930278e-05,-8.782509165060207e-05,1.514449156129929e-05,0.5833779492025921,0.00283935,0.0004829858094243,0.0038053216188486,0.0018733783811513,0.6804174327565172,0.3740387423131222,0.0008349999999999,32.16486902927581,0.0006634999999999,25.558551617873647,0.0007311904761904,28.166042996551475,10225789.057,0.5731984111277566,-165034765.78000003,0.0043955904489477,33.40496425348132,-45.97963771957084,36.078869443140334,24.986652429257852,28.36062574122862,-75.01334757074214,False,True,False,567,421,13,2,108334.14558,192924.96493000002,-0.2807909085530945,3,2,0.04083204930662565,1
1761177600000,0.002596,0.00285,0.00256,0.002702,6685668.86,2025-10-23,0.0408320493066256,0.0400204406961636,0.0408320493066256,0.0835918371014377,1.5970198054337188,0.1095006211479434,2.0920064296272334,0.1831953493052447,3.4999422341776976,0.128801804247499,2.460755014981182,0.0026826,0.0027024645247421,0.0026958,0.0027248642124781,0.0028818999999999,0.0027568499533628,0.00292568,0.0030685073398084,,0.0034551605312186,-0.1400381922342456,-14.003819223424566,-0.0040545521562845,-0.4054552156284614,0.4597514856834144,45.97514856834143,39.47606142728094,40.48985840030616,55.984978876545135,0.0027301177382922,0.0028000549347767,-6.993719648448488e-05,-8.424751260080842e-05,1.4310316116323536e-05,0.5296193973472813,0.0028818999999999,0.0004253821687302,0.0037326643374605,0.0020311356625394,0.5904190551098575,0.3942715437879165,0.0008342857142857,30.87659934440097,0.0006201428571428,22.951253040076136,0.0007307619047619,27.045222233971305,10190798.1325,0.6560495824834749,-158349096.92000002,0.0043805677772737,31.4070587692334,-43.2890111873269,42.66201478625694,30.64602242391884,30.02313578928634,-69.35397757608116,True,False,False,567,421,13,2,108334.14558,192924.96493000002,-0.2807909085530945,3,2,0.07031828275351604,1
1761264000000,0.002702,0.002922,0.002604,0.002892,6627262.01,2025-10-24,0.070318282753516,0.0679560647585112,0.070318282753516,0.0502268626753026,0.9595828640531012,0.1107224672327304,2.1153497663005085,0.1501764897637903,2.869117808384216,0.1291612955622239,2.467623086905481,0.0027312,0.0027656430164947,0.0027207999999999,0.0027552525382776,0.00288935,0.0027697235154137,0.00291066,0.00306136556587,,0.0034416349618791,0.0917327293318233,9.17327293318234,0.0946252838758516,9.462528387585172,0.0543200874954428,5.432008749544288,38.532110091743135,52.02167569820759,58.700732201277454,0.0027550227137763,0.002806874111079,-5.1851397302672426e-05,-7.776828951717345e-05,2.5916892214501025e-05,0.8961580987033548,0.00288935,0.0004241243952327,0.0037375987904655,0.0020411012095344,0.5871554435880376,0.5015620417204164,0.0006265714285714,21.66567871962063,0.0005851428571428,20.23315550286504,0.0007277619047619,25.164657841006388,9915906.9695,0.6683465295090575,-151721834.91000003,0.004366827479884,30.178330600850057,-27.86452409019778,50.089205489210286,40.79017618793379,32.14095034703683,-59.20982381206621,True,False,False,567,421,13,2,108334.14558,192924.96493000002,-0.2807909085530945,3,2,0.2610650069156293,1
1761350400000,0.002892,0.0042,0.002856,0.003647,25413985.63,2025-10-25,0.2610650069156293,0.2319566075300249,0.2610650069156293,0.1192291015551654,2.277868786836276,0.1314067648170745,2.5105227167836635,0.1591033851192306,3.039665904681853,0.134243426346965,2.56471705921748,0.002922,0.0030594286776631,0.0028371,0.0029173884438816,0.0029423,0.0028532861602892,0.0029103,0.0030850318005153,,0.0034465465623569,0.3542517638321574,35.42517638321574,0.4681964573268922,46.81964573268921,0.4091962905718702,40.91962905718702,86.90828402366864,65.43613198301207,63.23221026142876,0.0028922500452015,0.0028691769794286,2.3073065772914216e-05,-5.7600018399371576e-05,8.067308417228579e-05,2.212039598911044,0.0029423,0.0004498477052233,0.0038419954104467,0.0020426045895532,0.6115592634651285,0.8916325413120074,0.0006662857142857,18.269419092013003,0.0006499999999999,17.82286811077598,0.0007435714285714,20.388577695953614,10325900.215,2.461188380755624,-126307849.28000005,0.0043409505718031,30.98664635811759,111.04029122827046,64.77645662918528,73.31081081081082,48.249003140887815,-26.68918918918918,True,False,False,567,421,13,2,108334.14558,192924.96493000002,-0.2807909085530945,3,2,0.5985741705511378,1
1761436800000,0.003647,0.005999,0.003489,0.00583,32220872.55,2025-10-26,0.5985741705511378,0.4691120885358578,0.5985741705511378,0.2610636640710723,4.987614298925688,0.2125332121184106,4.06044131622165,0.1732790552341724,3.310491701958984,0.158116468914558,3.0208108970660623,0.0035334,0.0039829524517754,0.0031858999999999,0.0034469541906378,0.00303795,0.0031368211013014,0.00295386,0.0031958270019484,,0.0035033167035037,1.1024161557879553,110.24161557879556,1.4893253629376604,148.93253629376605,0.4883839673219299,48.838396732193,94.92981953594958,80.08417830495505,71.60747058188491,0.0033442117345036,0.0030887299185174,0.0002554818159862,5.016348626242133e-06,0.00025046546736,4.29614866826768,0.00303795,0.0007626370092611,0.0045632240185222,0.0015126759814777,1.0041468875539183,1.4152617713586717,0.0007887142857142,13.52854692477334,0.0008067857142857,13.838519970595438,0.0008164285714285,14.003920607694193,11279973.3905,2.856467070847564,-94086976.73000003,0.0043711194707867,33.08350741963374,306.3829787234044,78.06342414864935,95.63420304830792,69.91173001568417,-4.365796951692066,True,False,False,567,421,13,2,108334.14558,192924.96493000002,-0.2807909085530945,3,2,-0.10720411663807883,0
1761523200000,0.00583,0.006,0.0048,0.005205,11077521.47,2025-10-27,-0.1072041166380788,-0.1133972982954687,0.1072041166380788,0.2717511127340521,5.191797718936223,0.2164520946613246,4.135311462078207,0.173990184879133,3.324077814749579,0.1591146287503845,3.0398807139534325,0.0040552,0.0043903016345169,0.0034129,0.0037665988878321,0.0031198,0.0033338146492383,0.00298478,0.003276830350535,,0.0035436860022539,1.005007704160247,100.50077041602468,0.7734241908006816,77.34241908006815,0.4588004484304935,45.88004484304934,80.12884043607534,71.39423076923077,67.00121654501217,0.0036304869368437,0.0032456446670848,0.0003848422697589,8.098153299689364e-05,0.000303860736762,5.837862377752623,0.0031198,0.0008982981921974,0.0049163963843949,0.001323203615605,1.1517381783415286,1.0803195470367832,0.000898,17.25264169068204,0.0008613571428571,16.548648277754904,0.0007769999999999,14.927953890489912,11137640.1195,0.9946022093679664,-105164498.20000003,0.0043840123568055,34.58218570649665,263.8335679274854,79.46646586618527,79.46797520661157,82.80432968857677,-20.532024793388423,True,False,False,567,421,13,2,108334.14558,192924.96493000002,-0.2807909085530945,3,2,0.30413064361191156,1
1761609600000,0.005205,0.0074,0.0052,0.006788,12216534.62,2025-10-28,0.3041306436119115,0.2655366453050476,0.3041306436119115,0.2652382435025576,5.067369526979214,0.2280922122945628,4.357695597209744,0.1844012878735312,3.5229816581749587,0.1639097550204322,3.1314914727112395,0.0048724,0.0051895344230113,0.0037775,0.0043159445510343,0.0032707,0.0036628211434562,0.00305066,0.0034182336442351,,0.0036203507541932,1.5122131754256103,151.22131754256105,1.1604073838319544,116.04073838319542,0.8005305039787798,80.05305039787798,88.51525174568174,78.25790621592148,69.16153481762197,0.0041162582987579,0.0035082800249008,0.0006079782738571,0.0001863808813289,0.0004215973925282,6.210922105602015,0.0032707,0.0012119876714676,0.0056946753429352,0.0008467246570647,1.482236428247902,1.225523056629132,0.0011647142857142,17.15843084434717,0.0010032142857142,14.77923225860763,0.0008370952380952,12.331986418609873,11298167.0885,1.081284647704916,-92947963.58000004,0.00441422961038,35.9936662190827,282.5532078223655,83.6289698582844,88.391502276176,87.8312268436985,-11.608497723823984,True,False,False,567,421,13,2,108334.14558,192924.96493000002,-0.2807909085530945,3,2,-0.00014731879787865942,0
1761696000000,0.006788,0.006788,0.005888,0.006787,8986755.52,2025-10-29,-0.0001473187978786,-0.0001473296503586,0.0001473187978786,0.2771417539332625,5.294785774440721,0.2134416164713018,4.077796357015274,0.1790133169001974,3.420044617264202,0.1639320917038578,3.131918214448893,0.0056514,0.0057220229486742,0.0041913,0.0047652273642494,0.0034500999999999,0.0039603918233289,0.0031158999999999,0.003553758799085,,0.00369489485611,1.3468188105117562,134.68188105117565,1.5620989052472631,156.2098905247263,1.1216005001562983,112.16005001562988,88.27056398725877,79.9693550633793,70.1855590808576,0.0045271417243181,0.0037513526981971,0.000775789026121,0.0003042625104304,0.0004715265156905,6.94749544261888,0.0034500999999999,0.0014441334280095,0.0063383668560191,0.0005618331439808,1.6743090669946836,1.0776647668559198,0.0012517142857142,18.442821360163343,0.0010433571428571,15.37287671809552,0.0008595714285714,12.664968742764527,11239316.379499998,0.7995820400955553,-101934719.10000002,0.004436167705611,38.03289167253043,207.8314072059824,88.65651137796559,88.37253414264036,85.4106705418093,-11.627465857359647,False,False,True,567,421,13,2,108334.14558,192924.96493000002,-0.2807909085530945,3,2,-0.26403418299690573,0
1761782400000,0.006787,0.006788,0.004051,0.004995,20673098.43,2025-10-30,-0.2640341829969057,-0.3065716056211043,0.2640341829969057,0.3447945992189865,6.587291568805973,0.2440694902128344,4.662941063240538,0.1885837327298101,3.602887154958171,0.1687757813181298,3.2244567745953727,0.005921,0.0054796819657828,0.0044215,0.0048070042074412,0.0035600999999999,0.0040589348749598,0.0031474599999999,0.0036116810516495,,0.0037253858279087,0.3696188648204004,36.96188648204004,0.8548087634608244,85.48087634608244,0.7871198568872988,78.71198568872988,65.15348032857761,65.02435156869407,54.96134020618557,0.004599119933459,0.0038435465483739,0.0007555733850851,0.000394524685449,0.000361048699636,7.228202194915786,0.0035600999999999,0.0014750640628371,0.0065102281256743,0.0006099718743256,1.6573287973227295,0.7431928273745773,0.0016012857142857,32.05777205777206,0.0012177857142857,24.38009438009438,0.0009471904761904,18.962772296105623,11665635.436,1.7721365067009625,-122607817.53000005,0.0044561705792438,38.33367005456979,105.32984221911316,77.93958793893061,54.38163884673748,77.04855842185128,-45.61836115326251,False,True,False,567,421,13,2,108334.14558,192924.96493000002,-0.2807909085530945,3,2,-0.07727727727727729,0
1761868800000,0.004995,0.005041,0.004199,0.004609,12466856.06,2025-10-31,-0.0772772772772772,-0.0804264983621456,0.0772772772772772,0.2094612766752425,4.001752071985996,0.2491489045440348,4.759983137780511,0.1897859323520873,3.625855146492222,0.1693076355040489,3.234617834550126,0.0056768,0.0051894546438552,0.0046051,0.0047710034422206,0.0036554499999999,0.0041113263298918,0.0031713999999999,0.0036517234684742,,0.0037460335841024,-0.2094339622641509,-20.943396226415093,0.6620988099531195,66.20988099531195,0.7057735011102888,70.57735011102888,57.32115677321157,59.70772442588727,54.77479130355013,0.0046006399439262,0.0039002877362801,0.0007003522076461,0.000455690189936,0.0002446620177101,5.30835360620839,0.0036554499999999,0.0014783078689038,0.0066120657378077,0.0006988342621922,1.617648025719281,0.661257005400882,0.0016761428571428,36.36673588940892,0.0011513571428571,24.980627963921524,0.0009488095238095,20.58601700606474,11752617.111,1.0607727574423829,-135074673.59000003,0.0044584331430491,36.82393391526491,56.68129774338531,70.14244487405941,44.76548584999011,62.506552946455976,-55.23451415000989,False,False,True,567,421,13,2,108334.14558,192924.96493000002,-0.2807909085530945,3,2,0.1536124972879147,1
1761955200000,0.004609,0.005879,0.004499,0.005317,8510435.7,2025-11-01,0.1536124972879147,0.14289832078383,0.1536124972879147,0.2174130206673164,4.1536699276454,0.2450202346324399,4.681105009872948,0.1910162601411089,3.649360525897375,0.1700618140971502,3.24902639634014,0.0056992,0.0052319697625701,0.0048772,0.0048702755441569,0.00378705,0.0042261609214098,0.0032131,0.0037185220082693,,0.0037826125486748,0.0215177713736789,2.151777137367901,1.0481510015408322,104.8151001540832,0.9802607076350092,98.02607076350093,44.9656526005888,61.920420914172965,56.78092399403875,0.0047108491974445,0.0040052995279536,0.0007055496694908,0.000505662085878,0.0001998875836128,3.759405371691206,0.00378705,0.0015042937309406,0.0067956374618813,0.0007784625381186,1.5888818272171286,0.7542638396563847,0.0016812857142857,31.620946290872947,0.0011737857142857,22.076090168999706,0.0009937619047619,18.690274680494728,11750278.8155,0.7242752136888645,-126564237.89000005,0.0044658185899966,36.21470103621797,80.31706982230483,70.60861610406103,58.77696417969523,52.641362958807605,-41.22303582030478,True,False,False,567,421,13,2,108334.14558,192924.96493000002,-0.2807909085530945,3,2,-0.11453827346247869,0
1762041600000,0.005317,0.00546,0.004106,0.004708,8441427.73,2025-11-02,-0.1145382734624786,-0.1216460451241709,0.1145382734624786,0.1533903359386731,2.93051825334246,0.2538154492592059,4.849137349381658,0.1943868898964466,3.713756316954417,0.1711536482684678,3.269885858894211,0.0052832,0.0050573131750467,0.0050777999999999,0.0048407708996378,0.0038868,0.0042720534409045,0.00324182,0.0037581769580661,,0.0038040848383428,-0.3064230995875072,-30.64230995875073,0.7424130273871208,74.24130273871208,0.7353483228897899,73.53483228897899,45.10730458751723,61.14298084208249,56.59239842726081,0.0047104108593286,0.0040573836272867,0.0006530272320418,0.0005351351151254,0.0001178921169163,2.5040806481815885,0.0038868,0.0014954432048551,0.0068776864097102,0.0008959135902897,1.538996814711457,0.6372837158465603,0.0015161428571428,32.20354411943197,0.0011524285714285,24.478092001456485,0.001043238095238,22.15883804668851,11777736.861,0.7167274859020134,-135005665.62000003,0.0044685607178016,37.50437731290197,47.96216456892149,69.63660204878451,45.061224489795926,49.53455817316043,-54.93877551020409,False,True,False,567,421,13,2,108334.14558,192924.96493000002,-0.2807909085530945,3,2,-0.1864910790144435,0
1762128000000,0.004708,0.004719,0.0038,0.00383,9376531.87,2025-11-03,-0.1864910790144435,-0.2063983862054756,0.1864910790144435,0.1576463542790489,3.0118293695657,0.2677867169464389,5.116058043760602,0.2006200787126628,3.832841222080089,0.1735829616483608,3.3162978258496243,0.0046918,0.0046482087833645,0.0051716,0.0046569943717842,0.0039461999999999,0.004229950553791,0.0032535399999999,0.0037610529079601,,0.0038046841240088,-0.4356858700456755,-43.56858700456755,0.3243430152143844,32.43430152143845,0.4496593489780471,44.96593489780471,16.18655692729766,55.64380025811575,54.341807198590494,0.0045749630223897,0.0040405307446892,0.0005344322777005,0.0005349945476404,-5.62269939917274e-07,-0.0146806772824353,0.0039461999999999,0.0014667147177136,0.0068796294354273,0.0010127705645726,1.4867109804000502,0.4801938307094352,0.0014759999999999,38.53785900783289,0.001187,30.992167101827672,0.001066238095238,27.83911475817481,11993445.2245,0.7818047020255517,-144382197.49000004,0.0044649267537645,39.37872807679645,9.593812687375502,67.75108128518443,27.142857142857142,43.6603486041161,-72.85714285714286,False,True,False,567,421,13,2,108334.14558,192924.96493000002,-0.2807909085530945,3,2,-0.12271540469973885,0
1762214400000,0.00383,0.004224,0.0028,0.00336,11148639.43,2025-11-04,-0.1227154046997388,-0.1309238292174417,0.1227154046997388,0.1307544538380951,2.498060333028803,0.2627073974338198,5.019017780727081,0.2026766757370675,3.872132453062184,0.174556161763592,3.3348907879445795,0.0043648,0.0042188058555763,0.0051429,0.004421177212599,0.00399,0.0041470935629693,0.00325194,0.0037450071438108,,0.003794434903032,-0.3273273273273274,-32.732732732732735,-0.0786948176583492,-7.869481765834931,0.3526570048309179,35.26570048309179,14.619037786495966,52.80512281372455,52.67566688353937,0.0043880456198192,0.003990094316518,0.0003979513033011,0.0005075858987638,-0.0001096345954626,-3.262934388770676,0.00399,0.0014334540912003,0.0068569081824006,0.0011230918175993,1.4370467079702478,0.3901255359576145,0.0013651428571428,40.62925170068026,0.0012649285714285,37.64668367346938,0.0011238571428571,33.44812925170068,11983889.52,0.9303022538211784,-155530836.92000005,0.0044527648970055,40.19021698557223,-30.57733287128531,64.0186173645751,17.551020408163268,29.91836734693878,-82.44897959183675,False,True,False,567,421,13,2,108334.14558,192924.96493000002,-0.2807909085530945,3,2,-0.0726190476190477,0
1762300800000,0.00336,0.004,0.002899,0.003116,13956435.7,2025-11-05,-0.0726190476190477,-0.0753908459666111,0.0726190476190477,0.1307016094304353,2.497050742038037,0.1659172578021481,3.1698447595037424,0.2030652341436129,3.8795558509959776,0.1735876152361225,3.316386732518978,0.0040662,0.0038512039037175,0.0048715,0.0041838722642947,0.0040287,0.0040488892891957,0.00323426,0.0037198610879551,,0.0037788487178498,-0.3239314384899111,-32.39314384899112,-0.4655231560891938,-46.552315608919386,0.3304867634500428,33.04867634500427,21.487101669195734,52.46913580246914,51.72083366605445,0.0041923462808381,0.0039253147850563,0.0002670314957818,0.0004594750181551,-0.0001924435223733,-6.175979537013314,0.0040287,0.0013965943577145,0.006821888715429,0.0012355112845709,1.3866451785583505,0.3366204197091251,0.0013938571428571,44.73225747295067,0.0013227857142857,42.451402897487625,0.0011601904761904,37.233327220490246,12354905.9975,1.1296270245054123,-169487272.62000003,0.0044361112551737,40.922863323185815,-41.99442663772089,61.70644398083417,11.487603305785116,18.727160285601844,-88.51239669421489,False,False,True,567,421,13,2,108334.14558,192924.96493000002,-0.2807909085530945,3,2,0.041399229781771574,1
1762387200000,0.003116,0.003535,0.0029,0.003245,7357999.67,2025-11-06,0.0413992297817715,0.0405652221475515,0.0413992297817715,0.0844776280894186,1.613942818497346,0.1667506786917663,3.1857672432430006,0.196312985320802,3.750554318368336,0.1723612207063857,3.2929564979269497,0.0036518,0.0036491359358117,0.0046755,0.0040131682159121,0.0040441999999999,0.0039723249573847,0.00323022,0.003700891835827,0.00414109,0.0037666229947147,-0.3896934361482038,-38.96934361482038,-0.3765609990393852,-37.656099903938525,0.1056218057921636,10.562180579216353,27.551020408163268,52.57272813417985,52.10709759188846,0.0040466006910699,0.0038748981781476,0.0001717025129222,0.0004019205170968,-0.0002302180041746,-7.094545583193147,0.0040441999999999,0.0013854932847564,0.0068151865695129,0.001273213430487,1.3703509072315565,0.3557914338537413,0.0010935714285714,33.700198106977766,0.0013474285714285,41.5232225401717,0.0011763809523809,36.25210947244846,11606690.853,0.6339446585758046,-162129272.95000005,0.0044266571838328,42.14808853591429,-49.92363178255685,59.22396481391515,13.365304420350292,14.134642711432894,-86.63469557964973,False,False,True,567,421,13,2,108334.14558,192924.96493000002,-0.2807909085530945,3,2,0.237904468412943,1
1762473600000,0.003245,0.004319,0.003137,0.004017,10772186.24,2025-11-07,0.237904468412943,0.2134200052210918,0.237904468412943,0.1668246131743171,3.1871797595488074,0.1525453293831067,2.91437442576605,0.2020179487199153,3.859547491070145,0.1751139644007014,3.3455475923632427,0.0035136,0.0037717572905411,0.0043983999999999,0.0040138649039291,0.00408795,0.0039765798966719,0.0032445799999999,0.003713510165523,0.00411585,0.0037723391885015,-0.1467714528462192,-14.67714528462193,-0.4082203889216264,-40.822038892162645,0.2784850413749205,27.848504137492043,29.04577691811734,55.05163897620117,55.1594746716698,0.0040420467383834,0.0038854286715324,0.0001566180668509,0.0003528600270397,-0.0001962419601887,-4.885286536936004,0.00408795,0.0013692244241482,0.0068263988482965,0.0013495011517034,1.3397663123553727,0.4870455860360265,0.0011421428571428,28.43273231622746,0.0014091428571428,35.07948362317295,0.0011482857142857,28.58565382837228,11662962.9565,0.9236234634524368,-151357086.71000004,0.0044198421939324,42.47850229629972,-15.284638024372937,60.25754807952182,26.45652173913043,17.103143155088613,-73.54347826086958,True,False,False,567,421,13,2,108334.14558,192924.96493000002,-0.2807909085530945,3,2,-0.09360219068956921,0
1762560000000,0.004017,0.004017,0.003288,0.003641,3832204.41,2025-11-08,-0.0936021906895692,-0.0982769861838486,0.0936021906895692,0.1478071719520208,2.8238520551483925,0.1526617793284305,2.9165991988476376,0.1994242229067115,3.809994428986768,0.1756912275722463,3.3565761897702604,0.0034758,0.0037281715270274,0.0040838,0.0039460712849454,0.0041375499999999,0.0039446187285762,0.0032534,0.0037106177528549,0.00406553,0.0037693497225167,-0.0493472584856397,-4.934725848563967,-0.4635332252836304,-46.35332252836304,0.3744809362023407,37.44809362023406,31.404670616939697,49.972108590554114,54.27157941371926,0.0039803472377152,0.0038673157846631,0.0001130314530521,0.0003048943122359,-0.0001918628591838,-5.26951000230245,0.0041375499999999,0.0013318115670018,0.0068011731340037,0.0014739268659962,1.28753640874612,0.4067904926824947,0.0010491428571428,28.81468984188017,0.0013652142857142,37.49558598501197,0.001132238095238,31.09689907272989,11365498.471,0.3371787361353471,-155189291.12000003,0.004416750556016,40.10508971631656,-28.97793383922308,54.80188813218326,18.28260869565218,19.36814495171097,-81.71739130434783,False,False,True,567,421,13,2,108334.14558,192924.96493000002,-0.2807909085530945,3,2,0.2633891787970337,1
1762646400000,0.003641,0.00501,0.003623,0.0046,9014997.13,2025-11-09,0.2633891787970337,0.2337979343017528,0.2633891787970337,0.1683560282980507,3.216437404406827,0.1613010689246272,3.081652594830082,0.2059127184407749,3.933956962108189,0.1784072516351387,3.408465756633232,0.0037237999999999,0.0040187810180182,0.0040443,0.0040649674150809,0.0042328999999999,0.0040070380739079,0.0032873399999999,0.0037460710939867,0.00403015,0.0037882007112252,0.369047619047619,36.9047619047619,-0.0790790790790791,-7.907907907907916,0.7081321945785368,70.81321945785368,63.05084745762712,43.5480486781368,57.862116991643454,0.004075678435123,0.003921608282145,0.000154070152978,0.0002747294803812,-0.0001206593274032,-2.623028856591412,0.0042328999999999,0.0012905735526256,0.0068140471052513,0.0016517528947486,1.2195644145863764,0.5711117935225654,0.0010538571428571,22.90993788819876,0.001285,27.93478260869565,0.0011195714285714,24.338509316770185,11508110.86,0.7833602960269016,-146174293.99000004,0.0044166968298854,35.94896377495191,14.850207760545985,46.63188749773544,39.130434782608695,27.956521739130437,-60.86956521739132,True,False,False,567,421,13,2,108334.14558,192924.96493000002,-0.2807909085530945,3,2,-0.06478260869565211,0
1762732800000,0.0046,0.006399,0.004,0.004302,6867280.92,2025-11-10,-0.0647826086956521,-0.0669762726495109,0.0647826086956521,0.1666627647476486,3.184087649698964,0.1606580517719496,3.069367769377406,0.207359134737765,3.9615907066614064,0.178762494957371,3.415252670774916,0.003961,0.0041131873453455,0.0040136,0.0041080642487397,0.00430935,0.0040351305334516,0.00331204,0.003768217690122,0.00400632,0.0037998273754904,0.3806161745827985,38.06161745827986,-0.0666088088522456,-6.66088088522456,0.5513883880274073,55.13883880274073,66.95464362850973,45.09505703422053,54.85958051901884,0.0041104971384038,0.0039497948647161,0.0001607022736877,0.0002519240390406,-9.12217653528668e-05,-2.120450147672404,0.00430935,0.0012439875729198,0.0067973251458396,0.0018213748541603,1.1546869694221356,0.4985228952121386,0.0012652857142857,29.41156936972836,0.0013706428571428,31.860596400345347,0.0012130952380952,28.198401629363968,11575404.9995,0.5932648508019056,-153041574.91000003,0.0044201145312034,32.89164616601067,41.865508510257904,44.58886985977804,32.652173913043484,30.021739130434785,-67.34782608695652,True,False,False,567,421,13,2,108334.14558,192924.96493000002,-0.2807909085530945,3,2,-0.1578335657833566,0
1762819200000,0.004302,0.00447,0.003623,0.003623,8320328.32,2025-11-11,-0.1578335657833566,-0.1717776189325981,0.1578335657833566,0.1981107105716837,3.7848998110616296,0.1586408925232877,3.0308299960429386,0.2108768058049325,4.028795718036507,0.1802825550660725,3.4442933783753515,0.0040365999999999,0.0039497915635636,0.0038442,0.0040198707489065,0.0043607,0.0039958789350368,0.00332614,0.003762436230978,0.00396796,0.0037958372625242,0.1164869029275808,11.648690292758085,-0.3186007146887342,-31.860071468873425,0.3956086286594762,39.56086286594762,57.88982259570496,30.936031803397185,51.65439911948821,0.0040354975768412,0.0039255803459804,0.0001099172308607,0.0002235226774027,-0.0001136054465419,-3.135673379574261,0.0043607,0.0011895458708882,0.0067397917417765,0.0019816082582234,1.0911513022113728,0.3449618425708272,0.0011828571428571,32.64855486771026,0.0012739999999999,35.16422853988407,0.0012375714285714,34.15874768345097,11698351.1135,0.7112394079536788,-161361903.23000002,0.0044157444370163,27.910392880602767,-33.647122773206874,35.16952151385681,20.636910732196583,30.806506475949583,-79.3630892678034,False,True,False,567,421,13,2,108334.14558,192924.96493000002,-0.2807909085530945,3,2,0.09605299475572715,1
1762905600000,0.003623,0.004491,0.003623,0.003971,7582702.48,2025-11-12,0.0960529947557271,0.091715540236174,0.0960529947557271,0.170364292595208,3.2548052399314096,0.1597017895298022,3.0510984048933514,0.2113113681624065,4.037098020218714,0.1805141673074996,3.448718324034711,0.0040273999999999,0.0039568610423757,0.0037705,0.0040109851581911,0.00442415,0.0039935094541343,0.00334356,0.0037707346956147,0.0039406,0.0037997789219479,-0.0114513318396813,-1.1451331839681362,-0.1565420560747664,-15.654205607476648,0.4696521095484824,46.96521095484825,60.57692307692307,33.71877890841813,54.59282934963869,0.0040255748725093,0.0039289457288841,9.6629143625274e-05,0.0001981439706458,-0.0001015148270206,-2.556404608930327,0.00442415,0.001128702808071,0.006681555616142,0.0021667443838579,1.0204923504591863,0.3996303551387341,0.0011495714285714,28.949167176313995,0.0012717142857142,32.02503867323812,0.0012650476190476,31.8571548488446,11743202.7945,0.6457099151477999,-153779200.75000003,0.0044127701923355,22.694000132836464,-31.72257622623963,32.12209095077627,29.3630892678034,27.55072463768116,-70.63691073219658,True,False,False,567,421,13,2,108334.14558,192924.96493000002,-0.2807909085530945,3,2,-0.06723747166960459,0
1762992000000,0.003971,0.00438,0.003368,0.003704,8450142.7,2025-11-13,-0.0672374716696045,-0.0696046353651814,0.0672374716696045,0.1667787630016843,3.18630379323061,0.1488011602558336,2.842842175028545,0.2124485467233338,4.058823786119895,0.1804437301910471,3.447372624814393,0.00404,0.0038725740282505,0.0037579,0.0039551696748572,0.00446475,0.0039659365090653,0.00336024,0.003768080934573,0.00390962,0.0037976294294729,0.0173029387530896,1.7302938753089725,-0.0328981723237598,-3.2898172323759853,0.2807745504840939,28.0774550484094,44.653228561667234,40.93780710374842,53.45877523092712,0.0039761018143462,0.0039122786613322,6.382315301403391e-05,0.0001712798071183,-0.0001074566541043,-2.9010975730114223,0.00446475,0.0010844255270345,0.0066336010540691,0.0022958989459308,0.9715442316228872,0.3246191229746504,0.0012034285714285,32.48997223079297,0.0011485,31.007019438444928,0.0012994285714285,35.08176488738044,11834346.829,0.7140354108342484,-162229343.45000002,0.0044077191550334,21.652213669326112,-55.64977658000915,36.92839753371021,25.118088357877184,25.039362785959057,-74.88191164212282,False,True,False,567,421,13,2,108334.14558,192924.96493000002,-0.2807909085530945,3,2,-0.068304535637149,0
1763078400000,0.003704,0.003753,0.0032,0.003451,5581619.86,2025-11-14,-0.068304535637149,-0.0707492726680665,0.068304535637149,0.091897986988786,1.7557085762152398,0.144504519476163,2.7607549681922925,0.2063865061149976,3.943008662914643,0.1799855242488949,3.4386186125811604,0.0038101999999999,0.003732049352167,0.003767,0.0038635024612113,0.00445495,0.0039168939453064,0.0033779599999999,0.0037554788787811,0.0038825899999999,0.0037898707772981,-0.2497826086956521,-24.97826086956521,0.0270833333333333,2.7083333333333317,-0.053742802303263,-5.374280230326296,46.61198288159772,41.71673819742488,52.29239924262916,0.0038953169186515,0.0038781014775707,1.7215441080768376e-05,0.0001404669339098,-0.000123251492829,-3.5714718292968373,0.00445495,0.0010930558070695,0.006641061614139,0.0022688383858609,0.9814303703247208,0.2703799765970824,0.0011135714285714,32.26807964565136,0.0011278571428571,32.6820383325744,0.001310619047619,37.9779498006099,10842728.5405,0.5147800057108697,-167810963.31000003,0.0044024830002239,21.150344639836977,-84.26228498304503,39.894908440926784,18.08835787718811,24.18984516762289,-81.91164212281188,False,True,False,567,421,13,2,108334.14558,192924.96493000002,-0.2807909085530945,3,2,-0.02405099971022895,0
1763164800000,0.003451,0.003792,0.00321,0.003368,4899330.35,2025-11-15,-0.0240509997102289,-0.024344947735786,0.0240509997102289,0.09233254822971,1.7640108570657898,0.1421627132169792,2.7160148224306098,0.1540314625098569,2.9427669592864123,0.1780286164014673,3.4012319406510043,0.0036234,0.0036106995681113,0.0037922,0.0037734111045989,0.00433185,0.0038646173752727,0.0034027199999999,0.0037400870603426,0.0038596,0.0037804522986452,-0.2171083217108322,-21.710832171083226,0.0808729139922979,8.087291399229784,-0.4222984562607205,-42.22984562607204,18.04979253112032,34.68970934799685,52.62692255342317,0.0038141912378563,0.0038403075882058,-2.6116350349496883e-05,0.000107150277057,-0.0001332666274065,-3.9568476070821976,0.00433185,0.0010684044806207,0.0064686589612415,0.0021950410387584,0.9865572267006134,0.2744650978438464,0.0010925714285714,32.4397692568714,0.0010708571428571,31.79504580929759,0.0012743333333333,37.836500395882815,9476651.4305,0.5169896124101195,-172710293.66000003,0.004397879599799,19.42458703083125,-77.82389275345372,32.41114551838302,15.782161711586548,19.66286931555061,-84.21783828841345,True,False,False,567,421,13,2,108334.14558,192924.96493000002,-0.2807909085530945,3,2,-0.02434679334916867,0
1763251200000,0.003368,0.0037,0.003211,0.003286,5953703.37,2025-11-16,-0.0243467933491686,-0.0246480767650039,0.0243467933491686,0.0671546048310143,1.2829869238435518,0.1423927309717867,2.720409305465876,0.1525627366777254,2.914706991662782,0.1779213242442267,3.3991821268650835,0.003556,0.0035024663787408,0.0037963,0.0036847909037398,0.0042359,0.0038095100466049,0.0034222399999999,0.0037220585118727,0.00383814,0.0037694411876126,-0.0930168368755175,-9.301683687551757,0.0126348228043142,1.2634822804314267,-0.3686839577329491,-36.868395773294914,20.3271028037383,37.82117163412127,51.990456714383086,0.0037329310465671,0.0037992391192609,-6.630807269379473e-05,7.245860710610748e-05,-0.0001387666797999,-4.222966518560627,0.0042359,0.0010720260650798,0.0063799521301596,0.0020918478698403,1.0123242428573105,0.2784801995627613,0.0009642857142857,29.345274323971832,0.0010090714285714,30.708199287018523,0.0011780952380952,35.85195490247225,9220460.5255,0.6457056405734298,-178663997.03000003,0.0043920064042307,18.046662060213198,-76.19762906570848,33.92041796530698,13.503751041956097,15.791423543576917,-86.4962489580439,False,False,True,567,421,13,2,108334.14558,192924.96493000002,-0.2807909085530945,3,2,-0.10133901399878276,0
1763337600000,0.003286,0.003315,0.002952,0.002953,5488610.93,2025-11-17,-0.1013390139987827,-0.1068494168532907,0.1013390139987827,0.0329787791304079,0.6300586906156163,0.1207558443825559,2.307037167597996,0.1341629982442512,2.563180482472652,0.1776762646221613,3.39450026935936,0.0033523999999999,0.0033193109191605,0.0036899,0.0035517380121225,0.00404415,0.0037279364398146,0.00344054,0.0036915395680674,0.00381472,0.003751304356039,-0.2563585998489045,-25.63585998489045,-0.2648742842917599,-26.487428429176003,-0.5649675898644667,-56.49675898644667,25.475841874084907,41.7154732665785,50.205900222777295,0.0036129416537258,0.0037365425162306,-0.0001236008625047,3.324671318324133e-05,-0.000156847575688,-5.311465482154891,0.00404415,0.0009243152387179,0.0058927804774359,0.002195519522564,0.9142244859542792,0.2048761195603038,0.0006734285714285,22.80489574766581,0.0009693571428571,32.82618160708238,0.001138238095238,38.54514376017932,8884064.341,0.6178040499628119,-184152607.96000004,0.004384897118192,17.1255394828789,-102.44140625000009,35.73484833518191,4.251180883578769,11.179031212373806,-95.74881911642125,False,True,False,567,421,13,2,108334.14558,192924.96493000002,-0.2807909085530945,3,2,0.00033863867253636215,1
1763424000000,0.002953,0.003072,0.002719,0.002954,7418667.08,2025-11-18,0.0003386386725363,0.0003385813474023,0.0003386386725363,0.0407048630039578,0.777665315764055,0.1183881524701469,2.26180247712584,0.1341691808281241,2.563298600571693,0.1774133900455431,3.3894780576248005,0.0032024,0.0031975406127737,0.0036211999999999,0.0034430583735359,0.0038525,0.0036542272089143,0.00346088,0.0036622850927315,0.00378981,0.0037336352665849,-0.2024838012958962,-20.248380129589627,-0.1886844273551222,-18.868442735512225,-0.564756151466038,-56.4756151466038,0.0981354268891152,45.79187396351576,47.53538658510562,0.003511566013932,0.0036785659376464,-0.0001669999237143,-6.802614196842312e-06,-0.0001601973095175,-5.423063964709935,0.0038525,0.0006944676492029,0.0052414352984058,0.0024635647015941,0.7210566117616595,0.1765508080069592,0.0006028571428571,20.40816326530612,0.0008928571428571,30.22536028629461,0.0010502857142857,35.55469581197408,8805659.919,0.8424884844794788,-176733940.88000005,0.0043742633798225,18.74764941960821,-118.43741365017962,37.29220135497658,6.385869565217391,8.046933830250753,-93.6141304347826,False,True,False,567,421,13,2,108334.14558,192924.96493000002,-0.2807909085530945,3,2,-0.023696682464455,0
1763510400000,0.002954,0.003294,0.0027,0.002884,10185171.19,2025-11-19,-0.023696682464455,-0.0239819646864854,0.023696682464455,0.0387624001111325,0.740554614304083,0.0671510227394218,1.2829184880797684,0.1225867295394708,2.342016179406524,0.1768887028380006,3.379453922599675,0.003089,0.0030930270751824,0.0034496,0.003341411396515,0.00374695,0.0035808713375295,0.00348306,0.0036314283109595,0.00376662,0.0037148507836274,-0.1643002028397566,-16.430020283975665,-0.3730434782608696,-37.30434782608696,-0.4226226226226227,-42.26226226226227,0.1216545012165681,47.50537634408602,37.66951280763436,0.0034150173957923,0.0036196993617667,-0.0002046819659743,-4.637848455279509e-05,-0.0001583034814215,-5.489025014618418,0.00374695,0.0006717334586528,0.0050904169173056,0.0024034830826943,0.7170989296924911,0.1788346669039419,0.0005637142857142,19.546265107984944,0.0008566428571428,29.703289082623343,0.0010357142857142,35.91242322171587,8281263.557000001,1.2299054510094247,-186919112.07,0.0043603483458131,20.477057664248463,-108.31316986371996,47.02289492524189,4.9743173830765,5.203789277290887,-95.0256826169235,True,True,False,567,421,13,2,108334.14558,192924.96493000002,-0.2807909085530945,3,2,-0.06276005547850194,0
1763596800000,0.002884,0.003106,0.00262,0.002703,6647899.05,2025-11-20,-0.0627600554785019,-0.0648159521283919,0.0627600554785019,0.0399707866213192,0.7636408061656782,0.0670828764738032,1.281616555503179,0.1222742232741484,2.3360457555906624,0.1772391843763611,3.3861498629882245,0.002956,0.0029630180501216,0.0032897,0.0032253365971351,0.00365165,0.0034972636163135,0.00350204,0.0035946346542098,0.0037412399999999,0.00369253138608,-0.1974465558194773,-19.744655581947736,-0.3716875871687587,-37.16875871687587,-0.4135387285745281,-41.353872857452814,0.1333333333333541,44.23649510846448,39.123630672926446,0.0033054762573909,0.0035517851941406,-0.0002463089367496,-8.636457499253304e-05,-0.0001599443617571,-5.917290483061805,0.00365165,0.0006781689957835,0.0050079879915671,0.0022953120084328,0.7428630846697504,0.1502899697943629,0.0004885714285714,18.07515459013793,0.000846,31.29855715871254,0.0009285238095238,34.35160227613057,7990315.706499999,0.8319945411658811,-193567011.12000003,0.0043504580512252,22.07116579782032,-115.4850742398121,47.67036486690695,2.196348240275209,4.518845062856367,-97.8036517597248,False,True,False,567,421,13,2,108334.14558,192924.96493000002,-0.2807909085530945,3,2,-0.04143544210136885,0
1763683200000,0.002703,0.002821,0.002402,0.002591,7343108.93,2025-11-21,-0.0414354421013688,-0.0423183657143376,0.0414354421013688,0.0387575903508061,0.7404627239620708,0.0537854061017636,1.027568740756086,0.1153137957088679,2.2030669736726307,0.177439707445653,3.3899808508479223,0.002817,0.0028390120334144,0.0031864999999999,0.0031100026703723,0.00351535,0.0034109519297184,0.00351732,0.0035548770405685,0.0037016499999999,0.0036682885066749,-0.2115033475349969,-21.15033475349969,-0.2848468120342258,-28.48468120342258,-0.512695128832048,-51.26951288320482,0.1283697047497014,32.36021771400297,29.07985245738212,0.0031955568326783,0.0034806057199669,-0.0002850488872885,-0.000126101437452,-0.0001589474498365,-6.134598604265791,0.00351535,0.0005946420661558,0.0047046341323117,0.0023260658676882,0.6766234555942957,0.1113838674517292,0.0004694285714285,18.117660031978826,0.0007914999999999,30.54805094558085,0.0009083809523809,35.059087316902826,7931949.368000001,0.9257634648582642,-200910120.05000004,0.0043382449603979,21.9738997442585,-134.7371017563923,38.79600137059725,4.728546409807353,3.966404011053021,-95.27145359019264,False,True,False,567,421,13,2,108334.14558,192924.96493000002,-0.2807909085530945,3,2,0.015438054805094525,1
1763769600000,0.002591,0.003,0.002404,0.002631,12291651.1,2025-11-22,0.0154380548050945,0.0153201004781827,0.0154380548050945,0.0313915790153982,0.5997352749957249,0.0354192010598538,0.676682886112245,0.1139131911041089,2.1763084602705693,0.1774381251089158,3.3899506203470056,0.0027526,0.0027696746889429,0.0030525,0.0030229112757524,0.0034115,0.003336670119241,0.00353292,0.0035182934739325,0.00366722,0.003645509764672,-0.1090416525567219,-10.904165255672192,-0.3374464870309744,-33.744648703097454,-0.4411639762107052,-44.11639762107052,5.563093622795151,36.37344846195359,29.364448857994034,0.0031087019350098,0.0034176636110252,-0.0003089616760153,-0.0001626734851649,-0.0001462881908504,-5.560174490706054,0.0034115,0.0005554679866657,0.0045224359733315,0.0023005640266684,0.6512888602266071,0.1487196297823563,0.0004714285714285,17.918227724385076,0.0007819999999999,29.722538958570883,0.0008710476190476,33.10709308428807,8124460.536499999,1.512919047951363,-188618468.95000005,0.0043190320860509,22.893815959545584,-118.48836596042553,45.81010995747367,5.729296972729547,4.218063874270704,-94.27070302727044,True,False,False,567,421,13,2,108334.14558,192924.96493000002,-0.2807909085530945,3,2,-0.024325351577347165,0
1763856000000,0.002631,0.002844,0.002558,0.002567,8338937.95,2025-11-23,-0.0243253515773471,-0.0246261001691524,0.0243253515773471,0.0287471059217486,0.5492126874807488,0.034299311224597,0.6552874208512215,0.1072262697053375,2.048555006326765,0.1645344171186706,3.143425625341239,0.0026752,0.0027021164592953,0.0029388,0.0029400183165194,0.00334835,0.0032633676010726,0.0035294,0.0034806386660279,0.0036341,0.0036218768061623,-0.1310088016249154,-13.100880162491544,-0.3069654427645788,-30.69654427645788,-0.3297650130548303,-32.97650130548303,8.760683760683804,13.838491639985776,35.4471349796212,0.0030253631755069,0.0033546437488897,-0.0003292805733828,-0.0001959949028086,-0.0001332856705742,-5.192273882906169,0.00334835,0.0005767708908451,0.0045018917816903,0.0021948082183096,0.6890210292772886,0.1613256613665633,0.0004424285714285,17.235238466247427,0.0007033571428571,27.399966609160227,0.0008201904761904,31.95132357578793,8072580.8405,1.032995285493295,-196957406.90000004,0.0043060774717439,22.979687911795143,-111.26148825378534,36.67550767381048,4.128096072054035,4.861979818196978,-95.87190392794597,False,False,True,567,421,13,2,108334.14558,192924.96493000002,-0.2807909085530945,3,2,0.09661082976236846,1
1763942400000,0.002567,0.00316,0.00255,0.002815,11017142.46,2025-11-24,0.0966108297623684,0.0922243597026502,0.0966108297623684,0.0627797021241962,1.1994045249885563,0.0518848420326373,0.9912585151989278,0.1068154109663725,2.040705561140312,0.164693074276764,3.146456766090562,0.0026614,0.0027397443061968,0.0028752,0.0029172877135147,0.0033210999999999,0.0032206656074608,0.0035339399999999,0.0034543005274832,0.0036028299999999,0.0036042332722704,-0.0239251040221913,-2.392510402219142,-0.1842944074181397,-18.429440741813973,-0.162202380952381,-16.220238095238106,40.279720279720266,23.07135095979717,39.06630911750366,0.0029929996099553,0.0033146655898694,-0.000321665979914,-0.0002211291182298,-0.0001005368616842,-3.5714693315882404,0.0033210999999999,0.0005889376608954,0.0044989753217909,0.002143224678209,0.7093284284068372,0.2851640192145002,0.0004777142857142,16.97031210352703,0.0005755714285714,20.44658716061913,0.0008054761904761,28.613719022244776,8066005.992000001,1.365873329492563,-185940264.44000003,0.0042911569351092,23.940575086477715,-76.05152560904777,36.244655363704965,19.77022498803254,9.875872677605374,-80.22977501196746,True,True,False,567,421,13,2,108334.14558,192924.96493000002,-0.2807909085530945,3,2,-0.01492007104795734,0
1764028800000,0.002815,0.002907,0.00262,0.002773,7468751.74,2025-11-25,-0.0149200710479573,-0.0150324949580126,0.0149200710479573,0.0545582774227831,1.0423344266115364,0.0518655700994405,0.9908903254321798,0.1056303461753407,2.018064930097554,0.1480467846969934,2.828429850213373,0.0026754,0.0027508295374645,0.0028157,0.0028910535837836,0.00330395,0.003178030501054,0.00351106,0.0034273521771844,0.00356976,0.0035860945956606,0.0258971513133554,2.589715131335544,-0.1766627078384798,-17.66627078384798,-0.1100770218228498,-11.007702182284982,41.92139737991266,29.990583804143128,33.12549747943751,0.0029591535160373,0.003274537985997,-0.0003153844699596,-0.0002399801885758,-7.540428138379582e-05,-2.7192312074935385,0.00330395,0.0006001126626682,0.0045041753253364,0.0021037246746635,0.726539642147384,0.2788123659817067,0.0004682857142857,16.887331925197056,0.0005355714285714,19.313791149348308,0.0007513333333333,27.09460271667268,7741621.794,0.964752856538215,-193409016.18000004,0.0042806992443018,25.423440975858934,-77.83444150366874,37.53299636306253,17.759693633317365,13.886004897801314,-82.24030636668263,False,False,True,567,421,13,2,108334.14558,192924.96493000002,-0.2807909085530945,3,2,0.07068157230436345,1
1764115200000,0.002773,0.00305,0.002719,0.002969,34224169.71,2025-11-26,0.0706815723043634,0.0682954291479817,0.0706815723043634,0.0530674355557338,1.0138519327340747,0.0588215011992075,1.123783202497197,0.1064469214032944,2.0336655779226054,0.1477499660966868,2.8227591388168096,0.002751,0.0028235530249763,0.002784,0.0029052256594598,0.00329015,0.0031581227131882,0.00349908,0.0034092285243727,0.00354202,0.0035726558639985,0.1458896179081434,14.588961790814354,-0.0964698721850274,-9.64698721850274,-0.0850539291217258,-8.50539291217258,68.94586894586891,24.59432048681542,37.79649122807017,0.0029606683597269,0.0032519033349758,-0.0002912349752488,-0.0002502311459104,-4.100382933841501e-05,-1.3810653195828568,0.00329015,0.0006046955105888,0.0044995410211777,0.0020807589788222,0.7351585922694717,0.3672265651156954,0.0004307142857142,14.507049030457589,0.0004972142857142,16.746860414762065,0.0007146666666666,24.07095542831481,9084930.296,3.7671361909148096,-159184846.47000003,0.0042390073964488,26.38461879715581,-55.27711648498514,48.27765822347438,28.66531850353892,22.065079041629605,-71.33468149646109,True,False,False,567,421,13,2,108334.14558,192924.96493000002,-0.2807909085530945,3,2,-0.013135735938026305,0
1764201600000,0.002969,0.003217,0.002901,0.00293,7895917.07,2025-11-27,-0.0131357359380263,-0.0132227727526468,0.0131357359380263,0.05629275513368,1.0754715767500642,0.0491837096688572,0.93965345384802,0.0906138992617849,1.7311761146371252,0.1475900936248885,2.819704779531755,0.0028107999999999,0.0028590353499842,0.0027817,0.0029097300850127,0.0032357999999999,0.0031363966209307,0.00348228,0.003390285562536,0.0035181,0.0035586880663383,0.113645001900418,11.3645001900418,-0.0077886894683373,-0.7788689468337291,-0.2705999502116006,-27.059995021160063,76.94753577106516,27.80963302752293,42.84123448934139,0.0029559501505303,0.0032280564899384,-0.000272106339408,-0.0002546061846099,-1.7500154798090136e-05,-0.5972749077846463,0.0032357999999999,0.0005844383358584,0.0044046766717169,0.002066923328283,0.7224653388447929,0.3691906479959075,0.0004064285714285,13.871282301316434,0.0004474999999999,15.273037542662111,0.0006994761904761,23.872907524784654,8941116.8375,0.8831018779313653,-167080763.54000002,0.0042304683268151,24.862046368626668,-38.02856670982042,55.36519992782326,37.98561151079136,28.13687454921588,-62.01438848920864,True,False,False,567,421,13,2,108334.14558,192924.96493000002,-0.2807909085530945,3,2,0.326962457337884,1
1764288000000,0.00293,0.004106,0.00293,0.003888,23168827.66,2025-11-28,0.326962457337884,0.2828924635692167,0.326962457337884,0.1397862925886524,2.670613370074996,0.1144186879889879,2.185965964695996,0.1159329301302773,2.214895520185094,0.1526956071269171,2.9172454780302792,0.003075,0.0032020235666561,0.0028751,0.0030875973422872,0.0032481499999999,0.0032079782515682,0.0034960599999999,0.0034099530930644,0.00350206,0.0035658316882536,0.5146084924035841,51.46084924035841,0.3161814488828707,31.618144888287063,0.067838505904971,6.783850590497111,90.62702003878474,58.92200898325847,53.89725420726306,0.0030993424352661,0.0032769452823897,-0.0001776028471236,-0.0002392055171127,6.160266998902266e-05,1.5844308124748625,0.0032481499999999,0.0005959478319627,0.0044400456639254,0.0020562543360745,0.7338920086359364,0.768416950982399,0.0005145714285714,13.23486184597296,0.000492,12.65432098765432,0.0006991904761904,17.98329414070155,9907948.0,2.3384082819167,-143911935.88000005,0.0042186409017974,26.22277804843244,42.00776515575628,65.91515697299249,87.20657276995304,51.28583426142777,-12.793427230046964,True,False,False,567,421,13,2,108334.14558,192924.96493000002,-0.2807909085530945,3,2,-0.09465020576131689,0
1764374400000,0.003888,0.003999,0.00346,0.00352,11133658.96,2025-11-29,-0.0946502057613168,-0.0994338969881869,0.0946502057613168,0.1628925781568858,3.112058336019419,0.1203666204193077,2.29960105422125,0.1013163572621846,1.935646287636432,0.1521669057795016,2.9071446529705613,0.003216,0.0033080157111041,0.0029387,0.0031662160073274,0.0031941499999999,0.0032376947424422,0.00351056,0.0034143003685611,0.00348332,0.0035648393572738,0.2504440497335702,25.044404973357032,0.2205270457697643,22.05270457697643,-0.2347826086956521,-23.47826086956521,75.7428417071853,52.7798098024872,52.92838503914178,0.0031640589837638,0.0032949507296077,-0.0001308917458439,-0.0002175427628589,8.66510170149944e-05,2.461676619744159,0.0031941499999999,0.0005096958096953,0.0042135416193907,0.0021747583806092,0.6382866298644683,0.6598257204599807,0.0005064285714285,14.387175324675328,0.0004889285714285,13.890016233766234,0.0006901428571428,19.60633116883117,10013881.0915,1.111822564924452,-155045594.84000003,0.0042132997944358,28.287959786848813,53.396062298108575,71.10892756366319,65.61032863849765,63.60083763974735,-34.38967136150235,False,False,True,567,421,13,2,108334.14558,192924.96493000002,-0.2807909085530945,3,2,-0.11818181818181817,0
1764460800000,0.00352,0.003677,0.003038,0.003104,12059802.17,2025-11-30,-0.1181818181818181,-0.1257693872890334,0.1181818181818181,0.1796551808396307,3.4323074106087814,0.1260418797468246,2.4080267314320345,0.1035473238357705,1.9782688441780931,0.1531831214108737,2.9265594253474747,0.0032822,0.0032400104740694,0.0029787999999999,0.003154904005995,0.00313425,0.003224961857927,0.0035186,0.0034020458433859,0.0034601,0.003554879853417,0.1193653083303283,11.93653083303282,0.1483536810950794,14.835368109507948,-0.2784751278475128,-27.84751278475128,57.15700842000991,47.03389830508475,49.0187891440501,0.0031548191400985,0.0032808052170364,-0.0001259860769379,-0.0001992314256747,7.324534873679074e-05,2.359708400025475,0.00313425,0.0004380003454696,0.0040102506909393,0.0022582493090606,0.5589858441026676,0.4827340318832618,0.0005568571428571,17.939985272459502,0.0004996428571428,16.096741531664215,0.0006545238095238,21.086462935689735,10273507.154,1.173873925352211,-167105397.01000002,0.0042036673554304,28.39518425463913,13.47874314208788,68.38187756323896,41.19718309859154,64.67136150234741,-58.80281690140846,False,True,False,567,421,13,2,108334.14558,192924.96493000002,-0.2807909085530945,3,2,-0.10019329896907214,0
1764547200000,0.003104,0.003219,0.002703,0.002793,12074440.67,2025-12-01,-0.1001932989690721,-0.1055753153579325,0.1001932989690721,0.1871103740956656,3.5747386777763595,0.1305295374124888,2.493763310751079,0.1000017246500118,1.9105302668464923,0.153997417015838,2.942116521036465,0.003247,0.0030910069827129,0.002999,0.0030891032776314,0.00309275,0.0031838224816414,0.00352076,0.0033779997795653,0.00343523,0.0035384441079301,-0.0592792185921184,-5.927921859211854,0.0779621767657274,7.796217676572749,-0.2290919127794645,-22.90919127794645,50.43706293706293,47.37360472751149,40.8982748364069,0.0030991546569589,0.0032446690985773,-0.0001455144416184,-0.0001884880288634,4.297358724503664e-05,1.5386175168290956,0.00309275,0.0004284716873284,0.0039496933746569,0.002235806625343,0.5541627190409345,0.3251051301260108,0.0005434285714285,19.456805278502383,0.0005105714285714,18.280394864712804,0.0005648571428571,20.224029461408623,10461212.7715,1.1542104088442782,-179179837.68,0.004190482873793,28.217979756747496,-44.39451892012335,65.98641443515183,22.946009389671357,43.25117370892018,-77.05399061032865,False,True,False,567,421,13,2,108334.14558,192924.96493000002,-0.2807909085530945,3,2,0.06945936269244557,1
1764633600000,0.002793,0.003134,0.00269,0.002987,10454679.26,2025-12-02,0.0694593626924455,0.0671532522709331,0.0694593626924455,0.1892764890216687,3.616122245330625,0.1316886784265638,2.515908668730494,0.0987050088263025,1.8857565458195205,0.1542184273471987,2.9463389174884087,0.0032584,0.0030563379884752,0.0030345999999999,0.0030705390453346,0.00304355,0.0031650774208424,0.00352624,0.0033625666115645,0.00341075,0.0035265690395532,0.0194539249146759,1.9453924914675835,0.1353097681489927,13.530976814899276,-0.2477965248048349,-24.77965248048349,50.39370078740157,50.50941648656992,45.00152858453073,0.0030819000943374,0.0032255813255097,-0.0001436812311722,-0.0001795266693252,3.584543815292175e-05,1.2000481470680198,0.00304355,0.000375543041895,0.00379463608379,0.0022924639162099,0.4935592211661323,0.4623545148682291,0.0005658571428571,18.943995408675697,0.0005170714285714,17.310727437945385,0.0005456666666666,18.26805044079902,10604811.6105,0.98584299693251,-168725158.42000002,0.0041795602672445,27.19024254185542,-32.927496186282134,70.659536498026,34.33098591549296,32.82472613458528,-65.66901408450705,False,True,False,567,421,13,2,108334.14558,192924.96493000002,-0.2807909085530945,3,2,-0.09608302644794109,0
1764720000000,0.002987,0.003137,0.002684,0.0027,8217682.11,2025-12-03,-0.096083026447941,-0.1010177662236893,0.096083026447941,0.0773766194755927,1.4782782394180054,0.1362385577493201,2.6028339911391605,0.099790856934273,1.9065016447939256,0.154889476270927,2.9591592891750453,0.0030208,0.0029375586589835,0.0030479,0.0030031683098186,0.0029933499999999,0.0031207841994238,0.0035274,0.0033364210945916,0.00338482,0.0035088000806334,-0.3055555555555554,-30.555555555555557,0.0518114530580444,5.181145305804454,-0.2710583153347731,-27.105831533477318,45.46172059984215,47.337962962962976,33.81601362862011,0.0030231462336342,0.0031866471597568,-0.0001635009261225,-0.0001763215206846,1.2820594562100402e-05,0.4748368356333482,0.0029933499999999,0.0003487610062402,0.0036908720124804,0.0022958279875195,0.4660477474938815,0.2897198979019745,0.0005832857142857,21.6031746031746,0.000507,18.77777777777777,0.0005259047619047,19.477954144620814,10593188.581,0.7757515168510527,-176942840.53000003,0.0041704498931772,25.541214817792937,-49.722968487277576,65.80632415955282,17.488262910798124,24.921752738654146,-82.51173708920187,True,True,False,567,421,13,2,108334.14558,192924.96493000002,-0.2807909085530945,3,2,-0.0311111111111112,0
1764806400000,0.0027,0.002905,0.002612,0.002616,6623787.27,2025-12-04,-0.0311111111111112,-0.0316053394153312,0.0311111111111112,0.0771082957351018,1.4731519215538336,0.1334516578935168,2.549590344153901,0.0990180922124249,1.8917379955127835,0.154675323643591,2.955067908974533,0.00284,0.0028303724393223,0.003028,0.0029327740716693,0.0029516,0.0030727093824511,0.00353004,0.0033079995551277,0.00335817,0.0034896398184144,-0.2568181818181819,-25.68181818181819,-0.0706927175843694,-7.069271758436944,-0.2419588525065199,-24.19588525065199,11.686746987951809,48.70497171777314,35.0954738330976,0.0029605083515042,0.0031443747722832,-0.0001838664207789,-0.0001778305007035,-6.035920075420114e-06,-0.2307308897331848,0.0029516,0.0003409845497348,0.0036335690994697,0.0022696309005302,0.4621013006299845,0.2539477959771581,0.00058,22.17125382262997,0.0004932142857142,18.853757099169947,0.0004916666666666,18.794597349643222,10645296.9515,0.6222266321153831,-183566627.80000004,0.0041624909864252,24.090006515601413,-77.84817161275986,65.89737153596579,12.558685446009374,21.45931142410015,-87.44131455399062,False,True,False,567,421,13,2,108334.14558,192924.96493000002,-0.2807909085530945,3,2,-0.02484709480122327,0
1764892800000,0.002616,0.002695,0.0025,0.002551,6103050.76,2025-12-05,-0.0248470948012232,-0.0251609944352779,0.0248470948012232,0.0689187476234179,1.3166908245684854,0.1336108334447655,2.552631388790551,0.0990243936862038,1.891858385000289,0.1544501479877916,2.9507659341109247,0.0027294,0.0027372482928815,0.0030058,0.0028633606040926,0.0029107499999999,0.0030230226518078,0.00353422,0.0032781419827839,0.00333231,0.0034695291570355,-0.1781572164948454,-17.81572164948454,-0.0800576992426974,-8.005769924269744,-0.2425771971496437,-24.25771971496437,14.296241709653644,49.39613526570048,39.369297897659656,0.0028975070666299,0.003100418940819,-0.0002029118741891,-0.0001828467754006,-2.0065098788521327e-05,-0.7865581649753558,0.0029107499999999,0.0003373937064586,0.0035855374129172,0.0022359625870827,0.4636519198950448,0.2334345653805815,0.0004398571428571,17.24253794030352,0.0004772142857142,18.70694965559725,0.000474619047619,18.60521550839073,10705482.972,0.5700864478475581,-189669678.56000003,0.0041545892935057,24.262116603499795,-108.9270497840813,66.32589893814283,8.636897767332547,12.894615374713348,-91.36310223266744,False,True,False,567,421,13,2,108334.14558,192924.96493000002,-0.2807909085530945,3,2,0.02156017248137987,1
1764979200000,0.002551,0.00285,0.002501,0.002606,9283852.15,2025-12-06,0.0215601724813798,0.021331039542979,0.0215601724813798,0.061971650622662,1.1839667227280963,0.1315654969191906,2.5135552893365296,0.0991959147755411,1.895135290810947,0.1504934925411327,2.8751741379415985,0.002692,0.002693498861921,0.0029695,0.0028165677669847,0.00287675,0.0029833061199747,0.00352764,0.0032516373605637,0.0033087499999999,0.0034510577512698,-0.066953097028285,-6.695309702828503,-0.1222633883462445,-12.226338834624457,-0.2069385270846013,-20.69385270846013,25.0,49.62428614367297,35.62855337965888,0.0028526598255933,0.0030637936609743,-0.0002111338353809,-0.0001885041873967,-2.2629647984255503e-05,-0.8683671521203187,0.00287675,0.0003318049323893,0.0035403598647786,0.0022131401352213,0.4613608167401849,0.296002128381331,0.0004127142857142,15.837079267624162,0.0004595714285714,17.635127727222894,0.0004635238095238,17.786792383876037,10871990.411,0.853923872174026,-180385826.41000003,0.0041432506029487,24.171467647402533,-85.23808770570035,65.77768815504524,6.600249066002474,9.265277426448131,-93.39975093399752,True,False,False,567,421,13,2,108334.14558,192924.96493000002,-0.2807909085530945,3,2,-0.044896392939370644,0
1765065600000,0.002606,0.002686,0.00247,0.002489,6842397.75,2025-12-07,-0.0448963929393706,-0.0459354553171983,0.0448963929393706,0.0422679082490875,0.8075272532428532,0.132138419500605,2.524500959885542,0.0971611586102093,1.856261328855548,0.1503914251958925,2.8732241440487862,0.0025923999999999,0.002625332574614,0.0029254,0.002757009991169,0.00285355,0.0029362292514077,0.00351458,0.003221570763733,0.0032863799999999,0.0034305114001887,-0.1667224640107131,-16.672246401071313,-0.1505119453924914,-15.051194539249146,-0.1571283440568913,-15.71283440568913,31.047381546134677,48.84615384615385,36.79060665362035,0.0027967121600998,0.0030212145716699,-0.00022450241157,-0.0001957038322314,-2.8798579338691675e-05,-1.1570341236919115,0.00285355,0.000342250058629,0.003538050117258,0.0021690498827419,0.4797533719458611,0.2337107833813818,0.0003522857142857,14.153704872869191,0.0004545714285714,18.263215290133733,0.0004505238095238,18.100594998947752,10939679.752,0.6254660013012783,-187228224.16000003,0.0041344273648494,25.454223611800305,-107.18760532361848,66.39179937115983,1.161369193154029,5.466172008829684,-98.83863080684596,False,True,False,567,421,13,2,108334.14558,192924.96493000002,-0.2807909085530945,3,2,-0.019686621132985138,0
1765152000000,0.002489,0.002558,0.002415,0.00244,7036880.16,2025-12-08,-0.0196866211329851,-0.0198829840803444,0.0196866211329851,0.0249695814426534,0.4770431836414549,0.0598466472185662,1.143368589697035,0.0972122816188885,1.857238032564965,0.1486154718672747,2.8392946033463047,0.0025404,0.0025635550497426,0.0027806,0.0026993718109563,0.00282785,0.002888969236201,0.0035103999999999,0.0031907641597941,0.00326683,0.0034093902108061,-0.0962962962962964,-9.62962962962964,-0.3724279835390947,-37.24279835390946,-0.1740013540961408,-17.400135409614087,8.371385083713847,44.10562716127004,38.49829351535837,0.0027418333662238,0.0029781599728661,-0.0002363266066423,-0.0002038283871135,-3.2498219528725764e-05,-1.331894242980564,0.00282785,0.0003534261294066,0.0035347022588132,0.0021209977411867,0.4999220318003358,0.2256498828686294,0.0002989999999999,12.254098360655734,0.0004212142857142,17.26288056206089,0.0004400476190476,18.034738485558155,10920590.406,0.6443681063373453,-194265104.32,0.0041250171037561,23.917513490489423,-115.73461442571396,61.89797770804079,1.478415138971014,3.0800111327091724,-98.52158486102898,False,True,False,567,421,13,2,108334.14558,192924.96493000002,-0.2807909085530945,3,2,0.07909836065573761,1
1765238400000,0.00244,0.00287,0.002373,0.002633,10265726.89,2025-12-09,0.0790983606557376,0.0761258412090617,0.0790983606557376,0.049286923885105,0.9416253586806648,0.0681141944329394,1.3013198574469005,0.0989001709559824,1.8894851130717425,0.1489526829931118,2.84573701285958,0.0025437999999999,0.0025867033664951,0.0026918999999999,0.0026873042089642,0.0028153,0.0028645911733353,0.0035091999999999,0.0031687835862322,0.0032516299999999,0.0033928599902136,0.0064984709480122,0.6498470948012266,-0.2519886363636364,-25.19886363636364,-0.0870319001386962,-8.703190013869623,44.04973357015984,47.89915966386555,41.84239733629301,0.0027250897714164,0.0029525916505247,-0.0002275018791083,-0.0002085630855125,-1.893879359582423e-05,-0.7192857423404568,0.0028153,0.0003557759643962,0.0035268519287925,0.0021037480712074,0.5054892400756933,0.3718997218450734,0.0003065714285714,11.643426835223265,0.0004362142857142,16.56719657099452,0.0004469047619047,16.973215416056284,10924618.191,0.9396874756187992,-183999377.43,0.0041127416490566,23.985499861450847,-65.65839371852091,66.53468656645421,15.00288517022503,5.880889834116691,-84.99711482977497,True,True,False,567,421,13,2,108334.14558,192924.96493000002,-0.2807909085530945,3,2,-0.08659323965058863,0
1765324800000,0.002633,0.002649,0.002391,0.002405,8119188.13,2025-12-10,-0.0865932396505886,-0.0905739769564477,0.0865932396505886,0.063467751616468,1.2125496920811671,0.063997396069787,1.222668535153872,0.0998313066774636,1.9072744360524987,0.1495318462650791,2.856801911634194,0.0025145999999999,0.0025261355776634,0.002622,0.0026359761709706,0.0028003999999999,0.0028208205198173,0.00350184,0.0031386899223347,0.0032351999999999,0.0033718586143103,-0.0572324578596628,-5.723245785966283,-0.2251932989690721,-22.519329896907216,-0.1102478727339992,-11.024787273399928,35.077793493635085,41.61712247324613,40.52891851214793,0.0026758451911891,0.0029120279590828,-0.0002361827678937,-0.0002140870219887,-2.2095745904958677e-05,-0.9187420334702152,0.0028003999999999,0.000366796143009,0.003533992286018,0.0020668077139819,0.5239196443494394,0.2305042545183933,0.0002787142857142,11.588951588951588,0.000431,17.920997920997923,0.0004309047619047,17.917037917037916,10998182.645,0.738229977812848,-192118565.56,0.0041022502782352,24.24979355886541,-96.98207366634443,55.34094460484594,1.8465089440276925,6.109269751074578,-98.15349105597232,False,False,True,567,421,13,2,108334.14558,192924.96493000002,-0.2807909085530945,3,2,-0.04365904365904372,0
1765411200000,0.002405,0.002444,0.0023,0.0023,5614911.86,2025-12-11,-0.0436590436590437,-0.0446407806226205,0.0436590436590437,0.0620187337642354,1.1848662448848295,0.058733495098392,1.1221018483019212,0.0998793348293816,1.9081920126065144,0.1493644932298155,2.853604636384806,0.0024534,0.0024507570517756,0.0025727,0.0025748895944304,0.00278585,0.0027712184983085,0.00349592,0.0031056510059463,0.00321971,0.0033491046361125,-0.1174213353798925,-11.74213353798925,-0.1765127103472967,-17.651271034729678,-0.1123118487070629,-11.231184870706292,33.19946452476573,40.81632653061224,42.61813248926069,0.0026180228540738,0.0028666911607671,-0.0002486683066932,-0.0002210032789296,-2.766502776358013e-05,-1.2028272940687017,0.00278585,0.0003810350550249,0.0035479201100499,0.00202377988995,0.5471006048781937,0.1812301167617306,0.0002574285714285,11.192546583850929,0.0004187142857142,18.204968944099377,0.000414619047619,18.02691511387164,10911772.7915,0.5145737514232221,-197733477.42,0.0040944815015129,24.49612416542204,-123.86126057458571,50.93690177676042,0.0,5.616464704750907,-100.0,False,True,False,567,421,13,2,108334.14558,192924.96493000002,-0.2807909085530945,3,2,0.003478260869565375,1
1765497600000,0.0023,0.002475,0.0022,0.002308,6973220.33,2025-12-12,0.0034782608695653,0.0034722257107492,0.0034782608695653,0.0615491222991352,1.175894330441632,0.0510622819996022,0.97554352783334,0.0998075848395893,1.9068212309762584,0.1492863130288742,2.852111005743041,0.0024172,0.0024031713678504,0.0025048,0.0025263642136248,0.0027697,0.0027271023967424,0.00348804,0.0030742343411233,0.0032068599999999,0.00332703500287,-0.0727199678585776,-7.271996785857763,-0.2273183796451289,-22.731837964512884,-0.1227670087419231,-12.27670087419232,28.714285714285737,18.14516129032259,42.70880361173816,0.0025703270303636,0.0028253054521382,-0.0002549784217745,-0.0002277983074986,-2.7180114275858383e-05,-1.177647932229566,0.0027697,0.0003945491897823,0.0035587983795646,0.0019806016204353,0.5698078344691837,0.2074509262997582,0.0002688571428571,11.648923000742757,0.0003543571428571,15.35342906660064,0.0004077619047619,17.667326896096395,10645851.253,0.6550176368503127,-190760257.09,0.0040848174206922,24.692337877567407,-117.40452841980098,36.28874268172101,6.003335186214565,2.6166147100807526,-93.99666481378544,True,True,False,567,421,13,2,108334.14558,192924.96493000002,-0.2807909085530945,3,2,-0.06802426343154244,0
1765584000000,0.002308,0.002308,0.002,0.002151,10892601.56,2025-12-13,-0.0680242634315424,-0.0704484983602601,0.0680242634315424,0.0663761178435448,1.2681139508312151,0.0473110606715488,0.9038765449891072,0.1007904185076781,1.9255982418401327,0.1493607526655566,2.853533173004981,0.0023594,0.0023191142452336,0.0024499,0.0024581161747838,0.0027489,0.0026722354409295,0.0034732199999999,0.0030378776003478,0.00319194,0.0033021398384477,-0.1184426229508195,-11.844262295081958,-0.2033333333333333,-20.33333333333333,-0.1620568757304245,-16.20568757304245,27.16216216216219,19.83252534156017,41.8862076599513,0.002505815179531,0.0027753555834491,-0.000269540403918,-0.0002361467267825,-3.33936771355227e-05,-1.5524722052776707,0.0027489,0.0004161706254334,0.0035812412508669,0.001916558749133,0.6055813240692075,0.1408324113593679,0.000263,12.226871222687125,0.0003378571428571,15.706980142126584,0.0003940476190476,18.319275641451377,10773534.4335,1.011051816582102,-201652858.65,0.004068451557389,25.35906243878879,-142.05426029725658,25.57468887344791,9.004174120453195,5.002503102222587,-90.9958258795468,False,True,False,567,421,13,2,108334.14558,192924.96493000002,-0.2807909085530945,3,2,-0.019060901906090333,0
1765670400000,0.002151,0.002194,0.002001,0.00211,5790271.43,2025-12-14,-0.0190609019060903,-0.019244902797618,0.0190609019060903,0.0362631614126968,0.6928067260136886,0.0471914708351233,0.9015917843722506,0.0979679602331383,1.8716752522187836,0.1446907577595692,2.76431304560084,0.0022548,0.0022494094968224,0.0023993,0.0023948223248231,0.00271365,0.0026186891546995,0.00344248,0.0030013440031346,0.00317639,0.0032769381994212,-0.1986327383213064,-19.86327383213065,-0.1934250764525994,-19.34250764525994,-0.2504440497335701,-25.04440497335701,27.45901639344264,23.75923970432946,43.22595384966872,0.0024449205365203,0.0027260687817118,-0.0002811482451914,-0.0002451470304643,-3.600121472713063e-05,-1.7062187074469493,0.00271365,0.0004394814258694,0.0035926128517388,0.0018346871482611,0.6478085617075215,0.1566123364566376,0.0002597142857142,12.308733920108333,0.0003059999999999,14.502369668246445,0.000389619047619,18.465357707063863,10512190.882,0.5508149057600036,-207443130.08,0.0040596340547183,26.392681307917144,-133.6464081730461,27.94629026013341,9.023789991796544,8.010433099488102,-90.97621000820348,False,False,True,567,421,13,2,108334.14558,192924.96493000002,-0.2807909085530945,3,2,-0.09004739336492884,0
1765756800000,0.00211,0.00211,0.00175,0.00192,12801347.33,2025-12-15,-0.0900473933649288,-0.0943627614482848,0.0900473933649288,0.0373240678467241,0.7130753149764802,0.0521398163689125,0.9961297930536624,0.0995858020857599,1.9025840774137723,0.1163693559160284,2.2232334231145465,0.0021578,0.0021396063312149,0.0023362,0.002308490993037,0.002671,0.0025521472699969,0.00336428,0.002958774637427,0.00315907,0.003248291075979,-0.2016632016632016,-20.166320166320165,-0.2473539788318306,-24.73539788318306,-0.3076090876307248,-30.76090876307248,1.0973936899863048,25.380710659898483,42.46913580246915,0.0023641635308952,0.0026663586336496,-0.0003021951027544,-0.0002565566449223,-4.5638457832086125e-05,-2.377003012087819,0.002671,0.0004734927332293,0.0036179854664587,0.0017240145335412,0.7090868337392716,0.1034786031044776,0.0002907142857142,15.14136904761905,0.0002948571428571,15.357142857142856,0.0003777142857142,19.672619047619047,10778820.6615,1.187638957174981,-220244477.41000003,0.0040387003384773,27.36337933942436,-146.5067476605341,28.970850555373843,12.256669069935112,10.09487772739495,-87.74333093006489,False,True,False,567,421,13,2,108334.14558,192924.96493000002,-0.2807909085530945,3,2,-0.0010416666666667185,0
1765843200000,0.00192,0.002099,0.00181,0.001918,9234980.62,2025-12-16,-0.0010416666666667,-0.0010422095784437,0.0010416666666667,0.0418586873131591,0.7997090982394807,0.0502676269368916,0.9603616641772394,0.0976504832756132,1.8656098634617304,0.1156314094515996,2.2091349757073857,0.0020814,0.0020657375541432,0.0022674,0.0022374926306666,0.00261845,0.0024917522422651,0.00329854,0.0029178085719311,0.00314166,0.0032202432474139,-0.1660869565217391,-16.60869565217391,-0.2640061396776668,-26.400613967766688,-0.353991242842708,-35.3991242842708,1.5904572564612636,16.192283364958897,41.92891102558297,0.0022955229876757,0.0026109235007831,-0.0003154005131073,-0.0002683254185593,-4.7075094548010255e-05,-2.4543844915542365,0.00261845,0.0004964445667894,0.0036113391335788,0.0016255608664211,0.7583792958267914,0.1472667610555597,0.000261,13.607924921793538,0.0002837857142857,14.79591836734694,0.0003778095238095,19.698098217389145,9529361.207,0.9691080461108184,-229479458.03000003,0.0040239620957458,27.659446934588946,-127.90004174867286,25.627350500372103,12.11247296322999,11.130977341653882,-87.88752703677001,False,False,True,567,421,13,2,108334.14558,192924.96493000002,-0.2807909085530945,3,2,-0.011470281543274341,0
1765929600000,0.001918,0.00203,0.00185,0.001896,8087288.86,2025-12-17,-0.0114702815432743,-0.0115365726284165,0.0114702815432743,0.0388548455035044,0.7423207810454575,0.050207644537573,0.9592157020473128,0.097655140161605,1.865698833143681,0.1061622855254294,2.028227617111482,0.001999,0.0020091583694288,0.0022081,0.0021754030614544,0.00256675,0.0024350138912876,0.0032007,0.0028775948810163,0.00312568,0.0031923586791085,-0.1785095320623917,-17.85095320623918,-0.2382482924869425,-23.82482924869425,-0.352901023890785,-35.2901023890785,1.9047619047619408,19.45288753799393,42.331428571428575,0.0022340579126451,0.0025579651783406,-0.0003239072656954,-0.0002794417879865,-4.4465477708931374e-05,-2.345225617559672,0.00256675,0.0005157569679606,0.0035982639359213,0.0015352360640786,0.80375099711414,0.174871091585942,0.0002498571428571,13.17811934900543,0.0002642857142857,13.93911995177818,0.000370619047619,19.547418123367493,9538929.7965,0.8478193080912879,-237566746.89000005,0.0040111206071763,28.364512417840423,-118.16223100341068,26.38314345559722,12.640692640692633,12.33661155795258,-87.35930735930737,False,False,True,567,421,13,2,108334.14558,192924.96493000002,-0.2807909085530945,3,2,-0.03586497890295359,0
1766016000000,0.001896,0.001935,0.00172,0.001828,9063889.88,2025-12-18,-0.0358649789029535,-0.0365239308008718,0.0358649789029535,0.0351086923683627,0.6707506258908452,0.0502529582381069,0.9600814190804527,0.0544500879509646,1.0402674696546756,0.1061470820074943,2.0279371543091744,0.0019344,0.0019487722462859,0.0021469,0.0021122388684627,0.00246375,0.0023772030056044,0.00310152,0.0028362934192513,0.00310871,0.0031636654109652,-0.1501627150162715,-15.016271501627156,-0.2508196721311475,-25.08196721311475,-0.5298353909465021,-52.98353909465021,0.0,19.692307692307693,38.23599523241955,0.0021715874645427,0.0025038927135791,-0.0003323052490363,-0.0002900144801965,-4.229076883985268e-05,-2.313499389488659,0.00246375,0.0004378157356937,0.0033393814713874,0.0015881185286125,0.7108119503906395,0.1369762732530436,0.00026,14.223194748358866,0.0002587142857142,14.152860268834011,0.0003658095238095,20.01146191518183,8833682.9075,1.0260601353830066,-246630636.77000004,0.0039962486794872,29.23950215232004,-126.21078680007996,26.523204590836823,9.391304347826088,11.381489983916238,-90.6086956521739,False,True,False,567,421,13,2,108334.14558,192924.96493000002,-0.2807909085530945,3,2,0.002188183807439792,1
1766102400000,0.001828,0.001987,0.00177,0.001832,6017507.29,2025-12-19,0.0021881838074397,0.0021857932199802,0.0021881838074397,0.0381451614004146,0.7287622852935272,0.0360290232728329,0.6883335231324526,0.0532134609403819,1.0166417437905777,0.1001959853641153,1.914241612578307,0.0018788,0.0019098481641906,0.0020668,0.002061286346924,0.0023793499999999,0.0023252788782261,0.00303826,0.0027967798693965,0.00309286,0.0031356940674136,-0.1317535545023695,-13.17535545023696,-0.3042157235093049,-30.421572350930493,-0.4795454545454545,-47.95454545454545,1.2232415902141014,20.984665052461665,38.68174164060621,0.0021193432392262,0.0024541220561895,-0.0003347788169632,-0.0002989673475498,-3.5811469413411204e-05,-1.954774531299738,0.0023793499999999,0.0003827151304202,0.0031447802608405,0.0016139197391594,0.64339442355315,0.1424559963183966,0.0002517142857142,13.739862757330007,0.0002602857142857,14.207735495945103,0.0003201428571428,17.47504678727386,8577875.324,0.7015148929903007,-240613129.48000005,0.0039866456714695,29.02252848350896,-110.15829076836944,31.344617924904767,9.739130434782616,10.590375807767112,-90.26086956521738,True,False,False,567,421,13,2,108334.14558,192924.96493000002,-0.2807909085530945,3,2,0.0376637554585153,1
1766188800000,0.001832,0.002175,0.001768,0.001901,11899902.1,2025-12-20,0.0376637554585153,0.0369717972543536,0.0376637554585153,0.0265883465069358,0.507969646770458,0.0376524493879103,0.7193490355118582,0.0511052275422478,0.9763640012735518,0.1000623760360988,1.9116890099506831,0.001875,0.001906898776127,0.0020164,0.002032143374756,0.0023192,0.0022848713437604,0.0029841,0.0027615402884844,0.00307775,0.0031097907425344,-0.0098958333333334,-0.9895833333333404,-0.2095634095634095,-20.95634095634096,-0.3875644329896908,-38.756443298969074,20.56338028169013,21.86751795690344,36.74937965260547,0.0020857519716518,0.002413149421835,-0.0003273974501832,-0.0003046533680765,-2.2744082106708854e-05,-1.1964272544297134,0.0023192,0.0003564656328012,0.0030321312656025,0.0016062687343974,0.6148079213543909,0.2067038435700053,0.0002658571428571,13.985120613211096,0.0002644285714285,13.909972195085292,0.0003138571428571,16.51010746223792,8569880.320500001,1.3885727285519096,-228713227.38000005,0.0039686575715243,28.644380622147768,-85.09632102371513,30.957800827991434,15.739130434782602,11.623188405797102,-84.2608695652174,True,True,False,567,421,13,2,108334.14558,192924.96493000002,-0.2807909085530945,3,2,-0.0005260389268805232,0
1766275200000,0.001901,0.001979,0.001841,0.0019,5894098.24,2025-12-21,-0.0005260389268805,-0.0005261773338972,0.0005260389268805,0.0265925621231415,0.5080501860049831,0.0374398757473701,0.7152878218117213,0.0479385998953334,0.9158656650254852,0.0971582247409432,1.85620527736192,0.0018714,0.0019045991840847,0.0019764,0.0020081173066185,0.0022745499999999,0.0022482169118047,0.00291576,0.0027276518751233,0.00306443,0.0030844397307482,-0.0093847758081334,-0.9384775808133474,-0.1739130434782608,-17.391304347826086,-0.3197278911564626,-31.97278911564625,43.975903614457806,24.09850483729113,37.09919839679359,0.0020571747452429,0.002375137812209,-0.000317963066966,-0.0003073153078544,-1.0647759111578469e-05,-0.5604083742936037,0.0022745499999999,0.0003498613973681,0.0029742727947363,0.0015748272052636,0.615262618747757,0.2323582975876008,0.000258,13.578947368421051,0.0002588571428571,13.62406015037594,0.0002899999999999,15.26315789473684,8260863.198999999,0.7134966525911599,-234607325.6200001,0.0039596851352925,28.24618518719138,-84.25787686469404,31.72571668980798,15.65217391304348,13.710144927536234,-84.34782608695653,False,False,True,567,421,13,2,108334.14558,192924.96493000002,-0.2807909085530945,3,2,0.03105263157894722,1
1766361600000,0.0019,0.0021,0.0019,0.001959,7529641.71,2025-12-22,0.0310526315789472,0.0305802527900087,0.0310526315789472,0.0293084838907988,0.5599377985202315,0.0401378576787594,0.7668326942363151,0.0449264915935394,0.8583194167208932,0.0963239948441286,1.840267337561876,0.0018839999999999,0.0019227327893898,0.0019414999999999,0.0019991868872333,0.00222315,0.002220672431596,0.00286078,0.0026974207953444,0.0030513,0.003060883441615,0.0332278481012657,3.322784810126578,-0.1512131715771232,-15.12131715771232,-0.3441580180783395,-34.41580180783396,59.19282511210759,29.032258064516128,18.81668283220175,0.0020420709382821,0.0023443123826008,-0.0003022414443187,-0.0003063005351473,4.059090828575668e-06,0.2072021862468437,0.00222315,0.0003132851862037,0.0028497203724075,0.0015965796275924,0.5636779996019483,0.2892096310067857,0.0002351428571428,12.003208634142783,0.0002629285714285,13.421570772259903,0.0002749523809523,14.035343591239457,8114611.321500001,0.9279115673784524,-227077683.9100001,0.0039487763190963,27.81889074000074,-60.39250504041575,38.08143515262877,20.78260869565216,17.391304347826082,-79.21739130434784,True,False,False,567,421,13,2,108334.14558,192924.96493000002,-0.2807909085530945,3,2,-0.01582440020418574,0
1766448000000,0.001959,0.002049,0.0019,0.001928,6923631.14,2025-12-23,-0.0158244002041857,-0.0159509427740497,0.0158244002041857,0.0226001673276795,0.4317755905354964,0.0356987708173717,0.6820240588300378,0.0411921365161533,0.7869746631432147,0.0930225197954835,1.7771927453210905,0.001904,0.0019244885262598,0.0019192,0.0019862438168272,0.00218455,0.0021927988553128,0.00282274,0.0026671629328809,0.00303814,0.0030371980852228,0.0547045951859956,5.470459518599565,-0.1036727103672711,-10.367271036727107,-0.2859259259259259,-28.5925925925926,56.89655172413797,14.213197969543144,21.11756168359942,0.0020245215631614,0.0023134740518048,-0.0002889524886433,-0.0003028309258465,1.3878437203139296e-05,0.7198359545196731,0.00218455,0.000298657782508,0.002781865565016,0.0015872344349839,0.5468545604505228,0.28524751820833,0.0002151428571428,11.158861885002962,0.0002380714285714,12.348103141671608,0.0002609047619047,13.532404663110055,8049908.772999999,0.8600881494734922,-234001315.05000004,0.0039387131450092,28.77703489558454,-60.40534386809464,28.74553584168231,22.38966630785792,19.608149638851188,-77.61033369214208,False,False,False,567,421,13,2,108334.14558,192924.96493000002,-0.2807909085530945,3,2,0.0010373443983402453,1
1766534400000,0.001928,0.0022,0.001908,0.00193,8652706.42,2025-12-24,0.0010373443983402,0.0010368067284403,0.0010373443983402,0.0227167697945547,0.4340032775372318,0.0357160579740496,0.6823543294946335,0.0411937798847727,0.787006059656604,0.0915897795170843,1.7498202807361851,0.0019236,0.0019263256841732,0.0019011999999999,0.0019760176683132,0.00215025,0.0021677703836654,0.00279414,0.0026381768104579,0.00302304,0.0030140752907139,0.0534934497816594,5.349344978165938,-0.0853080568720378,-8.530805687203785,-0.2622324159021406,-26.22324159021406,80.72289156626519,18.708827404479575,24.935952177625964,0.0020099797842132,0.0022850682453482,-0.0002750884611349,-0.0002972824329042,2.2193971769240596e-05,1.1499467237948493,0.00215025,0.0002856064415829,0.0027214628831659,0.001579037116834,0.5312990425912387,0.307208479980983,0.0002311428571428,11.976313841598811,0.0002405,12.46113989637306,0.000253238095238,13.12114483098939,8151354.7305,1.061505321026465,-225348608.63000005,0.0039266161017438,28.897155265411147,-42.746434949034,36.613205779391656,27.81456953642385,23.66228151331131,-72.18543046357615,True,False,False,567,421,13,2,108334.14558,192924.96493000002,-0.2807909085530945,3,2,-0.012435233160621784,0
1766620800000,0.00193,0.001966,0.001906,0.001906,4706486.17,2025-12-25,-0.0124352331606217,-0.0125131976847838,0.0124352331606217,0.0184964977045861,0.3533750924691116,0.0216287761071807,0.4132171873258796,0.0411195242339994,0.7855874074405225,0.0911071841812446,1.740600309790809,0.0019245999999999,0.0019195504561154,0.0018998,0.0019632871831653,0.002118,0.0021428398626112,0.00276994,0.0026093897853799,0.0030020999999999,0.0029909591901241,0.0026301946344029,0.2630194634402952,-0.0072916666666666,-0.7291666666666731,-0.2528420227361818,-25.284202273618188,69.89247311827958,20.943952802359878,28.418491484184926,0.001993982894334,0.0022569888221299,-0.0002630059277959,-0.0002904271318825,2.742120408661308e-05,1.4386780737992173,0.002118,0.0002741595770426,0.0026663191540852,0.0015696808459147,0.5177706837443748,0.306681931115776,0.0002089999999999,10.965372507869883,0.0002345,12.303252885624346,0.0002421428571428,12.70424224254235,8081526.500999999,0.5823758877011199,-230055094.80000004,0.0039198046467273,29.291800019677066,-60.42431213598448,37.27694422036217,24.635761589403963,24.94666581122858,-75.36423841059604,False,True,False,567,421,13,2,108334.14558,192924.96493000002,-0.2807909085530945,3,2,0.0645330535152151,1
1766707200000,0.001906,0.002245,0.0019,0.002029,10614355.59,2025-12-26,0.0645330535152151,0.0625362556116673,0.0645330535152151,0.0339123608988484,0.6478947452579135,0.0298368342778565,0.5700319184917287,0.0440730331354757,0.8420141157740002,0.0914112127889268,1.7464087681848708,0.0019504,0.0019560336374103,0.0019109,0.0019752349680443,0.0020891499999999,0.0021319979676586,0.00274562,0.0025865728894477,0.00298792,0.002970912528589,0.0678947368421052,6.789473684210526,0.0578727841501565,5.78727841501564,-0.2214121258633921,-22.14121258633921,76.66666666666671,32.40857503152583,25.85685483870968,0.0019993701413596,0.002240100597542,-0.0002407304561823,-0.0002804877967425,3.975734056014212e-05,1.9594549315003509,0.0020891499999999,0.0002493398177925,0.0025878296355851,0.0015904703644148,0.4773995506164223,0.439690739597357,0.0002272857142857,11.201858762233329,0.0002395,11.803844258255298,0.0002492857142857,12.286136731676407,8148051.673,1.302686337296133,-219440739.21000004,0.0039056178246437,27.14540637395997,-18.38345229273102,45.76029469139769,52.55102040816325,35.00045051133036,-47.448979591836746,True,True,False,567,421,13,2,108334.14558,192924.96493000002,-0.2807909085530945,3,2,0.037456875308033544,1
1766793600000,0.002029,0.002141,0.00201,0.002105,6152989.49,2025-12-27,0.0374568753080335,0.036772406290667,0.0374568753080335,0.0348411224663847,0.6656387100912409,0.0306478263168414,0.5855258996413031,0.0446325440417931,0.8527035566300586,0.0846616610622297,1.6174587635061342,0.0019796,0.0020056890916068,0.0019317999999999,0.0019988286102181,0.00206995,0.0021294267319407,0.00270738,0.0025676426308722,0.00297598,0.0029528861238911,0.074527820316488,7.452782031648816,0.1102320675105485,11.023206751054865,-0.1542788268380874,-15.42788268380875,82.53968253968256,46.76966292134831,33.220530174844896,0.0020156208888429,0.002230093056059,-0.000214472167216,-0.0002672846708372,5.281250362117174e-05,2.5089075354475887,0.00206995,0.0002310428246929,0.0025320356493859,0.001607864350614,0.4464703489320039,0.5379258694211567,0.0001878571428571,8.924329826942651,0.0002268571428571,10.777061418391584,0.0002389047619047,11.349394864834297,8113581.260000001,0.7583567961948284,-213287749.72000003,0.0038976126889833,25.988806596059028,-3.0358117796695883,53.7216761889241,73.33333333333336,50.17337177696686,-26.66666666666665,False,False,True,567,421,13,2,108334.14558,192924.96493000002,-0.2807909085530945,3,2,0.013301662707838391,1
1766880000000,0.002105,0.002168,0.002051,0.002133,9665901.51,2025-12-28,0.0133016627078383,0.0132139723548686,0.0133016627078383,0.0305834822526369,0.5842966080207346,0.0258798658912352,0.4944341436128145,0.0447634113941116,0.8552037738855269,0.083842341463541,1.6018056845518087,0.0020206,0.0020481260610712,0.0019622999999999,0.0020232234083603,0.0020546,0.0021297670432686,0.00267722,0.0025505587625943,0.00296531,0.0029358352091289,0.1063278008298753,10.632780082987546,0.1668490153172865,16.684901531728663,-0.1258196721311475,-12.581967213114751,80.63380281690144,51.64520743919886,35.93476994758299,0.0020336792136365,0.0022229009180673,-0.0001892217044308,-0.0002516720775559,6.245037312508907e-05,2.9278187119122867,0.0020546,0.0002147900811195,0.0024841801622391,0.0016250198377608,0.418164277464404,0.5912518860174322,0.0001848571428571,8.666532717165628,0.0002214285714285,10.38108633045342,0.0002341904761904,10.97939410175697,8245032.327500001,1.172330334929181,-203621848.21000004,0.0038853979622476,25.93471793817529,16.85737637923991,60.66667503587341,78.66666666666666,68.18367346938776,-21.333333333333357,True,False,False,567,421,13,2,108334.14558,192924.96493000002,-0.2807909085530945,3,2,0.043131739334270947,1
1766966400000,0.002133,0.00245,0.002102,0.002225,10722593.35,2025-12-29,0.0431317393342709,0.0422274761289899,0.0431317393342709,0.0295674811325771,0.564885933876687,0.026704857861845,0.5101955930805284,0.0418002405124085,0.7985924736790024,0.0745990120082858,1.4252121232656965,0.0020796,0.0021070840407141,0.0020016,0.0020599100613857,0.0020342,0.0021388368507009,0.00262972,0.0025377636457453,0.0029585299999999,0.0029210668822132,0.1528497409326423,15.284974093264244,0.2145196506550217,21.451965065502176,-0.1549563235852639,-15.495632358526391,93.04347826086952,75.37437603993345,40.65366972477064,0.0020631131807695,0.0022230564068143,-0.0001599432260447,-0.0002333263072537,7.338308120898872e-05,3.2981160093927517,0.0020342,0.0001720965457312,0.0023783930914624,0.0016900069085375,0.338406342997221,0.7771700024385912,0.000206,9.258426966292134,0.0002205714285714,9.913322632423757,0.0002439523809523,10.964151952915996,8267875.650499999,1.2968982364111332,-192899254.86000004,0.00387311263001,29.17622913492867,95.02671987029656,71.31151512485813,69.17808219178083,73.72602739726028,-30.82191780821917,True,False,False,567,421,13,2,108334.14558,192924.96493000002,-0.2807909085530945,3,2,-0.010786516853932615,0
1767052800000,0.002225,0.002386,0.002201,0.002201,7139095.45,2025-12-30,-0.0107865168539326,-0.0108451130738789,0.0107865168539326,0.0289906745703814,0.5538660599790379,0.0275146545018826,0.5256667361652807,0.0374664804583914,0.7157961041021011,0.0742068517269717,1.4177199116110704,0.0021386,0.0021383893604761,0.0020315999999999,0.0020855627774973,0.002024,0.0021447571518326,0.0025877,0.0025245292969244,0.00294987,0.0029061213154529,0.1547743966421826,15.477439664218254,0.1578116780641767,15.78116780641767,-0.0848232848232849,-8.482328482328489,86.92098092643045,72.71268057784911,38.17863397548161,0.0020843265375744,0.0022214225872623,-0.0001370960496879,-0.0002140802557405,7.698420605263003e-05,3.4976922331953677,0.002024,0.0001540635548965,0.002332127109793,0.0017158728902069,0.3044734286492967,0.7872191286882508,0.0002111428571428,9.593042123710005,0.0002131428571428,9.68390991107938,0.0002290952380952,10.408688691287512,8218871.016500001,0.8686223978533949,-200038350.31000003,0.0038650538204758,32.46253282608022,111.4366473496044,71.08731613755262,65.8904109589041,71.24505327245053,-34.10958904109591,False,False,True,567,421,13,2,108334.14558,192924.96493000002,-0.2807909085530945,3,2,-0.05724670604270776,0
1767139200000,0.002201,0.002296,0.002065,0.002075,7814178.48,2025-12-31,-0.0572467060427077,-0.0589506488616628,0.0572467060427077,0.0409271166899532,0.7819114664729387,0.0357164563960207,0.6823619413357036,0.0383413204542813,0.7325098987555945,0.0714507839534415,1.3650653107305537,0.0021478,0.0021172595736507,0.0020491,0.0020836422724978,0.0020127499999999,0.002138113612346,0.0025567399999999,0.0025068648779618,0.0029414399999999,0.0028888871630286,0.0226712666338098,2.267126663380977,0.0921052631578946,9.210526315789474,-0.0978260869565217,-9.782608695652172,68.01705756929638,62.31086657496563,37.97909407665505,0.0020828916856398,0.0022105763981397,-0.0001276847124998,-0.0001968011470924,6.911643459254818e-05,3.3309125104842496,0.0020127499999999,0.0001404634715579,0.0022936769431158,0.0017318230568841,0.2791473785773714,0.6107939297483831,0.0002024285714285,9.755593803786574,0.0002167857142857,10.447504302925989,0.0002278095238095,10.97877223178428,8328834.347499999,0.9382079357053752,-207852528.79,0.0038556857429469,34.50174373708992,61.39198485683234,70.7176573029751,48.63013698630138,61.23287671232877,-51.36986301369861,False,True,False,567,421,13,2,108334.14558,192924.96493000002,-0.2807909085530945,3,2,-0.003855421686747129,0
1767225600000,0.002075,0.002182,0.002066,0.002067,5258452.99,2026-01-01,-0.0038554216867471,-0.0038628729830305,0.0038554216867471,0.036735224374412,0.7018254762339524,0.0350674571346991,0.6699628278578561,0.0382968083487934,0.731659496174306,0.0698387680077956,1.334267789332054,0.0021401999999999,0.0021005063824338,0.0020599,0.0020806164047709,0.0020007,0.0021313408862384,0.00251866,0.0024895816030488,0.0029311099999999,0.0028718603939865,-0.0180522565320666,-1.805225653206664,0.0551301684532925,5.513016845329251,-0.104419410745234,-10.44194107452341,55.367231638418055,67.91604197901049,38.90541344437835,0.002080446810926,0.0021999410444286,-0.0001194942335026,-0.0001813397643744,6.184553087184913e-05,2.9920430997508047,0.0020007,0.0001230610032719,0.0022468220065439,0.001754577993456,0.2460358939810787,0.6346892968470793,0.0002104285714285,10.180385652083764,0.0002097142857142,10.14582901375354,0.0002264761904761,10.956758126569447,8243095.9805,0.6379220868517703,-213110981.78000003,0.0038492915409025,37.55192215935815,50.092208754314605,72.45315515014858,43.84164222873898,52.78739672464816,-56.158357771261024,False,False,True,567,421,13,2,108334.14558,192924.96493000002,-0.2807909085530945,3,2,0.051765844218674584,1
1767312000000,0.002067,0.002315,0.002066,0.002174,11496968.26,2026-01-02,0.0517658442186745,0.0504705079993866,0.0517658442186745,0.0442791313321906,0.8459516162935596,0.0368754629867871,0.7045047311614135,0.0372396190430014,0.7114619228467353,0.0699022746968806,1.3354810829234258,0.0021484,0.0021250042549558,0.0020845,0.0020975952402671,0.00200185,0.0021354036595867,0.00248806,0.0024771826451408,0.00292415,0.0028574162591511,0.0192217533989687,1.92217533989687,0.1275933609958506,12.75933609958507,0.0106927010692701,1.0692701069270114,58.961038961038966,72.20779220779221,35.6112852664577,0.0020948396092451,0.0021980194747146,-0.0001031798654694,-0.0001657077845934,6.252791912397386e-05,2.87616923293348,0.00200185,0.0001246368514398,0.0022511237028796,0.0017525762971203,0.249043337792201,0.8453031707943708,0.0001967142857142,9.048495203049017,0.0002119999999999,9.751609935602572,0.000225238095238,10.360537959434003,8273314.3155,1.3896448051611558,-201614013.52000004,0.0038361065872727,41.44165933634503,97.89299058900112,74.06391847605474,59.53079178885633,50.66752366796556,-40.46920821114367,True,False,False,567,421,13,2,108334.14558,192924.96493000002,-0.2807909085530945,3,2,-0.04967801287948481,0
1767398400000,0.002174,0.002174,0.002066,0.002066,7519352.84,2026-01-03,-0.0496780128794848,-0.0509544180015708,0.0496780128794848,0.0435361213832232,0.8317564311501197,0.041813082258139,0.7988378148866971,0.0387163136258841,0.7396741332397023,0.0696254472384582,1.3301923017562909,0.0021166,0.0021053361699705,0.0020981,0.0020918506511276,0.00199965,0.0021287937863485,0.00246036,0.0024610287839869,0.00291916,0.0028410503890277,-0.0714606741573032,-7.146067415730331,0.0704663212435232,7.0466321243523335,-0.0208530805687202,-2.085308056872027,42.79569892473121,60.19777503090236,38.50847457627119,0.0020904027462843,0.0021882402031556,-9.783745687126125e-05,-0.000152133719049,5.429626217776353e-05,2.62808626223444,0.00199965,0.0001230050384076,0.0022456600768153,0.0017536399231846,0.2460531361141909,0.6348521996718766,0.0001934285714285,9.362467155303548,0.0001906428571428,9.227631033052134,0.0002157142857142,10.441156133314893,8359768.386,0.8994690394284807,-209133366.36000004,0.0038271678189535,45.29128000181309,46.40107476876973,66.37738565623198,36.9458128078818,46.7727489418257,-63.05418719211819,False,False,False,567,421,13,2,108334.14558,192924.96493000002,-0.2807909085530945,3,2,-0.010164569215876162,0
1767484800000,0.002066,0.002128,0.001969,0.002045,11438795.95,2026-01-04,-0.0101645692158761,-0.0102165812026818,0.0101645692158761,0.0435483426736395,0.8319899185756804,0.0416980859399097,0.7966408133117556,0.0326132961422101,0.6230761479303448,0.0695878016379587,1.3294730835686082,0.0020854,0.0020852241133137,0.002112,0.0020833323509226,0.0020059,0.0021208134247644,0.0024339,0.0024446856904738,0.00291831,0.0028246031169026,-0.0708768741481145,-7.087687414811445,0.0729275970619098,7.292759706190976,0.0651041666666665,6.510416666666662,27.157360406091414,58.74547647768395,40.833932422717474,0.0020834177083944,0.0021776297662901,-9.421205789571144e-05,-0.0001405493868183,4.633732892265067e-05,2.265884054897344,0.0020059,0.0001219158035608,0.0022497316071216,0.0017620683928783,0.2431144195839189,0.5801782846398701,0.0001994285714285,9.752008382815228,0.0001921428571428,9.395738735592037,0.0002140952380952,10.469204796833155,8291640.816999999,1.379557581238628,-220572162.31000003,0.0038133197536929,48.27587981736722,9.103596349973287,63.045883573143534,26.36363636363636,40.946746986791496,-73.63636363636364,False,True,False,567,421,13,2,108334.14558,192924.96493000002,-0.2807909085530945,3,2,0.014669926650366705,1
1767571200000,0.002045,0.002108,0.002044,0.002075,8476790.91,2026-01-05,0.0146699266503667,0.0145633641878965,0.0146699266503667,0.0370118157122017,0.7071097463227356,0.0368677270436746,0.7043569361757703,0.0326831891272625,0.6244114515348606,0.0696163330954492,1.3300181762985934,0.0020854,0.0020818160755424,0.0021166,0.0020818173780276,0.00201375,0.002116450240969,0.00240968,0.0024301641045551,0.00291596,0.0028091287904566,0.0,0.0,0.0226712666338098,2.267126663380977,0.0818561001042752,8.18561001042753,34.25000000000004,57.25000000000001,41.75513092710545,0.0020821226763337,0.0021700275272494,-8.790485091567319e-05,-0.0001300204796378,4.211562872215115e-05,2.0296688540795733,0.00201375,0.0001210092971634,0.0022557685943268,0.0017717314056731,0.2403660775437854,0.6265398639520825,0.0001588571428571,7.655765920826163,0.0001824285714285,8.791738382099828,0.0002,9.638554216867472,8253731.331499999,1.0270253015928328,-212095371.40000004,0.0038033582053132,51.89671536663554,23.768423848094468,63.44333250538888,31.818181818181827,31.709210329899992,-68.18181818181817,False,False,True,567,421,13,2,108334.14558,192924.96493000002,-0.2807909085530945,3,2,-0.013493975903614341,0
1767657600000,0.002075,0.002096,0.002046,0.002047,8872296.12,2026-01-06,-0.0134939759036143,-0.013585847003509,0.0134939759036143,0.0375456256429512,0.717308170730009,0.0350300200300871,0.6692475929785122,0.0327381492976285,0.6254614641153706,0.0682810961763431,1.3045085107774128,0.0020814,0.0020702107170283,0.0021108,0.0020754869456589,0.0020213,0.0021098359316408,0.00239156,0.0024151140558673,0.0029160499999999,0.0027934091182346,-0.0096758587324623,-0.9675858732462322,-0.0275534441805225,-2.7553444180522515,0.0796413502109707,7.9641350210970625,45.36423841059607,57.465495608532,45.95015576323988,0.002076719187667,0.0021609143391996,-8.419515153267488e-05,-0.0001208554140167,3.666026248411957e-05,1.7909263548666128,0.0020213,0.0001179478475294,0.0022571956950589,0.001785404304941,0.23340987983865,0.5544732280798503,0.0001395714285714,6.818340428501639,0.0001753571428571,8.566543373578059,0.000188619047619,9.214413659943704,8292981.694499999,1.0698559874893017,-220967667.52000004,0.0037929779295239,53.41582491321371,11.467889908256724,62.24076361695212,26.727272727272773,28.30303030303032,-73.27272727272724,False,False,True,567,421,13,2,108334.14558,192924.96493000002,-0.2807909085530945,3,2,-0.03468490473864205,0
1767744000000,0.002047,0.002091,0.001922,0.001976,16372427.1,2026-01-07,-0.034684904738642,-0.0353007073534765,0.034684904738642,0.0246407098283095,0.4707601002715472,0.0359400739272258,0.6866341482707355,0.0326628393644247,0.6240226698617348,0.0684028096315862,1.3068338430748123,0.0020418,0.0020388071446855,0.0020951,0.0020573984100846,0.0020287,0.0020970896512783,0.002372,0.002397867466662,0.00291644,0.0027765631152207,-0.0910763569457222,-9.10763569457223,-0.0736052508204406,-7.360525082044071,0.0809628008752734,8.096280087527347,37.5342465753425,52.65588914549652,44.90106544901065,0.0020612239280259,0.0021472169280186,-8.599299999276005e-05,-0.0001138829312119,2.788993121922752e-05,1.411433766155239,0.0020287,0.0001095238978968,0.0022477477957936,0.0018096522042063,0.2159489286673123,0.3797066188019622,0.0001307142857142,6.615095430884904,0.0001665714285714,8.429728166570271,0.0001880952380952,9.518989782147676,8658408.5555,1.890927991564904,-237340094.62000003,0.0037734185293074,54.36363186569356,-46.08547544000472,52.09578764323013,13.818181818181802,24.12121212121213,-86.1818181818182,False,True,False,567,421,13,2,108334.14558,192924.96493000002,-0.2807909085530945,3,2,-0.012651821862348145,0
1767830400000,0.001976,0.002095,0.00195,0.001951,8531625.01,2026-01-08,-0.0126518218623481,-0.0127325376847018,0.0126518218623481,0.0175300806805795,0.3349117211500426,0.0313208294187408,0.5983836058494754,0.0328836688097754,0.6282416104913087,0.068361939794512,1.3060530259338634,0.0020188,0.002009538096457,0.0020677,0.0020380532446146,0.00203465,0.0020831763500123,0.0023533399999999,0.0023803174117887,0.0029181999999999,0.0027595627862853,-0.0556631171345596,-5.566311713455957,-0.1231460674157303,-12.31460674157303,0.0649563318777293,6.495633187772924,10.600706713780935,52.59515570934257,51.34899912967799,0.0020442664006372,0.0021326822889577,-8.841588832046417e-05,-0.0001087895226336,2.037363431321872e-05,1.0442662385042911,0.00203465,0.0001011909476916,0.0022370318953832,0.0018322681046167,0.1989353406072268,0.2933362570757795,0.0001348571428571,6.91220619462547,0.0001726428571428,8.848941934539063,0.0001847619047619,9.47011300676088,8784114.4415,0.9712561313742532,-245871719.63000005,0.0037634071733016,55.77087951869717,-54.05636208368957,56.81200811675155,9.272727272727282,16.60606060606062,-90.7272727272727,True,False,False,567,421,13,2,108334.14558,192924.96493000002,-0.2807909085530945,3,2,-0.03639159405433112,0
1767916800000,0.001951,0.002007,0.001833,0.00188,7731653.08,2026-01-09,-0.0363915940543311,-0.0370702847991163,0.0363915940543311,0.0207471366041837,0.3963734882715051,0.0321895296457066,0.6149801003823765,0.0330227401318229,0.6308985643683754,0.0680133170303708,1.2993925973769094,0.0019858,0.0019663587309713,0.0020356,0.0020093162910483,0.0020336,0.0020638262199998,0.00233688,0.0023606693260143,0.00291946,0.0027414647794141,-0.0806845965770171,-8.06845965770171,-0.1458427987278509,-14.584279872785094,-0.0110468174644923,-1.1046817464492356,12.19512195121952,40.85889570552148,48.44006568144499,0.002018994646693,0.0021139650206026,-9.497037390964434e-05,-0.0001060256928888,1.1055318979230828e-05,0.5880488818739802,0.0020336,0.000102747723755,0.00223909544751,0.0018281045524899,0.2021001647423322,0.126269092913791,0.0001241428571428,6.603343465045598,0.0001604285714285,8.533434650455927,0.0001827142857142,9.71884498480243,8575701.9905,0.9015766975770588,-253603372.71000004,0.0037539636818096,54.90696493824567,-127.48197448696634,50.12256787151613,7.61750405186385,10.236137714257644,-92.38249594813614,False,True,False,567,421,13,2,108334.14558,192924.96493000002,-0.2807909085530945,3,2,-0.05265957446808511,0
1768003200000,0.00188,0.001902,0.001669,0.001781,7165461.28,2026-01-10,-0.0526595744680851,-0.0540967725343332,0.0526595744680851,0.0169533363037739,0.3238930353026043,0.0315496713319295,0.602755624462156,0.0350580462847255,0.6697830338215611,0.0681539433628301,1.3020792596861783,0.001927,0.0019045724873142,0.0020062,0.0019678042381304,0.0020276499999999,0.0020368903877103,0.00232068,0.0023379062566752,0.0029189999999999,0.002721717409437,-0.1416867469879518,-14.16867469879518,-0.1416867469879518,-14.16867469879518,-0.0626315789473683,-6.26315789473684,9.25925925925928,30.668257756563264,45.55984555984556,0.0019823800856633,0.0020893008696415,-0.0001069207839782,-0.0001062047111067,-7.160728714661156e-07,-0.0402062252367274,0.0020276499999999,0.0001137482330689,0.0022551464661378,0.0018001535338621,0.2243942161003103,-0.0420963327194995,0.000142,7.973048848961266,0.0001677142857142,9.416860511751024,0.0001744285714285,9.793855779257235,8639270.1425,0.8294058597323228,-260768833.99000004,0.0037447216148142,53.68976464261165,-207.45696671409,45.31115084016363,14.340588988476329,10.410273437689154,-85.65941101152367,False,True,False,567,421,13,2,108334.14558,192924.96493000002,-0.2807909085530945,3,2,0.14542391914654695,1
1768089600000,0.001781,0.00208,0.001726,0.00204,12977576.98,2026-01-11,0.1454239191465469,0.1357748035486005,0.1454239191465469,0.0815356922274722,1.5577372127736344,0.0598668621402784,1.1437547952340708,0.04784149870884,0.914010549462314,0.0713669549330772,1.3634637595452466,0.0019256,0.0019497149915428,0.0020035,0.0019809307402885,0.0020317,0.0020371865412797,0.00230886,0.0023262083824674,0.0029208899999999,0.0027077117672031,-0.003419638495359,-0.3419638495359092,-0.0130624092888241,-1.3062409288824228,0.0413476263399694,4.134762633996955,46.8354430379747,45.65014031805427,57.133243606998654,0.0019912446878689,0.0020856489430399,-9.44042551709501e-05,-0.0001038446199195,9.44036474863328e-06,0.4627629778741803,0.0020317,0.0001126116288282,0.0022569232576565,0.0018064767423434,0.2217091673540181,0.5184261609710308,0.0001698571428571,8.326330532212886,0.0001846428571428,9.05112044817927,0.0001847142857142,9.054621848739496,8911666.906,1.4562457413284295,-247791257.01000005,0.0037295892986732,51.33976615956615,-77.5234554456062,46.28444582229354,47.503201024327815,23.153764688222665,-52.496798975672185,True,False,False,567,421,13,2,108334.14558,192924.96493000002,-0.2807909085530945,3,2,0.4710784313725489,1
1768176000000,0.00204,0.003002,0.001932,0.003001,30299389.46,2026-01-12,0.4710784313725489,0.3859957586021049,0.4710784313725489,0.2204068828455856,4.210867584249511,0.1611521660500872,3.0788078094063844,0.1147780986717154,2.1928324961481493,0.097804516835085,1.8685526704834197,0.0021306,0.0023001433276952,0.0020862,0.0021663978784179,0.00208535,0.0021289783043117,0.00231754,0.0023527040418779,0.0029234699999999,0.0027137327982489,0.5187246963562755,51.87246963562755,0.3804047838086477,38.04047838086477,0.5565352697095436,55.65352697095437,82.09959623149393,70.02063983488132,73.92550143266476,0.0021465916589661,0.0021534529026553,-6.8612436891660016e-06,-8.444794467349989e-05,7.758670098433389e-05,2.585361578951479,0.00208535,0.0002419404613579,0.0025692309227158,0.0016014690772841,0.4640764597941816,1.446152200897582,0.0003135714285714,10.44889798638549,0.0002362142857142,7.871185795211121,0.0002261428571428,7.535583376969581,10080454.822,3.0057561880911727,-217491867.55000004,0.0037086659445696,48.00942602351173,329.1416342718026,55.47238749494068,99.92498124531136,53.92292375270517,-0.0750187546886495,True,False,False,567,421,13,2,108334.14558,192924.96493000002,-0.2807909085530945,3,2,0.06831056314561801,1
1768262400000,0.003001,0.0035,0.002399,0.003206,46065571.32,2026-01-13,0.068310563145618,0.066078487729131,0.068310563145618,0.2126266124616165,4.062225727273092,0.1579702072981729,3.018016572808559,0.1149499363181827,2.1961154497742834,0.0973570714828655,1.8600042390321925,0.0023816,0.0026020955517968,0.0022002,0.0023554164459783,0.00214915,0.0022315518042536,0.00232536,0.002386207014877,0.00292965,0.0027238314019576,0.6432598667350078,64.32598667350076,0.5517909002904162,55.179090029041625,0.661139896373057,66.11398963730569,87.96296296296298,73.71401604530439,75.30050407134547,0.0023095775575868,0.0022314195434219,7.815801416488589e-05,-5.1926752905822734e-05,0.0001300847670707,4.05754108143196,0.00214915,0.0003450768449887,0.0028393036899774,0.0014589963100225,0.6422573482329434,1.2656627902942783,0.0004637142857142,14.463951519472417,0.0003016428571428,9.408697977007396,0.0002714761904761,8.46775391379259,11951098.067,3.854505340157712,-171426296.23000005,0.0036894704795995,45.69920990166476,350.3492955547743,67.69242893379335,83.94320043691972,77.12379423551964,-16.056799563080283,True,False,False,567,421,13,2,108334.14558,192924.96493000002,-0.2807909085530945,3,2,-0.04491578290704934,0
1768348800000,0.003206,0.0033,0.002777,0.003062,13351047.65,2026-01-14,-0.0449157829070493,-0.0459557569518692,0.0449157829070493,0.214213798946027,4.092548882480751,0.159907555192332,3.0550295523562263,0.1158187995210367,2.212715057957157,0.0975844085289885,1.864347507199952,0.002618,0.0027553970345312,0.0023019,0.0024838861830731,0.00220695,0.0023106421121784,0.0023311399999999,0.0024127394300012,0.0029211,0.0027307638142401,0.6287234042553191,62.87234042553192,0.4973105134474329,49.731051344743285,0.6065057712486885,60.650577124868846,81.943645773433,73.09312119794103,71.34459955914768,0.0024253348564197,0.0022929441598635,0.0001323906965561,-1.5063263013421146e-05,0.0001474539595696,4.815609391561277,0.00220695,0.0003953571969218,0.0029976643938436,0.0014162356061563,0.7165675650501012,1.0406819495491946,0.0005142857142857,16.795745077913597,0.0003225,10.532331809274984,0.0002824761904761,9.225218500202171,12383326.141,1.078147138981987,-184777343.88000005,0.0036842027351625,45.29204909994358,249.26519828079515,72.85338310511383,76.0786455488804,86.64894241037048,-23.921354451119605,False,False,True,567,421,13,2,108334.14558,192924.96493000002,-0.2807909085530945,3,2,-0.024167210973220055,0
1768435200000,0.003062,0.00329,0.002655,0.002988,15972006.93,2026-01-15,-0.02416721097322,-0.024464029964921,0.02416721097322,0.2088696678663872,3.990449401562993,0.1613388278984218,3.0823739790115265,0.1160908309087542,2.217912210322134,0.097222208048438,1.857427676735228,0.0028594,0.0028329313563541,0.0023932,0.0025755432406962,0.0022549,0.0023751523898421,0.00233152,0.0024353237991481,0.0029153,0.0027360334449744,0.6777091521617069,67.7709152161707,0.4400000000000001,44.00000000000001,0.4726466239526861,47.264662395268616,81.80252583237659,70.90331366318657,68.79795396419438,0.0025118987246628,0.0023444298847166,0.0001674688399462,2.1443157578511743e-05,0.0001460256823677,4.887071029709889,0.0022549,0.0004293341110922,0.0031135682221844,0.0013962317778155,0.7616020419393076,0.9268819906569828,0.0005842857142857,19.554408108624973,0.0003595714285714,12.033849684452097,0.0003098571428571,10.370051635111874,12651208.708,1.262488612641422,-200749350.8100001,0.0036773468298917,43.10563837366114,176.44013254317198,67.650719194821,72.03713817586019,77.35299472055344,-27.962861824139807,False,True,False,567,421,13,2,108334.14558,192924.96493000002,-0.2807909085530945,3,2,-0.033801874163320034,0
1768521600000,0.002988,0.003281,0.002801,0.002887,11235072.26,2026-01-16,-0.03380187416332,-0.0343863665897729,0.03380187416332,0.2192134230568215,4.188066567000277,0.1623039924485161,3.100813421850097,0.1167709264877088,2.2309054181141863,0.0973407606998845,1.859692621960885,0.0030288,0.0028509542375694,0.0024771999999999,0.0026321717423878,0.002294,0.0024238997830858,0.00233066,0.0024530555488427,0.00290647,0.0027391239687399,0.4151960784313724,41.51960784313724,0.4103566194430872,41.03566194430872,0.3714964370546316,37.14964370546317,81.70871559633026,66.22667273554846,67.08229426433914,0.0025696066131763,0.0023846203410122,0.000184986272164,5.41517804956264e-05,0.0001308344916684,4.531849382350487,0.002294,0.000450072041017,0.0031941440820341,0.0013938559179658,0.7847812397856188,0.829391711746838,0.000628,21.752684447523382,0.0003760714285714,13.02637438764907,0.0003162857142857,10.955514869612552,12905312.8465,0.870577288100925,-211984423.07000005,0.0036726847570218,40.595656453074525,143.71385626576318,68.1780930757753,66.52102676133259,71.54560349535774,-33.47897323866741,False,False,True,567,421,13,2,108334.14558,192924.96493000002,-0.2807909085530945,3,2,-0.00762036716314507,0
1768608000000,0.002887,0.003097,0.002825,0.002865,10071127.26,2026-01-17,-0.007620367163145,-0.007649550514095,0.007620367163145,0.0450343571627088,0.860380185526331,0.16105671344564,3.07698418995898,0.1169386191809635,2.234109182520384,0.0854348070903671,1.6322296976337023,0.0030016,0.0028556361583796,0.0025661,0.0026745041528627,0.0023306,0.0024659093289575,0.0023102,0.0024692268443744,0.00290313,0.0027416991255427,-0.0453182272575809,-4.53182272575809,0.4498987854251013,44.98987854251013,0.3431786216596344,34.31786216596343,77.37226277372262,68.92468024632875,66.53696498054474,0.0026150517496107,0.0024202040828961,0.0001948476667146,8.229095773942321e-05,0.0001125567089751,3.928680941542309,0.0023306,0.0004657795276963,0.0032621590553927,0.0013990409446072,0.799415648667915,0.7868309834499492,0.0006335714285714,22.11418598853154,0.0003877857142857,13.535277985539768,0.000323,11.273996509598604,12925574.134,0.7791628561789347,-222055550.33000004,0.0036681926261509,38.33412023856869,109.63853234327622,66.42706468383406,65.31949754232659,67.95922082650645,-34.680502457673406,False,False,True,567,421,13,2,108334.14558,192924.96493000002,-0.2807909085530945,3,2,-0.17277486910994755,0
1768694400000,0.002865,0.002865,0.00237,0.00237,17447148.42,2026-01-18,-0.1727748691099475,-0.1896783950196629,0.1727748691099475,0.0663395625337111,1.2674155626174564,0.1750287318782875,3.3439192273089278,0.1244278066144787,2.377189907536815,0.0878257121083301,1.677907873864766,0.0028344,0.0026937574389197,0.002608,0.0026191397614331,0.00233785,0.0024567751068759,0.0022871999999999,0.0024653317514353,0.00289888,0.0027340999335702,-0.2607610729881472,-26.076107298814723,0.2147616606868272,21.47616606868273,0.0651685393258427,6.516853932584277,19.692603266090288,56.2862669245648,57.03456640388114,0.0025773514804398,0.0024164852558018,0.0001608662246379,9.8006011119132e-05,6.286021351883504e-05,2.652329684339031,0.00233785,0.0004651774166351,0.0032682048332703,0.0014074951667296,0.7959063526490738,0.5172783538335524,0.0006537142857142,27.58288125376732,0.0004117857142857,17.374924653405664,0.000341,14.388185654008437,13261801.8875,1.315594107648745,-239502698.7500001,0.0036564573676534,35.63893621604832,34.53650460985729,63.931675154914366,38.28509011469144,56.708538139450205,-61.714909885308565,False,True,False,567,421,13,2,108334.14558,192924.96493000002,-0.2807909085530945,3,2,0.11687763713080157,1
1768780800000,0.00237,0.00285,0.00237,0.002647,13507072.39,2026-01-19,0.1168776371308015,0.1105369680979242,0.1168776371308015,0.1028888056893266,1.965687872655331,0.1751582258978647,3.3463932070792146,0.1265978583260681,2.4186486872741013,0.0879120753963027,1.6795578421647488,0.0027514,0.0026781716259464,0.0026847,0.0026242052593544,0.0023601499999999,0.0024748917638594,0.00227806,0.0024724627582119,0.00289833,0.0027323203648654,-0.1355323318092749,-13.5532331809275,0.4079787234042553,40.79787234042554,0.202635165833712,20.263516583371207,24.887690925426767,60.09887005649718,58.951332560834295,0.0025880666372952,0.0024335604481382,0.0001545061891569,0.0001093060467267,4.520014243028152e-05,1.7075988828969215,0.0023601499999999,0.0004689467790474,0.0032980435580948,0.0014222564419051,0.7947745339023522,0.6529224705320988,0.0005694285714285,21.512224081170057,0.0004415,16.67925953910087,0.0003472857142857,13.11997409466242,13580200.7345,0.9946150763210576,-225995626.36000007,0.0036482324727373,33.24257187941366,45.08781465502606,65.05610897467514,53.41343528126708,52.33934097942837,-46.58656471873293,False,False,False,567,421,13,2,108334.14558,192924.96493000002,-0.2807909085530945,3,2,-0.09369097091046463,0
1768867200000,0.002647,0.00266,0.002361,0.002399,11006378.76,2026-01-20,-0.0936909709104646,-0.0983749393874066,0.0936909709104646,0.107462986907253,2.053077482119314,0.1781953760247264,3.4044178787799657,0.1279580856247217,2.444635793326159,0.0877653476395297,1.676754612307639,0.0026336,0.0025851144172976,0.0027465,0.0025832588485626,0.00237635,0.0024676639766463,0.00227018,0.0024695792387572,0.00289547,0.002725514465217,-0.1971218206157965,-19.712182061579657,0.3469960696238068,34.699606962380685,0.1561445783132531,15.614457831325304,22.76088742810188,55.76671035386632,54.05629139072848,0.0025589794623267,0.0024310004113196,0.000127979051007,0.0001130406475827,1.493840342429958e-05,0.622692931400566,0.00237635,0.0004641495080138,0.0033046490160276,0.0014480509839723,0.7812813903908333,0.5121997328495099,0.0004548571428571,18.96028106949324,0.0004592857142857,19.14488179598642,0.0003527142857142,14.70255463586018,13739810.7485,0.8010575226592248,-237002005.1200001,0.0036406670018486,30.8154669700159,17.12986940721748,64.05690499345931,39.86892408519935,43.85581649371929,-60.13107591480065,False,True,False,567,421,13,2,108334.14558,192924.96493000002,-0.2807909085530945,3,2,-0.04585243851604848,0
1768953600000,0.002399,0.002561,0.002131,0.002289,12955215.88,2026-01-21,-0.0458524385160484,-0.046936942887128,0.0458524385160484,0.1074747609450207,2.0533024247950205,0.1761709247515099,3.365740791511996,0.1286073768007544,2.4570404838267312,0.0874238844760179,1.670230967728651,0.0025139999999999,0.0024864096115317,0.0027714,0.0025297572397331,0.00238745,0.0024506483594419,0.0022562199999999,0.0024624914960503,0.00289123,0.0027166069890943,-0.2071354347073086,-20.713543470730865,0.1220588235294115,12.205882352941158,0.1074020319303337,10.740203193033382,22.10694333599361,55.063086379812354,52.10469508904479,0.0025174441604303,0.002420481848549,9.6962311881295e-05,0.0001098249804424,-1.2862668561185837e-05,-0.5619339694707662,0.00238745,0.0004589879570716,0.0033054259141433,0.0014694740858566,0.769001163704672,0.446376588708282,0.0004415714285714,19.291019159957564,0.0004779285714285,20.879360918679403,0.0003621904761904,15.823087644843872,14124648.893,0.9172062242496124,-249957221.0000001,0.0036307850761392,29.757760902120875,-10.083482330476484,64.3381085269325,33.8612779901693,42.38121245221191,-66.1387220098307,False,True,False,567,421,13,2,108334.14558,192924.96493000002,-0.2807909085530945,3,2,0.019659239842726217,1
1769040000000,0.002289,0.002465,0.002201,0.002334,10129169.91,2026-01-22,0.0196592398427262,0.0194684928939347,0.0196592398427262,0.1102255041827437,2.105855300561775,0.080619519155305,1.5402337508066428,0.1282819455379139,2.450823128280007,0.0864099414179283,1.6508596128033366,0.0024078,0.0024356064076878,0.0027047,0.002494165014327,0.00239545,0.0024395389916509,0.0022489,0.0024574483726929,0.00288815,0.0027088042565546,-0.1853403141361256,-18.53403141361256,-0.222259246917694,-22.22592469176941,0.0735970561177552,7.359705611775527,26.90058479532165,56.15557698489232,51.4894779994534,0.0024892219819025,0.0024140757779205,7.514620398200349e-05,0.0001028892251503,-2.7743021168381875e-05,-1.1886470080712028,0.00239545,0.0004564591957321,0.0033083683914642,0.0014825316085357,0.7622103500087571,0.4663441986849232,0.0003885714285714,16.648304566042356,0.0004864285714285,20.84098420859346,0.000369238095238,15.81996980454564,14056258.9755,0.7206163409236485,-239828051.0900001,0.0036231987780442,28.656253107414543,-10.457843680874811,64.73958400140558,36.318951392681605,36.68305115601675,-63.68104860731839,False,False,True,567,421,13,2,108334.14558,192924.96493000002,-0.2807909085530945,3,2,0.08740359897172234,1
1769126400000,0.002334,0.00255,0.002222,0.002538,18510000.72,2026-01-23,0.0874035989717223,0.0837928354278316,0.0874035989717223,0.0882356618186527,1.6857399520833911,0.0831762041894685,1.5890791498000902,0.1285775591559645,2.4564708185228925,0.0871542490232334,1.6650795896362989,0.0024414,0.0024697376051252,0.0026379,0.0025021350117221,0.00241905,0.0024489162307132,0.00224734,0.0024606098144805,0.0028886899999999,0.0027053230030383,0.070886075949367,7.088607594936698,-0.2083593262632564,-20.835932626325647,0.2284607938044529,22.846079380445293,38.14358230601885,60.14180024660912,54.38916384475124,0.002496726292379,0.0024232553602396,7.34709321394242e-05,9.700556654819314e-05,-2.353463440876893e-05,-0.9272905598411716,0.00241905,0.0004506947239656,0.0033204394479313,0.0015176605520686,0.7452425108463238,0.5659814690936191,0.0003668571428571,14.454576156703816,0.0004974285714285,19.59923449285152,0.000373,14.696611505122148,14605791.3695,1.2673055674787208,-221318050.3700001,0.003610654808819,30.324490256475865,5.2031317428026,68.87667373236226,47.4604041507373,39.21354451119607,-52.539595849262696,True,False,False,567,421,13,2,108334.14558,192924.96493000002,-0.2807909085530945,3,2,-0.12529550827423153,0
1769212800000,0.002538,0.00255,0.001959,0.00222,13316075.04,2026-01-24,-0.1252955082742315,-0.1338691734080076,0.1252955082742315,0.0860619328628633,1.6442109186943072,0.0895065128065922,1.7100195261168163,0.1323800942583907,2.529118149650002,0.0889398494772518,1.6991934384107714,0.002356,0.0023864917367501,0.0025537,0.0024508377368635,0.0024278,0.0024271146845694,0.00224072,0.002451166804751,0.0028874699999999,0.0026954371030633,-0.1613146958821306,-16.131469588213065,-0.2749836708033965,-27.49836708033964,0.0855745721271394,8.557457212713949,43.76039933444259,56.33843488304938,51.798561151079134,0.0024541530166284,0.0024081993919669,4.595362466146844e-05,8.67951781708482e-05,-4.084155350937977e-05,-1.839709617539629,0.0024278,0.0004447095563102,0.0033172191126205,0.0015383808873794,0.7326955372110867,0.3831821820267901,0.0004124285714285,18.577863577863575,0.000523,23.558558558558563,0.000396,17.83783783783784,14699655.323999995,0.9058766853028832,-234634125.4100001,0.0036003316818689,30.621349850705407,-33.328580707507584,67.01527435052223,27.84667418263811,37.208676575352335,-72.15332581736189,False,True,False,567,421,13,2,108334.14558,192924.96493000002,-0.2807909085530945,3,2,-0.0981981981981983,0
1769299200000,0.00222,0.0025,0.00195,0.002002,24767165.63,2026-01-25,-0.0981981981981983,-0.1033605149911593,0.0981981981981983,0.0868950475757785,1.6601275529358692,0.092182606360606,1.7611462216788172,0.1346145212084005,2.571806816590415,0.0899709054570835,1.7188917352469066,0.0022766,0.0022583278245001,0.0024551,0.0023692308756156,0.00242415,0.0023866275711459,0.00222864,0.0024335392724165,0.00287814,0.0026813199894742,-0.16548561900792,-16.548561900792006,-0.3299866131191433,-32.99866131191433,-0.0351807228915663,-3.518072289156634,21.78477690288713,49.444769140853296,49.23367130393775,0.0023845910140702,0.0023781105191354,6.4804949347495484e-06,7.073224152362848e-05,-6.425174658887893e-05,-3.2093779514924545,0.00242415,0.0004480446729371,0.0033202393458743,0.0015280606541256,0.7393018962310965,0.2644487115355042,0.0004202857142857,20.99329242186386,0.000537,26.823176823176823,0.000414619047619,20.71024213881357,15514174.060000002,1.5964217968816572,-259401291.04000005,0.003580261659144,31.532915602427856,-52.15219062259804,60.34448265445968,4.464285714285712,26.59045468255371,-95.53571428571428,False,True,False,567,421,13,2,108334.14558,192924.96493000002,-0.2807909085530945,3,2,0.1118881118881121,1
1769385600000,0.002002,0.00225,0.001978,0.002226,8749708.93,2026-01-26,0.1118881118881121,0.1060595719603244,0.1118881118881121,0.1071010592890702,2.0461628646828056,0.1032939678961381,1.9734284857478035,0.1365823284767522,2.6094017216649443,0.091161750808903,1.7416428037484488,0.002264,0.002247551883,0.002389,0.002343188898231,0.0024330999999999,0.0023713297070196,0.00222338,0.0024253946408181,0.0028689799999999,0.0026720556584175,-0.0275229357798163,-2.752293577981638,-0.2289573952199514,-22.895739521995143,0.0874450415241816,8.744504152418168,42.26988382484361,35.5679702048417,50.596603946764574,0.0023601923965209,0.0023668430632245,-6.650666703555616e-06,5.525565987819165e-05,-6.190632658174727e-05,-2.7810568994495624,0.0024330999999999,0.0004418594561026,0.0033168189122053,0.0015493810877946,0.7264139675355471,0.3828247324235881,0.0003905714285714,17.54588627903992,0.00048,21.563342318059306,0.0004245238095238,19.071150472767727,15508044.7005,0.5642045208779864,-250651582.11000004,0.003573306789522,31.409684004582253,-53.55457155369568,56.2839489058184,17.80645161290324,16.70580383660902,-82.19354838709675,False,False,True,567,421,13,2,108334.14558,192924.96493000002,-0.2807909085530945,3,2,-0.007187780772686447,0
1769472000000,0.002226,0.002498,0.00219,0.00221,8176879.5,2026-01-27,-0.0071877807726864,-0.0072137373236916,0.0071877807726864,0.1064833200533063,2.034360973154673,0.103300172652219,1.9735470274462847,0.1362266835566949,2.602607135007588,0.0911199958123169,1.740845075658767,0.0022392,0.0022350345886667,0.0023235,0.0023189727349162,0.0024448,0.002355964972829,0.00221878,0.0024169419723547,0.00286459,0.0026626593974746,-0.0531276778063409,-5.312767780634103,-0.2286212914485165,-22.86212914485165,0.1184210526315789,11.84210526315791,46.14634146341465,30.04807692307692,51.68776371308017,0.0023370858739792,0.002355225048947,-1.8139174967754176e-05,4.0576692909002486e-05,-5.871586787675666e-05,-2.65682660075822,0.0024448,0.0004321093428873,0.0033090186857746,0.0015805813142253,0.7069851814256022,0.3641547539616473,0.0003918571428571,17.731092436974794,0.0004233571428571,19.156431803490623,0.0004368095238095,19.765136823960358,15098267.320499998,0.5415773430437058,-258828461.61000004,0.0035675383015732,31.90276933322524,-28.934820402810143,45.21317450847122,19.25925925925928,13.843332195482745,-80.74074074074072,True,False,False,567,421,13,2,108334.14558,192924.96493000002,-0.2807909085530945,3,2,0.14389140271493206,1
1769558400000,0.00221,0.0026,0.002192,0.002528,36207998.66,2026-01-28,0.143891402714932,0.1344359607549494,0.143891402714932,0.1209247884815313,2.310264840076917,0.0999916571786837,1.910337928076833,0.1391252130667419,2.657983463542656,0.0926916983699698,1.770872410861087,0.0022372,0.0023326897257778,0.0023393,0.0023569776922042,0.00247365,0.002372349261313,0.00221668,0.0024213000720782,0.00286294,0.0026599224549359,-0.003940110323089,-0.3940110323089057,0.0666666666666666,6.666666666666654,0.2957457713992824,29.57457713992823,57.47303543913713,39.99999999999999,55.29257067718606,0.0023664572779824,0.0023680232032553,-1.5659252728911048e-06,3.214816927262377e-05,-3.371409454551487e-05,-1.3336271576548606,0.00247365,0.0004163809332557,0.0033064118665115,0.0016408881334884,0.6733061399240187,0.5326323779856025,0.0003887142857142,15.376356238698014,0.0004151428571428,16.421790235081378,0.0004481904761904,17.729053646775167,16482086.003,2.1968092299366457,-222620462.95000005,0.0035453753144239,31.02830080445232,-5.129814612396013,50.1836086364866,43.13432835820896,26.73334641012382,-56.865671641791046,True,False,False,567,421,13,2,108334.14558,192924.96493000002,-0.2807909085530945,3,2,-0.14477848101265822,0
1769644800000,0.002528,0.002528,0.00212,0.002162,21095790.72,2026-01-29,-0.1447784810126582,-0.1563947570675944,0.1447784810126582,0.1263652824905073,2.4142053321746646,0.1033704395091438,1.9748894738628917,0.1435239613873575,2.7420214322095817,0.0941913294949682,1.7995228232758904,0.0022256,0.0022757931505185,0.0022908,0.0023215272027125,0.00248775,0.0023523159981294,0.0022118199999999,0.0024111249747703,0.0028568299999999,0.0026498075065503,-0.0261261261261263,-2.6126126126126272,-0.1832262939176426,-18.322629391764263,0.1499999999999999,14.999999999999996,37.12328767123287,36.05671843349088,50.88793631353338,0.002335002312139,0.0023527622144317,-1.775990229275961e-05,2.216655495954709e-05,-3.99264572523067e-05,-1.846737153205676,0.00248775,0.000399658917078,0.003287067834156,0.0016884321658439,0.6426030221333183,0.2962324959608047,0.0004092857142857,18.930884102021945,0.0003989285714285,18.451830315845115,0.0004607142857142,21.309633936830977,17150292.884999998,1.230054253968503,-243716253.67000005,0.0035309348576871,30.58834625651422,-48.28759838332269,50.15229307533814,15.927873779113444,26.10715379886056,-84.07212622088656,False,True,False,567,421,13,2,108334.14558,192924.96493000002,-0.2807909085530945,3,2,0.06151711378353397,1
1769731200000,0.002162,0.002316,0.00207,0.002295,19612710.63,2026-01-30,0.0615171137835339,0.0596991242954921,0.0615171137835339,0.1146229551377938,2.1898684830943744,0.1019203155028476,1.9471848936228429,0.1429321638922854,2.730715156941468,0.0943311008860374,1.802193151952835,0.0022841999999999,0.002282195433679,0.0022803999999999,0.0023167040749466,0.00251345,0.0023468573315913,0.00221172,0.0024065682716412,0.00285382,0.0026426035295829,0.1463536463536465,14.63536463536465,-0.0433513964151729,-4.335139641517296,0.2886019090398652,28.86019090398653,52.94117647058823,40.11356045424182,52.478017585931255,0.0023288481102714,0.0023484835290763,-1.963541880490964e-05,1.3806160206655743e-05,-3.3441579011565386e-05,-1.457149412268644,0.00251345,0.0003670124728986,0.0032474749457972,0.0017794250542027,0.5840776190472952,0.3511971553209646,0.0003975714285714,17.323373793962027,0.0003822142857142,16.65421724245254,0.0004641428571428,20.224089635854337,17772655.3525,1.1035329409705323,-224103543.04000005,0.0035173519447802,30.512674317252014,-67.20769243210901,42.94070731105563,30.078465562336557,29.71355589988632,-69.92153443766344,False,True,False,567,421,13,2,108334.14558,192924.96493000002,-0.2807909085530945,3,2,-0.05795206971677569,0
1769817600000,0.002295,0.002295,0.002106,0.002162,13495207.91,2026-01-31,-0.0579520697167756,-0.059699124295492,0.0579520697167756,0.1105168974845932,2.1114223617768504,0.1025987254796048,1.9601458980301316,0.1408628386114766,2.6911807529622127,0.0947351266068944,1.8099120525116343,0.0022714,0.0022421302891193,0.0022677,0.0022885760613199,0.0025195499999999,0.0023292518712948,0.0022088,0.0023969717287096,0.00284842,0.0026328502978103,-0.0287511230907459,-2.8751123090745843,-0.055482743556138,-5.548274355613803,0.0598039215686272,5.980392156862731,56.72268907563025,38.67954911433173,51.835767864192654,0.0023031791702297,0.0023346699259452,-3.149075571555861e-05,4.746777022212871e-06,-3.6237532737771485e-05,-1.676111597491743,0.0025195499999999,0.0003596696547198,0.0032388893094397,0.0018002106905602,0.571006179230206,0.2514733344139898,0.0003401428571428,15.732787101889786,0.0003762857142857,17.40451962468614,0.0004620476190476,21.37130522884455,17798536.899,0.758220070929438,-237598750.95000005,0.0035078890054286,30.437002377989806,-82.52061130102555,42.93872954813365,23.16939890710382,23.058579416184603,-76.83060109289617,False,False,True,567,421,13,2,108334.14558,192924.96493000002,-0.2807909085530945,3,2,-0.04902867715078618,0
1769904000000,0.002162,0.002163,0.002047,0.002056,13206286.95,2026-02-01,-0.0490286771507861,-0.0502713716240977,0.0490286771507861,0.1126748369272779,2.152649736941629,0.1033653973168602,1.9747931429145724,0.0905069090293161,1.7291320691158705,0.0944838228409244,1.805110900804115,0.0022406,0.0021800868594129,0.0022399,0.0022462895047163,0.0024722999999999,0.0023032278833587,0.0022069,0.0023835927467053,0.00284006,0.0026211496150608,-0.069683257918552,-6.9683257918552055,-0.1191088260497,-11.91088260497001,-0.3148950349883372,-31.48950349883372,42.070895522388064,44.219440353460975,51.02001165727607,0.0022651516055789,0.002314027697607,-4.8876092028092826e-05,-5.977796787848272e-06,-4.289829524024455e-05,-2.0864929591558634,0.0024722999999999,0.0003551364600588,0.0031825729201177,0.0017620270798822,0.5745847349575319,0.2069436351797116,0.0002781428571428,13.528349082823787,0.0003492142857142,16.985130628126736,0.0004507142857142,21.921901056142303,16943881.7735,0.7794133083868924,-250805037.90000004,0.0034980734539607,30.352009243763245,-97.98643176740632,44.31502169504132,11.777777777777796,21.675214082406058,-88.2222222222222,False,True,False,567,421,13,2,108334.14558,192924.96493000002,-0.2807909085530945,3,2,-0.033560311284046684,0
1769990400000,0.002056,0.002095,0.001968,0.001987,22173572.06,2026-02-02,-0.0335603112840466,-0.0341363840232388,0.0335603112840466,0.0735122554279646,1.4044496679514027,0.0979243291793259,1.870841682106121,0.0884269244222864,1.6893940189951056,0.0945751015798313,1.806854778662338,0.0021324,0.0021157245729419,0.0021847999999999,0.0021991459584042,0.00241135,0.0022731109418835,0.00220444,0.0023680316622576,0.00282346,0.002608292881616,-0.214003164556962,-21.4003164556962,-0.2171000788022064,-21.71000788022064,-0.3802245789145352,-38.02245789145353,40.08888888888889,36.8421052631579,51.03984450923227,0.0022223590508745,0.002289803411104,-6.744436022950969e-05,-1.827110947618056e-05,-4.917325075332912e-05,-2.4747484022812847,0.00241135,0.000325997945586,0.003063345891172,0.0017593541088279,0.5407725060004123,0.1745761700758758,0.0002574285714285,12.955640232942695,0.000324,16.30598892803221,0.0004058095238095,20.42322716706209,15749281.8105,1.4079100448388029,-272978609.96000004,0.0034810683451078,30.62821556289734,-111.46153574331238,36.83492813143702,5.211267605633822,13.386148096838475,-94.78873239436618,False,True,False,567,421,13,2,108334.14558,192924.96493000002,-0.2807909085530945,3,2,-0.05284348263714145,0
1770076800000,0.001987,0.002006,0.001876,0.001882,18726269.95,2026-02-03,-0.0528434826371414,-0.0542909224064919,0.0528434826371414,0.0499688236442959,0.9546530352877338,0.0917426443291662,1.752740758870343,0.0885627243061644,1.691988472133701,0.0939749267768991,1.795388455152282,0.0020764,0.0020378163819612,0.002151,0.0021414830568762,0.00235235,0.0022358622805247,0.00220368,0.0023489616739962,0.0027839799999999,0.0025935749846591,-0.129509713228492,-12.950971322849208,-0.1522522522522523,-15.225225225225234,-0.3853690398432398,-38.53690398432397,14.583333333333355,39.06976744186047,50.98039215686275,0.0021699961199707,0.0022595957364667,-8.959961649599021e-05,-3.253681088014249e-05,-5.706280561584772e-05,-3.03203005397703,0.00235235,0.000308345717627,0.002969041435254,0.0017356585647459,0.5243194552291087,0.1186504521453254,0.000232,12.32731137088204,0.0003119285714285,16.574313040838014,0.0003595714285714,19.105814483072724,16018042.9255,1.1690735277147135,-291704879.91,0.0034660928365407,31.266956879545425,-130.0761241757931,36.234654140444704,0.8287292817679462,5.939258221726521,-99.17127071823204,False,True,False,567,421,13,2,108334.14558,192924.96493000002,-0.2807909085530945,3,2,-0.0058448459086077875,0
1770163200000,0.001882,0.002,0.00175,0.001871,13391549.7,2026-02-04,-0.0058448459086077,-0.0058619938712352,0.0058448459086077,0.0210753068616581,0.4026431722372376,0.0866799624338791,1.656018357069638,0.0886151017525663,1.6929891418421608,0.0939820647399654,1.7955248257451843,0.0019916,0.0019822109213075,0.0021379,0.0020923043192623,0.0022965,0.0022011134917117,0.00220274,0.0023302087034941,0.00275064,0.0025789391967207,-0.1847494553376907,-18.474945533769063,-0.0654345654345653,-6.543456543456536,-0.3738286479250334,-37.38286479250335,23.877917414721765,40.77669902912622,48.27656536814196,0.0021239967168983,0.0022308108542562,-0.0001068141373579,-4.739227617570753e-05,-5.942186118226013e-05,-3.175941271098885,0.0022965,0.0002876151485652,0.0028717302971304,0.0017212697028695,0.5009625927546023,0.1301481318677055,0.0002094285714285,11.193403069405209,0.0002990714285714,15.984576620600135,0.0003465714285714,18.52332595250821,15889020.064,0.8428178481781543,-305096429.61,0.0034552336347715,31.829217230475752,-139.91247411487717,36.578788867768914,14.235294117647063,6.7584303350162775,-85.76470588235293,False,True,False,567,421,13,2,108334.14558,192924.96493000002,-0.2807909085530945,3,2,-0.10368786745056113,0
1770249600000,0.001871,0.001871,0.00162,0.001677,16527602.29,2026-02-05,-0.1036878674505611,-0.1094665644508807,0.1036878674505611,0.0357291446067618,0.6826043492615452,0.0814753569317845,1.5565845085680436,0.0905708673779919,1.730353991651609,0.0951761592225119,1.8183379688021049,0.0018946,0.0018804739475383,0.0020829999999999,0.0020167944430328,0.0022359999999999,0.0021511979208234,0.00219836,0.0023045803656215,0.00269953,0.0025606786520044,-0.2243293246993524,-22.432932469935235,-0.2466307277628032,-24.663072776280323,-0.4191201939729823,-41.91201939729823,0.0,36.39751552795031,33.99419729206963,0.0020552279912216,0.0021897878110681,-0.0001345598198465,-6.482578490986897e-05,-6.973403493664573e-05,-4.15826087875049,0.0022359999999999,0.0002841063551781,0.0028042127103563,0.0016677872896436,0.5082403491559373,0.0081067443480459,0.000187,11.150864639236737,0.0002981428571428,17.778345685322428,0.0003282857142857,19.57577306414516,16153646.5655,1.0231499261162906,-321624031.90000004,0.0034407736506545,32.918525997288974,-176.25034013605443,31.84929465219676,5.8163265306122645,6.960116643342425,-94.18367346938771,False,True,False,567,421,13,2,108334.14558,192924.96493000002,-0.2807909085530945,3,2,0.08467501490757301,1
1770336000000,0.001677,0.00195,0.001677,0.001819,16766727.71,2026-02-06,0.084675014907573,0.0812804166949133,0.084675014907573,0.069638528207161,1.3304422133124545,0.0885700694984734,1.6921288018357268,0.0936856587701212,1.7898619976425358,0.0957351835180367,1.829018112972023,0.0018472,0.0018599826316922,0.0020439,0.0019808318170268,0.0021837,0.0021195600234593,0.00219818,0.0022855292061947,0.0026498499999999,0.0025456693840963,-0.115272373540856,-11.527237354085605,-0.1769230769230769,-17.692307692307693,-0.3650959860383943,-36.50959860383944,22.64752791068581,34.721631959201034,32.97323839921434,0.0020188852233414,0.0021623220367795,-0.0001434368134381,-8.054799061551564e-05,-6.288882282258665e-05,-3.457329456986621,0.0021837,0.0002572275462043,0.0026981550924086,0.0016692449075913,0.4711774441623747,0.1455472932608489,0.0001908571428571,10.492421267572448,0.0002942142857142,16.174507186051986,0.0003184285714285,17.50569386633158,16488426.588,1.0168785736173604,-304857304.19000006,0.003427127012014,33.493881937637326,-135.01200074735186,29.936348970656223,20.30612244897961,13.45258103241298,-79.69387755102039,True,False,False,567,421,13,2,108334.14558,192924.96493000002,-0.2807909085530945,3,2,-0.013743815283122629,0
1770422400000,0.001819,0.001867,0.001753,0.001794,7127158.43,2026-02-07,-0.0137438152831226,-0.0138391358993808,0.0137438152831226,0.0693975555643112,1.32583843743501,0.0688251718866288,1.314903062627342,0.0863400353389293,1.6495240590393232,0.0957675683885049,1.82963682505358,0.0018086,0.0018379884211281,0.0019705,0.0019468623957492,0.0021549,0.0020885543068127,0.00219742,0.0022662450003587,0.00261784,0.0025304645475645,-0.097131353799698,-9.713135379969804,-0.2903481012658228,-29.034810126582272,-0.2430379746835443,-24.30379746835444,26.007326007326,39.66019417475728,33.96560445118867,0.0019842874966734,0.002135038913281,-0.0001507514166075,-9.458867581392285e-05,-5.6162740793628746e-05,-3.130587558173286,0.0021549,0.0002673184381377,0.0026895368762755,0.0016202631237244,0.4962057415894261,0.1624811942320934,0.0001801428571428,10.04140786749482,0.0002601428571428,14.500716674629716,0.0003109047619047,17.330254286776025,15972427.0885,0.4462163696543957,-311984462.62000006,0.0034213573588974,33.21566907453503,-122.64662629515932,30.94351805509247,17.75510204081634,14.625850340136074,-82.24489795918366,False,False,True,567,421,13,2,108334.14558,192924.96493000002,-0.2807909085530945,3,2,-0.024526198439241864,0
1770508800000,0.001794,0.001816,0.001681,0.00175,11693039.5,2026-02-08,-0.0245261984392418,-0.0248319757011816,0.0245261984392418,0.0669861916541239,1.2797693946168207,0.0561828835880146,1.0733724838174798,0.0810033838225025,1.5475674749761044,0.0957199687888476,1.828727435979008,0.0017822,0.0018086589474187,0.0019292999999999,0.0019110692328857,0.00211005,0.0020563110393781,0.0021944,0.0022459914700668,0.0025892499999999,0.0025146839641257,-0.0701381509032943,-7.013815090329434,-0.190564292321924,-19.056429232192407,-0.3388741972043823,-33.88741972043823,27.255278310940497,43.31919406150583,34.22528032619775,0.001948243266416,0.002106517502944,-0.0001582742365279,-0.0001073257879567,-5.0948448571248696e-05,-2.911339918357068,0.00211005,0.0002553918506303,0.0026208337012607,0.0015992662987392,0.4841436944724267,0.1475514008069508,0.0001828571428571,10.448979591836732,0.0002304999999999,13.171428571428567,0.0002937619047619,16.78639455782313,15881725.444,0.7362575018205937,-323677502.12000006,0.003411656967167,33.68361508341684,-124.57656944261164,33.091826264529544,13.265306122448992,17.10884353741498,-86.73469387755101,False,True,False,567,421,13,2,108334.14558,192924.96493000002,-0.2807909085530945,3,2,-0.05885714285714283,0
1770595200000,0.00175,0.001751,0.001625,0.001647,5591001.35,2026-02-09,-0.0588571428571428,-0.0606603367399193,0.0588571428571428,0.0697816626986844,1.33317679393336,0.0493794609796895,0.9433932773903524,0.0796387200490765,1.5214956101925303,0.0961104819072398,1.836188178630199,0.0017374,0.0017547726316125,0.0018645,0.0018630566450883,0.00207245,0.0020173290354975,0.0021893399999999,0.0022224919899475,0.00255255,0.0024971471713913,-0.119722073757349,-11.972207375734902,-0.2823529411764706,-28.235294117647065,-0.3134639433097124,-31.34639433097124,27.360308285163768,33.597733711048164,34.207845134997456,0.0019018981485058,0.0020724791590569,-0.0001705810105511,-0.0001199768324756,-5.060417807551128e-05,-3.0725062583795557,0.00207245,0.0002657583934407,0.0026039667868814,0.0015409332131185,0.5129356914583985,0.0997774571747725,0.0001827142857142,11.093763552779944,0.0002200714285714,13.361956804579751,0.0002769047619047,16.81267528262064,15610956.573499998,0.358145980592302,-329268503.4700001,0.0034068518911489,33.40722272867712,-129.93896225324897,29.703962824695807,2.7551020408163382,11.258503401360556,-97.24489795918366,False,True,False,567,421,13,2,108334.14558,192924.96493000002,-0.2807909085530945,3,2,-0.023679417122040025,0
1770681600000,0.001647,0.001725,0.001576,0.001608,9562394.04,2026-02-10,-0.02367941712204,-0.0239642804387285,0.02367941712204,0.0541388612052019,1.0343214910256788,0.0485243359189602,0.9270561360442392,0.0793494564057863,1.5159692360471009,0.0960750931903183,1.8355120781427308,0.0017236,0.001705848421075,0.0018091,0.0018166827096177,0.0020384,0.0019783453177131,0.00218232,0.0021983847845087,0.0025215499999999,0.0024791839329655,-0.0411449016100179,-4.114490161001791,-0.2562442183163737,-25.624421831637367,-0.2975098296199212,-29.75098296199213,25.959780621572207,33.165548098434,34.06036013187928,0.0018566830487357,0.0020380732857498,-0.000181390237014,-0.0001322595133833,-4.913072363076242e-05,-3.055393260619553,0.0020384,0.0002798077159313,0.0025980154318627,0.0014787845681372,0.5490732259249768,0.1154502042881749,0.0001854285714285,11.531627576403697,0.0002087142857142,12.979744136460557,0.0002697619047619,16.77623785832741,15441315.4815,0.6192732770376044,-338830897.5100001,0.0033985160866549,34.07824290372079,-122.92567542595262,25.820692538433462,3.1250000000000124,6.381802721088448,-96.875,False,True,False,567,421,13,2,108334.14558,192924.96493000002,-0.2807909085530945,3,2,-0.029850746268656803,0
1770768000000,0.001608,0.001633,0.001459,0.00156,13699622.47,2026-02-11,-0.0298507462686568,-0.030305349495329,0.0298507462686568,0.017079566517026,0.3263046601406028,0.0479816491962004,0.9166881207637326,0.0789989603398332,1.5092730181092842,0.0961429774877466,1.8368090058240711,0.0016718,0.0016572322807166,0.0017595,0.0017700131260508,0.0019997,0.0019385029063933,0.00217496,0.0021733406244974,0.00249885,0.0024606213084307,-0.1423859263331501,-14.238592633315012,-0.2412451361867704,-24.12451361867705,-0.3316195372750643,-33.16195372750643,35.41147132169576,18.115942028985515,38.41533180778032,0.0018110395027763,0.0020026604405493,-0.000191620937773,-0.0001441317982612,-4.748913951175984e-05,-3.044175609728195,0.0019997,0.0002901078021048,0.0025799156042096,0.0014194843957903,0.5803026496071093,0.1210891289291239,0.0001745714285714,11.190476190476188,0.0001919999999999,12.307692307692305,0.0002575714285714,16.51098901098901,15619838.1095,0.8770655863371515,-352530519.98000014,0.0033861356475097,37.00810596839745,-130.11711337691366,7.7461562550188034,9.44808231992516,5.109394786913837,-90.55191768007484,False,True,False,567,421,13,2,108334.14558,192924.96493000002,-0.2807909085530945,3,2,-0.02115384615384619,0
1770854400000,0.00156,0.001619,0.001527,0.001527,8403387.17,2026-02-12,-0.0211538461538461,-0.0213807950249503,0.0211538461538461,0.0155556038933657,0.2971893950965659,0.0479303243546253,0.9157075610422531,0.0750815292047284,1.434430601359989,0.0961884260835114,1.8376773000269784,0.0016184,0.0016138215204777,0.0017135,0.0017258289213143,0.0019491499999999,0.0018993121533064,0.0021669,0.0021479847286767,0.00248052,0.0024417745268417,-0.1488294314381271,-14.882943143812714,-0.2315047810770005,-23.150478107700057,-0.3983451536643025,-39.83451536643026,0.0,23.206751054852333,32.77982779827798,0.0017673411177338,0.001967426325349,-0.0002000852076151,-0.000155322480132,-4.4762727483156346e-05,-2.931416338124188,0.0019491499999999,0.0002792528141496,0.0025076556282993,0.0013906443717006,0.5730760878325125,0.122071847972749,0.0001518571428571,9.944803068575167,0.0001694285714285,11.095518757601273,0.0002493809523809,16.33143106620513,15114507.432,0.5559815434149439,-360933907.15000015,0.0033786518563524,39.9853487028542,-115.01001910620248,12.15375617601174,7.934655775962652,6.835912698629275,-92.06534422403736,False,False,True,567,421,13,2,108334.14558,192924.96493000002,-0.2807909085530945,3,2,0.045186640471512884,1
1770940800000,0.001527,0.00165,0.0015,0.001596,9753763.57,2026-02-13,0.0451866404715128,0.0441954727911217,0.0451866404715128,0.0382228951083635,0.7302473856986491,0.0514848386245312,0.9836164608173344,0.0724163545940758,1.3835125119179976,0.0963890704942435,1.8415106061116384,0.0015876,0.0016078810136518,0.0016849,0.0017022236628935,0.0019179499999999,0.0018704252814982,0.0021607,0.0021263307161846,0.00246532,0.0024247076532729,-0.088,-8.800000000000004,-0.1519659936238044,-15.196599362380448,-0.2810810810810811,-28.10810810810812,20.53571428571428,18.822479928635147,36.93459160429548,0.0017409809457748,0.0019399132580714,-0.0001989323122966,-0.0001640444465649,-3.4887865731707344e-05,-2.1859564994804104,0.0019179499999999,0.0002822416797524,0.0024824333595048,0.0013534666404951,0.5886319867617347,0.2148277317843215,0.0001342857142857,8.413891872538487,0.0001625714285714,10.186179735051914,0.0002409047619047,15.094283327366032,14936391.8585,0.6530200641762977,-351180143.58000016,0.0033701569703884,42.29999127807061,-98.00161974707024,17.87191656601037,16.387559808612433,11.256765968166748,-83.61244019138758,True,True,False,567,421,13,2,108334.14558,192924.96493000002,-0.2807909085530945,3,2,0.007518796992481258,1
1771027200000,0.001596,0.001626,0.00158,0.001608,4876723.72,2026-02-14,0.0075187969924812,0.0074906717291576,0.0075187969924812,0.0312290742510553,0.5966306258322186,0.0519247101664882,0.992020194826668,0.0697474423475902,1.332523015043682,0.0959526269920354,1.833172364709748,0.0015798,0.0016079206757679,0.0016586,0.001685092087822,0.00189825,0.0018454323974953,0.00215228,0.0021059972075738,0.00244895,0.0024082335306451,-0.02367941712204,-2.3679417122040056,-0.1405665419561731,-14.056654195617316,-0.1968031968031967,-19.680319680319677,26.64473684210529,22.30000000000001,38.5546218487395,0.0017205223387325,0.001915327085726,-0.0001948047469935,-0.0001701965066506,-2.460824034283368e-05,-1.5303632054001044,0.00189825,0.0002897176256833,0.0024776852513666,0.0013188147486333,0.6104941407787269,0.2495406093127404,0.0001245714285714,7.746979388770432,0.0001523571428571,9.474946695095946,0.0002149523809523,13.367685382610754,13941869.762999997,0.3497897916778869,-346303419.86000013,0.0033659931745939,44.614633853287,-83.59860386343892,21.66933102457841,21.164772727272734,15.162329437282608,-78.83522727272727,False,False,True,567,421,13,2,108334.14558,192924.96493000002,-0.2807909085530945,3,2,0.019278606965174028,1
1771113600000,0.001608,0.00185,0.001535,0.001639,12826764.47,2026-02-15,0.019278606965174,0.0190951290049179,0.019278606965174,0.0304981731027852,0.5826667790012741,0.0418605969276884,0.7997455813738363,0.0641791289085194,1.2261405361627875,0.095839791646067,1.8310166484518824,0.001586,0.0016182804505119,0.0016548,0.001676711708218,0.0018689,0.0018257721691264,0.00214296,0.0020876776933749,0.00242517,0.002392722756432,0.019278606965174,1.9278606965174123,-0.0226595110316041,-2.265951103160409,-0.2637017070979335,-26.37017070979335,48.27586206896552,27.459459459459467,38.26409996622763,0.0017079804404659,0.0018948584087926,-0.0001868779683266,-0.0001735327989858,-1.334516934078635e-05,-0.8142263173146034,0.0018689,0.0002844525489981,0.0024378050979963,0.0012999949020036,0.6088127754255368,0.297945210185603,0.0001502857142857,9.169354135797091,0.0001665714285714,10.16299137104506,0.0002037619047619,12.432086928731222,14145722.54,0.9067592294228612,-333476655.3900001,0.0033555662836422,45.60595958790218,-59.06076105896245,29.217812239804147,28.301886792452837,21.951406442779334,-71.69811320754717,True,True,False,567,421,13,2,108334.14558,192924.96493000002,-0.2807909085530945,3,2,-0.0018303843807199183,0
1771200000000,0.001639,0.001805,0.001626,0.001636,17595164.98,2026-02-16,-0.0018303843807199,-0.0018320615811372,0.0018303843807199,0.0247015618614194,0.4719226767317281,0.0290474938936665,0.5549515916261955,0.064216850314433,1.226861202610874,0.0958176591948521,1.8305938085651352,0.0016011999999999,0.0016241869670079,0.0016365,0.001669309579451,0.0018401999999999,0.0018076986291796,0.00213302,0.0020699593617096,0.00240512,0.0023774697695235,0.0487179487179487,4.871794871794879,-0.1006047278724574,-10.06047278724574,-0.2597285067873303,-25.972850678733035,57.14285714285714,29.56926658905705,33.65942028985508,0.0016969065265481,0.0018756837084477,-0.0001787771818996,-0.0001745816755686,-4.195506331006741e-06,-0.2564490422375758,0.0018401999999999,0.0002770874078317,0.0023943748156635,0.0012860251843364,0.602298462844883,0.3157621077064936,0.0001578571428571,9.648969612294795,0.0001702857142857,10.408662242403071,0.0001993333333333,12.184189079054605,14616636.814,1.2037765734965191,-351071820.3700001,0.0033415907335101,45.87000819731414,-50.3058522779147,41.09581445461193,32.358318098720304,27.27499253948196,-67.6416819012797,False,False,True,567,421,13,2,108334.14558,192924.96493000002,-0.2807909085530945,3,2,-0.04278728606356974,0
1771286400000,0.001636,0.001641,0.001501,0.001566,16642731.89,2026-02-17,-0.0427872860635697,-0.043729640611944,0.0427872860635697,0.0322271156888278,0.6156981807279425,0.0308415697516464,0.5892273627659967,0.0527635389988222,1.0080459971664408,0.0957752857869123,1.8297842657431311,0.001609,0.0016047913113386,0.0016136999999999,0.0016505260195508,0.0017921,0.0017846797120803,0.00211984,0.0020501903740114,0.00237478,0.002361119065783,0.0255402750491158,2.554027504911589,-0.1270903010033445,-12.709030100334454,-0.3805379746835443,-38.05379746835443,51.3761467889908,30.825242718446603,36.98248407643313,0.0016767670609253,0.0018527441707254,-0.0001759771098,-0.0001748607624149,-1.1163473851690865e-06,-0.0712865507770808,0.0017921,0.0002310861994558,0.0022542723989116,0.0013299276010883,0.5157886266521523,0.2553943068296288,0.0001565714285714,9.998175515416898,0.0001709999999999,10.919540229885056,0.0001913333333333,12.217965091528312,13638373.4755,1.220287149336175,-367714552.2600001,0.0033276439776108,45.96215241152193,-84.08502536597837,42.55765502477637,19.7781885397412,26.812797810304783,-80.22181146025879,False,True,False,567,421,13,2,108334.14558,192924.96493000002,-0.2807909085530945,3,2,-0.04214559386973171,0
1771372800000,0.001566,0.001593,0.001482,0.0015,14295851.58,2026-02-18,-0.0421455938697317,-0.0430594894604468,0.0421455938697317,0.0288069841851553,0.5503566600968719,0.0320484351274289,0.6122844933956044,0.0445807924858467,0.851714844541961,0.0959298553415369,1.8327373129378344,0.0015898,0.0015698608742257,0.0015886999999999,0.0016231576523598,0.0017589999999999,0.001757567358512,0.00210582,0.002028608118068,0.00234676,0.0023437739815617,-0.0601503759398496,-6.015037593984959,-0.1428571428571429,-14.285714285714285,-0.3061979648473635,-30.61979648473635,44.62151394422313,28.89647326507395,39.364406779661024,0.0016495721284753,0.0018266149689249,-0.0001770428404496,-0.0001752971780218,-1.7456624277762515e-06,-0.1163774951850834,0.0017589999999999,0.0002225687356868,0.0022041374713737,0.0013138625286262,0.5061256070196224,0.2090786367628312,0.0001475714285714,9.83809523809524,0.0001610714285714,10.73809523809524,0.0001771904761904,11.812698412698412,13298376.518499998,1.075007280784415,-382010403.8400001,0.0033155403396447,45.916443258063474,-94.84282970143364,43.06879353333858,8.350305498981676,20.16227071248106,-91.64969450101832,False,True,False,567,421,13,2,108334.14558,192924.96493000002,-0.2807909085530945,3,2,-0.039999999999999925,0
1771459200000,0.0015,0.001508,0.001371,0.00144,21487080.47,2026-02-19,-0.0399999999999999,-0.040821994520255,0.0399999999999999,0.0285981975469479,0.5463677969747154,0.0296340213415443,0.5661571827840337,0.0407667386498391,0.7788474483187742,0.0957639921218376,1.8295685005748352,0.0015562,0.0015265739161505,0.001568,0.0015898562610216,0.00171625,0.0017273228481404,0.00209312,0.0020055191122246,0.00232493,0.0023255759176869,-0.1044776119402984,-10.447761194029848,-0.1256830601092895,-12.568306010928955,-0.3725490196078431,-37.25490196078432,17.768595041322342,34.09395973154362,32.10382513661203,0.001617330262556,0.0017979768190507,-0.0001806465564947,-0.0001763670537164,-4.279502778316394e-06,-0.2971876929386384,0.00171625,0.0001945458611876,0.0021053417223753,0.0013271582776246,0.4534207981067545,0.1450065831347856,0.000154,10.694444444444445,0.0001529285714285,10.62003968253968,0.0001642857142857,11.408730158730156,13392095.0105,1.604459978304602,-403497484.31000006,0.0032967983351196,45.23847945017189,-123.95644792412058,42.68505726260436,11.917098445595869,13.348530828106249,-88.08290155440413,False,True,False,567,421,13,2,108334.14558,192924.96493000002,-0.2807909085530945,3,2,-0.022222222222222254,0
1771545600000,0.00144,0.001502,0.001408,0.001408,6147642.27,2026-02-20,-0.0222222222222222,-0.0224728558520586,0.0222222222222222,0.0177823322366947,0.3397309803628614,0.0295789107359436,0.5651042961423995,0.0398929795200489,0.7621543035831203,0.0958014467351412,1.830284069957264,0.00151,0.0014870492774336,0.001548,0.0015567914862904,0.00167855,0.0016969111482837,0.00207994,0.0019820808119714,0.0022992999999999,0.0023071061056098,-0.1409395973154362,-14.09395973154363,-0.1243781094527364,-12.437810945273638,-0.3487511563367252,-34.87511563367252,11.832061068702288,17.637795275590562,31.871609403254965,0.0015851256067781,0.0017690896435072,-0.0001839640367291,-0.0001778864503189,-6.077586410153024e-06,-0.4316467620847318,0.00167855,0.0001757709259833,0.0020300918519667,0.0013270081480332,0.4188637240078711,0.1151951773502866,0.000146,10.369318181818189,0.0001401428571428,9.953327922077923,0.0001570476190476,11.15395021645022,13024716.7285,0.4719981553647192,-409645126.58,0.0032915038395149,45.38943535492184,-121.00413689356888,34.35653081190091,7.459677419354825,9.242360454644125,-92.54032258064515,False,False,True,567,421,13,2,108334.14558,192924.96493000002,-0.2807909085530945,3,2,-0.0042613636363635354,0
1771632000000,0.001408,0.001497,0.001364,0.001402,11320581.54,2026-02-21,-0.0042613636363635,-0.0042704691234522,0.0042613636363635,0.0168344890720806,0.3216224621292344,0.0290419949559325,0.5548465345682981,0.0394589274368136,0.7538617501765557,0.095467105895561,1.8238964971859304,0.0014632,0.0014586995182891,0.0015322,0.0015286475796921,0.00164585,0.0016688243722284,0.0020645,0.0019593267822093,0.00227628,0.0022888932518838,-0.1430317848410758,-14.303178484107582,-0.1012820512820512,-10.128205128205124,-0.3180933852140077,-31.809338521400782,0.0,18.181818181818187,20.36842105263159,0.0015569524365046,0.0017418978147834,-0.0001849453782788,-0.0001792982359109,-5.6471423679097335e-06,-0.4027918950006942,0.00164585,0.0001621627755974,0.0019701755511948,0.0013215244488051,0.3941131344835616,0.124066005435581,0.0001584285714285,11.30018341145303,0.0001415,10.092724679029958,0.0001543809523809,11.011480198356088,12930431.458,0.8754991337118921,-420965708.12000006,0.0032817371108828,46.95266815552792,-123.537657703581,33.927213875130505,7.8189300411522735,9.065235302034324,-92.18106995884771,False,True,False,567,421,13,2,108334.14558,192924.96493000002,-0.2807909085530945,3,2,-0.06704707560627687,0
1771718400000,0.001402,0.001426,0.0013,0.001308,15209994.71,2026-02-22,-0.0670470756062768,-0.0694005355773915,0.0670470756062768,0.0235112657722,0.4491821018774278,0.0341371373977653,0.6521890942399892,0.0408308695377196,0.7800726672113912,0.0956652374902009,1.8276817959865548,0.0014116,0.001408466345526,0.0015103,0.0014885298379299,0.0016118999999999,0.0016344601462706,0.00204934,0.0019337783388626,0.00225485,0.0022691617045696,-0.164750957854406,-16.47509578544061,-0.143418467583497,-14.341846758349709,-0.3417211877201812,-34.17211877201812,0.0,16.816816816816825,23.771498771498784,0.0015186520616577,0.0017097572323221,-0.0001911051706643,-0.0001816596228616,-9.445547802740791e-06,-0.7221366821667273,0.0016118999999999,0.0001580049632797,0.0019279099265595,0.0012958900734404,0.3920961927657616,0.0191606743044556,0.0001314285714285,10.048055919615557,0.0001408571428571,10.768894713848846,0.0001548571428571,11.839231105286157,12582252.5905,1.2088451253541062,-436175702.83,0.0032682425065143,48.14214755414039,-150.41990942267938,33.927049943420656,1.45454545454545,5.577717638350852,-98.54545454545456,False,True,False,567,421,13,2,108334.14558,192924.96493000002,-0.2807909085530945,3,2,-0.12996941896024472,0
1771804800000,0.001308,0.001318,0.001134,0.001138,27159158.02,2026-02-23,-0.1299694189602447,-0.1392269173308678,0.1299694189602447,0.0490226685216769,0.9365767670511412,0.0435569554864271,0.8321544661329459,0.0472451572316775,0.9026174615382562,0.0972808934569216,1.858548859890044,0.0013392,0.0013183108970173,0.0014645,0.0014247971401245,0.0015747,0.0015871782275392,0.0020312,0.0019025640477944,0.00223255,0.0022464145133046,-0.2413333333333334,-24.13333333333334,-0.286967418546366,-28.6967418546366,-0.3953241232731137,-39.53241232731138,0.0,15.27967257844476,15.25525525525525,0.001460090206018,0.0016674048403643,-0.0002073146343462,-0.0001867906251585,-2.052400918768144e-05,-1.8035157458419544,0.0015747,0.0001774521729486,0.0019296043458973,0.0012197956541026,0.450758043941491,-0.1152361968065743,0.0001321428571428,11.611850364047203,0.000145,12.741652021089632,0.0001575714285714,13.846346974642232,13003896.994,2.0885399224964054,-463334860.85,0.0032427898129419,49.56813742151268,-202.08784213876496,31.135043105092464,0.5586592178770783,3.277378237858269,-99.44134078212292,False,True,False,567,421,13,2,108334.14558,192924.96493000002,-0.2807909085530945,3,2,0.02987697715289994,1
1771891200000,0.001138,0.001189,0.001,0.001172,24566497.86,2026-02-24,0.0298769771528999,0.0294393554506818,0.0298769771528999,0.0618344546599939,1.1813455975416671,0.0463170354198369,0.8848857192203333,0.048613006324371,0.928750181760989,0.0973753960831917,1.8603543300298588,0.0012856,0.0012695405980115,0.0014209,0.0013788340237382,0.0015397499999999,0.0015476374439346,0.00201314,0.0018739080407077,0.00221141,0.0022248151284984,-0.1861111111111111,-18.61111111111111,-0.2711442786069651,-27.11442786069652,-0.373597006948156,-37.35970069481561,8.585858585858631,20.05494505494508,18.39080459770116,0.0014157686358614,0.0016307081820098,-0.0002149395461483,-0.0001924204093565,-2.251913679186788e-05,-1.9214280539136408,0.0015397499999999,0.00018471026387,0.00190917052774,0.0011703294722599,0.4798448160286837,0.0022610109815802,0.0001391428571428,11.872257435397367,0.0001478571428571,12.615797172111169,0.0001603809523809,13.684381602470342,13562644.402,1.811335395358248,-438768362.99,0.0032194606774924,48.7251915475109,-205.9959638003342,29.8733515097138,20.235294117647065,7.416166263356533,-79.76470588235294,False,True,False,567,421,13,2,108334.14558,192924.96493000002,-0.2807909085530945,3,2,0.011945392491467421,1
1771977600000,0.001172,0.001345,0.001107,0.001186,26297399.45,2026-02-25,0.0119453924914674,0.0118746094207126,0.0119453924914674,0.0658703936369398,1.258452103430311,0.0454990140123709,0.8692574421744935,0.0451332219072286,0.8622689938182914,0.0974083546417987,1.8609840024079172,0.0012412,0.0012416937320077,0.0013755999999999,0.0013437732921494,0.0015152,0.0015131957825843,0.00199592,0.001846925431759,0.00219374,0.0022039377052377,-0.1576704545454545,-15.767045454545451,-0.2763880414887126,-27.638804148871262,-0.2927847346451998,-29.278473464519983,13.714285714285722,23.054755043227686,20.48846675712349,0.0013804196149596,0.0015977668322746,-0.0002173472173149,-0.0001974057709482,-1.9941446366759385e-05,-1.6814035722394085,0.0015152,0.0001976822543482,0.0019105645086964,0.0011198354913035,0.521864451816904,0.0836753264912805,0.0001572857142857,13.261864610937128,0.0001524285714285,12.85232474102626,0.0001598095238095,13.474664739420222,14051134.26,1.871549937777052,-412470963.54,0.0031961232966394,44.408741649081605,-137.2163671964985,39.32665679032969,21.882352941176464,14.225435425566872,-78.11764705882354,True,False,False,567,421,13,2,108334.14558,192924.96493000002,-0.2807909085530945,3,2,0.001686340640809414,1
1772064000000,0.001186,0.001228,0.00115,0.001188,16190976.2,2026-02-26,0.0016863406408094,0.0016849203649194,0.0016863406408094,0.0665443501650416,1.2713280248205028,0.0457610212664366,0.8742630837349551,0.0387341276018273,0.7400144687722295,0.097330899954331,1.8595042326816027,0.0011983999999999,0.0012237958213384,0.0013307999999999,0.001315450875395,0.00148365,0.0014822247556526,0.00198016,0.0018210798598226,0.00217608,0.0021835260862034,-0.1526390870185449,-15.263908701854492,-0.273838630806846,-27.3838630806846,-0.3468938977460143,-34.68938977460143,15.625000000000028,24.43438914027152,21.606254442075358,0.0013508165972735,0.0015674137310966,-0.0002165971338231,-0.0002012440435231,-1.5353090299914776e-05,-1.2923476683429946,0.00148365,0.0001969964667062,0.0018776429334124,0.0010896570665875,0.5311130433894986,0.1248029153221812,0.0001488571428571,12.53006253006253,0.0001514285714285,12.746512746512748,0.0001515714285714,12.758537758537758,14022346.6845,1.1546552488177428,-396279987.34,0.0031818522023503,40.18341488655698,-127.0000409215534,34.32087796992184,22.11764705882353,21.41176470588236,-77.88235294117646,False,False,True,567,421,13,2,108334.14558,192924.96493000002,-0.2807909085530945,3,2,0.0,0
1772150400000,0.001188,0.001229,0.00115,0.001188,14374749.58,2026-02-27,0.0,0.0,0.0,0.064099783436201,1.2246246430426235,0.0464784164911122,0.8879689002579274,0.0389782540955139,0.7446784988853068,0.0973296339713989,1.859480046111647,0.0011744,0.0012118638808923,0.0012929999999999,0.0012922779889595,0.00145335,0.0014542033503369,0.0019649,0.0017962482518756,0.00215912,0.0021635303526601,-0.0917431192660549,-9.174311926605496,-0.2413793103448275,-24.13793103448275,-0.3377926421404682,-33.77926421404682,15.92356687898092,15.656565656565675,23.348694316436266,0.0013257678900007,0.0015393090081391,-0.0002135411181383,-0.0002037034584462,-9.83765969216012e-06,-0.8280858326734107,0.00145335,0.0001933192818547,0.0018399885637094,0.0010667114362905,0.5320653162823743,0.1568500598411933,0.0001467142857142,12.349687349687352,0.0001463571428571,12.319624819624824,0.0001423333333333,11.980920314253648,14384726.242,0.9993064406070608,-396279987.34,0.0031693530380631,36.73560027059049,-112.00021391947274,34.671104919017566,22.11764705882353,22.039215686274517,-77.88235294117646,True,False,False,567,421,13,2,108334.14558,192924.96493000002,-0.2807909085530945,3,2,0.037878787878787845,1
1772236800000,0.001188,0.001241,0.001149,0.001233,10877751.85,2026-02-28,0.0378787878787878,0.037179003241754,0.0378787878787878,0.0169424578353851,0.3236852024558556,0.0501728344076349,0.9585506554486444,0.0410114459198281,0.7835225741475291,0.097418718955626,1.861182012345559,0.0011934,0.0012189092539282,0.0012663,0.0012815001727851,0.0014275,0.00143313636458,0.00195196,0.0017741558566362,0.0021444199999999,0.0021448453964078,0.0834797891036907,8.347978910369072,-0.178,-17.800000000000004,-0.2954285714285715,-29.542857142857148,35.84905660377359,20.09569377990431,26.12275449101797,0.0013114959069236,0.0015166194503842,-0.0002051235434605,-0.000203987475449,-1.136068011472238e-06,-0.0921385248558181,0.0014275,0.0001859913693526,0.0017994827387053,0.0010555172612946,0.5211667092193601,0.2385631377991419,0.0001408571428571,11.423936971382227,0.0001496428571428,12.136484764221994,0.0001412857142857,11.458695400301243,14343961.8595,0.7583505837890714,-385402235.49,0.003160086490619,33.184691909288865,-94.22921711057306,35.76625790209596,27.41176470588234,23.882352941176467,-72.58823529411765,True,True,False,567,421,13,2,108334.14558,192924.96493000002,-0.2807909085530945,3,2,-0.017842660178426506,0
1772323200000,0.001233,0.001489,0.001188,0.001211,20906951.69,2026-03-01,-0.0178426601784265,-0.0180037596112519,0.0178426601784265,0.0204450132632128,0.3906014299468537,0.0495895504652368,0.9474070313759868,0.0397903563884045,0.7601936914059657,0.0971896988846988,1.856806590034064,0.0012012,0.0012162728359521,0.0012434,0.0012686819595514,0.0014057,0.0014119805203247,0.00194056,0.00175206725126,0.0021306199999999,0.002126099084377,0.0332764505119453,3.327645051194537,-0.1590277777777777,-15.90277777777778,-0.2647237401335761,-26.47237401335762,81.19658119658128,15.372168284789652,29.98281786941581,0.0012960349981662,0.0014939809711032,-0.0001979459729369,-0.0002027791749466,4.833202009680589e-06,0.3991083410140866,0.0014057,0.0001844551293318,0.0017746102586637,0.0010367897413362,0.524877653359509,0.236114684496382,0.0001658571428571,13.695882977468443,0.0001486428571428,12.274389524595968,0.0001491904761904,12.319609924894817,15109759.3765,1.3836720472541937,-406309187.18,0.0031433146463657,32.191500003774685,-51.84006569830111,36.88479595641847,26.21118012422361,25.24686396297649,-73.7888198757764,True,False,False,567,421,13,2,108334.14558,192924.96493000002,-0.2807909085530945,3,2,-0.018992568125516085,0
1772409600000,0.001211,0.001238,0.001161,0.001188,15510799.53,2026-03-02,-0.018992568125516,-0.0191752436305019,0.018992568125516,0.0229958366401978,0.4393348421371473,0.0495549964695292,0.946746878214919,0.0397470471311961,0.7593662692087912,0.0947987963448061,1.8111284611464675,0.0012016,0.0012068485573014,0.0012213999999999,0.0012540125123602,0.0013847,0.0013906490421898,0.00192352,0.0017299430579237,0.00211619,0.0021072725096895,0.0016863406408094,0.1686340640809484,-0.15625,-15.624999999999996,-0.2611940298507462,-26.119402985074625,57.54716981132075,14.89028213166145,19.8086124401914,0.0012794142292175,0.0014713157126172,-0.0001919014833996,-0.0002006036366372,8.702153237585e-06,0.7325044812781987,0.0013847,0.000184119269125,0.0017529385382501,0.0010164614617498,0.5318676077852903,0.2329176884435966,0.0001505714285714,12.674362674362674,0.0001413571428571,11.8987493987494,0.0001468571428571,12.36171236171236,15407179.651,1.006725428102169,-421819986.71,0.0031304000937483,31.69891925829509,-82.61558811353342,28.66127181812324,29.32917316692668,27.65070599901088,-70.67082683307332,False,True,False,567,421,13,2,108334.14558,192924.96493000002,-0.2807909085530945,3,2,-0.06986531986531985,0
1772496000000,0.001188,0.001205,0.001081,0.001105,29779982.73,2026-03-03,-0.0698653198653198,-0.072425885970737,0.0698653198653198,0.0388836621198378,0.7428713217274873,0.0521509892746138,0.9963432511173672,0.0415409902015308,0.7936395034441927,0.065477789196336,1.2509514061243676,0.0011849999999999,0.0011728990382009,0.0011917,0.0012269193282947,0.00136195,0.001363444371495,0.0018856,0.0017054313260493,0.00210157,0.0020871634144365,-0.0698653198653198,-6.986531986531983,-0.2118402282453637,-21.18402282453637,-0.2916666666666666,-29.166666666666664,26.85714285714286,14.592933947772664,18.7669990933817,0.0012525812708763,0.0014441812138708,-0.0001915999429944,-0.0001988028979087,7.202954914294491e-06,0.6518511234655647,0.00136195,0.0001893547144771,0.0017406594289543,0.0009832405710456,0.5561282410578023,0.1607557399488701,0.0001412857142857,12.786037491919844,0.0001402142857142,12.689075630252104,0.0001456666666666,13.182503770739062,16211197.664,1.8370007785502505,-451599969.44,0.0031052575283464,30.818425621926355,-97.0051322029494,27.98312697512929,17.70657672849917,24.41564333988315,-82.29342327150083,False,True,False,567,421,13,2,108334.14558,192924.96493000002,-0.2807909085530945,3,2,-0.013574660633484226,0
1772582400000,0.001105,0.001236,0.000958,0.00109,37272900.77,2026-03-04,-0.0135746606334842,-0.0136676387286638,0.0135746606334842,0.0381493153031393,0.7288416454936525,0.0497306766740805,0.950103243810171,0.0415283470973446,0.7933979572778724,0.0642973603906642,1.2283993454575508,0.0011654,0.0011452660254673,0.0011699,0.0012020249049684,0.0013401,0.0013374020503915,0.0018432799999999,0.0016812928273169,0.00208432,0.0020671620562862,-0.0824915824915825,-8.24915824915825,-0.1666666666666666,-16.666666666666657,-0.2861820563195808,-28.618205631958084,23.93617021276593,15.833333333333345,19.27374301675978,0.0012275687676646,0.0014179455670421,-0.0001903767993774,-0.0001971176782024,6.740878824995449e-06,0.6184292499995825,0.0013401,0.0001944514281118,0.0017290028562236,0.0009511971437763,0.5804087101315708,0.1784544057756072,0.000147,13.48623853211009,0.0001521428571428,13.958060288335515,0.000150619047619,13.818261249453911,17654673.344,2.1112200743531355,-488872870.21,0.003074113295032,30.999215839532035,-100.13440216575846,26.409219318776834,24.00000000000001,23.67858329847529,-75.99999999999999,True,True,False,567,421,13,2,108334.14558,192924.96493000002,-0.2807909085530945,3,2,-0.006422018348623881,0
1772668800000,0.00109,0.001096,0.000981,0.001083,17202337.6,2026-03-05,-0.0064220183486238,-0.0064427282221988,0.0064220183486238,0.0253737923039879,0.4847656213041098,0.0299136352122702,0.5714991982834816,0.0390659694374819,0.7463542981406015,0.0642146093797695,1.226818389614241,0.0011354,0.0011245106836448,0.0011644,0.001180384013156,0.00131445,0.0013131732836802,0.0018037,0.0016578266863227,0.00206742,0.002047426540412,-0.1216545012165449,-12.1654501216545,-0.0483304042179261,-4.833040421792613,-0.3214285714285714,-32.142857142857146,23.07692307692304,17.367458866544794,21.16564417177915,0.0012053274187931,0.0013931347831101,-0.000187807364317,-0.0001952556154253,7.448251108344527e-06,0.6877424846116831,0.00131445,0.0001927464860762,0.0016999429721524,0.0009289570278475,0.5865464219292293,0.199799974682189,0.0001522857142857,14.061469463131507,0.0001505714285714,13.90317900013191,0.0001517142857142,14.008705975464975,18027102.045500003,0.9542486394419738,-506075207.81,0.0030597691887821,30.756291298571387,-105.80804937751525,27.450515434609983,22.977941176470583,21.561505968323257,-77.02205882352942,False,False,True,567,421,13,2,108334.14558,192924.96493000002,-0.2807909085530945,3,2,-0.1320406278855032,0
1772755200000,0.001083,0.001083,0.00093,0.00094,21161874.95,2026-03-06,-0.1320406278855032,-0.141610371736941,0.1320406278855032,0.053141374479049,1.015264533880566,0.047733640770035,0.9119499264347825,0.0460289330096279,0.8793815304017688,0.066190136554475,1.26456078329257,0.0010812,0.0010630071224299,0.0011412,0.0011366778289458,0.00128105,0.001277632970939,0.0017627399999999,0.0016296723813851,0.00204713,0.0020252247632004,-0.2237819983484723,-22.37819983484724,-0.1979522184300342,-19.79522184300342,-0.4154228855721393,-41.542288557213936,0.0,14.43768996960486,19.131238447319788,0.0011645078159019,0.0013595692421323,-0.0001950614262304,-0.0001952167775863,1.5535135596317817e-07,0.0165267399960827,0.00128105,0.0001970309820681,0.0016751119641362,0.0008869880358637,0.6152171486456444,0.0672634876756614,0.0001628571428571,17.32522796352583,0.0001547857142857,16.466565349544073,0.0001518571428571,16.15501519756839,18841359.607,1.1231607161798385,-527237082.76,0.003041803056337,29.901003027963693,-122.24469685182302,26.47447085155605,1.7636684303350822,16.24720320226856,-98.23633156966493,False,True,False,567,421,13,2,108334.14558,192924.96493000002,-0.2807909085530945,3,2,-0.09148936170212763,0
1772841600000,0.00094,0.000957,0.000805,0.000854,24391775.99,2026-03-07,-0.0914893617021276,-0.0959486814754796,0.0914893617021276,0.053077301374675,1.0140404189402903,0.0509654987269848,0.9736944860062412,0.0470212872825585,0.8983404321657517,0.0669223759446138,1.2785501971985165,0.0010144,0.0009933380816199,0.001108,0.0010852818600465,0.0012418,0.0012372869736967,0.00172208,0.0015992494558845,0.00202637,0.0020017497312666,-0.2811447811447811,-28.114478114478118,-0.2799325463743676,-27.99325463743676,-0.4789505796217205,-47.89505796217205,0.0,12.87262872628726,18.48214285714286,0.0011167373826862,0.0013221196671036,-0.0002053822844173,-0.0001972498789525,-8.132405464796716e-06,-0.9522723026694048,0.0012418,0.0002001361641745,0.0016420723283491,0.0008415276716508,0.6446647259610012,0.0155798033811436,0.0001714285714285,20.073603211776504,0.0001561428571428,18.283706925393105,0.0001569047619047,18.372922939667667,19419610.183,1.2560383941873692,-551628858.75,0.0030203670907164,29.17817065933408,-155.5573444963237,26.073435850641232,7.163742690058479,10.63511743228805,-92.83625730994152,False,True,False,567,421,13,2,108334.14558,192924.96493000002,-0.2807909085530945,3,2,0.03629976580796246,1
1772928000000,0.000854,0.000907,0.000831,0.000885,9203158.29,2026-03-08,0.0362997658079624,0.0356564512193595,0.0362997658079624,0.0684828803426631,1.308363591862003,0.0544905442008665,1.0410403852237935,0.0489958667688432,0.9360647202822237,0.0673991916020093,1.287659747542259,0.0009704,0.0009572253877466,0.0010777,0.0010488669764017,0.00120425,0.0012037358333372,0.00168248,0.0015712357799748,0.00199634,0.0019793719473046,-0.1990950226244344,-19.90950226244344,-0.2550505050505051,-25.5050505050505,-0.4590464547677262,-45.904645476772615,8.493150684931493,18.66666666666667,21.28801431127013,0.0010810854776575,0.0012897404312725,-0.0002086549536149,-0.000199530893885,-9.124059729891529e-06,-1.0309672011176865,0.00120425,0.0001925928005977,0.0015894356011955,0.0008190643988044,0.6397103611302836,0.0855893898823261,0.0001392857142857,15.738498789346242,0.0001525714285714,17.23970944309927,0.0001455238095238,16.443368307775085,19000009.8485,0.4843765010325278,-542425700.46,0.0030123974831701,28.21023673598736,-151.52451131800714,29.494506932060474,11.695906432748536,6.874439184380702,-88.30409356725146,False,False,True,567,421,13,2,108334.14558,192924.96493000002,-0.2807909085530945,3,2,0.029378531073446235,1
1773014400000,0.000885,0.000942,0.000865,0.000911,8969919.48,2026-03-09,0.0293785310734462,0.0289552522520287,0.0293785310734462,0.0752161446993442,1.4370024267735018,0.0568836471229182,1.0867605523535118,0.0505630891640318,0.9660064621008448,0.0640876398665622,1.2243926404704315,0.0009346,0.0009418169251644,0.00105,0.0010238002534196,0.0011715,0.0011758562301565,0.0016532999999999,0.0015453407230112,0.00197025,0.0019579686310321,-0.1642201834862385,-16.422018348623855,-0.2331649831649831,-23.316498316498315,-0.4182630906768837,-41.82630906768837,18.5064935064935,28.62523540489643,18.13953488372094,0.0010549184810948,0.0012616855835241,-0.0002067671024292,-0.0002009781355938,-5.7889668353827564e-06,-0.6354519028960216,0.0011715,0.0001833071911185,0.0015381143822371,0.0008048856177628,0.6258888301103805,0.1447220668071227,0.0001392857142857,15.289320997334164,0.0001449285714285,15.908734514662063,0.0001406666666666,15.44090742773509,18616369.228,0.4818296935424319,-533455780.98,0.0030048008131355,25.535606612291023,-128.85866716008258,34.50972494783652,15.49707602339181,11.452241715399609,-84.50292397660819,True,False,False,567,421,13,2,108334.14558,192924.96493000002,-0.2807909085530945,3,2,-0.04829857299670692,0
1773100800000,0.000911,0.000938,0.000862,0.000867,8369968.65,2026-03-10,-0.0482985729967069,-0.0495039204794164,0.0482985729967069,0.0738562244270032,1.41102118645091,0.052731566998967,1.0074351729668722,0.0506886439579073,0.9684051830697716,0.0612449221054727,1.1700825939020192,0.0008914,0.0009168779501096,0.0010134,0.0009952911164342,0.00113985,0.0011464413510886,0.0016177,0.0015187357127976,0.00194788,0.0019361176829627,-0.1994459833795013,-19.944598337950133,-0.2968369829683698,-29.683698296836976,-0.4219999999999999,-42.2,16.913946587537083,21.811460258780016,16.531165311653112,0.0010260079455418,0.0012324496134214,-0.0002064416678796,-0.000202070842051,-4.3708258285718e-06,-0.5041321601582238,0.00113985,0.0001781782888894,0.0014962065777788,0.0007834934222211,0.6252692508293193,0.1171671620310475,0.0001324285714285,15.274345032130492,0.0001368571428571,15.785137584445538,0.000137619047619,15.87301587301587,18320075.0815,0.4568741455897291,-541825749.63,0.002997704480844,22.26914626357041,-121.2246554986174,36.938788066682974,9.064327485380115,12.085769980506823,-90.93567251461988,False,True,False,567,421,13,2,108334.14558,192924.96493000002,-0.2807909085530945,3,2,-0.06343713956170705,0
1773187200000,0.000867,0.000898,0.00079,0.000812,24585853.22,2026-03-11,-0.063437139561707,-0.0655386366188639,0.063437139561707,0.0572806119603783,1.0943445549244244,0.0532169420515476,1.016708250326017,0.0513026727963047,0.9801361875557494,0.0606506950367318,1.1587299016941388,0.0008658,0.0008819186334064,0.0009735,0.0009619654589007,0.00110845,0.0011145897938368,0.00158596,0.001491017170169,0.00192807,0.0019136079033088,-0.1361702127659574,-13.617021276595745,-0.3294797687861271,-32.947976878612714,-0.4361111111111111,-43.61111111111112,14.805194805194802,17.86941580756013,13.439434129089308,0.0009930836462276,0.0012013051966726,-0.0002082215504449,-0.0002033009837298,-4.920566715122069e-06,-0.605981122551979,0.00110845,0.0001778347769552,0.0014641195539105,0.0007527804460894,0.6417421695350038,0.0832508057822587,0.0001081428571428,13.318085855031663,0.0001275714285714,15.710767065446865,0.0001374761904761,16.93056532958011,18475013.719,1.3307623796087098,-566411602.85,0.0029765893070746,22.293848882047968,-130.6993057046739,26.8335314198322,3.147353361945635,9.236252290239188,-96.85264663805437,False,True,False,567,421,13,2,108334.14558,192924.96493000002,-0.2807909085530945,3,2,-0.034482758620689724,0
1773273600000,0.000812,0.000824,0.000765,0.000784,16189361.48,2026-03-12,-0.0344827586206897,-0.0350913198112701,0.0344827586206897,0.0459061831945004,0.8770363984765776,0.0528312902249824,1.009340382524774,0.0513168352718631,0.9804067612713776,0.0605715359370635,1.1572175692184548,0.0008518,0.0008492790889376,0.0009330999999999,0.0009296081027369,0.00107725,0.0010831050515619,0.00155586,0.0014632877226908,0.00190604,0.0018909932152033,-0.0819672131147541,-8.196721311475418,-0.3400673400673401,-34.006734006734014,-0.4431818181818182,-44.31818181818182,21.1111111111111,16.77631578947367,13.14878892733563,0.0009609169314234,0.0011703936997591,-0.0002094767683357,-0.0002045361406509,-4.940627684704198e-06,-0.6301821026408415,0.00107725,0.0001772520878059,0.0014317541756119,0.000722745824388,0.6581650974461327,0.0863941524894452,0.0001001428571428,12.773323615160349,0.0001262142857142,16.098760932944604,0.0001337619047619,17.061467444120503,18977099.6795,0.8530998810892346,-582600964.33,0.0029626386417393,22.488195417942872,-131.42011660953386,27.479627448641395,2.6243093922651965,4.945330079863651,-97.3756906077348,False,True,False,567,421,13,2,108334.14558,192924.96493000002,-0.2807909085530945,3,2,0.0140306122448981,1
1773360000000,0.000784,0.000822,0.000782,0.000795,7341006.58,2026-03-13,0.0140306122448981,0.0139330943039241,0.0140306122448981,0.0402867473877771,0.769677228133065,0.0541007400393804,1.0335931871752764,0.0519129660991736,0.991795824735662,0.0605026989677609,1.1559024407665115,0.0008338,0.0008311860592917,0.0009021,0.0009051339022393,0.0010469,0.0010556664752189,0.00152508,0.0014370773787058,0.00188699,0.0018690562727866,-0.1016949152542373,-10.16949152542373,-0.2805429864253393,-28.054298642533936,-0.4329529243937232,-43.295292439372325,34.87179487179488,18.255250403877213,14.858705560619867,0.0009353912496659,0.0011425867583168,-0.0002071955086508,-0.0002050680142509,-2.1274943998979084e-06,-0.2676093584777243,0.0010469,0.0001705606544373,0.0013880213088747,0.0007057786911252,0.651678878354588,0.1307765105162038,8.4e-05,10.566037735849056,0.0001234285714285,15.525606469002687,0.0001311904761904,16.501946690625935,18778120.9315,0.3909340347087433,-575259957.75,0.0029563962939613,22.44037957198677,-113.15485151971362,24.30381456876572,4.143646408839789,3.305103054350209,-95.8563535911602,False,False,True,567,421,13,2,108334.14558,192924.96493000002,-0.2807909085530945,3,2,0.01383647798742138,1
1773446400000,0.000795,0.000818,0.000783,0.000806,6083490.54,2026-03-14,0.0138364779874213,0.0137416278522963,0.0138364779874213,0.0358224084898101,0.6843861532453369,0.0557511729164405,1.0651246630178943,0.0517479513042984,0.9886432215061682,0.0587183860617939,1.121813190563022,0.0008128,0.0008227907061944,0.0008737,0.0008871095563776,0.0010218,0.0010318887156713,0.00149044,0.0014123265404055,0.00186889,0.0018477831264413,-0.1152579582875961,-11.52579582875961,-0.2605504587155963,-26.05504587155964,-0.3837920489296635,-38.37920489296637,27.428571428571416,13.5042735042735,16.698656429942417,0.0009154849035635,0.0011176544052516,-0.0002021695016881,-0.0002044883117384,2.3188100502369443e-06,0.2876935546199682,0.0010218,0.0001670151584673,0.0013558303169347,0.0006877696830652,0.6538076275881479,0.1769754284876299,6.72857142857143e-05,8.348103509393836,0.0001193571428571,14.808578518255937,0.0001265238095238,15.697743117097954,18321795.723,0.3320357148378846,-569176467.21,0.0029512568604418,22.63291121651461,-99.7042394755229,21.78378208530133,5.662983425414367,4.143646408839786,-94.33701657458565,False,False,True,567,421,13,2,108334.14558,192924.96493000002,-0.2807909085530945,3,2,-0.004962779156327479,0
1773532800000,0.000806,0.000823,0.000775,0.000802,7948137.47,2026-03-15,-0.0049627791563274,-0.0049751346401137,0.0049627791563274,0.0335439973620392,0.6408571697686944,0.0558165616358195,1.0663739127475462,0.0452328668799096,0.8641727083483387,0.0567890924936539,1.0849540886978897,0.0007998,0.0008158604707963,0.0008456,0.0008716350915817,0.001005,0.0010099945522716,0.00146208,0.0013883896520727,0.0018514,0.0018268600181304,-0.0749711649365629,-7.497116493656293,-0.2594644506001846,-25.94644506001847,-0.2952548330404217,-29.525483304042176,14.379084967320251,13.932980599647266,17.647058823529406,0.0008980256876306,0.0010942725969366,-0.0001962469093059,-0.0002028400312519,6.593121945933057e-06,0.8220850306649697,0.001005,0.0001715489802696,0.0013480979605393,0.0006619020394606,0.682782011023664,0.2041661225836789,6.32857142857143e-05,7.89098681866762,0.0001012857142857,12.629141432133949,0.0001228095238095,15.312908205676283,17361244.695499998,0.45780919567709,-577124604.6800001,0.002944571728717,27.238037420001472,-90.13356006660288,11.848252336338405,7.82241014799155,5.876346660748571,-92.17758985200844,True,True,False,567,421,13,2,108334.14558,192924.96493000002,-0.2807909085530945,3,2,0.026184538653366562,1
1773619200000,0.000802,0.000847,0.00079,0.000823,7615406.45,2026-03-16,0.0261845386533665,0.0258475928105552,0.0261845386533665,0.023690496549803,0.4526063010755856,0.0443274207488793,0.846874184304011,0.045041500262588,0.8605166542579062,0.0559471048841581,1.0688679380051749,0.000802,0.0008182403138642,0.0008338999999999,0.0008627923476577,0.00098755,0.0009921855472916,0.0014384999999999,0.0013662152711153,0.0018335699999999,0.0018067797897209,0.0135467980295564,1.354679802955658,-0.1244680851063829,-12.4468085106383,-0.2977815699658703,-29.77815699658704,33.07692307692305,17.699115044247776,20.0,0.000886483274149,0.0010741783300842,-0.0001876950559352,-0.0001998110361885,1.2115980253375772e-05,1.4721725702765218,0.00098755,0.0001714177645402,0.0013303855290805,0.0006447144709194,0.6943152834400252,0.260016121372713,6.042857142857144e-05,7.34247526471099,9.985714285714284e-05,12.13331018920326,0.0001167619047619,14.187351732916738,16513690.125,0.4611571606561195,-569509198.23,0.0029382646878552,31.07568254684521,-73.98119122257057,15.43153725255594,12.314225053078555,8.599872875494826,-87.68577494692144,True,False,False,567,421,13,2,108334.14558,192924.96493000002,-0.2807909085530945,3,2,0.0473876063183476,1
1773705600000,0.000823,0.000952,0.000802,0.000862,17120495.72,2026-03-17,0.0473876063183476,0.0462990699866233,0.0473876063183476,0.0192523333831565,0.3678153128325609,0.0380724582964542,0.7273732944426576,0.0468796174059088,0.8956338329727177,0.0536323015820479,1.024643683014015,0.0008175999999999,0.0008328268759094,0.0008347,0.0008626482844472,0.00097135,0.0009797869237389,0.00141122,0.0013464402058769,0.0018173,0.0017878851425975,0.0994897959183673,9.94897959183674,0.009367681498829,0.9367681498829014,-0.2731871838111298,-27.318718381112983,71.9298245614035,26.67946257197697,23.21428571428572,0.0008827166165876,0.0010584614164457,-0.0001757447998581,-0.0001949977889225,1.9252989064342645e-05,2.2335254134968263,0.00097135,0.0001669271114178,0.0013052042228357,0.0006374957771642,0.6874025281015327,0.3362309167887767,7.100000000000002e-05,8.236658932714619,0.0001017142857142,11.799801126947298,0.0001149047619047,13.330018782454976,16054844.938499998,1.066375650813328,-552388702.51,0.0029245661361275,32.58196762788764,-47.35483965291638,24.513373889917403,20.59447983014864,13.577038343739584,-79.40552016985136,True,False,False,567,421,13,2,108334.14558,192924.96493000002,-0.2807909085530945,3,2,-0.0058004640371229765,0
1773792000000,0.000862,0.001195,0.000848,0.000857,31434739.13,2026-03-18,-0.0058004640371229,-0.0058173520659133,0.0058004640371229,0.0223943917772054,0.427844254163712,0.036084041411928,0.6893846432039775,0.0467713450319069,0.8935652921718672,0.0536380278924548,1.0247530840207282,0.00083,0.0008408845839396,0.0008319,0.0008616213236386,0.0009547999999999,0.0009680929310009,0.00138416,0.0013272446841397,0.00180147,0.0017692720415376,0.0779874213836477,7.798742138364778,-0.031638418079096,-3.163841807909608,-0.2786195286195286,-27.861952861952865,90.10989010989012,27.201565557729936,25.46245919477693,0.0008787602140356,0.0010435383482981,-0.0001647781342624,-0.0001889538579904,2.4175723728019603e-05,2.8209712634795334,0.0009547999999999,0.0001606056301038,0.0012760112602076,0.0006335887397923,0.6728346464341157,0.3477637428762972,0.0001051428571428,12.268711451908654,0.0001066428571428,12.443740623437238,0.0001200952380952,14.013446685558703,16817033.085,1.8692202703720848,-583823441.64,0.002901020086712,31.81960163192527,-1.0475691633730952,42.24217937262132,21.395348837209312,18.101351240145505,-78.60465116279069,True,False,False,567,421,13,2,108334.14558,192924.96493000002,-0.2807909085530945,3,2,0.01166861143523934,1
1773878400000,0.000857,0.000895,0.000817,0.000867,8731934.97,2026-03-19,0.0116686114352393,0.0116010581827621,0.0116686114352393,0.0224514273210289,0.4289339166984557,0.0347491716885409,0.6638819929471566,0.0470417532495257,0.8987314339156501,0.0485450094856185,0.9274511039806675,0.0008421999999999,0.0008495897226264,0.0008275,0.0008625992647952,0.00093875,0.0009584650328096,0.00135094,0.001309194257437,0.00178381,0.0017512345436653,0.0756823821339951,7.568238213399512,-0.0482985729967069,-4.82985729967069,-0.2702020202020202,-27.020202020202017,90.0,28.98832684824903,32.1475625823452,0.0008769509503378,0.0010304614333962,-0.0001535104830583,-0.000181865183004,2.8354699945732308e-05,3.270438286704995,0.00093875,0.0001518766379595,0.001242503275919,0.0006349967240809,0.6471441297875848,0.3818942778758346,0.0001078571428571,12.440270225737354,0.000104,11.99538638985006,0.0001200952380952,13.85181523589828,16534892.3545,0.5280914313072977,-575091506.67,0.0028942233867852,31.233495558560264,-47.21175711909859,44.80133563295208,23.720930232558157,21.90358629997204,-76.27906976744184,False,True,False,567,421,13,2,108334.14558,192924.96493000002,-0.2807909085530945,3,2,-0.046136101499423265,0
1773964800000,0.000867,0.000867,0.000801,0.000827,8104612.03,2026-03-20,-0.0461361014994232,-0.0472342817568505,0.0461361014994232,0.0353826341889753,0.6759842770250348,0.0344509952683134,0.6581853404374298,0.0458518291180818,0.8759979653046743,0.0452628809788056,0.8647461269026053,0.0008472,0.0008420598150842,0.0008234999999999,0.0008561266711961,0.00091845,0.0009459445534935,0.00132424,0.0012902830524886,0.0017680299999999,0.0017327614845005,0.0311720698254365,3.117206982543649,-0.0461361014994232,-4.613610149942329,-0.3292781832927818,-32.927818329278175,58.82352941176474,36.253041362530425,27.450980392156865,0.0008692661887474,0.0010153902158801,-0.0001461240271326,-0.0001747169518297,2.859292469712047e-05,3.457427411985546,0.00091845,0.0001368685404627,0.0011921870809255,0.0006447129190744,0.596084884153915,0.3329601534238949,0.0001115714285714,13.49110381758508,9.778571428571432e-05,11.824149248574884,0.0001194761904761,14.446939598088326,16396235.3635,0.4942971267686146,-583196118.6999999,0.0028878690899389,30.797284370751992,-57.30777159348582,48.71983043348161,14.41860465116281,19.84496124031009,-85.58139534883719,False,True,False,567,421,13,2,108334.14558,192924.96493000002,-0.2807909085530945,3,2,-0.02055622732769058,0
1774051200000,0.000827,0.000837,0.00081,0.00081,3992742.78,2026-03-21,-0.0205562273276905,-0.020770447357207,0.0205562273276905,0.0351083221680668,0.6707435532241242,0.028390089745467,0.5423919030100115,0.0458530864217924,0.8760219860583376,0.0437843920360563,0.836499635312521,0.0008446,0.0008313732100561,0.0008233,0.0008477400037059,0.0008983999999999,0.00093299745316,0.0012945399999999,0.0012714468667256,0.0017531299999999,0.0017143212874302,-0.0157958687727824,-1.579586877278249,-0.0024630541871921,-0.2463054187192178,-0.3311312964492156,-33.11312964492156,53.03030303030302,43.56725146198829,25.52083333333333,0.0008601483135555,0.0010001761256022,-0.0001400278120467,-0.0001677791238731,2.7751311826438137e-05,3.4260878798071777,0.0008983999999999,0.0001201014483456,0.0011386028966913,0.0006581971033086,0.5347348546112268,0.3159888968500134,0.0001104285714285,13.633156966490304,8.885714285714288e-05,10.970017636684307,0.0001163809523809,14.368018812463257,15550524.918,0.2567593570669972,-587188861.4799999,0.0028847338191101,31.8759286740393,-62.5969994826694,54.84814978491378,10.465116279069766,16.20155038759691,-89.53488372093024,False,False,True,567,421,13,2,108334.14558,192924.96493000002,-0.2807909085530945,3,2,-0.00864197530864197,0
1774137600000,0.00081,0.000822,0.00077,0.000803,8950209.45,2026-03-22,-0.0086419753086419,-0.0086795337197227,0.0086419753086419,0.0213920228720938,0.4086940231205598,0.0259631769303042,0.4960257987793706,0.0459099311959317,0.8771080039433813,0.043457980514245,0.8302635519444546,0.0008328,0.0008219154733707,0.0008252,0.0008396054575775,0.00087915,0.0009206167433346,0.00126736,0.001253074942993,0.00173808,0.0016961130168991,-0.068445475638051,-6.844547563805108,0.024234693877551,2.4234693877551057,-0.324074074074074,-32.407407407407405,41.52542372881359,37.10691823899371,25.09702457956016,0.0008513562653162,0.0009855704864797,-0.0001342142211635,-0.0001610661433312,2.6851922167719564e-05,3.3439504567521245,0.00087915,0.000100494710518,0.001080139421036,0.0006781605789639,0.4572357869215089,0.310562168875664,0.000111,13.823163138231632,8.714285714285715e-05,10.852161537093046,0.0001045238095238,13.016663701595208,15222495.414,0.587959411816841,-596139070.93,0.0028776701757323,32.55316492296742,-76.67183116284909,49.53693949831908,8.837209302325592,11.240310077519393,-91.1627906976744,False,True,False,567,421,13,2,108334.14558,192924.96493000002,-0.2807909085530945,3,2,-0.021170610211706076,0
1774224000000,0.000803,0.00081,0.00076,0.000786,9927933.7,2026-03-23,-0.021170610211706,-0.0213979215175551,0.021170610211706,0.0210398054408041,0.4019649185441633,0.0266340679253731,0.5088431532432054,0.0442967875191523,0.8462889372718273,0.0432386482206279,0.8260732143585898,0.0008186,0.0008099436489138,0.0008243,0.0008298590107452,0.0008632,0.0009077961011116,0.00124196,0.0012347568814901,0.00172443,0.0016779321256869,-0.0828471411901983,-8.284714119019835,-0.0113207547169811,-1.1320754716981134,-0.2886877828054299,-28.86877828054299,10.416666666666686,29.773462783171524,24.55696202531645,0.0008413014552675,0.000970787487304,-0.0001294860320365,-0.0001547501210723,2.5264089035773e-05,3.2142606915741725,0.0008632,8.719765810468182e-05,0.0010375953162093,0.0006888046837906,0.4040669977047349,0.2786637804328403,0.00011,13.99491094147583,8.521428571428575e-05,10.841512177390044,0.000103238095238,13.134617714770386,14229892.9625,0.697681544489692,-606067004.63,0.0028698420018321,33.986867771804164,-88.19518108804382,43.923638676710965,5.977011494252869,8.426445691882746,-94.02298850574712,False,True,False,567,421,13,2,108334.14558,192924.96493000002,-0.2807909085530945,3,2,-0.006361323155216314,0
1774310400000,0.000786,0.000825,0.000772,0.000781,8215611.79,2026-03-24,-0.0063613231552163,-0.0063816425895206,0.0063613231552163,0.0157967614258228,0.3017967032849979,0.0261608223473188,0.4998018091695064,0.0443461525658042,0.847232055163873,0.0432112316712152,0.825549421917522,0.0008014,0.0008002957659425,0.0008217999999999,0.0008209755542461,0.0008477499999999,0.0008957202819575,0.00121784,0.0012169611899734,0.00171114,0.0016600176696084,-0.0991926182237601,-9.919261822376011,-0.031017369727047,-3.101736972704709,-0.2834862385321101,-28.348623853211013,10.416666666666686,34.07407407407408,19.866666666666674,0.0008320243083033,0.0009567291547552,-0.0001247048464518,-0.0001487410661482,2.403621969632912e-05,3.0776209598372755,0.0008477499999999,7.07143065997848e-05,0.0009891786131995,0.0007063213868004,0.3336564156875722,0.2640152212133726,9.614285714285715e-05,12.310224986281328,8.357142857142859e-05,10.70056703859521,9.985714285714284e-05,12.785805743552222,12777028.5135,0.6429986268966621,-614282616.42,0.0028634307839773,35.873651720548686,-77.28662774534344,48.83378261995555,4.827586206896544,6.547269001158337,-95.17241379310346,True,False,False,567,421,13,2,108334.14558,192924.96493000002,-0.2807909085530945,3,2,0.003841229193341844,1
1774396800000,0.000781,0.000815,0.00077,0.000784,14213228.77,2026-03-25,0.0038412291933418,0.0038338705107218,0.0038412291933418,0.0105025132374363,0.2006502336665022,0.02622945620351,0.5011130571509047,0.0445164019970516,0.8504846659808348,0.043009596989033,0.8216971967233722,0.0007928,0.0007948638439617,0.0008199999999999,0.0008142527262013,0.0008328,0.000885080255104,0.00119588,0.0011999811243311,0.00169978,0.0016425239310528,-0.0519951632406288,-5.199516324062886,-0.0224438902743142,-2.244389027431422,-0.2760849492151431,-27.608494921514318,3.3707865168538973,43.577981651376135,20.79343365253078,0.0008246359531797,0.0009439344024196,-0.0001192984492399,-0.0001428525427665,2.3554093526622684e-05,3.004348664110036,0.0008328,4.5457441056025925e-05,0.000923714882112,0.0007418851178879,0.2183354517580497,0.2316170968584963,5.3e-05,6.760204081632653,7.907142857142859e-05,10.085641399416913,8.876190476190477e-05,11.32167152575316,12627573.072,1.1255708986167725,-600069387.65,0.0028524162349783,37.6824677325026,-77.69726247987107,52.26977060033795,5.517241379310329,5.440613026819917,-94.48275862068968,False,True,False,567,421,13,2,108334.14558,192924.96493000002,-0.2807909085530945,3,2,-0.03826530612244894,0
1774483200000,0.000784,0.000793,0.000745,0.000754,8758713.59,2026-03-26,-0.0382653061224489,-0.0390166523424517,0.0382653061224489,0.0161672391453302,0.3088746701779523,0.0264630524675928,0.5055759075098805,0.0355872572667609,0.6798935954370205,0.0430912172122959,0.823256548899311,0.0007816,0.0007812425626411,0.0008131,0.0008032976850738,0.0008235,0.0008725964212841,0.00117354,0.0011824904853719,0.0016881399999999,0.0016247834212157,-0.0691358024691357,-6.913580246913574,-0.0838396111786147,-8.383961117861476,-0.1978723404255319,-19.78723404255319,3.797468354430336,43.18181818181819,20.596205962059614,0.0008137688834597,0.0009298651872917,-0.000116096303832,-0.0001375012949796,2.1404991147638125e-05,2.838858242392324,0.0008235,4.119849256304586e-05,0.000905896985126,0.0007411030148739,0.2001141108101801,0.0782612683361859,4.871428571428572e-05,6.460780598711634,7.82857142857143e-05,10.382720727548316,8.557142857142857e-05,11.348995831754452,12007415.004,0.7294420645144881,-608828101.24,0.0028456030081263,39.32163982703918,-113.7544435329504,54.8151006295478,2.0,4.114942528735626,-98.0,False,True,False,567,421,13,2,108334.14558,192924.96493000002,-0.2807909085530945,3,2,0.025198938992042397,1
1774569600000,0.000754,0.000806,0.000746,0.000773,8578965.84,2026-03-27,0.0251989389920423,0.0248866805794658,0.0251989389920423,0.024147566810845,0.4613386161516739,0.0217814470715293,0.4161339620042916,0.0308320057109251,0.5890446420245763,0.0416342683299167,0.795421579584777,0.0007756,0.0007784950417607,0.0008042,0.0007977890150604,0.00081945,0.0008631110478282,0.00115546,0.0011664309912675,0.0016769099999999,0.0016077792759938,-0.0373599003735989,-3.7359900373598967,-0.1032482598607889,-10.324825986078883,-0.094847775175644,-9.484777517564403,27.160493827160508,45.17543859649123,25.37091988130564,0.0008074967475428,0.0009182455436863,-0.0001107487961434,-0.0001321507952124,2.1401999068952077e-05,2.7686932818825447,0.00081945,4.201562992373674e-05,0.0009034812598474,0.0007354187401525,0.2050918539202475,0.2236147590532848,4.785714285714284e-05,6.191092219552761,7.971428571428572e-05,10.312326741822217,8.114285714285714e-05,10.497135464793937,11216774.4965,0.764833584082208,-600249135.4,0.0028390075997098,41.03834464419174,-88.08190601668866,55.09348054064004,6.222222222222228,4.579821200510854,-93.77777777777776,True,False,False,567,421,13,2,108334.14558,192924.96493000002,-0.2807909085530945,3,2,0.010349288486416475,1
1774656000000,0.000773,0.000802,0.000768,0.000781,7866107.11,2026-03-28,0.0103492884864164,0.0102961012522639,0.0103492884864164,0.023749020136442,0.453724392628403,0.0227556089209408,0.4347452980049612,0.0295431026972242,0.5644201845232332,0.03928178714254,0.7504774896063271,0.0007746,0.0007793300278405,0.0007966,0.0007947364668676,0.00081425,0.0008552909480348,0.0011347,0.0011513151065849,0.00166644,0.0015912769453733,-0.0063613231552163,-0.6361323155216301,-0.0886814469078179,-8.868144690781797,-0.1175141242937853,-11.751412429378536,36.58536585365852,44.44444444444445,26.836581709145435,0.0008034203248439,0.000908079207034,-0.00010465888219,-0.0001266524126079,2.1993530417853348e-05,2.816073036857023,0.00081425,3.985615583430504e-05,0.0008939623116686,0.0007345376883313,0.1957932125725762,0.2914374874847997,4.885714285714284e-05,6.255716114871042,7.964285714285713e-05,10.197548929943297,7.552380952380953e-05,9.670142064508262,11149921.937499998,0.7054853974846496,-592383028.29,0.002833022283533,42.61779571619549,-68.73995705530218,55.54509014568223,8.0,5.407407407407412,-92.0,False,False,True,567,421,13,2,108334.14558,192924.96493000002,-0.2807909085530945,3,2,0.03713188220230457,1
1774742400000,0.000781,0.000839,0.000781,0.00081,10395708.73,2026-03-29,0.0371318822023045,0.0364590978267983,0.0371318822023045,0.0287539339063667,0.5493431359437131,0.0264509085387298,0.5053438980747196,0.0300752558231415,0.574586955718631,0.0399932946134851,0.764070820752221,0.0007804,0.0007895533518936,0.0007909,0.0007975116547098,0.0008092,0.0008509775244123,0.00111502,0.0011379293974064,0.00165622,0.0015756852914857,0.0371318822023045,3.713188220230467,-0.0657439446366783,-6.574394463667829,-0.1108671789242591,-11.086717892425913,62.76595744680849,51.6,30.188679245283023,0.0008044325825602,0.0009008140805322,-9.638149797195738e-05,-0.0001205982296807,2.4216731708795333e-05,2.989719964048807,0.0008092,3.2710210863437094e-05,0.0008746204217268,0.0007437795782731,0.1616916009067577,0.5061142987073658,4.971428571428569e-05,6.137566137566134,8.035714285714287e-05,9.920634920634924,7.466666666666666e-05,9.218106995884773,11221211.4,0.9264337297842904,-581987319.56,0.0028252664238753,40.3709158415432,-18.032221510568217,61.155154890474606,14.444444444444432,9.555555555555555,-85.55555555555557,True,False,False,567,421,13,2,108334.14558,192924.96493000002,-0.2807909085530945,3,2,0.014814814814814836,1
1774828800000,0.00081,0.000864,0.00081,0.000822,9859860.47,2026-03-30,0.0148148148148148,0.0147061473896954,0.0148148148148148,0.0288091665099611,0.5503983533537449,0.0231033974311643,0.4413897881631963,0.0286155465437518,0.5466992490932597,0.0401877679292891,0.76778622823382,0.000788,0.0008003689012624,0.0007904,0.0008019640811262,0.00080695,0.0008482177601825,0.00109646,0.0011255392951129,0.00164543,0.0015606465996999,0.0484693877551021,4.846938775510211,-0.0060459492140265,-0.6045949214026618,-0.0519031141868512,-5.1903114186851225,70.29702970297032,49.792531120331965,39.426523297491045,0.0008071352621664,0.000894976000452,-8.784073828560274e-05,-0.0001140467314017,2.6205993116119977e-05,3.188077021425788,0.00080695,2.995694278537632e-05,0.0008668638855707,0.0007470361144292,0.1484946665115624,0.6255969284634972,5.0285714285714266e-05,6.11748348974626,8.014285714285716e-05,9.74973931178311,7.35714285714286e-05,8.950295446645814,11295705.991,0.8728857211630661,-572127459.0899999,0.0028180447980571,38.76260210816592,34.437376617679064,61.73315848582522,17.111111111111114,13.185185185185183,-82.88888888888889,True,False,False,567,421,13,2,108334.14558,192924.96493000002,-0.2807909085530945,3,2,0.001216545012165282,1
1774915200000,0.000822,0.000843,0.000816,0.000823,6351854.32,2026-03-31,0.0012165450121652,0.0012158056208897,0.0012165450121652,0.013855366556904,0.2647064063931089,0.021988263194652,0.4200851784886134,0.0247297850769329,0.472461880507013,0.0397198786142526,0.7588472154213932,0.0008018,0.0008079126008416,0.0007917,0.0008057887936487,0.0008075,0.0008458160687365,0.00107998,0.0011136743519593,0.00163466,0.0015459301671005,0.0915119363395224,9.151193633952246,0.0160493827160492,1.6049382716049374,0.0135467980295564,1.354679802955658,69.6969696969697,40.39408866995072,46.72304439746299,0.0008095759910638,0.0008896444448284,-8.00684537645718e-05,-0.0001072510758742,2.7182622109720724e-05,3.302870244194499,0.0008075,3.0154863446339167e-05,0.0008678097268926,0.0007471902731073,0.1493739365762931,0.6285033177780947,4.657142857142856e-05,5.658739802117687,7.135714285714285e-05,8.670369727477869,7.123809523809524e-05,8.655904646184112,10384006.046,0.6116959381439097,-565775604.7699999,0.0028134093123162,38.98946810011064,25.157232704402062,54.389264252592845,17.333333333333318,16.29629629629629,-82.66666666666669,False,False,True,567,421,13,2,108334.14558,192924.96493000002,-0.2807909085530945,3,2,0.012150668286755817,1
1775001600000,0.000823,0.00085,0.000821,0.000833,7085699.61,2026-04-01,0.0121506682867558,0.0120774414897729,0.0121506682867558,0.0133182016150401,0.254443884588495,0.0218727370173037,0.4178780539694168,0.0233729535157014,0.4465396499273117,0.0398457640061326,0.7612522524563278,0.0008137999999999,0.0008162750672277,0.0007947,0.0008107362857126,0.00080995,0.0008445954907615,0.00106448,0.0011026669289508,0.0016234,0.0015317089525665,0.0776196636481241,7.7619663648124115,0.0373599003735989,3.7359900373598967,0.0625,6.25,100.0,44.23076923076922,44.247787610619454,0.0008131796847463,0.0008854485600011,-7.226887525483173e-05,-0.0001002546357504,2.7985760495568643e-05,3.359635113513643,0.00080995,3.0135614530843227e-05,0.0008702212290616,0.0007496787709383,0.1488270363891264,0.6912189311454782,4.428571428571426e-05,5.31641227919739,4.864285714285713e-05,5.839478648602297,6.747619047619047e-05,8.100383010346995,9928822.9525,0.7136495074892917,-558689905.1599998,0.0028082826843645,38.5906756097203,36.70916615630189,42.94003135562221,58.66666666666666,31.037037037037035,-41.333333333333336,True,False,False,567,421,13,2,108334.14558,192924.96493000002,-0.2807909085530945,3,2,-0.015606242496998823,0
1775088000000,0.000833,0.000845,0.00082,0.00082,8711829.24,2026-04-02,-0.0156062424969988,-0.0157293019085439,0.0156062424969988,0.0193439815726874,0.3695662490350431,0.0212255503031252,0.4055135691561161,0.0235949808316776,0.4507814758430522,0.0397682371126249,0.7597711032355566,0.0008216,0.0008175167114851,0.0007981,0.0008124205974012,0.0008112,0.0008422530630699,0.00104968,0.0010915813846421,0.0016123199999999,0.0015175141646977,0.0499359795134441,4.993597951344427,0.0432569974554706,4.325699745547069,0.0314465408805031,3.144654088050309,82.1917808219178,38.862559241706144,39.63553530751708,0.0008142289640161,0.0008806005184927,-6.637155447656207e-05,-9.347801949563272e-05,2.710646501907065e-05,3.3056664657403227,0.0008112,3.000105261300693e-05,0.000871202105226,0.0007511978947739,0.1479341844822826,0.5733307603695942,4.099999999999999e-05,4.999999999999998,4.485714285714286e-05,5.470383275261324,6.585714285714287e-05,8.031358885017422,9997364.085499998,0.8714126209162958,-567401734.3999999,0.0028019957059958,37.79269692092059,19.64651302567608,43.068253757074615,61.475409836065545,45.82513661202184,-38.52459016393446,False,True,False,567,421,13,2,108334.14558,192924.96493000002,-0.2807909085530945,3,2,-0.08902439024390241,0
1775174400000,0.00082,0.00083,0.000602,0.000747,39791881.6,2026-04-03,-0.0890243902439024,-0.0932391551254814,0.0890243902439024,0.0429203229626251,0.8199916188436664,0.0365018823515414,0.6973674831465168,0.0309122613564484,0.5905779239794033,0.0412199232413084,0.7875055277819103,0.000809,0.0007940111409901,0.0007947,0.0008005259433282,0.0008082499999999,0.0008331813427774,0.00103408,0.0010780677254273,0.00160049,0.0015021487195233,-0.0777777777777776,-7.777777777777767,-0.0435339308578744,-4.353393085787446,-0.0732009925558311,-7.320099255583116,37.68115942028986,33.60655737704917,37.17948717948718,0.0008038860464752,0.0008707041837386,-6.681813726348363e-05,-8.814604304920291e-05,2.132790578571928e-05,2.855141336776342,0.0008082499999999,3.326271027337547e-05,0.0008747754205467,0.0007417245794532,0.1646159493888053,0.0396496595090575,6.5e-05,8.701472556894242,5.642857142857142e-05,7.554025626314781,7.48095238095238e-05,10.014661821890735,11682783.6385,3.4060274358645097,-607193615.9999999,0.0027723217008948,40.08912267479492,-179.0561947640486,35.07197459193971,55.34351145038171,58.495195984371314,-44.656488549618295,False,True,False,567,421,13,2,108334.14558,192924.96493000002,-0.2807909085530945,3,2,-0.10575635876840705,0
1775260800000,0.000747,0.00075,0.000541,0.000668,30810044.89,2026-04-04,-0.105756358768407,-0.1117770115961716,0.105756358768407,0.0541734815280803,1.0349829113655646,0.0484456318811356,0.9255524975128724,0.0384820562300075,0.7351986519755418,0.042358659262753,0.8092610489244962,0.0007781999999999,0.0007520074273267,0.0007830999999999,0.0007764303172685,0.00080155,0.0008174497863221,0.00101552,0.0010619858792531,0.00158811,0.0014855166119274,-0.1873479318734794,-18.734793187347936,-0.1479591836734693,-14.79591836734694,-0.1670822942643391,-16.708229426433917,12.234042553191486,26.797385620915023,35.36585365853658,0.0007829805008636,0.0008556890589458,-7.270855808221737e-05,-8.505854605580581e-05,1.2349987973588438e-05,1.8488005948485688,0.00080155,4.574238504349513e-05,0.0008930347700869,0.000710065229913,0.2282696527652429,-0.2299029110146488,9e-05,13.47305389221557,6.942857142857143e-05,10.39349871685201,8.30952380952381e-05,12.439406900484745,12825879.0095,2.4021780391955443,-638003660.8899999,0.0027491192799069,40.97689873306026,-253.9060373455281,30.73374884215828,39.3188854489164,52.04593557845456,-60.6811145510836,False,True,False,567,421,13,2,108334.14558,192924.96493000002,-0.2807909085530945,3,2,0.007485029940119681,1
1775347200000,0.000668,0.000714,0.000645,0.000673,8997319.4,2026-04-05,0.0074850299401196,0.0074571561080819,0.0074850299401196,0.0554070336653226,1.0585498918569796,0.0481405186542452,0.9197233174979323,0.0378198177058092,0.7225466027355838,0.0423582712737969,0.8092536364058979,0.0007482,0.0007256716182178,0.000775,0.0007576248050379,0.0007940499999999,0.0008036926638151,0.00099682,0.0010467308393924,0.00157455,0.0014693180471872,-0.1822600243013366,-18.22600243013365,-0.1074270557029177,-10.74270557029178,-0.1822600243013366,-18.22600243013365,8.839779005524846,28.61842105263156,38.16631130063966,0.0007660604238076,0.0008421565360013,-7.60961121936567e-05,-8.326605928337599e-05,7.169947089719284e-06,1.0653710385912756,0.0007940499999999,5.365334639089214e-05,0.0009013566927817,0.0006867433072182,0.2702769165210862,-0.0640375118361148,9.157142857142858e-05,13.60645298238166,7.064285714285713e-05,10.49670982806198,8.40952380952381e-05,12.495577725889763,12894974.657000002,0.6977384321663502,-629006341.4899999,0.0027425166670116,42.25719514552482,-176.63817663817676,35.48153485766076,40.86687306501548,45.17642332143786,-59.13312693498453,False,False,True,567,421,13,2,108334.14558,192924.96493000002,-0.2807909085530945,3,2,0.11887072808320953,1
1775433600000,0.000673,0.0008,0.000673,0.000753,12758686.62,2026-04-06,0.1188707280832095,0.1123198981551658,0.1188707280832095,0.0896204919523535,1.7121970946390437,0.0627048283260155,1.1979740630828388,0.0459609240955844,0.8780822219233385,0.04623215884973,0.8832641546252932,0.0007322,0.0007347810788118,0.000773,0.0007567839313946,0.0007886,0.0007988647910707,0.0009791,0.0010352114811462,0.00156103,0.0014550392424339,-0.0960384153661464,-9.603841536614643,-0.0258732212160414,-2.5873221216041467,-0.1264501160092808,-12.64501160092808,36.538461538461554,45.50408719346049,46.09665427509294,0.0007640511278372,0.0008355523481224,-7.150122028517537e-05,-8.091309148373587e-05,9.4118711985605e-06,1.2499164938327356,0.0007886,5.189503576293016e-05,0.0008923900715258,0.0006848099284741,0.263226151473143,0.3284999736649664,0.000102,13.545816733067731,7.614285714285716e-05,10.111933219502944,8.742857142857144e-05,11.6107000569152,12676884.202,1.0064528804315411,-616247654.8699999,0.0027335165592956,41.99743191861979,-76.68118045476551,41.967077375511714,65.63467492260061,48.606811145510825,-34.36532507739938,True,False,False,567,421,13,2,108334.14558,192924.96493000002,-0.2807909085530945,3,2,-0.03452855245683928,0
1775520000000,0.000753,0.0008,0.000724,0.000727,10312292.07,2026-04-07,-0.0345285524568392,-0.0351387502663741,0.0345285524568392,0.0899560443489513,1.7186078141746983,0.0634171924590254,1.2115837607344984,0.0464099784735647,0.8866613937685632,0.0462826113114416,0.8842280475528834,0.0007136,0.0007321873858745,0.0007676,0.0007513686711411,0.0007821,0.0007920205252544,0.00096092,0.0010231242505071,0.00154697,0.001440528701966,-0.1134146341463414,-11.341463414634145,-0.0691421254801536,-6.914212548015366,-0.1516919486581097,-15.16919486581097,30.79710144927536,43.04123711340206,42.85714285714285,0.0007583509543238,0.0008275114334163,-6.916047909249004e-05,-7.856256900548671e-05,9.402089912996674e-06,1.2932723401646045,0.0007821,5.101073158498912e-05,0.0008841214631699,0.00068007853683,0.2608910962024761,0.2299587837306464,0.000109,14.993122420907842,7.778571428571428e-05,10.699548044802514,8.390476190476191e-05,11.541232724176329,11620761.849,0.8874024099278311,-626559946.9399999,0.0027263313195205,41.84414547670856,-56.07346984074139,42.48218298508152,57.585139318885446,54.695562435500506,-42.41486068111456,False,False,False,567,421,13,2,108334.14558,192924.96493000002,-0.2807909085530945,3,2,-0.06464924346629974,0
1775606400000,0.000727,0.000742,0.00066,0.00068,13141104.63,2026-04-08,-0.0646492434662997,-0.0668336793633668,0.0646492434662997,0.0858887591875805,1.640902440273493,0.0640109243397016,1.222926992387689,0.0478936326011759,0.915006566076876,0.0466521827559971,0.891288700087194,0.0007002,0.000714791590583,0.0007546,0.0007383925491154,0.00077275,0.0007813519038015,0.0009432,0.00100966785644,0.00153152,0.0014253725697517,-0.0896921017402945,-8.96921017402945,-0.1604938271604937,-16.049382716049372,-0.2156862745098039,-21.56862745098039,27.41935483870968,37.96296296296297,39.76510067114095,0.0007462969613509,0.0008165846605324,-7.0287699181516e-05,-7.690759504069258e-05,6.619895859176581e-06,0.9735140969377324,0.00077275,5.176248895823696e-05,0.0008762749779164,0.0006692250220835,0.2679391211037825,0.0520404743537712,0.0001165714285714,17.142857142857146,8.042857142857144e-05,11.827731092436974,7.12857142857143e-05,10.483193277310924,11841220.332,1.1097762106906468,-639701051.5699999,0.0027169912716481,41.00823259248619,-128.55195554157478,43.139562342490905,43.0340557275542,55.417956656346746,-56.96594427244581,False,True,False,567,421,13,2,108334.14558,192924.96493000002,-0.2807909085530945,3,2,-0.11176470588235299,0
1775692800000,0.00068,0.000681,0.000562,0.000604,38241147.88,2026-04-09,-0.1117647058823529,-0.1185186002353374,0.1117647058823529,0.0874905528042904,1.6715046643518894,0.069619258547688,1.3300740669851394,0.0524596117500703,1.0022394752320238,0.0484688663832559,0.9259963920526044,0.0006874,0.0006778610603887,0.0007328,0.0007139575401853,0.0007616,0.0007644612462964,0.00092528,0.0009937586984018,0.00151555,0.0014090059849594,-0.0958083832335328,-9.580838323353284,-0.2652068126520681,-26.520681265206807,-0.2696493349455864,-26.964933494558647,27.156549520766774,34.30962343096233,33.17972350230416,0.0007244051211431,0.0008008376485901,-7.643252744706148e-05,-7.681258152196637e-05,3.80054074904893e-07,0.0629228600835915,0.0007616,6.238876417056648e-05,0.0008863775283411,0.0006368224716588,0.3276720807277651,-0.1315239694808373,0.00013,21.523178807947023,8.549999999999999e-05,14.155629139072843,7.323809523809523e-05,12.125512456638283,13348047.1245,2.8649245483865093,-677942199.4499999,0.002689259531077,40.707167221772366,-200.3041689032028,38.38194303032768,19.504643962848306,40.04127966976265,-80.4953560371517,False,True,False,567,421,13,2,108334.14558,192924.96493000002,-0.2807909085530945,3,2,-0.023178807947019875,0
1775779200000,0.000604,0.000618,0.00059,0.00059,6375418.91,2026-04-10,-0.0231788079470198,-0.0234516610350498,0.0231788079470198,0.0864205746832793,1.6510627610526238,0.0688991664020876,1.3163167258602444,0.0524794435621461,1.0026183614697353,0.0483630853178788,0.9239754476362008,0.0006708,0.0006485740402591,0.0007095,0.0006914198056062,0.0007505999999999,0.0007478458895061,0.00090828,0.0009779244361901,0.0015007,0.001392688578483,-0.1233283803863297,-12.33283803863298,-0.2831105710814093,-28.31105710814094,-0.2716049382716048,-27.160493827160487,34.2741935483871,30.65539112050739,28.274760383386592,0.000703727410198,0.000785220044944,-8.149263474604995e-05,-7.77485921667831e-05,-3.7440425792668506e-06,-0.6345834880113306,0.0007505999999999,7.205217407870084e-05,0.0008947043481574,0.0006064956518425,0.3839710848851631,-0.0572350940603831,0.0001014285714285,17.191283292978206,8.32142857142857e-05,14.104116222760288,7.142857142857142e-05,12.106537530266342,13467180.931,0.4734041179564516,-684317618.3599999,0.0026846713742403,40.54272164983824,-179.70323880365734,34.672497638405204,15.1702786377709,25.9029927760578,-84.82972136222911,False,False,True,567,421,13,2,108334.14558,192924.96493000002,-0.2807909085530945,3,2,-0.037288135593220306,0
1775865600000,0.00059,0.000594,0.000562,0.000568,6476111.65,2026-04-11,-0.0372881355932203,-0.0380011181786137,0.0372881355932203,0.0355603004971343,0.6793785870764322,0.0672446029431933,1.2847063353624917,0.0527046135150689,1.0069202273800382,0.0484463107441489,0.9255654671725304,0.0006338,0.0006217160268394,0.000683,0.0006689798409505,0.00073885,0.000730717709553,0.00089148,0.0009618483947665,0.00148571,0.0013762599504806,-0.2456839309428949,-24.5683930942895,-0.3181272509003601,-31.81272509003601,-0.2926525529265255,-29.265255292652547,30.188679245283023,28.13141683778234,27.52721617418352,0.0006828462701675,0.0007691296711998,-8.628340103227655e-05,-7.945555393988179e-05,-6.827847092394758e-06,-1.2020857557033024,0.00073885,8.158771514849297e-05,0.0009020254302969,0.000575674569703,0.441701103869489,-0.0235163151984522,7.614285714285716e-05,13.40543259557344,8.307142857142858e-05,14.625251509054326,7.166666666666666e-05,12.617370892018776,13343476.041,0.4853391747473518,-690793730.0099999,0.0026799764464818,40.544440232007936,-169.84944932807946,31.06833717744908,8.359133126934989,14.344685242518066,-91.640866873065,False,True,False,567,421,13,2,108334.14558,192924.96493000002,-0.2807909085530945,3,2,-0.04929577464788737,0
1775952000000,0.000568,0.000576,0.000531,0.00054,8612526.29,2026-04-12,-0.0492957746478873,-0.0505522791628313,0.0492957746478873,0.0340924945744689,0.6513361942984754,0.0669781255544162,1.2796152919982813,0.0532273268838262,1.0169066522681212,0.0486266648861869,0.9290111282180842,0.0005964,0.0005944773512262,0.000655,0.0006455289607777,0.00072655,0.0007125541181669,0.00087424,0.0009453047535855,0.0014693699999999,0.0013596027917504,-0.2572214580467675,-25.72214580467676,-0.3414634146341463,-34.14634146341463,-0.3129770992366412,-31.29770992366413,0.0,22.22222222222223,25.264750378214814,0.000660869920911,0.0007521571029191,-9.1287182008163e-05,-8.182187955353804e-05,-9.465302454624964e-06,-1.7528337878935116,0.00072655,9.198596860960032e-05,0.0009105219372192,0.0005425780627807,0.5064260882780283,-0.0070066740062847,7.271428571428572e-05,13.465608465608469,8.214285714285714e-05,15.211640211640212,7.133333333333334e-05,13.209876543209878,13277705.6705,0.6486456699469583,-699406256.2999998,0.0026736892484008,40.97878051239972,-159.9701072621769,26.01186750684252,2.7027027027027035,8.744038155802864,-97.29729729729728,False,True,False,567,421,13,2,108334.14558,192924.96493000002,-0.2807909085530945,3,2,0.0185185185185186,1
1776038400000,0.00054,0.000598,0.00053,0.00055,4798857.21,2026-04-13,0.0185185185185186,0.0183491386681966,0.0185185185185186,0.0473008917844233,0.9036822686733592,0.066671090209611,1.2737493899721417,0.0537826253016774,1.027515613645034,0.0483596291529277,0.9239094176975216,0.0005704,0.0005796515674841,0.0006353,0.0006281600588181,0.000715,0.0006970727735795,0.00085908,0.0009298020960111,0.00145421,0.0013434784883154,-0.1911764705882352,-19.117647058823533,-0.2637215528781794,-26.37215528781794,-0.2957746478873239,-29.57746478873239,5.076142131979708,21.900826446280988,28.05071315372425,0.0006438130100016,0.0007371825026672,-9.336949266566668e-05,-8.413140217596377e-05,-9.238090489702898e-06,-1.6796528163096176,0.000715,9.902259178694668e-05,0.0009130451835738,0.0005169548164261,0.5539725414654361,0.0834283949186872,6.428571428571429e-05,11.688311688311687,8.314285714285715e-05,15.116883116883118,7.21904761904762e-05,13.125541125541126,13106867.9415,0.3661330251757156,-694607399.0899998,0.0026702190804996,41.46381276535266,-128.17533456206417,23.059685278543935,6.250000000000017,5.770611943212569,-93.74999999999996,True,True,False,567,421,13,2,108334.14558,192924.96493000002,-0.2807909085530945,3,2,-0.016363636363636358,0
1776124800000,0.00055,0.000565,0.000536,0.000541,4395793.97,2026-04-14,-0.0163636363636363,-0.016498999380035,0.0163636363636363,0.0257514584053451,0.491980922039473,0.060849481718649,1.1625277159196217,0.0535799136017238,1.0236428120552556,0.045478280171464,0.8688613227001628,0.0005578,0.0005667677116561,0.0006226,0.0006123127753966,0.00070285,0.0006822086999052,0.00084714,0.0009145544726977,0.00143917,0.0013274979018664,-0.1043046357615894,-10.430463576158942,-0.1901197604790419,-19.011976047904184,-0.3099489795918366,-30.994897959183664,6.289308176100633,21.341463414634163,28.410914927768857,0.0006279956238475,0.0007226504654006,-9.465484155311702e-05,-8.623609005139442e-05,-8.4187515017226e-06,-1.5561463034607392,0.00070285,0.0001048473953695,0.0009125447907391,0.0004931552092608,0.5966985579829066,0.1140819725909671,5.757142857142856e-05,10.641668867177184,8.328571428571428e-05,15.394771587008185,7.104761904761905e-05,13.13264677405158,12615996.2015,0.34843019130565,-699003193.0599998,0.0026670323444618,42.67304820012733,-119.07866145154271,23.54464644310028,3.4375000000000164,4.130067567567579,-96.5625,False,False,True,567,421,13,2,108334.14558,192924.96493000002,-0.2807909085530945,3,2,0.13678373382624764,1
1776211200000,0.000541,0.000651,0.000535,0.000615,21759231.17,2026-04-15,0.1367837338262476,0.1282029889600363,0.1367837338262476,0.0751544565780042,1.4358238768701133,0.0783694849381583,1.497246907446251,0.0633329480164336,1.2099742729186782,0.0498707949746397,0.9527802001836168,0.0005628,0.000582845141104,0.0006168,0.0006128013616881,0.0006959,0.0006758078713427,0.000836,0.0009028068814614,0.00142457,0.0013133107819269,0.042372881355932,4.237288135593213,-0.0861812778603269,-8.618127786032689,-0.1843501326259947,-18.435013262599472,53.50318471337578,30.395683453237424,36.3768115942029,0.0006259962971017,0.0007146763568361,-8.868005973441994e-05,-8.672488398799953e-05,-1.9551757464204047e-06,-0.3179147555155129,0.0006959,0.0001058802203087,0.0009076604406174,0.0004841395593825,0.6085944550006077,0.3089822637219024,6.242857142857142e-05,10.150987224157957,8.95e-05,14.552845528455284,7.442857142857144e-05,12.10220673635308,13266022.0805,1.6402227463486845,-677243961.8899999,0.0026517887366077,44.95558157872504,-71.49845986591778,27.376745606108656,26.984126984126984,12.223875661375672,-73.01587301587303,True,True,False,567,421,13,2,108334.14558,192924.96493000002,-0.2807909085530945,3,2,-0.03414634146341455,0
1776297600000,0.000615,0.000631,0.000587,0.000594,7318243.59,2026-04-16,-0.0341463414634145,-0.0347429484438728,0.0341463414634145,0.0746668730035662,1.4265086057601264,0.0650174825070892,1.2421572591742451,0.0630731660527272,1.2050111454708363,0.0498530012915918,0.9524402523463104,0.000568,0.0005865634274027,0.0006009,0.0006093829322903,0.00068695,0.0006680166455005,0.0008241599999999,0.000890696454072,0.00141004,0.0012989895780784,0.0457746478873239,4.577464788732391,-0.2111553784860557,-21.115537848605573,-0.2315653298835704,-23.15653298835705,51.21951219512195,29.9645390070922,36.16714697406339,0.0006210737898553,0.000705737367424,-8.466357756867899e-05,-8.631262270413543e-05,1.6490451354564457e-06,0.2776170261711188,0.00068695,0.0001065830415067,0.0009001160830135,0.0004737839169864,0.620616007026884,0.2819775109483817,5.171428571428572e-05,8.706108706108706,9.085714285714286e-05,15.295815295815297,7.423809523809525e-05,12.497995831329163,13202985.968,0.5542870080856849,-684562205.4799999,0.0026467213623395,47.992834321003656,-62.33922346435865,31.08537850754783,21.333333333333343,17.251653439153447,-78.66666666666666,False,False,True,567,421,13,2,108334.14558,192924.96493000002,-0.2807909085530945,3,2,0.006734006734006703,1
1776384000000,0.000594,0.00065,0.000591,0.000598,9839427.37,2026-04-17,0.0067340067340067,0.0067114345879867,0.0067340067340067,0.0671643342159248,1.2831728034812715,0.0654133417035443,1.2497201385034165,0.0630132663184574,1.20386676265445,0.0498874236264769,0.9530978901308936,0.0005796,0.0005903756182684,0.000588,0.0006073133082375,0.0006778,0.0006613483935481,0.00081236,0.0008792178397403,0.00139626,0.0012850346445211,0.1074074074074074,10.74074074074074,-0.1774415405777166,-17.744154057771663,-0.234314980793854,-23.43149807938541,60.27397260273972,34.94949494949495,36.79653679653679,0.0006175239760314,0.0006977568216749,-8.023284564349995e-05,-8.509666729200834e-05,4.863821648508384e-06,0.8133481017572547,0.0006778,0.0001059372207339,0.0008896744414679,0.000465925558532,0.6251827721095343,0.311680919493817,5.6142857142857145e-05,9.388437649307214,7.878571428571429e-05,13.174868609651218,7.419047619047619e-05,12.40643414556458,13301651.981,0.7397146898787141,-674722778.1099999,0.002639977484113,45.37163872270882,-50.59294342255027,42.32111045859068,25.185185185185187,24.50088183421517,-74.81481481481481,True,False,False,567,421,13,2,108334.14558,192924.96493000002,-0.2807909085530945,3,2,-0.0050167224080266415,0
1776470400000,0.000598,0.000611,0.00059,0.000595,4961162.45,2026-04-18,-0.0050167224080266,-0.0050293484050018,0.0050167224080266,0.0683109815196988,1.3050794694605357,0.0633185553716685,1.2096993018265303,0.0620016033540771,1.184538968858287,0.0498670087689427,0.9527078648253412,0.0005886,0.0005919170788456,0.0005794999999999,0.0006050745249216,0.00066705,0.0006550294989244,0.0008005,0.0008680717416787,0.0013827,0.0012712992450802,0.0818181818181817,8.181818181818183,-0.125,-12.5,-0.265432098765432,-26.5432098765432,72.72727272727276,41.28878281622913,36.36363636363636,0.0006140587489496,0.0006901452052422,-7.608645629256152e-05,-8.329462509211898e-05,7.208168799557464e-06,1.2114569411020948,0.00066705,0.0001026744856329,0.0008723989712659,0.000461701028734,0.6156928903858141,0.3245669321939417,5.4571428571428566e-05,9.171668667466983,6.535714285714285e-05,10.984393757503,7.357142857142857e-05,12.364945978391354,13029924.667,0.3807514300189929,-679683940.56,0.0026365701438658,41.428798940586034,-55.66194306140692,49.59265348256568,24.07407407407409,23.530864197530875,-75.92592592592591,False,True,False,567,421,13,2,108334.14558,192924.96493000002,-0.2807909085530945,3,2,-0.01680672268907568,0
1776556800000,0.000595,0.000608,0.000579,0.000585,6972172.23,2026-04-19,-0.0168067226890756,-0.0169495583137733,0.0168067226890756,0.0683663182840023,1.3061366768581204,0.0528698008541181,1.010076127061347,0.061643647075859,1.1777002237652712,0.0493363072940954,0.9425688273846936,0.0005974,0.0005896113858971,0.0005775999999999,0.0006014246112995,0.0006552,0.0006483600228363,0.00078754,0.0008569706015848,0.0013697499999999,0.0012576396125281,0.0813308687615526,8.133086876155266,-0.0314569536423841,-3.145695364238415,-0.2883211678832117,-28.83211678832117,64.46280991735537,39.62264150943396,37.44427934621098,0.0006095881721881,0.0006823566715089,-7.276849932071896e-05,-8.118939993783899e-05,8.420900617120029e-06,1.4394701909606888,0.0006552,9.73904782981976e-05,0.0008499809565963,0.0004604190434036,0.594569464579961,0.3197975787092441,5.228571428571429e-05,8.937728937728938,6.25e-05,10.683760683760685,7.21904761904762e-05,12.34025234025234,12885540.255,0.5410849752531389,-686656112.79,0.002631782094821,37.9533852487559,-56.72703216736949,44.36507558251401,20.37037037037038,23.209876543209887,-79.62962962962962,False,True,False,567,421,13,2,108334.14558,192924.96493000002,-0.2807909085530945,3,2,0.03589743589743577,1
1776643200000,0.000585,0.00065,0.000582,0.000606,4543586.98,2026-04-20,0.0358974358974357,0.0352681388374578,0.0358974358974357,0.0263248767022411,0.5029360632194636,0.0535374464849668,1.0228314789288129,0.0626065655495283,1.1960967553739938,0.0498248928823249,0.9519032419412868,0.0005956,0.0005950742572647,0.0005792,0.0006022565001541,0.0006443499999999,0.0006443257349471,0.00077544,0.0008471283723263,0.0013579999999999,0.0012446711358915,-0.0146341463414634,-1.4634146341463417,0.0271186440677966,2.7118644067796533,-0.2636695018226002,-26.366950182260023,74.43609022556392,29.86301369863014,37.62962962962962,0.0006090361456976,0.0006767006217596,-6.766447606195239e-05,-7.848441516266167e-05,1.0819939100709285e-05,1.7854684984668787,0.0006443499999999,8.947876843136486e-05,0.0008233075368627,0.0004653924631372,0.5554668638557608,0.3928516767935388,5.2285714285714274e-05,8.628005657708627,5.828571428571428e-05,9.618104667609618,7.285714285714286e-05,12.022630834512023,12795126.888,0.3551029247127854,-682112525.81,0.0026287073895678,37.282976360253805,-33.31475633166143,40.28580246951104,28.148148148148145,24.197530864197542,-71.85185185185186,True,False,False,567,421,13,2,108334.14558,192924.96493000002,-0.2807909085530945,3,2,0.0033003300330034513,1
1776729600000,0.000606,0.00065,0.00058,0.000608,18850252.12,2026-04-21,0.0033003300330034,0.0032948958968527,0.0033003300330034,0.0195975513054477,0.3744106919773048,0.0515701738747533,0.9852467884836714,0.0624479171421135,1.1930657818061503,0.0498655448638926,0.9526798969586288,0.0005984,0.0005993828381764,0.0005832,0.0006033007728533,0.0006331,0.0006408661411426,0.0007638399999999,0.0008377505649205,0.00134368,0.0012320018097655,0.0235690235690235,2.3569023569023595,0.0704225352112675,7.042253521126759,-0.2701080432172869,-27.01080432172869,44.26229508196725,32.55131964809385,37.07025411061285,0.0006088767386672,0.0006716116868079,-6.273494814066304e-05,-7.533452175826196e-05,1.2599573617598917e-05,2.0722982923682425,0.0006331,7.790811051619949e-05,0.0007889162210323,0.0004772837789676,0.4922325731555804,0.4194563960231683,5.814285714285713e-05,9.562969924812029,5.785714285714285e-05,9.51597744360902,7.49047619047619e-05,12.319862155388469,13383354.5135,1.4084848534039396,-663262273.6899999,0.0026160505627457,36.3596532008702,-27.09849189415911,34.74641187926409,36.79245283018869,28.43699044956908,-63.207547169811306,False,True,False,567,421,13,2,108334.14558,192924.96493000002,-0.2807909085530945,3,2,-0.023026315789473673,0
1776816000000,0.000608,0.00062,0.000588,0.000594,6474723.82,2026-04-22,-0.0230263157894736,-0.023295562603522,0.0230263157894736,0.0230812354686851,0.4409663844645364,0.0489310623079066,0.9348266327944386,0.062481296598747,1.193703495429715,0.049193200624276,0.939834778296696,0.0005976,0.0005975885587843,0.0005886,0.0006016097232436,0.0006218,0.000636402699129,0.00075362,0.0008281914996881,0.00131961,0.001219307239883,-0.0066889632107023,-0.6688963210702322,0.1,10.000000000000002,-0.2756097560975609,-27.560975609756092,50.0,36.03896103896104,33.48623853211009,0.0006065880096415,0.0006658626729634,-5.92746633219269e-05,-7.212255007099495e-05,1.2847886749068048e-05,2.162943897149503,0.0006218,6.463142465260546e-05,0.0007510628493052,0.0004925371506947,0.4157698594570951,0.3924671699973144,4.614285714285713e-05,7.768157768157765,5.428571428571428e-05,9.139009139009136,7.504761904761905e-05,12.634279300945966,13271499.242500002,0.4878667964856344,-669736997.51,0.0026117139374213,33.72808660775251,-34.7693080382625,37.07116755558116,42.384105960264925,35.774902312867255,-57.61589403973508,False,False,True,567,421,13,2,108334.14558,192924.96493000002,-0.2807909085530945,3,2,0.03872053872053871,1
1776902400000,0.000594,0.00066,0.000593,0.000617,9610438.01,2026-04-23,0.0387205387205387,0.0379897045427428,0.0387205387205387,0.0288156981853858,0.5505231408375186,0.0497057980764622,0.949627938870052,0.0609360262393641,1.164181146666288,0.0496937672576616,0.9493980903996,0.000602,0.0006040590391895,0.0005953,0.0006044079553811,0.0006153,0.0006345548230215,0.00074416,0.0008199092973296,0.00129372,0.001207324042022,0.0369747899159664,3.6974789915966375,0.1218181818181818,12.181818181818182,-0.1740294511378849,-17.402945113788487,63.013698630137,52.549019607843135,34.58646616541354,0.000608189854312,0.0006622432157029,-5.405336139085082e-05,-6.850871233496612e-05,1.4455350944115304e-05,2.342844561444944,0.0006153,5.7523542091309766e-05,0.0007303470841826,0.0005002529158173,0.3739544423293336,0.5073882793817769,4.942857142857141e-05,8.01111368372308,5.057142857142856e-05,8.196341745774482,7.704761904761906e-05,12.487458516631936,11762427.063,0.8170454922718019,-660126559.5,0.0026053835439738,33.96443786258998,3.912740526344125,57.68518963162092,66.92307692307695,48.69987857117686,-33.076923076923045,True,False,False,567,421,13,2,108334.14558,192924.96493000002,-0.2807909085530945,3,2,0.050243111831442366,1
1776988800000,0.000617,0.000662,0.000613,0.000648,8908460.43,2026-04-24,0.0502431118314423,0.0490216724468867,0.0502431118314423,0.0301773997676493,0.5765384130383939,0.0498547295234032,0.952473270168706,0.0576285387125555,1.1009916861914757,0.0504200638283789,0.9632739668999146,0.0006146,0.0006187060261263,0.000606,0.0006123337816755,0.0006143,0.0006358353160671,0.00073546,0.0008131676133235,0.00126958,0.0011961970564438,0.1076923076923077,10.769230769230772,0.1977818853974122,19.77818853974122,-0.0299401197604789,-2.994011976047896,76.23762376237622,60.66176470588236,37.41007194244605,0.0006143144921102,0.0006611881626868,-4.687367057659979e-05,-6.418170398329286e-05,1.7308033406693066e-05,2.670992809674856,0.0006143,5.672751119438993e-05,0.0007277550223887,0.0005008449776112,0.3693798547575448,0.6485170038771804,4.799999999999999e-05,7.407407407407406,5.2071428571428566e-05,8.035714285714285,6.852380952380953e-05,10.574661963550852,10667347.84,0.8351148348791446,-651218099.07,0.0025996034198178,34.001426966392025,33.97341211226015,65.07597105428555,89.39393939393939,66.23370742576043,-10.606060606060613,True,False,False,567,421,13,2,108334.14558,192924.96493000002,-0.2807909085530945,3,2,0.02314814814814814,1
1777075200000,0.000648,0.000678,0.00064,0.000663,9381847.86,2026-04-25,0.0231481481481481,0.0228842938335878,0.0231481481481481,0.0291271474681062,0.5564733710291225,0.0284474547713525,0.5434878602907095,0.0578412984542758,1.1050564553496631,0.0473733982975536,0.9050675036616936,0.000626,0.0006334706840842,0.0006108,0.0006215458213708,0.0006138,0.0006384224288226,0.00072992,0.0008072785673501,0.00124633,0.0011855908035131,0.0940594059405939,9.405940594059402,0.0780487804878049,7.804878048780484,-0.0148588410104012,-1.4858841010401227,86.79245283018867,67.92452830188678,37.85714285714286,0.0006218045702471,0.0006613223728582,-3.951780261118409e-05,-5.9248923708871103e-05,1.973112109768701e-05,2.9760363646586745,0.0006138,5.622473701695211e-05,0.0007262494740339,0.000501350525966,0.3664042816353997,0.7187649183008442,5.042857142857142e-05,7.606119370825253,5.249999999999999e-05,7.918552036199093,6.038095238095238e-05,9.107232636644405,10686574.263,0.8779097612677115,-641836251.21,0.002593612531982,35.18083873109789,69.123904528419,72.13160563736075,89.86486486486484,82.06062706062706,-10.13513513513516,True,False,False,567,421,13,2,108334.14558,192924.96493000002,-0.2807909085530945,3,2,-0.02714932126696834,0
1777161600000,0.000663,0.000688,0.000632,0.000645,10051003.86,2026-04-26,-0.0271493212669683,-0.02752467339009,0.0271493212669683,0.0355653145925461,0.6794743812347702,0.0273636356016048,0.5227815241266244,0.0509609184015239,0.97360697901118,0.0458492222556671,0.8759481612681715,0.0006333999999999,0.0006373137893894,0.0006159,0.0006258102174852,0.0006084,0.0006390488641728,0.00072574,0.0008009145774122,0.00122391,0.0011748384414428,0.0608552631578946,6.085526315789461,0.0858585858585858,8.585858585858576,-0.1434262948207171,-14.342629482071716,68.93203883495144,70.58823529411765,37.588652482269495,0.0006253730979013,0.000660113308201,-3.474021029966495e-05,-5.4347181027029873e-05,1.960697072736492e-05,3.039840422847275,0.0006084,4.64966325888135e-05,0.0007013932651776,0.0005154067348223,0.3056977816490039,0.6967884444647149,5.428571428571428e-05,8.416389811738648,5.328571428571428e-05,8.261351052048726,5.9761904761904766e-05,9.265411590992988,10551190.125,0.952594327362668,-651887255.07,0.0025872176873524,37.10731238874057,79.64866753168968,70.12976503647394,72.78481012658224,84.01453812846216,-27.21518987341776,True,True,False,567,421,13,2,108334.14558,192924.96493000002,-0.2807909085530945,3,2,-0.007751937984496027,0
1777248000000,0.000645,0.000663,0.000632,0.00064,12671725.65,2026-04-27,-0.007751937984496,-0.0077821404420548,0.007751937984496,0.032265972305921,0.6164405353551616,0.0278527189162094,0.5321254477322631,0.0505355814693088,0.9654809283310684,0.0454695104198033,0.8686937768299369,0.0006425999999999,0.0006382091929263,0.0006201,0.0006283901779424,0.00060405,0.0006391394485373,0.0007208399999999,0.0007946040831661,0.00120166,0.001164201430455,0.0774410774410774,7.744107744107749,0.0702341137123747,7.023411371237466,-0.1196698762035762,-11.966987620357626,65.09433962264154,68.00000000000001,41.60125588697017,0.0006276233905319,0.0006586234335182,-3.1000042986343104e-05,-4.967775341889251e-05,1.867771043254941e-05,2.918392255085845,0.00060405,3.813476794618847e-05,0.0006803195358923,0.0005277804641076,0.2525272275221486,0.735677322402543,4.9e-05,7.656249999999999,5.064285714285713e-05,7.912946428571427,5.519047619047618e-05,8.623511904761903,10669161.804,1.187696454772034,-664558980.72,0.0025791738955578,38.9009258245873,85.45970028351552,61.09718989880135,68.62745098039218,77.09237532394643,-31.37254901960782,False,False,False,567,421,13,2,108334.14558,192924.96493000002,-0.2807909085530945,3,2,0.006250000000000089,1
1777334400000,0.00064,0.000688,0.000613,0.000644,18187931.37,2026-04-28,0.00625,0.0062305497506361,0.00625,0.029563973869971,0.5648189277186813,0.0275316395782163,0.5259912355930038,0.0485918397613578,0.9283457951424244,0.0452249339393746,0.8640211497322221,0.0006479999999999,0.0006401394619508,0.0006249999999999,0.0006312283274074,0.00060225,0.0006396023582004,0.0007155,0.0007886979339861,0.0011844,0.0011538564169468,0.0437601296596434,4.376012965964344,0.0823529411764705,8.235294117647058,-0.0529411764705882,-5.294117647058824,76.04166666666671,71.02040816326533,47.86476868327402,0.0006301428689116,0.0006575402162198,-2.7397347308179143e-05,-4.522167219674985e-05,1.78243248885707e-05,2.7677523118898604,0.00060225,3.5089172118957944e-05,0.0006724283442379,0.000532071655762,0.2330538621433487,0.7974564337002642,4.971428571428571e-05,7.71960958296362,5.392857142857142e-05,8.374001774622892,5.5142857142857134e-05,8.562555456965393,10921503.141,1.6653322473278775,-646371049.35,0.0025677639681036,40.78050013104574,108.1069140711288,68.50947231007225,71.2418300653595,70.88469705744465,-28.75816993464051,True,True,False,567,421,13,2,108334.14558,192924.96493000002,-0.2807909085530945,3,2,0.01086956521739113,1
1777420800000,0.000644,0.000679,0.000621,0.000651,21888598.89,2026-04-29,0.0108695652173911,0.0108109161042154,0.0108695652173911,0.0192643786074484,0.3680454365195388,0.0260822315922562,0.4983003349022675,0.041123563653796,0.7856645804473771,0.0448659375349893,0.8571625330566841,0.0006485999999999,0.0006437596413005,0.0006316,0.0006348231769697,0.0006046,0.0006406878478956,0.00071118,0.0007832979212732,0.0011644399999999,0.0011438571816424,0.0046296296296295,0.4629629629629574,0.1128205128205128,11.282051282051276,0.0778145695364238,7.781456953642375,71.25000000000003,60.11235955056181,48.049645390070914,0.0006333516583098,0.0006570557557587,-2.370409744890706e-05,-4.09181572471813e-05,1.7214059798274237e-05,2.644248816939207,0.0006046,3.6747216149399614e-05,0.0006780944322987,0.0005311055677012,0.2431175398570929,0.8156701708461122,5.342857142857142e-05,8.207153829273645,4.978571428571428e-05,7.647575159095895,5.399999999999998e-05,8.294930875576032,10103875.6915,2.1663567088829123,-624482450.46,0.0025542241396427,43.577690949819285,101.79789212647252,68.95474690969205,66.05504587155961,68.64144230577044,-33.94495412844038,False,False,True,567,421,13,2,108334.14558,192924.96493000002,-0.2807909085530945,3,2,0.10445468509984646,1
1777507200000,0.000651,0.000793,0.000651,0.000719,20932259.54,2026-04-30,0.1044546850998464,0.0993517155124775,0.1044546850998464,0.0508987423691345,0.97241910758028,0.039100375688639,0.7470116286459948,0.0461898099248354,0.882455079551211,0.0466305316807962,0.8908750568762798,0.0006598,0.000668839760867,0.0006429,0.0006501280538843,0.00061105,0.000648146148096,0.0007093199999999,0.0007807763921124,0.00114764,0.001135409651348,0.0844645550527904,8.446455505279046,0.1864686468646865,18.646864686468653,0.2186440677966101,21.864406779661014,80.34188034188038,77.7777777777778,46.92028985507247,0.0006465283262621,0.0006616442182981,-1.5115892035917362e-05,-3.575770420492851e-05,2.064181216901115e-05,2.8709057258708133,0.00061105,4.454385774887201e-05,0.0007001377154977,0.0005219622845022,0.2915889550699419,1.105863554794677,6.414285714285714e-05,8.92112060401351,5.678571428571428e-05,7.897874031392805,5.50952380952381e-05,7.662759123120737,10831717.723,1.932496772469668,-603550190.9200001,0.0025419275602652,46.86188401879376,219.1108345433173,72.49576826321906,65.42056074766357,67.57247889486091,-34.57943925233643,True,False,False,567,421,13,2,108334.14558,192924.96493000002,-0.2807909085530945,3,2,0.3101529902642559,1
1777593600000,0.000719,0.001,0.000717,0.000942,20819837.65,2026-05-01,0.3101529902642559,0.2701439168553163,0.3101529902642559,0.1335776456384592,2.551997336641347,0.0997434208488869,1.9055953796551173,0.0800422091545661,1.52920425872913,0.0639072257327382,1.220945833283415,0.0007192,0.0007598931739113,0.0006763,0.0007031956804508,0.00062975,0.0006761322292298,0.0007124799999999,0.0007870989878476,0.00113417,0.0011315643564294,0.4604651162790698,46.04651162790699,0.5493421052631577,54.93421052631579,0.658450704225352,65.8450704225352,92.92307692307696,88.73873873873876,64.3524699599466,0.0006919855068372,0.0006824113132513,9.574193585878054e-06,-2.66913246467672e-05,3.626551823264525e-05,3.849842699856184,0.00062975,8.534134248320648e-05,0.0008004326849664,0.0004590673150335,0.5420648986626849,1.4147090698199551,9.757142857142855e-05,10.357901122232333,7.278571428571428e-05,7.726721261753108,6.723809523809524e-05,7.137802042260641,11548904.023,1.8027544092960377,-582730353.2700001,0.0025309553009034,52.58353825108629,370.3354601701468,75.71931246791834,86.22327790973871,72.5662948429873,-13.77672209026128,True,False,False,567,421,13,2,108334.14558,192924.96493000002,-0.2807909085530945,3,2,0.07749469214437377,1
1777680000000,0.000942,0.001357,0.000861,0.001015,18209479.62,2026-05-02,0.0774946921443737,0.0746386168995247,0.0774946921443737,0.1239020787899869,2.367145891552788,0.0967440246684445,1.8482919960879405,0.0785827438568727,1.5013212133675211,0.0647049715387177,1.2361867455067568,0.0007942,0.0008449287826075,0.0007184,0.0007598873749143,0.0006535,0.0007084053502555,0.00071688,0.0007960364200322,0.00112098,0.0011292470540819,0.5859375,58.59375,0.7087542087542087,70.87542087542089,0.8796296296296298,87.96296296296298,98.6842105263158,90.85603112840468,71.61290322580646,0.0007416800442468,0.0007070475122833,3.4632531963526766e-05,-1.44265533247084e-05,4.9059085288235166e-05,4.833407417560115,0.0006535,0.000118646090272,0.000890792180544,0.0004162078194559,0.726219374274022,1.2617191581517635,0.000163,16.059113300492612,0.0001067142857142,10.513722730471498,8.933333333333334e-05,8.801313628899836,12028751.6895,1.5138295385958638,-564520873.6500001,0.0025225799283391,59.35377644572124,391.434603085903,81.4382666614469,56.04113110539847,69.22832325426693,-43.95886889460153,True,False,False,567,421,13,2,108334.14558,192924.96493000002,-0.2807909085530945,3,2,-0.11330049261083752,0
1777766400000,0.001015,0.001099,0.00089,0.0009,11790573.19,2026-05-03,-0.1133004926108375,-0.120249128151577,0.1133004926108375,0.1546750373729777,2.9550624397821443,0.1111012314848329,2.122586047176403,0.0852491326556816,1.628682392539839,0.0668837718601878,1.2778126672011298,0.0008454,0.0008632858550717,0.0007467,0.0007853623976571,0.000671,0.000726652459755,0.0007187599999999,0.0008001134834726,0.0011046,0.0011246899725191,0.3975155279503104,39.751552795031046,0.458670988654781,45.867098865478106,0.6363636363636362,63.636363636363626,76.53061224489795,75.4442649434572,68.18181818181817,0.0007660369605166,0.0007213402891585,4.4696671358036974e-05,-2.601908388159323e-06,4.7298579746196295e-05,5.255397749577366,0.000671,0.0001280185019522,0.0009270370039045,0.0004149629960954,0.7631505332474114,0.94720098366213,0.0001848571428571,20.53968253968254,0.0001195714285714,13.285714285714285,9.714285714285712e-05,10.79365079365079,12378337.4885,0.952516701128398,-576311446.8400002,0.0025167819084354,66.14126912581068,202.9243092089673,76.90089388730107,41.18404118404119,61.14948339972613,-58.815958815958815,False,False,True,567,421,13,2,108334.14558,192924.96493000002,-0.2807909085530945,3,2,-0.1677777777777778,0
1777852800000,0.0009,0.000977,0.00073,0.000749,10397020.22,2026-05-04,-0.1677777777777778,-0.1836557798070913,0.1677777777777778,0.1905198390906943,3.6398764150459257,0.1294883984909547,2.473872379584198,0.0955049618071856,1.824619733362017,0.0711674995639982,1.3596531700694725,0.000865,0.0008251905700478,0.0007568,0.0007787510526285,0.0006814,0.0007287807969212,0.0007177,0.0007981090046545,0.00108989,0.0011172224004576,0.1505376344086022,15.053763440860216,0.1558641975308641,15.586419753086414,0.3844731977818854,38.44731977818853,58.24175824175824,59.54606141522029,58.3596214511041,0.0007634158896678,0.0007233891566292,4.002673303862413e-05,5.92381989719737e-06,3.4102913141426764e-05,4.55312592008368,0.0006814,0.0001253220692959,0.0009320441385919,0.000430755861408,0.7356740199352855,0.6348525450859487,0.0002157142857142,28.80030516879649,0.0001323571428571,17.671180621781424,0.0001056666666666,14.107699154428127,12678398.801,0.8200578308973797,-586708467.0600002,0.0025112332015362,69.66647726060752,84.09715353335528,71.59972879333824,21.750321750321756,39.65849801325381,-78.24967824967824,False,True,False,567,421,13,2,108334.14558,192924.96493000002,-0.2807909085530945,3,2,0.16154873164218952,1
1777939200000,0.000749,0.000925,0.000701,0.00087,13135323.81,2026-05-05,0.1615487316421895,0.1497542281314098,0.1615487316421895,0.1967912688137774,3.759691911671458,0.1368544141960345,2.61459991203301,0.0972374261307759,1.857718417790061,0.0746356710794958,1.4259124938377683,0.0008952,0.0008401270466985,0.0007775,0.0007953417703324,0.0006941499999999,0.0007422302448335,0.00071864,0.000800928297868,0.00107857,0.0011123087407268,0.2100139082058414,21.00139082058414,0.3122171945701357,31.221719457013585,0.4146341463414635,41.463414634146346,64.58055925432757,65.09216589861751,64.38095238095238,0.0007798134451036,0.0007342492191059,4.556422599767153e-05,1.3851901117292204e-05,3.1712324880379323e-05,3.645094813836704,0.0006941499999999,0.0001310517274329,0.0009562534548658,0.0004320465451341,0.7551781455473168,0.8354591416774987,0.000237,27.241379310344826,0.0001433571428571,16.47783251231527,0.0001149523809523,13.212917350848386,12247203.433,1.0725161774162228,-573573143.2500002,0.0025043295575832,72.82993199893849,79.63002884625259,73.71786101734642,36.67100130039013,33.20178807825102,-63.32899869960988,False,True,False,567,421,13,2,108334.14558,192924.96493000002,-0.2807909085530945,3,2,-0.0045977011494252595,0
1778025600000,0.00087,0.000895,0.000801,0.000866,8793642.96,2026-05-06,-0.0045977011494252,-0.0046083030861942,0.0045977011494252,0.1347924555581282,2.575206247568792,0.1358901308000843,2.5961773036207245,0.0965665300515921,1.8449009661943483,0.0743762646145992,1.4209565402846145,0.00088,0.0008487513644656,0.0007995999999999,0.0008081887211811,0.0007077499999999,0.0007540178405636,0.00071872,0.0008034801628004,0.00106497,0.0011074136001162,-0.0806794055201698,-8.067940552016985,0.3426356589147288,34.26356589147288,0.4579124579124578,45.791245791245785,60.69868995633188,65.85081585081585,65.8869395711501,0.0007930729150876,0.0007440085362131,4.9064378874511655e-05,2.08943966687361e-05,2.8169982205775555e-05,3.2528847812673853,0.0007077499999999,0.0001341875651152,0.0009761251302305,0.0004393748697694,0.7583896297579624,0.7948298522743615,0.0002421428571428,27.96106895414055,0.0001477857142857,17.06532497525569,0.0001139047619047,13.152974815792367,12320973.4015,0.7137133303874701,-582366786.2100003,0.002499799826398,77.11827233507294,80.72435738971532,76.94172469686694,35.732984293193724,31.384769114635205,-64.26701570680628,False,False,True,567,421,13,2,108334.14558,192924.96493000002,-0.2807909085530945,3,2,-0.105080831408776,0
1778112000000,0.000866,0.000883,0.000775,0.000775,7261398.45,2026-05-07,-0.105080831408776,-0.1110218792090881,0.105080831408776,0.1300386760086105,2.484385416797567,0.1428188505420835,2.7285503084255422,0.1007157707685288,1.924172098786146,0.0759159738437115,1.4503726438034017,0.000832,0.0008241675763104,0.0008131,0.0008021544082391,0.0007166,0.0007560161414623,0.00071708,0.0008023632795939,0.00105062,0.0011008076870616,-0.2364532019704434,-23.64532019704434,0.2109374999999997,21.093749999999982,0.2959866220735785,29.59866220735785,34.95495495495496,58.53131749460043,60.16260162601626,0.0007902924666126,0.0007463042001982,4.398826641441376e-05,2.5513170617871635e-05,1.8475095796542128e-05,2.383883328586081,0.0007166,0.0001323931147835,0.0009813862295671,0.0004518137704328,0.7390070599139449,0.6102776381072833,0.0002372857142857,30.61751152073733,0.0001507142857142,19.447004608294936,0.0001169523809523,15.090629800307218,12192071.9555,0.595583628156352,-589628184.6600003,0.0024959808395891,77.56959406299042,49.06847971509238,73.00147580873157,21.774193548387093,31.39272638065698,-78.22580645161291,False,True,False,567,421,13,2,108334.14558,192924.96493000002,-0.2807909085530945,3,2,0.032258064516129226,1
1778198400000,0.000775,0.000902,0.000742,0.0008,9950626.29,2026-05-08,0.0322580645161292,0.0317486983145804,0.0322580645161292,0.127428048206197,2.434509442663742,0.1426154001350587,2.724663393856985,0.1006204774680814,1.9223515228373835,0.0760325913532475,1.452600618194769,0.000812,0.0008161117175403,0.0008287,0.0008017626976501,0.00072685,0.0007602050803707,0.00071574,0.0008022706008404,0.00103334,0.0010948302867285,-0.111111111111111,-11.111111111111104,0.2422360248447204,24.22360248447205,0.3445378151260503,34.45378151260503,28.796844181459576,58.26086956521738,61.53161175422974,0.0007917859332876,0.0007502816668515,4.15042664360266e-05,2.8711389781502627e-05,1.2792876654523976e-05,1.599109581815497,0.00072685,0.0001304039372185,0.000987657874437,0.0004660421255629,0.7176387822441938,0.6402373301762463,0.0002197142857142,27.46428571428571,0.0001586428571428,19.830357142857142,0.0001217619047619,15.220238095238097,12441545.1475,0.7997902328071748,-579677558.3700004,0.0024907867997883,77.61536510685856,44.8717948717949,73.42582963235076,25.134408602150543,27.54719548124379,-74.86559139784946,True,True,False,567,421,13,2,108334.14558,192924.96493000002,-0.2807909085530945,3,2,0.03749999999999987,1
1778284800000,0.0008,0.000897,0.00079,0.00083,11768718.98,2026-05-09,0.0374999999999998,0.0368139731227161,0.0374999999999998,0.0957199802884303,1.8287276556782268,0.1424545371374146,2.7215901106022176,0.1003230966299943,1.9166700699031076,0.0758924192826864,1.4499226345468792,0.0008282,0.0008207411450268,0.0008466,0.0008068967526228,0.0007391,0.0007668522155735,0.0007158,0.0008033580409105,0.00102002,0.0010895681634704,0.1081441922563417,10.81441922563418,0.2749615975422428,27.49615975422428,0.4188034188034188,41.880341880341874,41.70616113744077,58.93048128342246,59.96292863762744,0.0007976650204741,0.0007561867285681,4.1478291905949457e-05,3.1264770206392e-05,1.021352169955746e-05,1.2305447830792122,0.0007391,0.0001278600797747,0.0009948201595494,0.0004833798404505,0.6919771601932316,0.6777333475784039,0.0001641428571428,19.776247848537,0.0001635714285714,19.70740103270224,0.0001258571428571,15.163511187607574,12681372.485,0.928031961360687,-567908839.3900003,0.0024847736050506,76.29217454030936,52.047455032529705,74.05199717989112,29.166666666666668,25.358422939068102,-70.83333333333334,False,False,True,567,421,13,2,108334.14558,192924.96493000002,-0.2807909085530945,3,2,0.049397590361445864,1
1778371200000,0.00083,0.000961,0.00083,0.000871,21602220.82,2026-05-10,0.0493975903614458,0.0482162760618592,0.0493975903614458,0.0631112340945961,1.2057384343895496,0.1404472392803487,2.6832407388896558,0.1004657232254592,1.9193949471834408,0.0760983968599694,1.4538578306354275,0.0008284,0.0008374940966845,0.0008618,0.0008185518885096,0.00075235,0.0007767710521855,0.00071702,0.0008060106964098,0.00100578,0.0010852255535633,0.0011494252873562,0.1149425287356349,0.211404728789986,21.140472878998608,0.4372937293729373,43.72937293729374,69.55128205128204,61.79540709812109,62.602365787079165,0.0008089473250165,0.0007646914153434,4.425590967312859e-05,3.3862998099739314e-05,1.0392911573389274e-05,1.1932160244993426,0.00075235,0.0001270695106086,0.0010064890212172,0.0004982109787827,0.6755872166337568,0.7334352265774136,0.000153,17.56601607347876,0.0001689285714285,19.39478432015745,0.0001307142857142,15.00738067902247,13534304.176999995,1.5961087129038007,-546306618.5700003,0.0024741700201342,73.59848764117825,71.80663036209042,79.88975131430662,34.67741935483871,29.65949820788531,-65.32258064516128,True,False,False,567,421,13,2,108334.14558,192924.96493000002,-0.2807909085530945,3,2,-0.09299655568312282,0
1778457600000,0.000871,0.000871,0.000699,0.00079,39217025.95,2026-05-11,-0.0929965556831228,-0.0976090313914355,0.0929965556831228,0.0763733710058449,1.4591112043160728,0.1033397044487921,1.9743022813593556,0.1037063461694951,1.981306961598054,0.0773132761297168,1.4770680664942608,0.0008132,0.000821662731123,0.0008466,0.0008133606360533,0.00076145,0.0007780309519774,0.00071676,0.0008053828192189,0.00099206,0.0010793602702317,-0.0877598152424942,-8.775981524249422,-0.1613588110403396,-16.13588110403397,0.2993421052631577,29.934210526315784,35.294117647058826,57.253384912959376,58.16326530612245,0.0008060323519371,0.0007665661253185,3.946622661857833e-05,3.498364380350712e-05,4.48258281507121e-06,0.5674155462115456,0.00076145,0.0001226271520546,0.0010067043041093,0.0005161956958906,0.6441770414587928,0.5582048908451877,0.0001422857142857,18.01084990958409,0.000179,22.65822784810127,0.0001356666666666,17.172995780590718,14552642.8685,2.694838752271412,-585523644.5200003,0.0024540769262444,69.74734248250435,9.707848704093855,70.42369696891288,23.79032258064516,29.211469534050185,-76.20967741935483,False,True,False,567,421,13,2,108334.14558,192924.96493000002,-0.2807909085530945,3,2,-0.016455696202531622,0
1778544000000,0.00079,0.000807,0.00076,0.000777,8193476.54,2026-05-12,-0.0164556962025316,-0.0165925950934197,0.0164556962025316,0.0587096090098404,1.1216455052208971,0.0983956700987837,1.8798466377284255,0.1035798094402705,1.978889480780624,0.0772867260598668,1.4765608281219935,0.0008136,0.000806775154082,0.0008228,0.0008067496113163,0.0007706,0.0007779327660747,0.00071658,0.0008042697559992,0.00097927,0.001073353631892,0.0025806451612904,0.2580645161290385,-0.2344827586206896,-23.448275862068968,0.3080808080808082,30.80808080808081,34.16370106761566,56.375838926174495,57.67284991568296,0.0008015658362544,0.0007673390049247,3.4226831329714426e-05,3.483228130874858e-05,-6.054499790341552e-07,-0.077921490223186,0.0007706,0.0001161303260633,0.0010028606521266,0.0005383393478733,0.6028047031576361,0.513777624279877,0.000117,15.05791505791506,0.000177,22.77992277992278,0.0001345714285714,17.319360176503036,14638580.504499998,0.5597179683837016,-593717121.0600003,0.0024499259900664,65.70487276891704,1.0283236089688437,66.12474438037182,21.195652173913047,26.55446470313231,-78.80434782608695,False,False,True,567,421,13,2,108334.14558,192924.96493000002,-0.2807909085530945,3,2,-0.019305019305019377,0
1778630400000,0.000777,0.00082,0.000744,0.000762,9353334.62,2026-05-13,-0.0193050193050193,-0.0194937946810012,0.0193050193050193,0.0565414857305976,1.0802235681318624,0.0930436142236449,1.7775957538052465,0.1037915258658684,1.982934317412281,0.0773388878630256,1.4775573779720794,0.000806,0.0007918501027213,0.000809,0.0007986133183497,0.00077785,0.0007764153597819,0.0007161999999999,0.0008026121020746,0.00096702,0.0010671687278577,-0.0475000000000001,-4.750000000000007,-0.1533333333333333,-15.333333333333332,0.2350081037277147,23.500810372771465,46.829268292682926,55.28068506184586,57.43073047858942,0.000795478784523,0.0007669435230783,2.8535261444628856e-05,3.357287733592464e-05,-5.0376158912957805e-06,-0.6611044476766116,0.00077785,0.00011042228751,0.00099869457502,0.0005570054249799,0.5678333226714664,0.4641150342982965,0.0001144285714285,15.01687289088864,0.0001782857142857,23.39707536557931,0.0001366666666666,17.935258092738408,14625725.335,0.6395125305421305,-603070455.6800003,0.0024451956148224,61.93241391730252,-8.843288139733808,60.75235024126812,15.722379603399434,20.23611811931922,-84.27762039660057,True,True,False,567,421,13,2,108334.14558,192924.96493000002,-0.2807909085530945,3,2,0.04724409448818889,1
1778716800000,0.000762,0.000829,0.000762,0.000798,9636533.15,2026-05-14,0.0472440944881888,0.0461620417631624,0.0472440944881888,0.0586465627661196,1.1204410084258571,0.0765728795493146,1.462922809687154,0.1037407600910872,1.981964438646901,0.0775996331726578,1.482538910117989,0.0007995999999999,0.0007939000684809,0.0008139,0.0007985018059225,0.00078535,0.0007784710398027,0.0007164799999999,0.0008024312336038,0.0009561799999999,0.0010618221431417,-0.0385542168674698,-3.855421686746991,0.0654205607476634,6.5420560747663545,0.2314814814814814,23.148148148148135,49.53703703703703,53.87634936211972,57.96019900497512,0.0007958666638271,0.0007692440028508,2.6622660976305065e-05,3.2182834064000725e-05,-5.56017308769566e-06,-0.6967635448240175,0.00078535,0.0001061499807868,0.0009976499615736,0.0005730500384263,0.5406505674506367,0.5297927515064806,0.0001085714285714,13.60544217687075,0.0001729285714285,21.670247046186898,0.0001366666666666,17.12614870509607,14662128.971,0.657239693434695,-593433922.5300003,0.0024404108230584,57.173748947108606,0.933520037340723,59.05565107216748,15.045592705167175,17.321208160826558,-84.95440729483282,True,False,False,567,421,13,2,108334.14558,192924.96493000002,-0.2807909085530945,3,2,0.07017543859649122,1
1778803200000,0.000798,0.000915,0.000785,0.000854,17696029.58,2026-05-15,0.0701754385964912,0.067822596338761,0.0701754385964912,0.0640755820534392,1.2241622762741722,0.0599982945861081,1.146265808585912,0.1044585936352638,1.995678629252184,0.0779325540694384,1.4888993549202274,0.0007962,0.0008139333789872,0.0008123,0.0008085923866638,0.0007949,0.0007856642741072,0.00071848,0.0008044535566764,0.00094601,0.0010576943585005,-0.0195177956371985,-1.95177956371986,-0.0183908045977011,-1.8390804597701096,0.2880844645550529,28.80844645550529,54.95867768595042,44.83568075117371,59.761904761904766,0.0008048102540076,0.0007755222248631,2.928802914442009e-05,3.16038730800846e-05,-2.315843935664503e-06,-0.2711761048787474,0.0007949,0.0001031115389938,0.0010011230779876,0.0005886769220123,0.518865462291301,0.6432914312420734,0.0001042857142857,12.211441953830713,0.000162,18.969555035128806,0.0001405238095238,16.45477863276458,15077838.057,1.1736450221246728,-575737892.9500003,0.0024319877493084,51.40514568872326,39.68473549421485,58.23094508824446,23.556231003039528,18.108067770535385,-76.44376899696047,True,False,False,567,421,13,2,108334.14558,192924.96493000002,-0.2807909085530945,3,2,0.042154566744730504,1
1778889600000,0.000854,0.000952,0.000816,0.00089,8965502.06,2026-05-16,0.0421545667447305,0.0412902689376154,0.0421545667447305,0.040345777424922,0.7708049954092101,0.061420994390233,1.173446450179146,0.1040430534852927,1.9877397458340405,0.0780575170620892,1.4912867695426326,0.0008162,0.0008392889193248,0.0008147,0.0008233937709068,0.00080715,0.0007956010099065,0.00072082,0.0008078083486585,0.00093814,0.0010543637962579,0.1265822784810126,12.65822784810126,0.0277136258660506,2.771362586605073,0.3798449612403101,37.98449612403101,54.00843881856538,42.33128834355828,61.54446177847113,0.0008179163687756,0.00078400206006,3.3914308715568857e-05,3.206596020718145e-05,1.8483485083874049e-06,0.207679607683978,0.00080715,9.88301440270871e-05,0.0010048102880541,0.0006094897119458,0.4897733706353819,0.7095767460818749,0.0001084285714285,12.182985553772074,0.0001362857142857,15.31300160513644,0.0001451904761904,16.313536650615305,15023562.967000002,0.5967627040065774,-566772390.8900003,0.002427847126953,46.89224872919954,63.45162268729141,55.11411011824735,47.75,28.78394123606891,-52.25,True,False,False,567,421,13,2,108334.14558,192924.96493000002,-0.2807909085530945,3,2,-0.038202247191011174,0
1778976000000,0.00089,0.000892,0.000856,0.000856,7084165.08,2026-05-17,-0.0382022471910111,-0.0389510865844433,0.0382022471910111,0.0465890864664789,0.8900832471685354,0.0509057353218474,0.972552707754272,0.1047083311164499,2.000449857130922,0.0782998583167852,1.495916692712684,0.000832,0.0008448592795498,0.0008227999999999,0.0008293221761964,0.0008179499999999,0.0008013532946773,0.00072232,0.0008096982333046,0.00092851,0.0010504243432743,0.1016731016731016,10.167310167310164,0.104516129032258,10.451612903225808,0.3374999999999999,33.749999999999986,67.36842105263158,47.002724795640326,59.24207269914926,0.000823775388964,0.0007893352407973,3.4440148166711595e-05,3.2540797799087484e-05,1.8993503676241108e-06,0.2218867251897325,0.0008179499999999,9.110287707048576e-05,0.0010001557541409,0.000635744245859,0.4455180735765549,0.6044149241592036,9.485714285714288e-05,11.08144192256342,0.0001239285714285,14.477636849132178,0.000144238095238,16.850244770805517,14744184.938499998,0.4804718002079475,-573856555.9700004,0.0024245530210955,42.18957304025745,40.35131328196195,57.0099347269415,56.4748201438849,42.59368371564148,-43.52517985611511,False,False,True,567,421,13,2,108334.14558,192924.96493000002,-0.2807909085530945,3,2,-0.06074766355140182,0
1779062400000,0.000856,0.000865,0.000795,0.000804,4974770.28,2026-05-18,-0.0607476635514018,-0.0626711069627756,0.0607476635514018,0.0577672831292958,1.1036423945514169,0.0549608838623284,1.050026211838948,0.1062183702012778,2.02929911333907,0.0786952572334318,1.5034707784084609,0.0008404,0.0008312395196999,0.0008232,0.0008247181441607,0.00082595,0.0008016053618509,0.0007222,0.0008094747713612,0.0009186099999999,0.0010455307030732,0.0551181102362206,5.511811023622053,0.0049999999999998,0.4999999999999985,0.2484472049689441,24.844720496894407,55.89519650655022,54.330708661417326,55.93607305936073,0.000820733021431,0.0007904215192569,3.031150217415175e-05,3.2094938674100336e-05,-1.7834364999485855e-06,-0.2218204601926101,0.00082595,8.154783872055546e-05,0.0009890456774411,0.0006628543225588,0.3949286940882884,0.4327082104676699,8.028571428571428e-05,9.985785358919689,0.0001112857142857,13.841506751954514,0.0001460952380952,18.17104951433309,14083526.884,0.3532332718199823,-578831326.2500004,0.0024221789740009,38.97899385132363,-16.702565846653933,58.72753029660685,40.07633587786261,48.100385340582505,-59.9236641221374,False,True,False,567,421,13,2,108334.14558,192924.96493000002,-0.2807909085530945,3,2,0.07711442786069655,1
1779148800000,0.000804,0.000903,0.000792,0.000866,8711444.69,2026-05-19,0.0771144278606965,0.0742856393834688,0.0771144278606965,0.0635611384068343,1.2143338442059726,0.0590866354859267,1.1288485859326194,0.1070715516713419,2.0455991224376606,0.0793803745124187,1.5165599256449214,0.000854,0.0008428263464666,0.0008268,0.0008322239361315,0.0008366999999999,0.0008077381845318,0.00072308,0.0008116914642812,0.00090977,0.0010419656781195,0.0852130325814537,8.521303258145368,0.0433734939759036,4.337349397590362,0.3302611367127497,33.02611367127496,68.84057971014494,49.65277777777778,57.45775165319618,0.0008276971719801,0.0007960199252387,3.167724674141205e-05,3.201140028756268e-05,-3.341535461506278e-07,-0.038585859832636,0.0008366999999999,7.072414908043515e-05,0.0009781482981608,0.0006952517018391,0.3381099513825034,0.6035714122437761,8.942857142857145e-05,10.326624876278458,0.0001032142857142,11.918508742989111,0.0001478095238095,17.06807434290113,13424669.174,0.648913174476712,-570119881.5600003,0.0024181222386242,35.119124304702574,9.6933342026905,57.72255232151917,63.74045801526718,53.43053801233824,-36.25954198473282,True,True,False,567,421,13,2,108334.14558,192924.96493000002,-0.2807909085530945,3,2,-0.06004618937644335,0
1779235200000,0.000866,0.000899,0.000806,0.000814,8510721.81,2026-05-20,-0.0600461893764433,-0.0619245425598947,0.0600461893764433,0.0635673443586653,1.2144524087492252,0.0602462959261399,1.1510038675344716,0.1065231040248696,2.035121044864166,0.0798953047146611,1.5263976533455237,0.000846,0.000833217564311,0.0008211,0.0008289104931985,0.00084145,0.0008083345479097,0.0007229,0.000811781995772,0.00090144,0.0010374391084263,-0.0468384074941451,-4.68384074941452,-0.0654420206659012,-6.544202066590123,0.1321279554937413,13.212795549374135,52.73972602739728,45.833333333333336,56.057347670250905,0.0008255899147524,0.0007973517826286,2.8238132123789106e-05,3.125674665480797e-05,-3.018614531018863e-06,-0.3708371659728333,0.00084145,6.539231807446205e-05,0.0009722346361489,0.000710665363851,0.3108553952080911,0.3950564806070084,9.185714285714288e-05,11.284661284661286,0.0001031428571428,12.671112671112676,0.0001494761904761,18.363168363168363,12803592.2875,0.6647135912246223,-578630603.3700002,0.0024141439036643,31.25925475808153,-18.168604651162845,52.61925611946493,43.89312977099238,49.23664122137407,-56.10687022900761,False,False,True,567,421,13,2,108334.14558,192924.96493000002,-0.2807909085530945,3,2,0.019656019656019597,1
1779321600000,0.000814,0.000868,0.000807,0.00083,5903443.33,2026-05-21,0.0196560196560195,0.0194653347881032,0.0196560196560195,0.0598201949609766,1.142863220025379,0.051946556137292,0.9924375615128468,0.0801803754430831,1.531843921964874,0.079920331381351,1.5268757871412828,0.000834,0.000832145042874,0.0008250999999999,0.0008291085853442,0.00083585,0.0008103979242992,0.00072284,0.0008124964324535,0.00089366,0.0010333203457891,-0.0674157303370786,-6.741573033707859,0.0506329113924051,5.063291139240506,-0.1188959660297239,-11.8895966029724,45.23809523809523,55.00910746812387,56.75675675675676,0.0008262683894059,0.0007997701691009,2.649822030499865e-05,3.0305041384846107e-05,-3.8068210798474544e-06,-0.4586531421502957,0.00083585,6.097477908286547e-05,0.0009577995581657,0.0007139004418342,0.2917977105120081,0.4760146732469102,9.100000000000002e-05,10.96385542168675,9.97857142857143e-05,12.0223752151463,0.000145619047619,17.544463568559955,12057772.5715,0.4895965067340464,-572727160.0400002,0.0024113879551805,27.468414019872363,-21.91205162839584,52.97464289610263,50.0,52.54452926208652,-50.0,False,False,True,567,421,13,2,108334.14558,192924.96493000002,-0.2807909085530945,3,2,0.04578313253012034,1
1779408000000,0.00083,0.000943,0.00083,0.000868,10434867.02,2026-05-22,0.0457831325301203,0.0447660138697064,0.0457831325301203,0.062510430445643,1.1942600967931345,0.0526596099702562,1.0060604358636327,0.0788023838738865,1.505517430000627,0.0801012235355544,1.5303317268948249,0.0008364,0.0008440966952493,0.0008342,0.0008361797516452,0.0008285,0.0008158838362707,0.0007238,0.0008146730580004,0.0008867399999999,0.0010300380381549,0.0140186915887849,1.4018691588785008,0.117117117117117,11.711711711711704,-0.1448275862068966,-14.482758620689664,45.669291338582674,56.04982206405693,57.77777777777777,0.0008326886371896,0.0008048242306495,2.786440654002566e-05,2.9816914415882024e-05,-1.952507875856365e-06,-0.2249433036700881,0.0008285,4.501403289962432e-05,0.0009185280657992,0.0007384719342007,0.217327859503316,0.7193760337364128,8.857142857142859e-05,10.204081632653065,9.642857142857145e-05,11.10928242264648,0.0001375238095238,15.843756857581743,11669041.9415,0.8942351113581349,-562292293.0200002,0.0024066794404789,25.347231123846807,83.07755269081231,53.32930293204642,64.50381679389311,52.79898218829518,-35.4961832061069,True,False,False,567,421,13,2,108334.14558,192924.96493000002,-0.2807909085530945,3,2,-0.0518433179723502,0
1779494400000,0.000868,0.000888,0.000823,0.000823,6802705.35,2026-05-23,-0.0518433179723502,-0.0532355139832803,0.0518433179723502,0.0602791562718794,1.1516316635583297,0.0557497419838212,1.0650973250885865,0.0754761683458051,1.441970171563883,0.0793879948926799,1.5167055128053903,0.0008401999999999,0.0008370644634995,0.0008402999999999,0.0008337834331643,0.00082465,0.0008165615661497,0.00072532,0.0008149996069156,0.0008797,0.0010259276727489,0.0236318407960198,2.36318407960198,0.0800524934383202,8.005249343832016,-0.0855555555555556,-8.555555555555559,43.77358490566037,49.39341421143847,55.81867388362652,0.0008311980776219,0.0008061705839349,2.5027493687029248e-05,2.8859030270111476e-05,-3.831536583082225e-06,-0.4655573004960176,0.00082465,4.175148910037807e-05,0.0009081529782007,0.0007411470217992,0.2025173787685833,0.4901201128657161,7.842857142857144e-05,9.52959555632703,9.342857142857144e-05,11.352195799340397,0.000117,14.216281895504256,11419648.5495,0.5957018134588609,-569094998.3700002,0.0024035540611688,23.17236216124084,27.08944510330212,47.81086165246482,47.32824427480914,53.94402035623409,-52.67175572519086,False,True,False,567,421,13,2,108334.14558,192924.96493000002,-0.2807909085530945,3,2,-0.012150668286755706,0
1779580800000,0.000823,0.000875,0.000801,0.000813,6798444.11,2026-05-24,-0.0121506682867557,-0.0122250911292591,0.0121506682867557,0.0453777246012659,0.8669402112289775,0.0543850193867068,1.0390243364800238,0.0647083434100559,1.236251165018223,0.0778134986386091,1.4866248041079495,0.0008296,0.0008290429756663,0.0008418,0.0008300046271344,0.00082785,0.0008162223693735,0.00072822,0.0008149211904574,0.00087187,0.0010217005957768,-0.0612009237875288,-6.120092378752886,0.018796992481203,1.8796992481203056,0.0854472630173566,8.544726301735652,52.01793721973095,44.68864468864469,53.309859154929576,0.0008283983733724,0.0008066764666064,2.172190676595718e-05,2.743160556928062e-05,-5.70969880332344e-06,-0.7022999758085412,0.00082785,3.7925515643637984e-05,0.0009037010312872,0.0007519989687127,0.1832482485650202,0.4021107574414018,8.385714285714288e-05,10.314531716745742,8.935714285714288e-05,10.991038481813392,0.0001105714285714,13.6004217185029,11239719.744,0.6048588634631352,-575893442.4800003,0.002400413175515,19.63855831204341,-12.006641972154693,37.69145654009163,45.05928853754942,52.29711653541724,-54.94071146245059,False,True,False,567,421,13,2,108334.14558,192924.96493000002,-0.2807909085530945,3,2,-0.019680196801968086,0
1779667200000,0.000813,0.00085,0.000781,0.000797,7212434.81,2026-05-25,-0.019680196801968,-0.0198764307575956,0.019680196801968,0.0375454044030276,0.7173039439472039,0.0492702858048528,0.9413074886037706,0.0535102433772168,1.0223117642849844,0.0779031577259171,1.4883377385658243,0.0008262,0.0008183619837775,0.0008361,0.0008240037858372,0.0008242,0.0008143916675284,0.0007306999999999,0.0008142183943635,0.00086376,0.0010172400245895,-0.0208845208845209,-2.088452088452099,-0.0667447306791569,-6.674473067915701,-0.0839080459770115,-8.390804597701154,30.508474576271155,50.727650727650726,44.02308326463314,0.000823567854392,0.0008059596913022,1.7608163089832232e-05,2.546691707339094e-05,-7.858753983558709e-06,-0.986041905088922,0.0008242,3.716053367689464e-05,0.0008985210673537,0.0007498789326462,0.180347166594975,0.317010163009901,8.371428571428573e-05,10.503674493636856,8.200000000000001e-05,10.288582183186954,0.0001020952380952,12.809942044571908,10943575.294,0.6590565346550262,-583105877.2900002,0.0023970517436036,19.511313894568826,-58.2713641350728,47.07310269743239,25.48076923076922,39.28943401437593,-74.51923076923079,False,True,False,567,421,13,2,108334.14558,192924.96493000002,-0.2807909085530945,3,2,-0.007528230865746499,0
1779753600000,0.000797,0.00081,0.000775,0.000791,4537951.85,2026-05-26,-0.0075282308657464,-0.0075567110225611,0.0075282308657464,0.0352238050332482,0.6729498502655324,0.0463140656293382,0.8848289814525219,0.0535188857704417,1.022476876975709,0.076205428213295,1.4559026617695487,0.0008184,0.0008092413225183,0.0008262,0.0008180030975032,0.00082045,0.0008121638896686,0.00073146,0.0008133078637279,0.0008552799999999,0.0010127491148652,-0.0469879518072289,-4.698795180722888,-0.1112359550561796,-11.123595505617969,-0.0866050808314087,-8.660508083140876,41.22137404580151,51.47679324894515,40.22687609075043,0.0008185574152548,0.0008048515660204,1.3705849234334254e-05,2.3114703505579603e-05,-9.408854271245349e-06,-1.1894885298666686,0.00082045,3.649870221188176e-05,0.0008934474044237,0.0007474525955762,0.1779447971814576,0.2982804989268024,7.285714285714286e-05,9.210763951598338,8.114285714285717e-05,10.25826259707423,9.309523809523812e-05,11.769309493708988,10730790.7385,0.4228907226490502,-587643829.1400002,0.0023949210428568,19.33929052589222,-89.62005483744625,48.42612470007796,22.596153846153864,31.04540387149084,-77.40384615384613,False,True,False,567,421,13,2,108334.14558,192924.96493000002,-0.2807909085530945,3,2,-0.025284450063211228,0
1779840000000,0.000791,0.000809,0.00077,0.000771,5145434.05,2026-05-27,-0.0252844500632112,-0.0256095942043244,0.0252844500632112,0.0173552462016653,0.3315715131204016,0.0456389769290908,0.8719314299438574,0.0482323593009471,0.921477930589506,0.0761219707860638,1.45430820986108,0.000799,0.0007964942150122,0.0008177,0.0008094570797753,0.00082025,0.0008082435192239,0.0007323399999999,0.0008116487224218,0.00084663,0.0010079505779822,-0.1117511520737326,-11.175115207373269,-0.0992990654205607,-9.929906542056075,-0.0051612903225806,-0.5161290322580632,28.148148148148124,50.93945720250522,43.86298763082778,0.000811240889831,0.0008023440426113,8.896847219641763e-06,2.027113224839204e-05,-1.1374285028750271e-05,-1.4752639466602169,0.00082025,3.677080506674943e-05,0.0008937916101334,0.0007467083898665,0.1793151115720788,0.1651555499628214,6.514285714285716e-05,8.449138410227906,7.850000000000001e-05,10.181582360570689,9.047619047619048e-05,11.73491445864987,10624992.5185,0.4842764868813681,-592789263.1900002,0.0023924989193247,19.5793528123233,-101.46141673647946,50.07752200061506,4.7368421052631575,17.604588394062088,-95.26315789473684,False,True,False,567,421,13,2,108334.14558,192924.96493000002,-0.2807909085530945,3,2,-0.03891050583657585,0
1779926400000,0.000771,0.000804,0.000725,0.000741,11698245.25,2026-05-28,-0.0389105058365758,-0.0396877482672425,0.0389105058365758,0.0122501601450476,0.2340389809549882,0.0433794919717572,0.8287640304457172,0.0484183191522537,0.9250306885602604,0.0757351351105413,1.4469177246572662,0.0007825999999999,0.0007779961433415,0.0008114,0.000797010337998,0.0008173,0.0008018393745359,0.0007335599999999,0.000808878169214,0.00083838,0.0010026520615601,-0.0996354799513972,-9.963547995139724,-0.0783582089552239,-7.83582089552239,-0.0737499999999999,-7.375000000000003,0.0,43.97463002114165,49.56989247311828,0.0008004345990877,0.0007978000394546,2.6345596331458707e-06,1.6743817725342804e-05,-1.4109258092196932e-05,-1.904083413251948,0.0008173,4.0643637425206216e-05,0.0008985872748504,0.0007360127251495,0.1989166153197415,0.0306768486186194,6.771428571428575e-05,9.138230190861774,7.935714285714288e-05,10.709465972623873,8.90952380952381e-05,12.02364886575413,10712373.4665,1.0920311251827657,-604487508.4400002,0.002386928365516,19.148161592343467,-139.6303210723718,41.43729184129978,7.048458149779761,11.460484700398933,-92.95154185022024,False,True,False,567,421,13,2,108334.14558,192924.96493000002,-0.2807909085530945,3,2,0.010796221322536992,1
1780012800000,0.000741,0.000785,0.000728,0.000749,8413687.32,2026-05-29,0.0107962213225369,0.0107383582211324,0.0107962213225369,0.0188040604617547,0.3592510706943062,0.0328284249018367,0.6271861771120839,0.0476127234800434,0.909639804853154,0.0738589975977596,1.411074167803819,0.0007698,0.0007683307622276,0.0007997,0.0007882811856347,0.00081325,0.0007968070531516,0.0007364599999999,0.0008065299934409,0.0008308699999999,0.0009976177313576,-0.0787207872078721,-7.872078720787212,-0.1351039260969977,-13.510392609699773,-0.0975903614457831,-9.759036144578314,8.888888888888872,37.64705882352939,42.59485924112607,0.0007925215838435,0.000794185221717,-1.663637873497892e-06,1.3062326605574664e-05,-1.4725964479072556e-05,-1.9660833750430649,0.00081325,4.326281373911444e-05,0.0008997756274782,0.0007267243725217,0.212789738649195,0.1287227156129774,5.971428571428574e-05,7.972534808315852,7.414285714285716e-05,9.898912836162504,8.419047619047622e-05,11.24038400406892,10544621.8835,0.7979126622990209,-596073821.1200001,0.0023829387594973,18.561103275568183,-125.30120481927705,28.26282419739782,10.572687224669618,7.452662493237518,-89.42731277533038,False,False,True,567,421,13,2,108334.14558,192924.96493000002,-0.2807909085530945,3,2,-0.024032042723631464,0
1780099200000,0.000749,0.000771,0.000731,0.000731,8019053.48,2026-05-30,-0.0240320427236314,-0.0243255237674409,0.0240320427236314,0.0191082181142653,0.3650619944863518,0.0289527094869458,0.553140738078431,0.0460815939313753,0.8803876158990999,0.0738661742819113,1.4112112781620192,0.0007566,0.0007558871748184,0.0007913999999999,0.0007778664246102,0.00080625,0.0007905397147562,0.0007392799999999,0.0008035680180379,0.00082378,0.0009923263067685,-0.082810539523212,-8.281053952321201,-0.101965601965602,-10.196560196560204,-0.1607347876004593,-16.07347876004593,8.163265306122426,30.46683046683046,41.87725631768952,0.0007830567247906,0.0007895048349228,-6.448110132193448e-06,9.16023925802104e-06,-1.560834939021449e-05,-2.135205114940423,0.00080625,4.472827317308778e-05,0.0008957065463461,0.0007167934536538,0.221907711866482,0.0794047329482159,5.614285714285716e-05,7.680281414891541,6.72857142857143e-05,9.2046120773891,8.100000000000002e-05,11.080711354309168,9865463.5165,0.8128410253190966,-604092874.6000001,0.0023791319260709,17.51286562998323,-128.00851970181037,19.568660193985608,2.7522935779816677,6.791146317477021,-97.24770642201833,False,False,True,567,421,13,2,108334.14558,192924.96493000002,-0.2807909085530945,3,2,0.008207934336525335,1
1780185600000,0.000731,0.000745,0.000726,0.000737,5995201.8,2026-05-31,0.0082079343365253,0.0081744324395581,0.0082079343365253,0.0221158209220906,0.4225221654495348,0.0278407472334342,0.5318967290539878,0.041558338968174,0.7939709511655223,0.073591346178126,1.4059606946115917,0.0007457999999999,0.0007495914498789,0.0007821,0.0007704361655902,0.0008036,0.0007854406943032,0.00074266,0.00080095749493,0.00081707,0.0009872592027652,-0.06826801517067,-6.826801517067005,-0.1120481927710843,-11.204819277108433,-0.0670886075949367,-6.708860759493669,15.909090909090937,34.30079155672823,47.45308310991958,0.0007759710748228,0.0007856155878912,-9.644513068434476e-06,5.399288792729937e-06,-1.5043801861164414e-05,-2.0412214194252933,0.0008036,4.724115066108369e-05,0.0008980823013221,0.0007091176986778,0.2351475891542245,0.1475530386749041,4.82857142857143e-05,6.551657297925956,6.607142857142859e-05,8.964915681333594,7.566666666666667e-05,10.266847580280416,8204372.3089999985,0.7307325379936023,-598097672.8000002,0.0023762829490128,16.566493658731012,-129.6059183383129,19.97705868504366,5.504587155963335,6.276522652871544,-94.49541284403666,False,True,False,567,421,13,2,108334.14558,192924.96493000002,-0.2807909085530945,3,2,-0.01085481682496603,0
1780272000000,0.000737,0.00077,0.000706,0.000729,13260190.26,2026-06-01,-0.010854816824966,-0.0109141601806784,0.010854816824966,0.0211711065176819,0.4044734220957026,0.0193743587284776,0.3701466037815352,0.0414792268629074,0.7924595165166218,0.0731830108686002,1.3981594594768825,0.0007374,0.0007427276332526,0.0007681999999999,0.000762902317301,0.0008012,0.0007800653900838,0.00074644,0.0007981356193013,0.00081034,0.0009821341172385,-0.0544747081712061,-5.447470817120614,-0.1601382488479261,-16.01382488479262,-0.0617760617760617,-6.177606177606174,15.555555555555571,38.80597014925373,45.13031550068587,0.0007687447556193,0.0007814218406398,-1.2677085020514826e-05,1.7840140300809834e-06,-1.4461099050595807e-05,-1.983689856048808,0.0008012,4.9812913142911136e-05,0.0009008258262858,0.0007015741737141,0.2486915284219229,0.1376441596937869,4.757142857142858e-05,6.52557319223986,6.564285714285716e-05,9.004507152655302,7.052380952380953e-05,9.674047945652884,8457707.995,1.5678231345701596,-611357863.0600002,0.002370012717127,15.921145039346202,-120.2256244963739,18.704681294921016,9.704641350210975,5.987174028051999,-90.29535864978902,True,True,False,567,421,13,2,108334.14558,192924.96493000002,-0.2807909085530945,3,2,-0.010973936899862924,0
1780358400000,0.000729,0.000799,0.00072,0.000721,7353062.94,2026-06-02,-0.0109739368998629,-0.0110345947237091,0.0109739368998629,0.0146241766167867,0.279394501963486,0.0150701365753545,0.2879145550088446,0.0413418394217495,0.7898347331387804,0.0732195161242465,1.3988568914067347,0.0007334,0.000735485088835,0.000758,0.0007552837141554,0.00079915,0.0007744401148378,0.00074986,0.0007951106795802,0.00080447,0.0009769522013485,-0.0269905533063428,-2.6990553306342853,-0.1239368165249088,-12.393681652490883,-0.0538057742782152,-5.380577427821525,17.948717948717942,24.199288256227742,42.29137199434229,0.0007613994086009,0.0007769461487403,-1.5546740139399493e-05,-1.6821368038151129e-06,-1.386460333558438e-05,-1.9229685624943664,0.00079915,5.229297527538122e-05,0.0009037359505507,0.0006945640494492,0.2617429782913407,0.1263838518058471,5.385714285714287e-05,7.4697840301169025,6.335714285714286e-05,8.787398454527443,7.204761904761907e-05,9.992734958060897,8357694.411,0.879795620467081,-618710926.0000002,0.0023665810060051,16.018499642751472,-95.53398058252417,16.88432437195503,6.329113924050603,7.179447476741643,-93.6708860759494,True,False,False,567,421,13,2,108334.14558,192924.96493000002,-0.2807909085530945,3,2,-0.029126213592232997,0
1780444800000,0.000721,0.000739,0.0007,0.0007,11109659.84,2026-06-03,-0.0291262135922329,-0.0295588022415443,0.0291262135922329,0.0144880203165288,0.276793239499514,0.0158923576598736,0.3036230667721266,0.0400655630418472,0.7654515071374451,0.0733280545138427,1.400930514428378,0.0007235999999999,0.00072365672589,0.0007467,0.0007452321297635,0.00079425,0.0007673505800913,0.00075304,0.0007913808330461,0.0008000899999999,0.000971456623488,-0.0654205607476635,-6.5420560747663545,-0.1389913899138991,-13.899138991389917,-0.1228070175438597,-12.280701754385964,20.28985507246378,27.19999999999997,37.55458515283842,0.0007519533457392,0.0007712464340186,-1.929308827931157e-05,-5.204327098914407e-06,-1.4088761180397169e-05,-2.0126801686281666,0.00079425,5.680333107350635e-05,0.000907856662147,0.0006806433378529,0.286072803643721,0.0851915802348113,5.385714285714285e-05,7.693877551020408,5.95e-05,8.5,7.02857142857143e-05,10.040816326530615,8431350.745500002,1.3176607373295994,-629820585.8400003,0.0023613163178709,15.575590645522544,-127.71929824561408,16.735112569748864,0.0,5.344585091420531,-100.0,False,True,False,567,421,13,2,108334.14558,192924.96493000002,-0.2807909085530945,3,2,-0.0357142857142857,0
1780531200000,0.0007,0.0007,0.000673,0.000675,7378061.98,2026-06-04,-0.0357142857142857,-0.0363676441708748,0.0357142857142857,0.0173077680644725,0.3306644445829557,0.0172012704193326,0.328629809929406,0.036322440796486,0.6939392570507854,0.0711547751774968,1.3594100710067014,0.0007124,0.00070743781726,0.0007345,0.0007324626516247,0.0007853,0.0007585552867493,0.00075424,0.000786816860043,0.00079512,0.0009655742599183,-0.0766073871409027,-7.66073871409028,-0.153074027603513,-15.30740276035131,-0.2096018735362997,-20.960187353629976,6.976744186046545,20.077220077220066,40.88748019017433,0.0007401143694717,0.0007641170685354,-2.4002699063725382e-05,-8.964001491876603e-06,-1.503869757184878e-05,-2.227955195829449,0.0007853,6.085106927222145e-05,0.0009070021385444,0.0006635978614555,0.3099506902952829,0.0468444461240055,4.642857142857141e-05,6.878306878306876,5.707142857142858e-05,8.455026455026456,6.838095238095239e-05,10.130511463844798,7915452.3655,0.9321086956644132,-637198647.8200003,0.0023577744572186,16.16962818692851,-147.00520833333323,16.714646448838423,0.7407407407407586,2.356618221597125,-99.25925925925924,False,True,False,567,421,13,2,108334.14558,192924.96493000002,-0.2807909085530945,3,2,-0.08740740740740749,0
1780617600000,0.000675,0.000675,0.000616,0.000616,10175901.76,2026-06-05,-0.0874074074074074,-0.0914657273390101,0.0874074074074074,0.0313911571524141,0.59972721531473,0.0278836659346528,0.5327166896894552,0.0378518800337357,0.7231591526505343,0.0721326879104369,1.3780930675365646,0.0006882,0.00067695854484,0.000717,0.0007112876240565,0.0007716,0.0007449785927731,0.00075468,0.0007801181331855,0.00078942,0.0009586382026875,-0.1641791044776119,-16.417910447761194,-0.2212389380530973,-22.12389380530973,-0.3078651685393258,-30.78651685393258,4.724409448818918,5.000000000000014,38.109305760709006,0.0007210198510914,0.0007531454338286,-3.2125582737218e-05,-1.3596317740944883e-05,-1.8529264996273112e-05,-3.0079975643300507,0.0007716,6.660994077853596e-05,0.000904819881557,0.0006383801184429,0.3453081429680452,-0.0839969161560187,4.6714285714285707e-05,7.583487940630797,5.321428571428572e-05,8.638682745825605,6.500000000000002e-05,10.551948051948056,7975972.3505,1.2758195882364225,-647374549.5800003,0.0023527775606958,19.038607413481568,-180.79962380266016,6.452463109076973,0.0,0.2469135802469242,-100.0,False,True,False,567,421,13,2,108334.14558,192924.96493000002,-0.2807909085530945,3,2,-0.045454545454545525,0
1780704000000,0.000616,0.000619,0.000575,0.000588,10196059.66,2026-06-06,-0.0454545454545455,-0.0465200156348929,0.0454545454545455,0.0284661084213673,0.5438442377738503,0.0286785704118513,0.5479033184026566,0.0380941288934138,0.7277873106162474,0.0724565805034961,1.3842810268383954,0.00066,0.00064730569656,0.0006987,0.0006888716924099,0.0007582,0.0007300282506043,0.00075448,0.0007725840601505,0.00078342,0.0009512844966553,-0.1934156378600824,-19.34156378600824,-0.2373540856031128,-23.735408560311285,-0.3130841121495327,-31.308411214953274,0.0,5.323193916349808,37.39130434782609,0.0007005552586158,0.0007409124387297,-4.035718011394945e-05,-1.89484902155458e-05,-2.140868989840365e-05,-3.640933656191097,0.0007582,7.51472939597125e-05,0.0009084945879194,0.0006079054120805,0.3964510364532445,-0.0662213202621993,4.7285714285714274e-05,8.041788143828958,5.171428571428572e-05,8.794946550048593,6.061904761904762e-05,10.309361839974084,8131567.0795,1.253886189502718,-657570609.2400002,0.00234767897665,22.34571307764704,-196.30562552476917,6.429007136521946,4.33333333333333,1.6913580246913675,-95.66666666666669,False,True,False,567,421,13,2,108334.14558,192924.96493000002,-0.2807909085530945,3,2,-0.001700680272108901,0
1780790400000,0.000588,0.000596,0.00058,0.000587,4815360.76,2026-06-07,-0.0017006802721089,-0.0017021280705305,0.0017006802721089,0.0311471811021101,0.5950660594184403,0.029275099216873,0.5592999852204384,0.0368677726245969,0.7043578069980682,0.072451448206173,1.384182974435712,0.0006332,0.0006272037977066,0.0006833,0.0006703495665172,0.00074735,0.0007164065124515,0.00075432,0.0007653062273295,0.00077741,0.0009440571318777,-0.1858529819694868,-18.585298196948685,-0.2078272604588394,-20.782726045883948,-0.2699004975124379,-26.990049751243788,0.0,5.511811023622045,33.893129770992346,0.0006830852188287,0.000729511517342,-4.642629851321623e-05,-2.4444051875079887e-05,-2.198224663813634e-05,-3.744846105304317,0.00074735,8.339902498479714e-05,0.0009141480499695,0.0005805519500304,0.4463719809181621,0.0193289129302458,4.685714285714283e-05,7.982477488440005,4.7571428571428565e-05,8.104161596495498,5.966666666666668e-05,10.16467915956843,8123596.603500001,0.5927621711207732,-662385970.0000002,0.002345272638549,26.61491453416325,-174.71736896197342,6.647797439133811,4.363636363636352,2.8989898989898983,-95.63636363636364,False,False,True,567,421,13,2,108334.14558,192924.96493000002,-0.2807909085530945,3,2,-0.017035775127768216,0
1780876800000,0.000587,0.000599,0.000552,0.000577,7611940.73,2026-06-08,-0.0170357751277682,-0.0171825533199967,0.0170357751277682,0.0326250734057382,0.6233011522341189,0.0269774142222317,0.5154027750342662,0.0298322407104801,0.5699441585102273,0.0724526797588558,1.3842065032166817,0.0006086,0.0006104691984711,0.0006661,0.0006533769180595,0.0007329,0.0007031297017418,0.0007541599999999,0.0007579216435212,0.00077085,0.0009367750343907,-0.1757142857142856,-17.571428571428566,-0.2296395193591455,-22.963951935914547,-0.3337182448036951,-33.37182448036951,0.0,5.6451612903225765,27.257799671592764,0.000666764415932,0.0007182143679089,-5.144995197685039e-05,-2.9845231895433997e-05,-2.16047200814164e-05,-3.744318904924852,0.0007329,8.672940374335559e-05,0.0009063588074867,0.0005594411925132,0.4733491812981612,0.0506137674446319,4.442857142857142e-05,7.699925724189153,4.6e-05,7.972270363951472,5.857142857142858e-05,10.151027482050011,8068621.405499999,0.9434004085024116,-669997910.7300003,0.002341457022555,28.788095127155163,-162.0468739939477,6.766831082343416,9.68992248062018,6.128964059196626,-90.31007751937982,True,True,False,567,421,13,2,108334.14558,192924.96493000002,-0.2807909085530945,3,2,-0.03812824956672445,0
1780963200000,0.000577,0.00058,0.000538,0.000555,10049456.91,2026-06-09,-0.0381282495667244,-0.038874152761665,0.0381282495667244,0.0326105925912859,0.6230244966624627,0.0272642132298169,0.520882062380667,0.0286499015864708,0.5473556012628173,0.0725056185648379,1.385217897684861,0.0005846,0.0005919794656474,0.0006485,0.000635490205685,0.00071995,0.0006890221110997,0.0007531399999999,0.000749963905222,0.0007642899999999,0.0009292012278229,-0.1777777777777777,-17.777777777777775,-0.2407660738714089,-24.076607387140893,-0.3181818181818181,-31.818181818181817,0.0,5.303030303030312,21.8487394957983,0.000649569890404,0.0007061244147301,-5.6554524326063145e-05,-3.518709038155983e-05,-2.136743394450332e-05,-3.849988098108705,0.00071995,9.3085967623562e-05,0.0009061219352471,0.0005337780647528,0.517180179865613,0.0569955273305671,3.914285714285715e-05,7.052767052767053,4.6500000000000005e-05,8.378378378378379,5.528571428571429e-05,9.961389961389962,8145558.1605,1.233734596449451,-680047367.6400002,0.0023363926442296,31.18381217804463,-150.67043306253245,6.603230922150772,6.273062730627337,6.775540524961294,-93.72693726937268,False,True,False,567,421,13,2,108334.14558,192924.96493000002,-0.2807909085530945,3,2,-0.021621621621621734,0
1781049600000,0.000555,0.000568,0.000522,0.000543,13505996.12,2026-06-10,-0.0216216216216217,-0.0218587938124991,0.0216216216216217,0.0173796981712694,0.332038667343753,0.0244976061219978,0.4680261078012835,0.0272014765709778,0.5196834801964856,0.0725728982047359,1.3865032734003064,0.00057,0.0005756529770982,0.0006291,0.0006186738046514,0.0007056,0.0006751152433759,0.00075184,0.0007418476473939,0.00075784,0.0009215398916898,-0.1185064935064935,-11.850649350649356,-0.2632293080054274,-26.32293080054275,-0.3457831325301205,-34.57831325301205,0.0,5.46875,22.687609075043625,0.0006331745226495,0.0006940411247497,-6.08666021001921e-05,-4.032299272528629e-05,-2.0543609374905817e-05,-3.783353476041587,0.0007056,9.725625402698898e-05,0.0009001125080539,0.000511087491946,0.5513393085430215,0.0820320203910025,4.014285714285716e-05,7.392791370691926,4.7e-05,8.655616942909763,5.3047619047619056e-05,9.76935894062966,8525685.8,1.5841536313712146,-693553363.7600002,0.0023295807988212,33.393888284099795,-137.16908910838092,6.349601561849156,7.446808510638286,7.80326457396194,-92.55319148936172,False,True,False,567,421,13,2,108334.14558,192924.96493000002,-0.2807909085530945,3,2,0.04788213627992621,1
1781136000000,0.000543,0.000598,0.000511,0.000569,22663133.04,2026-06-11,0.0478821362799262,0.0467711141923953,0.0478821362799262,0.0328623780560951,0.627834851213382,0.0345317755082325,0.6597286447541167,0.0274738987150771,0.5248880979516548,0.0728025066270873,1.3908899361499778,0.0005662,0.0005734353180655,0.0006131,0.0006096422038057,0.0006906499999999,0.0006650090297211,0.00075134,0.0007350692872167,0.0007524799999999,0.0009145465680063,-0.0323129251700681,-3.231292517006808,-0.2194787379972566,-21.947873799725663,-0.3444700460829493,-34.44700460829493,26.26262626262624,15.873015873015872,28.51919561243143,0.000623301519165,0.0006847788192125,-6.147730004748728e-05,-4.455385418972649e-05,-1.6923445857760793e-05,-2.9742435602391555,0.0006906499999999,9.390155819565908e-05,0.0008784531163913,0.0005028468836086,0.5438445417833004,0.1761235853335828,4.8714285714285735e-05,8.561385890032643,4.757142857142857e-05,8.360532262113987,5.4285714285714295e-05,9.540547326136082,9137099.101,2.48034226065466,-670890230.7200003,0.0023183611711667,35.18337529133368,-108.9204073150458,20.119934647378717,20.13888888888889,11.286253376718172,-79.86111111111111,True,True,False,567,421,13,2,108334.14558,192924.96493000002,-0.2807909085530945,3,2,-0.033391915641476144,0
1781222400000,0.000569,0.00058,0.00055,0.00055,9064458.94,2026-06-12,-0.0333919156414761,-0.0339621558998141,0.0333919156414761,0.034796014727406,0.6647769279480883,0.0343244170484588,0.6557670669426267,0.026664876148311,0.5094317435159894,0.0727664839297888,1.3902017234844164,0.0005588,0.000565623545377,0.000596,0.0005987981667501,0.000677,0.0006540557887953,0.00075,0.0007278116464414,0.00074708,0.000907315321259,-0.0630323679727425,-6.303236797274263,-0.2371705963938972,-23.717059639389728,-0.3317132442284325,-33.17132442284325,28.8888888888889,12.167300380228156,18.65079365079363,0.0006120243623704,0.0006747952029743,-6.277084060390807e-05,-4.819725147256281e-05,-1.4573589131345254e-05,-2.64974347842641,0.000677,9.3491344941343e-05,0.0008639826898826,0.0004900173101173,0.5523860853255125,0.1603963712371436,4.457142857142859e-05,8.103896103896107,4.564285714285715e-05,8.298701298701298,5.033333333333334e-05,9.151515151515152,9250186.780499998,0.9799217199709388,-679954689.6600003,0.0023139151147266,37.85497974029205,-96.0734528480931,26.108453302116946,13.541666666666693,13.70912135539796,-86.4583333333333,False,False,True,567,421,13,2,108334.14558,192924.96493000002,-0.2807909085530945,3,2,-0.0072727272727272085,0
1781308800000,0.00055,0.000565,0.000533,0.000546,12135552.07,2026-06-13,-0.0072727272727272,-0.0072993024816114,0.0072727272727272,0.0347488825703486,0.663876469351849,0.0348075572584692,0.6649974476944169,0.0267587953729921,0.5112260677840949,0.0724123750336941,1.383436482523659,0.0005526,0.0005590823635846,0.0005805999999999,0.0005891985000682,0.00066365,0.0006437647612909,0.00074796,0.0007206817575011,0.00074171,0.0009001484162205,-0.0537261698440207,-5.372616984402078,-0.2199999999999999,-21.999999999999996,-0.3284132841328413,-32.84132841328413,27.95698924731184,12.851405622489963,20.614035087719287,0.0006018667681595,0.0006652548175686,-6.338804940902738e-05,-5.123541105985573e-05,-1.2152638349171648e-05,-2.225757939408726,0.00066365,9.210193151865764e-05,0.0008478538630373,0.0004794461369626,0.5551235230537642,0.1806527342584371,4.285714285714286e-05,7.849293563579278,4.5071428571428565e-05,8.254840397697539,4.876190476190477e-05,8.930751787894646,9517042.1785,1.275139044504341,-692090241.7300004,0.0023079573044287,39.75745489676033,-93.61518276372549,25.910123042283487,12.152777777777809,15.2777777777778,-87.84722222222219,False,True,False,567,421,13,2,108334.14558,192924.96493000002,-0.2807909085530945,3,2,-0.06043956043956056,0
1781395200000,0.000546,0.000551,0.000452,0.000513,13678814.51,2026-06-14,-0.0604395604395605,-0.0623431305741356,0.0604395604395605,0.0401893362942447,0.7678161918042253,0.0365670520541689,0.6986125485670084,0.0282925165143942,0.5405277690478121,0.072807564574987,1.3909865681089202,0.0005442,0.0005437215757231,0.0005644,0.0005753442273285,0.00064945,0.0006313109745013,0.0007449599999999,0.0007125373524075,0.00073744,0.0008924693544697,-0.0756756756756757,-7.567567567567575,-0.24,-24.000000000000004,-0.35633626097867,-35.633626097867,22.41379310344827,9.420289855072454,16.49048625792811,0.0005881949576734,0.0006539766829336,-6.578172526017711e-05,-5.414467389992e-05,-1.1637051360257107e-05,-2.268431064377604,0.00064945,9.235314088634332e-05,0.0008341562817726,0.0004647437182273,0.5688083201868863,0.1306297796413726,5.471428571428572e-05,10.66555277081593,5.078571428571427e-05,9.89974937343358,4.995238095238096e-05,9.7373062285343,9840361.1635,1.3900724051407425,-705769056.2400004,0.0023011282197179,42.32467640764381,-112.8214755021588,25.20763705437481,17.579250720461097,14.424565054968538,-82.4207492795389,False,True,False,567,421,13,2,108334.14558,192924.96493000002,-0.2807909085530945,3,2,-0.04873294346978563,0
1781481600000,0.000513,0.00053,0.000464,0.000488,20192444.89,2026-06-15,-0.0487329434697856,-0.0499604393176224,0.0487329434697856,0.0430391884719229,0.8222625412101802,0.0310305233636006,0.5928373164536149,0.0287261792909357,0.5488128847604347,0.0730193969857456,1.3950336206339609,0.0005332,0.0005251477171487,0.0005516,0.0005594634587233,0.0006343,0.0006176623102631,0.00074182,0.000703731942722,0.00073378,0.000884446997456,-0.1012891344383056,-10.12891344383057,-0.2077922077922078,-20.779220779220783,-0.3830594184576485,-38.305941845764856,21.8487394957983,8.87372013651877,8.695652173913047,0.0005727803488006,0.0006416821138272,-6.890176502659449e-05,-5.70960921252549e-05,-1.1805672901339595e-05,-2.4191952666679497,0.0006343,9.27623449012194e-05,0.0008198246898024,0.0004487753101975,0.5849745855350428,0.1057128564510961,5.742857142857143e-05,11.76814988290398,5.092857142857142e-05,10.436182669789224,4.98095238095238e-05,10.20686963309914,10623085.8155,1.9008078481807495,-725961501.1300004,0.0022910782491112,46.31981209632789,-110.43144931082294,25.145233176110736,10.37463976945245,13.36888942256379,-89.62536023054754,False,False,True,567,421,13,2,108334.14558,192924.96493000002,-0.2807909085530945,3,2,0.07172131147540983,1
1781568000000,0.000488,0.000543,0.000476,0.000523,10944288.47,2026-06-16,0.0717213114754098,0.0692660582117757,0.0717213114754098,0.0527240045208837,1.007290692025958,0.0417196487392251,0.7970527700142455,0.0357360771162008,0.6827367946684095,0.073776939026429,1.4095064409998062,0.0005239999999999,0.0005244318114324,0.0005451,0.0005528337389555,0.0006219,0.0006086468521428,0.00073948,0.0006966443975247,0.00073016,0.0008772781892931,-0.0808435852372582,-8.084358523725822,-0.1105442176870747,-11.054421768707476,-0.3216601815823605,-32.16601815823606,42.95774647887326,19.06250000000001,16.666666666666686,0.0005651218336005,0.0006328908461361,-6.776901253563493e-05,-5.923067620733091e-05,-8.538336328304025e-06,-1.6325690876298329,0.0006219,9.006366169487327e-05,0.0008020273233897,0.0004417726766102,0.5792806669552871,0.2254719657772096,6.099999999999998e-05,11.66347992351816,5.0071428571428565e-05,9.57388691614313,5.133333333333333e-05,9.815168897386869,10913028.5365,1.0028644599796883,-715017212.6600003,0.0022857378475796,51.109112753829386,-87.86191464731709,25.254462180718303,24.738675958188168,17.56418881603391,-75.26132404181183,True,False,False,567,421,13,2,108334.14558,192924.96493000002,-0.2807909085530945,3,2,0.0497131931166348,1
1781654400000,0.000523,0.000563,0.000511,0.000549,10786769.72,2026-06-17,0.0497131931166348,0.0485169774446077,0.0497131931166348,0.0585044919794897,1.1177267498584058,0.045930957804905,0.8775097167437681,0.038475846950848,0.7350800238637654,0.0741253734104576,1.4161632705597622,0.0005237999999999,0.0005326212076216,0.0005413,0.000552136695509,0.0006123,0.0006029661995578,0.0007375799999999,0.0006908544069983,0.00072654,0.0008707674452987,-0.0018181818181818,-0.1818181818181862,-0.0647359454855195,-6.47359454855195,-0.2591093117408907,-25.910931174089068,42.95774647887326,26.769230769230774,21.673819742489272,0.0005626415515081,0.0006266767093852,-6.40351578770987e-05,-6.019157254128448e-05,-3.8435853358142254e-06,-0.7001066185453962,0.0006123,8.687686385728976e-05,0.0007860537277145,0.0004385462722854,0.5675444315354549,0.3178456346445092,6.185714285714284e-05,11.267239136091591,5.1e-05,9.289617486338797,5.195238095238095e-05,9.463093069650446,10867454.76,0.9925755347703882,-704230442.9400003,0.0022805853596843,55.60811222791192,-61.638611973634106,32.28598231366671,39.11290322580646,24.74207298448237,-60.88709677419354,True,False,False,567,421,13,2,108334.14558,192924.96493000002,-0.2807909085530945,3,2,-0.032786885245901676,0
1781740800000,0.000549,0.000563,0.000531,0.000531,6067373.26,2026-06-18,-0.0327868852459016,-0.0333364202675918,0.0327868852459016,0.0604853577360308,1.1555711369994937,0.0466265319365242,0.8907986418692582,0.0382202783517895,0.7301973926344976,0.0742441353136064,1.418432213533577,0.0005208,0.0005320808050811,0.0005367,0.0005482936599619,0.0006014,0.0005961122757904,0.00073518,0.0006845855920014,0.0007231799999999,0.0008640290438752,-0.0274725274725275,-2.7472527472527544,-0.0797227036395148,-7.972270363951478,-0.2910547396528704,-29.10547396528705,43.26241134751772,27.35849056603773,21.581196581196597,0.0005577736205068,0.0006195895457269,-6.181592522008111e-05,-6.0516443077043806e-05,-1.2994821430373026e-06,-0.2447235674269872,0.0006014,8.238254797297892e-05,0.0007661650959459,0.000436634904054,0.5479384634052473,0.2863625193314886,5.399999999999998e-05,10.169491525423725,5.135714285714286e-05,9.671778315846112,4.971428571428571e-05,9.362389023405973,10750139.057,0.5643995140741183,-710297816.2000003,0.002277701629844,59.21255195222545,-56.823969705693486,36.62663537299775,35.42600896860987,33.092529384201505,-64.57399103139014,False,False,False,567,421,13,2,108334.14558,192924.96493000002,-0.2807909085530945,3,2,-0.09039548022598876,0
1781827200000,0.000531,0.000538,0.00048,0.000483,7047836.1,2026-06-19,-0.0903954802259887,-0.0947453675893662,0.0903954802259887,0.068423147100765,1.3072223898779125,0.0529643425724057,1.0118823440531068,0.0416486108380767,0.7956955928184292,0.073680436433209,1.4076627615450643,0.0005147999999999,0.0005157205367207,0.0005295,0.0005364220854234,0.000589,0.000585339678096,0.00073046,0.0006766802568303,0.00071989,0.0008564725560349,-0.0584795321637426,-5.847953216374274,-0.1297297297297298,-12.972972972972984,-0.3392612859097127,-33.926128590971274,32.97297297297297,28.33876221498372,19.80392156862746,0.0005462699865827,0.0006094718015989,-6.320181501615616e-05,-6.105351746486628e-05,-2.148297551289876e-06,-0.4447821017163303,0.000589,8.049125483713758e-05,0.0007499825096742,0.0004280174903257,0.5466299140043299,0.170771687512899,5.799999999999998e-05,12.00828157349896,5.128571428571428e-05,10.6181603076013,4.976190476190476e-05,10.302671793355024,10701578.188,0.6585791344217762,-717345652.3000003,0.0022742844170939,59.19712609574763,-90.43245033647584,37.88275680206379,18.562874251497004,31.03392881530445,-81.437125748503,False,True,False,567,421,13,2,108334.14558,192924.96493000002,-0.2807909085530945,3,2,-0.020703933747411973,0
1781913600000,0.000483,0.000517,0.00047,0.000473,6100169.36,2026-06-20,-0.0207039337474119,-0.0209212651606396,0.0207039337474119,0.0655543801649437,1.2524146745250309,0.0529476367604314,1.0115631799634794,0.0411283605121142,0.7857562242968678,0.0579374034490266,1.106892538696317,0.0005118,0.0005014803578138,0.0005225,0.0005248907971646,0.0005758,0.0005746406611345,0.00072108,0.0006686927784619,0.00071678,0.0008488678356679,-0.0307377049180327,-3.073770491803276,-0.1289134438305708,-12.891344383057085,-0.3582089552238806,-35.820895522388064,37.65432098765432,30.1038062283737,20.200000000000003,0.0005349976809546,0.0005993627792581,-6.43650983034842e-05,-6.171583363258987e-05,-2.64926467089434e-06,-0.5600982390897125,0.0005758,7.649052228867231e-05,0.0007287810445773,0.0004228189554226,0.5313686855760492,0.1640106613076952,6.014285714285713e-05,12.715191784959224,5.15e-05,10.887949260042284,5.009523809523809e-05,10.590959428168729,10706826.566000002,0.5697457899777097,-723445821.6600003,0.0022713145758579,58.53723962460288,-100.52220478584287,39.297108642804645,14.285714285714295,22.758199168607064,-85.7142857142857,False,True,False,567,421,13,2,108334.14558,192924.96493000002,-0.2807909085530945,3,2,0.09090909090909083,1
1782000000000,0.000473,0.000542,0.00047,0.000516,17914621.2,2026-06-21,0.0909090909090908,0.0870113769896296,0.0909090909090908,0.0714295267777349,1.3646591929589122,0.0597106646827317,1.1407706469977092,0.0481592178299018,0.920080564747238,0.0583896708853099,1.115533095934229,0.0005103999999999,0.0005063202385425,0.0005172,0.0005232742885892,0.00056515,0.0005690558362645,0.0007111,0.000662704813893,0.0007139899999999,0.0008422668604232,-0.0133843212237094,-1.3384321223709486,-0.0931458699472759,-9.31458699472759,-0.2921810699588478,-29.218106995884785,57.77777777777777,39.27492447129909,28.070175438596493,0.0005320749608077,0.0005931877585722,-6.111279776449248e-05,-6.159522645897039e-05,4.824286944779061e-07,0.0934939330383538,0.00056515,6.844227302505365e-05,0.0007020345460501,0.0004282654539498,0.4844184589935672,0.3204691419950048,5.628571428571428e-05,10.908084163898115,5.55e-05,10.755813953488373,5.261904761904761e-05,10.19748984865264,10939548.113,1.637601573204946,-705531200.4600003,0.0022627597366027,57.170561805934426,-73.8301418872219,46.77021558658836,43.53741496598637,25.462001167732563,-56.46258503401364,True,False,False,567,421,13,2,108334.14558,192924.96493000002,-0.2807909085530945,3,2,0.027131782945736482,1
1782086400000,0.000516,0.000543,0.000499,0.00053,13226293.0,2026-06-22,0.0271317829457364,0.0267702410646048,0.0271317829457364,0.0680844600759049,1.300751783353394,0.059933439939907,1.1450267623099957,0.0491142056248599,0.9383255809519274,0.0567601221628437,1.084400611304902,0.0005066,0.0005142134923617,0.0005152,0.0005244971452093,0.0005556,0.0005653362328108,0.0007037,0.0006575006931296,0.0007112299999999,0.0008360745926101,-0.034608378870674,-3.4608378870674,-0.0363636363636364,-3.636363636363646,-0.2649098474341192,-26.49098474341193,52.201257861635206,42.98507462686567,28.90173410404624,0.0005317557360681,0.0005885071838631,-5.675144779504233e-05,-6.0626470726184776e-05,3.875022931142451e-06,0.7311364021023493,0.0005556,5.809465959688636e-05,0.0006717893191937,0.0004394106808062,0.4182480892504416,0.3898349685769905,5.314285714285713e-05,10.026954177897572,5.528571428571428e-05,10.431266846361185,5.166666666666666e-05,9.748427672955977,11233209.616,1.1774277746193889,-692304907.4600003,0.0022565492351492,55.275649164618905,-52.81029851502699,53.04018599883719,53.42465753424656,37.08259559531575,-46.57534246575344,True,False,False,567,421,13,2,108334.14558,192924.96493000002,-0.2807909085530945,3,2,-0.07735849056603783,0
1782172800000,0.00053,0.000537,0.000484,0.000489,11634781.58,2026-06-23,-0.0773584905660378,-0.0805145170712955,0.0773584905660378,0.0751552004092272,1.435838087745675,0.0645291090391573,1.2328268971702483,0.0510359806528392,0.9750410413089794,0.0529058989642526,1.0107657804871188,0.0004982,0.0005058089949078,0.0005095,0.0005180431188076,0.0005450499999999,0.0005580661154002,0.0006985,0.0006508928101055,0.0007081,0.0008291922788806,-0.0790960451977401,-7.90960451977402,-0.1043956043956045,-10.439560439560454,-0.3014285714285715,-30.14285714285715,32.75862068965516,40.677966101694906,27.67527675276753,0.0005251779305191,0.0005811362813547,-5.595835083552702e-05,-5.969284674805323e-05,3.734495912526208e-06,0.7637005956086316,0.0005450499999999,4.892687884668415e-05,0.0006429037576933,0.0004471962423066,0.3590634169098919,0.2136032313872062,5.1142857142857145e-05,10.458661992404323,5.607142857142856e-05,11.466549810108091,5.042857142857143e-05,10.312591294186388,11259465.703,1.0333333647350602,-703939689.0400003,0.0022510578719104,53.32473511693066,-81.59249167423525,52.89462111686901,25.34246575342464,40.76817941788586,-74.65753424657537,False,True,False,567,421,13,2,108334.14558,192924.96493000002,-0.2807909085530945,3,2,-0.01635991820040894,0
1782259200000,0.000489,0.00055,0.00048,0.000481,11844910.74,2026-06-24,-0.0163599182004089,-0.0164952193691107,0.0163599182004089,0.0626071352976555,1.1961076403966808,0.0620915056004926,1.1862565488643868,0.0508363626264666,0.9712273442699756,0.0469803301941087,0.8975579480896112,0.0004978,0.0004975393299385,0.0005063,0.0005113080062971,0.00053535,0.0005507264853621,0.00069072,0.0006442303346562,0.00070468,0.0008222879919641,-0.0041407867494823,-0.4140786749482391,-0.0623781676413255,-6.237816764132558,-0.2874074074074074,-28.740740740740744,34.756097560975604,41.142857142857146,26.47058823529412,0.0005183813258239,0.000573718779032,-5.533745320814498e-05,-5.882176804007158e-05,3.484314831926604e-06,0.724389777947319,0.00053535,4.027311366413619e-05,0.0006158962273282,0.0004548037726717,0.3009105345223587,0.1626161038027743,5.3714285714285714e-05,11.167211167211168,5.778571428571427e-05,12.013662013662012,5.190476190476191e-05,10.791010791010793,11482808.141,1.0315343245792894,-715784599.7800003,0.0022455036167427,50.55802866094507,-75.8882618109538,60.304157414609335,19.863013698630134,32.87671232876712,-80.13698630136986,True,True,False,567,421,13,2,108334.14558,192924.96493000002,-0.2807909085530945,3,2,-0.01039501039501034,0
1782345600000,0.000481,0.000534,0.000453,0.000476,13248460.54,2026-06-25,-0.0103950103950103,-0.0104494158743411,0.0103950103950103,0.0618907119125658,1.1824203908429267,0.0602252188756044,1.150601191049392,0.0479430872560904,0.9159513959323728,0.0469721319522331,0.8974013208984983,0.0004984,0.0004903595532923,0.0005051,0.0005048883687886,0.00052835,0.0005436096772324,0.00068292,0.0006376330549209,0.00070082,0.0008154216502322,0.0063424947145878,0.6342494714587777,-0.0245901639344261,-2.459016393442616,-0.2272727272727273,-22.727272727272723,47.10743801652894,35.866261398176306,26.6173752310536,0.000511861121851,0.0005664803509555,-5.461922910454371e-05,-5.7981260252966014e-05,3.362031148422301e-06,0.7063090647946011,0.00052835,3.759517746220869e-05,0.0006035403549244,0.0004531596450755,0.284623279736604,0.1518835424262652,6.07142857142857e-05,12.755102040816324,5.735714285714284e-05,12.049819927971186,5.447619047619048e-05,11.444577831132452,11636436.08,1.1385324895799194,-729033060.3200003,0.0022392762189078,50.8999567915229,-101.45259938837916,49.70000459076413,18.75000000000003,21.31849315068494,-81.24999999999997,False,True,False,567,421,13,2,108334.14558,192924.96493000002,-0.2807909085530945,3,2,-0.03361344537815125,0
1782432000000,0.000476,0.000485,0.00046,0.00046,5172468.27,2026-06-26,-0.0336134453781512,-0.0341913647482793,0.0336134453781512,0.0380124393085527,0.7262266332888362,0.0551165302215556,1.0529998313566975,0.0475762929983853,0.9089438014783396,0.0450947882380776,0.8615347196001618,0.0004872,0.0004802397021949,0.0004988,0.0004967268471906,0.00052195,0.0005356468508293,0.00067662,0.000630667040888,0.0006968499999999,0.0008083743888283,-0.1085271317829456,-10.852713178294564,-0.1204588910133843,-12.045889101338432,-0.2176870748299318,-21.768707482993197,44.881889763779526,36.19631901840491,26.229508196721312,0.00050388248772,0.0005585929175513,-5.471042983128994e-05,-5.73270941686308e-05,2.616664337340859e-06,0.5688400733349694,0.00052195,3.780068921669384e-05,0.0005975513784333,0.0004463486215666,0.2896882016798072,0.0902852482075834,5.6e-05,12.17391304347826,5.699999999999999e-05,12.391304347826084,5.285714285714285e-05,11.490683229813662,11385256.5105,0.454312844443137,-734205528.5900003,0.0022368301722959,51.24188492210073,-133.94127160421667,45.09220597720419,7.079646017699144,15.230886572109776,-92.92035398230084,False,False,True,567,421,13,2,108334.14558,192924.96493000002,-0.2807909085530945,3,2,-0.01521739130434785,0
1782518400000,0.00046,0.000473,0.000452,0.000453,7095691.07,2026-06-27,-0.0152173913043478,-0.0153343640001066,0.0152173913043478,0.0275820723317675,0.5269547519967183,0.0507723338297703,0.9700040758266948,0.047531295671917,0.9080841287632376,0.0446982431404346,0.8539587361471961,0.0004718,0.0004711598014632,0.0004892,0.0004887765113378,0.00051525,0.0005277757221789,0.00066968,0.0006236996945358,0.00069271,0.0008013282470828,-0.1452830188679245,-14.52830188679245,-0.174863387978142,-17.48633879781421,-0.2282793867120953,-22.82793867120953,15.3846153846154,35.86626139817629,26.9158878504673,0.0004960544126862,0.0005507712199549,-5.471680726869298e-05,-5.680503678864324e-05,2.0882295199502573e-06,0.4609778189735667,0.00051525,3.753857664904233e-05,0.000590327153298,0.0004401728467019,0.2914202942186692,0.0854264761954683,5.228571428571429e-05,11.54210028382214,5.621428571428571e-05,12.409334594765056,5.176190476190476e-05,11.42646904236308,11499273.026,0.6170556220342412,-741301219.6600003,0.0022334685898747,51.22927617162791,-142.94810569882185,47.04880382758383,0.9009009009009225,8.910182306200037,-99.09909909909908,False,True,False,567,421,13,2,108334.14558,192924.96493000002,-0.2807909085530945,3,2,-0.07064017660044153,0
1782604800000,0.000453,0.000458,0.000404,0.000421,14149209.56,2026-06-28,-0.0706401766004415,-0.0732592918006526,0.0706401766004415,0.0247526019209841,0.4728977957005395,0.0533527890589066,1.0193036037574514,0.0493194874666459,0.9422474850324716,0.0449522464192586,0.8588114619753737,0.0004582,0.0004544398676421,0.0004781999999999,0.0004764535092764,0.00050745,0.0005176066057809,0.0006615,0.0006157506743938,0.00068865,0.0007937875273039,-0.1390593047034763,-13.905930470347643,-0.2071563088512241,-20.71563088512241,-0.2703639514731369,-27.036395147313694,0.0,35.975609756097555,26.56826568265683,0.0004845075799652,0.0005411585369952,-5.665095702996113e-05,-5.677422083690683e-05,1.2326380694569486e-07,0.0292788140013527,0.00050745,4.01490315803013e-05,0.0005877480631606,0.0004271519368393,0.316476749081102,-0.0383068818677049,4.9714285714285725e-05,11.808618934509674,5.3e-05,12.589073634204276,5.3571428571428575e-05,12.724804886325078,11826136.4675,1.196435505279696,-755450429.2200003,0.0022266842466041,49.89346912153514,-197.4917336776818,47.57306289538404,10.691823899371055,6.224123605990378,-89.30817610062894,False,True,False,567,421,13,2,108334.14558,192924.96493000002,-0.2807909085530945,3,2,-0.004750593824228044,0
1782691200000,0.000421,0.000433,0.000405,0.000419,14902788.07,2026-06-29,-0.004750593824228,-0.0047619137602437,0.004750593824228,0.0267290333705255,0.5106574655253495,0.0476646550833999,0.9106319567421914,0.0490412703954867,0.9369321553512742,0.0440744823834641,0.8420418036179409,0.0004458,0.0004426265784281,0.0004718,0.0004660074166806,0.0005006499999999,0.0005082155004684,0.00065246,0.0006080349500029,0.00068474,0.0007863568476404,-0.1288981288981289,-12.889812889812887,-0.1325051759834368,-13.250517598343684,-0.2450450450450451,-24.504504504504517,0.0,38.68852459016394,29.690721649484544,0.0004744294907398,0.000532109756477,-5.7680265737164265e-05,-5.695542981695832e-05,-7.248359202059477e-07,-0.1729918663976009,0.0005006499999999,4.3081654417656136e-05,0.0005868133088353,0.0004144866911646,0.344205767843053,0.026190433586637,4.742857142857144e-05,11.319468121377431,5.0285714285714286e-05,12.001363791339925,5.2666666666666655e-05,12.569610182975335,12068803.0255,1.2348190651974449,-770353217.2900003,0.0022195593185553,47.78204879582911,-191.73646007816893,49.98594019866713,9.433962264150932,7.008895688140974,-90.56603773584906,False,False,True,567,421,13,2,108334.14558,192924.96493000002,-0.2807909085530945,3,2,-0.011933174224343701,0
1782777600000,0.000419,0.000473,0.000411,0.000414,15588641.64,2026-06-30,-0.0119331742243437,-0.0120049460968233,0.0119331742243437,0.0264991091893012,0.5062647702108809,0.0475898212652266,0.9092022586534416,0.0489975442163716,0.9360967678722552,0.0425582408982428,0.8130740507166605,0.0004334,0.0004330843856187,0.0004659,0.0004565515227387,0.0004942,0.0004992425956619,0.00064494,0.0006004257252202,0.00068085,0.0007789745396752,-0.1302521008403362,-13.025210084033622,-0.1247357293868922,-12.473572938689223,-0.2375690607734806,-23.756906077348063,0.0,30.181818181818173,31.16883116883116,0.0004651326460106,0.0005233608856268,-5.822823961617067e-05,-5.720999177680079e-05,-1.0182478393698792e-06,-0.2459535843888597,0.0004942,4.596749423570664e-05,0.0005861349884714,0.0004022650115285,0.3720558011793333,0.0638222110348239,4.871428571428572e-05,11.76673567977916,4.992857142857143e-05,12.060041407867496,5.361904761904761e-05,12.951460777547732,12172935.3015,1.2805984139321849,-785941858.9300003,0.0022122224579852,44.08603550679256,-139.27227101631118,50.73559313987536,6.289308176100611,8.805031446540871,-93.7106918238994,True,False,False,567,421,13,2,108334.14558,192924.96493000002,-0.2807909085530945,3,2,0.01449275362318847,1
1782864000000,0.000414,0.000438,0.000413,0.00042,8907537.94,2026-07-01,0.0144927536231884,0.0143887374520996,0.0144927536231884,0.0318044873976703,0.6076238785625759,0.0331272266440979,0.6328947763824913,0.0473800589268342,0.9051947548054246,0.0427161983386817,0.8160918233789647,0.0004254,0.0004287229237458,0.0004562999999999,0.0004499057913317,0.00048675,0.0004916956817893,0.0006378,0.0005933501967056,0.00067719,0.0007718577181511,-0.0869565217391303,-8.695652173913041,-0.1860465116279068,-18.604651162790688,-0.2618629173989454,-26.18629173989454,8.823529411764753,24.70588235294117,32.11991434689509,0.0004581891620089,0.0005157045237284,-5.75153617194832e-05,-5.727106576533728e-05,-2.442959541459284e-07,-0.0581657033680781,0.00048675,4.527561792997755e-05,0.0005773012358599,0.00039619876414,0.3720646568462459,0.1314241359265689,4.228571428571429e-05,10.068027210884354,4.800000000000001e-05,11.428571428571429,5.261904761904761e-05,12.528344671201811,11485155.5465,0.7755696389078938,-777034320.9900002,0.0022080360074626,41.96041781785652,-137.00311898599765,44.13976804150917,10.062893081761011,8.595387840670856,-89.93710691823898,False,False,True,567,421,13,2,108334.14558,192924.96493000002,-0.2807909085530945,3,2,-0.05714285714285727,0
1782950400000,0.00042,0.000445,0.00039,0.000396,22567317.69,2026-07-02,-0.0571428571428572,-0.0588405000229335,0.0571428571428572,0.0362343025648807,0.6922553785003138,0.030454966079219,0.5818413099750915,0.0481825084085817,0.920525530628138,0.0431927808216778,0.8251969189320617,0.000414,0.0004178152824972,0.0004429,0.0004401047383623,0.00047905,0.0004825818073332,0.0006304799999999,0.0005856109629241,0.00067334,0.0007644063551679,-0.1258278145695365,-12.582781456953647,-0.2528301886792453,-25.28301886792453,-0.2800000000000001,-28.000000000000007,7.894736842105289,24.13793103448276,31.18503118503118,0.0004486215986229,0.0005068375219707,-5.821592334777283e-05,-5.746003728182439e-05,-7.558860659484393e-07,-0.1908803196839493,0.00047905,4.7014527430014886e-05,0.00057307905486,0.0003850209451399,0.3925646795116573,0.0583811826906742,3.857142857142858e-05,9.740259740259742,4.964285714285714e-05,12.536075036075037,5.109523809523808e-05,12.9028379028379,12160298.484,1.855819387961004,-799601638.6800003,0.0021974382061795,40.47550607513993,-140.6151914626491,36.60276329442697,3.749999999999989,6.700733752620542,-96.25,True,True,False,567,421,13,2,108334.14558,192924.96493000002,-0.2807909085530945,3,2,-0.015151515151515138,0
1783036800000,0.000396,0.000408,0.000375,0.00039,13869045.81,2026-07-03,-0.0151515151515151,-0.0152674721307884,0.0151515151515151,0.0262691295212221,0.5018710148215403,0.0252227952369644,0.4818808263891913,0.0481465760102163,0.9198390431212694,0.0423363439878908,0.8088347161968719,0.0004078,0.0004085435216648,0.0004329999999999,0.0004309947859327,0.00047125,0.0004737644923491,0.00062232,0.0005779399348838,0.0006694,0.0007569839359342,-0.0736342042755344,-7.363420427553444,-0.2024539877300613,-20.24539877300613,-0.2857142857142858,-28.57142857142858,8.000000000000028,28.76712328767124,32.258064516129025,0.0004396028911425,0.0004981828907136,-5.857999957109951e-05,-5.768402973967941e-05,-8.959698314200986e-07,-0.2297358542102817,0.00047125,4.82470342693042e-05,0.0005677440685386,0.0003747559314613,0.4095238983070914,0.0789896662534707,3.971428571428572e-05,10.183150183150184,4.7857142857142856e-05,12.27106227106227,5.123809523809522e-05,13.137973137973132,12246973.171,1.1324468190100194,-813470684.4900002,0.0021909171631549,38.35352373450807,-149.1000346140535,35.740267674120574,8.571428571428562,7.461440551063192,-91.42857142857144,False,True,False,567,421,13,2,108334.14558,192924.96493000002,-0.2807909085530945,3,2,0.033333333333333215,1
1783123200000,0.00039,0.000418,0.000389,0.000403,10241312.62,2026-07-04,0.0333333333333332,0.0327898228229907,0.0333333333333332,0.0342542440726182,0.6544264141216125,0.0307603633350787,0.5876759163558685,0.0481142983268483,0.9192223788463864,0.0411573320319906,0.7863097244069327,0.0004046,0.0004066956811098,0.0004252,0.0004259048248541,0.00046575,0.0004670250168873,0.0006133,0.0005710795367857,0.00066589,0.0007499665390136,-0.0381861575178997,-3.8186157517899786,-0.1621621621621621,-16.216216216216218,-0.2144249512670565,-21.44249512670566,33.928571428571445,34.23423423423422,34.9785407725322,0.0004339716771206,0.0004911323062163,-5.716062909569145e-05,-5.757934961088183e-05,4.1872051519037997e-07,0.1039008722556773,0.00046575,4.949096142884917e-05,0.0005647319228576,0.0003667680771423,0.4250431470003151,0.1830229288927193,4.085714285714286e-05,10.138248847926269,4.6571428571428575e-05,11.556185749734135,5.109523809523808e-05,12.67871913033203,12075098.0765,0.8481349430967496,-803229371.8700002,0.002186164759981,35.917015798000136,-110.89146192224428,40.29081053879053,15.999999999999984,9.440476190476184,-84.00000000000001,True,False,False,567,421,13,2,108334.14558,192924.96493000002,-0.2807909085530945,3,2,-0.06203473945409421,0
1783209600000,0.000403,0.000403,0.000377,0.000378,7878197.0,2026-07-05,-0.0620347394540942,-0.0640423663270952,0.0620347394540942,0.0423313707315132,0.8087397022671861,0.0337031495990903,0.6438977689882234,0.048752581902336,0.9314167694338308,0.040888921369325,0.7811817458969446,0.0003974,0.0003971304540732,0.0004153999999999,0.0004171948566988,0.00046025,0.0004585464438504,0.00060306,0.000563507781237,0.00066194,0.0007425928167568,-0.0869565217391303,-8.695652173913032,-0.2058823529411764,-20.588235294117645,-0.2254098360655737,-22.54098360655737,24.050632911392427,16.176470588235304,29.46236559139787,0.0004253606498712,0.0004827521353854,-5.739148551414533e-05,-5.754177679153454e-05,1.5029127738920879e-07,0.0397595971929123,0.00046025,5.288405888549468e-05,0.0005660181177709,0.000354481882229,0.4596115927039189,0.1111777266468482,3.685714285714285e-05,9.750566893424034,4.3285714285714286e-05,11.45124716553288,4.761904761904762e-05,12.597631645250692,11459385.682,0.6874885983089647,-811107568.8700002,0.0021824907269815,35.72612719387305,-120.32374771548996,31.459306459560292,1.7142857142857248,8.761904761904761,-98.28571428571428,False,True,False,567,421,13,2,108334.14558,192924.96493000002,-0.2807909085530945,3,2,-0.07671957671957674,0
1783296000000,0.000378,0.000379,0.00034,0.000349,12519026.8,2026-07-06,-0.0767195767195767,-0.0798222734171605,0.0767195767195767,0.0447873824474699,0.8556617402169026,0.0378208543222979,0.7225664072657925,0.0466611493750707,0.8914600071040605,0.0416680727408879,0.7960674119495619,0.0003832,0.0003810869693821,0.0004042999999999,0.0004047957918444,0.00045155,0.0004481134491979,0.00059292,0.0005550957017693,0.00065762,0.000734790552267,-0.169047619047619,-16.9047619047619,-0.2413043478260869,-24.13043478260869,-0.3326959847036328,-33.269598470363285,18.446601941747588,8.675799086758005,28.84210526315789,0.0004136128575833,0.0004728445698012,-5.9231712217892656e-05,-5.787976387680617e-05,-1.3519483410864876e-06,-0.3873777481623173,0.00045155,5.622462000521467e-05,0.0005639992400104,0.0003391007599895,0.4980588639593815,0.0440164825013989,3.842857142857142e-05,11.011051985264016,4.292857142857143e-05,12.30045026606631,4.633333333333333e-05,13.276026743075452,11538122.598500002,1.0850141947380174,-823626595.6700002,0.0021765861909924,36.67057900569547,-142.98138806749012,23.041813504916163,4.285714285714287,7.333333333333337,-95.71428571428572,False,True,False,567,421,13,2,108334.14558,192924.96493000002,-0.2807909085530945,3,2,0.017191977077363862,1
1783382400000,0.000349,0.000363,0.00033,0.000355,18513940.73,2026-07-07,0.0171919770773638,0.0170458672729886,0.0171919770773638,0.0480440931035865,0.9178811099392584,0.0402151986570305,0.7683102915514773,0.0446652432395725,0.8533282739264617,0.0414527367960147,0.7919534244992453,0.000375,0.0003723913129214,0.0003945,0.0003957420115091,0.00044185,0.0004392455016553,0.0005839399999999,0.0005472488028863,0.00065307,0.0007272620523288,-0.1035353535353534,-10.353535353535346,-0.2163355408388521,-21.63355408388521,-0.3533697632058288,-35.33697632058288,18.446601941747545,13.58695652173914,29.979035639413,0.0004045954948782,0.0004641153424085,-5.951984753031238e-05,-5.820778060750741e-05,-1.3120669228049682e-06,-0.3695963162830896,0.00044185,5.525374481230589e-05,0.0005523574896246,0.0003313425103753,0.5002036420713445,0.1070402092427177,3.428571428571428e-05,9.657947686116696,4.149999999999999e-05,11.69014084507042,4.471428571428571e-05,12.595573440643864,11924481.149,1.552599270246035,-805112654.9400002,0.0021678921047633,37.52396695585762,-135.09246729815067,22.8506781053984,11.363636363636369,5.787878787878799,-88.63636363636364,False,True,False,567,421,13,2,108334.14558,192924.96493000002,-0.2807909085530945,3,2,-0.06197183098591552,0
1783468800000,0.000355,0.000383,0.000331,0.000333,12571930.37,2026-07-08,-0.0619718309859155,-0.063975299494972,0.0619718309859155,0.0511598648889966,0.9774078463175156,0.0391618843922452,0.7481867507783911,0.0455520490612534,0.8702706753607051,0.0397515355384473,0.7594520201089217,0.0003636,0.0003592608752809,0.0003857,0.0003843343730529,0.00043195,0.00042912688245,0.00057328,0.0005388468801824,0.00064818,0.0007194468496643,-0.146153846153846,-14.615384615384611,-0.2090261282660331,-20.90261282660332,-0.3728813559322034,-37.28813559322033,18.81188118811879,12.626262626262644,30.686695278969964,0.0003935808033585,0.0004544030948227,-6.082229146419331e-05,-5.8730682778844593e-05,-2.091608685348717e-06,-0.6281107163209361,0.00043195,5.6170300262442046e-05,0.0005442906005248,0.0003196093994751,0.5201555759920551,0.0595982238937647,3.814285714285713e-05,11.454311454311448,4.021428571428571e-05,12.076362076362075,4.471428571428571e-05,13.427713427713424,12249709.0045,1.0263044097930514,-817684585.3100002,0.0021620343064668,38.80347006144768,-123.96731936647028,15.078897935872291,1.470588235294127,5.706646294881598,-98.52941176470588,True,False,False,567,421,13,2,108334.14558,192924.96493000002,-0.2807909085530945,3,2,0.024024024024023927,1
1783555200000,0.000333,0.000348,0.00033,0.000341,8048402.95,2026-07-09,0.0240240240240239,0.0237399873030728,0.0240240240240239,0.0483702663160672,0.9241126404139562,0.0415902211676581,0.7945800597314101,0.0436648002396343,0.8342148372499842,0.0397213952479982,0.7588761906684183,0.0003511999999999,0.0003531739168539,0.0003779,0.0003764553961342,0.0004248499999999,0.0004207338460262,0.00056382,0.0005310881711333,0.0006433599999999,0.0007119452944219,-0.1538461538461538,-15.384615384615383,-0.1861575178997613,-18.61575178997613,-0.2939958592132504,-29.39958592132505,26.21359223300968,16.417910447761187,33.630289532293986,0.0003854914489956,0.0004460028655765,-6.051141658089133e-05,-5.908682953925394e-05,-1.424587041637386e-06,-0.4177674608907291,0.0004248499999999,5.831157238214523e-05,0.0005414731447642,0.0003082268552357,0.549008566620174,0.1405087507738237,3.2857142857142844e-05,9.635525764558018,3.571428571428572e-05,10.473397570171764,4.404761904761904e-05,12.917190336545174,12299737.347,0.6543556762993047,-809636182.3600001,0.0021582847773379,38.10684525768003,-124.56199841754268,15.900583550033204,7.096774193548383,6.64366626415963,-92.90322580645162,False,True,False,567,421,13,2,108334.14558,192924.96493000002,-0.2807909085530945,3,2,-0.008797653958944385,0
1783641600000,0.000341,0.00035,0.00032,0.000338,17118267.18,2026-07-10,-0.0087976539589443,-0.0088365818004981,0.0087976539589443,0.0458740807232339,0.8764230816241964,0.0416661204661289,0.7960301137926613,0.0436834103839093,0.8345703835571315,0.0393957223140288,0.7526542180012578,0.0003432,0.0003481159445693,0.0003703,0.0003694635059279,0.0004181,0.0004128544321189,0.00055398,0.0005235160786155,0.00063841,0.0007045331168245,-0.1058201058201059,-10.582010582010597,-0.1835748792270531,-18.357487922705317,-0.2854122621564482,-28.541226215644823,15.05376344086018,17.553191489361694,27.81774580335731,0.0003781850722271,0.0004380026533116,-5.9817581084504014e-05,-5.923297984830396e-05,-5.846012362000541e-07,-0.1729589456213177,0.0004181,6.02266770756357e-05,0.0005385533541512,0.0002976466458487,0.5761939925915874,0.167506145576459,3.2428571428571414e-05,9.594251901944206,3.607142857142856e-05,10.6720202874049,4.271428571428572e-05,12.63736263736264,12850642.238,1.3320942924844967,-826754449.5400001,0.0021503449567736,37.6010018946938,-117.21855775423624,15.162519602879089,11.76470588235291,6.777356103731812,-88.23529411764709,True,True,False,567,421,13,2,108334.14558,192924.96493000002,-0.2807909085530945,3,2,-0.008875739644970349,0
1783728000000,0.000338,0.00038,0.000329,0.000335,19972702.2,2026-07-11,-0.0088757396449703,-0.0089153636579522,0.0088757396449703,0.0338158323412421,0.6460505697542683,0.0401908547096173,0.7678452010891859,0.0358577420455771,0.6850611998804267,0.0383616327370284,0.7328979643725922,0.0003404,0.0003437439630462,0.0003618,0.000363197413941,0.0004090499999999,0.0004054397242981,0.00054332,0.0005161232843006,0.00063356,0.000697208538837,-0.0401146131805157,-4.01146131805158,-0.2023809523809524,-20.23809523809524,-0.3507751937984495,-35.07751937984496,19.7183098591549,17.934782608695656,22.84263959390863,0.0003715412149614,0.0004303728271403,-5.883161217896336e-05,-5.9152706314435845e-05,3.2109413547248746e-07,0.095848995663429,0.0004090499999999,5.830994769328779e-05,0.0005256698953865,0.0002924301046134,0.5701987306518792,0.1825155786903406,3.557142857142856e-05,10.618336886993598,3.82142857142857e-05,11.407249466950956,4.29047619047619e-05,12.80739161336176,12953546.288,1.5418713729770246,-846727151.7400001,0.0021412288963517,35.91674864794055,-92.31815091774304,23.636562254946284,9.803921568627445,9.555133881509583,-90.19607843137256,True,False,False,567,421,13,2,108334.14558,192924.96493000002,-0.2807909085530945,3,2,-0.0029850746268657025,0
1783814400000,0.000335,0.000345,0.000332,0.000334,10005794.07,2026-07-12,-0.0029850746268657,-0.002989538848366,0.0029850746268657,0.0312082144940095,0.5962321007334308,0.038484085374775,0.7352374187318929,0.0343419258528639,0.6561015721811029,0.0381068888433744,0.7280310891179526,0.0003362,0.0003404959753641,0.0003555999999999,0.0003578887932245,0.00039925,0.0003986359410316,0.00053354,0.0005089811882986,0.0006294299999999,0.0006900094595067,-0.0591549295774648,-5.915492957746485,-0.1565656565656565,-15.656565656565654,-0.369811320754717,-36.9811320754717,32.558139534883665,21.568627450980387,23.872679045092823,0.0003657656434288,0.000423234099204,-5.74684557751466e-05,-5.881585620657801e-05,1.347400431431407e-06,0.4034133028237746,0.00039925,5.3155061154228296e-05,0.0005055601223084,0.0002929398776915,0.5325491411819994,0.1931148295988292,3.37142857142857e-05,10.094097519247216,3.5285714285714274e-05,10.564585115483316,4.009523809523809e-05,12.0045623039635,12792521.3415,0.7821596542927293,-856732945.8100002,0.0021366687729609,33.50130694678457,-98.6175115207374,24.507188044160856,9.150326797385596,10.239651416121989,-90.8496732026144,False,False,True,567,421,13,2,108334.14558,192924.96493000002,-0.2807909085530945,3,2,-0.05688622754491013,0
1783900800000,0.000334,0.000339,0.000314,0.000315,5771429.92,2026-07-13,-0.0568862275449101,-0.0585683541510673,0.0568862275449101,0.029177869582968,0.5574424156729124,0.040564660078877,0.7749867426413934,0.0328870172122622,0.6283055816309976,0.03850997749308,0.7357320869575413,0.0003326,0.0003319973169094,0.0003481,0.00035009083082,0.00039055,0.0003906706133143,0.00052358,0.0005013740763037,0.0006259,0.0006825766164265,-0.054054054054054,-5.405405405405406,-0.1923076923076923,-19.230769230769223,-0.3558282208588956,-35.58282208588957,14.285714285714263,19.41176470588236,25.86206896551724,0.0003579555444398,0.0004152167585222,-5.726121408240769e-05,-5.850492778174394e-05,1.2437136993362512e-06,0.3948297458210321,0.00039055,5.191741924486033e-05,0.0004943848384897,0.0002867151615102,0.5317364664689316,0.1362011002334286,3.171428571428571e-05,10.068027210884352,3.5071428571428566e-05,11.13378684807256,3.9190476190476186e-05,12.441421012849585,12499353.7585,0.4617382651543264,-862504375.7300001,0.0021340280555289,31.632884597957663,-108.36047774158531,26.07826065696139,0.6289308176100781,6.527726394541045,-99.37106918238992,False,True,False,567,421,13,2,108334.14558,192924.96493000002,-0.2807909085530945,3,2,-0.006349206349206327,0
1783987200000,0.000315,0.000322,0.00031,0.000313,6980912.13,2026-07-14,-0.0063492063492063,-0.0063694482854798,0.0063492063492063,0.0225488696100395,0.4307955490160684,0.036460508881939,0.6965770441196254,0.0330407279649826,0.631242221438359,0.0385446079344455,0.7363937006108517,0.000327,0.0003256648779396,0.0003391,0.0003433470433982,0.00038215,0.0003832734120463,0.0005139,0.0004939868514939,0.0006223,0.000675251589585,-0.0821114369501465,-8.211143695014655,-0.2233250620347393,-22.332506203473937,-0.3492723492723492,-34.92723492723492,22.222222222222182,19.76047904191617,26.47058823529412,0.0003510393068336,0.0004076451467798,-5.660583994613141e-05,-5.812511021462144e-05,1.5192702684900324e-06,0.4853898621373905,0.00038215,5.0070765711554e-05,0.0004822915314231,0.0002820084685768,0.5240954150103779,0.1547386532974297,2.871428571428572e-05,9.173893199452303,3.149999999999999e-05,10.063897763578272,3.7238095238095234e-05,11.89715502814544,12256153.828,0.5695842454303764,-869485287.8600001,0.0021308307197368,32.603333977219776,-110.18972232692546,17.36600634821626,2.2222222222222365,4.000493279072642,-97.77777777777776,False,True,False,567,421,13,2,108334.14558,192924.96493000002,-0.2807909085530945,3,2,0.03194888178913735,1
1784073600000,0.000313,0.000328,0.000309,0.000323,12050199.18,2026-07-15,0.0319488817891373,0.0314491326825032,0.0319488817891373,0.0316718989518095,0.6050907798611513,0.0377545393713881,0.7212994619075908,0.0350337833270168,0.6693194906654013,0.0391584384177965,0.74812091552899,0.000324,0.000324776585293,0.0003336,0.0003396475809621,0.0003745,0.0003775330870895,0.0005045399999999,0.0004872814794216,0.000618,0.0006682700717849,-0.044378698224852,-4.437869822485203,-0.1455026455026455,-14.550264550264558,-0.3214285714285715,-32.14285714285715,26.315789473684163,21.63742690058477,18.56677524429968,0.0003467255673208,0.0004013751359072,-5.464956858641605e-05,-5.743000188898037e-05,2.780433302564317e-06,0.8608152639518011,0.0003745,4.65408705502262e-05,0.0004675817411004,0.0002814182588995,0.4970987508702397,0.2233614273264292,2.400000000000001e-05,7.430340557275546,3.107142857142857e-05,9.619637328615656,3.480952380952382e-05,10.776942355889728,12196240.760000002,0.9880256889910722,-857435088.6800002,0.002125353085133,32.5347351091011,-93.79418695993722,23.37896236466452,10.294117647058837,4.381756895630388,-89.70588235294117,True,True,False,567,421,13,2,108334.14558,192924.96493000002,-0.2807909085530945,3,2,0.07430340557275539,1
1784160000000,0.000323,0.000354,0.000322,0.000347,16539799.75,2026-07-16,0.0743034055727553,0.0716724567242026,0.0743034055727553,0.0487506011243352,0.9313789267232602,0.0404092115410349,0.7720169024958974,0.0404866025048971,0.7734954547844382,0.0412073655418238,0.7872656132701248,0.0003264,0.0003321843901953,0.0003334,0.0003409843844236,0.00036885,0.0003746251740333,0.00049606,0.0004817802407196,0.0006142,0.0006619027108802,0.0358208955223879,3.582089552238796,-0.005730659025788,-0.5730659025788104,-0.2456521739130435,-24.565217391304355,57.62711864406781,35.67251461988303,21.135646687697147,0.0003467677877329,0.0003973473480622,-5.057956032924696e-05,-5.60599135770337e-05,5.480353247786743e-06,1.5793525209760069,0.00036885,4.2278867434841645e-05,0.0004534077348696,0.0002842922651303,0.4584938856970763,0.3707983365822518,2.6000000000000005e-05,7.492795389048994,2.9428571428571423e-05,8.480856319473034,3.247619047619048e-05,9.359132702072184,12764607.334,1.295754684591381,-840895288.9300002,0.0021179751880901,30.254312745504237,-54.84874187164262,34.14090003396687,34.8623853211009,15.792908396793996,-65.1376146788991,True,False,False,567,421,13,2,108334.14558,192924.96493000002,-0.2807909085530945,3,2,0.060518731988472796,1
1784246400000,0.000347,0.000401,0.000346,0.000368,21655662.44,2026-07-17,0.0605187319884727,0.0587581582220719,0.0605187319884727,0.0532369135637591,1.017089805531072,0.0445489553042077,0.8511065960407946,0.0437029087739019,0.8349428997748873,0.0424116802624944,0.8102740137022423,0.0003331999999999,0.0003441229267969,0.0003347,0.0003458963145284,0.0003645999999999,0.0003739942050778,0.0004886,0.0004773182672108,0.00061108,0.000656077854137,0.1017964071856287,10.179640718562878,0.0366197183098591,3.661971830985913,-0.1876379690949227,-18.763796909492275,71.42857142857143,44.08602150537634,29.629629629629637,0.0003500342819279,0.000395173470428,-4.513918850007983e-05,-5.3875768561642925e-05,8.736580061563092e-06,2.3740706689030144,0.0003645999999999,3.736082947341153e-05,0.0004393216589468,0.0002898783410531,0.4098829344312837,0.5227511008717011,2.9571428571428575e-05,8.035714285714288,3.0999999999999995e-05,8.42391304347826,3.39047619047619e-05,9.213250517598343,13492605.9025,1.6050022209562569,-819239626.4900001,0.0021085721282234,29.580637214685847,5.252896343919732,45.51206022040245,54.12844036697248,33.094981111710744,-45.87155963302752,True,False,False,567,421,13,2,108334.14558,192924.96493000002,-0.2807909085530945,3,2,0.09782608695652173,1
1784332800000,0.000368,0.000422,0.000366,0.000404,17593931.51,2026-07-18,0.0978260869565217,0.0933319397922191,0.0978260869565217,0.040237122762312,0.768729150994758,0.0466684055829935,0.8915986367617756,0.0473642853698027,0.9048934014214718,0.0451089783151515,0.8618058206420041,0.000351,0.0003640819511979,0.0003418,0.0003564606209777,0.00036375,0.0003768518998323,0.0004817,0.0004744430390122,0.00060908,0.0006510820090852,0.2825396825396824,28.253968253968253,0.2132132132132131,21.32132132132132,-0.0403800475059381,-4.03800475059382,81.25000000000003,50.23923444976077,38.15384615384615,0.0003583367000928,0.0003958272874333,-3.749058734047893e-05,-5.059873231741012e-05,1.3108144976931194e-05,3.2445903408245527,0.00036375,3.618501434505536e-05,0.0004361200286901,0.0002913799713098,0.3979108106672753,0.7780847315423276,3.0285714285714285e-05,7.496463932107495,3.2928571428571426e-05,8.15063649222065,3.557142857142857e-05,8.804809052333805,13664842.0,1.2875327435180006,-801645694.9800001,0.0021011187262794,29.80049816181952,60.75383521284166,47.88190285931341,84.070796460177,57.68720738275013,-15.929203539823003,True,False,False,567,421,13,2,108334.14558,192924.96493000002,-0.2807909085530945,3,2,0.07920792079207928,1
1784419200000,0.000404,0.000448,0.000404,0.000436,11191390.6,2026-07-19,0.0792079207920792,0.0762273653878843,0.0792079207920792,0.0245341737302444,0.4687247309758923,0.0502594891108906,0.9602061912297912,0.0506227444038075,0.9671461738564788,0.046842643107391,0.8949274399913878,0.0003756,0.0003880546341319,0.0003513,0.0003709223262545,0.0003645999999999,0.0003824850522292,0.0004758,0.0004729354678304,0.00060754,0.0006468194431685,0.3929712460063899,39.29712460063898,0.2785923753665691,27.8592375366569,0.0405727923627685,4.057279236276858,98.4,63.42592592592593,44.31818181818182,0.0003702849000785,0.0003988030439197,-2.8518143841188252e-05,-4.618261462216576e-05,1.76644707809775e-05,4.051484124077408,0.0003645999999999,3.771834678514547e-05,0.0004400366935702,0.0002891633064297,0.4138052307750464,0.9732444956211558,3.471428571428571e-05,7.961992136304062,3.421428571428571e-05,7.847313237221493,3.5095238095238094e-05,8.049366535605067,13479272.1265,0.8302666861364073,-790454304.3800001,0.0020964997679995,29.648880911145664,122.60115510727186,53.74710840438457,91.36690647482015,76.52204776732322,-8.63309352517983,True,False,False,567,421,13,2,108334.14558,192924.96493000002,-0.2807909085530945,3,2,-0.06192660550458717,0
1784505600000,0.000436,0.000449,0.000403,0.000409,15343843.79,2026-07-20,-0.0619266055045871,-0.0639270873062325,0.0619266055045871,0.0639712836015113,1.2221696571479437,0.0567363733312818,1.0839468905149845,0.0526048201661079,1.0050136781251398,0.0473576654734335,0.9047669284789188,0.0003928,0.0003950364227546,0.0003584,0.0003778455396628,0.00036435,0.0003850102853502,0.00046924,0.0004704281929453,0.00060595,0.0006421063363647,0.2662538699690404,26.625386996904037,0.2100591715976332,21.005917159763328,-0.0120772946859902,-1.207729468599024,82.0,64.01869158878505,42.97520661157025,0.0003762410692972,0.0003995583739997,-2.3317304702525656e-05,-4.160955263823774e-05,1.829224793571208e-05,4.472432258120313,0.00036435,3.738881763581852e-05,0.0004391276352716,0.0002895723647283,0.4104714437855745,0.7985518319602148,3.771428571428572e-05,9.2210967516591,3.471428571428571e-05,8.48760041914076,3.5952380952380946e-05,8.790313191291183,13467032.234,1.1393634115808855,-805798148.1700001,0.0020901743569287,30.42077031206733,108.05300713557592,52.20634599275823,71.42857142857144,82.28875812118953,-28.57142857142856,True,True,False,567,421,13,2,108334.14558,192924.96493000002,-0.2807909085530945,3,2,0.0317848410757946,1
1784592000000,0.000409,0.000432,0.000403,0.000422,11330777.74,2026-07-21,0.0317848410757946,0.03129015799321,0.0317848410757946,0.062744866289581,1.198738987302721,0.055832822847151,1.066684582753821,0.0529841788400266,1.012261315413888,0.0477356290105132,0.9119879117157822,0.0004078,0.0004040242818364,0.0003671,0.0003858736233604,0.00036445,0.0003885331153168,0.0004631,0.0004685290469326,0.00060477,0.0006377443378901,0.2161383285302593,21.613832853025947,0.2597014925373133,25.970149253731343,0.0047619047619047,0.4761904761904748,82.3529411764706,65.15837104072399,45.79945799457995,0.0003832809047899,0.0004012207166664,-1.7939811876480343e-05,-3.687560448588626e-05,1.893579260940592e-05,4.487154646778654,0.00036445,3.7547829147344565e-05,0.0004395456582946,0.0002893543417053,0.4121040378361318,0.8831779446833216,4.014285714285714e-05,9.51252538930264,3.442857142857143e-05,8.158429248476642,3.438095238095238e-05,8.147145113969758,13588194.224,0.8338692804366261,-794467370.4300001,0.0020855301630101,31.811548845703005,106.64748792766883,53.53082158132117,80.71428571428572,81.16992120589245,-19.285714285714285,False,False,False,567,421,13,2,108334.14558,192924.96493000002,-0.2807909085530945,3,2,0.45023696682464465,1
1784678400000,0.000422,0.000895,0.00041,0.000612,41611465.49,2026-07-22,0.4502369668246446,0.3717269684763143,0.4502369668246446,0.1949933884589885,3.72534345572218,0.1444490793276058,2.759695785641315,0.1119979888318814,2.1397185722358394,0.0806855016499763,1.5414943445973268,0.0004566,0.0004733495212242,0.0003949,0.0004269875100222,0.00037525,0.0004098156757629,0.00046092,0.0004741553622084,0.0006053899999999,0.0006372341526738,0.6630434782608696,66.30434782608697,0.8323353293413176,83.23353293413174,0.5454545454545456,54.54545454545456,91.5360501567398,85.8611825192802,68.1214421252372,0.0004184684578992,0.0004168339969134,1.6344609858075555e-06,-2.91735913915475e-05,3.080805237735505e-05,5.033995486495923,0.00037525,6.6783132916173e-05,0.0005088162658323,0.0002416837341676,0.7118788318845889,1.3862642019848468,0.0001067142857142,17.436974789915965,6.535714285714285e-05,10.679271708683473,5.628571428571428e-05,9.197012138188608,14540401.614000002,2.8617824042724544,-752855904.94,0.0020709164840753,35.067729112603025,379.910540645663,69.87008965180166,51.70648464163824,67.94978059483181,-48.29351535836177,True,False,False,567,421,13,2,108334.14558,192924.96493000002,-0.2807909085530945,3,2,-0.1421568627450981,0
1784764800000,0.000612,0.000643,0.000485,0.000525,43493228.83,2026-07-23,-0.1421568627450981,-0.1533340199207024,0.1421568627450981,0.2283255816586609,4.362154112650599,0.1549137673110381,2.959623368844748,0.1179521371485466,2.253472416102977,0.0830516105936203,1.5866987924936915,0.0004808,0.0004905663474828,0.0004159,0.0004448079627454,0.000382,0.0004207856114045,0.00045742,0.0004761492707273,0.00060523,0.0006350100005453,0.2995049504950493,29.950495049504937,0.6666666666666665,66.66666666666666,0.346153846153846,34.615384615384606,70.38961038961038,69.65811965811966,58.66013071895425,0.0004348579259147,0.0004248462934383,1.0011632476371983e-05,-2.13365466179636e-05,3.1348179094335586e-05,5.971081732254397,0.000382,7.470503400211476e-05,0.0005314100680042,0.0002325899319957,0.7822516649436102,0.9785487414273576,0.0001247142857142,23.755102040816325,7.535714285714285e-05,14.35374149659864,6.119047619047619e-05,11.65532879818594,16021610.765,2.7146601841690665,-796349133.7700001,0.002055034726231,38.80896487070994,198.0571612074501,56.53333973060391,36.86006825938567,56.42694620510323,-63.13993174061434,False,False,True,567,421,13,2,108334.14558,192924.96493000002,-0.2807909085530945,3,2,0.0,0
1784851200000,0.000525,0.00055,0.000506,0.000525,15112073.1,2026-07-24,0.0,0.0,0.0,0.2303894183675519,4.4015836576105976,0.1546173345021684,2.9539600279832383,0.1179979932939572,2.2543484965309344,0.0829161934440822,1.5841116514843925,0.0004986,0.0005020442316552,0.0004371,0.0004593883331553,0.0003881,0.0004307107912707,0.00045442,0.0004780649866665,0.00060433,0.0006328299574943,0.2041284403669723,20.412844036697237,0.6773162939297122,67.73162939297123,0.3027295285359801,30.272952853598014,67.33524355300858,70.10752688172043,59.14332784184514,0.0004487259373124,0.0004322650865169,1.646085079545941e-05,-1.3777067135279e-05,3.0237917930738407e-05,5.759603415378745,0.0003881,8.120792027741774e-05,0.0005505158405548,0.0002256841594451,0.8369793380821202,0.9214490394912536,0.0001231428571428,23.45578231292517,7.635714285714285e-05,14.544217687074829,6.171428571428571e-05,11.755102040816327,16265148.789,0.9291075843228797,-796349133.7700001,0.0020495070759283,42.570675641766506,141.20595529149907,55.43081459178747,36.86006825938567,41.80887372013653,-63.13993174061434,False,False,True,567,421,13,2,108334.14558,192924.96493000002,-0.2807909085530945,3,2,-0.01904761904761887,0
1784937600000,0.000525,0.00053,0.000506,0.000515,9905202.67,2026-07-25,-0.0190476190476188,-0.0192313619278874,0.0190476190476188,0.2256713520190366,4.3114451265865,0.1565538759999915,2.9909576013505377,0.1168315788440432,2.232064179754928,0.0820395174324225,1.5673627797988698,0.0005198,0.0005063628211034,0.0004562999999999,0.0004694995453089,0.00039495,0.0004387383349592,0.0004524,0.0004795134193361,0.00060354,0.0006304949826803,0.2591687041564792,25.91687041564793,0.5944272445820435,59.44272445820435,0.3624338624338625,36.24338624338625,62.07951070336392,69.0677966101695,57.77414075286416,0.0004589219469566,0.0004383935986268,2.0528348329839545e-05,-6.915984042255289e-06,2.7444332372094836e-05,5.328996577105792,0.00039495,8.595070496630315e-05,0.0005668514099326,0.0002230485900673,0.87049707523791,0.8491827089930953,0.0001185714285714,23.02357836338418,7.442857142857141e-05,14.452149791955613,6.147619047619046e-05,11.937124364308826,16366499.0725,0.6052120631371514,-806254336.44,0.002045881970715,47.6141513653893,110.89133779159208,50.111955746535976,35.15358361774746,36.29124004550627,-64.84641638225254,False,False,False,567,421,13,2,108334.14558,192924.96493000002,-0.2807909085530945,3,2,-0.04854368932038844,0
1785024000000,0.000515,0.000523,0.000462,0.00049,19270985.35,2026-07-26,-0.0485436893203884,-0.0497615095590639,0.0485436893203884,0.23134078180935,4.419759430645391,0.1598371798340416,3.053685033023939,0.1157553036519691,2.2115019710819266,0.0820750532767511,1.5680416911515016,0.0005334,0.0005009085474023,0.0004706,0.0004732269007073,0.000402,0.0004436203982964,0.00045044,0.0004799246580047,0.00060246,0.0006277109072472,0.1611374407582937,16.113744075829377,0.4121037463976946,41.21037463976946,0.4040114613180514,40.40114613180514,62.46153846153845,65.7258064516129,57.6797385620915,0.0004637031858864,0.0004422162950248,2.148689086156505e-05,-1.2354090614912196e-06,2.272229992305627e-05,4.637204065929852,0.000402,8.774724467105723e-05,0.0005774944893421,0.0002265055106578,0.8731069121498232,0.7507201232639562,0.0001209999999999,24.693877551020407,7.785714285714286e-05,15.889212827988338,6.314285714285714e-05,12.886297376093294,16704097.0,1.153668189905746,-825525321.7900001,0.0020387620399597,53.023224000071686,76.518604581881,47.51385390772161,30.88737201365188,34.300341296928345,-69.11262798634813,False,True,False,567,421,13,2,108334.14558,192924.96493000002,-0.2807909085530945,3,2,-0.010204081632652962,0
1785110400000,0.00049,0.000498,0.000474,0.000485,13170585.29,2026-07-27,-0.0102040816326529,-0.0102565001671889,0.0102040816326529,0.0577845130076503,1.10397157091518,0.1606265847807261,3.068766593354197,0.1159829859038964,2.2158518343973177,0.0820858159497559,1.568247311730545,0.000508,0.0004956056982682,0.0004823,0.000475367464215,0.0004085,0.0004475613127444,0.0004484,0.0004801236911223,0.00060136,0.0006248829608171,-0.207516339869281,-20.751633986928105,0.3179347826086958,31.793478260869573,0.3661971830985915,36.61971830985916,59.93690851735016,67.63485477178423,57.77414075286416,0.0004669796188269,0.0004453854583563,2.159416047062024e-05,3.330504844931074e-06,1.8263655625689167e-05,3.765702190863746,0.0004085,8.88899378592737e-05,0.0005862798757185,0.0002307201242814,0.8704033082915419,0.7151537109889511,0.0001178571428571,24.300441826215017,7.778571428571428e-05,16.038291605301914,6.242857142857142e-05,12.871870397643589,16436929.228,0.8012801605037122,-838695907.08,0.0020339146688403,58.24715783248888,63.50868010119514,45.75152213353033,30.034129692832774,32.02502844141071,-69.96587030716724,False,False,True,567,421,13,2,108334.14558,192924.96493000002,-0.2807909085530945,3,2,-0.06597938144329896,0
1785196800000,0.000485,0.000514,0.000451,0.000453,13953462.49,2026-07-28,-0.0659793814432989,-0.0682567654544491,0.0659793814432989,0.0275792795458438,0.5269013958965644,0.1621607363145824,3.0980765172542046,0.1161374268741334,2.2188024249907445,0.0825719774732356,1.57753541459512,0.0004936,0.0004814037988454,0.0004872,0.0004713006525396,0.0004145,0.0004480792829592,0.00044592,0.0004790600164564,0.00060004,0.0006214769910551,-0.1371428571428571,-13.714285714285706,0.1212871287128711,12.128712871287128,0.3603603603603602,36.03603603603603,0.0,63.671875,53.96825396825397,0.0004648289082382,0.0004459494984781,1.887940976010233e-05,6.440285827965327e-06,1.2439123932137008e-05,2.7459434728779266,0.0004145,8.756561449621207e-05,0.0005896312289924,0.0002393687710075,0.845024024088898,0.6099175750136072,0.0001227142857142,27.089246294544303,8.142857142857142e-05,17.975402081362343,6.385714285714284e-05,14.0964995269631,16506005.834,0.8453566920022452,-852649369.57,0.0020287692198813,61.27985372747751,46.89538553488001,44.163289894881046,24.57337883959045,28.498293515358373,-75.42662116040955,True,True,False,567,421,13,2,108334.14558,192924.96493000002,-0.2807909085530945,3,2,-0.05298013245033106,0
1785283200000,0.000453,0.00046,0.000409,0.000429,12086034.42,2026-07-29,-0.052980132450331,-0.0544352065550169,0.052980132450331,0.0236701268215238,0.4522171379632389,0.1623068436787676,3.100867894527567,0.1172991966366615,2.2409980051388394,0.0827314266730914,1.5805816872810667,0.0004744,0.0004639358658969,0.0004864999999999,0.0004636096248051,0.0004189,0.0004462622083917,0.0004434,0.000477096877662,0.00059827,0.0006176629896107,-0.1828571428571427,-18.28571428571428,-0.0160550458715597,-1.6055045871559648,0.2580645161290322,25.806451612903235,0.0,60.07604562737642,54.054054054054056,0.0004593167685092,0.0004446939800723,1.4622788436933088e-05,8.07678634975888e-06,6.5460020871742086e-06,1.5258746123949205,0.0004189,8.58725493789259e-05,0.0005906450987578,0.0002471549012421,0.8199813738737256,0.5294040414342196,6.07142857142857e-05,14.152514152514147,8.37142857142857e-05,19.51381951381951,6.38095238095238e-05,14.87401487401487,16707887.4075,0.723372986974685,-864735403.99,0.0020242258717553,63.82277565815453,8.158561181626641,40.67742470860167,18.67364746945899,24.427052000627413,-81.32635253054102,False,True,False,567,421,13,2,108334.14558,192924.96493000002,-0.2807909085530945,3,2,-0.006993006993007089,0
1785369600000,0.000429,0.000445,0.000413,0.000426,4224450.4,2026-07-30,-0.006993006993007,-0.0070175726586466,0.006993006993007,0.0266779349396037,0.5096812313733278,0.1605933067459843,3.0681308173931536,0.1172789553895899,2.2406112966565166,0.0826872790176832,1.579738247508774,0.0004566,0.0004512905772646,0.0004882,0.0004567715112041,0.0004233,0.0004443324742591,0.00044106,0.0004750930776612,0.00059645,0.0006138651687258,-0.1728155339805825,-17.28155339805826,0.0415647921760391,4.1564792176039065,0.2603550295857988,26.03550295857989,0.0,57.82178217821782,56.38474295190713,0.0004541911118155,0.0004433092408077,1.0881871007818462e-05,8.637803281370796e-06,2.2440677264476657e-06,0.5267764616074333,0.0004233,8.373711998362408e-05,0.0005907742399672,0.0002558257600327,0.7912791871828405,0.5080609411946817,4.27142857142857e-05,10.026827632461432,8.37142857142857e-05,19.651240778001338,6.447619047619047e-05,15.1352559803264,16063196.5685,0.2629893982798023,-868959854.39,0.0020226392841024,68.07126160900539,-0.2893099956604095,37.390946102406346,14.571948998178504,19.272991769075983,-85.42805100182149,False,False,True,567,421,13,2,108334.14558,192924.96493000002,-0.2807909085530945,3,2,-0.0821596244131455,0
1785456000000,0.000426,0.000426,0.000381,0.000391,10234652.79,2026-07-31,-0.0821596244131455,-0.0857317862840046,0.0821596244131455,0.0336563795370625,0.6430042282078103,0.1631820529780398,3.1175887447122737,0.1192627597745317,2.278511826214371,0.0831324721927036,1.588243651175028,0.0004368,0.0004311937181764,0.0004850999999999,0.0004448130546216,0.0004261,0.0004392531909963,0.0004375,0.0004717953085232,0.0005944199999999,0.0006094491315378,-0.2020408163265306,-20.204081632653057,-0.0734597156398104,-7.345971563981041,0.1671641791044775,16.716417910447763,0.0,52.21579961464354,52.848101265822784,0.0004444694023054,0.0004394344822293,5.034920076088241e-06,7.917226640314286e-06,-2.882306564226045e-06,-0.7371628041498837,0.0004261,8.153649489642023e-05,0.0005891729897928,0.0002630270102071,0.7654212147047194,0.3923794797514008,4.285714285714284e-05,10.96090610157106,8.299999999999998e-05,21.227621483375955,6.519047619047619e-05,16.672756058945314,15576294.098,0.6570659699674091,-879194507.18,0.0020187396088627,70.64950428365472,-31.388944190059096,31.928284074422336,4.725897920604917,12.657164796080808,-95.27410207939508,False,True,False,567,421,13,2,108334.14558,192924.96493000002,-0.2807909085530945,3,2,-0.002557544757033292,0
1785542400000,0.000391,0.000413,0.00039,0.00039,4100119.83,2026-08-01,-0.0025575447570332,-0.0025608208616737,0.0025575447570332,0.0356702839001372,0.6814798170404472,0.0452821929499376,0.8651150815930304,0.1192596914029236,2.278453205057108,0.0830283107645945,1.5862536498851827,0.0004178,0.0004174624787842,0.0004629,0.0004348470446904,0.0004289,0.0004345624109014,0.0004343,0.0004685876480697,0.00059215,0.000605100838482,-0.1958762886597939,-19.587628865979383,-0.3627450980392157,-36.274509803921575,0.1676646706586826,16.766467065868266,0.0,48.55371900826446,54.6644844517185,0.0004360894942584,0.0004357726687308,3.168255275693604e-07,6.3971464177653005e-06,-6.08032089019594e-06,-1.5590566385117794,0.0004289,7.913339836526715e-05,0.0005871667967305,0.0002706332032694,0.738012575101582,0.3771062509522092,4.271428571428572e-05,10.952380952380954,8.064285714285713e-05,20.677655677655675,6.385714285714286e-05,16.373626373626372,15281010.385999998,0.2683147073675446,-883294627.01,0.0020171810030453,72.86558527800973,-37.35202652784221,27.33216476939826,1.750972762645915,7.016273227143117,-98.2490272373541,False,False,True,567,421,13,2,108334.14558,192924.96493000002,-0.2807909085530945,3,2,0.0,0
1785628800000,0.00039,0.000412,0.00039,0.00039,2231123.79,2026-08-02,0.0,0.0,0.0,0.0368289438445403,0.7036159841966872,0.0306739753622577,0.5860254764525205,0.1181659379479529,2.25755707464033,0.0830286777210344,1.586260660578123,0.0004052,0.0004083083191895,0.0004494,0.0004266930365648,0.00043265,0.000430318371768,0.00043118,0.0004655057783218,0.00058957,0.0006008387587548,-0.1390728476821192,-13.90728476821192,-0.2571428571428571,-25.71428571428571,0.2380952380952379,23.809523809523803,0.0,44.91150442477876,54.06301824212272,0.000428998802834,0.0004323821006767,-3.383297842666957e-06,4.4410575656788485e-06,-7.824355408345805e-06,-2.006244976498924,0.00043265,7.512745310816996e-05,0.0005829049062163,0.0002823950937836,0.6945794809492196,0.3580745179175988,3.714285714285714e-05,9.523809523809522,7.907142857142857e-05,20.274725274725277,6.428571428571429e-05,16.483516483516482,15103995.0795,0.1477174600664567,-883294627.01,0.0020163339553424,73.97686036655755,-43.293763764301424,23.966641620087685,1.750972762645915,2.742614481965587,-98.2490272373541,False,False,False,567,421,13,2,108334.14558,192924.96493000002,-0.2807909085530945,3,2,0.11282051282051286,1
1785715200000,0.00039,0.000493,0.000378,0.000434,7693722.96,2026-08-03,0.1128205128205128,0.1068977949767127,0.1128205128205128,0.0697226396445658,1.3320491600677455,0.05419369770152,1.0353691408168222,0.1199523301929057,2.291686050559364,0.0842221862168056,1.60906260837342,0.0004061999999999,0.000416872212793,0.0004403,0.0004280215753712,0.0004387,0.0004306690030282,0.0004296,0.0004642702571426,0.0005872799999999,0.0005975330008024,0.0116550116550115,1.1655011655011558,-0.1733333333333333,-17.333333333333332,0.3865814696485621,38.658146964856215,41.12149532710279,52.66524520255862,57.453416149068325,0.0004297682177826,0.000432501945071,-2.733727288378761e-06,3.0061005948673263e-06,-5.739827883246088e-06,-1.3225409869230618,0.0004387,6.965788578923092e-05,0.0005780157715784,0.0002993842284215,0.6351300277112462,0.4831318452076582,5.014285714285713e-05,11.553653719552337,8.399999999999998e-05,19.354838709677416,6.857142857142857e-05,15.799868334430547,15139635.620999996,0.5081841566469495,-875600904.05,0.0020134876089752,73.89344013715193,-9.947955675904137,27.759595909216216,10.831721470019335,4.77788899843706,-89.16827852998067,True,True,False,567,421,13,2,108334.14558,192924.96493000002,-0.2807909085530945,3,2,0.048387096774193505,1
1785801600000,0.000434,0.000524,0.000434,0.000455,6477230.95,2026-08-04,0.0483870967741935,0.0472528848505455,0.0483870967741935,0.0718616147030951,1.3729142211819627,0.0580471794544773,1.1089898063356622,0.120078139339922,2.294089630938224,0.0842024060753326,1.6086847093011891,0.0004119999999999,0.0004295814751953,0.0004343,0.0004329267434855,0.0004452999999999,0.000432986240835,0.00042894,0.0004639067175166,0.00058538,0.000594708873488,0.068075117370892,6.807511737089202,-0.1165048543689321,-11.650485436893211,0.4086687306501548,40.86687306501548,62.49999999999999,53.45911949685534,59.06344410876133,0.0004336500304314,0.0004341684676583,-5.184372268899175e-07,2.301193030515878e-06,-2.8196302574057957e-06,-0.6196989576716033,0.0004452999999999,6.415450101118361e-05,0.0005736090020223,0.0003169909979776,0.5762811678525366,0.5377993743506365,5.4e-05,11.868131868131869,8.835714285714284e-05,19.419152276295133,7.228571428571428e-05,15.886970172684457,14860987.209500004,0.4358546884327697,-869123673.0999999,0.0020111537153521,73.3931171029103,24.216872377693747,31.07751112408133,14.893617021276595,9.15877041798062,-85.10638297872342,True,False,False,567,421,13,2,108334.14558,192924.96493000002,-0.2807909085530945,3,2,-0.10769230769230764,0
1785888000000,0.000455,0.000455,0.0004,0.000406,6902338.62,2026-08-05,-0.1076923076923076,-0.1139442593492177,0.1076923076923076,0.0808619422471726,1.5448652374736629,0.0649242894114409,1.2403768075818329,0.1228595522195036,2.3472284493899567,0.0849742004211812,1.6234298195748902,0.000415,0.0004217209834635,0.0004259,0.0004280309719427,0.0004482499999999,0.0004304161226602,0.0004266,0.0004616358650676,0.00058304,0.0005909698687944,0.0383631713554986,3.836317135549868,-0.1714285714285713,-17.14285714285714,0.1700288184438041,17.00288184438041,43.33333333333333,19.345238095238106,55.07042253521127,0.0004293961795958,0.0004320819144985,-2.685734902623665e-06,1.303807443887969e-06,-3.989542346511634e-06,-0.9826458981555748,0.0004482499999999,6.06576892335329e-05,0.000569565378467,0.0003269346215329,0.5412844549562336,0.3258670890126687,5.4571428571428566e-05,13.441238564391272,5.7642857142857134e-05,14.197748064743138,7.4e-05,18.22660098522168,14379114.153,0.4800253024321337,-876026011.7199999,0.0020085928442634,68.5620239440242,-45.17538168764329,7.758671555459642,10.566037735849047,12.097125409048331,-89.43396226415096,False,True,False,567,421,13,2,108334.14558,192924.96493000002,-0.2807909085530945,3,2,-0.036945812807881784,0
1785974400000,0.000406,0.00043,0.000384,0.000391,5564745.62,2026-08-06,-0.0369458128078817,-0.0376455996163668,0.0369458128078817,0.0836323739255285,1.5977942603705553,0.0651756063278965,1.245178210529026,0.1228513680856944,2.347072091733075,0.0847825092698312,1.619767565270553,0.0004151999999999,0.0004114806556423,0.0004165,0.0004212980679531,0.0004494,0.0004266622062164,0.0004234399999999,0.0004588658302272,0.00058051,0.0005870077891839,0.0025641025641025,0.2564102564102626,-0.1938144329896907,-19.381443298969074,0.0625,6.250000000000004,50.0,24.62121212121214,55.38243626062323,0.0004234890750426,0.0004290388097208,-5.549734678168274e-06,-6.690098052328011e-08,-5.482833697644994e-06,-1.4022592577097173,0.0004494,5.925804409080376e-05,0.0005679160881816,0.0003308839118183,0.5274414249292725,0.2536199477386093,5.657142857142857e-05,14.468396054073802,4.9642857142857136e-05,12.69638290098648,7.466666666666666e-05,19.09633418584825,13574568.312,0.4099390486753624,-881590757.3399999,0.0020065100408588,64.00454584739772,-73.04813781497721,10.53490759650346,7.558139534883715,11.00593143066979,-92.44186046511628,False,True,False,567,421,13,2,108334.14558,192924.96493000002,-0.2807909085530945,3,2,0.09462915601023014,1
1786060800000,0.000391,0.000439,0.000391,0.000428,5425088.02,2026-08-07,0.0946291560102301,0.0904156355964309,0.0946291560102301,0.092889793438287,1.774657011827296,0.0718698321677235,1.3730712156232512,0.1227319426967907,2.344790472881712,0.0857986616533682,1.6391811292992735,0.0004228,0.0004169871037615,0.000414,0.0004225166010525,0.0004506,0.0004267896151482,0.0004213799999999,0.0004576554051278,0.00057828,0.0005838573428717,0.0974358974358975,9.743589743589745,-0.0551876379690949,-5.518763796909495,0.0594059405940594,5.940594059405938,61.44578313253012,33.88704318936877,57.75978407557355,0.0004241830634976,0.0004289618608526,-4.778797354984272e-06,-1.0092802554154788e-06,-3.769517099568793e-06,-0.8807282942917741,0.0004506,5.852880532375094e-05,0.0005676576106475,0.0003335423893524,0.5195632962605496,0.4034663364689036,5.699999999999999e-05,13.317757009345794,4.992857142857141e-05,11.665554072096125,7.433333333333333e-05,17.367601246105917,12966126.1375,0.4184046925403435,-876165669.3199999,0.0020045069960082,58.97604630955238,-51.94951543835922,15.757240607065071,32.89473684210525,17.00630470427934,-67.10526315789474,True,False,False,567,421,13,2,108334.14558,192924.96493000002,-0.2807909085530945,3,2,-0.03504672897196259,0
1786147200000,0.000428,0.000458,0.000409,0.000413,7684535.86,2026-08-08,-0.0350467289719625,-0.035675602620764,0.0350467289719625,0.0794008352232488,1.5169508269764629,0.0707081615330628,1.3508775293104054,0.1219482954060388,2.329818912413593,0.0849766291285922,1.6234762199648267,0.0004186,0.0004156580691743,0.0004124,0.0004207863099521,0.00044945,0.0004254763184674,0.0004199799999999,0.0004559042122352,0.00057522,0.0005804721573263,-0.0483870967741935,-4.838709677419348,-0.0372960372960373,-3.729603729603732,-0.0527522935779817,-5.275229357798169,56.353591160221,33.33333333333333,56.03217158176944,0.0004224625921903,0.0004277795007894,-5.3169085991561465e-06,-1.8708059241636127e-06,-3.446102674992534e-06,-0.834407427358967,0.00044945,5.905436834855309e-05,0.0005675587366971,0.0003313412633028,0.5255700820874678,0.3456930409243252,6.07142857142857e-05,14.700795572466273,5.17142857142857e-05,12.521618817018329,7.4e-05,17.917675544794186,12790783.4005,0.6007869588112646,-883850205.18,0.0020016914434731,53.47063165627918,-41.76224531102398,22.46647211671537,23.97260273972601,21.475159705571667,-76.02739726027399,True,False,False,567,421,13,2,108334.14558,192924.96493000002,-0.2807909085530945,3,2,0.06779661016949157,1
1786233600000,0.000413,0.00047,0.000412,0.000441,7356955.88,2026-08-09,0.0677966101694915,0.0655972824858132,0.0677966101694915,0.0831901162371879,1.5893449390985728,0.0739501677174024,1.4128159704939145,0.1217471728107512,2.3259764706258297,0.0854575070192784,1.6326633791666174,0.0004158,0.0004241053794495,0.0004139,0.0004244615263244,0.00045105,0.0004269547643276,0.00041934,0.0004553197331526,0.00057021,0.000577708834717,-0.0307692307692307,-3.07692307692308,0.0352112676056337,3.521126760563377,0.0782396088019559,7.823960880195591,52.121212121212125,42.071197411003226,56.266666666666666,0.0004253145010841,0.0004287587970272,-3.444295943175581e-06,-2.1855039279660064e-06,-1.2587920152095749e-06,-0.2854403662606745,0.00045105,5.832980189806615e-05,0.0005677096037961,0.0003343903962038,0.5172801409871735,0.4569259637742175,6.585714285714285e-05,14.933592484612891,5.149999999999999e-05,11.678004535147393,7.466666666666666e-05,16.93121693121693,12391439.005,0.5937127945375381,-876493249.3,0.0019990297573463,47.90627951849121,-24.221215863867123,32.35503673304373,43.15068493150682,33.33934150444603,-56.84931506849319,True,False,False,567,421,13,2,108334.14558,192924.96493000002,-0.2807909085530945,3,2,-0.06349206349206349,0
1786320000000,0.000441,0.000447,0.000412,0.000413,4916809.25,2026-08-10,-0.0634920634920634,-0.0655972824858132,0.0634920634920634,0.0707643990817766,1.3519519461699834,0.071680382575123,1.3694517862386908,0.1227006215920352,2.3441920840155595,0.0849578978680334,1.6231183597343255,0.0004172,0.0004204035862997,0.0004161,0.0004223776124472,0.0004506,0.0004256257391536,0.00041728,0.0004536601353064,0.00056419,0.0005744455399623,0.0172413793103447,1.7241379310344844,0.0562659846547315,5.626598465473143,-0.0213270142180095,-2.1327014218009483,37.7906976744186,39.15662650602408,52.972258916776745,0.0004234199624557,0.0004275914787289,-4.171516273182596e-06,-2.5827063970093246e-06,-1.588809876173271e-06,-0.3846997278869905,0.0004506,5.85998024066568e-05,0.0005677996048133,0.0003334003951866,0.5201935411154621,0.339589902799191,5.442857142857144e-05,13.17883085437565,5.228571428571429e-05,12.659979245935665,7.414285714285715e-05,17.95226565202352,12070740.5805,0.4073328572683428,-881410058.55,0.001997236597354,41.98004683063933,-48.0914978641313,35.625769698371,23.97260273972601,30.36529680365295,-76.02739726027399,False,False,False,567,421,13,2,108334.14558,192924.96493000002,-0.2807909085530945,3,2,-0.10169491525423724,0
1786406400000,0.000413,0.000413,0.000351,0.000371,24422702.98,2026-08-11,-0.1016949152542372,-0.1072455303535975,0.1016949152542372,0.0849507806845926,1.6229823861356103,0.0796797248193528,1.5222790052286888,0.0664806113483256,1.270110296436967,0.0860234311195144,1.643475343920453,0.0004132,0.0004039357241998,0.0004142,0.0004130362283659,0.00043855,0.0004204232878056,0.0004140999999999,0.0004504185604951,0.0005589,0.0005704148164335,-0.0511508951406649,-5.115089514066495,-0.0487179487179486,-4.871794871794865,-0.3937908496732026,-39.37908496732026,39.39393939393939,38.01169590643275,47.83748361730014,0.0004153553528472,0.0004233995173416,-8.044164494433285e-06,-3.674998016494118e-06,-4.369166477939168e-06,-1.177672905104897,0.00043855,4.736584934532986e-05,0.0005332816986906,0.0003438183013093,0.4320223403974905,0.1434667543512534,5.042857142857143e-05,13.592606854062378,5.2214285714285705e-05,14.0739314593762,7.57142857142857e-05,20.40816326530612,11211302.455,2.1784001527055405,-905832761.53,0.0019881330117302,37.015220907315786,-113.99954985370238,33.54586889601369,11.560693641618494,26.227993770950448,-88.43930635838151,False,True,False,567,421,13,2,108334.14558,192924.96493000002,-0.2807909085530945,3,2,0.0026954177897573484,1
1786492800000,0.000371,0.000388,0.00036,0.000372,6597184.5,2026-08-12,0.0026954177897573,0.0026917916657113,0.0026954177897573,0.0648814997916935,1.2395593130444085,0.0796922657445182,1.5225185992675578,0.0603797828598742,1.1535541318226166,0.0853712428431433,1.631015304395633,0.000402,0.0003932904827998,0.0004124,0.0004055750959357,0.0004308999999999,0.0004158115461098,0.0004117599999999,0.0004473433220286,0.00055513,0.0005664838036519,-0.1308411214953271,-13.08411214953271,-0.0461538461538462,-4.615384615384617,-0.2914285714285713,-29.142857142857142,43.70860927152316,41.06583072100313,45.62841530054645,0.000408685298563,0.0004195921456867,-1.0906847123681676e-05,-5.12136783793163e-06,-5.785479285750044e-06,-1.5552363671371088,0.0004308999999999,4.4963025745655577e-05,0.0005208260514913,0.0003409739485086,0.4173871036960368,0.1725086945150093,4.657142857142857e-05,12.519201228878648,5.057142857142856e-05,13.594470046082948,5.395238095238095e-05,14.50332821300563,9366500.2385,0.7043382621059441,-899235577.03,0.0019856838585518,32.357855136148565,-122.245162529409,35.727700023393254,12.138728323699402,15.890674901681308,-87.8612716763006,False,False,True,567,421,13,2,108334.14558,192924.96493000002,-0.2807909085530945,3,2,-0.09139784946236562,0
1786579200000,0.000372,0.000372,0.000338,0.000338,9027991.45,2026-08-13,-0.0913978494623656,-0.0958479587901278,0.0913978494623656,0.0714216430222543,1.3645085740219416,0.0729192355094899,1.3931200383169735,0.0625756576947663,1.1955062616378838,0.086277813713341,1.6483353165515815,0.000387,0.0003748603218665,0.0004028,0.0003932887148565,0.00042155,0.0004084009226708,0.0004089,0.000443055347544,0.00054981,0.0005619571070784,-0.1815980629539952,-18.159806295399523,-0.2211981566820277,-22.119815668202765,-0.3561904761904761,-35.61904761904762,19.594594594594568,37.42857142857142,45.19621109607578,0.0003978106372456,0.0004135482830432,-1.573764579760879e-05,-7.244623429867064e-06,-8.493022367741727e-06,-2.512728511166192,0.00042155,4.379314414012965e-05,0.0005091362882802,0.0003339637117197,0.4155440079718149,0.0230417817646523,4.485714285714286e-05,13.271344040574812,5.071428571428572e-05,15.004226542688082,4.804761904761904e-05,14.2152719075796,9062296.156,0.996214567984816,-908263568.48,0.0019822945923201,27.86388760887119,-163.1455399061034,34.63193832763615,0.0,7.899807321772637,-100.0,False,True,False,567,421,13,2,108334.14558,192924.96493000002,-0.2807909085530945,3,2,-0.047337278106508784,0
1786665600000,0.000338,0.000339,0.00031,0.000322,18310786.16,2026-08-14,-0.0473372781065087,-0.0484943499386103,0.0473372781065087,0.0413135704127239,0.7892946544796754,0.0687777307639873,1.3139967012519047,0.0628739171759992,1.2012045010258907,0.0864931634356116,1.6524495672187056,0.0003632,0.0003572402145777,0.0003895,0.0003803271303371,0.0004119,0.0004001722633688,0.00040582,0.0004383080778728,0.00054437,0.0005572031497731,-0.2698412698412697,-26.984126984126977,-0.2923076923076922,-29.230769230769223,-0.374757281553398,-37.47572815533981,19.463087248322125,39.57703927492447,43.26145552560647,0.0003861474622847,0.0004067669287437,-2.061946645897473e-05,-9.9195920356886e-06,-1.0699874423286133e-05,-3.322942367480165,0.0004119,4.337947610751406e-05,0.000498658952215,0.0003251410477849,0.4212622103181749,-0.0181021537534648,4.214285714285714e-05,13.087843833185447,4.9571428571428566e-05,15.394853593611357,4.733333333333333e-05,14.699792960662524,9482575.3305,1.9309929551632152,-926574354.64,0.0019753559651708,24.03772200670057,-193.3224534203726,33.23842480916443,5.607476635514027,5.915401653071148,-94.39252336448595,False,True,False,567,421,13,2,108334.14558,192924.96493000002,-0.2807909085530945,3,2,-0.03416149068322982,0
1786752000000,0.000322,0.000325,0.000309,0.000311,11952284.65,2026-08-15,-0.0341614906832298,-0.0347586333651741,0.0341614906832298,0.0427931470794482,0.8175619270071233,0.0634960945846294,1.213091183727577,0.062628107517023,1.1965083140851074,0.0864969549655667,1.6525220042967883,0.0003428,0.0003418268097184,0.00038,0.0003677221975486,0.00040295,0.0003916796668575,0.00040284,0.0004333156030788,0.00053973,0.0005523254951587,-0.2469733656174333,-24.697336561743334,-0.2339901477832512,-23.39901477832512,-0.3653061224489795,-36.53061224489795,0.7575757575757223,38.41642228739003,23.26820603907637,0.0003745863142409,0.0003996730821701,-2.5086767929173223e-05,-1.2953027214385526e-05,-1.2133740714787695e-05,-3.901524345590899,0.00040295,4.485822696350975e-05,0.000492666453927,0.0003132335460729,0.4452981954437003,-0.0124478062563494,3.742857142857144e-05,12.034910427193386,4.9071428571428574e-05,15.77859439595774,4.695238095238095e-05,15.097228602051752,9116640.2955,1.3110404998538423,-938526639.29,0.0019708344350874,20.337196099990965,-179.81372362668708,31.755774861212306,0.9302325581395572,2.179236397884533,-99.06976744186044,False,True,False,567,421,13,2,108334.14558,192924.96493000002,-0.2807909085530945,3,2,-0.032154340836012985,0
1786838400000,0.000311,0.00033,0.0003,0.000301,9718011.63,2026-08-16,-0.0321543408360129,-0.0326826474303585,0.0321543408360129,0.0339595572829208,0.6487964309095532,0.0634097240507819,1.2114410769953512,0.0626283802224635,1.196513524115232,0.0865726283008574,1.6539677413375455,0.0003287999999999,0.0003282178731456,0.000371,0.0003555908889034,0.00039375,0.0003830435081091,0.0003997999999999,0.000428126754749,0.00053474,0.0005473464065981,-0.1886792452830189,-18.86792452830189,-0.2301790281329924,-23.01790281329924,-0.379381443298969,-37.93814432989692,0.8771929824561226,37.32193732193731,26.954732510288068,0.0003632653428192,0.0003923639649723,-2.909862215307019e-05,-1.618214620212246e-05,-1.2916475950947733e-05,-4.291188023570674,0.00039375,4.599871279657001e-05,0.0004857474255931,0.0003017525744068,0.4672885109492826,-0.0040901927527203,3.342857142857144e-05,11.105837683910776,4.964285714285715e-05,16.49264356905553,4.547619047619048e-05,15.108368928966934,8944011.6125,1.086538351137455,-948244650.92,0.0019671659282346,16.967517650098614,-166.1312528682882,30.402890204227432,0.4464285714285821,2.3280459216940605,-99.55357142857142,True,True,False,567,421,13,2,108334.14558,192924.96493000002,-0.2807909085530945,3,2,0.0830564784053156,1
1786924800000,0.000301,0.000345,0.000301,0.000326,8244986.8,2026-08-17,0.0830564784053156,0.0797871166178319,0.0830564784053156,0.0646473932321644,1.2350867135046222,0.0610660660242361,1.1666655532678918,0.0658669183723455,1.2583857085934609,0.086919085552451,1.6605867978353668,0.0003196,0.0003274785820971,0.0003608,0.0003502107272846,0.0003874,0.0003776107930511,0.0003978999999999,0.0004241217831216,0.0005296999999999,0.0005429612841398,-0.1236559139784946,-12.365591397849457,-0.2383177570093457,-23.83177570093458,-0.2803532008830022,-28.03532008830022,26.8041237113402,33.73493975903614,30.528375733855185,0.0003575322131547,0.0003874481157151,-2.991590256036216e-05,-1.89288974737704e-05,-1.0987005086591757e-05,-3.370246959077225,0.0003874,4.615465991178911e-05,0.0004797093198235,0.0002950906801764,0.4765581818460414,0.1674225304804119,3.471428571428571e-05,10.64855390008764,4.4571428571428574e-05,13.672217353198947,4.642857142857143e-05,14.241893076248903,8658587.827999998,0.9522322766464872,-939999664.12,0.0019640917371593,15.127647162439205,-121.81850096542044,29.449537938967808,11.607142857142868,4.327934662237007,-88.39285714285712,True,False,False,567,421,13,2,108334.14558,192924.96493000002,-0.2807909085530945,3,2,0.04907975460122693,1
1787011200000,0.000326,0.000345,0.000321,0.000342,9230535.73,2026-08-18,0.0490797546012269,0.0479133556958974,0.0490797546012269,0.0584820543535776,1.1172980796172545,0.0652090126239958,1.2458164369198634,0.066658089326749,1.273501008453819,0.0872151272126118,1.666242665811288,0.0003204,0.0003323190547314,0.0003537,0.0003487178677783,0.00038305,0.000374219288951,0.0003963599999999,0.0004209013203793,0.00052441,0.0005389800504226,0.0118343195266272,1.1834319526627346,-0.1719128329297821,-17.191283292978206,-0.2027972027972028,-20.27972027972028,36.60714285714287,32.7217125382263,33.268858800773685,0.0003551426419001,0.0003840815886251,-2.893894672493163e-05,-2.0930907324002647e-05,-8.008039400928983e-06,-2.341531988575726,0.00038305,4.612736942987624e-05,0.0004753047388597,0.0002907952611402,0.4816851004294609,0.2775182039027555,2.9285714285714284e-05,8.563074352548036,3.985714285714286e-05,11.654135338345863,4.4571428571428574e-05,13.032581453634084,8515812.8935,1.0839289032577897,-930769128.39,0.0019606887793824,14.464283483057333,-87.93353406936548,29.52198681269517,24.7058823529412,12.253151260504223,-75.2941176470588,False,False,False,567,421,13,2,108334.14558,192924.96493000002,-0.2807909085530945,3,2,0.008771929824561209,1
1787097600000,0.000342,0.00036,0.000335,0.000345,13205505.87,2026-08-19,0.0087719298245612,0.0087336799687544,0.0087719298245612,0.051167014696598,0.9775444431999436,0.0590889080961726,1.1288920040904027,0.0667781470797878,1.2757947086050203,0.0872101465871674,1.6661475110957784,0.000325,0.0003365460364876,0.0003441,0.0003480418918186,0.000379,0.0003714364995271,0.0003949799999999,0.0004179247974263,0.00051996,0.0005351371560348,0.0714285714285714,7.142857142857132,-0.217687074829932,-21.7687074829932,-0.1901408450704226,-19.01408450704226,54.320987654320994,39.14590747330959,35.35353535353535,0.000353582235454,0.0003811866561343,-2.760442068036438e-05,-2.2265609995275e-05,-5.338810685089383e-06,-1.5474813579969229,0.000379,4.571191253231904e-05,0.0004704238250646,0.0002875761749353,0.4824476256709132,0.3140528468593307,2.885714285714286e-05,8.364389233954453,3.771428571428572e-05,10.931677018633543,4.333333333333333e-05,12.560386473429949,8964865.667,1.47302886183894,-917563622.52,0.0019558768571785,15.208278500647264,-62.45700921722376,37.52260484624375,26.470588235294123,20.927871148459403,-73.52941176470587,True,False,False,567,421,13,2,108334.14558,192924.96493000002,-0.2807909085530945,3,2,-0.020289855072463836,0
1787184000000,0.000345,0.000366,0.000333,0.000338,14485964.64,2026-08-20,-0.0202898550724638,-0.020498521548341,0.0202898550724638,0.0481262735789373,0.9194511657163056,0.0573251016360063,1.0951945289838412,0.0645767177525764,1.2337364603629952,0.0872280934272736,1.6664903849945767,0.0003304,0.0003370306909917,0.0003366,0.0003462160933061,0.00037635,0.0003682520710007,0.00039334,0.0004147904910528,0.00051557,0.0005312317512824,0.0868167202572345,8.681672025723456,-0.1815980629539952,-18.159806295399523,-0.1355498721227622,-13.554987212276226,61.11111111111108,40.29304029304028,35.21126760563379,0.000351184968461,0.0003779876445688,-2.6802676107778957e-05,-2.317302321777579e-05,-3.6296528900031647e-06,-1.0738618017760844,0.00037635,4.650894084948972e-05,0.0004693678816989,0.000283332118301,0.4943158320657868,0.2938568407518314,2.871428571428572e-05,8.495350803043111,3.678571428571429e-05,10.883347421808963,4.3380952380952376e-05,12.83460129613976,9177431.2595,1.5784334668815831,-932049587.16,0.001950627984181,14.97756652444602,-57.95591182364735,35.58936061591807,22.352941176470587,24.509803921568643,-77.64705882352942,True,True,False,567,421,13,2,108334.14558,192924.96493000002,-0.2807909085530945,3,2,0.03254437869822491,1
1787270400000,0.000338,0.000374,0.000315,0.000349,21062796.61,2026-08-21,0.0325443786982249,0.0320260267194084,0.0325443786982249,0.0392530278094398,0.7499280433189305,0.0510071105270457,0.974489478330148,0.0651291539841469,1.2442907397477945,0.0869726677617072,1.6616104845058408,0.00034,0.0003410204606611,0.0003344,0.0003467222581595,0.0003743,0.0003664185404292,0.0003924,0.0004122104713276,0.00051144,0.0005276216626042,0.1594684385382061,15.946843853820608,-0.0592991913746629,-5.929919137466305,-0.105128205128205,-10.512820512820504,76.38888888888886,34.00809716599191,39.07563025210084,0.000350848819467,0.0003758404116378,-2.499159217076444e-05,-2.3536737008373523e-05,-1.4548551623909193e-06,-0.4168639433784868,0.0003743,4.677842507636982e-05,0.0004678568501527,0.0002807431498472,0.4999030197848763,0.3647880943047163,3.3e-05,9.45558739255014,3.757142857142857e-05,10.765452312730249,4.404761904761905e-05,12.621094282985398,10025565.0985,2.100908667298102,-910986790.55,0.0019430583847102,15.871535015501893,-52.3483237510174,41.07883274402992,28.82352941176474,25.88235294117649,-71.17647058823526,True,True,False,567,421,13,2,108334.14558,192924.96493000002,-0.2807909085530945,3,2,0.13180515759312317,1
1787356800000,0.000349,0.00042,0.000349,0.000395,23037199.97,2026-08-22,0.1318051575931231,0.1238138426986946,0.1318051575931231,0.0573923852116451,1.096479979891508,0.0669860558097278,1.2797667993132773,0.0718282373079184,1.3722765469424754,0.0888862997071558,1.698170371489584,0.0003538,0.0003590136404407,0.0003367,0.0003555000294032,0.0003745499999999,0.0003691405841978,0.0003925,0.0004115355507657,0.00050741,0.0005249943931216,0.2116564417177913,21.16564417177914,0.0618279569892472,6.182795698924736,0.0128205128205127,1.2820512820512855,93.51851851851852,46.76258992805755,46.58634538152611,0.0003576413087798,0.0003772596404054,-1.961833162557379e-05,-2.275305593181358e-05,3.1347243062397896e-06,0.7936010901872885,0.0003745499999999,4.6879997979098527e-05,0.0004683099959581,0.0002807900040418,0.5006540966930827,0.609055038830834,4.085714285714285e-05,10.343580470162744,3.9142857142857145e-05,9.909584086799276,4.6333333333333326e-05,11.729957805907173,11065868.9075,2.0818247679028903,-887949590.5799999,0.0019350761610832,16.150495710940167,14.722687289059094,46.25081602202303,55.882352941176485,35.686274509803944,-44.11764705882352,True,False,False,567,421,13,2,108334.14558,192924.96493000002,-0.2807909085530945,3,2,-0.07341772151898729,0
1787443200000,0.000395,0.000424,0.000342,0.000366,24303404.64,2026-08-23,-0.0734177215189872,-0.0762524314997555,0.0734177215189872,0.0759098310297637,1.4502552855077124,0.0642054586981978,1.2266435660882855,0.0688618347033589,1.3156035047574737,0.0894401230483619,1.708751151566761,0.0003586,0.0003613424269605,0.0003395,0.0003574091149663,0.00037115,0.0003688414809409,0.00039176,0.0004097498425934,0.00050253,0.0005218446990931,0.0701754385964912,7.017543859649118,0.0828402366863907,8.284023668639062,-0.1566820276497695,-15.668202764976952,67.85714285714286,36.55913978494624,44.27480916030535,0.0003589272612752,0.0003764255929679,-1.7498331692725384e-05,-2.1702111083995945e-05,4.203779391270561e-06,1.1485736041722845,0.00037115,4.475932716669252e-05,0.0004606686543333,0.0002816313456666,0.48238531231785,0.4712350457100238,4.828571428571427e-05,13.192818110850894,4.085714285714286e-05,11.163153786104608,4.9190476190476185e-05,13.440020817069994,11896352.9915,2.0429290100390345,-912252995.22,0.0019266861037218,18.0360624706488,2.4860694384911333,37.74942783524119,44.89795918367348,43.2012805122049,-55.10204081632652,True,True,False,567,421,13,2,108334.14558,192924.96493000002,-0.2807909085530945,3,2,-0.016393442622950727,0
1787529600000,0.000366,0.000395,0.000316,0.00036,23339089.09,2026-08-24,-0.0163934426229507,-0.0165293019512104,0.0163934426229507,0.0773203415100533,1.4772030503960565,0.0618487235964002,1.1816182051889386,0.0676701842892972,1.2928370555633923,0.0890097366011974,1.7005286300389983,0.0003616,0.000360894951307,0.0003433,0.0003578801849724,0.0003664,0.000367999435137,0.0003914,0.00040779886806,0.00049723,0.0005186385662497,0.0434782608695654,4.347826086956533,0.1180124223602483,11.801242236024844,-0.2087912087912087,-20.87912087912088,58.82352941176471,39.688715953307394,46.86868686868687,0.0003590922980021,0.0003752088823777,-1.611658437561934e-05,-2.0585005742320624e-05,4.468421366701285e-06,1.2412281574170234,0.0003664,4.020133540586705e-05,0.0004468026708117,0.0002859973291882,0.4388792074876315,0.4602003270825055,5.328571428571428e-05,14.8015873015873,4.399999999999999e-05,12.22222222222222,4.747619047619048e-05,13.187830687830688,12739445.8985,1.8320332984614387,-935592084.31,0.0019186089519458,20.447550332324944,-25.24333812031262,34.67270763754041,48.38709677419358,49.72246963301452,-51.61290322580643,False,True,False,567,421,13,2,108334.14558,192924.96493000002,-0.2807909085530945,3,2,0.0,0
1787616000000,0.00036,0.000378,0.000333,0.00036,18266232.24,2026-08-25,0.0,0.0,0.0,0.0757948698173831,1.4480589546290694,0.059873379556726,1.1438793103004707,0.0636067847030416,1.2152059154705297,0.088275011857944,1.6864917335284693,0.000366,0.0003605966342046,0.0003482,0.0003582656058865,0.0003641,0.0003672375841716,0.00039162,0.000405924402356,0.00049227,0.0005154959716833,0.0650887573964498,6.508875739644984,0.157556270096463,15.7556270096463,-0.1133004926108374,-11.330049261083738,57.5757575757576,47.44186046511628,46.96356275303644,0.0003592319444633,0.0003740822984979,-1.4850354034574831e-05,-1.9438075400771468e-05,4.587721366196637e-06,1.2743670461657324,0.0003641,3.911777089755968e-05,0.0004423355417951,0.0002858644582048,0.429747551744682,0.4737970754344813,5.628571428571428e-05,15.634920634920633,4.278571428571429e-05,11.884920634920634,4.533333333333333e-05,12.592592592592592,13307640.5795,1.3726123824037262,-935592084.31,0.0019123451605538,20.821380465845124,-20.451567896823228,39.4252517028129,48.38709677419358,47.22405091068688,-51.61290322580643,False,False,True,567,421,13,2,108334.14558,192924.96493000002,-0.2807909085530945,3,2,0.13055555555555554,1
1787702400000,0.00036,0.000439,0.000344,0.000407,9477809.16,2026-08-26,0.1305555555555555,0.1227091539924392,0.1305555555555555,0.0923601511423533,1.764538209971379,0.0669347741287001,1.278787064172897,0.069781719916206,1.3331778870725763,0.090058461214728,1.7205644856479818,0.0003775999999999,0.0003760644228031,0.0003588,0.0003671264048162,0.0003649,0.0003710244809171,0.00039266,0.000405966582662,0.0004883,0.0005133467074728,0.1661891117478509,16.6189111747851,0.3521594684385383,35.21594684385383,0.040920716112532,4.092071611253199,74.8201438848921,56.70498084291188,51.57116451016636,0.0003665808760843,0.0003765206467573,-9.9397706729638e-06,-1.7538414455209936e-05,7.598643782246134e-06,1.8669886442865196,0.0003649,3.985354768589444e-05,0.0004446070953717,0.0002851929046282,0.4368708981736854,0.7640919218272046,6.628571428571428e-05,16.286416286416284,4.7571428571428565e-05,11.688311688311687,4.723809523809524e-05,11.606411606411603,13503293.7565,0.7018886895975083,-926114275.15,0.0019091972083243,21.503350304361067,61.566972099248495,44.153050595322064,76.97841726618708,57.91753693819143,-23.02158273381292,True,False,False,567,421,13,2,108334.14558,192924.96493000002,-0.2807909085530945,3,2,0.13022113022113024,1
1787788800000,0.000407,0.00048,0.000395,0.00046,14329822.42,2026-08-27,0.1302211302211302,0.1224133040405457,0.1302211302211302,0.0919447670057839,1.75660230718509,0.0723315428090737,1.3818921850406478,0.0726039441847758,1.387096406016146,0.0911808638228253,1.7420079573667182,0.0003906,0.0004040429485354,0.0003722,0.0003840125130314,0.0003664999999999,0.0003794983398774,0.0003952,0.0004080855405072,0.00048424,0.0005122899374274,0.1645569620253164,16.455696202531648,0.4110429447852761,41.104294478527606,0.0747663551401869,7.476635514018697,80.66298342541437,71.78571428571429,52.36363636363637,0.0003809530489944,0.000382704302553,-1.7512535586197155e-06,-1.4380982275891891e-05,1.2629728717272176e-05,2.745593199406995,0.0003664999999999,4.303548107751225e-05,0.000452570962155,0.0002804290378449,0.4696914715144583,1.0431564703064138,7.37142857142857e-05,16.02484472049689,5.1214285714285714e-05,11.133540372670806,4.9095238095238095e-05,10.67287784679089,13948530.4765,1.0273356354020509,-911784452.73,0.0019046137652266,23.696035191953573,151.82755388940967,51.039872089329016,88.8888888888889,71.41813430975652,-11.111111111111107,True,False,False,567,421,13,2,108334.14558,192924.96493000002,-0.2807909085530945,3,2,0.11956521739130443,1
1787875200000,0.00046,0.0006,0.000442,0.000515,19512246.08,2026-08-28,0.1195652173913044,0.1129404111805955,0.1195652173913044,0.0742886021317021,1.4192817509004527,0.0768984811475386,1.4691434194868105,0.0761420647476933,1.4546921044589818,0.0924702800212791,1.7666422192489983,0.0004204,0.0004410286323569,0.0003895,0.000407828419753,0.0003716,0.0003924032598891,0.00039868,0.0004122782649839,0.00048125,0.0005123436219308,0.4071038251366121,40.710382513661216,0.5058479532163744,50.58479532163743,0.2469733656174335,24.69733656174335,81.57894736842107,80.25078369905955,55.136986301369866,0.0004015756568414,0.0003925039838454,9.07167299602136e-06,-9.69045122150924e-06,1.87621242175306e-05,3.643130916025359,0.0003716,5.358652619332262e-05,0.0004787730523866,0.0002644269476133,0.5768194423393179,1.1690114576687607,8.785714285714285e-05,17.05963938973647,6.0428571428571424e-05,11.733703190013868,5.433333333333333e-05,10.550161812297732,14539915.9875,1.341977910792244,-892272206.65,0.001898732731193,28.24603112800579,251.0005717552888,61.525845469997925,71.6666666666667,79.1779909405809,-28.3333333333333,True,False,False,567,421,13,2,108334.14558,192924.96493000002,-0.2807909085530945,3,2,-0.05242718446601957,0
1787961600000,0.000515,0.000522,0.00043,0.000488,15481914.38,2026-08-29,-0.0524271844660195,-0.0538514948105891,0.0524271844660195,0.0859376724362979,1.641836926578118,0.0822895929772044,1.5721404663735363,0.0763990255562127,1.4596013338126532,0.0928757541937567,1.7743887924371542,0.000446,0.0004566857549046,0.0004038,0.000422405070707,0.00037395,0.0004015077113282,0.00040168,0.0004152477451798,0.00047783,0.0005118613948151,0.3555555555555554,35.55555555555554,0.4144927536231884,41.44927536231884,0.1065759637188208,10.657596371882088,82.44680851063828,76.41791044776119,57.295373665480426,0.000414871709635,0.0003995777628198,1.5293946815230104e-05,-4.69357161416137e-06,1.9987518429391474e-05,4.095802956842515,0.00037395,5.766552833269374e-05,0.0004892810566653,0.0002586189433346,0.6168260819114185,0.9944461765008176,9.085714285714284e-05,18.61826697892272,6.585714285714285e-05,13.495316159250583,5.638095238095239e-05,11.553473848555818,14946163.9125,1.0358453493910855,-907754121.03,0.0018939709505249,32.42584643398995,170.7718900232268,58.69898396228218,62.66666666666668,74.40740740740743,-37.33333333333332,False,True,False,567,421,13,2,108334.14558,192924.96493000002,-0.2807909085530945,3,2,0.09426229508196715,1
1788048000000,0.000488,0.000599,0.000442,0.000534,19361067.14,2026-08-30,0.0942622950819671,0.0900804331070476,0.0942622950819671,0.0779189335206268,1.4886391347005603,0.0812062890847567,1.5514439745684458,0.0767962757561372,1.467190788225793,0.0935646231560209,1.7875496154819868,0.0004808,0.0004824571699364,0.0004234,0.0004426950578512,0.00038,0.000414126024535,0.00040566,0.0004199046969389,0.00047449,0.0005122999392076,0.4833333333333331,48.333333333333314,0.5798816568047338,57.98816568047338,0.2929782082324454,29.297820823244543,88.15789473684208,81.40161725067384,62.05733558178752,0.0004331991389219,0.0004095349655739,2.3664173348054616e-05,9.77977378281829e-07,2.2686195969772788e-05,4.248351305200897,0.00038,6.74887904921938e-05,0.0005149775809843,0.0002450224190156,0.7104083209704609,1.0704651056748924,0.0001015714285714,19.020866773675767,7.492857142857142e-05,14.031567683253076,6.109523809523809e-05,11.441055823078294,15668376.807,1.235677912172131,-888393053.89,0.0018882489407186,37.12150848259318,203.6907264657789,65.56340327394085,77.92642140468227,70.75325157933855,-22.073578595317723,True,False,False,567,421,13,2,108334.14558,192924.96493000002,-0.2807909085530945,3,2,0.029962546816479474,1
1788134400000,0.000534,0.00069,0.000507,0.00055,19025017.03,2026-08-31,0.0299625468164794,0.0295224392663218,0.0299625468164794,0.0759965026541408,1.451911144566432,0.0812708712663021,1.5526778154144238,0.0716792188545429,1.369429553388225,0.0935642157557801,1.787541832111315,0.0005094,0.0005049714466242,0.0004435,0.0004622050473328,0.00038895,0.0004270664031507,0.00040998,0.0004250064741501,0.00047176,0.0005130467357421,0.3513513513513513,35.13513513513514,0.5759312320916905,57.59312320916905,0.4824797843665769,48.24797843665768,88.93442622950818,80.93922651933701,60.66433566433567,0.0004511685021647,0.0004199397829388,3.122871922593072e-05,7.028125747811608e-06,2.420059347811911e-05,4.400107905112565,0.00038895,7.737705018111512e-05,0.0005437041003622,0.0002341958996377,0.7957531835054904,1.0203416246258843,0.0001164285714285,21.16883116883117,8.485714285714284e-05,15.428571428571423,6.814285714285714e-05,12.389610389610388,15398492.5095,1.2355116592265536,-869368036.86,0.0018829071712441,40.17117282603184,210.76069499196967,68.59975868003762,62.66666666666668,67.75325157933855,-37.33333333333332,True,False,False,567,421,13,2,108334.14558,192924.96493000002,-0.2807909085530945,3,2,0.010909090909090757,1
1788220800000,0.00055,0.000578,0.000475,0.000556,36074604.79,2026-09-01,0.0109090909090907,0.0108500160240656,0.0109090909090907,0.0684905176044325,1.3085095015432344,0.0765050282080934,1.4616265116332654,0.0715847704754255,1.367625119638808,0.093007416371806,1.776904194816888,0.0005286,0.0005219809644161,0.0004595999999999,0.0004792586750904,0.00039815,0.0004393457933269,0.0004148,0.0004301434757642,0.00046919,0.0005138975865476,0.2086956521739129,20.86956521739129,0.4075949367088607,40.75949367088607,0.4946236559139785,49.46236559139784,86.69950738916253,80.39772727272725,62.69982238010656,0.0004672964249086,0.0004300183175359,3.72781073726891e-05,1.307812207278711e-05,2.419998529990199e-05,4.352515341708991,0.00039815,8.574213175498204e-05,0.0005696342635099,0.00022666573649,0.8614053171416002,0.9602463128951424,0.0001247142857142,22.4306269270298,9.05e-05,16.276978417266186,7.009523809523809e-05,12.60705721137376,16872363.523999996,2.1380884034821728,-833293432.07,0.0018725433176328,41.18919257721819,131.8117564841727,55.83401314748449,64.26666666666667,68.28658491267187,-35.73333333333334,False,True,False,567,421,13,2,108334.14558,192924.96493000002,-0.2807909085530945,3,2,0.005395683453237599,1
1788307200000,0.000556,0.000611,0.000541,0.000559,20607578.66,2026-09-02,0.0053956834532375,0.0053811789045169,0.0053956834532375,0.0527433837643264,1.0076609319520728,0.0673397248683484,1.2865236371908892,0.0665638054658614,1.2716997178207683,0.0929666243936237,1.7761248651679775,0.0005374,0.0005343206429441,0.0004789,0.0004937570978012,0.0004092,0.0004507414320576,0.00041972,0.0004351966733605,0.00046681,0.0005147910032736,0.0854368932038833,8.543689320388346,0.5273224043715847,52.73224043715848,0.653846153846154,65.3846153846154,82.35294117647057,80.39772727272727,60.96654275092936,0.0004814046672303,0.0004395725162369,4.183215099339514e-05,1.882892785690872e-05,2.3003223136486423e-05,4.115066750713135,0.0004092,9.162141785914625e-05,0.0005924428357182,0.0002259571642817,0.8956150328362291,0.9087472217202924,0.0001211428571428,21.67135190391004,9.37142857142857e-05,16.764630718119086,7.20952380952381e-05,12.897180339040805,17451342.8845,1.1808591921200124,-812685853.4100001,0.001866843089059,43.63915807066194,135.31353135313535,58.50210760888748,65.06666666666668,64.0,-34.93333333333332,True,False,False,567,421,13,2,108334.14558,192924.96493000002,-0.2807909085530945,3,2,0.0017889087656528524,1
1788393600000,0.000559,0.000587,0.00049,0.00056,36676470.88,2026-09-03,0.0017889087656528,0.0017873105740956,0.0017889087656528,0.0383521310740099,0.7327164353555096,0.0657176390302828,1.25553373076784,0.0645323633991628,1.2328890716308538,0.0929553367115346,1.775909214304462,0.0005518,0.0005428804286294,0.0004988999999999,0.0005058012618374,0.0004211,0.0004611470099569,0.00042446,0.0004400909219921,0.0004645,0.0005156865253185,0.1475409836065573,14.754098360655728,0.5555555555555554,55.555555555555536,0.7391304347826084,73.91304347826085,72.72727272727266,82.08092485549132,64.3835616438356,0.0004934962568872,0.0004484930705898,4.500318629744237e-05,2.4063779545015453e-05,2.093940675242692e-05,3.7391797772190936,0.0004211,9.508992973409995e-05,0.0006112798594682,0.0002309201405318,0.9032527165433386,0.8651806252996664,0.0001228571428571,21.93877551020408,9.828571428571427e-05,17.551020408163264,7.509523809523809e-05,13.409863945578232,18369627.1205,1.9965822190843527,-776009382.5300001,0.0018566298775016,45.75899275704361,99.32726553225169,51.94010057859364,65.33333333333331,64.88888888888887,-34.66666666666667,False,True,False,567,421,13,2,108334.14558,192924.96493000002,-0.2807909085530945,3,2,0.45357142857142874,1
1788480000000,0.00056,0.00088,0.000518,0.000814,44054034.29,2026-09-04,0.4535714285714287,0.3740235822733455,0.4535714285714287,0.1977688393866636,3.778368371242673,0.1419572457655988,2.7120893722837454,0.1129907169816053,2.1586846169059277,0.1115246334592757,2.130675130540181,0.0006078,0.0006332536190862,0.0005443,0.0005618373960488,0.00044625,0.0004947520566277,0.0004338,0.0004547540246104,0.00046493,0.0005215956268828,0.5243445692883897,52.43445692883897,1.261111111111111,126.11111111111111,1.617363344051447,161.73633440514467,100.0,89.47368421052632,80.63623789764868,0.0005428045250584,0.0004755676579535,6.723686710491519e-05,3.269839705699541e-05,3.4538470047919784e-05,4.243055288442234,0.00044625,0.0001259485588392,0.0006981471176784,0.0001943528823215,1.128950667466459,1.2299607144958131,0.0001519999999999,18.67321867321867,0.0001199285714285,14.733239733239731,9.095238095238096e-05,11.173511173511171,19974714.6025,2.2054900491287257,-731955348.2400001,0.0018463324002866,48.350742667436485,203.5862258669006,59.55672522190656,88.29787234042553,72.89929078014184,-11.702127659574463,True,False,False,567,421,13,2,108334.14558,192924.96493000002,-0.2807909085530945,3,2,-0.021007371007371045,0
1788566400000,0.000814,0.000879,0.0007289,0.0007969,42948385.11,2026-09-05,-0.021007371007371,-0.0212311655988378,0.021007371007371,0.2035320567274352,3.888474483937173,0.1454758739252491,2.7793126688850545,0.1125683126197319,2.1506145929035267,0.1115526311591922,2.131210025846034,0.00065718,0.0006878024127241,0.00058329,0.0006045760513126,0.000471045,0.0005235280512345,0.000442378,0.0004681715151777,0.000465489,0.0005270489210067,0.4489090909090909,44.89090909090908,0.957985257985258,95.7985257985258,1.6475083056478406,164.75083056478408,94.24436216762032,85.87752187109444,78.74441888783656,0.0005818961365879,0.0004993700536606,8.25260829272383e-05,4.266393423104399e-05,3.986214869619431e-05,5.002151925736517,0.000471045,0.0001434462616232,0.0007579375232464,0.0001841524767535,1.2181108949100243,1.0679043084020776,0.0001603,20.11544735851424,0.0001255785714285,15.758385171109476,9.733809523809524e-05,12.214593454397695,21636233.2765,1.985021355664898,-774903733.3500001,0.00183704543022,51.94752421918416,202.5697800462955,65.14510107200906,85.2659574468085,79.6323877068558,-14.73404255319149,False,False,True,567,421,13,2,108334.14558,192924.96493000002,-0.2807909085530945,3,2,0.5974400803112059,1
1788652800000,0.0007969,0.0012977,0.000779,0.001273,51056420.12,2026-09-06,0.5974400803112059,0.468402398153704,0.5974400803112059,0.2949505133250588,5.635021644892878,0.2202159610702676,4.207220028853625,0.1656074415469847,3.1639257282598074,0.1378646656722697,2.633900739386025,0.00080058,0.0008828682751494,0.00066459,0.0007261076783467,0.000518395,0.0005949063320693,0.000459758,0.0004997334195634,0.000470729,0.0005418248039323,1.2895683453237412,128.95683453237413,1.767391304347826,176.7391304347826,2.9049079754601226,290.49079754601223,97.74167987321712,95.02581413820492,89.57839485269217,0.000688219807882,0.0005566759756117,0.0001315438322703,6.043991383890364e-05,7.110391843143855e-05,5.585539546852989,0.000518395,0.0002257400798659,0.0009698751597319,6.691484026808585e-05,1.7418384040429176,1.335701175050615,0.0002119714285714,16.65132981708001,0.0001567714285714,12.315116148580405,0.0001206095238095,9.474432349530543,23776804.9425,2.1473204765514518,-723847313.2300001,0.0018295113826431,55.70878889237467,294.170623053147,76.27033860636254,97.48395640215956,90.3492620631312,-2.5160435978404707,True,False,False,567,421,13,2,108334.14558,192924.96493000002,-0.2807909085530945,3,2,0.00274941084053415,1
1788739200000,0.001273,0.001414,0.0010538,0.0012765,49202721.74,2026-09-07,0.0027494108405341,0.0027456381241319,0.0027494108405341,0.2954057126239345,5.643718215286968,0.2235472782580518,4.270864754362135,0.1663939675933984,3.178952287277621,0.1377408612849137,2.631535459886698,0.0009440799999999,0.0010140788500996,0.00074074,0.0008261790095564,0.00056512,0.0006598200147294,0.0004765679999999,0.0005301948568909,0.000476184,0.0005563772436592,1.2835420393559929,128.3542039355993,1.478640776699029,147.8640776699029,2.732456140350877,273.2456140350877,97.73419901947793,95.61063003881756,90.8359715923676,0.0007787244528233,0.0006099962737145,0.0001687281791087,8.209756689286784e-05,8.66306122158567e-05,6.786573616596685,0.00056512,0.000277977334555,0.00112107466911,9.165330889973512e-06,1.9675632400553031,1.139782377526192,0.0002372857142857,18.58877511051424,0.0001768571428571,13.854848637457332,0.0001356666666666,10.628019323671497,25775414.243,1.908901299359808,-674644591.4900001,0.0018237107569454,59.31243390480161,265.5638020634897,83.60345608272968,87.28029602220168,90.01006995705659,-12.71970397779832,True,False,False,567,421,13,2,108334.14558,192924.96493000002,-0.2807909085530945,3,2,0.6640814727771249,1
1788825600000,0.0012765,0.0024,0.0012758,0.0021242,104121257.39,2026-09-08,0.6640814727771249,0.5092733032059007,0.6640814727771249,0.3272097735887699,6.251333946861672,0.2740236488858367,5.2352144611542455,0.2106238694961552,4.023963376642449,0.1637423653643777,3.128293497822623,0.00125692,0.0013841192333997,0.0009043599999999,0.0010621828260006,0.00065408,0.0007992847752314,0.000510872,0.0005927048680246,0.000490056,0.0005874324761553,2.7932142857142863,279.3214285714286,3.352868852459017,335.28688524590166,5.157101449275363,515.7101449275362,98.93084906840063,97.619304685813,95.20793856587214,0.0009857206908504,0.0007221595126986,0.0002635611781518,0.0001183902891446,0.0001451708890071,6.834144101645139,0.00065408,0.0004408219936723,0.0015357239873446,-0.0002275639873446,2.695829217663531,1.3337378925634595,0.0003831714285714,18.03838756103138,0.0002539428571428,11.95475271362664,0.0001880571428571,8.853080823705058,30321201.819,3.4339422959401005,-570523334.1000001,0.0018259773208144,64.80004679049837,323.52196260521947,90.385396453442,86.58560311284049,90.4499518457339,-13.41439688715952,True,False,False,567,421,13,2,108334.14558,192924.96493000002,-0.2807909085530945,3,2,-0.14532529893607005,0
1788912000000,0.0021242,0.0024,0.00164,0.0018155,44135308.39,2026-09-09,-0.14532529893607,-0.1570343490330487,0.14532529893607,0.3802674926862801,7.265000246922032,0.2925789839613001,5.589713640015627,0.216501644310476,4.136258106796051,0.1659089633256135,3.169686293752051,0.00145722,0.0015279128222665,0.00103251,0.0011991495849096,0.000727955,0.0008960671775903,0.000538742,0.0006406576223678,0.000500921,0.0006117577371705,1.2303439803439802,123.03439803439802,2.3998127340823974,239.98127340823973,4.37130177514793,437.130177514793,82.91647003303444,83.31204767986377,82.86532702573672,0.0011133790461042,0.0008031476969432,0.000310231349161,0.0001567585011479,0.000153472848013,8.45347551710817,0.000727955,0.0005042971194747,0.0017365492389494,-0.0002806392389494,2.771034580295431,1.0391390105166338,0.0004817428571428,26.53499626234409,0.0003014428571428,16.603847818389266,0.0002230571428571,12.286265098162644,31803669.0065,1.3877426651931155,-614658642.4900001,0.0018270707710025,70.44541938840845,234.76312841800092,91.77732795048276,70.84788029925188,81.57125981143135,-29.15211970074812,False,False,False,567,421,13,2,108334.14558,192924.96493000002,-0.2807909085530945,3,2,0.018947948223629885,1
1788998400000,0.0018155,0.00187,0.0015142,0.0018499,42892307.49,2026-09-10,0.0189479482236298,0.0187706717029529,0.0189479482236298,0.3743208862597247,7.151390490663127,0.2931429326137105,5.600487863891748,0.2167617072843779,4.141226602936139,0.1550125037020832,2.9615097249470166,0.00166782,0.001635241881511,0.0011625,0.0013174678421988,0.000803,0.0009869083987721,0.0005635,0.0006880788959456,0.00051221,0.0006362824145177,1.3213703099510603,132.13703099510604,2.363454545454545,236.34545454545452,4.3005730659025785,430.0573065902578,80.69333333333333,83.16392269148174,82.93494704992435,0.0012266899620882,0.000880684904577,0.0003460050575111,0.0001946078124205,0.0001513972450905,8.184077252315152,0.000803,0.0005541477458318,0.0019112954916636,-0.0003052954916636,2.760387276870982,0.9723018400212308,0.0005187142857142,28.040125721081445,0.0003207857142857,17.34070567521024,0.0002384285714285,12.88872757600797,32895144.5505,1.3039099865985555,-571766335.0000001,0.0018263811033189,73.7637222919296,156.29020900984446,80.92201873919748,72.0761421319797,76.50320851469068,-27.92385786802029,False,True,False,567,421,13,2,108334.14558,192924.96493000002,-0.2807909085530945,3,2,-0.07059841072490403,0
1789084800000,0.0018499,0.00187,0.0015,0.0017193,43467590.21,2026-09-11,-0.070598410724904,-0.0732143523315419,0.070598410724904,0.3253158455361556,6.215150502221962,0.2987923026186383,5.708418926288959,0.2201010029703577,4.20502375743865,0.1537000075751551,2.9364345216503644,0.00175708,0.0016632612543406,0.00127883,0.0013905282345263,0.000869215,0.0010566599798415,0.000587386,0.00072851894241,0.000522403,0.0006577343165252,0.3505891594658288,35.05891594658287,2.09226618705036,209.22661870503595,3.352658227848101,335.2658227848101,75.60799555802332,77.73478881672884,78.36168197355957,0.0013024761217669,0.000942804541275,0.0003596715804918,0.0002276205660348,0.000132051014457,7.680510350552788,0.000869215,0.0005812856859673,0.0020317863719346,-0.0002933563719346,2.67499150827972,0.8656055105611888,0.0005198571428571,30.23655806765212,0.0003359285714285,19.538682686475383,0.000253238095238,14.729139489216264,33916664.0625,1.2815998097542851,-615233925.2100002,0.0018252877707688,74.65913433802656,122.85269104828332,72.13574617806458,65.44670050761421,69.45690764628193,-34.553299492385776,False,True,False,567,421,13,2,108334.14558,192924.96493000002,-0.2807909085530945,3,2,0.034141801896120594,1
1789171200000,0.0017193,0.00199,0.0016932,0.001778,23593759.17,2026-09-12,0.0341418018961205,0.0335719058480484,0.0341418018961205,0.3234125283856285,6.178787679118496,0.2973739030667442,5.681320440899239,0.217088074587564,4.147461841508558,0.1536259410171191,2.9350194820459548,0.00185738,0.0017015075028937,0.00140073,0.0014609776464306,0.000939815,0.0011253590293804,0.000612446,0.0007696750654133,0.0005334329999999,0.0006799238881853,0.3928711320015667,39.28711320015668,2.180679785330948,218.0679785330948,3.85792349726776,385.792349726776,68.24949407343162,79.28091519883785,78.84692809404943,0.0013756336414951,0.0010046708715509,0.0003709627699441,0.0002562890068166,0.0001146737631274,6.449592976796066,0.000939815,0.0006023176974907,0.0021444503949814,-0.0002648203949814,2.563558562017921,0.8478998722318452,0.0005408142857142,30.41700144624778,0.0003505571428571,19.71637473887192,0.0002639904761904,14.847608334672453,33881181.789,0.6963676567403575,-591640166.0400002,0.0018252655506171,76.04367277794913,118.30757749563672,74.48804722298432,68.23289070480084,68.58524444813158,-31.767109295199177,True,False,False,567,421,13,2,108334.14558,192924.96493000002,-0.2807909085530945,3,2,-0.08835770528683917,0
1789257600000,0.001778,0.0017926,0.0015811,0.0016209,18525129.17,2026-09-13,-0.0883577052868391,-0.0925075865557201,0.0883577052868391,0.0755246633128488,1.442896666608354,0.3037838485692682,5.803782277775241,0.2196890334567873,4.197153090933158,0.154422671835259,2.9502410029538493,0.00175672,0.0016746383352625,0.00150682,0.0014900544379886,0.00100286,0.0011725534075346,0.000634564,0.0008030564378112,0.000543482,0.0006985620948295,-0.236936258356087,-23.693625835608707,1.8944642857142864,189.44642857142856,3.5024999999999995,350.24999999999994,61.20218579234973,73.48632179437314,74.35362010706557,0.0014133669274189,0.0010503174736583,0.0003630494537606,0.0002776410962054,8.540835755514189e-05,5.269193507011036,0.00100286,0.0006044198378784,0.0022116996757569,-0.0002059796757569,2.4107845078215457,0.7556335684519093,0.0004969285714285,30.657571190608383,0.0003544499999999,21.867481029057927,0.0002701571428571,16.66710733895631,33640483.793,0.5506796300549863,-610165295.2100002,0.0018246950525122,76.07030581511245,85.57398602745519,71.11216251311228,59.52727272727274,64.40228797989593,-40.47272727272727,False,True,False,567,421,13,2,108334.14558,192924.96493000002,-0.2807909085530945,3,2,0.1686717255845518,1
1789344000000,0.0016209,0.002,0.0015812,0.0018943,20326341.01,2026-09-14,0.1686717255845518,0.1558678266161033,0.1686717255845518,0.1024416363466113,1.9571447143582772,0.2843199759603608,5.431925513709348,0.2190547130938462,4.1850344174151015,0.1551538641506591,2.964210412525001,0.0017724799999999,0.001747858890175,0.00161485,0.0015635536310816,0.001079575,0.0012412911782456,0.00066265,0.0008458503059685,0.000556545,0.0007222463213276,0.043404020930873,4.3404020930873015,1.327149877149877,132.7149877149877,4.2619444444444445,426.19444444444434,38.06210406065012,76.14047369035117,76.67713979905396,0.0014873566308929,0.0011128346978317,0.0003745219330611,0.0002970172635766,7.75046694845533e-05,4.091467533366061,0.001079575,0.0006157937085155,0.0023111624170311,-0.0001520124170311,2.281615296817999,0.8307621484003015,0.0005053,26.674761125481705,0.0003712928571428,19.600530916056435,0.000286338095238,15.11577338531886,33743489.2315,0.602378161622512,-589838954.2000002,0.0018246968858651,75.89346681430455,93.30895736026838,72.07170857998487,73.72987012987014,67.16334452064791,-26.27012987012986,True,False,False,567,421,13,2,108334.14558,192924.96493000002,-0.2807909085530945,3,2,-0.12632634746344296,0
1789430400000,0.0018943,0.0019,0.0015889,0.001655,15427770.98,2026-09-15,-0.1263263474634429,-0.1350483683230698,0.1263263474634429,0.1193787609998774,2.280728026512815,0.291813892941715,5.575096596610369,0.2248832247502368,4.296387976257954,0.156731433357998,2.9943498299121947,0.0017335,0.0017169059267833,0.00170066,0.0015801802436122,0.001141975,0.0012806920184127,0.00068605,0.000877581668637,0.000567225,0.0007407214686496,-0.1053570463268285,-10.53570463268285,1.0767975906638223,107.67975906638225,3.066339066339066,306.6339066339066,41.01846670397313,69.59281180917066,70.3909891248058,0.0015131479184478,0.0011529950905849,0.0003601528278629,0.0003096443764338,5.050845142902524e-05,3.0518701769803767,0.001141975,0.000607224814758,0.002356424629516,-7.247462951600172e-05,2.1269285746465583,0.7112170762506046,0.0003891428571428,23.51316357358653,0.0003861571428571,23.33275787656452,0.0002990095238095,18.06704071356639,34040987.322500005,0.4532116190943362,-605266725.1800002,0.0018243730930253,76.60432938071486,71.81174461168176,71.42389871572354,60.99476439790577,64.75063575168288,-39.00523560209423,False,False,True,567,421,13,2,108334.14558,192924.96493000002,-0.2807909085530945,3,2,0.07522658610271904,1
1789516800000,0.001655,0.0019995,0.00165,0.0017795,41294027.07,2026-09-16,0.075226586102719,0.072531417139084,0.075226586102719,0.1206622196083002,2.305248468797369,0.2352500398107034,4.494445699893616,0.2247195064948888,4.293260143381348,0.1561572581362678,2.9833802277035533,0.0017455399999999,0.0017377706178555,0.00175131,0.0016164201993191,0.00120795,0.0013281975404686,0.00071258,0.0009129510172335,0.00057925,0.0007612965556678,0.0350142499854593,3.501424998545924,0.3978790259230165,39.78790259230165,2.868478260869565,286.8478260869565,46.4213094753965,70.85540480503059,72.18925622429437,0.0015541251617635,0.0011994028616527,0.0003547223001108,0.0003186599611692,3.606233894156455e-05,2.026543351591152,0.00120795,0.0006008770672941,0.0024097041345882,6.195865411741039e-06,1.9897415200765909,0.7377982249238619,0.0003304999999999,18.5726327620118,0.0004061214285714,22.822221330229198,0.0003111285714285,17.484044474772205,35389197.555,1.1668540097814604,-563972698.1100001,0.0018242581960534,77.28323773651002,75.0042191022761,73.53254280157302,67.51308900523561,67.41257451100385,-32.486910994764386,True,False,False,567,421,13,2,108334.14558,192924.96493000002,-0.2807909085530945,3,2,0.014723236864287559,1
1789603200000,0.0017795,0.00195,0.0016351,0.0018057,28027729.05,2026-09-17,0.0147232368642875,0.0146159022715872,0.0147232368642875,0.1201096305585599,2.2946912698255333,0.2349943717253672,4.48956116798168,0.225182342359175,4.302102610152752,0.1556519913845308,2.9737271199656288,0.00175108,0.001760413745237,0.00180423,0.0016508347085338,0.0012724849999999,0.0013736739651859,0.000740114,0.000947960783421,0.000591757,0.0007819829514865,0.0155793025871764,1.5579302587176524,0.4145710928319623,41.45710928319623,2.506213592233009,250.6213592233009,54.91355777979982,71.10425914003997,72.55171122827817,0.0015928289830307,0.0012443137607895,0.0003485152222411,0.0003246310133836,2.3884208857496893e-05,1.3227119043859388,0.0012724849999999,0.0005917788431811,0.0024560426863623,8.892731363767327e-05,1.8602304724414465,0.7252594048199037,0.0003246571428571,17.97957262320113,0.0004216857142857,23.35303285627259,0.0003220761904761,17.8366390029457,35814971.7035,0.7825701855087883,-535944969.0600001,0.0018241140631231,79.15373486338237,66.80680514073948,71.00729450268648,68.42189160467588,65.64324833593909,-31.57810839532412,False,True,False,567,421,13,2,108334.14558,192924.96493000002,-0.2807909085530945,3,2,-0.010189954034446447,0
1789689600000,0.0018057,0.0019001,0.0017001,0.0017873,12711083.06,2026-09-18,-0.0101899540344464,-0.0102422270255019,0.0101899540344464,0.1088648323922527,2.079859702505088,0.0966995142141617,1.84744162505288,0.2240366785799781,4.280214734384149,0.1556717411701447,2.9741044390899845,0.00178436,0.001769375830158,0.00177054,0.0016756465797094,0.00133745,0.0014130669208825,0.0007673399999999,0.0009808760487651,0.0006042,0.0008018950689382,0.1026590165957184,10.265901659571838,-0.1586008850390736,-15.860088503907363,2.6625,266.25,50.55429729407556,67.91987332916005,72.13760585662438,0.001622747601026,0.001284534963694,0.0003382126373319,0.0003273473381733,1.0865299158635186e-05,0.6079169226562516,0.00133745,0.0005721175132325,0.002481685026465,0.0001932149735349,1.7110696122696762,0.6965723778749157,0.0003003714285714,16.805876381772986,0.0004101142857142,22.946023930749494,0.0003240761904761,18.132165303876825,35676430.1375,0.3562879753106015,-548656052.1200001,0.0018240465710448,79.48620660174097,60.61031414053508,68.07564480786374,63.335527496858354,66.42350270225663,-36.664472503141646,False,False,True,567,421,13,2,108334.14558,192924.96493000002,-0.2807909085530945,3,2,,0
