timestamp,open,high,low,close,volume,date,return,log_return,abs_return,volatility_5,volatility_5_annualized,volatility_10,volatility_10_annualized,volatility_20,volatility_20_annualized,volatility_50,volatility_50_annualized,sma_5,ema_5,sma_10,ema_10,sma_20,ema_20,sma_50,ema_50,sma_100,ema_100,momentum_5,roc_5,momentum_10,roc_10,momentum_20,roc_20,rsi_6,rsi_14,rsi_24,ema_12,ema_26,macd,macd_signal,macd_hist,macd_hist_pct,bb_mid,bb_std,bb_upper,bb_lower,bb_width,bb_pct,atr_7,atr_7_pct,atr_14,atr_14_pct,atr_21,atr_21_pct,volume_sma,volume_ratio,obv,vwap,adx,cci,mfi,stoch_k,stoch_d,williams_r,higher_high,lower_low,inside_bar
1753833600000,0.0045,0.0149,0.0045,0.006541,32644699.06,2025-07-30,,,,,,,,,,,,,0.006541,,0.006541,,0.006541,,0.006541,,0.006541,,,,,,,,,,0.006541,0.006541,0.0,0.0,0.0,0.0,,,,,,,,,,,,,,,,0.008646999999999998,,,,,,,False,False,False
1753920000000,0.006541,0.00911,0.006491,0.008673,16546809.46,2025-07-31,0.32594404525301934,0.282124692723243,0.32594404525301934,,,,,,,,,,0.0078202,,0.0077136,,0.0076603,,0.007628319999999999,,0.00761766,,,,,,,,,,0.007695833333333332,0.007648,4.783333333333202e-05,2.6574074074073345e-05,2.1259259259258675e-05,0.24512001913131182,,,,,,,,,,,,,,,16546809.46,0.008460087446731412,,,,,,,False,False,True
1754006400000,0.008673,0.009004,0.00792,0.008138,6358322.24,2025-08-01,-0.061685691225642936,-0.06367030212282064,0.061685691225642936,,,,,,,,,,0.007970736842105261,,0.007884205980066446,,0.00783570857618651,,0.007805053459538728,,0.007794587047098431,,,,,,,,,,0.007868411085450345,0.007824052242483982,4.435884296636293e-05,3.386291378402809e-05,1.0495929182334841e-05,0.12897430796675893,,,,,,,,,,,,,,,10188487.22,0.00844794450835143,,,,,,,False,False,True
1754092800000,0.008138,0.00821,0.006445,0.006685,12856977.3,2025-08-02,-0.1785450970754484,-0.1966782390255916,0.1785450970754484,,,,,,,,,,0.007436661538461537,,0.007489121039603961,,0.007503516801745635,,0.007508019850059976,,0.0075088134634036605,,,,,,,,,,0.007494854454022988,0.0075056230115895925,-1.0768557566604407e-05,1.8743851673380227e-05,-2.9512409239984634e-05,-0.4414720903513034,,,,,,,,,,,,,,,-2668490.08,0.008197105943182834,,,,,,,False,True,False
1754179200000,0.006685,0.007477,0.006661,0.007459,5791127.43,2025-08-03,0.11578160059835452,0.10955514641911969,0.11578160059835452,,,,,,,,,0.0074992,0.007445236966824644,,0.007480474108350817,,0.007492748566233126,,0.007497416200881976,,0.007498448318499404,,,,,,,,,,0.007485112927007924,0.007494810942900743,-9.698015892819004e-06,1.0283039094191976e-05,-1.998105498701098e-05,-0.26787846878952914,,,,,,,,,,,,,,,3122637.3499999996,0.008119204062659605,,,,,,,False,False,True
1754265600000,0.007459,0.007467,0.006642,0.006707,6864991.77,2025-08-04,-0.1008178039951736,-0.106269599855426,0.1008178039951736,0.20215429233916074,3.862152332258349,,,,,,,0.0075324,0.007175475187969925,,0.007279576165209819,,0.007326991509711717,,0.007352162669841917,,0.007359857827236127,0.02537838251031954,2.5378382510319577,,,,,51.47006730428623,,,0.007295990549376023,0.007337018694392396,-4.102814501637242e-05,-3.6251446464198473e-06,-3.740300036995257e-05,-0.5576710954219856,,,,,,,,,,,,,,,-3742354.42,0.008019227664303363,,,,,,,False,True,False
1754352000000,0.006707,0.00705,0.006305,0.006802,10855235.44,2025-08-05,0.014164305949008416,0.014064929467403457,0.014164305949008416,0.11240645400524159,2.1475222884156193,,,,,,,0.007158200000000001,0.0070432442933462845,,0.007164499494090194,,0.007227728609715499,,0.007263829019078987,,0.007275303346330135,-0.2157269687536032,-21.572696875360318,,,,,52.273123149277126,,,0.007185758286623813,0.0072418683930581,-5.611010643428744e-05,-1.6907688303559042e-05,-3.92024181307284e-05,-0.5763366382053573,,,,,,,0.0026077142857142857,38.33746377115974,,,,,,,7112881.02,0.007865675014783158,,,,,,,False,True,False
1754438400000,0.006802,0.00681,0.006154,0.006154,6177103.56,2025-08-06,-0.09526609820640985,-0.1001144096851536,0.09526609820640985,0.11483711746006461,2.193960048516355,,,,,,,0.006761400000000001,0.006734794290245837,,0.006934605989312143,,0.007042129224265381,,0.007104918560383556,,0.0071251348550314345,-0.2437945441140329,-24.37945441140329,,,,,20.413436692506465,,,0.006970446234805407,0.007066585839379012,-9.613960457360501e-05,-3.594860773976679e-05,-6.019099683383822e-05,-0.9780792465687069,,,,,,,0.0012157142857142857,19.75486327127536,,,,,,,935777.46,0.007771659599627282,,,,,,,False,True,False
1754524800000,0.006154,0.006241,0.0048,0.005667,8742975.34,2025-08-07,-0.07913552161195969,-0.08244239971236789,0.07913552161195969,0.09339086878147682,1.7842300428173612,,,,,,,0.0065578,0.006369356997548381,,0.006658819284980366,,0.0068215517726391344,,0.006918420706796477,,0.006949859458220956,-0.15228122662677634,-15.228122662677634,,,,,20.646234259919225,,,0.006712578176032827,0.006859136492963239,-0.00014655831693041223,-6.149999930040282e-05,-8.505831763000941e-05,-1.500940844009342,,,,,,,0.0010474285714285713,18.482946381305297,,,,,,,-7807197.88,0.007591434953952822,,,,,,,False,True,False
1754611200000,0.005667,0.005697,0.005,0.005432,11280896.98,2025-08-08,-0.04146814893241568,-0.042352486931087126,0.04146814893241568,0.047745312332410875,0.9121729113208772,,,,,,,0.0061524,0.006051390641964671,0.0068258,0.00640111833084065,,0.006612297315915361,,0.006741628985962599,,0.006784052414912199,-0.271752245609331,-27.175224560933103,,,,,29.05382815112003,,,0.006469909109364142,0.006662205546808379,-0.00019229643744423687,-9.080599416743591e-05,-0.00010149044327680096,-1.8683807672459676,,,,,,,0.000992142857142857,18.264780138859667,,,,,,,-19088094.86,0.0073798830117117655,,,,,,,False,False,True
1754697600000,0.005432,0.005474,0.005153,0.005295,7603763.97,2025-08-09,-0.025220913107511067,-0.025544411203025245,0.025220913107511067,0.04357543352762061,0.8325074886142647,0.14212400922072368,2.7152753836203996,,,,,0.00587,0.005796311452378369,0.0067012,0.006175152184476852,,0.0064243284405579104,,0.0065822741261384494,,0.0066347455067687945,-0.21052631578947367,-21.052631578947366,-0.19049075064974774,-19.049075064974772,,,4.035683942225987,,,0.006254929071410058,0.006484878554255993,-0.00022994948284593524,-0.00012124979443329193,-0.00010869968841264331,-2.052874190984765,,,,,,,0.0007858571428571428,14.841494671522998,,,,,,,-26691858.83,0.007254534501210892,,,,,,,False,False,True
1754784000000,0.005295,0.005446,0.005075,0.005445,7028410.16,2025-08-10,0.028328611898017053,0.027934777331554066,0.028328611898017053,0.04858686203964973,0.9282506959027199,0.0816386697692037,1.5597045959459948,,,,,0.0055986,0.005678298064834217,0.006378400000000001,0.006029269114345173,,0.006290916334234318,,0.00646529508903315,,0.006524334549528153,-0.1995001470155836,-19.95001470155836,-0.37218955378761676,-37.21895537876168,,,13.98401826484016,,,0.006110926341396755,0.006357113089111185,-0.0002461867477144301,-0.00014808101234457233,-9.810573536985778e-05,-1.8017582253417406,,,,,,,0.0007222857142857144,13.265118719664176,,,,,,,-19663448.669999998,0.007152218035591205,,,,,,,False,True,False
1754870400000,0.005445,0.005446,0.005031,0.005203,6938014.42,2025-08-11,-0.0444444444444444,-0.04546237407675729,0.0444444444444444,0.03921419331377905,0.7491861113210844,0.08136741162236175,1.5545222163272032,,,,,0.0054084,0.005519047108340988,0.0060849,0.005867097894129283,,0.006148547218070262,,0.00634322543742943,,0.006410054321982305,-0.15453363665908348,-15.453363665908345,-0.3606537232735315,-36.06537232735315,,,7.898894154818322,,,0.0059532758368779455,0.0062219089488932955,-0.00026863311201535,-0.00017359402498141825,-9.503908703393176e-05,-1.8266209308847159,,,,,,,0.0006637142857142859,12.756376815573436,,,,,,,-26601463.089999996,0.007056580785140308,,,,,,,False,True,False
1754956800000,0.005203,0.005358,0.005129,0.005241,8508988.29,2025-08-12,0.007303478762252569,0.007276937511862766,0.007303478762252569,0.0318071091567723,0.6076739671998893,0.06618240859980486,1.2644131409259025,,,,,0.0053232,0.005426046165336399,0.0059405,0.005745964634499412,,0.006033867503464565,,0.006242429866712626,,0.006315265703083151,-0.07517204870301752,-7.517204870301749,-0.21600598354525058,-21.600598354525054,,,14.584949573312642,41.53425371190415,,0.005831998003548768,0.006111741200364201,-0.0002797431968154336,-0.00019580051092866292,-8.394268588677066e-05,-1.601653995168301,,,,,,,0.0005900000000000002,11.257393627170392,0.001598857142857143,30.50671900128111,,,,,-18092474.799999997,0.006952432678264628,,,23.637504383581017,7.1250000000000036,,-92.87500000000001,False,False,True
1755043200000,0.005241,0.0066,0.004,0.00655,20902081.99,2025-08-13,0.24976149589772945,0.22295272982713135,0.24976149589772945,0.11889104805357067,2.2714102837567465,0.10138882576945915,1.9370307965239109,,,,,0.0055468,0.005801554977358072,0.0058496,0.005899731869917692,,0.006097118535193036,,0.00626916016605651,,0.006333199336568642,0.2058173784977908,20.58173784977909,-0.12186620190374042,-12.186620190374045,,,70.91425864519185,50.05007232669412,,0.005952275629719575,0.006159150067147217,-0.00020687443742764197,-0.00019809606381537438,-8.778373612267591e-06,-0.13402097117965786,,,,,,,0.0008677142857142859,13.24754634678299,0.0010417142857142858,15.90403489640131,,,,,2809607.1900000013,0.006799682697244486,,,34.155133415335,49.90215264187867,,-50.09784735812133,True,True,False
1755129600000,0.00655,0.00659,0.005963,0.006074,10788799.6,2025-08-14,-0.0726717557251908,-0.07544768302360348,0.0726717557251908,0.1273083784118194,2.4322231544523536,0.09890712133516989,1.8896178998796707,,,,,0.0057026,0.005892508456013953,0.0057863,0.005932748447922883,,0.00609436071957694,,0.006252971275373077,,0.00631445733581231,0.14711992445703492,14.711992445703498,-0.09437900700760393,-9.437900700760398,,,63.64795918367348,32.273905333515216,,0.005972391541650896,0.006150242670632514,-0.0001778511289816185,-0.00019392980714880384,1.607867816718535e-05,0.26471317364480323,,,,,,,0.0007514285714285715,12.371231008043653,0.0008994285714285715,14.807846088715367,,,,,-7979192.409999998,0.006764256683044179,,,45.375584147258046,41.44684252597923,32.824665055952636,-58.55315747402078,False,False,True
1755216000000,0.006074,0.006153,0.005655,0.005879,7183640.47,2025-08-15,-0.032104050049390986,-0.032630687203439285,0.032104050049390986,0.13076239087452093,2.4982119698968024,0.09894825571532455,1.8904037711090766,,,,,0.0057894,0.005888001062522022,0.005693999999999999,0.005922642559931575,,0.006069273684611865,,0.006223249589575964,,0.006284541345598722,0.07970615243342505,7.970615243342507,-0.13569538371067336,-13.569538371067335,,,62.11618257261409,33.84351308825633,,0.005957131990925958,0.006122709170836557,-0.00016557717991059952,-0.00018812865128421254,2.2551471373613016e-05,0.3835936617386123,,,,,,,0.000723,12.298009865623406,0.0008575714285714286,14.587028892182829,,,,,-15162832.879999999,0.0067309026243922675,,,39.2693058372248,44.631828978622316,45.32694138216007,-55.36817102137769,False,True,False
1755302400000,0.005879,0.006111,0.005599,0.005942,10396872.6,2025-08-16,0.010716108181663575,0.01065909762029804,0.010716108181663575,0.12604234471902376,2.408035614713425,0.09443202895631111,1.8041213800279727,,,,,0.0059372,0.005906012895865645,0.0056728,0.005926259743393567,,0.006054756271307408,,0.0062017621275576645,,0.006262105758564067,0.1420334422448588,14.203344224485875,-0.03444913877153066,-3.4449138771530636,,,60.69737408523461,43.36725584717015,,0.005954682906953556,0.006104855423357404,-0.00015017251640384813,-0.0001803981642337401,3.022564782989196e-05,0.5086780180055867,,,,,,,0.0007502857142857144,12.626821176131175,0.0007680714285714287,12.926143193729867,,,,,-4765960.279999999,0.006686312805088614,,,40.83472800303386,55.85274662064998,47.31047270841717,-44.14725337935001,False,True,False
1755388800000,0.005942,0.006163,0.005905,0.00608,10093199.89,2025-08-17,0.02322450353416361,0.022958918937659768,0.02322450353416361,0.1254431616149743,2.396588237583921,0.09034751568066354,1.7260868634656619,,,,,0.006105,0.0059640347705046635,0.005714100000000001,0.005954843869347688,,0.00605758247801075,,0.006192793014001595,,0.006250699508517158,0.16008395344399928,16.008395344399933,0.0728780659961179,7.28780659961179,,,69.76115367282559,36.11278952668681,,0.005974804230555763,0.006102459000890462,-0.0001276547703346993,-0.00016969524006091918,4.2040469726219886e-05,0.6914550941812481,,,,,,,0.0007341428571428571,12.074718045112782,0.0007282142857142858,11.977208646616543,,,,,5327239.610000001,0.006655338286880221,,,42.30569289974729,59.99423132391117,53.49293564106116,-40.00576867608882,True,False,False
1755475200000,0.00608,0.006082,0.0054,0.005743,9380254.75,2025-08-18,-0.05542763157894748,-0.057022974095916286,0.05542763157894748,0.0413818461513418,0.7905990606344423,0.09133938066251915,1.7450364173367816,,,,,0.0059436,0.005890334349841042,0.005745200000000001,0.005915617926846347,0.006285499999999999,0.006022941978940133,,0.006160764079858801,,0.006220205743465074,-0.12320610687022904,-12.320610687022906,0.057253313696612684,5.72533136966126,,,59.96822875297854,39.4065934065934,,0.00593783332108328,0.006068559284944114,-0.00013072596386083397,-0.00016181047972338398,3.108451586255001e-05,0.5412592001140522,0.006285499999999999,0.0009456662090544255,0.00817683241810885,0.004394167581891148,0.6018081037654446,0.35658258833673284,0.0007722857142857142,13.447426680928334,0.0007180000000000001,12.502176562772071,,,10847158.236,0.8647661024127427,-4053015.1399999987,0.006615832674585361,,-46.819772089878754,41.97032785880149,57.14754098360655,57.66483964272257,-42.852459016393446,False,True,False
1755561600000,0.005743,0.005895,0.005273,0.005322,8444812.78,2025-08-19,-0.07330663416332917,-0.07613254932666191,0.07330663416332917,0.041564293761012894,0.7940847173229679,0.0945473945359623,1.806325436332474,0.11779799132745472,2.2505274643260478,,,0.0057932,0.005700851577960664,0.0057479,0.005806067599939659,0.00622455,0.005946888694777164,,0.006102888804151489,,0.00616834509221611,-0.12380638788277909,-12.380638788277906,0.005099150141643083,0.5099150141643081,-0.18636294144626198,-18.6362941446262,12.331288343558313,34.823625922887615,,0.005840164281699708,0.005999549383634205,-0.00015938510193449704,-0.00016132088848345476,1.9357865489577207e-06,0.03637329103640963,0.00622455,0.0009673664996974218,0.008159282999394843,0.004289817000605156,0.621645901918964,0.26675076088475674,0.0008284285714285713,15.566113705910773,0.0007092142857142859,13.326085789445429,0.001342047619047619,25.2169789373848,9637163.922,0.8762757226451169,-12497827.919999998,0.006573899881579073,,-62.01619599475007,43.43730997103697,47.04626334519574,54.72934521757116,-52.95373665480426,False,True,False
1755648000000,0.005322,0.005701,0.0051,0.005492,10091534.44,2025-08-20,0.03194287861706124,0.031443315350227166,0.03194287861706124,0.04829751803718607,0.9227227864974369,0.09465698766834624,1.8084192101867833,0.08932930906298439,1.7066340533487598,,,0.005715800000000001,0.0056312250792254865,0.0057526,0.00574826513380604,0.0060655,0.005898178634066393,,0.00606195624816657,,0.006130721533204902,-0.06582752168736172,-6.582752168736168,0.00863177226813594,0.8631772268135934,-0.36677043698835465,-36.67704369883546,28.02114803625379,42.47385175079582,,0.005785207693693754,0.005953478905974654,-0.00016827121228089967,-0.00016272128635540182,-5.549925925497852e-06,-0.10105473280221872,0.0060655,0.0007886011933197049,0.007642702386639409,0.00448829761336059,0.5200568416913394,0.3181907392297407,0.0005428571428571428,9.884507335344916,0.0007052857142857144,12.842055977525755,0.0008754285714285715,15.940068671314119,9314400.171,1.08343363552487,-2406293.4799999986,0.006524920616158453,,-64.35395960243662,42.57080490101732,57.3846153846154,53.859473237805894,-42.615384615384606,False,True,False
1755734400000,0.005492,0.005722,0.00515,0.005394,10014506.68,2025-08-21,-0.017844136926438492,-0.018005263188186432,0.017844136926438492,0.04651082750768924,0.8885881118601903,0.09349538562501963,1.7862268343095344,0.08876135859902906,1.695783374970424,,,0.0056062,0.005552143006225635,0.0057717,0.005683209371571952,0.0059283,0.005844822450676812,,0.006018410009259845,,0.006091156805358791,-0.09222484012117127,-9.22248401211713,0.03670959062079571,3.6709590620795733,-0.3371835831899729,-33.71835831899729,30.236348818255948,46.595160888002,,0.0057237028981903535,0.005903528748837427,-0.0001798258506470734,-0.00016616251262824972,-1.3663338018823673e-05,-0.25330622949246706,0.0059283,0.0006322526227287379,0.0071928052454574756,0.004663794754542525,0.4265996138715907,0.288731599999532,0.0005349999999999999,9.918427882832773,0.0006432142857142857,11.924625244981195,0.000777952380952381,14.422550629447182,9497209.393000001,1.0544683459734263,-12420800.159999998,0.006479928864668469,,-62.54171097210111,42.26472816499988,53.615384615384635,52.68208778173192,-46.38461538461537,True,False,False
1755820800000,0.005394,0.005465,0.005215,0.005426,9047745.18,2025-08-22,0.005932517612161625,0.005914989519201744,0.005932517612161625,0.04317630054562128,0.8248820637000921,0.09349615606901851,1.7862415536214655,0.08023937218328706,1.532971053103855,,,0.0054754,0.00551009283956963,0.0057902000000000006,0.005636062217801324,0.00586535,0.0058009637919991626,,0.005980766755261439,,0.006056606684711495,-0.10756578947368423,-10.756578947368421,0.035298607136042826,3.529860713604279,-0.18833208676140611,-18.833208676140607,28.42809364548495,49.92117708880714,44.893285701199964,0.005677055991540105,0.005861533649604397,-0.00018447765806429203,-0.00016984292195711608,-1.4634736107175942e-05,-0.2697150038182075,0.00586535,0.0006153980547495034,0.0070961461094990064,0.004634553890500994,0.41968377317602745,0.321517960363542,0.0004995714285714285,9.206992786056551,0.0006112857142857143,11.265862777104944,0.0007382380952380952,13.605567549541009,9306747.786999999,0.9721704495568492,-3373054.9799999986,0.00644042879581695,,-65.03281963470312,42.92957204025997,54.846153846153854,55.28205128205129,-45.153846153846146,False,False,True
1755907200000,0.005426,0.0056,0.005201,0.00528,9733384.36,2025-08-23,-0.026907482491706602,-0.027276116518569902,0.026907482491706602,0.039325477066323646,0.7513121844282113,0.03836685157393588,0.7329976701117101,0.07486169615057628,1.4302306967575338,,,0.0053828,0.005433392188870763,0.0056632,0.005570891819478532,0.0057564,0.005746921366384931,,0.0059372957493055495,,0.006017523702853539,-0.08061988507748563,-8.061988507748561,-0.19389312977099238,-19.38931297709924,-0.292130312374313,-29.2130312374313,16.777408637873734,49.80340760157274,44.30082256169212,0.005615017895606848,0.00581109164750016,-0.0001960737518933121,-0.00017510898255882108,-2.0964769334491022e-05,-0.39706002527445117,0.0057564,0.0005005834911170626,0.006757566982234125,0.004755233017765875,0.3478448274039765,0.26207765115420434,0.0004834285714285714,9.155844155844155,0.000616857142857143,11.682900432900436,0.0006731904761904762,12.749819624819626,9503860.633499999,1.0241505778915736,-13106439.339999998,0.006400648345952327,,-62.8080064807941,42.27866654453003,49.230769230769226,52.564102564102576,-50.76923076923077,True,True,False
1755993600000,0.00528,0.005659,0.0052,0.005435,12766104.38,2025-08-24,0.029356060606060552,0.028933422855002607,0.029356060606060552,0.026733302136569367,0.5107390201861055,0.036515453085198685,0.697626751648997,0.0726015485514016,1.3870506375047944,,,0.0054053999999999994,0.005433928140063714,0.0055993,0.005546049540976251,0.0056928,0.005714836691381651,,0.005906831714376579,,0.005989076318886115,0.021232619316046586,2.1232619316046484,-0.10520250246954244,-10.520250246954243,-0.18965260175935594,-18.965260175935597,34.93150684931507,49.86910994764397,32.1813779440898,0.00558695827862483,0.00577887761260776,-0.00019191933398292945,-0.00017848124488112262,-1.3438089101806827e-05,-0.24725094943526824,0.0056928,0.00045188792276054565,0.006596575845521091,0.004789024154478908,0.31751540385086124,0.35737613962709985,0.0005121428571428571,9.423051649362597,0.0006231428571428572,11.465369956630306,0.0006561904761904762,12.073421825031762,9798916.264,1.3028077836424707,-340334.95999999717,0.006355982158102167,,-45.187394094651076,44.550219001687566,55.192307692307686,53.08974358974359,-44.80769230769232,True,True,False
1756080000000,0.005435,0.0055,0.00525,0.005293,8574845.76,2025-08-25,-0.02612695492180306,-0.026474327697322192,0.02612695492180306,0.024334579844910702,0.46491149515078883,0.03616874511364073,0.6910029051529821,0.07250862605320184,1.3852753556693762,,,0.0053656,0.005386951266538405,0.005540700000000001,0.0054998355501083675,0.00561735,0.005671774248883227,,0.005870384279163835,,0.005956042681427815,-0.03623452294246188,-3.623452294246183,-0.09967681578499743,-9.96768157849974,-0.2218465157306675,-22.184651573066745,48.04845222072676,51.20967741935483,33.636259059013,0.005541231232407371,0.005737736332364375,-0.00019650509995700408,-0.00018209475282239808,-1.4410347134605992e-05,-0.2722529214926505,0.00561735,0.00037665512286300595,0.006370660245726012,0.0048640397542739884,0.2682084063574503,0.28471685348750037,0.00045042857142857135,8.509891770802406,0.0006113571428571429,11.550295538581954,0.0006288095238095239,11.88002123199554,9684896.78,0.8853832885145112,-8915180.719999997,0.006325710230616496,31.509826272018525,-58.41401483690919,44.029682580138946,49.730769230769226,51.38461538461538,-50.269230769230774,False,False,True
1756166400000,0.005293,0.0054,0.004638,0.005281,19570135.4,2025-08-26,-0.002267145286227068,-0.00226971915105437,0.002267145286227068,0.023604233333907407,0.45095824464994994,0.03557688902818413,0.6796955105171438,0.06969134795040813,1.3314513330902755,,,0.005343,0.005351633763277964,0.0054746000000000005,0.005459902347973165,0.0055737,0.005632153965436038,,0.005836080072354583,,0.005924869332649499,-0.020949202817945878,-2.0949202817945913,-0.11124200605856616,-11.124200605856615,-0.14185895352616185,-14.185895352616178,31.965811965811923,50.54141851651327,40.31991174848318,0.005500819746231901,0.005699468211132886,-0.00019864846490098582,-0.0001854119115562614,-1.3236553344724418e-05,-0.2506448275842533,0.0055737,0.00036146952990899565,0.006296639059817991,0.004850760940182009,0.25941082577748764,0.2975624666941563,0.0004704285714285714,8.907944923851002,0.0006494285714285714,12.297454486433846,0.0006296190476190477,11.922345154687514,10354548.372,1.890003764231775,-28485316.119999997,0.006247517414727817,24.9575032151362,-116.89525749605842,36.15949599568224,49.269230769230774,51.39743589743589,-50.730769230769226,False,True,False
1756252800000,0.005281,0.005282,0.004753,0.005137,14028365.31,2025-08-27,-0.0272675629615603,-0.027646222239665293,0.0272675629615603,0.024752485406654052,0.4728955696973878,0.03369046516609835,0.6436554332361777,0.06774556929084387,1.2942772839957026,,,0.0052851999999999994,0.005280088615846526,0.005380299999999999,0.005401017988524784,0.0055472,0.005582257624353549,,0.005796149385387997,,0.005889420727148757,-0.05326207150755624,-5.326207150755624,-0.1550986842105263,-15.509868421052635,-0.09352391035821428,-9.352391035821423,29.63549920760694,22.064056939501782,32.467532467532465,0.005444403423951239,0.0056527945286460315,-0.00020839110469479238,-0.00019001487292168452,-1.8376231773107856e-05,-0.357723024588434,0.0055472,0.0003734970724890537,0.006294194144978108,0.004800205855021893,0.2693229539148066,0.22543292155789108,0.00046014285714285715,8.957423732584333,0.0005015,9.762507299980532,0.0006235714285714287,12.138824772657753,10618817.8705,1.3210854052758565,-42513681.43,0.006195212986510155,26.870135006549585,-118.0159026628957,23.844902431426235,25.563524590163944,41.521174863387984,-74.43647540983605,False,False,True
1756339200000,0.005137,0.00514,0.0049,0.004962,6403944.76,2025-08-28,-0.03406657582246442,-0.03466036621552148,0.03406657582246442,0.02609898278217855,0.4986203659363756,0.03153454278009001,0.6024665938850919,0.06754384881954618,1.2904234198028042,,,0.0052216,0.005174058524274011,0.0053022,0.0053210021475056605,0.0055237,0.005520098487177962,,0.0057493416956304055,,0.005848718613430576,-0.060227272727272685,-6.022727272727267,-0.1359916419989552,-13.599164199895519,-0.08652430044182624,-8.65243004418262,20.025839793281634,25.04488330341114,35.566583953680734,0.005369689914002472,0.005595978320333441,-0.0002262884063309687,-0.00019727857162700198,-2.9009834703966732e-05,-0.5846399577582977,0.0055237,0.0003952776639008913,0.006314255327801783,0.004733144672198218,0.28624122519390344,0.14474339730157615,0.00041271428571428573,8.317498704439453,0.0004738571428571428,9.549720734726778,0.0005663809523809524,11.414368246290858,10374970.2595,0.6172494570898774,-48917626.19,0.006171719826209855,28.782766797962967,-121.856158893901,16.447086308194002,21.245901639344293,32.026218999579676,-78.75409836065572,False,False,True
1756425600000,0.004962,0.005026,0.004596,0.004726,6567725.52,2025-08-29,-0.047561467150342596,-0.04872970650489316,0.047561467150342596,0.016463670416443605,0.31453798166066893,0.026864926022496145,0.5132536909958656,0.0681206999092003,1.3014441443963518,,,0.005079800000000001,0.005024705163588026,0.0052426,0.005212604479942545,0.00549525,0.0054409119886430065,,0.005692871876517364,,0.005800604233644086,-0.13045078196872117,-13.045078196872117,-0.11198797444569708,-11.198797444569713,-0.1074598677998112,-10.745986779981115,17.93981481481481,24.592331423534617,33.22017458777886,0.0052700994585039755,0.005525004776750522,-0.000254905318246546,-0.00020881534641926244,-4.6089971827283576e-05,-0.9752427386221661,0.00549525,0.0004314283345988479,0.006358106669197696,0.004632393330802304,0.314037275537126,0.05424230497327765,0.0004384285714285714,9.276948189347682,0.00046899999999999996,9.92382564536606,0.0005536666666666667,11.715333615460573,10323168.337,0.6362121885061343,-55485351.70999999,0.0061442565601812285,30.45958068076586,-159.37998470122935,16.67723922738827,8.296107211231647,18.368511146913296,-91.70389278876834,False,True,False
1756512000000,0.004726,0.004728,0.004305,0.004395,5315207.72,2025-08-30,-0.07003808717731708,-0.0726116476275759,0.07003808717731708,0.025049299249722642,0.47856619020704616,0.027886293756690488,0.5327668941589921,0.06923068983680443,1.3226504721872414,,,0.0049001999999999995,0.004814802955876478,0.0051329,0.005063706971439252,0.0054427500000000005,0.005337080198772963,,0.00562237849671003,,0.005741724100879496,-0.16965803891932751,-16.965803891932747,-0.1997450837581939,-19.974508375819386,-0.19283746556473835,-19.283746556473837,0.0,19.511233740638545,35.01448287612881,0.005134823714854204,0.0054335049279754695,-0.0002986812131212657,-0.00022680277086553548,-7.187844225573024e-05,-1.6354594369904492,0.0054427500000000005,0.0004967991095635704,0.0064363482191271415,0.00444915178087286,0.36510889499871974,-0.027250341149177678,0.00044185714285714287,10.053632374451487,0.00046264285714285716,10.526572403705512,0.0005585238095238095,12.708164039222062,10237508.215,0.5191895926600729,-60800559.42999999,0.006117983696944682,33.72959139435601,-197.90048436811983,17.514687923242093,4.843918191603864,11.461975680726601,-95.15608180839614,False,True,False
1756598400000,0.004395,0.004447,0.004,0.004153,7042986.88,2025-08-31,-0.05506257110352675,-0.056636566488523846,0.05506257110352675,0.016974354142918972,0.3242945805556564,0.0297396810564025,0.5681758088020284,0.06956004776079969,1.328942846489994,,,0.0046746,0.004594201629708205,0.0050088,0.00489790326900199,0.00539025,0.005220004406309399,,0.005543756904920982,,0.00567661134156598,-0.21359590986555588,-21.359590986555585,-0.2300704486466445,-23.007044864664454,-0.20180665000960996,-20.180665000960996,0.0,13.517606967057915,36.539829302987194,0.004983161979384093,0.005330529054556281,-0.00034736707517218825,-0.00025093092476125017,-9.643615041093808e-05,-2.322084045531859,0.00539025,0.0005730907776903086,0.006536431555380617,0.004244068444619383,0.4252795530376576,-0.03972688453756443,0.0004401428571428572,10.598190636717005,0.00047614285714285716,11.465033882563382,0.0005621428571428572,13.53582608097417,10242756.838,0.6876065683675073,-67843546.30999999,0.006078777337738899,37.593645063323706,-210.59871540799924,9.724574996957088,7.348703170028795,6.829576190954768,-92.6512968299712,False,True,False
1756684800000,0.004153,0.004164,0.004,0.004048,6506576.15,2025-09-01,-0.025282928003852456,-0.02560803266345188,0.025282928003852456,0.01755841937684741,0.33545313118204223,0.027650249024726358,0.5282572658868253,0.06953672699324316,1.3284973038514167,,,0.0044568,0.004412134232250156,0.004871,0.0047432069895769055,0.0053306,0.005104542516944127,,0.005464851529270066,,0.0056112483711826975,-0.21199143468950743,-21.199143468950744,-0.2539624032436417,-25.396240324364168,-0.22762831520702154,-22.762831520702147,0.0,14.819427148194265,37.404441208591194,0.004838798031453106,0.005228040601974822,-0.0003892425705217164,-0.0002786072874964768,-0.00011063528302523957,-2.7330850549713332,0.0053306,0.000646790651887007,0.006624181303774014,0.004037018696225986,0.4853417265501122,0.0042445355935405585,0.000427857142857143,10.569593450028236,0.0004391428571428572,10.848390739695088,0.0005501904761904763,13.591661961227178,10142636.231,0.6415073952976121,-74350122.46,0.006041557892391378,40.55760030612801,-185.65257748921985,10.112803065356204,2.5329815303430236,4.908534297325228,-97.46701846965698,False,False,False
1756771200000,0.004048,0.004054,0.003396,0.003849,15276765.98,2025-09-02,-0.04916007905138353,-0.05040955768355549,0.04916007905138353,0.016148251221427355,0.3085119064011476,0.028391335324954987,0.5424156997727144,0.033255880748414984,0.6353527095942626,,,0.0042342000000000005,0.004224422692587047,0.0047279,0.0045804789545645175,0.00519555,0.0049812549358727205,,0.00538074932674019,,0.005541931356009029,-0.22430471584038703,-22.4304715840387,-0.27102272727272725,-27.102272727272727,-0.4123664122137405,-41.23664122137405,0.0,16.323731138545938,36.98704103671706,0.004686080230727066,0.005118479319001521,-0.00043239908827445456,-0.0003093781297886167,-0.00012302095848583784,-3.196179747618546,0.00519555,0.0006606160183375882,0.006516782036675176,0.003874317963324824,0.5086014133922977,-0.00958119490825227,0.0004130000000000001,10.730059755780726,0.00044171428571428573,11.476079130015219,0.0005706190476190477,14.825124645857304,9861370.430499999,1.549152431466407,-89626888.44,0.005946675460401543,44.05034664337906,-185.17755694008216,9.951419144083673,19.475494411006018,9.78572637045928,-80.52450558899399,False,True,False
1756857600000,0.003849,0.003991,0.003497,0.003593,6559163.41,2025-09-03,-0.06651078202130423,-0.06882586617022739,0.06651078202130423,0.01774718672164348,0.3390595262406008,0.021087374259581196,0.40287371955084306,0.0328235692379558,0.6270934097838937,,,0.0040076,0.004013948365360923,0.0045436999999999995,0.004400806385522662,0.0050715,0.004845337552519809,,0.00528887907757169,,0.005466739945749873,-0.239737621667372,-23.973762166737206,-0.33891444342226307,-33.891444342226315,-0.40846229832071135,-40.84622983207113,0.0,8.227012758468973,33.64535499823384,0.004517501965154166,0.004997931601139306,-0.00048042963598513965,-0.00034359953650933445,-0.0001368300994758052,-3.8082410096244144,0.0050715,0.0007174729409898532,0.006506445881979706,0.0036365541180202934,0.5658861804119911,-0.01517622321763264,0.00040800000000000005,11.355413303645982,0.00043407142857142863,12.08103057532504,0.0004703333333333333,13.090268113925225,9649888.621000001,0.6797138980159841,-96186051.85,0.005907044542579812,47.425699240796725,-165.36169264678975,10.408224182161007,8.469475494410993,10.159317145253345,-91.530524505589,False,False,True
1756944000000,0.003593,0.0038,0.0035,0.003643,5240544.52,2025-09-04,0.013915947676036877,0.013820009895045204,0.013915947676036877,0.031910234389993394,0.6096441720141969,0.027045235214488494,0.5166984932720029,0.03392263606529442,0.648091052037228,,,0.0038572000000000003,0.003890298872499411,0.0043787,0.004262941201361326,0.0049597,0.0047279355725032965,,0.0052053165805659935,,0.005397675477371995,-0.17110352673492601,-17.1103526734926,-0.3117324768562252,-31.173247685622517,-0.38033679197142367,-38.03367919714237,4.226542688081167,10.651685393258418,35.74040219378428,0.004382684350445942,0.00489138830788176,-0.0005087039574358182,-0.00037662899563247344,-0.0001320749618033448,-3.6254450124442714,0.0049597,0.0007580845738125986,0.006475869147625197,0.003443530852374803,0.6113955068351703,0.06578063797750705,0.00041657142857142864,11.434845692325792,0.00041464285714285724,11.381906591898359,0.00045476190476190475,12.483170594617205,9552733.8235,0.5485910752697944,-90945507.33,0.005875731374641995,53.303021494612786,-143.4534911753136,10.988566740911963,10.914714980114885,12.953228295177299,-89.08528501988512,False,False,True
1757030400000,0.003643,0.0038,0.003501,0.003665,5749544.62,2025-09-05,0.006038978863573963,0.006020817312188056,0.006038978863573963,0.03457456385936944,0.6605461150547701,0.028305786485655435,0.5407812914927832,0.033692680224828915,0.6436977518738051,,,0.0037595999999999997,0.0038151992330512996,0.0042171,0.004154171555166817,0.0048458500000000005,0.0046243946573309245,,0.005128006887120443,,0.00533322408146895,-0.11750541777028645,-11.75054177702865,-0.3060026510130658,-30.600265101306572,-0.3832043083136991,-38.32043083136991,8.237986270022887,10.248306997742645,35.55188852218555,0.004272077795670544,0.0047953905645436706,-0.0005233127688731264,-0.0004059718445518946,-0.00011734092432123176,-3.201662328000867,0.0048458500000000005,0.000773619332134758,0.006393088664269516,0.0032986113357304845,0.6385829789487977,0.11840082358673966,0.00039785714285714294,10.855583706879752,0.0004181428571428571,11.409082050282596,0.00044528571428571436,12.149678425258237,9320367.4245,0.6168796097980482,-85195962.71,0.00584247521273375,59.18034374842885,-122.1343484618699,14.973212690131788,11.886875828546167,10.423688767690683,-88.11312417145383,False,False,False
1757116800000,0.003665,0.003774,0.00355,0.003652,4209757.88,2025-09-06,-0.003547066848567537,-0.003553372605892787,0.003547066848567537,0.035750780961506134,0.6830177112385302,0.030014599302812677,0.5734281145248872,0.03224693234598568,0.6160767774313528,,,0.0036803999999999995,0.0037607994813211817,0.0040686,0.004062831176944843,0.00472445,0.004529878675276575,,0.005054729177335263,,0.005271755834004258,-0.09782608695652184,-9.782608695652186,-0.28907922912205575,-28.90792291220557,-0.39934210526315794,-39.934210526315795,11.162790697674424,10.902977905859743,15.151515151515156,0.004176539729970465,0.004706264191422724,-0.0005297244614522589,-0.00043072648100144173,-9.899798045081713e-05,-2.7107880736806447,0.00472445,0.0007601469023536777,0.006244743804707355,0.0032041561952926446,0.6435855198837347,0.14728857123559802,0.0003694285714285714,10.1157878266312,0.00040564285714285713,11.107416679705837,0.00043157142857142846,11.817399468001875,9026195.324,0.4663933948788543,-89405720.58999999,0.00581878642753019,65.52133732106454,-106.89108766776174,18.662901211286282,11.312417145382224,11.371335984681094,-88.68758285461777,False,False,True
1757203200000,0.003652,0.003682,0.003574,0.003659,3578098.43,2025-09-07,0.00191675794085433,0.0019149233043477276,0.00191675794085433,0.03242561235752455,0.61949045425863,0.03198197583355214,0.6110147903688897,0.03191488105690136,0.6097329464608245,,,0.0036423999999999996,0.0037268663178119496,0.0039383000000000005,0.00398938333980954,0.00462025,0.004445395645399118,,0.004986152201183544,,0.005213762836193255,-0.04936347103143679,-4.936347103143675,-0.2625957275292221,-26.259572752922217,-0.36287654535956815,-36.28765453595682,14.442413162705662,4.084798345398141,17.2675521821632,0.00409681833703038,0.00462494590973153,-0.0005281275727011502,-0.00045020928905077287,-7.791828365037728e-05,-2.1294966835303986,0.00462025,0.0007560015925212946,0.00613225318504259,0.003108246814957411,0.6545114160673511,0.18212699235388044,0.00032099999999999994,8.772888767422792,0.0003805714285714285,10.400968258306326,0.00042442857142857137,11.599578339124662,8736087.508,0.409576761533511,-85827622.15999998,0.005798866655560253,71.88745467175205,-96.30855491871831,7.136098166575408,12.499999999999991,11.899764324642794,-87.50000000000001,False,False,True
1757289600000,0.003659,0.003674,0.003359,0.003494,7608078.45,2025-09-08,-0.04509428805684612,-0.04614267432520493,0.04509428805684612,0.02311141641100063,0.44154299055785523,0.03183659890297936,0.6082373680100993,0.03008942213373336,0.5748576027024702,,,0.0036226,0.0036492442071946554,0.0038150999999999997,0.0038992895682550656,0.00452885,0.004353264899017335,,0.004913557605490681,,0.005152905253315361,-0.027553576398552604,-2.7553576398552657,-0.2606855691917055,-26.068556919170543,-0.34347989477639984,-34.347989477639985,15.399610136452253,4.036791006642829,17.40912817709757,0.004003978617841979,0.004537442641314313,-0.0005334640234723343,-0.00046686200675577163,-6.660201671656267e-05,-1.9061825047671055,0.00452885,0.000776908060333089,0.006082666120666178,0.002975033879333822,0.6861857295632127,0.166997276500027,0.0003425714285714285,9.804562924196581,0.0003852142857142857,11.025022487529643,0.00040695238095238094,11.6471774743097,8694250.791499998,0.8750700471440388,-93435700.60999998,0.005755233638936104,78.1234516844481,-97.40413400989432,7.414441832961302,6.614404703576684,10.142273949652967,-93.38559529642332,False,True,False
1757376000000,0.003494,0.003998,0.003416,0.003525,4387070.96,2025-09-09,0.008872352604464728,0.008833224552367085,0.008872352604464728,0.02215017829345896,0.42317856210787363,0.030357493097697877,0.5799790912778862,0.028371055303297577,0.5420282505029704,,,0.003599,0.0036078294697984574,0.0037280999999999994,0.0038312220384645176,0.0044304999999999995,0.004273185898736782,,0.00484663442017456,,0.005096182292172055,-0.03239088663189682,-3.23908866318968,-0.19795221843003408,-19.795221843003407,-0.3581573197378005,-35.81573197378005,38.19444444444444,5.566801619433193,16.68045216432313,0.003930223429190861,0.00445936565149949,-0.0005291422223086288,-0.0004793191095994532,-4.98231127091756e-05,-1.4134216371397332,0.0044304999999999995,0.0007730574636501863,0.005976614927300372,0.002884385072699627,0.6979415087689302,0.20716924595603403,0.00033171428571428555,9.410334346504555,0.00037235714285714286,10.563323201621074,0.000405047619047619,11.490712597095575,8409027.6175,0.521709662466809,-89048629.64999999,0.005732313622549252,82.41019890747263,-76.49976362747691,12.870559824613139,8.632345293811747,9.248916665796143,-91.36765470618825,True,False,False
1757462400000,0.003525,0.003719,0.003189,0.003417,6220957.49,2025-09-10,-0.030638297872340403,-0.03111746313107717,0.030638297872340403,0.023070454708238177,0.440760418325395,0.028257344681735828,0.5398558121283726,0.028427633019051025,0.543109166244717,,,0.0035494,0.0035442196448277927,0.0036545,0.0037558954667448238,0.00433165,0.004190526837992236,,0.00477834476438464,,0.005038539695863247,-0.06766712141882669,-6.766712141882674,-0.1772212858174813,-17.722128581748127,-0.36651835372636266,-36.65183537263627,17.341040462427685,5.670103092783492,12.98304142340838,0.003851205993327603,0.004379224973407503,-0.0005280189800799004,-0.000489059746608946,-3.895923347095435e-05,-1.140159012904722,0.00433165,0.0007697628667665303,0.005871175733533061,0.0027921242664669397,0.7108264672967856,0.20294423143516793,0.00033685714285714276,9.858271666875702,0.0003724285714285714,10.899285087169195,0.0004016666666666666,11.754950736513509,8219350.158,0.7568673155924696,-95269587.13999999,0.005697547393863523,82.23362485342922,-87.78371920118695,14.652853590764593,11.686314710404918,8.977688235931117,-88.31368528959509,False,True,False
1757548800000,0.003417,0.003612,0.0032,0.003412,5727533.33,2025-09-11,-0.0014632718759144403,-0.0014643435037219898,0.0014632718759144403,0.023317175332079755,0.4454740092254948,0.028665095621272247,0.5476458828901105,0.028088848970991263,0.5366367060945721,,,0.0035013999999999996,0.0035001464290978605,0.0035908999999999997,0.003693359866170281,0.00423095,0.00411546322131781,,0.004713631675127616,,0.004983503645413585,-0.0657174151150054,-6.571741511500541,-0.15711462450592895,-15.711462450592892,-0.3711758201253226,-37.11758201253225,11.55015197568386,6.21468926553672,14.303215926493095,0.003783592409030403,0.004305069701442811,-0.0005214772924124079,-0.0004955436087846733,-2.593368362773462e-05,-0.7600727909652584,0.00423095,0.0007505614372272442,0.005732072874454488,0.0027298271255455113,0.7095914035639697,0.22722086448199386,0.00035285714285714277,10.341651314687654,0.0003847142857142857,11.275330765365934,0.000394047619047619,11.548875118628928,8053339.5655000005,0.7111997803416104,-100997120.46999998,0.005665994965869116,82.0570507993858,-84.49523963370928,15.183625335318254,12.13935764833969,10.819339217518786,-87.86064235166032,False,False,True
1757635200000,0.003412,0.003499,0.003171,0.003232,4982901.86,2025-09-12,-0.05275498241500587,-0.05419748897058375,0.05275498241500587,0.026945074012415582,0.51478491619327,0.029137906734301642,0.5566789265211628,0.02888352902249912,0.5518190471609741,,,0.003416,0.003410764285000744,0.0035291999999999997,0.0036094662086471048,0.00412855,0.004030382245677444,,0.004644025392839206,,0.004925059502487661,-0.11669855151680786,-11.669855151680784,-0.16030137698103397,-16.030137698103402,-0.3878787878787878,-38.78787878787879,7.661290322580612,6.417736289381551,15.443121693121682,0.003698685889546138,0.004223012374830956,-0.0005243264852848183,-0.0005013004348298405,-2.3026050454977754e-05,-0.7124396799188661,0.00412855,0.0007395299698563837,0.005607609939712767,0.0026494900602872327,0.716503343649837,0.19691897673392822,0.00035699999999999995,11.045792079207919,0.00037742857142857147,11.67786421499293,0.00039776190476190483,12.306989627534184,7815815.4405000005,0.6375408807863597,-105980022.32999998,0.0056379720505523945,81.60305377159125,-89.49468085106385,15.871638303207163,3.9177906229929254,9.247820993912512,-96.08220937700708,False,True,False
1757721600000,0.003232,0.003395,0.003195,0.003272,3144514.4,2025-09-13,0.012376237623762387,0.012300278081651687,0.012376237623762387,0.028047415054050593,0.5358451122229044,0.024537694836687378,0.4687920016200297,0.027451761095147263,0.5244651593167461,,,0.0033716,0.0033645095229665827,0.0034971000000000004,0.0035481027043997903,0.0040203999999999995,0.003957424819093541,,0.004580064932127312,,0.004870638517206228,-0.06353749284487697,-6.353749284487692,-0.08934038408015577,-8.934038408015576,-0.3979760809567616,-39.79760809567617,13.421550094517954,10.541110330288134,11.644782308223895,0.0036330117025700132,0.004150462539170033,-0.0005174508366000198,-0.0005045306277396718,-1.2920208860347994e-05,-0.39487190893484087,0.0040203999999999995,0.0006952517453941975,0.005410903490788394,0.002629896509211605,0.6917239532327106,0.23088884531470405,0.0003535714285714285,10.805972755850505,0.00036149999999999995,11.048288508557455,0.00038828571428571417,11.866922808243098,7334735.941500001,0.42871542003418417,-102835507.92999998,0.005620528128405322,80.56042237990634,-86.44867019840996,16.545690322702043,7.915360501567394,7.990836257633338,-92.08463949843261,False,False,True
1757808000000,0.003272,0.003324,0.003225,0.003244,3905463.41,2025-09-14,-0.008557457212714059,-0.008594282487334258,0.008557457212714059,0.02567543510955178,0.4905284990127011,0.0231942010654936,0.4431245891612073,0.027683366537183375,0.5288899750739242,,,0.0033154000000000005,0.0033243396817650987,0.0034571999999999997,0.0034928068712488064,0.003917950000000001,0.0038888584091610005,,0.004518238490767366,,0.004817780807933788,-0.07971631205673757,-7.971631205673758,-0.10952511666209175,-10.952511666209169,-0.387115057623276,-38.711505762327604,18.112244897959144,12.40694789081887,11.933427762039642,0.0035731404493439486,0.004081463960148551,-0.0005083235108046028,-0.0005052892254992771,-3.034285305325655e-06,-0.093535305342961,0.003917950000000001,0.0006471594186580984,0.005212268837316198,0.002623631162683804,0.6607122792869724,0.2396507025280365,0.00035228571428571427,10.859608948388233,0.0003366428571428571,10.377400035229874,0.0003711428571428571,11.440901884798308,7101266.824000001,0.5499671406235277,-106740971.33999997,0.005599010025128636,78.46498118637885,-85.74520548239052,17.47412842815207,7.351460221550828,6.394870448703717,-92.64853977844916,False,False,True
1757894400000,0.003244,0.004055,0.003142,0.00344,5436693.83,2025-09-15,0.06041923551171391,0.05866433513214047,0.06041923551171391,0.04074934220648801,0.7785150897352181,0.03229620869409249,0.617018200740073,0.033241301350709636,0.635074170592201,,,0.00332,0.0033628931213127776,0.0034347,0.0034832049922103926,0.0038259,0.003845756691158954,,0.004468692735438029,,0.004773570903450451,0.0067310506292068695,0.6731050629206912,-0.06139154160982263,-6.1391541609822635,-0.3486082181405037,-34.860821814050375,42.369838420107726,26.6153846153846,16.767068273092363,0.0035526505563383028,0.004032736299099742,-0.00048008574276143905,-0.0005002484165379132,2.0162673776474177e-05,0.5861242376882028,0.0038259,0.0005693282190903804,0.004964556438180761,0.0026872435618192393,0.5952358598921879,0.33054590170475157,0.00043771428571428564,12.72425249169435,0.0003901428571428571,11.341362126245844,0.00040271428571428565,11.706810631229235,6394594.7455,0.8502014664535085,-101304277.50999998,0.00557323315386605,72.90445142335736,-45.741501263350926,24.48914786880313,32.63964950711941,15.96882341007921,-67.3603504928806,True,True,False
1757980800000,0.00344,0.004,0.0031,0.004,5079983.87,2025-09-16,0.16279069767441867,0.1508228897345837,0.16279069767441867,0.08228991143267106,1.5721465504566834,0.06240903605031,1.1923229595902471,0.05271779059059439,1.0071719750544708,,,0.0034376000000000003,0.003575262081374782,0.0034695000000000004,0.003577172763102272,0.0037690499999999995,0.003860556286748687,,0.004447300080084739,,0.004749050001861904,0.17233294255568588,17.23329425556858,0.095290251916758,9.529025191675801,-0.22133540977224064,-22.13354097722406,78.88999008919723,54.54545454545455,31.187536743092295,0.0036214927286987273,0.004030254233717345,-0.0004087615050186182,-0.0004819507077920219,7.318920277340373e-05,1.8297300693350935,0.0037690499999999995,0.00048151334626526314,0.004732076692530526,0.002806023307469473,0.5110182632390267,0.6199084105307288,0.00048314285714285717,12.07857142857143,0.00040742857142857133,10.185714285714283,0.0004092857142857143,10.232142857142858,5947175.6735,0.8541842630672377,-96224293.63999997,0.0055515149796833835,69.45722645851974,-15.64658857235268,35.62395794700586,94.24083769633513,44.74398247500179,-5.759162303664871,False,True,False
1758067200000,0.004,0.004,0.002766,0.003447,5736953.31,2025-09-17,-0.13824999999999998,-0.14879007358516227,0.13824999999999998,0.10944682167977418,2.090978592231055,0.07833161675242792,1.4965234367737028,0.05977432458230589,1.1419868676713683,,,0.0034806000000000004,0.003532508054182802,0.0034483,0.003553503948867955,0.0036933,0.0038209039106983475,0.0050519599999999994,0.004401934730976352,,0.0047082624213787404,0.06652227722772275,6.652227722772275,-0.05793932768515986,-5.793932768515987,-0.3053204353083434,-30.532043530834347,51.12395632626846,46.27170582226761,23.84210526315789,0.0035946413630870808,0.003986108985477606,-0.00039146762239052535,-0.00046385383242448646,7.238621003396111e-05,2.099977082505399,0.0036933,0.0003954392760622336,0.004484178552124467,0.0029024214478755327,0.4282774495028658,0.3442870910215064,0.0005837142857142857,16.933979858261843,0.0004602857142857143,13.353226408056695,0.00044285714285714284,12.847610758837913,5913826.101,0.9700916482867002,-101961246.94999997,0.005523764545397126,64.41314613278101,-72.28336039449161,36.29508843545403,52.83165244375488,59.90404654906981,-47.16834755624512,False,True,False
1758153600000,0.003447,0.003599,0.003106,0.003299,4259182.97,2025-09-18,-0.042935886277922886,-0.04388489528828401,0.042935886277922886,0.11286836984779301,2.156347178196461,0.07820631721477084,1.4941295924679816,0.059656157302695016,1.1397292849642937,0.0832006701997593,1.5895465722703839,0.0034860000000000004,0.0034546720360404868,0.0034288,0.0035072288413993476,0.00362195,0.003770895180767767,0.00498712,0.0043522197755058774,,0.004664619270554252,0.008251833740831271,0.8251833740831198,-0.05580995993131088,-5.58099599313109,-0.30194667795175634,-30.19466779517563,52.19672131147539,41.63424124513619,23.804519180241726,0.003549149001294765,0.0039341869857919135,-0.0003850379844971487,-0.00044809048285338445,6.305249835623575e-05,1.911260938352099,0.00362195,0.0003210393442030232,0.004264028688406046,0.0029798713115939536,0.3545486207186992,0.24851213267822356,0.0005952857142857143,18.044429047763394,0.0004740714285714286,14.370155458364009,0.00045490476190476184,13.789171321756951,5798398.9735,0.7345446543891568,-106220429.91999997,0.005502959725559871,59.2511742605793,-90.38707686392362,37.024676515089496,41.3498836307215,62.807457923603835,-58.65011636927851,False,False,True
1758240000000,0.003299,0.0033,0.002999,0.0032,5382524.3,2025-09-19,-0.0300090936647468,-0.030468582440763413,0.0300090936647468,0.11399508978669398,2.1778731324043865,0.07851561402894254,1.5000386998057036,0.058411507229619304,1.1159502787064897,0.06759433495357584,1.291387956039127,0.0034771999999999997,0.003369781357301153,0.0033963,0.0034513674103195295,0.0035622,0.003716223919687583,0.00487766,0.004300585836468248,,0.004619762690004579,-0.013563501849568338,-1.3563501849568362,-0.0921985815602836,-9.219858156028362,-0.2718998862343571,-27.189988623435713,47.72727272727273,39.09985935302391,23.27254045723093,0.003495424701813554,0.0038787901369861486,-0.00038336543517259467,-0.00043514535507144247,5.17799198988478e-05,1.6181224968389938,0.0035622,0.0002778955881167024,0.004117991176233405,0.003006408823766595,0.3120493943256442,0.17415819512048727,0.0005914285714285716,18.482142857142865,0.0004742142857142857,14.819196428571427,0.00044876190476190477,14.023809523809524,5801764.8025,0.9277391420073857,-111602954.21999997,0.005475228901769499,53.667168089216226,-133.0399889303999,28.895222517755116,33.669511249030286,42.61701577450223,-66.3304887509697,False,True,False
1758326400000,0.0032,0.0033,0.002732,0.002903,5095241.73,2025-09-20,-0.09281249999999996,-0.09740612476318798,0.09281249999999996,0.11509087064118566,2.198807996234627,0.08294102242083079,1.584586008419125,0.06037998825877738,1.1535580559631509,0.06814996243487866,1.3020032041644563,0.0033698,0.003214187571461799,0.0033449,0.0033516618472988207,0.0034997,0.0036383872081067327,0.00477296,0.004238304990759774,,0.004567746828562363,-0.1561046511627906,-15.610465116279062,-0.15042434884401512,-15.042434884401512,-0.30098723814110273,-30.09872381411027,40.79870480302213,34.505585436491515,22.392486406327237,0.003404269420430995,0.003805264936894243,-0.00040099551646324795,-0.00042831533743939383,2.7319820976145885e-05,0.9410892516757108,0.0034997,0.00027859310075711564,0.0040568862015142315,0.0029425137984857687,0.3184194082431245,-0.0354583426315873,0.0006439999999999999,22.183947640372025,0.0004987857142857143,17.181733182422125,0.0004556666666666667,15.696406016764266,5704377.545,0.8932160765666853,-116698195.94999997,0.005447489262831355,47.43279556922466,-178.7824358061931,22.51026875324277,12.925170068027224,29.31485498259301,-87.07482993197277,False,True,False
1758412800000,0.002903,0.003277,0.002336,0.003067,5961561.99,2025-09-21,0.05649328281088506,0.054955200089621424,0.05649328281088506,0.07316094268066213,1.3977378473383133,0.08582094918894158,1.6396069320685294,0.06245396867207346,1.1931813961236997,0.06489198894443873,1.23975970802623,0.0031831999999999997,0.0031651250476260003,0.0033104000000000002,0.0032999041295136596,0.0034506499999999996,0.003583723596318764,0.0047006,0.004186385573193455,,0.004522748331450469,-0.23325000000000007,-23.325000000000003,-0.10111371629542798,-10.111371629542797,-0.24234189723320165,-24.234189723320167,39.75837451949478,38.500388500388496,26.517967781908297,0.0033523755456628984,0.003749707970975924,-0.0003973324253130255,-0.00042211871878864696,2.4786293475621466e-05,0.8081608567206217,0.0034506499999999996,0.00026289346951908083,0.003976436939038161,0.0029248630609618378,0.30474660660348735,0.13516590893088515,0.0007642857142857144,24.919651590665616,0.0005582857142857143,18.20299035819088,0.0004791904761904762,15.624078128153773,5677126.837,1.0501019549442208,-110736633.95999998,0.005414714899028562,41.79229086434869,-185.38980969920203,22.120671008435053,42.52472367655614,29.706468331204558,-57.47527632344386,False,True,False
1758499200000,0.003067,0.003068,0.002533,0.002918,2849228.73,2025-09-22,-0.0485816759047929,-0.04980143503152051,0.0485816759047929,0.05460495055128557,1.0432261154795468,0.08558530395347458,1.6351049361662235,0.062435960299043754,1.1928373466400501,0.062321792942776254,1.190656182361151,0.0030774,0.0030827500317336543,0.003279,0.003230465897321268,0.0034041,0.003520062371671514,0.00460978,0.00413044881077652,,0.004475116438241813,-0.15346678270960257,-15.346678270960254,-0.09715346534653468,-9.715346534653467,-0.24188100805404,-24.188100805404,11.631205673758842,38.74120406567631,27.102330293819648,0.0032855417040908805,0.0036871928239610714,-0.00040165111987019086,-0.0004180251798602714,1.6374059990080546e-05,0.5611398214558104,0.0034041,0.00027094782950926115,0.003945995659018523,0.002862204340981478,0.3183782256799285,0.05148192100263243,0.0007102857142857144,24.341525506707143,0.000574,19.671007539410553,0.0004968571428571429,17.02731812395966,5055749.9745,0.5635620322149695,-113585862.68999998,0.005399019072034762,35.65821330169971,-174.7119277483649,23.943223367382544,33.856893542757426,29.768929095780265,-66.14310645724257,False,False,True
1758585600000,0.002918,0.0032,0.00275,0.0031,3749534.98,2025-09-23,0.06237148732008224,0.060503661390506655,0.06237148732008224,0.06783162931326049,1.2959214584153727,0.08825548955243201,1.6861187604053558,0.0631516114059676,1.206509841840162,0.062103699289658094,1.1864895089687906,0.0030376,0.003088500021156561,0.0032618,0.0032067445126672473,0.0033794500000000004,0.0034799086408308314,0.00453764,0.004085226155229751,,0.004434699754992286,-0.06032130948772352,-6.0321309487723545,-0.052567237163814284,-5.256723716381426,-0.13721124408572227,-13.721124408572221,33.30125120307987,42.15577703949797,32.95604106343774,0.0032569943563595534,0.0036431046914878235,-0.00038611033512827,-0.0004116421870322596,2.5531851903989595e-05,0.8236081259351482,0.0033794500000000004,0.0002752494514550498,0.0039299489029101,0.002828951097089901,0.32579200929742974,0.2461847802759048,0.0006460000000000001,20.83870967741936,0.0005645714285714287,18.21198156682028,0.0004869523809523809,15.708141321044543,4915268.553,0.7628342052056336,-109836327.70999998,0.005380061391887998,32.48071124214846,-105.14936074053485,22.331676769184142,44.44444444444445,40.275353887919344,-55.55555555555555,True,False,False
1758672000000,0.0031,0.0031,0.002593,0.00287,4193012.85,2025-09-24,-0.07419354838709669,-0.07709008171957073,0.07419354838709669,0.07363703122951018,1.4068335062927624,0.09119671333366103,1.7423107618460636,0.06478015652068869,1.2376231525704413,0.06255541431254777,1.1951195123636358,0.0029716,0.0030156666807643557,0.0032244,0.003145517577882125,0.0033408,0.0034216280241408563,0.004459,0.004032142231281235,,0.004389147760837347,-0.10312500000000002,-10.3125,-0.11528976572133165,-11.528976572133162,-0.21218775734284923,-21.218775734284925,30.86529884032113,40.33910279053338,33.06047002904674,0.0031974524035898863,0.003585116258748255,-0.00038766385515836893,-0.000406846506303264,1.9182651144895077e-05,0.6683850573134172,0.0033408,0.0002901621325360781,0.003921124265072157,0.002760475734927844,0.3474163464272967,0.09436471268226067,0.0005421428571428572,18.889995022399205,0.0005629285714285715,19.61423593827775,0.0004875714285714286,16.988551518168244,4862891.9695,0.8622467610423029,-114029340.55999997,0.00535778386454998,28.903068249535522,-134.513030964692,23.327731748581016,31.06457242582899,36.455303471010296,-68.93542757417102,False,True,False
1758758400000,0.00287,0.002947,0.002527,0.002565,3833685.95,2025-09-25,-0.10627177700348434,-0.1123535511487969,0.10627177700348434,0.07715604490877816,1.4740641682360263,0.09243145774023748,1.7659005206111233,0.06811006588996198,1.301240981744066,0.06286120474850794,1.2009616304396866,0.0029040000000000003,0.002865444453833711,0.0031369,0.003039967996793942,0.0032857999999999997,0.0033397978538108647,0.004387220000000001,0.003968339010254324,,0.004336532505277232,-0.116431277988288,-11.643127798828804,-0.2543604651162791,-25.436046511627907,-0.3001364256480218,-30.01364256480218,26.07385079125845,36.47396997764292,31.402056684223723,0.003100146005397921,0.0035086715093540174,-0.00040852550395609633,-0.0004071823066379125,-1.343197318183823e-06,-0.05236636718065587,0.0032857999999999997,0.00032734556021040394,0.003940491120420808,0.0026311088795791917,0.39849724293676314,-0.05048860257696761,0.0005317142857142858,20.729601782233363,0.0005635,21.968810916179336,0.0004932857142857143,19.231411862990814,4767099.036,0.8041968335561972,-117863026.50999998,0.005336359297844137,25.489379101258542,-157.4946072499605,24.393176958028093,13.321698662012803,29.610238510762084,-86.6783013379872,False,True,False
1758844800000,0.002565,0.002687,0.00186,0.00213,7243527.0,2025-09-26,-0.16959064327485385,-0.18583649890139917,0.16959064327485385,0.08543236426847713,1.6321830275870242,0.0755664098188435,1.4436942324855124,0.07621483924162822,1.456082459213399,0.06595530574307411,1.2600743469401994,0.0027166000000000004,0.0026202963025458064,0.0029498999999999997,0.0028745180766487325,0.0032097000000000002,0.003224264066781496,0.00431648,0.0038887332566973137,,0.004273458144716468,-0.3055102706227584,-30.551027062275836,-0.4675,-46.75,-0.4167579408543264,-41.675794085432635,23.61774744027302,33.72711163614885,29.64717025811035,0.002950884949288268,0.0034054467060881293,-0.0004545617567998611,-0.0004166582148225361,-3.790354197732499e-05,-1.7795090130199527,0.0032097000000000002,0.00040535197181291804,0.004020403943625836,0.002398996056374164,0.5051587024493479,-0.1659027678902681,0.0006068571428571428,28.490945674044266,0.0005991428571428571,28.12877263581489,0.0005184285714285715,24.339369550637162,4918787.492000001,1.4726245058931688,-125106553.50999998,0.0052900404490281265,23.556767055695957,-218.0304915992533,24.432426102074132,12.300683371298401,18.89565148638007,-87.6993166287016,False,True,False
1758931200000,0.00213,0.002511,0.001871,0.00231,8070571.38,2025-09-27,0.08450704225352124,0.08112554481236853,0.08450704225352124,0.10992587021022407,2.100130801554604,0.08196685329573143,1.565974533416634,0.07983292528302466,1.5252058959774657,0.0674039933123787,1.2877514840900572,0.002595,0.0025168642016943914,0.0028361999999999997,0.002771877820579769,0.00314225,0.0031369760138100122,0.00425404,0.003820647527236106,,0.004217820813670299,-0.20836189170664843,-20.83618917066484,-0.32985204525674494,-32.9852045256745,-0.3686799672041541,-36.86799672041541,24.442943956785953,36.3584798638684,34.53098625512419,0.0028522828911129888,0.003323493144206821,-0.00047121025309383203,-0.00042756863919697196,-4.3641613896860075e-05,-1.8892473548424276,0.00314225,0.0004376067538928306,0.004017463507785661,0.0022670364922143388,0.5570616645942629,0.024544586779951135,0.0006171428571428571,26.716141001855288,0.0006305714285714288,27.297464440321594,0.0005382380952380953,23.30035044320759,5143411.1395,1.5691087414770726,-117035982.12999998,0.005240112764495235,22.020366867745206,-179.03858192481306,32.12101113839091,20.50113895216401,15.374506995158407,-79.49886104783599,False,False,True
1759017600000,0.00231,0.002648,0.00191,0.002038,6622453.09,2025-09-28,-0.11774891774891783,-0.1252785897331692,0.11774891774891783,0.09641338061951917,1.8419750504028982,0.08597600052935522,1.6425691837678091,0.08265410709164445,1.579104498751655,0.06894857126366447,1.317260604415362,0.0023826,0.0023572428011267,0.0027101,0.0026384448452440204,0.00306945,0.0030320775528969893,0.0041889,0.003744067141117254,,0.004156575239276226,-0.3425806451612904,-34.25806451612903,-0.38223704152773563,-38.22370415277357,-0.4167143674871209,-41.67143674871208,22.568578553615964,34.0053050397878,31.63195239185167,0.0027270038981191203,0.003227392657228237,-0.0005003887591091168,-0.00044213268103486433,-5.825607807425243e-05,-2.8584925453509538,0.00306945,0.0004935444815446185,0.004056538963089237,0.002082361036910763,0.6431699249632585,-0.022470637687979494,0.0005881428571428573,28.858825178746677,0.0006762142857142857,33.18028879854199,0.0005682380952380953,27.882144025421752,5094129.871499999,1.3000165400278607,-123658435.21999998,0.0051999219844660475,20.62341303271449,-156.28457895986492,31.84597552802103,8.109339407744866,13.637053910402429,-91.89066059225513,True,False,False
1759104000000,0.002038,0.002137,0.00175,0.001937,9066700.73,2025-09-29,-0.04955839057899902,-0.05082855037567425,0.04955839057899902,0.0971971890742803,1.8569496899050895,0.08585521796025158,1.6402616360251316,0.08248961414291,1.575961865378682,0.06879142719357413,1.3142583711717477,0.002196,0.002217161867416107,0.0025838,0.0025109089149623525,0.00299005,0.0029275734633987817,0.004118739999999999,0.0036667272094789358,,0.004094725719154076,-0.32508710801393736,-32.50871080139374,-0.3946875000000001,-39.46875000000001,-0.45049645390070925,-45.04964539007092,11.818778726198289,29.551020408163268,30.57553956834532,0.0026054609768611154,0.0031309917943566873,-0.0005255308174955719,-0.0004588123246863527,-6.671849280921917e-05,-3.444423996345853,0.00299005,0.000541779084420742,0.0040736081688414845,0.001906491831158516,0.7247759528044576,0.014077771604131994,0.000567,29.27207021166753,0.0006386428571428573,32.97072055461318,0.0005716666666666667,29.512992600240928,5328111.36,1.7016725284810863,-132725135.94999999,0.005142016540907877,26.140232679465846,-172.81049429196358,22.91749199129221,8.311111111111105,12.307196490339997,-91.68888888888888,False,True,False
1759190400000,0.001937,0.002037,0.001525,0.001775,9099949.14,2025-09-30,-0.08363448631905002,-0.08733996149747963,0.08363448631905002,0.09570185758343865,1.8283814218855108,0.08534122147060773,1.6304417468786767,0.08348419946363016,1.5949633912508345,0.06931777751174507,1.3243142798808156,0.002038,0.0020697745782762168,0.002471,0.0023771068615445743,0.00290795,0.0028176036830711002,0.00405018,0.003586052994218688,,0.004030602515429654,-0.3079922027290448,-30.79922027290448,-0.3885635549431623,-38.856355494316226,-0.4805384840503365,-48.05384840503365,12.371134020618555,16.051266402197115,29.584511638024793,0.0024776943162429315,0.0030297542787489726,-0.0005520599625060412,-0.00047746186688342457,-7.459809562261659e-05,-4.2027096125417795,0.00290795,0.0005954308015829142,0.004098811603165828,0.0017170883968341715,0.8190385688652337,0.02431500142916455,0.0005758571428571428,32.44265593561368,0.0006109285714285715,34.418511066398395,0.0005683333333333333,32.018779342723,5472060.942500001,1.6629838804102461,-141825085.08999997,0.0050830872729410075,29.3628364598645,-167.19375137972182,14.139494808509681,10.101010101010102,8.840486873288695,-89.89898989898991,False,True,False
1759276800000,0.001775,0.001867,0.001518,0.001754,13698070.04,2025-10-01,-0.01183098591549303,-0.011901528977387894,0.01183098591549303,0.07784800372661813,1.4872840228887472,0.07883344991777491,1.506110945935753,0.08333712119205362,1.5921534648178066,0.06922242878822801,1.3224926450757954,0.0019628,0.0019645163855169126,0.0023396999999999997,0.0022638144052670346,0.00282505,0.002716140405241358,0.00398044,0.0035081907097369632,,0.003968160927811492,-0.1765258215962442,-17.652582159624416,-0.42810564069122925,-42.81056406912292,-0.48593200468933184,-48.593200468933176,15.371477369769437,19.162112932604728,29.34287573194534,0.0023663541974476314,0.002934562963508837,-0.0005682087660612055,-0.0004956112581115383,-7.259750794966723e-05,-4.1389685262067974,0.00282505,0.0006356225688252323,0.004096295137650465,0.0015538048623495353,0.8999806287679614,0.07873978500341344,0.0005532857142857143,31.544225443883366,0.0005477142857142858,31.226584134223824,0.0005597142857142858,31.910734647336703,5870587.778,2.333338765725206,-155523155.12999997,0.004996479519762463,34.06887067910757,-148.60527711170235,13.876166729809512,11.340701585776062,9.917607599299094,-88.65929841422393,False,True,False
1759363200000,0.001754,0.001969,0.00167,0.001827,8601294.63,2025-10-02,0.04161915621436729,0.04077638344587849,0.04161915621436729,0.062060273704162845,1.1856598643228151,0.0841777302157493,1.6082132776657911,0.08460659198158875,1.6164066701977409,0.05806706332207651,1.1093696870927499,0.0018661999999999997,0.0019186775903444445,0.0022306,0.0021843934324497984,0.0027548,0.0026313335545043353,0.00388598,0.0034369739743537807,,0.003909878603493386,-0.2090909090909091,-20.909090909090907,-0.37388622344071276,-37.38862234407128,-0.4347153465346535,-43.47153465346534,31.273176761433888,22.434456928838955,31.555653905731347,0.00228337503208463,0.0028519661008750046,-0.0005685910687903747,-0.0005102072275769364,-5.8383841213438276e-05,-3.195612545891531,0.0027548,0.0006652304389022589,0.004085260877804518,0.0014243391221954822,0.9659219382928109,0.15132383241098207,0.000536,29.337712096332787,0.0005338571428571429,29.22042380170459,0.0005543333333333334,30.341178617040693,6051507.4165,1.4213474491575053,-146921860.49999997,0.004946066771490994,38.243224151981664,-114.64552238805969,21.147527655828497,17.340067340067343,12.92725967561784,-82.65993265993265,True,False,False
1759449600000,0.001827,0.002081,0.0017,0.001851,7385487.35,2025-10-03,0.013136288998357948,0.013050756195490775,0.013136288998357948,0.04966329735271751,0.9488159636830105,0.0786232625660172,1.5020953222187938,0.08462427655752901,1.6167445335466828,0.05785272420714195,1.1052747440516697,0.0018287999999999998,0.001896118393562909,0.0021057,0.002123776337410947,0.00268375,0.0025569153931370246,0.0038015200000000005,0.003370001347244191,,0.0038542486631383734,-0.09175662414131491,-9.175662414131496,-0.40290322580645155,-40.29032258064516,-0.4342909535452323,-43.42909535452323,14.85451761102604,24.0077071290944,31.449468085106375,0.0022168547134246053,0.0027773561313606987,-0.0005605014179360934,-0.0005202660696897518,-4.0235348246341605e-05,-2.1737087113096494,0.00268375,0.0006827381308108872,0.004049226261621774,0.0013182737383782255,1.0175882713529756,0.1950697630543413,0.00047228571428571426,25.51516554758046,0.0005395714285714285,29.150266265339198,0.0005568571428571429,30.084124411515013,6263556.064,1.179120498728883,-139536373.14999998,0.004904784805754198,42.18513781163583,-94.78019251761437,28.085000093600044,18.686868686868685,15.7892125375707,-81.31313131313132,True,False,False
1759536000000,0.001851,0.002778,0.001766,0.002743,12125085.27,2025-10-04,0.4819016747703946,0.3933261783641059,0.4819016747703946,0.2249103298651034,4.296905818750372,0.18381890114214441,3.511855175294604,0.14148730099941753,2.7031110901323343,0.09173398825612358,1.7525753848270653,0.00199,0.002178412262375722,0.002093,0.0022363626209703233,0.0026587,0.002574659456236135,0.0037388,0.003343603807292753,,0.0038244383993240256,0.41610738255033564,41.610738255033574,-0.044250871080139365,-4.425087108013935,-0.1544389642416768,-15.443896424167686,77.6904948939513,47.492163009404386,43.63670694864049,0.002297801257202311,0.0027747964828536763,-0.00047699522565136524,-0.000511611898100731,3.461667244936573e-05,1.262000453859487,0.0026587,0.0006701757899787715,0.003999051579957543,0.001318348420042457,1.0082759092470328,0.5314469730407116,0.0005254285714285714,19.15525233060778,0.0005712857142857143,20.827040258319876,0.0005955238095238096,21.710674791243513,6674537.157000001,1.8166181391744403,-127411287.87999998,0.004851287424814088,42.908800326238214,-24.693014147314603,39.452267949087236,69.64184195565663,35.22292599419756,-30.358158044343362,True,False,False
1759622400000,0.002743,0.003248,0.002268,0.002588,17214120.72,2025-10-05,-0.05650747356908503,-0.05816683531681214,0.05650747356908503,0.22000143956450555,4.203121601240677,0.1810263491841864,3.458503545049299,0.1412701796540738,2.6989629926539216,0.09189369161895208,1.755626513289788,0.0021526,0.0023149415082506265,0.0020953,0.002300296765658932,0.0026161,0.0025759313928480497,0.0036717200000000007,0.0033118834741431217,,0.003791501155207542,0.4580281690140844,45.80281690140844,0.008966861598440623,0.8966861598440552,-0.24767441860465111,-24.767441860465116,74.52901281085154,42.4709210939956,42.43481454278369,0.002342447738038211,0.0027608854825799897,-0.0004184377445417787,-0.0004929770625977364,7.453931805595764e-05,2.8801900330740975,0.0026161,0.0006444846901125423,0.0039050693802250847,0.0013271306197749156,0.985412927812457,0.48909981864926333,0.00056,21.638330757341574,0.0005740714285714287,22.18204901744315,0.0006374761904761906,24.632001177596237,7263408.5015,2.3699783258018643,-144625408.59999996,0.004787295367874781,42.30295928954333,14.687444026509013,53.26662738886381,61.849710982658955,50.05947387506143,-38.15028901734104,True,False,False
1759708800000,0.002588,0.004616,0.002588,0.003917,13139409.04,2025-10-06,0.5135239567233385,0.41444067804504015,0.5135239567233385,0.27547978291641817,5.263033862747043,0.22733770081888388,4.343280675707013,0.17982751914536935,3.435599929316863,0.1182152751021305,2.2584996596474003,0.0025852,0.0028489610055007952,0.0022740000000000004,0.002594243093306468,0.00261195,0.002703780317024082,0.00362846,0.003337216303477402,,0.003794821593474035,1.2331812998859752,123.31812998859752,0.8389671361502349,83.8967136150235,-0.020749999999999935,-2.0749999999999935,92.9430633520449,61.45379500114653,55.19332827899924,0.002584688936767865,0.002846948780884812,-0.00026225984411694684,-0.00044683360941042067,0.00018457376529347382,4.712120635523967,0.00261195,0.0006353062647259085,0.003882562529451817,0.001341337470548183,0.972922551696485,1.0135515232810748,0.0007944285714285715,20.281556584849923,0.0006807142857142857,17.378460191837775,0.0006905714285714287,17.630110507312448,7666379.76,1.7139001003519292,-131485999.55999997,0.004763297420776112,44.17790063956774,146.35349642373384,62.48469620300932,77.43705616526792,69.6428697011945,-22.56294383473208,True,False,False
1759795200000,0.003917,0.00433,0.003392,0.003568,13924186.89,2025-10-07,-0.08909880010211901,-0.09332083996593135,0.08909880010211901,0.2992915975419039,5.717957942404133,0.23362768170011586,4.463450591711337,0.17799867841731035,3.4006599762667844,0.11861482903886857,2.2661331268905642,0.0029334,0.003088640670333976,0.0023998,0.0027712899440819,0.002618,0.0027861616379478986,0.0035849600000000003,0.0033468523972062718,,0.0037888600458291077,0.952928297755884,95.29282977558839,0.5445887445887445,54.45887445887446,0.03510298810559909,3.5102988105599073,82.14032600992203,55.1678445229682,52.14368482039397,0.0027359688243895302,0.0029006054309638762,-0.000164636606574346,-0.0003903941995560752,0.0002257575929817292,6.3272867988152806,0.002618,0.0006441909654752899,0.00390638193095058,0.0013296180690494203,0.9842489923228266,0.8686794952561471,0.0008552857142857141,23.971012171684812,0.0007155714285714285,20.0552530429212,0.0006923809523809525,19.405295750587232,8075741.438999998,1.7241991952288411,-145410186.45,0.0047402986443079295,45.22695604874314,146.7239631931176,67.08925335792082,66.17172369270496,68.48616361354395,-33.82827630729504,False,False,True
1759881600000,0.003568,0.00382,0.003392,0.00377,9005995.24,2025-10-08,0.05661434977578472,0.05506978674215642,0.05661434977578472,0.2940869515851359,5.618523321017089,0.22488412458764834,4.2964051676275625,0.17771326461075837,3.3952071531489647,0.11848291504618731,2.263612913599042,0.0033172,0.003315760446889389,0.0025729999999999998,0.002952873708485519,0.0026415500000000003,0.0028799374473203123,0.00355392,0.00336447568314815,,0.0037883675395355317,1.036736898973528,103.67368989735277,0.8498527968596663,84.98527968596665,0.14277053652622018,14.27705365262201,82.92104371399525,59.99999999999999,53.715738909296405,0.0028950516670923753,0.002965278958868968,-7.022729177659287e-05,-0.0003263608095707999,0.00025613351779420706,6.7939925144352005,0.0026415500000000003,0.0006781130533752324,0.003997776106750465,0.0012853238932495354,1.026841140050701,0.9160257623648687,0.0008665714285714286,22.985979537703678,0.0007099285714285714,18.83099658961728,0.0006540000000000001,17.3474801061008,8313082.052499999,1.083352141013888,-136404191.20999998,0.0047244735971162044,46.83677895439886,128.04426221409867,63.12934883472762,72.69205939315685,72.10027975037657,-27.30794060684314,False,False,False
1759968000000,0.00377,0.003847,0.00295,0.003199,10163769.7,2025-10-09,-0.15145888594164458,-0.16423674049253847,0.15145888594164458,0.26742743637234373,5.109193998030378,0.23362713499460183,4.463440146917157,0.18151104315154065,3.467763610293465,0.12026307458218417,2.2976228137806687,0.0034084000000000002,0.003276840297926251,0.0026992,0.0029976239670738004,0.0026415,0.0029103469243680034,0.00350806,0.0033576006611455165,,0.0037730734824634768,0.16624134159679183,16.624134159679173,0.6515229736706247,65.15229736706247,-0.00031250000000004885,-0.03125000000000415,69.26815323041738,56.651279899286614,48.38320139541125,0.002941813228487536,0.002982659793392576,-4.0846564905040045e-05,-0.00026925795462401543,0.00022841138971897539,7.140087205969846,0.0026415,0.0006780697448989702,0.003997639489797941,0.0012853605102020598,1.0267949951148518,0.7055467023097546,0.0009519999999999999,29.75929978118162,0.0007440000000000001,23.25726789621757,0.0006732380952380952,21.045267122166152,8552144.322500002,1.1884469340934696,-146567960.90999997,0.004701813907933366,47.401668449601644,85.25372988875047,59.20341558417299,54.260813428018075,64.37486550462663,-45.73918657198193,True,True,False
1760054400000,0.003199,0.003331,0.002523,0.002795,12146717.3,2025-10-10,-0.1262894654579556,-0.13500615436031846,0.1262894654579556,0.2763485115688476,5.279630900347664,0.2371358004965614,4.530473107210539,0.1826881725425611,3.490252635731876,0.12147459648601776,2.3207689072537803,0.0034498000000000003,0.0031162268652841453,0.0028012000000000002,0.0029607832297786074,0.0026360999999999997,0.0028993541220409687,0.0034560800000000003,0.0033342806453823316,,0.003747847614169128,0.0799845440494591,7.998454404945909,0.5746478873239436,57.46478873239437,-0.037202893558387906,-3.720289355838788,50.863787375415285,57.022175290390706,41.74318212964233,0.0029192264637538257,0.002968708405848573,-4.948194209474736e-05,-0.000225302748414943,0.00017582080632019565,6.290547632207358,0.0026360999999999997,0.0006763053576913992,0.003988710715382798,0.0012834892846172014,1.0262210958482594,0.5587382600895007,0.001013,36.2432915921288,0.0007426428571428572,26.570406337848198,0.0006973809523809524,24.951017974273785,8904718.101,1.3640765673015438,-158714678.20999998,0.004667116714341891,47.31043449413388,31.38451401273427,56.39430064375264,41.22014202711427,56.0576716160964,-58.77985797288574,False,True,False
1760140800000,0.002795,0.002902,0.002466,0.002702,10727222.56,2025-10-11,-0.033273703041144964,-0.03383986706905543,0.033273703041144964,0.08297650201581712,1.5852638451295826,0.2380247201978464,4.547455894257911,0.18262133811794942,3.488975765842534,0.12151603781317313,2.321560642697401,0.0032068,0.0029781512435227506,0.002896,0.002913731716726586,0.00261785,0.0028805470662845454,0.0034016000000000003,0.0033081308043262365,,0.003721034352688717,-0.3101863671176922,-31.018636711769215,0.540478905359179,54.04789053591791,-0.11900880339093578,-11.900880339093574,51.933514246947084,54.21686746987952,44.55170396372678,0.0028858068648194113,0.002948885576473814,-6.307871165440277e-05,-0.00019285793887605912,0.00012977922722165635,4.803080208055379,0.00261785,0.0006689503384132067,0.0039557506768264136,0.0012799493231735867,1.0221370031334212,0.5314485228453614,0.0009307142857142857,34.44538437136513,0.0007280714285714286,26.945648725811573,0.000691095238095238,25.57717387473124,9143001.1295,1.1732714901881058,-169441900.76999998,0.004634359199297604,47.0844047265187,9.089480492584446,50.4979107318565,38.218205293737896,44.56638691629008,-61.78179470626212,False,True,False
1760227200000,0.002702,0.00284,0.002525,0.002685,8557201.61,2025-10-12,-0.006291635825314668,-0.00631151157717919,0.006291635825314668,0.08609283156263776,1.6448012375246261,0.23902807763328085,4.566625011146364,0.18219089047084858,3.4807520750916274,0.12148474891102606,2.3209628690612205,0.0030302,0.0028804341623484947,0.0029818,0.002872144119769567,0.0026062000000000004,0.002861913294422351,0.0033496999999999997,0.0032824144736384423,,0.0036946267924288663,-0.24747757847533636,-24.747757847533634,0.4696223316912971,46.96223316912971,-0.07984921178889659,-7.984921178889655,12.347188264058673,57.363988162986566,45.42201014017298,0.002854913389168875,0.0029292774511285027,-7.436406195962791e-05,-0.00016915916221493736,9.479510025530946e-05,3.530543771147466,0.0026062000000000004,0.0006654678291089158,0.003937135658217832,0.0012752643417821687,1.0213611067591373,0.5296032342034908,0.0008357142857142859,31.125299281723873,0.000697857142857143,25.990955041234375,0.0006612857142857143,24.628890662410218,9428399.7735,0.9075985125335224,-177999102.38,0.004608909432835771,47.16024710894322,9.356399515728262,49.481812140565744,37.66946417043253,39.03593716376157,-62.33053582956748,False,False,True
1760313600000,0.002685,0.002976,0.00254,0.002713,7892266.82,2025-10-13,0.010428305400372428,0.010374305715966672,0.010428305400372428,0.07298727436420008,1.3944199188110378,0.23908887962912204,4.567786631645869,0.18175818718723644,3.4724852904656807,0.12139747031129415,2.3192954137546304,0.0028187999999999998,0.002824622774898994,0.0030680000000000004,0.0028432088183792544,0.0025868500000000003,0.002847724019761403,0.00329526,0.0032589631578995065,,0.003669747521550254,-0.2803713527851458,-28.037135278514587,0.46569421934089683,46.56942193408969,-0.12483870967741928,-12.483870967741929,17.490494296577964,58.98148148148148,46.330067822155236,0.002833080493191457,0.0029132105837533194,-8.013009056186257e-05,-0.0001513533471162523,7.122325655438974e-05,2.625258258547355,0.0025868500000000003,0.0006559116014733648,0.00389867320294673,0.0012750267970532707,1.0142244064763934,0.5480819365432137,0.0006082857142857142,22.421146859038487,0.000701357142857143,25.85171923542731,0.0006565714285714286,24.20093728608288,9635536.3655,0.8190791379562669,-170106835.56,0.004586728099716323,44.627487316411575,19.085135860380696,54.14198582648478,38.57327307940607,38.153647514525495,-61.426726920593936,True,False,False
1760400000000,0.002713,0.002842,0.002628,0.002642,5062364.6,2025-10-14,-0.02617029119056402,-0.02651882757666119,0.02617029119056402,0.053136399811290806,1.0151694929864918,0.18798230354051823,3.5913968664303626,0.1809542856704779,3.4571267735530347,0.12139760444734347,2.3192979764202546,0.0027074,0.0027637485165993275,0.0030579,0.0028066253897318038,0.00257545,0.002828122436702828,0.00324224,0.0032336034914927465,,0.003643842911796175,-0.17411691153485476,-17.41169115348547,-0.03682099890630708,-3.6820998906307105,-0.0794425087108015,-7.944250871080151,2.3648648648648845,60.25065027193189,47.963800904977376,0.0028036834180480866,0.0028930671452905097,-8.938372724242314e-05,-0.00013895942271378788,4.957569547136474e-05,1.8764457029282644,0.00257545,0.0006527048559244478,0.0038808597118488953,0.0012700402881511044,1.013733298529496,0.5254900815414277,0.0005048571428571429,19.108900183843414,0.0006800714285714285,25.740780793770952,0.0006453333333333334,24.4259399444865,9679003.953,0.5230253675463087,-175169200.16,0.004572480642939318,42.587734791459354,15.205430886195638,54.464996494278,36.281471917366034,37.50806972240155,-63.71852808263397,False,False,True
1760486400000,0.002642,0.002822,0.002484,0.002484,11339753.52,2025-10-15,-0.059803179409538165,-0.06166604202890118,0.059803179409538165,0.026770750494550487,0.5114544700607654,0.18811304324878725,3.59389464504969,0.179694302019719,3.4330548197049233,0.12161718865954839,2.323493126903983,0.0026452,0.0026704990110662167,0.0030475000000000003,0.0027479662186164614,0.0025714,0.0027953355245256143,0.0031862999999999995,0.00320284984723458,,0.0036147659179020506,-0.11127012522361357,-11.127012522361362,-0.040185471406491424,-4.018547140649147,-0.03157894736842104,-3.1578947368421018,3.6316472114137923,58.36005497022446,45.447446509448696,0.0027545012458741755,0.002862690802478793,-0.00010818955660461729,-0.0001328054493220611,2.4615892717443826e-05,0.9909779676909752,0.0025714,0.0006530243325844407,0.0038774486651688813,0.0012653513348311188,1.0158269154304123,0.4665402973369685,0.000492,19.806763285024157,0.0006792857142857142,27.346445824706688,0.0006372857142857143,25.655624568668046,10054307.3315,1.1278502979984226,-186508953.68,0.004539546536370656,40.3785162773655,1.6689429990927875,53.69863752924658,27.630685675492195,34.1618102240881,-72.36931432450781,False,True,False
1760572800000,0.002484,0.00257,0.002275,0.002342,6536106.15,2025-10-16,-0.05716586151368763,-0.058864898895706765,0.05716586151368763,0.03087566326170512,0.589878718361093,0.06283647916363755,1.2004892488040129,0.17545536410346285,3.3520700245262973,0.12178279129002394,2.3266569607168517,0.0025732000000000003,0.0025609993407108103,0.0028899999999999998,0.0026741541692460575,0.002582,0.0027521448052137817,0.0031303999999999998,0.003167595988821403,,0.0035830251738647348,-0.1332346410066617,-13.323464100666177,-0.4020934388562676,-40.209343885626765,0.0995305164319249,9.953051643192486,5.500982318271156,55.806087936865836,45.49718574108818,0.0026910393979763755,0.002824032649846194,-0.0001329932518698185,-0.00013284300983244213,-1.5024203737636446e-07,-0.0064151168819967744,0.002582,0.0006471767837876062,0.0038763535675752124,0.0012876464324247877,1.00259765110396,0.4072896285789956,0.00040599999999999995,17.335610589239963,0.000679,28.992314261315116,0.0006313333333333332,26.957016794762307,10018936.288999999,0.6523752583571301,-193045059.83,0.004519144987187434,38.06775127069206,-26.536198335225826,50.01321926373874,22.016460905349795,28.642872832736007,-77.98353909465021,False,True,False
1760659200000,0.002342,0.0039,0.002128,0.002935,22322302.56,2025-10-17,0.253202391118702,0.2257021881045342,0.253202391118702,0.13119242239320886,2.5064277105255433,0.1120636449668773,2.140972930933679,0.18279098928481619,3.4922169468345534,0.12725290249594487,2.431163288567737,0.0026232,0.0026856662271405414,0.0028267,0.002721580688986923,0.00261325,0.002769565390736731,0.00308986,0.003158087141293632,,0.0035669470476342897,0.09310986964618251,9.310986964618257,-0.1774103139013452,-17.741031390134527,0.27056277056277067,27.05627705627706,61.54608523290386,60.831334932054354,48.78801234023799,0.002728571857220038,0.0028322699070475214,-0.00010369804982748344,-0.000127014017728461,2.3315967900977563e-05,0.7944111720946359,0.00261325,0.0006484398990126725,0.0039101297980253455,0.0013163702019746552,0.9925416994358328,0.6240477338338922,0.0005437142857142856,18.525188610367483,0.0007783571428571428,26.519834509613045,0.0006763333333333334,23.043725156161273,10731522.848,2.0800684931831586,-170722757.27,0.0044709387302763175,37.449098575227175,48.40093568519075,55.53910775716345,41.01754385964912,30.221563480163706,-58.982456140350884,True,True,False
1760745600000,0.002935,0.004001,0.002935,0.003142,9646744.17,2025-10-18,0.07052810902896067,0.0681520865533695,0.07052810902896067,0.1323747248988187,2.5290155681794144,0.11311949385362158,2.161144895591299,0.17987298157777887,3.4364684878684963,0.1275185766879692,2.4362389868795304,0.002709,0.0028377774847603617,0.0027639,0.002798020570387033,0.00266845,0.0028050460507330166,0.0030581799999999998,0.003157430570236254,,0.00355645625189696,0.1581275340950976,15.812753409509755,-0.16657824933687004,-16.657824933687003,0.5417075564278704,54.17075564278705,69.05754795663051,54.619124797406805,52.00471698113206,0.0027921762713836516,0.002855257977080203,-6.308170569655153e-05,-0.00011422755514134532,5.114584944479379e-05,1.6278118855758683,0.00266845,0.0006438672202934447,0.00395618444058689,0.0013807155594131107,0.9651553827779343,0.6838694318776539,0.0006337142857142855,20.169137037373826,0.0007822142857142856,24.89542602527962,0.0006966190476190476,22.171198205571216,10882737.401999999,0.8864262559737175,-161076013.10000002,0.00445602050734118,39.44651173385858,90.2007972734056,55.81233449601407,40.75562700964629,34.596543924881736,-59.24437299035371,True,False,False
1760832000000,0.003142,0.004,0.002347,0.002649,9781494.12,2025-10-19,-0.15690642902609797,-0.1706773295434967,0.15690642902609797,0.15815541698281077,3.0215549988652306,0.11387295363999408,2.1755397245980426,0.18406585556398183,3.5165732328991424,0.12905561514554656,2.4656040653797864,0.0027104,0.002774851656506908,0.0027089,0.0027709259192912525,0.0027040500000000004,0.002790180467052399,0.0030232600000000003,0.003136712887140886,,0.0035341625181712745,0.0026495079485238104,0.2649507948523869,-0.17192872772741485,-17.192872772741485,0.3675787299948374,36.75787299948374,48.076923076923066,50.65492806527808,50.60240963855422,0.0027701491279462313,0.002839951803677788,-6.980267573155653e-05,-0.00010534257915891784,3.553990342736131e-05,1.3416347084696607,0.0027040500000000004,0.000620557769056861,0.0039451655381137225,0.0014629344618862783,0.9179678912103858,0.4778223709600531,0.0008248571428571427,31.138434988944613,0.0008302857142857142,31.343364072695895,0.0007401904761904761,27.9422603318413,10918477.0715,0.89586615935039,-170857507.22000003,0.00443645523446928,40.13862412027977,36.023300137402735,47.849806060939365,20.940514469453365,34.23789511291626,-79.05948553054664,False,True,False
1760918400000,0.002649,0.002935,0.0025,0.002693,6162749.35,2025-10-20,0.016610041525103814,0.016473603539529206,0.016610041525103814,0.15334632980151694,2.929677517272574,0.10685059669604023,2.04137778356174,0.18218899784183348,3.4807159164650647,0.1288647579989591,2.4619577447140633,0.0027522,0.002747567771004605,0.0026987,0.0027567575695015413,0.00274995,0.002780922899696463,0.00299406,0.0031186600079771438,,0.003513595449593728,0.08413848631239929,8.413848631239935,-0.036493738819320276,-3.649373881932025,0.5171830985915493,51.71830985915492,51.557727550397075,31.85053380782918,54.2774654307856,0.002758280020048631,0.0028290481448354082,-7.07681247867774e-05,-9.842768822193589e-05,2.7659563435158488e-05,1.0270911041648159,0.00274995,0.0005809066846884929,0.003911763369376986,0.0015881366306230143,0.8449705408294593,0.475490900044239,0.0008247142857142855,30.62437005994376,0.0007165,26.6060155959896,0.0007424761904761904,27.570597492617544,10771617.082,0.5721285210090055,-164694757.87000003,0.004421969010592033,37.87891517107725,-11.920855040985074,40.1140335775446,25.658492279745687,29.118211252948445,-74.34150772025431,False,False,True
1761004800000,0.002693,0.002921,0.002588,0.002773,5521398.13,2025-10-21,0.029706646862235342,0.02927395280417905,0.029706646862235342,0.1464392998614167,2.797718895551195,0.1064537455487127,2.033795953037761,0.18187386850032825,3.4746953788490957,0.12889388068318178,2.462514132814908,0.0028384,0.0027560451806697365,0.0027058,0.002759710738824227,0.0028009,0.002780168169292027,0.0029685600000000003,0.003104617149760149,,0.003495571114247082,0.18403074295473942,18.403074295473953,0.026276831976313808,2.62768319763138,0.580957810718358,58.09578107183581,59.26876202694034,37.18981630679987,53.571979632772724,0.0027605446341716377,0.002824889954372184,-6.434532020054614e-05,-9.161121456832708e-05,2.7265894367780943e-05,0.98326341030584,0.0028009,0.0005315466905272888,0.0038639933810545772,0.0017378066189454222,0.7591084159053001,0.4868779166077004,0.0008417142857142857,30.353923033331615,0.0006732857142857143,24.280047395806502,0.0007339523809523809,26.46781034808442,10362783.486499999,0.5328103339409668,-159173359.74000004,0.004409578075457061,35.75409249348377,-13.355499207961865,34.47300267476953,34.43673251468231,27.011913087960455,-65.5632674853177,False,False,True
1761091200000,0.002773,0.002791,0.0025,0.002596,5861406.04,2025-10-22,-0.06382978723404253,-0.0659579677917974,0.06382978723404253,0.09037114630324751,1.7265383258762264,0.10880581400525073,2.0787321578046085,0.18323235352259157,3.5006491987574546,0.12902334218166964,2.4649874912706546,0.0027706,0.0027026967871131577,0.0026969,0.0027299451487831036,0.00283935,0.0027626247993567947,0.0029435,0.0030839830644640363,,0.003473776541044122,-0.1155025553662693,-11.550255536626928,-0.03314711359404099,-3.314711359404101,0.42090859332238617,42.09085933223863,57.96737766624843,30.929174788823914,54.36893203883495,0.0027352300578272495,0.0028079106579165522,-7.268060008930278e-05,-8.782509165060207e-05,1.514449156129929e-05,0.5833779492025921,0.00283935,0.0004829858094243043,0.0038053216188486086,0.0018733783811513915,0.6804174327565172,0.3740387423131222,0.0008349999999999999,32.16486902927581,0.0006634999999999999,25.558551617873647,0.0007311904761904762,28.166042996551475,10225789.057,0.5731984111277566,-165034765.78000003,0.004395590448947724,33.40496425348132,-45.97963771957084,36.078869443140334,24.986652429257855,28.36062574122862,-75.01334757074214,False,True,False
1761177600000,0.002596,0.00285,0.00256,0.002702,6685668.86,2025-10-23,0.04083204930662565,0.040020440696163624,0.04083204930662565,0.08359183710143771,1.5970198054337188,0.10950062114794344,2.0920064296272334,0.1831953493052447,3.4999422341776976,0.12880180424749904,2.460755014981182,0.0026826,0.0027024645247421056,0.0026958,0.0027248642124781553,0.0028818999999999997,0.0027568499533628618,0.00292568,0.0030685073398084824,,0.00345516053121863,-0.14003819223424563,-14.003819223424566,-0.004054552156284585,-0.40545521562846143,0.4597514856834144,45.97514856834143,39.47606142728094,40.48985840030616,55.984978876545135,0.0027301177382922526,0.0028000549347767375,-6.993719648448488e-05,-8.424751260080842e-05,1.4310316116323537e-05,0.5296193973472813,0.0028818999999999997,0.00042538216873027446,0.0037326643374605488,0.0020311356625394507,0.5904190551098575,0.3942715437879165,0.0008342857142857143,30.876599344400972,0.0006201428571428572,22.951253040076136,0.0007307619047619047,27.045222233971305,10190798.1325,0.6560495824834749,-158349096.92000002,0.004380567777273706,31.4070587692334,-43.2890111873269,42.66201478625694,30.64602242391884,30.02313578928634,-69.35397757608116,True,False,False
1761264000000,0.002702,0.002922,0.002604,0.002892,6627262.01,2025-10-24,0.07031828275351604,0.06795606475851125,0.07031828275351604,0.0502268626753026,0.9595828640531012,0.11072246723273041,2.1153497663005085,0.15017648976379036,2.869117808384216,0.1291612955622239,2.467623086905481,0.0027312,0.002765643016494737,0.0027207999999999998,0.0027552525382776296,0.00288935,0.00276972351541372,0.0029106600000000007,0.0030613655658700755,,0.003441634961879134,0.0917327293318233,9.17327293318234,0.09462528387585167,9.462528387585172,0.054320087495442815,5.432008749544288,38.532110091743135,52.02167569820759,58.700732201277454,0.002755022713776362,0.0028068741110790344,-5.1851397302672426e-05,-7.776828951717345e-05,2.5916892214501025e-05,0.8961580987033548,0.00288935,0.0004241243952327742,0.0037375987904655484,0.002041101209534452,0.5871554435880376,0.5015620417204164,0.0006265714285714286,21.66567871962063,0.000585142857142857,20.233155502865042,0.0007277619047619048,25.164657841006388,9915906.9695,0.6683465295090575,-151721834.91000003,0.004366827479884065,30.178330600850057,-27.86452409019778,50.089205489210286,40.79017618793379,32.14095034703683,-59.20982381206621,True,False,False
1761350400000,0.002892,0.0042,0.002856,0.003647,25413985.63,2025-10-25,0.2610650069156293,0.2319566075300249,0.2610650069156293,0.11922910155516549,2.277868786836276,0.13140676481707453,2.5105227167836635,0.1591033851192306,3.039665904681853,0.13424342634696507,2.5647170592174797,0.002922,0.003059428677663158,0.0028371,0.002917388443881642,0.0029423,0.0028532861602892537,0.0029103,0.003085031800515397,,0.0034465465623569587,0.3542517638321574,35.42517638321574,0.4681964573268922,46.81964573268921,0.40919629057187024,40.91962905718702,86.90828402366864,65.43613198301207,63.23221026142876,0.002892250045201569,0.0028691769794286547,2.3073065772914216e-05,-5.7600018399371576e-05,8.067308417228579e-05,2.212039598911044,0.0029423,0.0004498477052233619,0.003841995410446724,0.0020426045895532764,0.6115592634651285,0.8916325413120074,0.0006662857142857142,18.269419092013003,0.0006499999999999999,17.82286811077598,0.0007435714285714285,20.388577695953618,10325900.215,2.461188380755624,-126307849.28000003,0.004340950571803155,30.98664635811759,111.04029122827046,64.77645662918528,73.31081081081082,48.249003140887815,-26.68918918918918,True,False,False
1761436800000,0.003647,0.005999,0.003489,0.00583,32220872.55,2025-10-26,0.5985741705511378,0.4691120885358578,0.5985741705511378,0.2610636640710723,4.987614298925688,0.21253321211841064,4.06044131622165,0.17327905523417242,3.310491701958984,0.15811646891455808,3.0208108970660623,0.0035334,0.003982952451775439,0.0031858999999999998,0.003446954190637841,0.00303795,0.003136821101301461,0.00295386,0.0031958270019484124,,0.0035033167035037273,1.1024161557879553,110.24161557879555,1.4893253629376604,148.93253629376605,0.4883839673219299,48.838396732193,94.92981953594958,80.08417830495505,71.60747058188491,0.0033442117345036603,0.0030887299185174124,0.00025548181598624787,5.016348626242133e-06,0.00025046546736000574,4.29614866826768,0.00303795,0.0007626370092611066,0.0045632240185222136,0.001512675981477787,1.0041468875539183,1.4152617713586715,0.0007887142857142857,13.528546924773341,0.0008067857142857141,13.838519970595438,0.0008164285714285715,14.003920607694193,11279973.3905,2.856467070847564,-94086976.73000003,0.004371119470786788,33.08350741963374,306.3829787234044,78.06342414864935,95.63420304830792,69.91173001568417,-4.365796951692066,True,False,False
1761523200000,0.00583,0.006,0.0048,0.005205,11077521.47,2025-10-27,-0.10720411663807883,-0.11339729829546873,0.10720411663807883,0.27175111273405217,5.191797718936223,0.21645209466132467,4.1353114620782065,0.17399018487913304,3.324077814749579,0.1591146287503845,3.0398807139534325,0.0040552,0.004390301634516959,0.0034129,0.0037665988878321623,0.0031198000000000003,0.003333814649238375,0.0029847800000000002,0.0032768303505350646,,0.0035436860022539144,1.005007704160247,100.50077041602468,0.7734241908006816,77.34241908006815,0.4588004484304935,45.88004484304934,80.12884043607534,71.39423076923077,67.00121654501217,0.003630486936843761,0.0032456446670848433,0.0003848422697589177,8.098153299689364e-05,0.0003038607367620241,5.837862377752623,0.0031198000000000003,0.0008982981921974753,0.004916396384394951,0.0013232036156050496,1.1517381783415286,1.0803195470367832,0.0008980000000000001,17.25264169068204,0.0008613571428571429,16.548648277754904,0.0007769999999999999,14.927953890489912,11137640.1195,0.9946022093679664,-105164498.20000003,0.004384012356805523,34.58218570649665,263.8335679274854,79.46646586618527,79.46797520661157,82.80432968857677,-20.532024793388423,True,False,False
1761609600000,0.005205,0.0074,0.0052,0.006788,12216534.62,2025-10-28,0.30413064361191156,0.2655366453050476,0.30413064361191156,0.26523824350255765,5.067369526979214,0.22809221229456286,4.357695597209744,0.18440128787353124,3.5229816581749587,0.16390975502043223,3.1314914727112395,0.004872400000000001,0.005189534423011306,0.0037775000000000005,0.00431594455103431,0.0032707,0.0036628211434562496,0.00305066,0.0034182336442351554,,0.0036203507541932673,1.5122131754256105,151.22131754256105,1.1604073838319544,116.04073838319542,0.8005305039787798,80.05305039787798,88.51525174568174,78.25790621592148,69.16153481762197,0.004116258298757994,0.0035082800249008127,0.0006079782738571816,0.00018638088132891687,0.0004215973925282648,6.210922105602015,0.0032707,0.0012119876714676034,0.005694675342935207,0.0008467246570647933,1.4822364282479021,1.225523056629132,0.0011647142857142859,17.15843084434717,0.0010032142857142859,14.77923225860763,0.0008370952380952381,12.331986418609873,11298167.0885,1.081284647704916,-92947963.58000003,0.004414229610380065,35.9936662190827,282.5532078223655,83.6289698582844,88.391502276176,87.8312268436985,-11.608497723823985,True,False,False
1761696000000,0.006788,0.006788,0.005888,0.006787,8986755.52,2025-10-29,-0.00014731879787865942,-0.00014732965035862624,0.00014731879787865942,0.2771417539332625,5.294785774440721,0.21344161647130186,4.077796357015274,0.17901331690019748,3.420044617264202,0.1639320917038578,3.1319182144488935,0.0056514,0.0057220229486742045,0.0041913,0.0047652273642494105,0.0034500999999999998,0.003960391823328947,0.0031158999999999996,0.0035537587990850245,,0.003694894856110031,1.3468188105117562,134.68188105117565,1.5620989052472631,156.2098905247263,1.1216005001562985,112.16005001562988,88.27056398725877,79.9693550633793,70.1855590808576,0.004527141724318108,0.003751352698197102,0.0007757890261210062,0.0003042625104304629,0.0004715265156905433,6.94749544261888,0.0034500999999999998,0.0014441334280095894,0.006338366856019179,0.000561833143980821,1.6743090669946836,1.0776647668559198,0.001251714285714286,18.442821360163343,0.0010433571428571427,15.372876718095519,0.0008595714285714285,12.664968742764529,11239316.379499998,0.7995820400955553,-101934719.10000002,0.004436167705611046,38.03289167253043,207.83140720598237,88.65651137796559,88.37253414264036,85.4106705418093,-11.627465857359647,False,False,True
1761782400000,0.006787,0.006788,0.004051,0.004995,20673098.43,2025-10-30,-0.26403418299690573,-0.3065716056211043,0.26403418299690573,0.34479459921898653,6.587291568805973,0.24406949021283444,4.662941063240538,0.1885837327298101,3.602887154958171,0.16877578131812987,3.2244567745953727,0.005921,0.005479681965782804,0.0044215,0.004807004207441226,0.003560099999999999,0.0040589348749598955,0.0031474599999999995,0.003611681051649519,,0.003725385827908721,0.3696188648204004,36.96188648204004,0.8548087634608244,85.48087634608244,0.7871198568872988,78.71198568872988,65.15348032857761,65.02435156869407,54.96134020618557,0.004599119933459029,0.0038435465483739185,0.0007555733850851108,0.00039452468544906724,0.00036104869963604353,7.228202194915786,0.003560099999999999,0.0014750640628371622,0.006510228125674323,0.0006099718743256747,1.6573287973227295,0.7431928273745773,0.0016012857142857144,32.05777205777206,0.0012177857142857144,24.38009438009438,0.0009471904761904761,18.962772296105626,11665635.436,1.7721365067009625,-122607817.53000003,0.004456170579243849,38.33367005456979,105.32984221911316,77.93958793893061,54.38163884673748,77.04855842185128,-45.61836115326251,False,True,False
1761868800000,0.004995,0.005041,0.004199,0.004609,12466856.06,2025-10-31,-0.07727727727727729,-0.08042649836214563,0.07727727727727729,0.20946127667524253,4.001752071985996,0.24914890454403485,4.759983137780511,0.1897859323520873,3.625855146492222,0.16930763550404898,3.234617834550126,0.0056768,0.005189454643855202,0.0046051,0.0047710034422206015,0.0036554499999999998,0.004111326329891844,0.0031713999999999996,0.0036517234684742416,,0.0037460335841024285,-0.2094339622641509,-20.943396226415093,0.6620988099531195,66.20988099531195,0.7057735011102888,70.57735011102888,57.32115677321157,59.70772442588727,54.77479130355013,0.0046006399439262905,0.0039002877362801303,0.0007003522076461603,0.00045569018993601556,0.0002446620177101447,5.30835360620839,0.0036554499999999998,0.0014783078689038862,0.006612065737807772,0.0006988342621922273,1.617648025719281,0.661257005400882,0.0016761428571428574,36.36673588940892,0.001151357142857143,24.980627963921524,0.0009488095238095239,20.58601700606474,11752617.111,1.0607727574423829,-135074673.59000003,0.004458433143049153,36.82393391526491,56.68129774338531,70.14244487405941,44.76548584999011,62.506552946455976,-55.23451415000989,False,False,True
1761955200000,0.004609,0.005879,0.004499,0.005317,8510435.7,2025-11-01,0.1536124972879147,0.14289832078383,0.1536124972879147,0.21741302066731646,4.1536699276454,0.24502023463243996,4.681105009872948,0.19101626014110892,3.6493605258973747,0.17006181409715024,3.2490263963401396,0.0056992,0.005231969762570135,0.0048772,0.004870275544156906,0.00378705,0.004226160921409842,0.0032131,0.0037185220082693645,,0.0037826125486748637,0.02151777137367894,2.151777137367901,1.0481510015408322,104.81510015408321,0.9802607076350092,98.02607076350093,44.965652600588804,61.920420914172965,56.78092399403875,0.004710849197444521,0.004005299527953647,0.000705549669490874,0.0005056620858780525,0.00019988758361282142,3.759405371691206,0.00378705,0.0015042937309406568,0.006795637461881314,0.0007784625381186865,1.5888818272171286,0.7542638396563847,0.0016812857142857146,31.620946290872947,0.0011737857142857142,22.076090168999706,0.0009937619047619046,18.690274680494728,11750278.815499999,0.7242752136888645,-126564237.89000003,0.004465818589996655,36.214701036217974,80.31706982230483,70.60861610406103,58.77696417969523,52.641362958807605,-41.22303582030478,True,False,False
1762041600000,0.005317,0.00546,0.004106,0.004708,8441427.73,2025-11-02,-0.11453827346247869,-0.12164604512417097,0.11453827346247869,0.15339033593867318,2.9305182533424596,0.2538154492592059,4.849137349381658,0.1943868898964466,3.713756316954417,0.1711536482684678,3.269885858894211,0.0052832,0.0050573131750467565,0.0050777999999999995,0.004840770899637838,0.0038868,0.004272053440904599,0.00324182,0.0037581769580661097,,0.003804084838342893,-0.30642309958750724,-30.64230995875073,0.7424130273871208,74.24130273871208,0.7353483228897899,73.53483228897899,45.10730458751723,61.14298084208249,56.59239842726081,0.004710410859328606,0.004057383627286745,0.000653027232041861,0.0005351351151254718,0.0001178921169163892,2.5040806481815885,0.0038868,0.001495443204855123,0.006877686409710246,0.0008959135902897541,1.538996814711457,0.6372837158465603,0.001516142857142857,32.20354411943197,0.0011524285714285714,24.478092001456485,0.0010432380952380951,22.15883804668851,11777736.861,0.7167274859020134,-135005665.62000003,0.004468560717801681,37.50437731290197,47.96216456892149,69.63660204878451,45.061224489795926,49.53455817316043,-54.93877551020409,False,True,False
1762128000000,0.004708,0.004719,0.0038,0.00383,9376531.87,2025-11-03,-0.1864910790144435,-0.20639838620547568,0.1864910790144435,0.1576463542790489,3.0118293695657,0.26778671694643896,5.116058043760602,0.20062007871266288,3.832841222080089,0.1735829616483608,3.3162978258496243,0.0046918,0.004648208783364504,0.0051716,0.004656994371784228,0.0039461999999999995,0.004229950553791059,0.0032535399999999996,0.003761052907960128,,0.003804684124008873,-0.4356858700456755,-43.56858700456755,0.32434301521438447,32.43430152143845,0.44965934897804716,44.96593489780471,16.18655692729766,55.643800258115746,54.341807198590494,0.0045749630223897685,0.004040530744689263,0.0005344322777005054,0.0005349945476404227,-5.62269939917274e-07,-0.014680677282435352,0.0039461999999999995,0.0014667147177136694,0.006879629435427338,0.0010127705645726608,1.4867109804000502,0.4801938307094352,0.0014759999999999999,38.53785900783289,0.001187,30.992167101827672,0.0010662380952380951,27.83911475817481,11993445.2245,0.7818047020255517,-144382197.49000004,0.004464926753764565,39.37872807679645,9.593812687375502,67.75108128518443,27.142857142857146,43.6603486041161,-72.85714285714286,False,True,False
1762214400000,0.00383,0.004224,0.0028,0.00336,11148639.43,2025-11-04,-0.12271540469973885,-0.1309238292174417,0.12271540469973885,0.13075445383809517,2.498060333028803,0.2627073974338198,5.019017780727081,0.2026766757370675,3.872132453062184,0.17455616176359204,3.3348907879445795,0.0043648,0.004218805855576336,0.005142900000000001,0.004421177212599023,0.0039900000000000005,0.004147093562969313,0.00325194,0.003745007143810849,,0.0037944349030320005,-0.3273273273273274,-32.732732732732735,-0.07869481765834929,-7.869481765834931,0.3526570048309179,35.26570048309179,14.619037786495966,52.80512281372455,52.67566688353937,0.004388045619819238,0.003990094316518088,0.0003979513033011495,0.0005075858987638442,-0.00010963459546269472,-3.262934388770676,0.0039900000000000005,0.001433454091200322,0.006856908182400645,0.0011230918175993564,1.4370467079702478,0.3901255359576145,0.0013651428571428569,40.629251700680264,0.0012649285714285714,37.64668367346938,0.0011238571428571428,33.44812925170068,11983889.52,0.9303022538211785,-155530836.92000005,0.004452764897005581,40.19021698557223,-30.57733287128531,64.0186173645751,17.551020408163268,29.91836734693878,-82.44897959183675,False,True,False
1762300800000,0.00336,0.004,0.002899,0.003116,13956435.7,2025-11-05,-0.0726190476190477,-0.07539084596661112,0.0726190476190477,0.1307016094304353,2.4970507420380366,0.16591725780214817,3.1698447595037424,0.20306523414361294,3.8795558509959776,0.17358761523612254,3.316386732518978,0.004066200000000001,0.003851203903717558,0.0048715,0.00418387226429471,0.0040287,0.004048889289195788,0.00323426,0.003719861087955107,,0.003778848717849865,-0.3239314384899111,-32.393143848991116,-0.4655231560891938,-46.552315608919386,0.3304867634500428,33.04867634500427,21.487101669195738,52.46913580246914,51.72083366605445,0.004192346280838165,0.003925314785056302,0.00026703149578186265,0.0004594750181551975,-0.00019244352237333484,-6.175979537013314,0.0040287,0.0013965943577145064,0.006821888715429013,0.001235511284570987,1.3866451785583505,0.3366204197091251,0.0013938571428571429,44.73225747295067,0.0013227857142857143,42.451402897487625,0.0011601904761904761,37.233327220490246,12354905.9975,1.1296270245054123,-169487272.62000003,0.004436111255173717,40.922863323185815,-41.99442663772089,61.70644398083417,11.487603305785116,18.727160285601844,-88.51239669421489,False,False,True
1762387200000,0.003116,0.003535,0.0029,0.003245,7357999.67,2025-11-06,0.041399229781771574,0.04056522214755155,0.041399229781771574,0.08447762808941861,1.6139428184973459,0.1667506786917663,3.1857672432430006,0.196312985320802,3.7505543183683363,0.1723612207063857,3.2929564979269497,0.0036518,0.0036491359358117054,0.0046755,0.004013168215912103,0.0040441999999999995,0.003972324957384788,0.0032302200000000002,0.003700891835827096,0.00414109,0.003766622994714718,-0.38969343614820384,-38.96934361482038,-0.3765609990393852,-37.656099903938525,0.10562180579216363,10.562180579216351,27.551020408163268,52.57272813417985,52.10709759188846,0.00404660069106994,0.0038748981781476697,0.00017170251292227033,0.000401920517096888,-0.00023021800417461765,-7.094545583193147,0.0040441999999999995,0.0013854932847564647,0.006815186569512929,0.00127321343048707,1.3703509072315563,0.3557914338537413,0.0010935714285714286,33.700198106977766,0.0013474285714285717,41.5232225401717,0.0011763809523809524,36.25210947244846,11606690.853,0.6339446585758046,-162129272.95000005,0.004426657183832821,42.14808853591429,-49.92363178255685,59.22396481391515,13.365304420350293,14.134642711432894,-86.63469557964973,False,False,True
1762473600000,0.003245,0.004319,0.003137,0.004017,10772186.24,2025-11-07,0.237904468412943,0.21342000522109184,0.237904468412943,0.1668246131743171,3.1871797595488074,0.15254532938310675,2.91437442576605,0.20201794871991532,3.859547491070145,0.1751139644007014,3.3455475923632427,0.0035136,0.003771757290541137,0.004398399999999999,0.004013864903929183,0.00408795,0.003976579896671979,0.0032445799999999995,0.0037135101655230624,0.00411585,0.0037723391885015377,-0.14677145284621929,-14.67714528462193,-0.4082203889216264,-40.822038892162645,0.2784850413749205,27.848504137492043,29.04577691811734,55.05163897620117,55.1594746716698,0.004042046738383465,0.00388542867153247,0.0001566180668509951,0.00035286002703971436,-0.00019624196018871927,-4.885286536936004,0.00408795,0.0013692244241482862,0.006826398848296573,0.0013495011517034275,1.3397663123553727,0.4870455860360265,0.001142142857142857,28.43273231622746,0.001409142857142857,35.07948362317295,0.0011482857142857143,28.585653828372276,11662962.9565,0.9236234634524367,-151357086.71000004,0.004419842193932417,42.478502296299716,-15.284638024372937,60.25754807952182,26.45652173913043,17.103143155088613,-73.54347826086958,True,False,False
1762560000000,0.004017,0.004017,0.003288,0.003641,3832204.41,2025-11-08,-0.09360219068956921,-0.09827698618384861,0.09360219068956921,0.1478071719520208,2.8238520551483925,0.15266177932843053,2.9165991988476376,0.19942422290671155,3.809994428986768,0.17569122757224634,3.3565761897702604,0.0034758,0.0037281715270274245,0.0040838,0.003946071284945496,0.004137549999999999,0.0039446187285762475,0.0032534,0.0037106177528549384,0.00406553,0.003769349722516799,-0.0493472584856397,-4.934725848563967,-0.4635332252836304,-46.353322528363044,0.3744809362023407,37.44809362023406,31.404670616939697,49.972108590554114,54.27157941371926,0.003980347237715274,0.0038673157846631665,0.00011303145305210753,0.00030489431223593974,-0.0001918628591838322,-5.26951000230245,0.004137549999999999,0.0013318115670018771,0.006801173134003753,0.0014739268659962452,1.2875364087461199,0.4067904926824947,0.0010491428571428572,28.814689841880174,0.0013652142857142858,37.49558598501197,0.0011322380952380952,31.09689907272989,11365498.470999999,0.33717873613534716,-155189291.12000003,0.004416750556016014,40.10508971631656,-28.97793383922308,54.80188813218326,18.28260869565218,19.36814495171097,-81.71739130434783,False,False,True
1762646400000,0.003641,0.00501,0.003623,0.0046,9014997.13,2025-11-09,0.2633891787970337,0.23379793430175289,0.2633891787970337,0.16835602829805071,3.216437404406827,0.16130106892462723,3.081652594830082,0.2059127184407749,3.933956962108189,0.1784072516351387,3.408465756633232,0.0037237999999999993,0.004018781018018283,0.004044300000000001,0.004064967415080922,0.0042328999999999995,0.004007038073907946,0.0032873399999999997,0.0037460710939867777,0.00403015,0.0037882007112252816,0.36904761904761907,36.9047619047619,-0.07907907907907918,-7.907907907907916,0.7081321945785368,70.81321945785368,63.05084745762712,43.548048678136794,57.862116991643454,0.004075678435123008,0.003921608282145007,0.000154070152978001,0.00027472948038120593,-0.00012065932740320493,-2.6230288565914117,0.0042328999999999995,0.001290573552625668,0.006814047105251336,0.0016517528947486634,1.2195644145863764,0.5711117935225654,0.0010538571428571428,22.90993788819876,0.001285,27.934782608695652,0.0011195714285714285,24.338509316770185,11508110.86,0.7833602960269016,-146174293.99000004,0.00441669682988542,35.94896377495191,14.850207760545983,46.631887497735434,39.130434782608695,27.956521739130434,-60.86956521739132,True,False,False
1762732800000,0.0046,0.006399,0.004,0.004302,6867280.92,2025-11-10,-0.06478260869565211,-0.06697627264951095,0.06478260869565211,0.1666627647476486,3.184087649698964,0.16065805177194964,3.069367769377406,0.20735913473776502,3.9615907066614064,0.178762494957371,3.4152526707749153,0.003961,0.004113187345345522,0.004013600000000001,0.004108064248739797,0.00430935,0.004035130533451652,0.00331204,0.003768217690122088,0.004006320000000001,0.0037998273754904456,0.3806161745827985,38.06161745827986,-0.06660880885224563,-6.66088088522456,0.5513883880274073,55.13883880274073,66.95464362850973,45.09505703422053,54.85958051901884,0.0041104971384038486,0.003949794864716105,0.0001607022736877439,0.0002519240390406107,-9.12217653528668e-05,-2.1204501476724036,0.00430935,0.0012439875729198199,0.00679732514583964,0.0018213748541603602,1.1546869694221356,0.4985228952121386,0.0012652857142857142,29.411569369728362,0.001370642857142857,31.860596400345347,0.001213095238095238,28.198401629363968,11575404.9995,0.5932648508019056,-153041574.91000003,0.004420114531203403,32.89164616601067,41.865508510257904,44.588869859778036,32.652173913043484,30.021739130434785,-67.34782608695652,True,False,False
1762819200000,0.004302,0.00447,0.003623,0.003623,8320328.32,2025-11-11,-0.1578335657833566,-0.17177761893259816,0.1578335657833566,0.1981107105716837,3.7848998110616296,0.1586408925232877,3.0308299960429386,0.21087680580493254,4.028795718036507,0.18028255506607258,3.4442933783753515,0.0040365999999999996,0.003949791563563681,0.0038442,0.004019870748906599,0.0043607,0.003995878935036871,0.00332614,0.003762436230978015,0.00396796,0.003795837262524254,0.1164869029275808,11.648690292758085,-0.3186007146887342,-31.860071468873425,0.3956086286594762,39.56086286594762,57.889822595704956,30.936031803397185,51.654399119488204,0.004035497576841243,0.003925580345980471,0.00010991723086077165,0.00022352267740274713,-0.00011360544654197548,-3.1356733795742615,0.0043607,0.0011895458708882835,0.0067397917417765674,0.0019816082582234332,1.0911513022113728,0.34496184257082724,0.0011828571428571428,32.64855486771026,0.0012739999999999997,35.16422853988407,0.0012375714285714286,34.15874768345097,11698351.1135,0.7112394079536788,-161361903.23000002,0.004415744437016316,27.910392880602767,-33.647122773206874,35.16952151385681,20.636910732196586,30.806506475949586,-79.3630892678034,False,True,False
1762905600000,0.003623,0.004491,0.003623,0.003971,7582702.48,2025-11-12,0.09605299475572715,0.09171554023617409,0.09605299475572715,0.17036429259520802,3.2548052399314096,0.1597017895298022,3.0510984048933514,0.21131136816240653,4.037098020218714,0.1805141673074996,3.448718324034711,0.0040273999999999996,0.003956861042375787,0.0037705000000000004,0.00401098515819117,0.00442415,0.003993509454134381,0.0033435600000000006,0.003770734695614749,0.0039406,0.003799778921947935,-0.011451331839681389,-1.1451331839681362,-0.15654205607476646,-15.654205607476648,0.46965210954848247,46.96521095484825,60.57692307692307,33.71877890841813,54.592829349638684,0.004025574872509398,0.003928945728884124,9.662914362527399e-05,0.00019814397064589728,-0.0001015148270206233,-2.556404608930327,0.00442415,0.0011287028080710021,0.006681555616142004,0.0021667443838579957,1.0204923504591863,0.3996303551387341,0.0011495714285714286,28.949167176313995,0.0012717142857142857,32.02503867323812,0.001265047619047619,31.857154848844598,11743202.794499999,0.6457099151477999,-153779200.75000003,0.004412770192335592,22.694000132836464,-31.72257622623963,32.12209095077627,29.3630892678034,27.550724637681157,-70.63691073219658,True,False,False
1762992000000,0.003971,0.00438,0.003368,0.003704,8450142.7,2025-11-13,-0.06723747166960459,-0.06960463536518141,0.06723747166960459,0.16677876300168434,3.1863037932306106,0.14880116025583362,2.8428421750285455,0.21244854672333383,4.058823786119895,0.1804437301910471,3.447372624814393,0.00404,0.003872574028250525,0.0037579,0.00395516967485728,0.00446475,0.003965936509065355,0.00336024,0.0037680809345730943,0.00390962,0.0037976294294729206,0.017302938753089636,1.7302938753089723,-0.0328981723237598,-3.2898172323759853,0.28077455048409394,28.0774550484094,44.653228561667234,40.93780710374842,53.45877523092712,0.00397610181434628,0.003912278661332246,6.382315301403391e-05,0.000171279807118377,-0.00010745665410434309,-2.9010975730114223,0.00446475,0.0010844255270345713,0.006633601054069143,0.0022958989459308573,0.9715442316228872,0.32461912297465045,0.0012034285714285717,32.48997223079297,0.0011485,31.007019438444928,0.0012994285714285714,35.08176488738044,11834346.829,0.7140354108342484,-162229343.45000002,0.004407719155033492,21.652213669326112,-55.64977658000915,36.92839753371021,25.118088357877184,25.039362785959057,-74.88191164212282,False,True,False
1763078400000,0.003704,0.003753,0.0032,0.003451,5581619.86,2025-11-14,-0.068304535637149,-0.07074927266806656,0.068304535637149,0.091897986988786,1.7557085762152398,0.14450451947616305,2.7607549681922925,0.20638650611499762,3.943008662914643,0.17998552424889494,3.4386186125811604,0.0038101999999999997,0.0037320493521670168,0.0037670000000000004,0.0038635024612113846,0.00445495,0.0039168939453064775,0.0033779599999999997,0.0037554788787811677,0.0038825899999999996,0.0037898707772981,-0.24978260869565216,-24.978260869565215,0.027083333333333348,2.7083333333333313,-0.053742802303263004,-5.3742802303262955,46.61198288159772,41.71673819742488,52.29239924262916,0.0038953169186515322,0.003878101477570764,1.7215441080768376e-05,0.00014046693390980223,-0.00012325149282903385,-3.5714718292968373,0.00445495,0.0010930558070695285,0.0066410616141390575,0.002268838385860943,0.9814303703247208,0.27037997659708246,0.0011135714285714286,32.26807964565136,0.0011278571428571427,32.6820383325744,0.0013106190476190477,37.9779498006099,10842728.5405,0.5147800057108697,-167810963.31000003,0.004402483000223988,21.150344639836977,-84.26228498304503,39.894908440926784,18.08835787718811,24.189845167622895,-81.91164212281188,False,True,False
1763164800000,0.003451,0.003792,0.00321,0.003368,4899330.35,2025-11-15,-0.02405099971022895,-0.024344947735786097,0.02405099971022895,0.09233254822971006,1.7640108570657898,0.14216271321697926,2.7160148224306098,0.15403146250985697,2.9427669592864123,0.17802861640146736,3.4012319406510043,0.0036234,0.0036106995681113446,0.0037922,0.0037734111045989653,0.00433185,0.0038646173752727776,0.0034027199999999997,0.003740087060342617,0.0038596000000000004,0.0037804522986452163,-0.21710832171083227,-21.710832171083226,0.0808729139922979,8.087291399229784,-0.4222984562607205,-42.22984562607204,18.049792531120318,34.68970934799685,52.62692255342317,0.00381419123785637,0.003840307588205867,-2.6116350349496883e-05,0.00010715027705703152,-0.00013326662740652842,-3.9568476070821976,0.00433185,0.0010684044806207633,0.006468658961241526,0.0021950410387584734,0.9865572267006134,0.2744650978438464,0.0010925714285714286,32.4397692568714,0.0010708571428571427,31.79504580929759,0.0012743333333333333,37.836500395882815,9476651.430499999,0.5169896124101195,-172710293.66000003,0.00439787959979903,19.42458703083125,-77.82389275345372,32.41114551838302,15.782161711586548,19.662869315550612,-84.21783828841345,True,False,False
1763251200000,0.003368,0.0037,0.003211,0.003286,5953703.37,2025-11-16,-0.02434679334916867,-0.02464807676500398,0.02434679334916867,0.06715460483101438,1.2829869238435518,0.14239273097178676,2.720409305465876,0.15256273667772546,2.914706991662782,0.17792132424422674,3.3991821268650835,0.003556,0.003502466378740897,0.0037963000000000003,0.0036847909037398276,0.0042359,0.003809510046604901,0.0034222399999999996,0.003722058511872792,0.0038381400000000003,0.0037694411876126807,-0.09301683687551754,-9.301683687551755,0.012634822804314272,1.2634822804314267,-0.36868395773294915,-36.868395773294914,20.3271028037383,37.82117163412127,51.990456714383086,0.003732931046567153,0.0037992391192609477,-6.630807269379473e-05,7.245860710610748e-05,-0.0001387666797999022,-4.222966518560627,0.0042359,0.0010720260650798202,0.00637995213015964,0.0020918478698403594,1.0123242428573105,0.2784801995627613,0.0009642857142857144,29.345274323971832,0.0010090714285714286,30.708199287018523,0.001178095238095238,35.85195490247225,9220460.5255,0.6457056405734298,-178663997.03000003,0.004392006404230721,18.046662060213194,-76.19762906570848,33.92041796530698,13.503751041956095,15.791423543576917,-86.4962489580439,False,False,True
1763337600000,0.003286,0.003315,0.002952,0.002953,5488610.93,2025-11-17,-0.10133901399878276,-0.10684941685329077,0.10133901399878276,0.032978779130407976,0.6300586906156163,0.12075584438255592,2.3070371675979957,0.1341629982442512,2.563180482472652,0.17767626462216132,3.39450026935936,0.0033523999999999997,0.0033193109191605977,0.0036899000000000003,0.0035517380121225612,0.00404415,0.0037279364398146893,0.00344054,0.003691539568067448,0.00381472,0.003751304356039014,-0.2563585998489045,-25.635859984890452,-0.26487428429175996,-26.487428429176003,-0.5649675898644667,-56.49675898644667,25.475841874084907,41.7154732665785,50.205900222777295,0.0036129416537258497,0.0037365425162306422,-0.0001236008625047926,3.324671318324133e-05,-0.00015684757568803392,-5.311465482154891,0.00404415,0.0009243152387179994,0.005892780477435999,0.002195519522564001,0.9142244859542792,0.20487611956030388,0.0006734285714285713,22.80489574766581,0.0009693571428571428,32.82618160708238,0.0011382380952380952,38.545143760179315,8884064.341,0.6178040499628119,-184152607.96000004,0.0043848971181920104,17.1255394828789,-102.44140625000009,35.73484833518191,4.251180883578769,11.179031212373806,-95.74881911642123,False,True,False
1763424000000,0.002953,0.003072,0.002719,0.002954,7418667.08,2025-11-18,0.00033863867253636215,0.00033858134740239994,0.00033863867253636215,0.040704863003957883,0.777665315764055,0.11838815247014695,2.26180247712584,0.1341691808281241,2.563298600571693,0.17741339004554316,3.3894780576248005,0.0032024,0.003197540612773732,0.0036211999999999993,0.0034430583735359723,0.0038525000000000005,0.0036542272089143523,0.00346088,0.0036622850927315424,0.0037898100000000002,0.00373363526658495,-0.20248380129589627,-20.248380129589627,-0.18868442735512225,-18.868442735512225,-0.564756151466038,-56.4756151466038,0.09813542688911525,45.791873963515755,47.53538658510562,0.0035115660139320736,0.0036785659376464474,-0.0001669999237143738,-6.802614196842312e-06,-0.00016019730951753148,-5.423063964709935,0.0038525000000000005,0.0006944676492029485,0.005241435298405897,0.0024635647015941037,0.7210566117616595,0.17655080800695927,0.0006028571428571428,20.40816326530612,0.0008928571428571428,30.22536028629461,0.0010502857142857143,35.55469581197408,8805659.919,0.8424884844794788,-176733940.88000003,0.004374263379822553,18.747649419608212,-118.43741365017962,37.292201354976584,6.385869565217391,8.046933830250753,-93.61413043478261,False,True,False
1763510400000,0.002954,0.003294,0.0027,0.002884,10185171.19,2025-11-19,-0.023696682464455,-0.02398196468648544,0.023696682464455,0.03876240011113259,0.740554614304083,0.06715102273942188,1.2829184880797684,0.12258672953947086,2.342016179406524,0.17688870283800065,3.379453922599675,0.003089,0.003093027075182488,0.0034496000000000006,0.003341411396515007,0.00374695,0.0035808713375295787,0.00348306,0.003631428310959517,0.00376662,0.003714850783627443,-0.16430020283975666,-16.430020283975665,-0.3730434782608696,-37.30434782608696,-0.42262262262262273,-42.26226226226227,0.12165450121656818,47.505376344086024,37.669512807634355,0.0034150173957923874,0.0036196993617667777,-0.00020468196597439028,-4.6378484552795093e-05,-0.00015830348142159518,-5.489025014618418,0.00374695,0.00067173345865282,0.00509041691730564,0.00240348308269436,0.7170989296924911,0.17883466690394198,0.0005637142857142857,19.546265107984944,0.0008566428571428571,29.703289082623343,0.0010357142857142856,35.91242322171587,8281263.557000001,1.2299054510094247,-186919112.07000002,0.0043603483458131715,20.477057664248463,-108.31316986371995,47.02289492524189,4.9743173830764995,5.203789277290887,-95.0256826169235,True,True,False
1763596800000,0.002884,0.003106,0.00262,0.002703,6647899.05,2025-11-20,-0.06276005547850194,-0.06481595212839195,0.06276005547850194,0.03997078662131923,0.7636408061656782,0.06708287647380323,1.281616555503179,0.12227422327414843,2.3360457555906624,0.17723918437636113,3.3861498629882245,0.002956,0.0029630180501216585,0.0032897000000000004,0.0032253365971351643,0.00365165,0.003497263616313573,0.00350204,0.0035946346542098566,0.0037412399999999994,0.0036925313860800804,-0.19744655581947734,-19.744655581947736,-0.3716875871687587,-37.16875871687587,-0.4135387285745281,-41.353872857452814,0.13333333333335418,44.23649510846448,39.123630672926446,0.0033054762573909535,0.003551785194140647,-0.00024630893674969364,-8.636457499253304e-05,-0.0001599443617571606,-5.917290483061805,0.00365165,0.0006781689957835736,0.005007987991567147,0.0022953120084328532,0.7428630846697504,0.15028996979436296,0.0004885714285714284,18.075154590137934,0.0008460000000000001,31.29855715871254,0.0009285238095238094,34.35160227613057,7990315.706499999,0.8319945411658811,-193567011.12000003,0.00435045805122527,22.07116579782032,-115.4850742398121,47.67036486690695,2.1963482402752095,4.518845062856367,-97.80365175972479,False,True,False
1763683200000,0.002703,0.002821,0.002402,0.002591,7343108.93,2025-11-21,-0.04143544210136885,-0.042318365714337634,0.04143544210136885,0.03875759035080618,0.7404627239620708,0.053785406101763696,1.027568740756086,0.11531379570886796,2.2030669736726307,0.177439707445653,3.3899808508479223,0.002817,0.0028390120334144393,0.0031864999999999997,0.00311000267037236,0.0035153500000000004,0.00341095192971841,0.0035173200000000004,0.0035548770405685656,0.0037016499999999995,0.003668288506674962,-0.2115033475349969,-21.150334753499692,-0.2848468120342258,-28.48468120342258,-0.512695128832048,-51.26951288320482,0.12836970474970144,32.36021771400297,29.079852457382117,0.003195556832678366,0.0034806057199669132,-0.0002850488872885473,-0.00012610143745202067,-0.00015894744983652664,-6.134598604265791,0.0035153500000000004,0.0005946420661558518,0.004704634132311704,0.0023260658676882966,0.6766234555942957,0.11138386745172928,0.0004694285714285713,18.117660031978826,0.0007914999999999999,30.54805094558085,0.0009083809523809522,35.059087316902826,7931949.368000001,0.9257634648582642,-200910120.05000004,0.004338244960397936,21.9738997442585,-134.7371017563923,38.79600137059725,4.728546409807353,3.9664040110530205,-95.27145359019264,False,True,False
1763769600000,0.002591,0.003,0.002404,0.002631,12291651.1,2025-11-22,0.015438054805094525,0.015320100478182727,0.015438054805094525,0.03139157901539828,0.5997352749957249,0.035419201059853814,0.676682886112245,0.11391319110410897,2.1763084602705693,0.1774381251089158,3.3899506203470056,0.0027526,0.0027696746889429597,0.0030525,0.0030229112757524344,0.0034115,0.0033366701192410232,0.00353292,0.003518293473932531,0.00366722,0.003645509764672095,-0.10904165255672194,-10.904165255672192,-0.33744648703097446,-33.744648703097454,-0.44116397621070524,-44.11639762107052,5.563093622795151,36.373448461953586,29.364448857994034,0.0031087019350098705,0.0034176636110252487,-0.0003089616760153782,-0.00016267348516490188,-0.0001462881908504763,-5.560174490706054,0.0034115,0.0005554679866657675,0.004522435973331535,0.002300564026668465,0.6512888602266071,0.14871962978235634,0.0004714285714285714,17.918227724385076,0.0007819999999999999,29.722538958570883,0.0008710476190476191,33.10709308428807,8124460.536499999,1.512919047951363,-188618468.95000005,0.0043190320860509975,22.893815959545584,-118.48836596042553,45.81010995747367,5.729296972729547,4.218063874270704,-94.27070302727044,True,False,False
1763856000000,0.002631,0.002844,0.002558,0.002567,8338937.95,2025-11-23,-0.024325351577347165,-0.024626100169152475,0.024325351577347165,0.02874710592174867,0.5492126874807488,0.034299311224597055,0.6552874208512215,0.10722626970533757,2.0485550063267652,0.16453441711867067,3.143425625341239,0.0026752,0.0027021164592953063,0.0029388,0.0029400183165194473,0.00334835,0.003263367601072607,0.0035294,0.00348063866602792,0.0036341,0.003621876806162323,-0.13100880162491546,-13.100880162491544,-0.3069654427645788,-30.69654427645788,-0.3297650130548303,-32.97650130548303,8.760683760683804,13.838491639985776,35.4471349796212,0.003025363175506926,0.0033546437488897705,-0.0003292805733828446,-0.00019599490280864328,-0.00013328567057420133,-5.192273882906169,0.00334835,0.0005767708908451523,0.0045018917816903046,0.0021948082183096953,0.6890210292772886,0.16132566136656337,0.0004424285714285714,17.235238466247427,0.0007033571428571429,27.399966609160227,0.0008201904761904762,31.95132357578793,8072580.8405,1.032995285493295,-196957406.90000004,0.00430607747174393,22.979687911795146,-111.26148825378534,36.67550767381048,4.128096072054035,4.861979818196978,-95.87190392794595,False,False,True
1763942400000,0.002567,0.00316,0.00255,0.002815,11017142.46,2025-11-24,0.09661082976236846,0.09222435970265029,0.09661082976236846,0.06277970212419623,1.1994045249885565,0.05188484203263738,0.9912585151989278,0.10681541096637254,2.040705561140312,0.16469307427676405,3.146456766090562,0.0026614000000000004,0.002739744306196871,0.0028752,0.002917287713514729,0.0033210999999999996,0.0032206656074608257,0.0035339399999999997,0.003454300527483252,0.0036028299999999996,0.0036042332722704233,-0.02392510402219139,-2.392510402219142,-0.18429440741813974,-18.429440741813973,-0.16220238095238104,-16.220238095238106,40.279720279720266,23.071350959797172,39.06630911750366,0.0029929996099553858,0.0033146655898694056,-0.0003216659799140198,-0.00022112911822981082,-0.00010053686168420896,-3.5714693315882404,0.0033210999999999996,0.0005889376608954868,0.004498975321790973,0.0021432246782090263,0.7093284284068372,0.28516401921450024,0.00047771428571428574,16.97031210352703,0.0005755714285714285,20.446587160619135,0.0008054761904761904,28.613719022244776,8066005.992000001,1.3658733294925627,-185940264.44000003,0.004291156935109203,23.940575086477715,-76.05152560904777,36.244655363704965,19.77022498803254,9.875872677605374,-80.22977501196746,True,True,False
1764028800000,0.002815,0.002907,0.00262,0.002773,7468751.74,2025-11-25,-0.01492007104795734,-0.015032494958012687,0.01492007104795734,0.054558277422783165,1.0423344266115364,0.0518655700994405,0.9908903254321798,0.10563034617534073,2.018064930097554,0.14804678469699342,2.828429850213373,0.0026754,0.002750829537464581,0.0028157,0.002891053583783661,0.00330395,0.003178030501054074,0.0035110600000000003,0.003427352177184411,0.00356976,0.0035860945956606234,0.02589715131335546,2.5897151313355438,-0.17666270783847982,-17.66627078384798,-0.11007702182284984,-11.007702182284982,41.92139737991266,29.990583804143128,33.12549747943751,0.002959153516037395,0.00327453798599702,-0.00031538446995962475,-0.00023998018857582893,-7.540428138379582e-05,-2.7192312074935385,0.00330395,0.0006001126626682124,0.0045041753253364245,0.0021037246746635754,0.726539642147384,0.2788123659817067,0.0004682857142857143,16.887331925197056,0.0005355714285714285,19.313791149348308,0.0007513333333333333,27.09460271667268,7741621.794,0.964752856538215,-193409016.18000004,0.004280699244301892,25.423440975858938,-77.83444150366874,37.53299636306253,17.759693633317365,13.886004897801314,-82.24030636668263,False,False,True
1764115200000,0.002773,0.00305,0.002719,0.002969,34224169.71,2025-11-26,0.07068157230436345,0.06829542914798171,0.07068157230436345,0.053067435555733886,1.0138519327340747,0.05882150119920754,1.123783202497197,0.1064469214032944,2.0336655779226054,0.1477499660966868,2.8227591388168096,0.002751,0.002823553024976387,0.002784,0.0029052256594598526,0.00329015,0.0031581227131882448,0.00349908,0.0034092285243727967,0.0035420200000000003,0.003572655863998547,0.14588961790814348,14.588961790814354,-0.09646987218502745,-9.646987218502739,-0.08505392912172582,-8.50539291217258,68.94586894586891,24.59432048681542,37.79649122807017,0.00296066835972693,0.003251903334975808,-0.00029123497524887777,-0.00025023114591046276,-4.1003829338415014e-05,-1.3810653195828568,0.00329015,0.0006046955105888504,0.004499541021177701,0.002080758978822299,0.7351585922694717,0.3672265651156954,0.00043071428571428574,14.507049030457587,0.0004972142857142857,16.746860414762065,0.0007146666666666667,24.07095542831481,9084930.296,3.7671361909148104,-159184846.47000003,0.004239007396448824,26.38461879715581,-55.27711648498514,48.27765822347438,28.665318503538916,22.065079041629605,-71.33468149646109,True,False,False
1764201600000,0.002969,0.003217,0.002901,0.00293,7895917.07,2025-11-27,-0.013135735938026305,-0.013222772752646847,0.013135735938026305,0.05629275513368007,1.0754715767500642,0.049183709668857295,0.9396534538480199,0.09061389926178495,1.7311761146371252,0.1475900936248885,2.819704779531755,0.0028107999999999996,0.002859035349984258,0.0027817000000000002,0.002909730085012735,0.0032357999999999996,0.0031363966209307747,0.00348228,0.003390285562536042,0.0035181,0.003558688066338345,0.11364500190041804,11.3645001900418,-0.007788689468337329,-0.7788689468337291,-0.27059995021160066,-27.059995021160066,76.94753577106516,27.809633027522935,42.84123448934139,0.0029559501505303162,0.003228056489938402,-0.00027210633940808566,-0.0002546061846099955,-1.7500154798090136e-05,-0.5972749077846463,0.0032357999999999996,0.0005844383358584953,0.00440467667171699,0.0020669233282830093,0.7224653388447929,0.3691906479959075,0.00040642857142857147,13.871282301316434,0.0004474999999999999,15.273037542662113,0.0006994761904761905,23.872907524784658,8941116.8375,0.8831018779313653,-167080763.54000002,0.004230468326815183,24.862046368626668,-38.02856670982042,55.36519992782326,37.98561151079136,28.13687454921588,-62.01438848920864,True,False,False
1764288000000,0.00293,0.004106,0.00293,0.003888,23168827.66,2025-11-28,0.326962457337884,0.2828924635692167,0.326962457337884,0.13978629258865244,2.670613370074996,0.1144186879889879,2.185965964695996,0.11593293013027739,2.214895520185094,0.15269560712691718,2.9172454780302792,0.003075,0.0032020235666561717,0.0028751,0.003087597342287294,0.0032481499999999996,0.0032079782515682634,0.0034960599999999996,0.0034099530930644948,0.00350206,0.0035658316882536396,0.5146084924035841,51.46084924035841,0.3161814488828707,31.618144888287063,0.06783850590497109,6.783850590497111,90.62702003878474,58.922008983258465,53.89725420726306,0.00309934243526611,0.0032769452823897985,-0.00017760284712368827,-0.00023920551711271093,6.160266998902266e-05,1.5844308124748625,0.0032481499999999996,0.000595947831962704,0.004440045663925408,0.0020562543360745913,0.7338920086359364,0.768416950982399,0.0005145714285714287,13.23486184597296,0.000492,12.654320987654321,0.0006991904761904762,17.98329414070155,9907948.0,2.3384082819166996,-143911935.88000003,0.004218640901797473,26.22277804843244,42.00776515575628,65.91515697299249,87.20657276995304,51.28583426142777,-12.793427230046964,True,False,False
1764374400000,0.003888,0.003999,0.00346,0.00352,11133658.96,2025-11-29,-0.09465020576131689,-0.09943389698818693,0.09465020576131689,0.1628925781568858,3.112058336019419,0.12036662041930775,2.29960105422125,0.10131635726218464,1.9356462876364322,0.15216690577950168,2.9071446529705613,0.003216,0.0033080157111041145,0.0029387,0.003166216007327468,0.0031941499999999998,0.00323769474244222,0.00351056,0.0034143003685611125,0.0034833200000000003,0.003564839357273871,0.25044404973357026,25.044404973357032,0.22052704576976434,22.05270457697643,-0.23478260869565215,-23.47826086956521,75.7428417071853,52.7798098024872,52.92838503914178,0.0031640589837638494,0.003294950729607785,-0.0001308917458439354,-0.0002175427628589298,8.66510170149944e-05,2.461676619744159,0.0031941499999999998,0.0005096958096953979,0.004213541619390795,0.002174758380609204,0.6382866298644683,0.6598257204599807,0.0005064285714285715,14.387175324675328,0.0004889285714285715,13.890016233766234,0.0006901428571428572,19.60633116883117,10013881.091500001,1.111822564924452,-155045594.84000003,0.004213299794435811,28.287959786848813,53.396062298108575,71.10892756366319,65.61032863849765,63.60083763974735,-34.38967136150235,False,False,True
1764460800000,0.00352,0.003677,0.003038,0.003104,12059802.17,2025-11-30,-0.11818181818181817,-0.1257693872890334,0.11818181818181817,0.17965518083963078,3.4323074106087814,0.12604187974682465,2.4080267314320345,0.10354732383577059,1.9782688441780933,0.1531831214108737,2.9265594253474747,0.0032822,0.00324001047406941,0.0029787999999999998,0.0031549040059950244,0.0031342500000000003,0.0032249618579270724,0.0035186,0.0034020458433859785,0.0034601000000000002,0.0035548798534170735,0.11936530833032832,11.93653083303282,0.1483536810950794,14.835368109507948,-0.2784751278475128,-27.84751278475128,57.15700842000991,47.03389830508475,49.0187891440501,0.003154819140098553,0.0032808052170364725,-0.00012598607693791938,-0.00019923142567471012,7.324534873679074e-05,2.359708400025475,0.0031342500000000003,0.0004380003454696965,0.004010250690939393,0.0022582493090606073,0.5589858441026676,0.48273403188326186,0.0005568571428571429,17.939985272459502,0.0004996428571428572,16.096741531664215,0.0006545238095238095,21.086462935689738,10273507.154,1.173873925352211,-167105397.01000002,0.0042036673554304415,28.395184254639126,13.478743142087879,68.38187756323896,41.19718309859154,64.67136150234741,-58.80281690140846,False,True,False
1764547200000,0.003104,0.003219,0.002703,0.002793,12074440.67,2025-12-01,-0.10019329896907214,-0.10557531535793258,0.10019329896907214,0.1871103740956656,3.5747386777763595,0.1305295374124888,2.493763310751079,0.10000172465001189,1.9105302668464925,0.153997417015838,2.9421165210364655,0.003247,0.0030910069827129395,0.002999,0.003089103277631452,0.00309275,0.00318382248164149,0.00352076,0.003377999779565386,0.00343523,0.0035384441079301695,-0.05927921859211849,-5.927921859211854,0.07796217676572748,7.796217676572749,-0.2290919127794645,-22.90919127794645,50.43706293706293,47.37360472751149,40.8982748364069,0.0030991546569589623,0.0032446690985773663,-0.00014551444161840397,-0.0001884880288634406,4.297358724503664e-05,1.5386175168290956,0.00309275,0.0004284716873284625,0.003949693374656925,0.002235806625343075,0.5541627190409345,0.32510513012601083,0.0005434285714285715,19.456805278502383,0.0005105714285714286,18.280394864712804,0.0005648571428571429,20.224029461408623,10461212.7715,1.1542104088442782,-179179837.68,0.004190482873793022,28.217979756747496,-44.39451892012335,65.98641443515183,22.946009389671353,43.251173708920184,-77.05399061032865,False,True,False
1764633600000,0.002793,0.003134,0.00269,0.002987,10454679.26,2025-12-02,0.06945936269244557,0.06715325227093319,0.06945936269244557,0.1892764890216687,3.616122245330625,0.1316886784265638,2.515908668730494,0.09870500882630255,1.8857565458195205,0.1542184273471987,2.9463389174884087,0.0032584000000000003,0.0030563379884752926,0.0030345999999999997,0.00307053904533463,0.00304355,0.003165077420842494,0.00352624,0.0033625666115645286,0.00341075,0.003526569039553256,0.019453924914675902,1.9453924914675835,0.13530976814899276,13.530976814899276,-0.24779652480483494,-24.779652480483495,50.39370078740157,50.50941648656992,45.00152858453073,0.0030819000943374314,0.003225581325509713,-0.0001436812311722815,-0.00017952666932520326,3.584543815292175e-05,1.2000481470680198,0.00304355,0.00037554304189504553,0.003794636083790091,0.002292463916209909,0.4935592211661323,0.4623545148682291,0.000565857142857143,18.943995408675697,0.0005170714285714286,17.310727437945385,0.0005456666666666667,18.26805044079902,10604811.6105,0.9858429969325101,-168725158.42000002,0.004179560267244516,27.19024254185542,-32.927496186282134,70.659536498026,34.33098591549296,32.82472613458528,-65.66901408450705,False,True,False
1764720000000,0.002987,0.003137,0.002684,0.0027,8217682.11,2025-12-03,-0.09608302644794109,-0.10101776622368937,0.09608302644794109,0.07737661947559275,1.4782782394180054,0.1362385577493201,2.6028339911391605,0.09979085693427309,1.9065016447939256,0.15488947627092708,2.9591592891750453,0.0030208,0.0029375586589835286,0.0030479,0.003003168309818667,0.0029933499999999997,0.0031207841994238894,0.0035274,0.003336421094591633,0.00338482,0.0035088000806334377,-0.30555555555555547,-30.555555555555554,0.051811453058044465,5.181145305804454,-0.2710583153347731,-27.105831533477314,45.46172059984215,47.337962962962976,33.81601362862011,0.003023146233634234,0.0031866471597568097,-0.00016350092612257578,-0.00017632152068467618,1.2820594562100402e-05,0.4748368356333482,0.0029933499999999997,0.0003487610062402026,0.0036908720124804047,0.0022958279875195946,0.46604774749388156,0.28971989790197455,0.0005832857142857142,21.603174603174597,0.000507,18.777777777777775,0.0005259047619047619,19.477954144620814,10593188.581,0.7757515168510527,-176942840.53000003,0.004170449893177254,25.541214817792937,-49.722968487277576,65.80632415955282,17.488262910798124,24.921752738654146,-82.51173708920187,True,True,False
1764806400000,0.0027,0.002905,0.002612,0.002616,6623787.27,2025-12-04,-0.0311111111111112,-0.03160533941533122,0.0311111111111112,0.07710829573510183,1.4731519215538336,0.1334516578935168,2.549590344153901,0.09901809221242493,1.8917379955127835,0.15467532364359107,2.955067908974533,0.00284,0.002830372439322352,0.0030280000000000003,0.0029327740716693263,0.0029516,0.003072709382451135,0.00353004,0.0033079995551277006,0.00335817,0.0034896398184144175,-0.25681818181818195,-25.68181818181819,-0.07069271758436946,-7.069271758436944,-0.24195885250651994,-24.19588525065199,11.686746987951807,48.70497171777314,35.0954738330976,0.002960508351504274,0.003144374772283226,-0.00018386642077895202,-0.0001778305007035319,-6.035920075420114e-06,-0.2307308897331848,0.0029516,0.00034098454973486566,0.003633569099469731,0.0022696309005302688,0.46210130062998456,0.2539477959771581,0.00058,22.17125382262997,0.0004932142857142857,18.853757099169947,0.0004916666666666666,18.794597349643222,10645296.9515,0.6222266321153831,-183566627.80000004,0.004162490986425214,24.090006515601413,-77.84817161275986,65.89737153596579,12.558685446009374,21.45931142410015,-87.44131455399062,False,True,False
1764892800000,0.002616,0.002695,0.0025,0.002551,6103050.76,2025-12-05,-0.02484709480122327,-0.02516099443527795,0.02484709480122327,0.06891874762341796,1.3166908245684854,0.13361083344476551,2.552631388790551,0.0990243936862038,1.891858385000289,0.15445014798779164,2.9507659341109247,0.0027294,0.002737248292881568,0.0030058000000000003,0.002863360604092688,0.0029107499999999997,0.003023022651807819,0.0035342200000000002,0.003278141982783911,0.00333231,0.0034695291570355224,-0.1781572164948454,-17.81572164948454,-0.08005769924269746,-8.005769924269744,-0.24257719714964376,-24.25771971496437,14.296241709653643,49.39613526570048,39.369297897659656,0.0028975070666299005,0.003100418940819086,-0.0002029118741891855,-0.00018284677540066419,-2.0065098788521327e-05,-0.7865581649753558,0.0029107499999999997,0.00033739370645862534,0.0035855374129172505,0.002235962587082749,0.46365191989504484,0.23343456538058158,0.0004398571428571428,17.24253794030352,0.00047721428571428573,18.706949655597246,0.0004746190476190476,18.605215508390735,10705482.972000001,0.5700864478475581,-189669678.56000003,0.004154589293505792,24.262116603499795,-108.9270497840813,66.32589893814283,8.636897767332547,12.894615374713348,-91.36310223266744,False,True,False
1764979200000,0.002551,0.00285,0.002501,0.002606,9283852.15,2025-12-06,0.02156017248137987,0.02133103954297905,0.02156017248137987,0.06197165062266201,1.1839667227280963,0.1315654969191906,2.5135552893365296,0.09919591477554111,1.8951352908109467,0.15049349254113278,2.8751741379415985,0.002692,0.0026934988619210453,0.0029695,0.0028165677669847074,0.00287675,0.002983306119974789,0.0035276400000000003,0.003251637360563746,0.0033087499999999996,0.0034510577512698497,-0.066953097028285,-6.695309702828503,-0.1222633883462445,-12.226338834624455,-0.20693852708460136,-20.693852708460135,25.0,49.62428614367297,35.62855337965888,0.0028526598255933146,0.0030637936609743,-0.00021113383538098537,-0.00018850418739672987,-2.2629647984255503e-05,-0.8683671521203187,0.00287675,0.0003318049323893317,0.0035403598647786635,0.0022131401352213365,0.4613608167401849,0.296002128381331,0.0004127142857142857,15.837079267624162,0.0004595714285714286,17.635127727222894,0.0004635238095238095,17.786792383876037,10871990.411,0.853923872174026,-180385826.41000003,0.004143250602948788,24.171467647402533,-85.23808770570035,65.77768815504524,6.600249066002474,9.265277426448131,-93.39975093399752,True,False,False
1765065600000,0.002606,0.002686,0.00247,0.002489,6842397.75,2025-12-07,-0.044896392939370644,-0.045935455317198386,0.044896392939370644,0.042267908249087514,0.8075272532428532,0.132138419500605,2.524500959885542,0.09716115861020935,1.8562613288555478,0.1503914251958925,2.8732241440487862,0.0025923999999999995,0.0026253325746140297,0.0029254,0.0027570099911690777,0.00285355,0.0029362292514077395,0.00351458,0.003221570763733099,0.0032863799999999998,0.0034305114001887205,-0.1667224640107131,-16.672246401071313,-0.15051194539249146,-15.051194539249146,-0.15712834405689136,-15.71283440568913,31.047381546134673,48.84615384615385,36.79060665362035,0.0027967121600998963,0.0030212145716699925,-0.00022450241157009627,-0.0001957038322314046,-2.8798579338691675e-05,-1.1570341236919115,0.00285355,0.00034225005862902806,0.0035380501172580557,0.002169049882741944,0.4797533719458611,0.23371078338138185,0.0003522857142857142,14.153704872869193,0.0004545714285714286,18.263215290133733,0.00045052380952380957,18.100594998947752,10939679.752,0.6254660013012783,-187228224.16000003,0.00413442736484943,25.454223611800302,-107.18760532361848,66.39179937115983,1.161369193154029,5.466172008829684,-98.83863080684597,False,True,False
1765152000000,0.002489,0.002558,0.002415,0.00244,7036880.16,2025-12-08,-0.019686621132985138,-0.019882984080344456,0.019686621132985138,0.0249695814426534,0.4770431836414549,0.059846647218566265,1.143368589697035,0.0972122816188885,1.8572380325649647,0.14861547186727478,2.8392946033463047,0.0025404,0.0025635550497426864,0.0027806,0.0026993718109563376,0.00282785,0.002888969236201012,0.0035103999999999995,0.003190764159794195,0.00326683,0.0034093902108061846,-0.09629629629629644,-9.629629629629639,-0.3724279835390947,-37.242798353909464,-0.17400135409614081,-17.400135409614087,8.371385083713847,44.10562716127004,38.49829351535837,0.0027418333662238286,0.002978159972866142,-0.00023632660664231345,-0.0002038283871135877,-3.2498219528725764e-05,-1.331894242980564,0.00282785,0.00035342612940664496,0.0035347022588132896,0.00212099774118671,0.49992203180033584,0.2256498828686294,0.0002989999999999999,12.254098360655734,0.00042121428571428567,17.26288056206089,0.000440047619047619,18.034738485558155,10920590.406,0.6443681063373453,-194265104.32000002,0.004125017103756186,23.917513490489423,-115.73461442571397,61.89797770804079,1.478415138971014,3.0800111327091724,-98.52158486102898,False,True,False
1765238400000,0.00244,0.00287,0.002373,0.002633,10265726.89,2025-12-09,0.07909836065573761,0.07612584120906177,0.07909836065573761,0.049286923885105055,0.9416253586806649,0.06811419443293944,1.3013198574469005,0.09890017095598248,1.8894851130717423,0.14895268299311187,2.84573701285958,0.0025437999999999997,0.0025867033664951243,0.0026918999999999997,0.0026873042089642454,0.0028153,0.0028645911733353826,0.0035091999999999996,0.0031687835862322447,0.0032516299999999997,0.0033928599902136544,0.006498470948012258,0.6498470948012266,-0.25198863636363644,-25.19886363636364,-0.08703190013869622,-8.703190013869623,44.04973357015984,47.89915966386555,41.842397336293004,0.0027250897714164077,0.0029525916505247765,-0.00022750187910836875,-0.00020856308551254452,-1.893879359582423e-05,-0.7192857423404568,0.0028153,0.0003557759643962748,0.00352685192879255,0.0021037480712074504,0.5054892400756933,0.3718997218450734,0.0003065714285714285,11.643426835223263,0.0004362142857142857,16.56719657099452,0.00044690476190476197,16.973215416056284,10924618.191,0.9396874756187991,-183999377.43,0.004112741649056623,23.985499861450847,-65.65839371852091,66.53468656645421,15.00288517022503,5.880889834116691,-84.99711482977497,True,True,False
1765324800000,0.002633,0.002649,0.002391,0.002405,8119188.13,2025-12-10,-0.08659323965058863,-0.09057397695644778,0.08659323965058863,0.06346775161646803,1.2125496920811671,0.06399739606978704,1.222668535153872,0.09983130667746366,1.9072744360524987,0.1495318462650791,2.856801911634194,0.0025145999999999996,0.0025261355776634163,0.002622,0.0026359761709706386,0.0028003999999999998,0.002820820519817373,0.00350184,0.0031386899223347603,0.0032351999999999997,0.0033718586143103974,-0.0572324578596628,-5.723245785966283,-0.22519329896907214,-22.519329896907216,-0.11024787273399927,-11.024787273399928,35.077793493635085,41.617122473246134,40.52891851214793,0.002675845191189154,0.0029120279590828975,-0.00023618276789374353,-0.00021408702198878486,-2.2095745904958673e-05,-0.9187420334702151,0.0028003999999999998,0.0003667961430090424,0.0035339922860180848,0.0020668077139819148,0.5239196443494394,0.2305042545183933,0.0002787142857142857,11.588951588951588,0.000431,17.920997920997923,0.0004309047619047619,17.917037917037916,10998182.645,0.738229977812848,-192118565.56,0.004102250278235295,24.24979355886541,-96.98207366634445,55.34094460484594,1.8465089440276923,6.109269751074578,-98.15349105597231,False,False,True
1765411200000,0.002405,0.002444,0.0023,0.0023,5614911.86,2025-12-11,-0.04365904365904372,-0.04464078062262056,0.04365904365904372,0.06201873376423544,1.1848662448848297,0.058733495098392055,1.1221018483019212,0.09987933482938162,1.9081920126065142,0.14936449322981557,2.853604636384806,0.0024534,0.0024507570517756107,0.0025727,0.0025748895944304176,0.0027858500000000003,0.0027712184983085856,0.00349592,0.003105651005946385,0.00321971,0.003349104636112501,-0.11742133537989252,-11.74213353798925,-0.17651271034729676,-17.651271034729678,-0.1123118487070629,-11.231184870706292,33.19946452476573,40.816326530612244,42.61813248926069,0.002618022854073846,0.002866691160767107,-0.0002486683066932607,-0.00022100327892968057,-2.766502776358013e-05,-1.2028272940687015,0.0027858500000000003,0.0003810350550249791,0.0035479201100499583,0.0020237798899500423,0.5471006048781937,0.18123011676173065,0.0002574285714285714,11.192546583850929,0.0004187142857142857,18.204968944099377,0.00041461904761904767,18.026915113871638,10911772.7915,0.5145737514232221,-197733477.42000002,0.004094481501512909,24.496124165422042,-123.86126057458571,50.93690177676042,0.0,5.616464704750907,-100.0,False,True,False
1765497600000,0.0023,0.002475,0.0022,0.002308,6973220.33,2025-12-12,0.003478260869565375,0.0034722257107492787,0.003478260869565375,0.0615491222991352,1.175894330441632,0.05106228199960221,0.9755435278333399,0.09980758483958932,1.9068212309762584,0.1492863130288742,2.852111005743041,0.0024172,0.002403171367850407,0.0025048,0.002526364213624819,0.0027697,0.002727102396742464,0.00348804,0.003074234341123301,0.0032068599999999997,0.0033270350028700097,-0.0727199678585776,-7.271996785857763,-0.2273183796451289,-22.731837964512884,-0.12276700874192314,-12.27670087419232,28.714285714285737,18.14516129032259,42.708803611738155,0.002570327030363697,0.002825305452138201,-0.0002549784217745041,-0.00022779830749864572,-2.7180114275858383e-05,-1.1776479322295659,0.0027697,0.0003945491897823245,0.003558798379564649,0.001980601620435351,0.5698078344691837,0.2074509262997582,0.00026885714285714284,11.648923000742757,0.0003543571428571428,15.35342906660064,0.0004077619047619048,17.667326896096395,10645851.253,0.6550176368503127,-190760257.09,0.004084817420692286,24.692337877567407,-117.40452841980098,36.288742681721004,6.003335186214565,2.6166147100807526,-93.99666481378543,True,True,False
1765584000000,0.002308,0.002308,0.002,0.002151,10892601.56,2025-12-13,-0.06802426343154244,-0.07044849836026011,0.06802426343154244,0.0663761178435448,1.2681139508312151,0.047311060671548825,0.9038765449891072,0.10079041850767816,1.9255982418401332,0.14936075266555665,2.8535331730049815,0.0023594,0.002319114245233605,0.0024499,0.0024581161747838642,0.0027489,0.002672235440929539,0.0034732199999999995,0.0030378776003478587,0.00319194,0.003302139838447763,-0.11844262295081953,-11.844262295081958,-0.20333333333333337,-20.333333333333332,-0.1620568757304245,-16.20568757304245,27.16216216216219,19.83252534156017,41.8862076599513,0.002505815179531096,0.0027753555834491455,-0.0002695404039180496,-0.0002361467267825269,-3.33936771355227e-05,-1.5524722052776707,0.0027489,0.0004161706254334611,0.003581241250866922,0.0019165587491330777,0.6055813240692075,0.14083241135936791,0.00026300000000000005,12.226871222687123,0.00033785714285714284,15.706980142126584,0.0003940476190476191,18.319275641451377,10773534.4335,1.0110518165821019,-201652858.65,0.00406845155738904,25.35906243878879,-142.05426029725658,25.57468887344791,9.004174120453195,5.002503102222587,-90.99582587954681,False,True,False
1765670400000,0.002151,0.002194,0.002001,0.00211,5790271.43,2025-12-14,-0.019060901906090333,-0.019244902797618015,0.019060901906090333,0.03626316141269684,0.6928067260136886,0.04719147083512336,0.9015917843722506,0.09796796023313832,1.8716752522187834,0.1446907577595692,2.7643130456008396,0.0022548,0.002249409496822403,0.0023993,0.002394822324823102,0.00271365,0.0026186891546995206,0.00344248,0.003001344003134623,0.00317639,0.0032769381994212335,-0.19863273832130646,-19.863273832130652,-0.19342507645259943,-19.34250764525994,-0.25044404973357015,-25.044404973357015,27.45901639344264,23.75923970432946,43.22595384966872,0.0024449205365203886,0.0027260687817118293,-0.00028114824519144066,-0.00024514703046431003,-3.600121472713063e-05,-1.7062187074469493,0.00271365,0.000439481425869404,0.003592612851738808,0.0018346871482611922,0.6478085617075215,0.1566123364566376,0.00025971428571428575,12.308733920108331,0.00030599999999999996,14.502369668246445,0.0003896190476190476,18.465357707063866,10512190.882000001,0.5508149057600036,-207443130.08,0.004059634054718386,26.392681307917144,-133.6464081730461,27.94629026013341,9.023789991796543,8.010433099488102,-90.97621000820347,False,False,True
1765756800000,0.00211,0.00211,0.00175,0.00192,12801347.33,2025-12-15,-0.09004739336492884,-0.09436276144828487,0.09004739336492884,0.037324067846724145,0.7130753149764802,0.05213981636891258,0.9961297930536623,0.09958580208575996,1.9025840774137723,0.11636935591602843,2.2232334231145465,0.0021578,0.0021396063312149353,0.0023362,0.002308490993037017,0.002671,0.002552147269996967,0.00336428,0.002958774637427035,0.0031590700000000004,0.0032482910759790997,-0.20166320166320162,-20.166320166320165,-0.24735397883183063,-24.73539788318306,-0.3076090876307248,-30.760908763072482,1.0973936899863048,25.380710659898483,42.46913580246915,0.00236416353089522,0.002666358633649638,-0.00030219510275441815,-0.000256556644922332,-4.5638457832086125e-05,-2.377003012087819,0.002671,0.0004734927332293986,0.0036179854664587976,0.001724014533541203,0.7090868337392716,0.10347860310447764,0.00029071428571428575,15.14136904761905,0.0002948571428571428,15.357142857142856,0.0003777142857142857,19.672619047619047,10778820.661500001,1.187638957174981,-220244477.41000003,0.004038700338477329,27.36337933942436,-146.5067476605341,28.970850555373843,12.256669069935112,10.09487772739495,-87.74333093006489,False,True,False
1765843200000,0.00192,0.002099,0.00181,0.001918,9234980.62,2025-12-16,-0.0010416666666667185,-0.001042209578443754,0.0010416666666667185,0.04185868731315916,0.7997090982394807,0.05026762693689162,0.9603616641772394,0.09765048327561321,1.8656098634617306,0.11563140945159964,2.2091349757073857,0.0020814,0.00206573755414329,0.0022674,0.0022374926306666055,0.00261845,0.0024917522422651856,0.00329854,0.0029178085719311813,0.00314166,0.0032202432474139533,-0.1660869565217391,-16.60869565217391,-0.26400613967766684,-26.400613967766688,-0.353991242842708,-35.3991242842708,1.5904572564612636,16.192283364958897,41.92891102558297,0.00229552298767579,0.0026109235007831352,-0.0003154005131073452,-0.00026832541855933495,-4.7075094548010255e-05,-2.4543844915542365,0.00261845,0.0004964445667894155,0.003611339133578831,0.001625560866421169,0.7583792958267914,0.14726676105555978,0.00026100000000000006,13.607924921793538,0.0002837857142857143,14.795918367346939,0.0003778095238095238,19.698098217389145,9529361.206999999,0.9691080461108185,-229479458.03000003,0.004023962095745851,27.659446934588942,-127.90004174867286,25.627350500372103,12.11247296322999,11.130977341653882,-87.88752703677001,False,False,True
1765929600000,0.001918,0.00203,0.00185,0.001896,8087288.86,2025-12-17,-0.011470281543274341,-0.011536572628416513,0.011470281543274341,0.03885484550350445,0.7423207810454575,0.05020764453757301,0.9592157020473127,0.09765514016160502,1.865698833143681,0.1061622855254294,2.028227617111482,0.001999,0.00200915836942886,0.0022081,0.0021754030614544633,0.00256675,0.002435013891287601,0.0032007000000000003,0.002877594881016372,0.00312568,0.0031923586791085382,-0.17850953206239173,-17.85095320623918,-0.23824829248694257,-23.824829248694254,-0.35290102389078504,-35.2901023890785,1.9047619047619406,19.45288753799393,42.331428571428575,0.0022340579126451233,0.002557965178340623,-0.00032390726569549947,-0.0002794417879865681,-4.4465477708931374e-05,-2.345225617559672,0.00256675,0.0005157569679606796,0.0035982639359213595,0.0015352360640786408,0.80375099711414,0.174871091585942,0.0002498571428571429,13.17811934900543,0.0002642857142857143,13.939119951778181,0.0003706190476190477,19.547418123367493,9538929.796500001,0.8478193080912879,-237566746.89000005,0.004011120607176306,28.364512417840423,-118.16223100341067,26.38314345559722,12.640692640692631,12.33661155795258,-87.35930735930737,False,False,True
1766016000000,0.001896,0.001935,0.00172,0.001828,9063889.88,2025-12-18,-0.03586497890295359,-0.0365239308008718,0.03586497890295359,0.03510869236836272,0.6707506258908452,0.050252958238106944,0.9600814190804527,0.05445008795096464,1.0402674696546756,0.10614708200749436,2.0279371543091744,0.0019344,0.0019487722462859065,0.0021469,0.002112238868462716,0.00246375,0.0023772030056044406,0.0031015200000000004,0.002836293419251367,0.00310871,0.0031636654109652826,-0.15016271501627154,-15.016271501627157,-0.25081967213114753,-25.08196721311475,-0.5298353909465021,-52.98353909465021,0.0,19.692307692307693,38.23599523241955,0.0021715874645427584,0.0025038927135791426,-0.00033230524903638415,-0.00029001448019653147,-4.229076883985268e-05,-2.313499389488659,0.00246375,0.00043781573569373454,0.0033393814713874688,0.0015881185286125308,0.7108119503906395,0.1369762732530436,0.0002600000000000001,14.223194748358866,0.00025871428571428573,14.152860268834011,0.00036580952380952384,20.01146191518183,8833682.9075,1.0260601353830066,-246630636.77000004,0.003996248679487275,29.239502152320036,-126.21078680007996,26.523204590836826,9.391304347826088,11.381489983916238,-90.6086956521739,False,True,False
1766102400000,0.001828,0.001987,0.00177,0.001832,6017507.29,2025-12-19,0.002188183807439792,0.0021857932199802256,0.002188183807439792,0.03814516140041464,0.7287622852935272,0.03602902327283299,0.6883335231324526,0.05321346094038192,1.0166417437905777,0.10019598536411536,1.914241612578307,0.0018788,0.0019098481641906043,0.0020668,0.002061286346924023,0.0023793499999999997,0.0023252788782261915,0.0030382600000000005,0.0027967798693965076,0.0030928600000000002,0.003135694067413639,-0.13175355450236959,-13.175355450236959,-0.3042157235093049,-30.421572350930493,-0.4795454545454545,-47.95454545454545,1.2232415902141014,20.984665052461665,38.68174164060621,0.0021193432392262834,0.002454122056189579,-0.0003347788169632956,-0.0002989673475498844,-3.5811469413411204e-05,-1.954774531299738,0.0023793499999999997,0.00038271513042029674,0.0031447802608405933,0.0016139197391594061,0.64339442355315,0.14245599631839664,0.0002517142857142858,13.739862757330009,0.0002602857142857143,14.207735495945103,0.0003201428571428571,17.47504678727386,8577875.324,0.7015148929903007,-240613129.48000005,0.0039866456714695376,29.022528483508957,-110.15829076836943,31.344617924904767,9.739130434782616,10.590375807767112,-90.26086956521738,True,False,False
1766188800000,0.001832,0.002175,0.001768,0.001901,11899902.1,2025-12-20,0.0376637554585153,0.0369717972543536,0.0376637554585153,0.02658834650693584,0.507969646770458,0.03765244938791038,0.7193490355118582,0.051105227542247895,0.9763640012735518,0.10006237603609887,1.9116890099506831,0.001875,0.0019068987761270695,0.0020164000000000002,0.0020321433747560107,0.0023192,0.002284871343760462,0.0029841,0.0027615402884844926,0.00307775,0.0031097907425344604,-0.009895833333333437,-0.9895833333333404,-0.20956340956340958,-20.95634095634096,-0.3875644329896908,-38.756443298969074,20.56338028169013,21.86751795690344,36.74937965260547,0.0020857519716518096,0.00241314942183508,-0.00032739745018327054,-0.0003046533680765617,-2.2744082106708854e-05,-1.1964272544297134,0.0023192,0.0003564656328012759,0.0030321312656025516,0.0016062687343974483,0.6148079213543909,0.20670384357000537,0.0002658571428571429,13.985120613211095,0.00026442857142857144,13.909972195085293,0.00031385714285714285,16.51010746223792,8569880.320500001,1.3885727285519096,-228713227.38000005,0.003968657571524399,28.644380622147768,-85.09632102371513,30.957800827991434,15.739130434782602,11.623188405797102,-84.2608695652174,True,True,False
1766275200000,0.001901,0.001979,0.001841,0.0019,5894098.24,2025-12-21,-0.0005260389268805232,-0.0005261773338972674,0.0005260389268805232,0.026592562123141594,0.5080501860049831,0.0374398757473701,0.7152878218117213,0.047938599895333424,0.9158656650254853,0.0971582247409432,1.8562052773619202,0.0018714,0.0019045991840847128,0.0019764,0.002008117306618549,0.0022745499999999997,0.002248216911804779,0.00291576,0.002727651875123358,0.0030644300000000004,0.003084439730748235,-0.009384775808133461,-0.9384775808133474,-0.17391304347826086,-17.391304347826086,-0.3197278911564626,-31.972789115646254,43.975903614457806,24.09850483729113,37.09919839679359,0.0020571747452429756,0.0023751378122090104,-0.0003179630669660348,-0.00030731530785445634,-1.0647759111578469e-05,-0.5604083742936037,0.0022745499999999997,0.00034986139736817767,0.002974272794736355,0.0015748272052636444,0.615262618747757,0.23235829758760088,0.000258,13.578947368421051,0.00025885714285714287,13.624060150375941,0.00028999999999999995,15.263157894736839,8260863.198999999,0.7134966525911599,-234607325.62000006,0.0039596851352925126,28.24618518719138,-84.25787686469404,31.72571668980798,15.65217391304348,13.710144927536234,-84.34782608695653,False,False,True
1766361600000,0.0019,0.0021,0.0019,0.001959,7529641.71,2025-12-22,0.03105263157894722,0.030580252790008783,0.03105263157894722,0.029308483890798834,0.5599377985202315,0.0401378576787594,0.7668326942363151,0.04492649159353942,0.8583194167208932,0.09632399484412861,1.8402673375618759,0.0018839999999999998,0.0019227327893898086,0.0019414999999999999,0.0019991868872333562,0.00222315,0.002220672431596087,0.00286078,0.002697420795344459,0.0030513000000000003,0.0030608834416150413,0.03322784810126578,3.322784810126578,-0.15121317157712322,-15.121317157712319,-0.34415801807833957,-34.41580180783396,59.19282511210759,29.032258064516128,18.81668283220175,0.0020420709382821317,0.0023443123826008684,-0.0003022414443187367,-0.0003063005351473124,4.059090828575668e-06,0.20720218624684372,0.00222315,0.0003132851862037679,0.002849720372407536,0.0015965796275924644,0.5636779996019483,0.2892096310067857,0.00023514285714285713,12.003208634142785,0.00026292857142857145,13.421570772259903,0.0002749523809523809,14.035343591239455,8114611.321500001,0.9279115673784524,-227077683.91000006,0.003948776319096367,27.81889074000074,-60.39250504041575,38.081435152628764,20.782608695652158,17.391304347826082,-79.21739130434784,True,False,False
1766448000000,0.001959,0.002049,0.0019,0.001928,6923631.14,2025-12-23,-0.01582440020418574,-0.015950942774049758,0.01582440020418574,0.02260016732767955,0.43177559053549647,0.03569877081737171,0.6820240588300378,0.04119213651615335,0.7869746631432147,0.09302251979548358,1.7771927453210903,0.001904,0.0019244885262598725,0.0019192,0.0019862438168272894,0.00218455,0.002192798855312822,0.0028227400000000002,0.0026671629328809563,0.00303814,0.0030371980852228397,0.054704595185995686,5.470459518599565,-0.1036727103672711,-10.367271036727107,-0.2859259259259259,-28.5925925925926,56.89655172413797,14.213197969543145,21.11756168359942,0.002024521563161424,0.002313474051804812,-0.0002889524886433882,-0.0003028309258465275,1.3878437203139297e-05,0.7198359545196731,0.00218455,0.00029865778250804737,0.002781865565016095,0.001587234434983905,0.5468545604505228,0.28524751820833005,0.0002151428571428571,11.158861885002962,0.00023807142857142858,12.348103141671608,0.0002609047619047619,13.532404663110057,8049908.772999999,0.8600881494734922,-234001315.05000004,0.003938713145009216,28.77703489558454,-60.40534386809464,28.74553584168231,22.389666307857922,19.608149638851188,-77.61033369214208,False,False,False
1766534400000,0.001928,0.0022,0.001908,0.00193,8652706.42,2025-12-24,0.0010373443983402453,0.0010368067284403084,0.0010373443983402453,0.022716769794554705,0.4340032775372318,0.03571605797404962,0.6823543294946335,0.04119377988477274,0.787006059656604,0.09158977951708432,1.7498202807361853,0.0019236,0.0019263256841732482,0.0019011999999999998,0.0019760176683132355,0.0021502500000000003,0.0021677703836654877,0.00279414,0.002638176810457945,0.0030230400000000003,0.0030140752907139965,0.053493449781659486,5.349344978165938,-0.0853080568720378,-8.530805687203785,-0.26223241590214064,-26.22324159021406,80.72289156626519,18.708827404479578,24.935952177625964,0.0020099797842132463,0.002285068245348223,-0.0002750884611349767,-0.0002972824329042173,2.2193971769240593e-05,1.1499467237948493,0.0021502500000000003,0.00028560644158295276,0.002721462883165906,0.0015790371168340946,0.5312990425912387,0.30720847998098305,0.00023114285714285712,11.976313841598813,0.00024050000000000002,12.461139896373059,0.0002532380952380952,13.12114483098939,8151354.7305000005,1.0615053210264653,-225348608.63000005,0.003926616101743805,28.897155265411147,-42.746434949034004,36.613205779391656,27.81456953642385,23.66228151331131,-72.18543046357615,True,False,False
1766620800000,0.00193,0.001966,0.001906,0.001906,4706486.17,2025-12-25,-0.012435233160621784,-0.012513197684783836,0.012435233160621784,0.01849649770458619,0.3533750924691116,0.021628776107180708,0.41321718732587964,0.04111952423399947,0.7855874074405225,0.09110718418124464,1.740600309790809,0.0019245999999999998,0.0019195504561154988,0.0018998,0.0019632871831653733,0.002118,0.002142839862611232,0.00276994,0.0026093897853799275,0.0030020999999999997,0.0029909591901241756,0.002630194634402949,0.26301946344029525,-0.007291666666666696,-0.7291666666666731,-0.25284202273618184,-25.284202273618188,69.89247311827958,20.943952802359874,28.418491484184926,0.0019939828943340374,0.0022569888221299884,-0.00026300592779595093,-0.000290427131882564,2.742120408661308e-05,1.4386780737992173,0.002118,0.00027415957704264647,0.002666319154085293,0.0015696808459147072,0.5177706837443748,0.306681931115776,0.00020899999999999996,10.965372507869883,0.00023450000000000004,12.303252885624346,0.00024214285714285714,12.70424224254235,8081526.500999999,0.5823758877011199,-230055094.80000004,0.003919804646727362,29.291800019677066,-60.42431213598448,37.27694422036217,24.635761589403963,24.94666581122858,-75.36423841059604,False,True,False
1766707200000,0.001906,0.002245,0.0019,0.002029,10614355.59,2025-12-26,0.0645330535152151,0.06253625561166731,0.0645330535152151,0.033912360898848436,0.6478947452579135,0.029836834277856564,0.5700319184917287,0.04407303313547575,0.8420141157740002,0.09141121278892683,1.7464087681848708,0.0019504000000000001,0.0019560336374103327,0.0019109,0.001975234968044397,0.0020891499999999997,0.0021319979676586716,0.00274562,0.002586572889447786,0.00298792,0.0029709125285890875,0.06789473684210523,6.789473684210526,0.05787278415015651,5.78727841501564,-0.2214121258633921,-22.14121258633921,76.66666666666671,32.40857503152583,25.85685483870968,0.0019993701413596405,0.002240100597542027,-0.00024073045618238633,-0.00028048779674252845,3.975734056014212e-05,1.9594549315003509,0.0020891499999999997,0.0002493398177925746,0.002587829635585149,0.0015904703644148504,0.47739955061642236,0.43969073959735705,0.00022728571428571424,11.201858762233329,0.0002395,11.803844258255298,0.0002492857142857143,12.286136731676407,8148051.673,1.302686337296133,-219440739.21000004,0.003905617824643773,27.14540637395997,-18.38345229273102,45.76029469139769,52.551020408163254,35.00045051133036,-47.448979591836746,True,True,False
1766793600000,0.002029,0.002141,0.00201,0.002105,6152989.49,2025-12-27,0.037456875308033544,0.03677240629066708,0.037456875308033544,0.03484112246638474,0.6656387100912409,0.030647826316841466,0.5855258996413031,0.04463254404179317,0.8527035566300586,0.08466166106222976,1.6174587635061342,0.0019796,0.0020056890916068885,0.0019317999999999998,0.0019988286102181445,0.00206995,0.0021294267319407756,0.0027073800000000006,0.002567642630872204,0.0029759800000000005,0.0029528861238911856,0.07452782031648808,7.452782031648816,0.11023206751054859,11.023206751054863,-0.15427882683808747,-15.42788268380875,82.53968253968256,46.76966292134831,33.220530174844896,0.0020156208888429525,0.002230093056059016,-0.00021447216721606375,-0.0002672846708372355,5.281250362117174e-05,2.5089075354475887,0.00206995,0.0002310428246929504,0.0025320356493859007,0.0016078643506140993,0.4464703489320039,0.5379258694211567,0.00018785714285714285,8.924329826942651,0.00022685714285714285,10.777061418391584,0.0002389047619047619,11.349394864834295,8113581.260000001,0.7583567961948284,-213287749.72000003,0.0038976126889833213,25.988806596059028,-3.0358117796695883,53.7216761889241,73.33333333333336,50.17337177696686,-26.66666666666665,False,False,True
1766880000000,0.002105,0.002168,0.002051,0.002133,9665901.51,2025-12-28,0.013301662707838391,0.01321397235486869,0.013301662707838391,0.03058348225263694,0.5842966080207346,0.025879865891235244,0.4944341436128145,0.04476341139411167,0.8552037738855269,0.08384234146354103,1.6018056845518087,0.0020206,0.0020481260610712587,0.0019622999999999997,0.0020232234083603015,0.0020546,0.0021297670432686685,0.00267722,0.0025505587625943133,0.00296531,0.0029358352091289745,0.10632780082987536,10.632780082987546,0.16684901531728658,16.684901531728663,-0.12581967213114753,-12.581967213114753,80.63380281690144,51.64520743919886,35.93476994758299,0.0020336792136365135,0.0022229009180673876,-0.00018922170443087414,-0.0002516720775559632,6.245037312508907e-05,2.9278187119122867,0.0020546,0.00021479008111959113,0.0024841801622391825,0.0016250198377608179,0.41816427746440404,0.5912518860174322,0.00018485714285714286,8.666532717165628,0.00022142857142857142,10.381086330453419,0.00023419047619047616,10.97939410175697,8245032.327500001,1.172330334929181,-203621848.21000004,0.003885397962247601,25.934717938175286,16.85737637923991,60.66667503587341,78.66666666666666,68.18367346938776,-21.333333333333353,True,False,False
1766966400000,0.002133,0.00245,0.002102,0.002225,10722593.35,2025-12-29,0.043131739334270947,0.042227476128989985,0.043131739334270947,0.02956748113257716,0.564885933876687,0.02670485786184507,0.5101955930805284,0.04180024051240855,0.7985924736790024,0.07459901200828581,1.4252121232656965,0.0020796,0.0021070840407141724,0.0020016,0.002059910061385703,0.0020342,0.0021388368507009557,0.00262972,0.0025377636457453788,0.0029585299999999996,0.0029210668822132356,0.15284974093264236,15.284974093264243,0.21451965065502177,21.451965065502176,-0.1549563235852639,-15.495632358526393,93.04347826086952,75.37437603993345,40.65366972477064,0.0020631131807695912,0.0022230564068143185,-0.00015994322604472727,-0.000233326307253716,7.338308120898872e-05,3.2981160093927513,0.0020342,0.0001720965457312367,0.0023783930914624734,0.0016900069085375264,0.338406342997221,0.7771700024385912,0.000206,9.258426966292134,0.00022057142857142856,9.913322632423755,0.0002439523809523809,10.964151952915996,8267875.6504999995,1.2968982364111332,-192899254.86000004,0.003873112630010072,29.17622913492867,95.02671987029656,71.31151512485813,69.17808219178083,73.72602739726028,-30.821917808219172,True,False,False
1767052800000,0.002225,0.002386,0.002201,0.002201,7139095.45,2025-12-30,-0.010786516853932615,-0.010845113073878952,0.010786516853932615,0.028990674570381462,0.5538660599790379,0.027514654501882622,0.5256667361652807,0.037466480458391474,0.7157961041021011,0.07420685172697175,1.4177199116110704,0.0021386,0.0021383893604761148,0.0020315999999999997,0.002085562777497394,0.002024,0.0021447571518326673,0.0025877,0.0025245292969244483,0.00294987,0.0029061213154529205,0.15477439664218262,15.477439664218254,0.15781167806417673,15.78116780641767,-0.08482328482328494,-8.482328482328489,86.92098092643045,72.71268057784911,38.17863397548161,0.002084326537574412,0.0022214225872623406,-0.00013709604968792843,-0.00021408025574055846,7.698420605263003e-05,3.4976922331953673,0.002024,0.00015406355489654412,0.0023321271097930885,0.0017158728902069119,0.3044734286492967,0.7872191286882508,0.00021114285714285717,9.593042123710003,0.0002131428571428571,9.683909911079379,0.00022909523809523815,10.408688691287512,8218871.016500001,0.8686223978533949,-200038350.31000003,0.0038650538204758472,32.46253282608022,111.43664734960439,71.08731613755262,65.8904109589041,71.24505327245053,-34.10958904109591,False,False,True
1767139200000,0.002201,0.002296,0.002065,0.002075,7814178.48,2025-12-31,-0.05724670604270776,-0.05895064886166289,0.05724670604270776,0.0409271166899532,0.7819114664729387,0.03571645639602073,0.6823619413357036,0.03834132045428136,0.7325098987555945,0.07145078395344154,1.3650653107305537,0.0021478,0.002117259573650743,0.0020491,0.0020836422724978677,0.0020127499999999998,0.002138113612346096,0.0025567399999999996,0.0025068648779618423,0.0029414399999999996,0.0028888871630286263,0.022671266633809806,2.2671266633809775,0.09210526315789469,9.210526315789474,-0.09782608695652173,-9.782608695652172,68.01705756929638,62.31086657496563,37.97909407665505,0.002082891685639879,0.002210576398139752,-0.0001276847124998732,-0.0001968011470924214,6.911643459254818e-05,3.3309125104842496,0.0020127499999999998,0.00014046347155790106,0.0022936769431158017,0.0017318230568841976,0.2791473785773714,0.6107939297483831,0.00020242857142857142,9.755593803786574,0.00021678571428571428,10.447504302925989,0.00022780952380952382,10.97877223178428,8328834.347499999,0.9382079357053753,-207852528.79000002,0.00385568574294698,34.50174373708992,61.39198485683234,70.7176573029751,48.63013698630138,61.23287671232877,-51.36986301369861,False,True,False
1767225600000,0.002075,0.002182,0.002066,0.002067,5258452.99,2026-01-01,-0.003855421686747129,-0.0038628729830305526,0.003855421686747129,0.03673522437441202,0.7018254762339524,0.035067457134699116,0.6699628278578561,0.038296808348793475,0.731659496174306,0.06983876800779566,1.334267789332054,0.0021401999999999997,0.0021005063824338283,0.0020599,0.0020806164047709823,0.0020007000000000002,0.002131340886238437,0.00251866,0.002489581603048846,0.0029311099999999994,0.002871860393986524,-0.018052256532066657,-1.8052256532066637,0.05513016845329255,5.513016845329251,-0.10441941074523409,-10.44194107452341,55.367231638418055,67.91604197901049,38.90541344437835,0.0020804468109260395,0.0021999410444286495,-0.00011949423350260998,-0.0001813397643744591,6.184553087184913e-05,2.9920430997508047,0.0020007000000000002,0.0001230610032719861,0.0022468220065439723,0.001754577993456028,0.24603589398107875,0.6346892968470793,0.0002104285714285714,10.180385652083764,0.00020971428571428568,10.145829013753541,0.00022647619047619046,10.956758126569447,8243095.9805000005,0.6379220868517703,-213110981.78000003,0.003849291540902541,37.55192215935815,50.092208754314605,72.45315515014858,43.84164222873898,52.787396724648154,-56.158357771261024,False,False,True
1767312000000,0.002067,0.002315,0.002066,0.002174,11496968.26,2026-01-02,0.051765844218674584,0.05047050799938666,0.051765844218674584,0.044279131332190635,0.8459516162935596,0.03687546298678711,0.7045047311614135,0.037239619043001417,0.7114619228467353,0.06990227469688061,1.3354810829234258,0.0021484,0.0021250042549558856,0.0020845000000000004,0.002097595240267168,0.00200185,0.0021354036595867616,0.00248806,0.002477182645140846,0.00292415,0.0028574162591511495,0.0192217533989687,1.92217533989687,0.1275933609958506,12.75933609958507,0.010692701069270116,1.0692701069270114,58.961038961038966,72.20779220779221,35.6112852664577,0.002094839609245169,0.0021980194747146607,-0.00010317986546949176,-0.00016570778459346563,6.252791912397386e-05,2.87616923293348,0.00200185,0.00012463685143982936,0.002251123702879659,0.0017525762971203412,0.24904333779220106,0.8453031707943708,0.0001967142857142856,9.048495203049017,0.00021199999999999992,9.751609935602572,0.00022523809523809524,10.360537959434003,8273314.3155000005,1.3896448051611558,-201614013.52000004,0.0038361065872727445,41.441659336345026,97.89299058900113,74.06391847605474,59.53079178885633,50.66752366796556,-40.46920821114367,True,False,False
1767398400000,0.002174,0.002174,0.002066,0.002066,7519352.84,2026-01-03,-0.04967801287948481,-0.05095441800157089,0.04967801287948481,0.04353612138322327,0.8317564311501197,0.041813082258139005,0.7988378148866971,0.03871631362588414,0.7396741332397023,0.06962544723845829,1.3301923017562907,0.0021166,0.0021053361699705903,0.0020981,0.0020918506511276827,0.00199965,0.0021287937863485344,0.00246036,0.0024610287839869596,0.00291916,0.002841050389027702,-0.07146067415730328,-7.146067415730331,0.07046632124352326,7.0466321243523335,-0.02085308056872026,-2.085308056872027,42.79569892473121,60.197775030902356,38.50847457627119,0.0020904027462843584,0.0021882402031556196,-9.783745687126123e-05,-0.00015213371904902476,5.429626217776353e-05,2.62808626223444,0.00199965,0.00012300503840768554,0.002245660076815371,0.001753639923184629,0.24605313611419097,0.6348521996718766,0.00019342857142857134,9.362467155303548,0.00019064285714285708,9.227631033052134,0.0002157142857142857,10.441156133314893,8359768.386,0.8994690394284807,-209133366.36000004,0.0038271678189535836,45.29128000181309,46.40107476876973,66.37738565623198,36.9458128078818,46.772748941825704,-63.05418719211819,False,False,False
1767484800000,0.002066,0.002128,0.001969,0.002045,11438795.95,2026-01-04,-0.010164569215876162,-0.01021658120268181,0.010164569215876162,0.043548342673639516,0.8319899185756804,0.04169808593990973,0.7966408133117556,0.03261329614221014,0.6230761479303448,0.06958780163795879,1.3294730835686082,0.0020854000000000003,0.002085224113313727,0.002112,0.0020833323509226493,0.0020059,0.002120813424764473,0.0024339,0.0024446856904738554,0.00291831,0.002824603116902663,-0.0708768741481145,-7.087687414811445,0.07292759706190988,7.292759706190976,0.06510416666666652,6.510416666666662,27.157360406091414,58.74547647768395,40.833932422717474,0.0020834177083944366,0.002177629766290148,-9.421205789571143e-05,-0.0001405493868183621,4.633732892265067e-05,2.2658840548973433,0.0020059,0.00012191580356084578,0.0022497316071216915,0.0017620683928783085,0.2431144195839189,0.5801782846398701,0.00019942857142857137,9.752008382815227,0.00019214285714285712,9.395738735592035,0.00021409523809523805,10.469204796833157,8291640.816999999,1.379557581238628,-220572162.31000003,0.003813319753692929,48.27587981736722,9.103596349973289,63.045883573143534,26.363636363636356,40.946746986791496,-73.63636363636364,False,True,False
1767571200000,0.002045,0.002108,0.002044,0.002075,8476790.91,2026-01-05,0.014669926650366705,0.01456336418789651,0.014669926650366705,0.037011815712201725,0.7071097463227356,0.03686772704367465,0.7043569361757703,0.032683189127262584,0.6244114515348606,0.06961633309544922,1.3300181762985934,0.0020854000000000003,0.0020818160755424844,0.0021166,0.002081817378027622,0.00201375,0.0021164502409690726,0.00240968,0.00243016410455512,0.0029159600000000004,0.002809128790456695,0.0,0.0,0.022671266633809806,2.2671266633809775,0.08185610010427524,8.18561001042753,34.25000000000004,57.25000000000001,41.75513092710545,0.002082122676333751,0.0021700275272494244,-8.790485091567319e-05,-0.00013002047963782434,4.211562872215115e-05,2.0296688540795733,0.00201375,0.00012100929716344945,0.002255768594326899,0.001771731405673101,0.24036607754378547,0.6265398639520825,0.00015885714285714288,7.655765920826163,0.00018242857142857145,8.791738382099828,0.00020000000000000004,9.638554216867472,8253731.331499999,1.0270253015928328,-212095371.40000004,0.0038033582053132657,51.89671536663554,23.768423848094468,63.44333250538888,31.818181818181827,31.709210329899992,-68.18181818181817,False,False,True
1767657600000,0.002075,0.002096,0.002046,0.002047,8872296.12,2026-01-06,-0.013493975903614341,-0.013585847003509026,0.013493975903614341,0.037545625642951205,0.717308170730009,0.035030020030087164,0.6692475929785122,0.03273814929762855,0.6254614641153706,0.06828109617634315,1.3045085107774128,0.0020814,0.002070210717028323,0.0021108000000000003,0.0020754869456589635,0.0020213,0.0021098359316408318,0.00239156,0.002415114055867382,0.0029160499999999995,0.0027934091182346523,-0.00967585873246235,-0.9675858732462322,-0.027553444180522524,-2.7553444180522515,0.07964135021097074,7.9641350210970625,45.36423841059607,57.465495608531995,45.95015576323988,0.002076719187667009,0.002160914339199684,-8.419515153267488e-05,-0.00012085541401679445,3.666026248411957e-05,1.7909263548666128,0.0020213,0.0001179478475294659,0.002257195695058932,0.0017854043049410685,0.23340987983865005,0.5544732280798503,0.00013957142857142857,6.818340428501639,0.00017535714285714287,8.566543373578059,0.00018861904761904763,9.214413659943704,8292981.694499999,1.0698559874893017,-220967667.52000004,0.0037929779295239672,53.41582491321371,11.467889908256724,62.240763616952115,26.727272727272773,28.303030303030322,-73.27272727272724,False,False,True
1767744000000,0.002047,0.002091,0.001922,0.001976,16372427.1,2026-01-07,-0.03468490473864205,-0.03530070735347655,0.03468490473864205,0.02464070982830956,0.47076010027154724,0.03594007392722588,0.6866341482707355,0.03266283936442472,0.6240226698617348,0.06840280963158621,1.3068338430748123,0.0020418,0.0020388071446855484,0.0020951,0.0020573984100846062,0.0020287,0.002097089651278323,0.0023720000000000004,0.00239786746666206,0.00291644,0.002776563115220795,-0.09107635694572225,-9.10763569457223,-0.07360525082044067,-7.360525082044071,0.08096280087527341,8.096280087527347,37.5342465753425,52.655889145496516,44.90106544901065,0.002061223928025903,0.002147216928018663,-8.599299999276005e-05,-0.00011388293121198757,2.788993121922752e-05,1.411433766155239,0.0020287,0.00010952389789684421,0.0022477477957936884,0.0018096522042063117,0.21594892866731238,0.37970661880196227,0.0001307142857142857,6.615095430884904,0.00016657142857142855,8.429728166570271,0.00018809523809523807,9.518989782147676,8658408.5555,1.8909279915649042,-237340094.62000003,0.003773418529307465,54.363631865693556,-46.085475440004714,52.09578764323013,13.818181818181802,24.121212121212135,-86.1818181818182,False,True,False
1767830400000,0.001976,0.002095,0.00195,0.001951,8531625.01,2026-01-08,-0.012651821862348145,-0.012732537684701879,0.012651821862348145,0.017530080680579516,0.33491172115004264,0.03132082941874088,0.5983836058494754,0.0328836688097754,0.6282416104913087,0.06836193979451209,1.3060530259338634,0.0020188000000000003,0.002009538096457032,0.0020677,0.0020380532446146776,0.00203465,0.002083176350012325,0.0023533399999999998,0.002380317411788712,0.0029181999999999997,0.0027595627862853143,-0.055663117134559625,-5.566311713455957,-0.12314606741573031,-12.31460674157303,0.06495633187772931,6.495633187772924,10.600706713780937,52.59515570934257,51.348999129677985,0.0020442664006372776,0.0021326822889577417,-8.841588832046417e-05,-0.00010878952263368289,2.037363431321872e-05,1.0442662385042911,0.00203465,0.00010119094769162353,0.0022370318953832467,0.0018322681046167527,0.1989353406072268,0.29333625707577954,0.00013485714285714292,6.91220619462547,0.00017264285714285713,8.848941934539063,0.00018476190476190475,9.47011300676088,8784114.4415,0.9712561313742533,-245871719.63000003,0.0037634071733016554,55.770879518697164,-54.056362083689564,56.81200811675155,9.272727272727282,16.60606060606062,-90.7272727272727,True,False,False
1767916800000,0.001951,0.002007,0.001833,0.00188,7731653.08,2026-01-09,-0.03639159405433112,-0.03707028479911633,0.03639159405433112,0.020747136604183727,0.3963734882715051,0.03218952964570669,0.6149801003823765,0.03302274013182295,0.6308985643683754,0.06801331703037082,1.2993925973769094,0.0019858000000000002,0.0019663587309713547,0.0020356000000000003,0.0020093162910483726,0.0020336,0.0020638262199998963,0.00233688,0.0023606693260143858,0.00291946,0.0027414647794141394,-0.0806845965770171,-8.06845965770171,-0.1458427987278509,-14.584279872785094,-0.01104681746449232,-1.1046817464492356,12.19512195121952,40.858895705521476,48.44006568144499,0.002018994646693049,0.0021139650206026934,-9.497037390964434e-05,-0.00010602569288887517,1.1055318979230828e-05,0.5880488818739802,0.0020336,0.00010274772375500176,0.0022390954475100034,0.0018281045524899966,0.20210016474233225,0.12626909291379104,0.00012414285714285725,6.603343465045598,0.00016042857142857143,8.533434650455927,0.0001827142857142857,9.71884498480243,8575701.9905,0.9015766975770589,-253603372.71000004,0.00375396368180963,54.906964938245665,-127.48197448696634,50.12256787151613,7.61750405186385,10.236137714257644,-92.38249594813614,False,True,False
1768003200000,0.00188,0.001902,0.001669,0.001781,7165461.28,2026-01-10,-0.05265957446808511,-0.054096772534333246,0.05265957446808511,0.016953336303773974,0.3238930353026043,0.03154967133192955,0.602755624462156,0.03505804628472553,0.6697830338215611,0.06815394336283011,1.3020792596861785,0.001927,0.0019045724873142367,0.0020062,0.0019678042381304863,0.0020276499999999998,0.002036890387710327,0.00232068,0.002337906256675247,0.0029189999999999997,0.002721717409437099,-0.1416867469879518,-14.168674698795181,-0.1416867469879518,-14.168674698795181,-0.06263157894736837,-6.26315789473684,9.25925925925928,30.668257756563264,45.55984555984556,0.00198238008566331,0.0020893008696415178,-0.0001069207839782078,-0.00010620471110674169,-7.160728714661156e-07,-0.040206225236727434,0.0020276499999999998,0.00011374823306894854,0.002255146466137897,0.0018001535338621026,0.22439421610031038,-0.04209633271949959,0.00014200000000000014,7.973048848961266,0.00016771428571428574,9.416860511751024,0.00017442857142857142,9.793855779257237,8639270.1425,0.8294058597323228,-260768833.99000004,0.0037447216148142203,53.68976464261165,-207.45696671409002,45.31115084016363,14.340588988476327,10.410273437689154,-85.65941101152367,False,True,False
1768089600000,0.001781,0.00208,0.001726,0.00204,12977576.98,2026-01-11,0.14542391914654695,0.1357748035486005,0.14542391914654695,0.08153569222747221,1.5577372127736344,0.0598668621402784,1.1437547952340708,0.047841498708840094,0.914010549462314,0.07136695493307729,1.3634637595452466,0.0019256,0.0019497149915428246,0.0020035,0.0019809307402885797,0.0020317,0.0020371865412797635,0.0023088600000000003,0.0023262083824674797,0.0029208899999999998,0.0027077117672031103,-0.0034196384953590897,-0.3419638495359092,-0.013062409288824184,-1.3062409288824228,0.04134762633996947,4.134762633996955,46.8354430379747,45.65014031805427,57.133243606998654,0.001991244687868963,0.002085648943039913,-9.44042551709501e-05,-0.00010384461991958338,9.440364748633279e-06,0.4627629778741803,0.0020317,0.0001126116288282896,0.0022569232576565793,0.0018064767423434207,0.22170916735401813,0.5184261609710308,0.0001698571428571429,8.326330532212886,0.00018464285714285715,9.05112044817927,0.00018471428571428572,9.054621848739496,8911666.906,1.4562457413284295,-247791257.01000005,0.0037295892986732217,51.339766159566146,-77.5234554456062,46.28444582229354,47.503201024327815,23.153764688222665,-52.496798975672185,True,False,False
1768176000000,0.00204,0.003002,0.001932,0.003001,30299389.46,2026-01-12,0.4710784313725489,0.38599575860210494,0.4710784313725489,0.22040688284558563,4.2108675842495105,0.16115216605008728,3.0788078094063844,0.11477809867171541,2.1928324961481493,0.09780451683508505,1.8685526704834194,0.0021306,0.002300143327695216,0.0020862,0.0021663978784179296,0.00208535,0.0021289783043117487,0.0023175400000000003,0.0023527040418779913,0.0029234699999999996,0.0027137327982489127,0.5187246963562755,51.87246963562755,0.38040478380864773,38.04047838086477,0.5565352697095436,55.65352697095437,82.09959623149393,70.02063983488132,73.92550143266476,0.0021465916589661644,0.0021534529026553304,-6.8612436891660016e-06,-8.444794467349989e-05,7.758670098433389e-05,2.585361578951479,0.00208535,0.0002419404613579492,0.0025692309227158985,0.0016014690772841018,0.46407645979418166,1.446152200897582,0.0003135714285714286,10.44889798638549,0.00023621428571428573,7.871185795211121,0.00022614285714285713,7.535583376969581,10080454.822,3.0057561880911727,-217491867.55000004,0.003708665944569694,48.00942602351173,329.1416342718026,55.472387494940676,99.92498124531136,53.92292375270517,-0.07501875468864959,True,False,False
1768262400000,0.003001,0.0035,0.002399,0.003206,46065571.32,2026-01-13,0.06831056314561801,0.06607848772913104,0.06831056314561801,0.21262661246161657,4.062225727273092,0.15797020729817293,3.018016572808559,0.1149499363181827,2.1961154497742834,0.09735707148286556,1.8600042390321923,0.0023816,0.0026020955517968105,0.0022002000000000002,0.0023554164459783063,0.00214915,0.0022315518042536476,0.00232536,0.002386207014877085,0.0029296500000000002,0.002723831401957676,0.6432598667350078,64.32598667350076,0.5517909002904162,55.179090029041625,0.661139896373057,66.11398963730569,87.96296296296298,73.71401604530439,75.30050407134547,0.00230957755758686,0.002231419543421974,7.815801416488589e-05,-5.1926752905822734e-05,0.00013008476707070864,4.0575410814319595,0.00214915,0.0003450768449887075,0.002839303689977415,0.0014589963100225848,0.6422573482329434,1.2656627902942785,0.00046371428571428567,14.463951519472415,0.00030164285714285715,9.408697977007396,0.00027147619047619047,8.46775391379259,11951098.067,3.8545053401577114,-171426296.23000005,0.003689470479599503,45.69920990166476,350.3492955547743,67.69242893379335,83.94320043691972,77.12379423551964,-16.056799563080283,True,False,False
1768348800000,0.003206,0.0033,0.002777,0.003062,13351047.65,2026-01-14,-0.04491578290704934,-0.04595575695186926,0.04491578290704934,0.21421379894602707,4.092548882480751,0.15990755519233207,3.0550295523562263,0.11581879952103676,2.2127150579571575,0.09758440852898856,1.864347507199952,0.002618,0.002755397034531207,0.0023019,0.00248388618307316,0.00220695,0.0023106421121784114,0.0023311399999999998,0.0024127394300012418,0.0029211000000000003,0.0027307638142401694,0.6287234042553191,62.872340425531924,0.49731051344743293,49.731051344743285,0.6065057712486885,60.650577124868846,81.943645773433,73.09312119794103,71.34459955914768,0.002425334856419714,0.002292944159863529,0.00013239069655618515,-1.5063263013421146e-05,0.0001474539595696063,4.815609391561277,0.00220695,0.00039535719692183023,0.0029976643938436605,0.0014162356061563396,0.7165675650501012,1.0406819495491946,0.0005142857142857143,16.795745077913597,0.00032250000000000003,10.532331809274984,0.0002824761904761905,9.225218500202173,12383326.141,1.078147138981987,-184777343.88000005,0.0036842027351625937,45.29204909994358,249.26519828079515,72.85338310511383,76.0786455488804,86.64894241037048,-23.921354451119605,False,False,True
1768435200000,0.003062,0.00329,0.002655,0.002988,15972006.93,2026-01-15,-0.024167210973220055,-0.024464029964921075,0.024167210973220055,0.20886966786638725,3.9904494015629925,0.16133882789842183,3.0823739790115265,0.11609083090875426,2.217912210322134,0.09722220804843805,1.857427676735228,0.0028594000000000002,0.002832931356354138,0.0023932,0.002575543240696222,0.0022549000000000002,0.0023751523898421,0.00233152,0.002435323799148149,0.0029153,0.002736033444974475,0.6777091521617069,67.7709152161707,0.44000000000000017,44.00000000000001,0.4726466239526861,47.264662395268616,81.80252583237659,70.90331366318657,68.79795396419438,0.002511898724662875,0.002344429884716632,0.00016746883994624324,2.1443157578511743e-05,0.0001460256823677315,4.887071029709889,0.0022549000000000002,0.0004293341110922362,0.003113568222184473,0.0013962317778155279,0.7616020419393076,0.9268819906569827,0.0005842857142857143,19.554408108624973,0.0003595714285714286,12.033849684452095,0.00030985714285714286,10.370051635111874,12651208.708,1.262488612641422,-200749350.81000006,0.0036773468298917505,43.105638373661144,176.44013254317198,67.650719194821,72.03713817586019,77.35299472055344,-27.962861824139807,False,True,False
1768521600000,0.002988,0.003281,0.002801,0.002887,11235072.26,2026-01-16,-0.033801874163320034,-0.03438636658977292,0.033801874163320034,0.21921342305682154,4.188066567000277,0.1623039924485161,3.100813421850097,0.11677092648770881,2.2309054181141863,0.09734076069988458,1.859692621960885,0.0030288,0.0028509542375694252,0.0024771999999999997,0.002632171742387818,0.002294,0.0024238997830858975,0.00233066,0.002453055548842763,0.00290647,0.00273912396873999,0.4151960784313724,41.51960784313724,0.4103566194430872,41.03566194430872,0.37149643705463165,37.14964370546317,81.70871559633026,66.22667273554846,67.08229426433914,0.0025696066131763017,0.002384620341012217,0.00018498627216408494,5.41517804956264e-05,0.00013083449166845852,4.531849382350487,0.002294,0.0004500720410170524,0.0031941440820341047,0.0013938559179658952,0.7847812397856188,0.829391711746838,0.000628,21.752684447523382,0.00037607142857142863,13.02637438764907,0.0003162857142857143,10.955514869612552,12905312.8465,0.870577288100925,-211984423.07000005,0.003672684757021896,40.595656453074525,143.71385626576318,68.1780930757753,66.52102676133259,71.54560349535774,-33.47897323866741,False,False,True
1768608000000,0.002887,0.003097,0.002825,0.002865,10071127.26,2026-01-17,-0.00762036716314507,-0.007649550514095091,0.00762036716314507,0.0450343571627088,0.860380185526331,0.16105671344564004,3.0769841899589796,0.11693861918096352,2.234109182520384,0.0854348070903671,1.6322296976337025,0.0030016,0.0028556361583796167,0.0025661,0.00267450415286276,0.0023306,0.0024659093289575245,0.0023102,0.002469226844374439,0.00290313,0.0027416991255427214,-0.045318227257580945,-4.53182272575809,0.4498987854251013,44.98987854251013,0.3431786216596344,34.31786216596343,77.37226277372262,68.92468024632875,66.53696498054474,0.0026150517496107317,0.0024202040828961214,0.00019484766671461033,8.229095773942321e-05,0.00011255670897518712,3.9286809415423085,0.0023306,0.00046577952769636066,0.0032621590553927214,0.0013990409446072785,0.799415648667915,0.7868309834499492,0.0006335714285714285,22.11418598853154,0.0003877857142857143,13.535277985539768,0.000323,11.273996509598604,12925574.134,0.7791628561789347,-222055550.33000004,0.0036681926261509495,38.334120238568694,109.63853234327622,66.42706468383406,65.31949754232659,67.95922082650645,-34.680502457673406,False,False,True
1768694400000,0.002865,0.002865,0.00237,0.00237,17447148.42,2026-01-18,-0.17277486910994755,-0.18967839501966297,0.17277486910994755,0.06633956253371116,1.2674155626174564,0.17502873187828752,3.3439192273089273,0.12442780661447872,2.377189907536815,0.08782571210833014,1.677907873864766,0.0028344,0.0026937574389197445,0.002608,0.0026191397614331673,0.00233785,0.0024567751068759205,0.0022871999999999997,0.002465331751435364,0.00289888,0.002734099933570246,-0.2607610729881472,-26.076107298814723,0.21476166068682723,21.47616606868273,0.06516853932584277,6.516853932584277,19.692603266090288,56.2862669245648,57.03456640388114,0.0025773514804398392,0.002416485255801872,0.00016086622463796704,9.8006011119132e-05,6.286021351883504e-05,2.652329684339031,0.00233785,0.00046517741663515926,0.0032682048332703184,0.0014074951667296812,0.7959063526490738,0.5172783538335524,0.0006537142857142856,27.582881253767322,0.0004117857142857143,17.374924653405664,0.000341,14.388185654008437,13261801.8875,1.315594107648745,-239502698.75000006,0.003656457367653418,35.63893621604832,34.53650460985729,63.931675154914366,38.285090114691435,56.708538139450205,-61.714909885308565,False,True,False
1768780800000,0.00237,0.00285,0.00237,0.002647,13507072.39,2026-01-19,0.11687763713080157,0.11053696809792429,0.11687763713080157,0.1028888056893266,1.965687872655331,0.17515822589786478,3.3463932070792146,0.12659785832606812,2.4186486872741013,0.08791207539630279,1.6795578421647488,0.0027514,0.002678171625946496,0.0026847,0.0026242052593544096,0.0023601499999999997,0.002474891763859432,0.00227806,0.002472462758211909,0.00289833,0.0027323203648654763,-0.13553233180927493,-13.5532331809275,0.40797872340425534,40.79787234042554,0.202635165833712,20.263516583371207,24.887690925426767,60.09887005649718,58.951332560834295,0.0025880666372952517,0.002433560448138268,0.00015450618915698391,0.0001093060467267024,4.520014243028152e-05,1.7075988828969217,0.0023601499999999997,0.0004689467790474091,0.003298043558094818,0.0014222564419051815,0.7947745339023522,0.6529224705320988,0.0005694285714285714,21.512224081170057,0.0004415,16.67925953910087,0.0003472857142857143,13.119974094662421,13580200.7345,0.9946150763210576,-225995626.36000007,0.0036482324727373965,33.24257187941366,45.08781465502606,65.05610897467514,53.41343528126708,52.339340979428364,-46.58656471873293,False,False,False
1768867200000,0.002647,0.00266,0.002361,0.002399,11006378.76,2026-01-20,-0.09369097091046463,-0.09837493938740664,0.09369097091046463,0.10746298690725307,2.053077482119314,0.17819537602472643,3.4044178787799657,0.12795808562472172,2.444635793326159,0.08776534763952974,1.676754612307639,0.0026336000000000003,0.002585114417297664,0.0027465000000000002,0.0025832588485626986,0.00237635,0.002467663976646342,0.00227018,0.0024695792387572006,0.00289547,0.0027255144652170104,-0.19712182061579653,-19.712182061579657,0.3469960696238068,34.699606962380685,0.15614457831325312,15.614457831325304,22.76088742810188,55.76671035386632,54.056291390728475,0.0025589794623267453,0.0024310004113196684,0.0001279790510070769,0.00011304064758277731,1.493840342429958e-05,0.622692931400566,0.00237635,0.00046414950801381425,0.0033046490160276287,0.0014480509839723717,0.7812813903908333,0.5121997328495099,0.00045485714285714286,18.96028106949324,0.00045928571428571427,19.14488179598642,0.00035271428571428574,14.70255463586018,13739810.7485,0.8010575226592248,-237002005.12000006,0.003640667001848608,30.8154669700159,17.12986940721748,64.05690499345931,39.86892408519935,43.85581649371929,-60.13107591480065,False,True,False
1768953600000,0.002399,0.002561,0.002131,0.002289,12955215.88,2026-01-21,-0.04585243851604848,-0.046936942887128005,0.04585243851604848,0.1074747609450207,2.0533024247950205,0.17617092475150994,3.3657407915119957,0.12860737680075443,2.4570404838267312,0.08742388447601793,1.670230967728651,0.0025139999999999997,0.0024864096115317764,0.0027714000000000003,0.0025297572397331167,0.00238745,0.0024506483594419156,0.0022562199999999998,0.0024624914960503144,0.0028912300000000003,0.002716606989094341,-0.20713543470730866,-20.713543470730862,0.12205882352941155,12.205882352941158,0.10740203193033371,10.740203193033382,22.106943335993606,55.063086379812354,52.10469508904479,0.002517444160430316,0.002420481848549021,9.696231188129501e-05,0.00010982498044248085,-1.2862668561185837e-05,-0.5619339694707662,0.00238745,0.00045898795707167983,0.00330542591414336,0.0014694740858566405,0.769001163704672,0.446376588708282,0.0004415714285714286,19.291019159957564,0.0004779285714285715,20.879360918679403,0.0003621904761904762,15.823087644843872,14124648.893000001,0.9172062242496125,-249957221.00000006,0.0036307850761392218,29.757760902120875,-10.083482330476484,64.3381085269325,33.8612779901693,42.38121245221191,-66.1387220098307,False,True,False
1769040000000,0.002289,0.002465,0.002201,0.002334,10129169.91,2026-01-22,0.019659239842726217,0.01946849289393473,0.019659239842726217,0.11022550418274378,2.105855300561775,0.08061951915530507,1.5402337508066428,0.12828194553791397,2.450823128280007,0.08640994141792839,1.6508596128033366,0.0024078000000000003,0.002435606407687851,0.0027047,0.0024941650143270955,0.00239545,0.0024395389916509777,0.0022489,0.002457448372692943,0.00288815,0.0027088042565546087,-0.18534031413612562,-18.53403141361256,-0.22225924691769405,-22.22592469176941,0.07359705611775524,7.359705611775527,26.90058479532165,56.15557698489232,51.4894779994534,0.002489221981902571,0.0024140757779205677,7.514620398200349e-05,0.00010288922515038537,-2.7743021168381875e-05,-1.1886470080712028,0.00239545,0.00045645919573211925,0.0033083683914642385,0.0014825316085357613,0.7622103500087571,0.4663441986849232,0.0003885714285714286,16.648304566042356,0.0004864285714285714,20.84098420859346,0.0003692380952380953,15.819969804545641,14056258.975499999,0.7206163409236485,-239828051.09000006,0.003623198778044298,28.656253107414546,-10.457843680874813,64.73958400140558,36.318951392681605,36.68305115601675,-63.68104860731839,False,False,True
1769126400000,0.002334,0.00255,0.002222,0.002538,18510000.72,2026-01-23,0.08740359897172234,0.08379283542783166,0.08740359897172234,0.08823566181865275,1.6857399520833911,0.08317620418946851,1.5890791498000902,0.12857755915596455,2.4564708185228925,0.08715424902323349,1.6650795896362987,0.0024414,0.002469737605125234,0.0026379,0.002502135011722169,0.00241905,0.002448916230713223,0.00224734,0.0024606098144805697,0.0028886899999999997,0.0027053230030383785,0.07088607594936702,7.088607594936698,-0.20835932626325648,-20.835932626325647,0.22846079380445294,22.846079380445293,38.14358230601885,60.14180024660912,54.38916384475124,0.0024967262923790996,0.0024232553602396754,7.34709321394242e-05,9.700556654819314e-05,-2.3534634408768935e-05,-0.9272905598411716,0.00241905,0.0004506947239656999,0.0033204394479313996,0.0015176605520686001,0.7452425108463238,0.5659814690936191,0.00036685714285714284,14.454576156703816,0.0004974285714285715,19.59923449285152,0.00037300000000000007,14.696611505122148,14605791.3695,1.2673055674787208,-221318050.37000006,0.0036106548088190725,30.324490256475865,5.2031317428026,68.87667373236226,47.4604041507373,39.21354451119607,-52.539595849262696,True,False,False
1769212800000,0.002538,0.00255,0.001959,0.00222,13316075.04,2026-01-24,-0.12529550827423153,-0.13386917340800766,0.12529550827423153,0.08606193286286333,1.6442109186943072,0.08950651280659225,1.7100195261168163,0.13238009425839073,2.529118149650002,0.08893984947725188,1.6991934384107714,0.002356,0.0023864917367501562,0.0025537,0.0024508377368635927,0.0024278,0.0024271146845694946,0.00224072,0.0024511668047510525,0.0028874699999999996,0.0026954371030633406,-0.16131469588213065,-16.131469588213065,-0.2749836708033965,-27.49836708033964,0.08557457212713948,8.557457212713949,43.76039933444259,56.33843488304938,51.798561151079134,0.0024541530166284644,0.002408199391966996,4.595362466146844e-05,8.67951781708482e-05,-4.084155350937977e-05,-1.839709617539629,0.0024278,0.000444709556310269,0.003317219112620538,0.0015383808873794618,0.7326955372110867,0.3831821820267901,0.0004124285714285715,18.577863577863578,0.0005230000000000001,23.558558558558563,0.00039600000000000003,17.83783783783784,14699655.323999997,0.9058766853028833,-234634125.41000006,0.003600331681868946,30.621349850705407,-33.328580707507584,67.01527435052223,27.84667418263811,37.208676575352335,-72.15332581736189,False,True,False
1769299200000,0.00222,0.0025,0.00195,0.002002,24767165.63,2026-01-25,-0.0981981981981983,-0.10336051499115935,0.0981981981981983,0.08689504757577854,1.6601275529358692,0.09218260636060606,1.7611462216788172,0.13461452120840053,2.571806816590415,0.0899709054570835,1.7188917352469066,0.0022766,0.002258327824500104,0.0024551,0.0023692308756156667,0.00242415,0.0023866275711459284,0.00222864,0.0024335392724165483,0.00287814,0.002681319989474295,-0.16548561900792003,-16.548561900792006,-0.32998661311914335,-32.99866131191433,-0.035180722891566374,-3.518072289156634,21.78477690288713,49.444769140853296,49.23367130393775,0.002384591014070233,0.0023781105191354834,6.4804949347495484e-06,7.073224152362848e-05,-6.425174658887893e-05,-3.2093779514924545,0.00242415,0.00044804467293715314,0.003320239345874306,0.0015280606541256936,0.7393018962310965,0.26444871153550426,0.00042028571428571446,20.99329242186386,0.000537,26.823176823176826,0.00041461904761904767,20.71024213881357,15514174.060000002,1.5964217968816572,-259401291.04000005,0.003580261659144075,31.532915602427856,-52.152190622598035,60.34448265445968,4.464285714285712,26.59045468255371,-95.53571428571429,False,True,False
1769385600000,0.002002,0.00225,0.001978,0.002226,8749708.93,2026-01-26,0.1118881118881121,0.10605957196032444,0.1118881118881121,0.10710105928907028,2.0461628646828056,0.1032939678961381,1.9734284857478035,0.13658232847675222,2.6094017216649443,0.09116175080890308,1.7416428037484488,0.002264,0.0022475518830000693,0.002389,0.002343188898231,0.0024330999999999997,0.0023713297070196144,0.00222338,0.002425394640818134,0.0028689799999999997,0.0026720556584175856,-0.02752293577981635,-2.752293577981638,-0.2289573952199514,-22.895739521995143,0.08744504152418164,8.744504152418168,42.26988382484361,35.5679702048417,50.596603946764574,0.0023601923965209646,0.0023668430632245202,-6.650666703555616e-06,5.525565987819165e-05,-6.190632658174727e-05,-2.7810568994495624,0.0024330999999999997,0.00044185945610268493,0.0033168189122053694,0.00154938108779463,0.7264139675355471,0.38282473242358817,0.0003905714285714286,17.54588627903992,0.00048000000000000007,21.563342318059302,0.0004245238095238096,19.071150472767727,15508044.7005,0.5642045208779864,-250651582.11000004,0.003573306789522017,31.409684004582253,-53.55457155369568,56.2839489058184,17.80645161290324,16.70580383660902,-82.19354838709675,False,False,True
1769472000000,0.002226,0.002498,0.00219,0.00221,8176879.5,2026-01-27,-0.007187780772686447,-0.007213737323691654,0.007187780772686447,0.10648332005330635,2.0343609731546732,0.10330017265221905,1.9735470274462847,0.13622668355669498,2.602607135007588,0.09111999581231692,1.740845075658767,0.0022392,0.002235034588666713,0.0023235,0.0023189727349162727,0.0024448,0.0023559649728290477,0.00221878,0.002416941972354709,0.00286459,0.0026626593974746968,-0.05312767780634098,-5.312767780634103,-0.2286212914485165,-22.86212914485165,0.11842105263157898,11.84210526315791,46.14634146341465,30.04807692307692,51.68776371308017,0.002337085873979276,0.0023552250489470303,-1.8139174967754176e-05,4.0576692909002486e-05,-5.871586787675666e-05,-2.6568266007582197,0.0024448,0.00043210934288732803,0.003309018685774656,0.0015805813142253438,0.7069851814256022,0.36415475396164737,0.00039185714285714296,17.731092436974794,0.00042335714285714286,19.156431803490626,0.00043680952380952383,19.765136823960354,15098267.320499998,0.5415773430437058,-258828461.61000004,0.0035675383015732623,31.90276933322524,-28.934820402810143,45.21317450847122,19.259259259259277,13.843332195482743,-80.74074074074072,True,False,False
1769558400000,0.00221,0.0026,0.002192,0.002528,36207998.66,2026-01-28,0.14389140271493206,0.13443596075494949,0.14389140271493206,0.1209247884815313,2.3102648400769175,0.09999165717868375,1.910337928076833,0.13912521306674194,2.657983463542656,0.09269169836996988,1.770872410861087,0.0022372,0.0023326897257778087,0.0023393,0.002356977692204223,0.00247365,0.0023723492613130994,0.00221668,0.0024213000720782504,0.00286294,0.0026599224549359738,-0.003940110323089052,-0.3940110323089057,0.06666666666666665,6.666666666666654,0.2957457713992824,29.57457713992823,57.47303543913713,39.99999999999999,55.29257067718606,0.002366457277982466,0.002368023203255357,-1.5659252728911048e-06,3.214816927262377e-05,-3.371409454551487e-05,-1.3336271576548606,0.00247365,0.00041638093325576216,0.0033064118665115244,0.0016408881334884756,0.6733061399240187,0.5326323779856025,0.00038871428571428575,15.376356238698014,0.00041514285714285714,16.421790235081378,0.0004481904761904762,17.729053646775167,16482086.003,2.1968092299366457,-222620462.95000005,0.003545375314423956,31.02830080445232,-5.129814612396013,50.183608636486596,43.134328358208954,26.73334641012382,-56.865671641791046,True,False,False
1769644800000,0.002528,0.002528,0.00212,0.002162,21095790.72,2026-01-29,-0.14477848101265822,-0.15639475706759445,0.14477848101265822,0.1263652824905073,2.4142053321746646,0.1033704395091438,1.9748894738628915,0.1435239613873575,2.7420214322095817,0.09419132949496825,1.7995228232758904,0.0022256,0.002275793150518539,0.0022908,0.002321527202712546,0.00248775,0.0023523159981294972,0.0022118199999999998,0.0024111249747703913,0.0028568299999999994,0.002649807506550386,-0.026126126126126303,-2.6126126126126272,-0.18322629391764267,-18.322629391764266,0.1499999999999999,14.999999999999996,37.12328767123287,36.05671843349088,50.88793631353338,0.002335002312139008,0.0023527622144317675,-1.775990229275961e-05,2.216655495954709e-05,-3.99264572523067e-05,-1.8467371532056756,0.00248775,0.00039965891707804057,0.0032870678341560813,0.0016884321658439188,0.6426030221333183,0.29623249596080475,0.00040928571428571435,18.930884102021942,0.0003989285714285714,18.451830315845115,0.0004607142857142857,21.309633936830977,17150292.884999998,1.230054253968503,-243716253.67000005,0.0035309348576871894,30.58834625651422,-48.28759838332269,50.15229307533814,15.927873779113444,26.107153798860562,-84.07212622088656,False,True,False
1769731200000,0.002162,0.002316,0.00207,0.002295,19612710.63,2026-01-30,0.06151711378353397,0.05969912429549214,0.06151711378353397,0.11462295513779386,2.1898684830943744,0.10192031550284765,1.9471848936228429,0.1429321638922854,2.730715156941468,0.0943311008860374,1.802193151952835,0.0022841999999999997,0.002282195433679026,0.0022803999999999997,0.0023167040749466285,0.00251345,0.0023468573315913216,0.00221172,0.0024065682716412546,0.0028538200000000004,0.0026426035295829004,0.14635364635364656,14.63536463536465,-0.04335139641517294,-4.335139641517296,0.28860190903986527,28.86019090398653,52.94117647058823,40.11356045424182,52.478017585931255,0.002328848110271468,0.0023484835290763775,-1.963541880490964e-05,1.3806160206655745e-05,-3.3441579011565386e-05,-1.4571494122686441,0.00251345,0.000367012472898606,0.003247474945797212,0.001779425054202788,0.5840776190472952,0.3511971553209646,0.00039757142857142855,17.323373793962027,0.00038221428571428575,16.65421724245254,0.0004641428571428571,20.224089635854337,17772655.3525,1.1035329409705323,-224103543.04000005,0.0035173519447802377,30.512674317252014,-67.20769243210901,42.94070731105563,30.078465562336554,29.713555899886316,-69.92153443766344,False,True,False
1769817600000,0.002295,0.002295,0.002106,0.002162,13495207.91,2026-01-31,-0.05795206971677569,-0.05969912429549204,0.05795206971677569,0.11051689748459323,2.1114223617768504,0.10259872547960484,1.9601458980301314,0.14086283861147664,2.6911807529622127,0.09473512660689447,1.8099120525116346,0.0022714000000000002,0.0022421302891193506,0.0022677,0.0022885760613199687,0.0025195499999999997,0.0023292518712948805,0.0022088000000000003,0.00239697172870965,0.0028484200000000004,0.002632850297810354,-0.0287511230907459,-2.8751123090745843,-0.055482743556138026,-5.548274355613803,0.05980392156862724,5.980392156862731,56.72268907563025,38.67954911433173,51.835767864192654,0.0023031791702297025,0.002334669925945261,-3.149075571555861e-05,4.746777022212871e-06,-3.6237532737771485e-05,-1.676111597491743,0.0025195499999999997,0.0003596696547198664,0.0032388893094397325,0.001800210690560267,0.571006179230206,0.25147333441398984,0.00034014285714285716,15.732787101889786,0.0003762857142857143,17.40451962468614,0.00046204761904761914,21.37130522884455,17798536.899,0.758220070929438,-237598750.95000005,0.0035078890054286906,30.437002377989806,-82.52061130102555,42.93872954813365,23.16939890710382,23.058579416184603,-76.83060109289617,False,False,True
1769904000000,0.002162,0.002163,0.002047,0.002056,13206286.95,2026-02-01,-0.04902867715078618,-0.05027137162409773,0.04902867715078618,0.11267483692727791,2.152649736941629,0.1033653973168602,1.9747931429145724,0.09050690902931614,1.7291320691158705,0.09448382284092441,1.805110900804115,0.0022406,0.0021800868594129,0.0022399,0.002246289504716338,0.0024722999999999998,0.0023032278833587396,0.0022069000000000004,0.0023835927467053975,0.00284006,0.0026211496150608284,-0.06968325791855201,-6.9683257918552055,-0.11910882604970008,-11.91088260497001,-0.31489503498833726,-31.48950349883372,42.070895522388064,44.219440353460975,51.02001165727607,0.002265151605578978,0.002314027697607071,-4.8876092028092826e-05,-5.977796787848272e-06,-4.289829524024455e-05,-2.0864929591558634,0.0024722999999999998,0.00035513646005887656,0.0031825729201177527,0.0017620270798822466,0.5745847349575319,0.20694363517971162,0.00027814285714285707,13.528349082823787,0.0003492142857142857,16.985130628126736,0.0004507142857142858,21.921901056142303,16943881.7735,0.7794133083868924,-250805037.90000004,0.003498073453960724,30.352009243763245,-97.98643176740633,44.31502169504132,11.777777777777796,21.675214082406058,-88.2222222222222,False,True,False
1769990400000,0.002056,0.002095,0.001968,0.001987,22173572.06,2026-02-02,-0.033560311284046684,-0.03413638402323887,0.033560311284046684,0.07351225542796463,1.4044496679514027,0.09792432917932596,1.8708416821061211,0.08842692442228642,1.6893940189951056,0.09457510157983133,1.806854778662338,0.0021324,0.0021157245729419333,0.0021847999999999998,0.002199145958404277,0.00241135,0.0022731109418835885,0.0022044400000000002,0.00236803166225767,0.00282346,0.0026082928816160028,-0.214003164556962,-21.400316455696196,-0.2171000788022064,-21.71000788022064,-0.3802245789145352,-38.02245789145353,40.08888888888889,36.8421052631579,51.03984450923227,0.0022223590508745187,0.0022898034111040284,-6.744436022950969e-05,-1.827110947618056e-05,-4.917325075332912e-05,-2.4747484022812847,0.00241135,0.0003259979455860235,0.003063345891172047,0.001759354108827953,0.5407725060004123,0.17457617007587584,0.0002574285714285714,12.955640232942697,0.00032400000000000007,16.30598892803221,0.00040580952380952384,20.423227167062095,15749281.8105,1.4079100448388029,-272978609.96000004,0.0034810683451078272,30.62821556289734,-111.46153574331238,36.83492813143702,5.211267605633822,13.386148096838477,-94.78873239436618,False,True,False
1770076800000,0.001987,0.002006,0.001876,0.001882,18726269.95,2026-02-03,-0.05284348263714145,-0.054290922406491936,0.05284348263714145,0.04996882364429594,0.9546530352877338,0.09174264432916629,1.752740758870343,0.08856272430616444,1.691988472133701,0.09397492677689916,1.795388455152282,0.0020764,0.002037816381961289,0.002151,0.0021414830568762264,0.0023523500000000004,0.0022358622805247826,0.00220368,0.0023489616739962144,0.0027839799999999997,0.0025935749846591346,-0.12950971322849203,-12.950971322849208,-0.15225225225225236,-15.225225225225234,-0.3853690398432398,-38.53690398432397,14.583333333333357,39.06976744186047,50.98039215686275,0.0021699961199707456,0.0022595957364667358,-8.959961649599021e-05,-3.253681088014249e-05,-5.706280561584772e-05,-3.0320300539770306,0.0023523500000000004,0.00030834571762704857,0.0029690414352540975,0.0017356585647459034,0.5243194552291087,0.11865045214532542,0.000232,12.327311370882041,0.00031192857142857145,16.574313040838014,0.0003595714285714286,19.105814483072724,16018042.9255,1.1690735277147137,-291704879.91,0.0034660928365407577,31.266956879545425,-130.0761241757931,36.234654140444704,0.8287292817679462,5.939258221726521,-99.17127071823205,False,True,False
1770163200000,0.001882,0.002,0.00175,0.001871,13391549.7,2026-02-04,-0.0058448459086077875,-0.005861993871235252,0.0058448459086077875,0.021075306861658195,0.4026431722372376,0.08667996243387911,1.656018357069638,0.08861510175256636,1.6929891418421608,0.09398206473996544,1.7955248257451843,0.0019916,0.0019822109213075262,0.0021379000000000003,0.002092304319262367,0.0022965,0.0022011134917117475,0.00220274,0.002330208703494118,0.00275064,0.00257893919672071,-0.18474945533769072,-18.474945533769066,-0.06543456543456538,-6.543456543456536,-0.37382864792503345,-37.38286479250335,23.877917414721765,40.77669902912622,48.27656536814196,0.0021239967168983223,0.00223081085425629,-0.00010681413735796766,-4.739227617570753e-05,-5.942186118226013e-05,-3.1759412710988846,0.0022965,0.000287615148565236,0.002871730297130472,0.0017212697028695279,0.5009625927546023,0.1301481318677055,0.00020942857142857143,11.193403069405207,0.00029907142857142855,15.984576620600135,0.00034657142857142856,18.52332595250821,15889020.064,0.8428178481781543,-305096429.61,0.0034552336347715845,31.829217230475752,-139.91247411487717,36.578788867768914,14.235294117647063,6.7584303350162775,-85.76470588235293,False,True,False
1770249600000,0.001871,0.001871,0.00162,0.001677,16527602.29,2026-02-05,-0.10368786745056113,-0.1094665644508807,0.10368786745056113,0.035729144606761826,0.6826043492615452,0.08147535693178455,1.5565845085680436,0.09057086737799191,1.730353991651609,0.09517615922251194,1.8183379688021049,0.0018946000000000002,0.001880473947538351,0.0020829999999999998,0.002016794443032846,0.0022359999999999997,0.0021511979208234822,0.00219836,0.0023045803656215644,0.00269953,0.002560678652004481,-0.2243293246993524,-22.432932469935235,-0.24663072776280326,-24.663072776280323,-0.4191201939729823,-41.91201939729823,0.0,36.39751552795031,33.99419729206963,0.0020552279912216566,0.0021897878110681713,-0.0001345598198465147,-6.482578490986897e-05,-6.973403493664573e-05,-4.15826087875049,0.0022359999999999997,0.0002841063551781689,0.0028042127103563375,0.001667787289643662,0.5082403491559373,0.008106744348045914,0.00018700000000000005,11.150864639236735,0.0002981428571428571,17.778345685322428,0.0003282857142857143,19.575773064145157,16153646.5655,1.0231499261162906,-321624031.90000004,0.00344077365065452,32.918525997288974,-176.25034013605443,31.84929465219676,5.8163265306122645,6.960116643342425,-94.18367346938773,False,True,False
1770336000000,0.001677,0.00195,0.001677,0.001819,16766727.71,2026-02-06,0.08467501490757301,0.08128041669491337,0.08467501490757301,0.06963852820716107,1.3304422133124543,0.08857006949847346,1.6921288018357268,0.0936856587701212,1.7898619976425358,0.0957351835180367,1.829018112972023,0.0018472000000000002,0.001859982631692234,0.0020439,0.001980831817026874,0.0021837,0.0021195600234593767,0.00219818,0.002285529206194773,0.0026498499999999996,0.0025456693840963424,-0.11527237354085607,-11.527237354085603,-0.17692307692307696,-17.692307692307693,-0.3650959860383943,-36.509598603839436,22.64752791068581,34.721631959201034,32.97323839921434,0.002018885223341401,0.0021623220367795034,-0.0001434368134381023,-8.054799061551564e-05,-6.288882282258665e-05,-3.4573294569866215,0.0021837,0.00025722754620434435,0.0026981550924086886,0.001669244907591311,0.4711774441623747,0.1455472932608489,0.00019085714285714284,10.492421267572448,0.00029421428571428567,16.174507186051986,0.00031842857142857145,17.50569386633158,16488426.588,1.0168785736173604,-304857304.19000006,0.0034271270120140172,33.493881937637326,-135.01200074735186,29.936348970656226,20.30612244897961,13.45258103241298,-79.69387755102039,True,False,False
1770422400000,0.001819,0.001867,0.001753,0.001794,7127158.43,2026-02-07,-0.013743815283122629,-0.01383913589938086,0.013743815283122629,0.06939755556431126,1.32583843743501,0.06882517188662889,1.3149030626273421,0.08634003533892938,1.6495240590393232,0.09576756838850493,1.8296368250535797,0.0018086,0.001837988421128156,0.0019705,0.0019468623957492603,0.0021549,0.0020885543068127985,0.0021974200000000003,0.00226624500035879,0.00261784,0.0025304645475645294,-0.09713135379969806,-9.713135379969804,-0.2903481012658228,-29.034810126582272,-0.24303797468354438,-24.303797468354436,26.007326007326,39.66019417475728,33.96560445118867,0.001984287496673493,0.0021350389132810447,-0.0001507514166075516,-9.458867581392285e-05,-5.6162740793628746e-05,-3.130587558173286,0.0021549,0.00026731843813776365,0.002689536876275527,0.0016202631237244728,0.49620574158942615,0.16248119423209342,0.00018014285714285707,10.04140786749482,0.0002601428571428571,14.500716674629716,0.0003109047619047619,17.330254286776025,15972427.088499999,0.44621636965439576,-311984462.62000006,0.003421357358897489,33.21566907453503,-122.64662629515932,30.94351805509247,17.75510204081634,14.625850340136074,-82.24489795918366,False,False,True
1770508800000,0.001794,0.001816,0.001681,0.00175,11693039.5,2026-02-08,-0.024526198439241864,-0.024831975701181636,0.024526198439241864,0.06698619165412395,1.2797693946168207,0.0561828835880146,1.0733724838174798,0.0810033838225025,1.5475674749761044,0.09571996878884761,1.8287274359790076,0.0017822,0.0018086589474187707,0.0019292999999999997,0.0019110692328857585,0.00211005,0.002056311039378144,0.0021944000000000004,0.002245991470066858,0.0025892499999999995,0.002514683964125758,-0.07013815090329434,-7.013815090329434,-0.19056429232192407,-19.056429232192407,-0.3388741972043823,-33.88741972043823,27.255278310940497,43.31919406150583,34.22528032619775,0.0019482432664160321,0.002106517502944016,-0.00015827423652798375,-0.00010732578795673505,-5.0948448571248696e-05,-2.911339918357068,0.00211005,0.000255391850630386,0.002620833701260772,0.001599266298739228,0.4841436944724267,0.14755140080695084,0.0001828571428571428,10.448979591836732,0.00023049999999999994,13.171428571428567,0.00029376190476190474,16.78639455782313,15881725.444,0.7362575018205937,-323677502.12000006,0.0034116569671670204,33.68361508341684,-124.57656944261163,33.091826264529544,13.265306122448992,17.10884353741498,-86.73469387755101,False,True,False
1770595200000,0.00175,0.001751,0.001625,0.001647,5591001.35,2026-02-09,-0.05885714285714283,-0.060660336739919385,0.05885714285714283,0.06978166269868442,1.3331767939333599,0.04937946097968958,0.9433932773903523,0.07963872004907652,1.5214956101925305,0.09611048190723988,1.836188178630199,0.0017374,0.001754772631612514,0.0018645000000000003,0.0018630566450883474,0.00207245,0.0020173290354975116,0.0021893399999999997,0.0022224919899475138,0.0025525500000000002,0.0024971471713913632,-0.119722073757349,-11.972207375734902,-0.2823529411764706,-28.235294117647065,-0.3134639433097124,-31.34639433097124,27.360308285163768,33.597733711048164,34.207845134997456,0.0019018981485058734,0.0020724791590569975,-0.00017058101055112415,-0.00011997683247561288,-5.060417807551128e-05,-3.0725062583795553,0.00207245,0.00026575839344073946,0.002603966786881479,0.001540933213118521,0.5129356914583985,0.09977745717477257,0.00018271428571428567,11.093763552779944,0.00022007142857142855,13.361956804579753,0.00027690476190476195,16.81267528262064,15610956.573499998,0.358145980592302,-329268503.4700001,0.003406851891148911,33.40722272867712,-129.93896225324897,29.703962824695807,2.7551020408163382,11.258503401360556,-97.24489795918366,False,True,False
1770681600000,0.001647,0.001725,0.001576,0.001608,9562394.04,2026-02-10,-0.023679417122040025,-0.023964280438728596,0.023679417122040025,0.054138861205201935,1.0343214910256788,0.04852433591896025,0.9270561360442392,0.0793494564057863,1.5159692360471007,0.0960750931903183,1.8355120781427308,0.0017236,0.0017058484210750093,0.0018091,0.001816682709617739,0.0020384,0.0019783453177131564,0.00218232,0.0021983847845087764,0.0025215499999999996,0.002479183932965523,-0.04114490161001794,-4.114490161001791,-0.2562442183163737,-25.624421831637367,-0.29750982961992123,-29.75098296199213,25.959780621572207,33.165548098434,34.06036013187928,0.0018566830487357386,0.0020380732857498045,-0.00018139023701406595,-0.00013225951338330353,-4.913072363076242e-05,-3.0553932606195535,0.0020384,0.00027980771593136814,0.0025980154318627365,0.0014787845681372637,0.5490732259249768,0.11545020428817496,0.0001854285714285714,11.531627576403695,0.00020871428571428573,12.979744136460555,0.00026976190476190475,16.77623785832741,15441315.4815,0.6192732770376044,-338830897.5100001,0.003398516086654951,34.07824290372079,-122.92567542595262,25.820692538433462,3.1250000000000124,6.381802721088448,-96.87499999999999,False,True,False
1770768000000,0.001608,0.001633,0.001459,0.00156,13699622.47,2026-02-11,-0.029850746268656803,-0.030305349495329037,0.029850746268656803,0.01707956651702609,0.32630466014060283,0.047981649196200446,0.9166881207637326,0.07899896033983322,1.5092730181092842,0.09614297748774661,1.8368090058240711,0.0016718,0.0016572322807166728,0.0017595,0.0017700131260508776,0.0019997,0.0019385029063933349,0.00217496,0.002173340624497495,0.00249885,0.002460621308430778,-0.14238592633315017,-14.238592633315013,-0.24124513618677046,-24.12451361867705,-0.3316195372750643,-33.16195372750643,35.41147132169576,18.115942028985515,38.41533180778032,0.0018110395027763943,0.0020026604405493976,-0.00019162093777300333,-0.0001441317982612435,-4.748913951175984e-05,-3.044175609728195,0.0019997,0.00029010780210483416,0.0025799156042096683,0.0014194843957903319,0.5803026496071093,0.12108912892912392,0.00017457142857142853,11.190476190476188,0.00019199999999999995,12.307692307692305,0.00025757142857142857,16.51098901098901,15619838.1095,0.8770655863371515,-352530519.98000014,0.003386135647509727,37.00810596839745,-130.11711337691366,7.7461562550188034,9.448082319925161,5.109394786913837,-90.55191768007484,False,True,False
1770854400000,0.00156,0.001619,0.001527,0.001527,8403387.17,2026-02-12,-0.02115384615384619,-0.02138079502495033,0.02115384615384619,0.015555603893365738,0.29718939509656594,0.047930324354625374,0.9157075610422531,0.07508152920472846,1.434430601359989,0.09618842608351141,1.8376773000269784,0.0016184,0.0016138215204777818,0.0017135000000000002,0.0017258289213143544,0.0019491499999999998,0.0018993121533064478,0.0021669000000000002,0.002147984728676794,0.00248052,0.00244177452684178,-0.1488294314381271,-14.882943143812714,-0.23150478107700057,-23.150478107700057,-0.39834515366430256,-39.83451536643026,0.0,23.206751054852333,32.77982779827798,0.001767341117733872,0.001967426325349061,-0.00020008520761518895,-0.0001553224801320326,-4.4762727483156346e-05,-2.931416338124188,0.0019491499999999998,0.00027925281414968535,0.0025076556282993706,0.001390644371700629,0.5730760878325125,0.12207184797274906,0.00015185714285714282,9.944803068575169,0.00016942857142857143,11.095518757601273,0.00024938095238095237,16.33143106620513,15114507.432,0.5559815434149439,-360933907.15000015,0.003378651856352485,39.9853487028542,-115.01001910620248,12.15375617601174,7.934655775962652,6.835912698629275,-92.06534422403735,False,False,True
1770940800000,0.001527,0.00165,0.0015,0.001596,9753763.57,2026-02-13,0.045186640471512884,0.04419547279112175,0.045186640471512884,0.03822289510836357,0.7302473856986491,0.051484838624531244,0.9836164608173344,0.07241635459407582,1.3835125119179976,0.09638907049424358,1.8415106061116384,0.0015876000000000002,0.0016078810136518544,0.0016849,0.0017022236628935626,0.0019179499999999999,0.0018704252814982583,0.0021607,0.002126330716184666,0.00246532,0.002424707653272995,-0.08800000000000008,-8.800000000000004,-0.15196599362380447,-15.196599362380447,-0.2810810810810811,-28.108108108108116,20.535714285714278,18.822479928635147,36.93459160429548,0.0017409809457748146,0.0019399132580714814,-0.0001989323122966668,-0.00016404444656495945,-3.4887865731707344e-05,-2.1859564994804104,0.0019179499999999999,0.0002822416797524173,0.0024824333595048344,0.0013534666404951654,0.5886319867617347,0.2148277317843215,0.00013428571428571425,8.413891872538487,0.00016257142857142853,10.186179735051914,0.00024090476190476187,15.094283327366032,14936391.8585,0.6530200641762977,-351180143.58000016,0.003370156970388415,42.29999127807061,-98.00161974707024,17.87191656601037,16.387559808612433,11.256765968166748,-83.61244019138758,True,True,False
1771027200000,0.001596,0.001626,0.00158,0.001608,4876723.72,2026-02-14,0.007518796992481258,0.007490671729157659,0.007518796992481258,0.031229074251055394,0.5966306258322186,0.05192471016648827,0.9920201948266681,0.06974744234759024,1.332523015043682,0.09595262699203541,1.8331723647097478,0.0015798,0.0016079206757679029,0.0016586,0.0016850920878220055,0.00189825,0.0018454323974953818,0.00215228,0.0021059972075738328,0.00244895,0.002408233530645195,-0.023679417122040025,-2.3679417122040056,-0.14056654195617313,-14.056654195617316,-0.1968031968031967,-19.680319680319673,26.64473684210529,22.30000000000001,38.5546218487395,0.0017205223387325354,0.001915327085726037,-0.0001948047469935016,-0.0001701965066506679,-2.460824034283368e-05,-1.5303632054001044,0.00189825,0.00028971762568330453,0.0024776852513666093,0.001318814748633391,0.6104941407787269,0.24954060931274044,0.00012457142857142856,7.746979388770432,0.00015235714285714283,9.474946695095946,0.0002149523809523809,13.367685382610754,13941869.762999997,0.34978979167788693,-346303419.86000013,0.0033659931745939784,44.614633853286996,-83.59860386343892,21.669331024578412,21.164772727272734,15.162329437282608,-78.83522727272727,False,False,True
1771113600000,0.001608,0.00185,0.001535,0.001639,12826764.47,2026-02-15,0.019278606965174028,0.019095129004917905,0.019278606965174028,0.030498173102785207,0.5826667790012741,0.04186059692768844,0.7997455813738363,0.06417912890851941,1.2261405361627877,0.09583979164606705,1.8310166484518822,0.001586,0.0016182804505119354,0.0016548,0.0016767117082180044,0.0018689000000000002,0.0018257721691264319,0.00214296,0.0020876776933749543,0.00242517,0.0023927227564320393,0.019278606965174028,1.9278606965174125,-0.02265951103160413,-2.265951103160409,-0.2637017070979335,-26.37017070979335,48.27586206896552,27.459459459459467,38.26409996622763,0.0017079804404659916,0.0018948584087926424,-0.00018687796832665086,-0.0001735327989858645,-1.334516934078635e-05,-0.8142263173146034,0.0018689000000000002,0.0002844525489981965,0.002437805097996393,0.0012999949020036073,0.6088127754255368,0.29794521018560305,0.00015028571428571432,9.169354135797091,0.00016657142857142855,10.16299137104506,0.00020376190476190472,12.432086928731222,14145722.540000001,0.9067592294228612,-333476655.3900001,0.003355566283642293,45.605959587902184,-59.06076105896245,29.217812239804147,28.301886792452834,21.951406442779334,-71.69811320754717,True,True,False
1771200000000,0.001639,0.001805,0.001626,0.001636,17595164.98,2026-02-16,-0.0018303843807199183,-0.0018320615811372874,0.0018303843807199183,0.024701561861419453,0.47192267673172816,0.02904749389366656,0.5549515916261955,0.06421685031443307,1.226861202610874,0.09581765919485219,1.8305938085651352,0.0016011999999999999,0.001624186967007957,0.0016365000000000002,0.0016693095794510944,0.0018401999999999997,0.0018076986291796389,0.0021330200000000002,0.0020699593617096606,0.00240512,0.002377469769523559,0.04871794871794877,4.8717948717948785,-0.10060472787245744,-10.06047278724574,-0.2597285067873303,-25.972850678733035,57.14285714285714,29.56926658905705,33.65942028985508,0.0016969065265481469,0.0018756837084477698,-0.00017877718189962294,-0.0001745816755686162,-4.195506331006741e-06,-0.25644904223757586,0.0018401999999999997,0.00027708740783178844,0.0023943748156635765,0.001286025184336423,0.602298462844883,0.3157621077064936,0.00015785714285714288,9.648969612294797,0.00017028571428571426,10.408662242403071,0.00019933333333333332,12.184189079054603,14616636.814000001,1.2037765734965191,-351071820.3700001,0.0033415907335101716,45.87000819731414,-50.3058522779147,41.09581445461193,32.358318098720304,27.274992539481957,-67.6416819012797,False,False,True
1771286400000,0.001636,0.001641,0.001501,0.001566,16642731.89,2026-02-17,-0.04278728606356974,-0.043729640611944016,0.04278728606356974,0.0322271156888278,0.6156981807279425,0.030841569751646484,0.5892273627659967,0.0527635389988222,1.0080459971664408,0.09577528578691237,1.8297842657431311,0.001609,0.0016047913113386378,0.0016136999999999998,0.0016505260195508954,0.0017921000000000002,0.0017846797120803534,0.00211984,0.002050190374011478,0.00237478,0.002361119065783047,0.025540275049115824,2.5540275049115895,-0.1270903010033445,-12.709030100334454,-0.38053797468354433,-38.05379746835443,51.3761467889908,30.825242718446603,36.98248407643313,0.001676767060925355,0.0018527441707254326,-0.00017597710980007757,-0.00017486076241490849,-1.1163473851690865e-06,-0.07128655077708088,0.0017921000000000002,0.00023108619945583063,0.0022542723989116614,0.001329927601088339,0.5157886266521523,0.2553943068296288,0.0001565714285714286,9.998175515416898,0.00017099999999999998,10.919540229885056,0.00019133333333333337,12.217965091528313,13638373.475499999,1.2202871493361753,-367714552.2600001,0.0033276439776108832,45.96215241152193,-84.08502536597837,42.55765502477637,19.778188539741198,26.812797810304783,-80.22181146025879,False,True,False
1771372800000,0.001566,0.001593,0.001482,0.0015,14295851.58,2026-02-18,-0.04214559386973171,-0.04305948946044688,0.04214559386973171,0.028806984185155367,0.5503566600968719,0.03204843512742891,0.6122844933956044,0.04458079248584673,0.851714844541961,0.09592985534153693,1.8327373129378344,0.0015898,0.0015698608742257586,0.0015886999999999997,0.0016231576523598236,0.0017589999999999997,0.0017575673585120642,0.00210582,0.0020286081180680552,0.00234676,0.002343773981561793,-0.06015037593984962,-6.015037593984959,-0.1428571428571429,-14.285714285714285,-0.3061979648473635,-30.61979648473635,44.62151394422313,28.89647326507395,39.364406779661024,0.0016495721284753003,0.001826614968924929,-0.0001770428404496288,-0.00017529717802185256,-1.7456624277762517e-06,-0.11637749518508345,0.0017589999999999997,0.00022256873568687893,0.0022041374713737574,0.0013138625286262418,0.5061256070196224,0.20907863676283128,0.0001475714285714286,9.83809523809524,0.00016107142857142858,10.738095238095239,0.00017719047619047619,11.812698412698412,13298376.518499998,1.075007280784415,-382010403.8400001,0.0033155403396447044,45.916443258063474,-94.84282970143363,43.06879353333858,8.350305498981676,20.16227071248106,-91.64969450101832,False,True,False
1771459200000,0.0015,0.001508,0.001371,0.00144,21487080.47,2026-02-19,-0.039999999999999925,-0.04082199452025505,0.039999999999999925,0.028598197546947906,0.5463677969747154,0.029634021341544352,0.5661571827840337,0.04076673864983915,0.7788474483187742,0.0957639921218376,1.8295685005748352,0.0015562,0.0015265739161505058,0.001568,0.0015898562610216736,0.0017162500000000001,0.001727322848140413,0.00209312,0.0020055191122246097,0.00232493,0.0023255759176869215,-0.10447761194029848,-10.447761194029848,-0.12568306010928953,-12.568306010928957,-0.37254901960784315,-37.254901960784316,17.768595041322342,34.09395973154362,32.10382513661203,0.0016173302625560233,0.0017979768190507714,-0.0001806465564947481,-0.0001763670537164317,-4.279502778316394e-06,-0.29718769293863845,0.0017162500000000001,0.00019454586118767945,0.002105341722375359,0.0013271582776246413,0.45342079810675456,0.14500658313478562,0.00015400000000000003,10.694444444444445,0.0001529285714285714,10.62003968253968,0.00016428571428571428,11.408730158730156,13392095.010499999,1.604459978304602,-403497484.31000006,0.0032967983351196383,45.23847945017189,-123.95644792412058,42.68505726260436,11.917098445595867,13.348530828106249,-88.08290155440413,False,True,False
1771545600000,0.00144,0.001502,0.001408,0.001408,6147642.27,2026-02-20,-0.022222222222222254,-0.02247285585205863,0.022222222222222254,0.01778233223669478,0.3397309803628614,0.029578910735943653,0.5651042961423995,0.03989297952004894,0.7621543035831203,0.09580144673514124,1.8302840699572642,0.00151,0.0014870492774336705,0.0015480000000000001,0.0015567914862904602,0.0016785500000000002,0.0016969111482837017,0.00207994,0.0019820808119714642,0.0022992999999999998,0.002307106105609872,-0.14093959731543626,-14.09395973154363,-0.12437810945273642,-12.437810945273638,-0.34875115633672527,-34.87511563367252,11.832061068702288,17.637795275590562,31.871609403254965,0.0015851256067781734,0.0017690896435072964,-0.000183964036729123,-0.00017788645031896998,-6.077586410153024e-06,-0.4316467620847318,0.0016785500000000002,0.00017577092598335304,0.0020300918519667063,0.0013270081480332941,0.41886372400787114,0.11519517735028661,0.00014600000000000005,10.369318181818187,0.00014014285714285715,9.953327922077923,0.00015704761904761908,11.15395021645022,13024716.7285,0.4719981553647192,-409645126.58000004,0.0032915038395149665,45.38943535492184,-121.00413689356888,34.35653081190091,7.459677419354825,9.242360454644125,-92.54032258064517,False,False,True
1771632000000,0.001408,0.001497,0.001364,0.001402,11320581.54,2026-02-21,-0.0042613636363635354,-0.004270469123452208,0.0042613636363635354,0.016834489072080634,0.3216224621292344,0.029041994955932522,0.5548465345682981,0.03945892743681365,0.7538617501765557,0.09546710589556104,1.8238964971859304,0.0014632,0.0014586995182891138,0.0015322,0.0015286475796921946,0.0016458500000000001,0.0016688243722284269,0.0020645,0.001959326782209314,0.00227628,0.0022888932518838434,-0.14303178484107582,-14.303178484107582,-0.10128205128205126,-10.128205128205124,-0.31809338521400776,-31.809338521400782,0.0,18.181818181818187,20.36842105263159,0.0015569524365046082,0.0017418978147834654,-0.00018494537827885718,-0.00017929823591094745,-5.6471423679097335e-06,-0.40279189500069423,0.0016458500000000001,0.00016216277559744245,0.001970175551194885,0.0013215244488051152,0.3941131344835616,0.12406600543558109,0.0001584285714285715,11.30018341145303,0.0001415,10.092724679029958,0.00015438095238095236,11.011480198356088,12930431.458,0.8754991337118921,-420965708.12000006,0.0032817371108828965,46.952668155527924,-123.537657703581,33.927213875130505,7.8189300411522735,9.065235302034324,-92.18106995884773,False,True,False
1771718400000,0.001402,0.001426,0.0013,0.001308,15209994.71,2026-02-22,-0.06704707560627687,-0.06940053557739152,0.06704707560627687,0.023511265772200026,0.4491821018774278,0.03413713739776537,0.6521890942399892,0.04083086953771968,0.7800726672113912,0.09566523749020092,1.8276817959865548,0.0014116,0.001408466345526076,0.0015103,0.0014885298379299775,0.0016118999999999999,0.0016344601462706318,0.00204934,0.001933778338862629,0.00225485,0.002269161704569675,-0.16475095785440608,-16.47509578544061,-0.14341846758349708,-14.341846758349707,-0.34172118772018123,-34.17211877201812,0.0,16.816816816816825,23.771498771498784,0.0015186520616577454,0.001709757232322119,-0.00019110517066437348,-0.0001816596228616327,-9.445547802740793e-06,-0.7221366821667273,0.0016118999999999999,0.0001580049632797827,0.0019279099265595654,0.0012958900734404344,0.3920961927657616,0.019160674304455647,0.00013142857142857146,10.048055919615555,0.0001408571428571429,10.768894713848846,0.0001548571428571429,11.839231105286155,12582252.5905,1.2088451253541062,-436175702.83000004,0.0032682425065143315,48.14214755414039,-150.41990942267938,33.927049943420656,1.4545454545454501,5.577717638350852,-98.54545454545455,False,True,False
1771804800000,0.001308,0.001318,0.001134,0.001138,27159158.02,2026-02-23,-0.12996941896024472,-0.13922691733086787,0.12996941896024472,0.04902266852167692,0.9365767670511413,0.04355695548642717,0.8321544661329459,0.04724515723167754,0.9026174615382562,0.09728089345692163,1.858548859890044,0.0013392,0.0013183108970173838,0.0014645,0.001424797140124527,0.0015747,0.0015871782275392534,0.0020312,0.0019025640477944288,0.0022325500000000002,0.002246414513304601,-0.2413333333333334,-24.13333333333334,-0.286967418546366,-28.6967418546366,-0.3953241232731137,-39.53241232731138,0.0,15.27967257844476,15.25525525525525,0.0014600902060180924,0.0016674048403643269,-0.0002073146343462345,-0.00018679062515855306,-2.052400918768144e-05,-1.8035157458419544,0.0015747,0.00017745217294866644,0.001929604345897333,0.001219795654102667,0.45075804394149105,-0.1152361968065743,0.00013214285714285718,11.611850364047205,0.00014500000000000003,12.741652021089633,0.00015757142857142858,13.846346974642232,13003896.993999999,2.0885399224964054,-463334860.85,0.0032427898129419827,49.56813742151268,-202.08784213876498,31.135043105092464,0.5586592178770783,3.277378237858269,-99.44134078212292,False,True,False
1771891200000,0.001138,0.001189,0.001,0.001172,24566497.86,2026-02-24,0.02987697715289994,0.029439355450681808,0.02987697715289994,0.06183445465999395,1.1813455975416673,0.046317035419836936,0.8848857192203333,0.048613006324371086,0.928750181760989,0.09737539608319178,1.8603543300298588,0.0012856,0.0012695405980115892,0.0014209,0.0013788340237382494,0.0015397499999999999,0.001547637443934625,0.00201314,0.0018739080407077975,0.00221141,0.0022248151284984213,-0.18611111111111112,-18.61111111111111,-0.2711442786069651,-27.114427860696516,-0.373597006948156,-37.35970069481561,8.585858585858631,20.05494505494508,18.390804597701162,0.0014157686358614626,0.0016307081820098506,-0.00021493954614838794,-0.00019242040935652007,-2.2519136791867878e-05,-1.9214280539136412,0.0015397499999999999,0.0001847102638700414,0.0019091705277400827,0.001170329472259917,0.4798448160286837,0.002261010981580291,0.00013914285714285716,11.872257435397367,0.00014785714285714288,12.615797172111169,0.0001603809523809524,13.684381602470342,13562644.402,1.8113353953582478,-438768362.99,0.0032194606774924475,48.7251915475109,-205.9959638003342,29.8733515097138,20.235294117647065,7.4161662633565335,-79.76470588235294,False,True,False
1771977600000,0.001172,0.001345,0.001107,0.001186,26297399.45,2026-02-25,0.011945392491467421,0.011874609420712683,0.011945392491467421,0.06587039363693988,1.258452103430311,0.04549901401237093,0.8692574421744935,0.04513322190722868,0.8622689938182914,0.09740835464179878,1.8609840024079174,0.0012412,0.0012416937320077262,0.0013755999999999998,0.0013437732921494766,0.0015152,0.0015131957825843003,0.00199592,0.0018469254317590921,0.00219374,0.0022039377052377137,-0.15767045454545459,-15.767045454545453,-0.27638804148871265,-27.638804148871266,-0.29278473464519983,-29.278473464519983,13.714285714285722,23.054755043227686,20.48846675712349,0.001380419614959699,0.0015977668322746683,-0.0002173472173149693,-0.00019740577094820992,-1.9941446366759382e-05,-1.6814035722394083,0.0015152,0.00019768225434824317,0.0019105645086964864,0.0011198354913035135,0.521864451816904,0.08367532649128057,0.00015728571428571433,13.261864610937128,0.00015242857142857145,12.85232474102626,0.00015980952380952382,13.474664739420222,14051134.26,1.8715499377770517,-412470963.54,0.0031961232966394313,44.408741649081605,-137.2163671964985,39.32665679032969,21.882352941176464,14.225435425566872,-78.11764705882354,True,False,False
1772064000000,0.001186,0.001228,0.00115,0.001188,16190976.2,2026-02-26,0.001686340640809414,0.0016849203649194455,0.001686340640809414,0.06654435016504162,1.2713280248205028,0.04576102126643667,0.8742630837349551,0.03873412760182736,0.7400144687722295,0.097330899954331,1.8595042326816027,0.0011983999999999999,0.0012237958213384842,0.0013307999999999998,0.0013154508753950263,0.00148365,0.00148222475565262,0.00198016,0.0018210798598226805,0.00217608,0.002183526086203457,-0.1526390870185449,-15.263908701854492,-0.273838630806846,-27.383863080684602,-0.3468938977460143,-34.68938977460143,15.625000000000028,24.43438914027152,21.606254442075354,0.0013508165972735916,0.001567413731096695,-0.00021659713382310344,-0.00020124404352318866,-1.5353090299914776e-05,-1.2923476683429946,0.00148365,0.00019699646670620735,0.0018776429334124147,0.0010896570665875852,0.5311130433894986,0.12480291532218128,0.00014885714285714288,12.53006253006253,0.00015142857142857145,12.746512746512748,0.00015157142857142857,12.758537758537758,14022346.6845,1.1546552488177428,-396279987.34000003,0.0031818522023503754,40.18341488655698,-127.00004092155339,34.32087796992184,22.11764705882353,21.41176470588236,-77.88235294117646,False,False,True
1772150400000,0.001188,0.001229,0.00115,0.001188,14374749.58,2026-02-27,0.0,0.0,0.0,0.06409978343620103,1.2246246430426235,0.046478416491112264,0.8879689002579274,0.03897825409551394,0.7446784988853068,0.09732963397139897,1.859480046111647,0.0011744000000000001,0.001211863880892323,0.0012929999999999999,0.001292277988959567,0.00145335,0.0014542033503369073,0.0019649,0.001796248251875627,0.00215912,0.002163530352660175,-0.09174311926605494,-9.174311926605496,-0.2413793103448275,-24.13793103448275,-0.3377926421404682,-33.77926421404682,15.923566878980921,15.656565656565675,23.348694316436266,0.0013257678900007314,0.0015393090081391202,-0.00021354111813838886,-0.00020370345844622874,-9.837659692160119e-06,-0.8280858326734107,0.00145335,0.00019331928185474713,0.0018399885637094943,0.0010667114362905056,0.5320653162823743,0.1568500598411933,0.00014671428571428575,12.349687349687352,0.0001463571428571429,12.319624819624824,0.00014233333333333334,11.980920314253648,14384726.241999999,0.9993064406070608,-396279987.34000003,0.003169353038063138,36.73560027059049,-112.00021391947274,34.671104919017566,22.11764705882353,22.039215686274513,-77.88235294117646,True,False,False
1772236800000,0.001188,0.001241,0.001149,0.001233,10877751.85,2026-02-28,0.037878787878787845,0.03717900324175403,0.037878787878787845,0.01694245783538514,0.3236852024558556,0.05017283440763499,0.9585506554486444,0.04101144591982813,0.7835225741475291,0.09741871895562601,1.861182012345559,0.0011934,0.0012189092539282153,0.0012663000000000002,0.0012815001727851001,0.0014275000000000002,0.001433136364580017,0.00195196,0.0017741558566362777,0.0021444199999999997,0.0021448453964078894,0.0834797891036907,8.347978910369072,-0.17800000000000005,-17.800000000000004,-0.2954285714285715,-29.542857142857148,35.84905660377359,20.09569377990431,26.12275449101797,0.0013114959069236956,0.0015166194503842647,-0.00020512354346056906,-0.00020398747544909682,-1.136068011472238e-06,-0.09213852485581817,0.0014275000000000002,0.0001859913693526592,0.0017994827387053185,0.0010555172612946818,0.5211667092193601,0.23856313779914193,0.00014085714285714285,11.423936971382227,0.00014964285714285717,12.136484764221994,0.00014128571428571432,11.458695400301243,14343961.8595,0.7583505837890714,-385402235.49,0.003160086490619091,33.184691909288865,-94.22921711057306,35.76625790209596,27.41176470588234,23.882352941176467,-72.58823529411765,True,True,False
1772323200000,0.001233,0.001489,0.001188,0.001211,20906951.69,2026-03-01,-0.017842660178426506,-0.01800375961125195,0.017842660178426506,0.020445013263212877,0.39060142994685376,0.04958955046523687,0.9474070313759868,0.0397903563884045,0.7601936914059657,0.09718969888469887,1.8568065900340642,0.0012012,0.0012162728359521435,0.0012434,0.0012686819595514457,0.0014057,0.0014119805203247444,0.00194056,0.001752067251260079,0.0021306199999999997,0.0021260990843770615,0.03327645051194539,3.3276450511945366,-0.15902777777777777,-15.90277777777778,-0.26472374013357614,-26.47237401335762,81.19658119658128,15.372168284789652,29.98281786941581,0.001296034998166204,0.0014939809711032,-0.0001979459729369961,-0.00020277917494667668,4.833202009680589e-06,0.3991083410140866,0.0014057,0.00018445512933186548,0.0017746102586637309,0.001036789741336269,0.524877653359509,0.236114684496382,0.00016585714285714286,13.695882977468443,0.00014864285714285717,12.274389524595968,0.0001491904761904762,12.319609924894815,15109759.376500001,1.3836720472541935,-406309187.18,0.003143314646365713,32.191500003774685,-51.84006569830111,36.884795956418465,26.21118012422361,25.246863962976494,-73.7888198757764,True,False,False
1772409600000,0.001211,0.001238,0.001161,0.001188,15510799.53,2026-03-02,-0.018992568125516085,-0.019175243630501996,0.018992568125516085,0.0229958366401978,0.43933484213714735,0.049554996469529225,0.946746878214919,0.03974704713119617,0.7593662692087912,0.09479879634480615,1.8111284611464673,0.0012016000000000002,0.001206848557301429,0.0012213999999999999,0.0012540125123602737,0.0013847,0.00139064904218986,0.00192352,0.0017299430579237292,0.00211619,0.002107272509689506,0.001686340640809414,0.16863406408094847,-0.15625,-15.624999999999995,-0.26119402985074625,-26.119402985074625,57.54716981132075,14.89028213166145,19.808612440191396,0.001279414229217557,0.0014713157126172525,-0.00019190148339969545,-0.00020060363663728045,8.702153237585e-06,0.7325044812781987,0.0013847,0.00018411926912507293,0.0017529385382501457,0.0010164614617498543,0.5318676077852903,0.23291768844359664,0.00015057142857142857,12.674362674362674,0.00014135714285714289,11.8987493987494,0.00014685714285714286,12.36171236171236,15407179.650999999,1.006725428102169,-421819986.71,0.003130400093748357,31.69891925829509,-82.61558811353342,28.66127181812324,29.329173166926676,27.650705999010878,-70.67082683307332,False,True,False
1772496000000,0.001188,0.001205,0.001081,0.001105,29779982.73,2026-03-03,-0.06986531986531985,-0.07242588597073703,0.06986531986531985,0.038883662119837806,0.7428713217274873,0.052150989274613875,0.9963432511173673,0.041540990201530875,0.7936395034441927,0.065477789196336,1.2509514061243676,0.0011849999999999999,0.0011728990382009526,0.0011917,0.0012269193282947693,0.00136195,0.0013634443714950516,0.0018856,0.0017054313260493397,0.00210157,0.002087163414436506,-0.06986531986531985,-6.986531986531983,-0.21184022824536375,-21.18402282453637,-0.29166666666666663,-29.166666666666664,26.85714285714286,14.592933947772664,18.7669990933817,0.0012525812708763945,0.0014441812138708068,-0.00019159994299441235,-0.00019880289790870684,7.202954914294491e-06,0.6518511234655647,0.00136195,0.00018935471447716849,0.001740659428954337,0.000983240571045663,0.5561282410578023,0.16075573994887019,0.0001412857142857143,12.786037491919844,0.00014021428571428575,12.689075630252104,0.00014566666666666667,13.182503770739062,16211197.663999999,1.8370007785502505,-451599969.44,0.0031052575283464262,30.818425621926355,-97.0051322029494,27.983126975129295,17.70657672849917,24.41564333988315,-82.29342327150083,False,True,False
1772582400000,0.001105,0.001236,0.000958,0.00109,37272900.77,2026-03-04,-0.013574660633484226,-0.01366763872866387,0.013574660633484226,0.03814931530313936,0.7288416454936525,0.04973067667408059,0.950103243810171,0.04152834709734468,0.7933979572778724,0.06429736039066423,1.2283993454575508,0.0011654,0.0011452660254673017,0.0011699,0.0012020249049684477,0.0013401,0.001337402050391572,0.0018432799999999999,0.0016812928273169275,0.00208432,0.0020671620562862482,-0.0824915824915825,-8.24915824915825,-0.16666666666666663,-16.666666666666657,-0.2861820563195808,-28.618205631958084,23.93617021276593,15.833333333333343,19.27374301675978,0.0012275687676646413,0.001417945567042104,-0.00019037679937746257,-0.00019711767820245802,6.740878824995449e-06,0.6184292499995825,0.0013401,0.00019445142811182954,0.0017290028562236591,0.0009511971437763411,0.5804087101315708,0.17845440577560723,0.000147,13.48623853211009,0.00015214285714285715,13.958060288335517,0.00015061904761904765,13.818261249453911,17654673.344,2.1112200743531355,-488872870.21,0.0030741132950320403,30.999215839532035,-100.13440216575846,26.409219318776834,24.00000000000001,23.67858329847529,-75.99999999999999,True,True,False
1772668800000,0.00109,0.001096,0.000981,0.001083,17202337.6,2026-03-05,-0.006422018348623881,-0.006442728222198801,0.006422018348623881,0.025373792303987924,0.48476562130410983,0.029913635212270227,0.5714991982834816,0.03906596943748195,0.7463542981406015,0.06421460937976951,1.226818389614241,0.0011354,0.0011245106836448677,0.0011644000000000001,0.0011803840131560028,0.00131445,0.0013131732836802786,0.0018037,0.0016578266863227177,0.00206742,0.0020474265404120443,-0.12165450121654497,-12.1654501216545,-0.048330404217926115,-4.833040421792613,-0.3214285714285714,-32.142857142857146,23.076923076923038,17.367458866544794,21.16564417177915,0.001205327418793158,0.0013931347831101855,-0.0001878073643170274,-0.00019525561542537193,7.448251108344527e-06,0.6877424846116831,0.00131445,0.00019274648607621887,0.0016999429721524378,0.0009289570278475623,0.5865464219292293,0.199799974682189,0.00015228571428571423,14.061469463131509,0.00015057142857142857,13.90317900013191,0.0001517142857142857,14.008705975464977,18027102.045500003,0.9542486394419738,-506075207.81,0.003059769188782137,30.756291298571387,-105.80804937751525,27.450515434609983,22.977941176470583,21.561505968323257,-77.02205882352942,False,False,True
1772755200000,0.001083,0.001083,0.00093,0.00094,21161874.95,2026-03-06,-0.1320406278855032,-0.141610371736941,0.1320406278855032,0.05314137447904908,1.0152645338805661,0.047733640770035064,0.9119499264347823,0.04602893300962791,0.8793815304017688,0.06619013655447502,1.26456078329257,0.0010812,0.0010630071224299118,0.0011412,0.0011366778289458204,0.00128105,0.00127763297093909,0.0017627399999999998,0.001629672381385103,0.00204713,0.0020252247632004503,-0.22378199834847234,-22.37819983484724,-0.1979522184300342,-19.79522184300342,-0.41542288557213936,-41.542288557213936,0.0,14.437689969604861,19.131238447319788,0.001164507815901903,0.001359569242132321,-0.000195061426230418,-0.00019521677758638117,1.5535135596317817e-07,0.016526739996082784,0.00128105,0.0001970309820681257,0.0016751119641362513,0.0008869880358637486,0.6152171486456444,0.06726348767566143,0.00016285714285714278,17.32522796352583,0.0001547857142857143,16.466565349544073,0.00015185714285714287,16.15501519756839,18841359.607,1.1231607161798385,-527237082.76,0.003041803056337081,29.901003027963693,-122.24469685182302,26.47447085155605,1.7636684303350822,16.24720320226856,-98.23633156966491,False,True,False
1772841600000,0.00094,0.000957,0.000805,0.000854,24391775.99,2026-03-07,-0.09148936170212763,-0.09594868147547968,0.09148936170212763,0.05307730137467505,1.0140404189402905,0.050965498726984866,0.9736944860062411,0.047021287282558555,0.8983404321657517,0.06692237594461388,1.2785501971985165,0.0010144,0.0009933380816199414,0.001108,0.0010852818600465802,0.0012418,0.0012372869736967985,0.00172208,0.0015992494558845804,0.00202637,0.002001749731266627,-0.28114478114478114,-28.114478114478114,-0.2799325463743676,-27.99325463743676,-0.4789505796217205,-47.895057962172054,0.0,12.87262872628726,18.48214285714286,0.0011167373826862256,0.0013221196671036027,-0.00020538228441737707,-0.00019724987895258035,-8.132405464796716e-06,-0.9522723026694047,0.0012418,0.0002001361641745928,0.0016420723283491856,0.0008415276716508143,0.6446647259610012,0.015579803381143637,0.00017142857142857137,20.073603211776504,0.0001561428571428571,18.283706925393105,0.00015690476190476188,18.372922939667667,19419610.183,1.2560383941873692,-551628858.75,0.0030203670907164703,29.178170659334082,-155.5573444963237,26.073435850641232,7.163742690058479,10.63511743228805,-92.83625730994152,False,True,False
1772928000000,0.000854,0.000907,0.000831,0.000885,9203158.29,2026-03-08,0.03629976580796246,0.035656451219359585,0.03629976580796246,0.0684828803426631,1.308363591862003,0.05449054420086652,1.0410403852237935,0.04899586676884327,0.9360647202822237,0.06739919160200936,1.287659747542259,0.0009704000000000001,0.0009572253877466276,0.0010777,0.0010488669764017475,0.00120425,0.0012037358333372007,0.00168248,0.0015712357799748484,0.00199634,0.0019793719473046815,-0.19909502262443446,-19.90950226244344,-0.2550505050505051,-25.5050505050505,-0.4590464547677262,-45.904645476772615,8.493150684931493,18.66666666666667,21.288014311270132,0.0010810854776575757,0.0012897404312725205,-0.00020865495361494478,-0.00019953089388505325,-9.124059729891527e-06,-1.0309672011176865,0.00120425,0.00019259280059778596,0.001589435601195572,0.0008190643988044281,0.6397103611302836,0.08558938988232613,0.00013928571428571424,15.738498789346242,0.00015257142857142854,17.23970944309927,0.00014552380952380953,16.443368307775085,19000009.848500002,0.4843765010325278,-542425700.46,0.0030123974831701545,28.21023673598736,-151.52451131800714,29.494506932060474,11.695906432748536,6.874439184380702,-88.30409356725146,False,False,True
1773014400000,0.000885,0.000942,0.000865,0.000911,8969919.48,2026-03-09,0.029378531073446235,0.028955252252028715,0.029378531073446235,0.07521614469934426,1.4370024267735018,0.05688364712291824,1.0867605523535118,0.05056308916403188,0.9660064621008447,0.06408763986656225,1.2243926404704315,0.0009346000000000001,0.0009418169251644184,0.0010500000000000002,0.0010238002534196115,0.0011715000000000002,0.0011758562301565742,0.0016532999999999997,0.0015453407230112853,0.00197025,0.0019579686310321814,-0.16422018348623857,-16.422018348623855,-0.23316498316498313,-23.316498316498315,-0.4182630906768837,-41.82630906768837,18.5064935064935,28.62523540489643,18.13953488372094,0.0010549184810948718,0.0012616855835241535,-0.0002067671024292817,-0.00020097813559389894,-5.7889668353827564e-06,-0.6354519028960216,0.0011715000000000002,0.00018330719111857774,0.0015381143822371557,0.0008048856177628448,0.6258888301103805,0.1447220668071227,0.00013928571428571424,15.289320997334164,0.0001449285714285714,15.908734514662063,0.00014066666666666668,15.44090742773509,18616369.228,0.48182969354243194,-533455780.98,0.003004800813135569,25.535606612291023,-128.85866716008258,34.50972494783652,15.49707602339181,11.452241715399609,-84.50292397660819,True,False,False
1773100800000,0.000911,0.000938,0.000862,0.000867,8369968.65,2026-03-10,-0.04829857299670692,-0.04950392047941648,0.04829857299670692,0.07385622442700326,1.41102118645091,0.052731566998967076,1.0074351729668722,0.05068864395790739,0.9684051830697716,0.0612449221054727,1.1700825939020192,0.0008914,0.0009168779501096124,0.0010134,0.0009952911164342276,0.00113985,0.0011464413510886451,0.0016177,0.0015187357127976503,0.00194788,0.0019361176829627632,-0.19944598337950137,-19.944598337950133,-0.2968369829683698,-29.683698296836976,-0.42199999999999993,-42.199999999999996,16.913946587537083,21.811460258780016,16.531165311653112,0.0010260079455418146,0.0012324496134214283,-0.00020644166787961373,-0.00020207084205104193,-4.3708258285718e-06,-0.5041321601582238,0.00113985,0.00017817828888944993,0.0014962065777788997,0.0007834934222211001,0.6252692508293193,0.11716716203104759,0.00013242857142857137,15.274345032130492,0.00013685714285714283,15.785137584445538,0.0001376190476190476,15.87301587301587,18320075.0815,0.4568741455897291,-541825749.63,0.002997704480844079,22.26914626357041,-121.22465549861741,36.938788066682974,9.064327485380115,12.085769980506823,-90.93567251461988,False,True,False
1773187200000,0.000867,0.000898,0.00079,0.000812,24585853.22,2026-03-11,-0.06343713956170705,-0.06553863661886392,0.06343713956170705,0.05728061196037838,1.0943445549244244,0.05321694205154767,1.016708250326017,0.05130267279630478,0.9801361875557494,0.060650695036731886,1.1587299016941388,0.0008658000000000001,0.0008819186334064083,0.0009735000000000001,0.0009619654589007317,0.00110845,0.0011145897938368188,0.00158596,0.0014910171701690805,0.00192807,0.0019136079033088354,-0.13617021276595742,-13.617021276595743,-0.32947976878612717,-32.947976878612714,-0.4361111111111111,-43.611111111111114,14.805194805194802,17.86941580756013,13.439434129089307,0.0009930836462276893,0.0012013051966726339,-0.00020822155044494459,-0.00020330098372982252,-4.920566715122069e-06,-0.605981122551979,0.00110845,0.0001778347769552688,0.0014641195539105375,0.0007527804460894624,0.6417421695350038,0.08325080578225878,0.00010814285714285711,13.318085855031663,0.00012757142857142855,15.710767065446865,0.00013747619047619047,16.93056532958011,18475013.719,1.3307623796087098,-566411602.85,0.0029765893070746187,22.293848882047968,-130.6993057046739,26.833531419832198,3.147353361945635,9.236252290239188,-96.85264663805437,False,True,False
1773273600000,0.000812,0.000824,0.000765,0.000784,16189361.48,2026-03-12,-0.034482758620689724,-0.03509131981127017,0.034482758620689724,0.0459061831945004,0.8770363984765776,0.0528312902249824,1.009340382524774,0.05131683527186317,0.9804067612713776,0.06057153593706358,1.1572175692184548,0.0008518,0.0008492790889376055,0.0009330999999999999,0.0009296081027369622,0.00107725,0.0010831050515619158,0.00155586,0.0014632877226908392,0.00190604,0.0018909932152033294,-0.08196721311475419,-8.196721311475418,-0.3400673400673401,-34.006734006734014,-0.44318181818181823,-44.31818181818182,21.1111111111111,16.77631578947367,13.14878892733563,0.0009609169314234294,0.0011703936997591322,-0.00020947676833570278,-0.0002045361406509986,-4.940627684704198e-06,-0.6301821026408415,0.00107725,0.00017725208780596161,0.0014317541756119234,0.0007227458243880768,0.6581650974461327,0.08639415248944528,0.00010014285714285713,12.773323615160347,0.00012621428571428568,16.098760932944604,0.00013376190476190476,17.061467444120503,18977099.6795,0.8530998810892346,-582600964.33,0.002962638641739339,22.488195417942872,-131.42011660953386,27.479627448641395,2.6243093922651965,4.945330079863651,-97.3756906077348,False,True,False
1773360000000,0.000784,0.000822,0.000782,0.000795,7341006.58,2026-03-13,0.0140306122448981,0.013933094303924191,0.0140306122448981,0.04028674738777717,0.769677228133065,0.05410074003938041,1.0335931871752764,0.05191296609917364,0.9917958247356621,0.060502698967760976,1.1559024407665117,0.0008338,0.000831186059291737,0.0009021000000000001,0.0009051339022393326,0.0010469,0.0010556664752189562,0.00152508,0.0014370773787058084,0.00188699,0.0018690562727866748,-0.10169491525423735,-10.16949152542373,-0.28054298642533937,-28.054298642533936,-0.43295292439372324,-43.295292439372325,34.871794871794876,18.255250403877213,14.858705560619867,0.0009353912496659786,0.0011425867583168495,-0.00020719550865087096,-0.00020506801425097305,-2.1274943998979084e-06,-0.2676093584777243,0.0010469,0.00017056065443735456,0.001388021308874709,0.0007057786911252908,0.651678878354588,0.13077651051620387,8.4e-05,10.566037735849056,0.0001234285714285714,15.525606469002689,0.00013119047619047618,16.501946690625935,18778120.9315,0.3909340347087433,-575259957.75,0.002956396293961306,22.44037957198677,-113.15485151971362,24.303814568765716,4.143646408839789,3.305103054350209,-95.85635359116021,False,False,True
1773446400000,0.000795,0.000818,0.000783,0.000806,6083490.54,2026-03-14,0.01383647798742138,0.013741627852296389,0.01383647798742138,0.03582240848981014,0.6843861532453369,0.055751172916440585,1.0651246630178943,0.05174795130429841,0.9886432215061682,0.05871838606179399,1.121813190563022,0.0008128,0.0008227907061944913,0.0008737,0.0008871095563776359,0.0010218,0.0010318887156713695,0.00149044,0.001412326540405569,0.00186889,0.0018477831264413123,-0.11525795828759611,-11.52579582875961,-0.26055045871559634,-26.05504587155964,-0.38379204892966357,-38.379204892966364,27.428571428571416,13.504273504273499,16.698656429942417,0.0009154849035635204,0.0011176544052516973,-0.00020216950168817688,-0.00020448831173841382,2.3188100502369443e-06,0.28769355461996826,0.0010218,0.00016701515846739235,0.0013558303169347848,0.0006877696830652153,0.6538076275881479,0.17697542848762993,6.72857142857143e-05,8.348103509393836,0.00011935714285714284,14.808578518255935,0.0001265238095238095,15.697743117097954,18321795.722999997,0.3320357148378846,-569176467.21,0.0029512568604418915,22.63291121651461,-99.7042394755229,21.783782085301326,5.6629834254143665,4.143646408839786,-94.33701657458563,False,False,True
1773532800000,0.000806,0.000823,0.000775,0.000802,7948137.47,2026-03-15,-0.004962779156327479,-0.004975134640113732,0.004962779156327479,0.03354399736203926,0.6408571697686944,0.0558165616358195,1.0663739127475462,0.04523286687990962,0.8641727083483387,0.05678909249365399,1.0849540886978895,0.0007998,0.0008158604707963276,0.0008456,0.0008716350915817021,0.001005,0.0010099945522716602,0.0014620800000000002,0.0013883896520727591,0.0018514,0.0018268600181304542,-0.07497116493656297,-7.497116493656293,-0.25946445060018464,-25.94644506001847,-0.29525483304042177,-29.525483304042176,14.379084967320253,13.932980599647266,17.647058823529406,0.000898025687630671,0.0010942725969366686,-0.00019624690930599754,-0.0002028400312519306,6.593121945933057e-06,0.8220850306649697,0.001005,0.0001715489802696956,0.0013480979605393912,0.0006619020394606088,0.682782011023664,0.2041661225836789,6.32857142857143e-05,7.89098681866762,0.00010128571428571427,12.629141432133947,0.0001228095238095238,15.312908205676285,17361244.695499998,0.45780919567709005,-577124604.6800001,0.002944571728717081,27.238037420001472,-90.13356006660288,11.848252336338405,7.82241014799155,5.876346660748571,-92.17758985200845,True,True,False
1773619200000,0.000802,0.000847,0.00079,0.000823,7615406.45,2026-03-16,0.026184538653366562,0.025847592810555296,0.026184538653366562,0.023690496549803028,0.4526063010755856,0.044327420748879305,0.846874184304011,0.045041500262588005,0.8605166542579062,0.05594710488415819,1.0688679380051747,0.000802,0.0008182403138642184,0.0008338999999999999,0.0008627923476577562,0.00098755,0.000992185547291614,0.0014384999999999997,0.0013662152711153353,0.0018335699999999999,0.0018067797897209322,0.013546798029556495,1.354679802955658,-0.12446808510638296,-12.4468085106383,-0.29778156996587035,-29.77815699658704,33.07692307692305,17.699115044247776,20.0,0.0008864832741490293,0.0010741783300842402,-0.00018769505593521087,-0.00019981103618858665,1.2115980253375773e-05,1.4721725702765218,0.00098755,0.00017141776454029925,0.0013303855290805985,0.0006447144709194016,0.6943152834400252,0.26001612137271307,6.0428571428571444e-05,7.34247526471099,9.985714285714284e-05,12.13331018920326,0.00011676190476190475,14.187351732916738,16513690.125,0.46115716065611956,-569509198.23,0.002938264687855283,31.07568254684521,-73.98119122257057,15.431537252555941,12.314225053078557,8.599872875494826,-87.68577494692144,True,False,False
1773705600000,0.000823,0.000952,0.000802,0.000862,17120495.72,2026-03-17,0.0473876063183476,0.04629906998662337,0.0473876063183476,0.019252333383156565,0.36781531283256097,0.03807245829645424,0.7273732944426576,0.04687961740590882,0.8956338329727177,0.05363230158204794,1.024643683014015,0.0008175999999999999,0.000832826875909479,0.0008347000000000001,0.0008626482844472551,0.00097135,0.0009797869237389025,0.00141122,0.0013464402058769804,0.0018173,0.0017878851425975732,0.09948979591836737,9.948979591836741,0.00936768149882905,0.9367681498829014,-0.27318718381112983,-27.318718381112983,71.9298245614035,26.67946257197697,23.214285714285722,0.0008827166165876402,0.0010584614164457985,-0.00017574479985815836,-0.000194997788922501,1.9252989064342645e-05,2.2335254134968263,0.00097135,0.0001669271114178559,0.0013052042228357118,0.0006374957771642881,0.6874025281015327,0.33623091678877676,7.100000000000002e-05,8.236658932714619,0.00010171428571428571,11.799801126947298,0.00011490476190476189,13.330018782454975,16054844.938499998,1.066375650813328,-552388702.51,0.0029245661361275623,32.581967627887636,-47.35483965291638,24.513373889917403,20.59447983014864,13.577038343739583,-79.40552016985136,True,False,False
1773792000000,0.000862,0.001195,0.000848,0.000857,31434739.13,2026-03-18,-0.0058004640371229765,-0.005817352065913314,0.0058004640371229765,0.022394391777205452,0.427844254163712,0.036084041411928086,0.6893846432039775,0.046771345031906914,0.8935652921718672,0.053638027892454844,1.0247530840207282,0.00083,0.0008408845839396527,0.0008319,0.0008616213236386632,0.0009547999999999999,0.0009680929310009005,0.0013841600000000002,0.001327244684139767,0.0018014700000000001,0.0017692720415376294,0.07798742138364778,7.798742138364778,-0.031638418079096065,-3.163841807909608,-0.27861952861952866,-27.861952861952865,90.10989010989012,27.201565557729936,25.462459194776926,0.0008787602140356955,0.001043538348298172,-0.00016477813426247654,-0.00018895385799049615,2.4175723728019603e-05,2.8209712634795334,0.0009547999999999999,0.0001606056301038234,0.0012760112602076467,0.0006335887397923531,0.6728346464341157,0.3477637428762972,0.00010514285714285717,12.268711451908654,0.00010664285714285714,12.443740623437238,0.00012009523809523809,14.013446685558703,16817033.085,1.8692202703720848,-583823441.64,0.0029010200867120323,31.81960163192527,-1.0475691633730952,42.24217937262132,21.395348837209312,18.101351240145505,-78.60465116279069,True,False,False
1773878400000,0.000857,0.000895,0.000817,0.000867,8731934.97,2026-03-19,0.01166861143523934,0.011601058182762195,0.01166861143523934,0.022451427321028967,0.4289339166984557,0.03474917168854093,0.6638819929471566,0.047041753249525704,0.8987314339156501,0.04854500948561852,0.9274511039806675,0.0008421999999999999,0.0008495897226264351,0.0008275000000000001,0.0008625992647952699,0.00093875,0.0009584650328096207,0.00135094,0.0013091942574370427,0.00178381,0.0017512345436653447,0.07568238213399514,7.568238213399512,-0.04829857299670692,-4.82985729967069,-0.2702020202020202,-27.020202020202017,90.0,28.98832684824903,32.1475625823452,0.0008769509503378962,0.001030461433396227,-0.0001535104830583308,-0.0001818651830040631,2.8354699945732308e-05,3.270438286704995,0.00093875,0.00015187663795952378,0.0012425032759190476,0.0006349967240809524,0.6471441297875848,0.3818942778758346,0.00010785714285714287,12.440270225737354,0.00010400000000000002,11.99538638985006,0.00012009523809523809,13.851815235898279,16534892.354500001,0.5280914313072977,-575091506.67,0.0028942233867852904,31.233495558560264,-47.21175711909859,44.80133563295208,23.720930232558153,21.903586299972037,-76.27906976744184,False,True,False
1773964800000,0.000867,0.000867,0.000801,0.000827,8104612.03,2026-03-20,-0.046136101499423265,-0.0472342817568505,0.046136101499423265,0.035382634188975345,0.6759842770250348,0.034450995268313474,0.6581853404374298,0.04585182911808186,0.8759979653046743,0.045262880978805646,0.8647461269026053,0.0008472,0.00084205981508429,0.0008234999999999999,0.00085612667119613,0.00091845,0.0009459445534935741,0.00132424,0.0012902830524886926,0.0017680299999999999,0.0017327614845005863,0.03117206982543652,3.117206982543649,-0.046136101499423265,-4.613610149942329,-0.3292781832927818,-32.927818329278175,58.82352941176474,36.253041362530425,27.450980392156865,0.0008692661887474507,0.0010153902158801132,-0.00014612402713266252,-0.00017471695182978299,2.859292469712047e-05,3.457427411985546,0.00091845,0.0001368685404627908,0.0011921870809255817,0.0006447129190744184,0.596084884153915,0.33296015342389496,0.00011157142857142861,13.49110381758508,9.778571428571432e-05,11.824149248574885,0.00011947619047619048,14.446939598088326,16396235.363499999,0.4942971267686146,-583196118.6999999,0.00288786908993895,30.797284370751992,-57.30777159348582,48.71983043348161,14.41860465116281,19.844961240310095,-85.58139534883719,False,True,False
1774051200000,0.000827,0.000837,0.00081,0.00081,3992742.78,2026-03-21,-0.02055622732769058,-0.020770447357207,0.02055622732769058,0.035108322168066884,0.6707435532241242,0.028390089745467098,0.5423919030100115,0.045853086421792456,0.8760219860583376,0.0437843920360563,0.836499635312521,0.0008446,0.0008313732100561933,0.0008233000000000001,0.0008477400037059245,0.0008983999999999999,0.0009329974531600626,0.0012945399999999998,0.0012714468667256625,0.0017531299999999999,0.0017143212874302946,-0.015795868772782495,-1.579586877278249,-0.0024630541871921707,-0.24630541871921782,-0.3311312964492156,-33.11312964492156,53.03030303030302,43.56725146198829,25.52083333333333,0.0008601483135555352,0.0010001761256022705,-0.00014002781204673533,-0.00016777912387317347,2.7751311826438137e-05,3.4260878798071777,0.0008983999999999999,0.00012010144834568155,0.001138602896691363,0.0006581971033086368,0.5347348546112268,0.31598889685001347,0.00011042857142857145,13.633156966490304,8.885714285714288e-05,10.970017636684307,0.00011638095238095237,14.368018812463257,15550524.918000001,0.2567593570669972,-587188861.4799999,0.0028847338191101742,31.8759286740393,-62.596999482669396,54.84814978491378,10.465116279069766,16.20155038759691,-89.53488372093024,False,False,True
1774137600000,0.00081,0.000822,0.00077,0.000803,8950209.45,2026-03-22,-0.00864197530864197,-0.00867953371972277,0.00864197530864197,0.021392022872093894,0.40869402312055986,0.02596317693030422,0.4960257987793706,0.04590993119593173,0.8771080039433813,0.04345798051424501,0.8302635519444546,0.0008328000000000001,0.0008219154733707956,0.0008252000000000001,0.0008396054575775746,0.0008791500000000001,0.0009206167433346111,0.00126736,0.0012530749429930672,0.00173808,0.001696113016899163,-0.06844547563805103,-6.844547563805108,0.02423469387755106,2.4234693877551057,-0.32407407407407407,-32.407407407407405,41.52542372881359,37.10691823899371,25.097024579560156,0.0008513562653162221,0.000985570486479746,-0.00013421422116352403,-0.0001610661433312436,2.6851922167719564e-05,3.3439504567521245,0.0008791500000000001,0.00010049471051801114,0.0010801394210360224,0.0006781605789639778,0.4572357869215089,0.31056216887566407,0.00011100000000000003,13.823163138231633,8.714285714285715e-05,10.852161537093046,0.00010452380952380952,13.016663701595208,15222495.414,0.587959411816841,-596139070.93,0.0028776701757323247,32.55316492296742,-76.67183116284909,49.53693949831908,8.837209302325592,11.240310077519391,-91.16279069767441,False,True,False
1774224000000,0.000803,0.00081,0.00076,0.000786,9927933.7,2026-03-23,-0.021170610211706076,-0.0213979215175551,0.021170610211706076,0.02103980544080417,0.4019649185441633,0.02663406792537318,0.5088431532432054,0.044296787519152316,0.8462889372718273,0.04323864822062796,0.8260732143585898,0.0008186000000000001,0.0008099436489138638,0.0008243,0.0008298590107452883,0.0008632,0.0009077961011116267,0.00124196,0.0012347568814901088,0.00172443,0.0016779321256869158,-0.08284714119019831,-8.284714119019835,-0.01132075471698113,-1.1320754716981134,-0.28868778280542995,-28.86877828054299,10.416666666666686,29.773462783171524,24.55696202531645,0.0008413014552675726,0.0009707874873040999,-0.00012948603203652735,-0.00015475012107230035,2.5264089035772997e-05,3.2142606915741725,0.0008632,8.719765810468182e-05,0.0010375953162093635,0.0006888046837906363,0.4040669977047349,0.27866378043284035,0.00011000000000000003,13.99491094147583,8.521428571428575e-05,10.841512177390044,0.00010323809523809525,13.134617714770386,14229892.9625,0.697681544489692,-606067004.63,0.002869842001832197,33.986867771804164,-88.19518108804382,43.923638676710965,5.977011494252869,8.426445691882746,-94.02298850574712,False,True,False
1774310400000,0.000786,0.000825,0.000772,0.000781,8215611.79,2026-03-24,-0.006361323155216314,-0.006381642589520609,0.006361323155216314,0.015796761425822845,0.3017967032849979,0.02616082234731885,0.49980180916950645,0.04434615256580428,0.847232055163873,0.043211231671215274,0.825549421917522,0.0008014000000000001,0.0008002957659425759,0.0008217999999999999,0.0008209755542461451,0.0008477499999999999,0.0008957202819575925,0.00121784,0.0012169611899734481,0.00171114,0.0016600176696084077,-0.09919261822376013,-9.919261822376011,-0.03101736972704705,-3.1017369727047095,-0.2834862385321101,-28.348623853211013,10.416666666666686,34.074074074074076,19.866666666666674,0.0008320243083033307,0.0009567291547552196,-0.00012470484645188894,-0.00014874106614821807,2.403621969632912e-05,3.0776209598372755,0.0008477499999999999,7.07143065997848e-05,0.0009891786131995695,0.0007063213868004302,0.3336564156875722,0.2640152212133726,9.614285714285715e-05,12.310224986281327,8.357142857142859e-05,10.70056703859521,9.985714285714285e-05,12.785805743552222,12777028.513500001,0.6429986268966621,-614282616.42,0.002863430783977355,35.873651720548686,-77.28662774534344,48.83378261995555,4.827586206896544,6.547269001158337,-95.17241379310346,True,False,False
1774396800000,0.000781,0.000815,0.00077,0.000784,14213228.77,2026-03-25,0.003841229193341844,0.0038338705107218572,0.003841229193341844,0.010502513237436355,0.2006502336665022,0.02622945620351005,0.5011130571509047,0.044516401997051626,0.8504846659808348,0.043009596989033,0.8216971967233722,0.0007928,0.0007948638439617172,0.0008199999999999999,0.0008142527262013913,0.0008328000000000001,0.0008850802551040533,0.00119588,0.001199981124331197,0.00169978,0.0016425239310528638,-0.051995163240628806,-5.199516324062886,-0.02244389027431426,-2.244389027431422,-0.27608494921514315,-27.608494921514314,3.3707865168538973,43.577981651376135,20.79343365253078,0.0008246359531797414,0.0009439344024196811,-0.00011929844923993973,-0.00014285254276656241,2.3554093526622684e-05,3.004348664110036,0.0008328000000000001,4.5457441056025925e-05,0.000923714882112052,0.0007418851178879482,0.2183354517580497,0.23161709685849632,5.3e-05,6.760204081632653,7.907142857142859e-05,10.085641399416913,8.876190476190477e-05,11.32167152575316,12627573.072,1.1255708986167725,-600069387.65,0.0028524162349783592,37.682467732502595,-77.69726247987107,52.26977060033795,5.517241379310329,5.440613026819917,-94.48275862068967,False,True,False
1774483200000,0.000784,0.000793,0.000745,0.000754,8758713.59,2026-03-26,-0.03826530612244894,-0.03901665234245173,0.03826530612244894,0.01616723914533023,0.3088746701779523,0.026463052467592875,0.5055759075098805,0.035587257266760916,0.6798935954370205,0.043091217212295946,0.823256548899311,0.0007816,0.0007812425626411447,0.0008131,0.0008032976850738656,0.0008235000000000001,0.0008725964212841577,0.00117354,0.0011824904853719002,0.0016881399999999999,0.0016247834212157262,-0.06913580246913575,-6.913580246913574,-0.08383961117861471,-8.383961117861476,-0.19787234042553192,-19.78723404255319,3.797468354430336,43.18181818181819,20.596205962059614,0.0008137688834597812,0.000929865187291796,-0.00011609630383201477,-0.0001375012949796529,2.1404991147638125e-05,2.838858242392324,0.0008235000000000001,4.119849256304586e-05,0.0009058969851260918,0.0007411030148739084,0.20011411081018016,0.07826126833618599,4.871428571428572e-05,6.460780598711634,7.82857142857143e-05,10.382720727548316,8.557142857142857e-05,11.348995831754452,12007415.003999999,0.7294420645144881,-608828101.24,0.002845603008126387,39.32163982703918,-113.75444353295039,54.8151006295478,2.0,4.114942528735626,-98.0,False,True,False
1774569600000,0.000754,0.000806,0.000746,0.000773,8578965.84,2026-03-27,0.025198938992042397,0.024886680579465848,0.025198938992042397,0.024147566810845008,0.4613386161516739,0.02178144707152933,0.41613396200429165,0.030832005710925196,0.5890446420245763,0.04163426832991678,0.795421579584777,0.0007756000000000001,0.0007784950417607633,0.0008042,0.0007977890150604356,0.00081945,0.0008631110478282061,0.00115546,0.0011664309912675043,0.0016769099999999998,0.0016077792759938325,-0.03735990037359893,-3.7359900373598967,-0.1032482598607889,-10.324825986078885,-0.09484777517564402,-9.484777517564403,27.160493827160508,45.17543859649123,25.37091988130564,0.0008074967475428918,0.0009182455436863547,-0.00011074879614346282,-0.0001321507952124149,2.1401999068952073e-05,2.7686932818825447,0.00081945,4.201562992373674e-05,0.0009034812598474734,0.0007354187401525266,0.20509185392024756,0.2236147590532848,4.785714285714284e-05,6.191092219552761,7.971428571428572e-05,10.312326741822215,8.114285714285714e-05,10.497135464793937,11216774.4965,0.764833584082208,-600249135.4,0.00283900759970986,41.03834464419174,-88.08190601668866,55.09348054064004,6.222222222222228,4.579821200510854,-93.77777777777777,True,False,False
1774656000000,0.000773,0.000802,0.000768,0.000781,7866107.11,2026-03-28,0.010349288486416475,0.01029610125226392,0.010349288486416475,0.023749020136442096,0.45372439262840303,0.022755608920940824,0.43474529800496126,0.029543102697224294,0.5644201845232332,0.039281787142540006,0.7504774896063271,0.0007746,0.0007793300278405088,0.0007966,0.0007947364668676292,0.0008142500000000001,0.0008552909480348069,0.0011347,0.0011513151065849164,0.00166644,0.0015912769453733924,-0.006361323155216314,-0.6361323155216301,-0.08868144690781798,-8.868144690781797,-0.11751412429378538,-11.751412429378535,36.58536585365852,44.44444444444445,26.836581709145435,0.0008034203248439853,0.0009080792070340835,-0.0001046588821900982,-0.00012665241260795154,2.1993530417853348e-05,2.816073036857023,0.0008142500000000001,3.9856155834305034e-05,0.0008939623116686102,0.00073453768833139,0.1957932125725762,0.2914374874847997,4.885714285714284e-05,6.255716114871042,7.964285714285713e-05,10.197548929943295,7.552380952380953e-05,9.670142064508262,11149921.937499998,0.7054853974846496,-592383028.29,0.002833022283533089,42.61779571619549,-68.73995705530218,55.54509014568223,8.0,5.407407407407412,-92.0,False,False,True
1774742400000,0.000781,0.000839,0.000781,0.00081,10395708.73,2026-03-29,0.03713188220230457,0.03645909782679832,0.03713188220230457,0.028753933906366734,0.5493431359437131,0.02645090853872989,0.5053438980747196,0.03007525582314153,0.574586955718631,0.03999329461348516,0.764070820752221,0.0007804,0.0007895533518936726,0.0007909,0.0007975116547098785,0.0008092,0.0008509775244123262,0.00111502,0.0011379293974064359,0.00165622,0.0015756852914857794,0.03713188220230457,3.713188220230467,-0.06574394463667832,-6.574394463667829,-0.11086717892425912,-11.086717892425913,62.76595744680849,51.599999999999994,30.188679245283026,0.0008044325825602951,0.0009008140805322525,-9.638149797195738e-05,-0.00012059822968075272,2.4216731708795333e-05,2.989719964048807,0.0008092,3.2710210863437094e-05,0.0008746204217268742,0.0007437795782731259,0.16169160090675774,0.5061142987073658,4.9714285714285685e-05,6.137566137566134,8.035714285714287e-05,9.920634920634923,7.466666666666666e-05,9.218106995884773,11221211.4,0.9264337297842905,-581987319.56,0.0028252664238753735,40.370915841543194,-18.032221510568217,61.155154890474606,14.444444444444432,9.555555555555555,-85.55555555555557,True,False,False
1774828800000,0.00081,0.000864,0.00081,0.000822,9859860.47,2026-03-30,0.014814814814814836,0.014706147389695487,0.014814814814814836,0.028809166509961168,0.5503983533537449,0.02310339743116437,0.4413897881631963,0.028615546543751834,0.5466992490932597,0.04018776792928912,0.76778622823382,0.000788,0.0008003689012624484,0.0007904000000000001,0.0008019640811262642,0.0008069500000000001,0.0008482177601825125,0.00109646,0.0011255392951129665,0.00164543,0.001560646599699918,0.04846938775510212,4.846938775510211,-0.006045949214026569,-0.6045949214026618,-0.05190311418685123,-5.1903114186851225,70.29702970297032,49.792531120331965,39.426523297491045,0.0008071352621664036,0.0008949760004520063,-8.784073828560274e-05,-0.00011404673140172271,2.6205993116119977e-05,3.1880770214257876,0.0008069500000000001,2.9956942785376317e-05,0.0008668638855707527,0.0007470361144292474,0.14849466651156246,0.6255969284634972,5.0285714285714266e-05,6.11748348974626,8.014285714285716e-05,9.74973931178311,7.35714285714286e-05,8.950295446645814,11295705.991,0.8728857211630661,-572127459.0899999,0.0028180447980571083,38.762602108165915,34.437376617679064,61.73315848582522,17.111111111111114,13.185185185185183,-82.88888888888889,True,False,False
1774915200000,0.000822,0.000843,0.000816,0.000823,6351854.32,2026-03-31,0.001216545012165282,0.001215805620889728,0.001216545012165282,0.013855366556904032,0.26470640639310894,0.02198826319465201,0.42008517848861343,0.024729785076932957,0.472461880507013,0.039719878614252656,0.7588472154213932,0.0008018000000000001,0.0008079126008416322,0.0007917,0.0008057887936487616,0.0008075000000000001,0.000845816068736505,0.00107998,0.0011136743519593701,0.00163466,0.001545930167100509,0.09151193633952248,9.151193633952246,0.016049382716049276,1.6049382716049374,0.013546798029556495,1.354679802955658,69.6969696969697,40.39408866995072,46.72304439746299,0.0008095759910638799,0.0008896444448284517,-8.00684537645718e-05,-0.00010725107587429252,2.7182622109720724e-05,3.302870244194499,0.0008075000000000001,3.0154863446339167e-05,0.0008678097268926784,0.0007471902731073217,0.14937393657629314,0.6285033177780947,4.6571428571428554e-05,5.658739802117687,7.135714285714285e-05,8.670369727477869,7.123809523809524e-05,8.655904646184112,10384006.046,0.6116959381439097,-565775604.7699999,0.002813409312316256,38.98946810011064,25.157232704402066,54.389264252592845,17.333333333333318,16.29629629629629,-82.66666666666669,False,False,True
1775001600000,0.000823,0.00085,0.000821,0.000833,7085699.61,2026-04-01,0.012150668286755817,0.012077441489772923,0.012150668286755817,0.01331820161504017,0.25444388458849504,0.021872737017303717,0.4178780539694168,0.023372953515701435,0.4465396499273117,0.039845764006132676,0.7612522524563278,0.0008137999999999999,0.0008162750672277549,0.0007947,0.0008107362857126231,0.00080995,0.000844595490761575,0.00106448,0.0011026669289508268,0.0016234,0.0015317089525665668,0.07761966364812412,7.7619663648124115,0.03735990037359893,3.7359900373598967,0.0625,6.25,100.0,44.23076923076922,44.247787610619454,0.00081317968474636,0.0008854485600011917,-7.226887525483173e-05,-0.00010025463575040037,2.7985760495568643e-05,3.359635113513643,0.00080995,3.0135614530843227e-05,0.0008702212290616865,0.0007496787709383136,0.14882703638912645,0.6912189311454782,4.428571428571426e-05,5.31641227919739,4.864285714285713e-05,5.839478648602297,6.747619047619047e-05,8.100383010346995,9928822.9525,0.7136495074892917,-558689905.1599998,0.002808282684364577,38.5906756097203,36.70916615630189,42.94003135562221,58.666666666666664,31.037037037037035,-41.333333333333336,True,False,False
1775088000000,0.000833,0.000845,0.00082,0.00082,8711829.24,2026-04-02,-0.015606242496998823,-0.01572930190854392,0.015606242496998823,0.019343981572687404,0.3695662490350431,0.02122555030312522,0.4055135691561161,0.023594980831677607,0.4507814758430522,0.03976823711262493,0.7597711032355566,0.0008216000000000001,0.0008175167114851698,0.0007981,0.0008124205974012371,0.0008112,0.0008422530630699533,0.00104968,0.0010915813846421975,0.0016123199999999998,0.0015175141646977535,0.049935979513444195,4.993597951344427,0.043256997455470625,4.325699745547069,0.03144654088050314,3.144654088050309,82.1917808219178,38.862559241706144,39.63553530751708,0.0008142289640161508,0.0008806005184927129,-6.637155447656207e-05,-9.347801949563272e-05,2.710646501907065e-05,3.3056664657403227,0.0008112,3.0001052613006934e-05,0.0008712021052260138,0.0007511978947739861,0.14793418448228268,0.5733307603695942,4.099999999999999e-05,4.999999999999998,4.485714285714286e-05,5.470383275261324,6.585714285714287e-05,8.031358885017422,9997364.085499998,0.8714126209162958,-567401734.3999999,0.002801995705995813,37.79269692092059,19.64651302567608,43.068253757074615,61.475409836065545,45.82513661202184,-38.52459016393446,False,True,False
1775174400000,0.00082,0.00083,0.000602,0.000747,39791881.6,2026-04-03,-0.08902439024390241,-0.09323915512548146,0.08902439024390241,0.04292032296262513,0.8199916188436664,0.036501882351541455,0.6973674831465168,0.030912261356448433,0.5905779239794033,0.0412199232413084,0.7875055277819103,0.000809,0.0007940111409901132,0.0007947,0.0008005259433282848,0.0008082499999999999,0.000833181342777426,0.00103408,0.0010780677254273374,0.00160049,0.0015021487195233715,-0.07777777777777761,-7.777777777777767,-0.04353393085787449,-4.353393085787446,-0.07320099255583112,-7.320099255583116,37.68115942028986,33.60655737704917,37.17948717948718,0.0008038860464752045,0.0008707041837386881,-6.681813726348363e-05,-8.814604304920291e-05,2.1327905785719278e-05,2.855141336776342,0.0008082499999999999,3.326271027337547e-05,0.0008747754205467509,0.000741724579453249,0.16461594938880536,0.039649659509057564,6.5e-05,8.701472556894242,5.642857142857142e-05,7.554025626314781,7.48095238095238e-05,10.014661821890735,11682783.6385,3.4060274358645097,-607193615.9999999,0.002772321700894815,40.08912267479492,-179.0561947640486,35.07197459193971,55.34351145038171,58.495195984371314,-44.656488549618295,False,True,False
1775260800000,0.000747,0.00075,0.000541,0.000668,30810044.89,2026-04-04,-0.10575635876840705,-0.11177701159617169,0.10575635876840705,0.05417348152808033,1.0349829113655646,0.048445631881135674,0.9255524975128725,0.03848205623000755,0.7351986519755418,0.04235865926275307,0.8092610489244962,0.0007781999999999999,0.0007520074273267421,0.0007830999999999999,0.0007764303172685966,0.00080155,0.0008174497863221965,0.00101552,0.001061985879253179,0.00158811,0.0014855166119274567,-0.18734793187347942,-18.734793187347936,-0.14795918367346939,-14.795918367346939,-0.16708229426433918,-16.708229426433917,12.234042553191486,26.797385620915023,35.36585365853658,0.0007829805008636346,0.000855689058945852,-7.270855808221737e-05,-8.505854605580581e-05,1.2349987973588438e-05,1.8488005948485688,0.00080155,4.574238504349513e-05,0.0008930347700869903,0.0007100652299130098,0.22826965276524291,-0.2299029110146488,9e-05,13.47305389221557,6.942857142857143e-05,10.39349871685201,8.30952380952381e-05,12.439406900484745,12825879.0095,2.4021780391955443,-638003660.8899999,0.0027491192799069136,40.97689873306026,-253.90603734552806,30.733748842158278,39.3188854489164,52.045935578454554,-60.6811145510836,False,True,False
1775347200000,0.000668,0.000714,0.000645,0.000673,8997319.4,2026-04-05,0.007485029940119681,0.0074571561080819995,0.007485029940119681,0.05540703366532267,1.0585498918569796,0.048140518654245235,0.9197233174979325,0.037819817705809215,0.7225466027355838,0.04235827127379697,0.8092536364058979,0.0007482,0.000725671618217828,0.000775,0.0007576248050379427,0.0007940499999999999,0.0008036926638151335,0.00099682,0.0010467308393924768,0.00157455,0.0014693180471872472,-0.1822600243013366,-18.226002430133654,-0.10742705570291777,-10.74270557029178,-0.1822600243013366,-18.226002430133654,8.839779005524846,28.61842105263156,38.16631130063966,0.0007660604238076908,0.0008421565360013475,-7.60961121936567e-05,-8.326605928337599e-05,7.169947089719284e-06,1.0653710385912756,0.0007940499999999999,5.365334639089214e-05,0.0009013566927817842,0.0006867433072182157,0.2702769165210862,-0.06403751183611482,9.157142857142858e-05,13.606452982381661,7.064285714285713e-05,10.49670982806198,8.40952380952381e-05,12.495577725889763,12894974.657000002,0.6977384321663502,-629006341.4899999,0.0027425166670116156,42.25719514552482,-176.63817663817676,35.48153485766076,40.866873065015476,45.17642332143786,-59.133126934984524,False,False,True
1775433600000,0.000673,0.0008,0.000673,0.000753,12758686.62,2026-04-06,0.11887072808320953,0.1123198981551658,0.11887072808320953,0.08962049195235357,1.7121970946390437,0.06270482832601557,1.1979740630828388,0.04596092409558444,0.8780822219233385,0.046232158849730004,0.8832641546252932,0.0007322,0.0007347810788118853,0.000773,0.0007567839313946805,0.0007886000000000001,0.0007988647910707755,0.0009791,0.0010352114811462742,0.00156103,0.0014550392424339453,-0.09603841536614643,-9.603841536614645,-0.02587322121604141,-2.5873221216041467,-0.1264501160092808,-12.645011600928079,36.538461538461554,45.50408719346049,46.09665427509294,0.0007640511278372769,0.0008355523481224522,-7.150122028517537e-05,-8.091309148373587e-05,9.411871198560499e-06,1.2499164938327356,0.0007886000000000001,5.1895035762930164e-05,0.0008923900715258604,0.0006848099284741398,0.263226151473143,0.32849997366496647,0.00010200000000000001,13.545816733067731,7.614285714285716e-05,10.111933219502943,8.742857142857144e-05,11.6107000569152,12676884.202000001,1.0064528804315411,-616247654.8699999,0.0027335165592956246,41.99743191861979,-76.68118045476551,41.967077375511714,65.63467492260061,48.606811145510825,-34.36532507739938,True,False,False
1775520000000,0.000753,0.0008,0.000724,0.000727,10312292.07,2026-04-07,-0.03452855245683928,-0.03513875026637418,0.03452855245683928,0.08995604434895138,1.7186078141746985,0.06341719245902541,1.2115837607344984,0.04640997847356475,0.8866613937685632,0.04628261131144163,0.8842280475528834,0.0007136,0.0007321873858745902,0.0007676,0.0007513686711411022,0.0007821,0.000792020525254435,0.0009609200000000001,0.0010231242505071814,0.00154697,0.0014405287019660716,-0.11341463414634145,-11.341463414634143,-0.06914212548015364,-6.914212548015366,-0.15169194865810975,-15.16919486581097,30.79710144927536,43.04123711340206,42.857142857142854,0.0007583509543238497,0.0008275114334163398,-6.916047909249004e-05,-7.856256900548671e-05,9.402089912996674e-06,1.2932723401646045,0.0007821,5.1010731584989116e-05,0.0008841214631699783,0.0006800785368300217,0.2608910962024761,0.22995878373064643,0.00010900000000000002,14.993122420907842,7.778571428571428e-05,10.699548044802514,8.390476190476191e-05,11.541232724176329,11620761.849000001,0.8874024099278311,-626559946.9399999,0.002726331319520563,41.84414547670856,-56.07346984074139,42.48218298508152,57.585139318885446,54.695562435500506,-42.414860681114554,False,False,False
1775606400000,0.000727,0.000742,0.00066,0.00068,13141104.63,2026-04-08,-0.06464924346629974,-0.06683367936336686,0.06464924346629974,0.08588875918758057,1.640902440273493,0.06401092433970167,1.222926992387689,0.047893632601175996,0.9150065660768759,0.04665218275599716,0.891288700087194,0.0007002,0.0007147915905830601,0.0007546,0.0007383925491154474,0.00077275,0.0007813519038015244,0.0009432,0.0010096678564400635,0.0015315200000000002,0.001425372569751739,-0.08969210174029452,-8.96921017402945,-0.16049382716049376,-16.049382716049372,-0.21568627450980393,-21.56862745098039,27.41935483870968,37.96296296296297,39.76510067114095,0.0007462969613509498,0.0008165846605324658,-7.0287699181516e-05,-7.690759504069258e-05,6.619895859176581e-06,0.9735140969377325,0.00077275,5.176248895823696e-05,0.000876274977916474,0.000669225022083526,0.2679391211037825,0.05204047435377126,0.0001165714285714286,17.142857142857146,8.042857142857144e-05,11.827731092436974,7.12857142857143e-05,10.483193277310924,11841220.331999999,1.1097762106906468,-639701051.5699999,0.002716991271648125,41.00823259248619,-128.55195554157478,43.139562342490905,43.0340557275542,55.417956656346746,-56.96594427244581,False,True,False
1775692800000,0.00068,0.000681,0.000562,0.000604,38241147.88,2026-04-09,-0.11176470588235299,-0.11851860023533749,0.11176470588235299,0.08749055280429045,1.6715046643518894,0.06961925854768804,1.3300740669851394,0.05245961175007033,1.0022394752320238,0.04846886638325596,0.9259963920526044,0.0006874,0.0006778610603887067,0.0007328,0.000713957540185366,0.0007616,0.0007644612462964633,0.0009252800000000001,0.000993758698401802,0.00151555,0.0014090059849594912,-0.0958083832335328,-9.580838323353284,-0.26520681265206814,-26.520681265206807,-0.2696493349455864,-26.964933494558647,27.156549520766774,34.30962343096233,33.17972350230416,0.0007244051211431114,0.0008008376485901729,-7.643252744706148e-05,-7.681258152196637e-05,3.8005407490489295e-07,0.06292286008359155,0.0007616,6.238876417056648e-05,0.0008863775283411329,0.000636822471658867,0.32767208072776516,-0.13152396948083733,0.00013000000000000002,21.523178807947023,8.549999999999999e-05,14.155629139072845,7.323809523809523e-05,12.125512456638283,13348047.124499999,2.8649245483865093,-677942199.4499999,0.0026892595310770606,40.707167221772366,-200.30416890320282,38.38194303032768,19.504643962848306,40.04127966976265,-80.4953560371517,False,True,False
1775779200000,0.000604,0.000618,0.00059,0.00059,6375418.91,2026-04-10,-0.023178807947019875,-0.02345166103504982,0.023178807947019875,0.08642057468327931,1.6510627610526238,0.06889916640208761,1.3163167258602444,0.052479443562146164,1.0026183614697353,0.04836308531787888,0.9239754476362008,0.0006708,0.0006485740402591378,0.0007095,0.0006914198056062086,0.0007505999999999999,0.0007478458895061868,0.00090828,0.0009779244361901957,0.0015007,0.0013926885784830733,-0.12332838038632976,-12.33283803863298,-0.28311057108140936,-28.31105710814094,-0.2716049382716048,-27.160493827160487,34.2741935483871,30.65539112050739,28.274760383386592,0.0007037274101980174,0.0007852200449440673,-8.149263474604995e-05,-7.77485921667831e-05,-3.7440425792668506e-06,-0.6345834880113306,0.0007505999999999999,7.205217407870084e-05,0.0008947043481574016,0.0006064956518425982,0.3839710848851631,-0.05723509406038316,0.00010142857142857143,17.191283292978206,8.32142857142857e-05,14.104116222760288,7.142857142857142e-05,12.106537530266342,13467180.931,0.47340411795645165,-684317618.3599999,0.0026846713742403154,40.542721649838235,-179.70323880365734,34.672497638405204,15.1702786377709,25.9029927760578,-84.82972136222911,False,False,True
1775865600000,0.00059,0.000594,0.000562,0.000568,6476111.65,2026-04-11,-0.037288135593220306,-0.03800111817861375,0.037288135593220306,0.03556030049713432,0.6793785870764322,0.06724460294319339,1.2847063353624915,0.05270461351506895,1.0069202273800382,0.04844631074414895,0.9255654671725303,0.0006338,0.0006217160268394252,0.0006830000000000001,0.0006689798409505342,0.00073885,0.0007307177095530889,0.00089148,0.0009618483947665754,0.0014857100000000001,0.0013762599504806054,-0.24568393094289498,-24.5683930942895,-0.3181272509003601,-31.81272509003601,-0.2926525529265255,-29.265255292652547,30.188679245283026,28.13141683778234,27.527216174183522,0.0006828462701675532,0.0007691296711998298,-8.628340103227655e-05,-7.945555393988179e-05,-6.827847092394758e-06,-1.2020857557033024,0.00073885,8.158771514849297e-05,0.000902025430296986,0.000575674569703014,0.441701103869489,-0.023516315198452205,7.614285714285716e-05,13.40543259557344,8.307142857142858e-05,14.625251509054326,7.166666666666666e-05,12.617370892018776,13343476.041,0.4853391747473518,-690793730.0099999,0.002679976446481828,40.544440232007936,-169.84944932807946,31.06833717744908,8.359133126934989,14.344685242518066,-91.64086687306501,False,True,False
1775952000000,0.000568,0.000576,0.000531,0.00054,8612526.29,2026-04-12,-0.04929577464788737,-0.05055227916283133,0.04929577464788737,0.03409249457446896,0.6513361942984754,0.0669781255544162,1.2796152919982813,0.05322732688382624,1.0169066522681212,0.048626664886186964,0.9290111282180842,0.0005964000000000001,0.0005944773512262836,0.000655,0.0006455289607777099,0.00072655,0.0007125541181669578,0.00087424,0.0009453047535855579,0.0014693699999999998,0.0013596027917504312,-0.25722145804676755,-25.722145804676757,-0.3414634146341463,-34.14634146341463,-0.3129770992366412,-31.297709923664126,0.0,22.22222222222223,25.264750378214814,0.0006608699209110066,0.0007521571029191696,-9.1287182008163e-05,-8.182187955353804e-05,-9.465302454624963e-06,-1.7528337878935116,0.00072655,9.198596860960033e-05,0.0009105219372192006,0.0005425780627807993,0.5064260882780283,-0.007006674006284798,7.271428571428572e-05,13.465608465608467,8.214285714285714e-05,15.211640211640212,7.133333333333334e-05,13.209876543209878,13277705.6705,0.6486456699469583,-699406256.2999998,0.002673689248400874,40.97878051239972,-159.9701072621769,26.01186750684252,2.7027027027027035,8.744038155802864,-97.29729729729729,False,True,False
1776038400000,0.00054,0.000598,0.00053,0.00055,4798857.21,2026-04-13,0.0185185185185186,0.018349138668196617,0.0185185185185186,0.04730089178442331,0.9036822686733592,0.06667109020961101,1.2737493899721415,0.053782625301677434,1.027515613645034,0.0483596291529277,0.9239094176975216,0.0005704000000000001,0.000579651567484189,0.0006353,0.0006281600588181263,0.000715,0.000697072773579534,0.0008590800000000001,0.000929802096011153,0.00145421,0.0013434784883154657,-0.19117647058823528,-19.117647058823533,-0.26372155287817944,-26.37215528781794,-0.2957746478873239,-29.57746478873239,5.076142131979708,21.900826446280988,28.050713153724246,0.000643813010001621,0.0007371825026672876,-9.336949266566667e-05,-8.413140217596377e-05,-9.238090489702898e-06,-1.6796528163096176,0.000715,9.902259178694669e-05,0.0009130451835738934,0.0005169548164261066,0.5539725414654361,0.08342839491868725,6.428571428571429e-05,11.688311688311687,8.314285714285715e-05,15.116883116883118,7.21904761904762e-05,13.125541125541126,13106867.941499999,0.36613302517571567,-694607399.0899998,0.002670219080499619,41.463812765352664,-128.17533456206417,23.059685278543938,6.250000000000017,5.770611943212569,-93.74999999999997,True,True,False
1776124800000,0.00055,0.000565,0.000536,0.000541,4395793.97,2026-04-14,-0.016363636363636358,-0.016498999380035077,0.016363636363636358,0.02575145840534511,0.491980922039473,0.060849481718649,1.1625277159196217,0.05357991360172388,1.0236428120552556,0.045478280171464075,0.8688613227001628,0.0005578,0.000566767711656126,0.0006226000000000001,0.0006123127753966487,0.00070285,0.0006822086999052104,0.0008471400000000001,0.0009145544726977593,0.0014391700000000002,0.0013274979018664964,-0.10430463576158944,-10.430463576158942,-0.1901197604790419,-19.011976047904184,-0.30994897959183665,-30.994897959183664,6.289308176100633,21.341463414634163,28.410914927768857,0.0006279956238475255,0.0007226504654006425,-9.465484155311702e-05,-8.623609005139442e-05,-8.4187515017226e-06,-1.5561463034607392,0.00070285,0.00010484739536957148,0.0009125447907391429,0.000493155209260857,0.5966985579829066,0.11408197259096718,5.7571428571428564e-05,10.641668867177183,8.328571428571428e-05,15.394771587008183,7.104761904761905e-05,13.13264677405158,12615996.2015,0.34843019130565006,-699003193.0599998,0.002667032344461888,42.67304820012733,-119.07866145154273,23.544646443100277,3.4375000000000164,4.130067567567579,-96.56249999999999,False,False,True
1776211200000,0.000541,0.000651,0.000535,0.000615,21759231.17,2026-04-15,0.13678373382624764,0.12820298896003632,0.13678373382624764,0.07515445657800428,1.4358238768701133,0.07836948493815835,1.497246907446251,0.06333294801643363,1.2099742729186782,0.04987079497463978,0.9527802001836169,0.0005628,0.000582845141104084,0.0006168,0.0006128013616881672,0.0006959,0.0006758078713427774,0.000836,0.0009028068814614674,0.00142457,0.0013133107819269401,0.04237288135593209,4.237288135593213,-0.08618127786032692,-8.618127786032689,-0.18435013262599476,-18.435013262599472,53.50318471337578,30.395683453237424,36.3768115942029,0.0006259962971017524,0.0007146763568361723,-8.868005973441994e-05,-8.672488398799953e-05,-1.9551757464204047e-06,-0.31791475551551296,0.0006959,0.0001058802203087307,0.0009076604406174614,0.0004841395593825385,0.6085944550006077,0.30898226372190246,6.242857142857142e-05,10.150987224157955,8.95e-05,14.552845528455283,7.442857142857144e-05,12.10220673635308,13266022.080500001,1.6402227463486845,-677243961.8899999,0.0026517887366077878,44.95558157872504,-71.49845986591778,27.376745606108656,26.984126984126984,12.223875661375672,-73.01587301587303,True,True,False
1776297600000,0.000615,0.000631,0.000587,0.000594,7318243.59,2026-04-16,-0.03414634146341455,-0.03474294844387286,0.03414634146341455,0.07466687300356621,1.4265086057601264,0.06501748250708922,1.2421572591742451,0.0630731660527272,1.2050111454708365,0.04985300129159188,0.9524402523463104,0.000568,0.0005865634274027226,0.0006009,0.0006093829322903186,0.0006869500000000001,0.0006680166455005729,0.0008241599999999999,0.0008906964540720375,0.00141004,0.0012989895780784074,0.045774647887323994,4.577464788732391,-0.2111553784860557,-21.115537848605573,-0.23156532988357048,-23.15653298835705,51.21951219512195,29.9645390070922,36.16714697406339,0.000621073789855329,0.000705737367424008,-8.466357756867899e-05,-8.631262270413543e-05,1.6490451354564455e-06,0.2776170261711188,0.0006869500000000001,0.0001065830415067795,0.0009001160830135591,0.00047378391698644107,0.620616007026884,0.2819775109483817,5.171428571428572e-05,8.706108706108706,9.085714285714286e-05,15.295815295815295,7.423809523809525e-05,12.497995831329165,13202985.968,0.5542870080856849,-684562205.4799999,0.002646721362339541,47.992834321003656,-62.33922346435865,31.08537850754783,21.333333333333343,17.251653439153447,-78.66666666666666,False,False,True
1776384000000,0.000594,0.00065,0.000591,0.000598,9839427.37,2026-04-17,0.006734006734006703,0.006711434587986778,0.006734006734006703,0.06716433421592487,1.2831728034812717,0.06541334170354435,1.2497201385034165,0.0630132663184574,1.20386676265445,0.0498874236264769,0.9530978901308937,0.0005796,0.0005903756182684817,0.000588,0.0006073133082375334,0.0006778,0.0006613483935481102,0.00081236,0.0008792178397403449,0.00139626,0.0012850346445211192,0.1074074074074074,10.74074074074074,-0.17744154057771666,-17.744154057771663,-0.23431498079385404,-23.431498079385406,60.27397260273972,34.94949494949495,36.79653679653679,0.0006175239760314322,0.0006977568216749322,-8.023284564349995e-05,-8.509666729200834e-05,4.863821648508384e-06,0.8133481017572547,0.0006778,0.0001059372207339606,0.0008896744414679212,0.00046592555853207883,0.6251827721095343,0.31168091949381704,5.6142857142857145e-05,9.388437649307214,7.878571428571429e-05,13.174868609651218,7.419047619047619e-05,12.40643414556458,13301651.981,0.7397146898787141,-674722778.1099999,0.002639977484113068,45.37163872270882,-50.59294342255027,42.32111045859068,25.185185185185187,24.500881834215175,-74.81481481481481,True,False,False
1776470400000,0.000598,0.000611,0.00059,0.000595,4961162.45,2026-04-18,-0.0050167224080266415,-0.005029348405001861,0.0050167224080266415,0.06831098151969886,1.3050794694605357,0.06331855537166856,1.2096993018265305,0.06200160335407716,1.184538968858287,0.049867008768942726,0.9527078648253413,0.0005886000000000001,0.0005919170788456545,0.0005794999999999999,0.0006050745249216183,0.00066705,0.0006550294989244572,0.0008005,0.0008680717416787981,0.0013827,0.0012712992450802036,0.08181818181818179,8.181818181818183,-0.125,-12.5,-0.26543209876543206,-26.5432098765432,72.72727272727276,41.28878281622913,36.36363636363636,0.0006140587489496734,0.000690145205242235,-7.608645629256152e-05,-8.329462509211898e-05,7.2081687995574644e-06,1.2114569411020948,0.00066705,0.00010267448563296432,0.0008723989712659286,0.00046170102873407135,0.6156928903858141,0.3245669321939417,5.4571428571428566e-05,9.171668667466985,6.535714285714285e-05,10.984393757503,7.357142857142857e-05,12.364945978391354,13029924.667,0.3807514300189929,-679683940.56,0.002636570143865829,41.428798940586034,-55.661943061406916,49.59265348256568,24.07407407407409,23.530864197530875,-75.92592592592591,False,True,False
1776556800000,0.000595,0.000608,0.000579,0.000585,6972172.23,2026-04-19,-0.01680672268907568,-0.01694955831377332,0.01680672268907568,0.06836631828400239,1.3061366768581204,0.05286980085411813,1.010076127061347,0.061643647075859065,1.1777002237652712,0.04933630729409543,0.9425688273846935,0.0005974,0.000589611385897103,0.0005775999999999999,0.0006014246112995058,0.0006552000000000001,0.0006483600228363913,0.0007875400000000001,0.00085697060158488,0.0013697499999999999,0.0012576396125281305,0.0813308687615526,8.133086876155266,-0.0314569536423841,-3.145695364238415,-0.2883211678832117,-28.832116788321166,64.46280991735537,39.62264150943396,37.44427934621098,0.0006095881721881853,0.0006823566715089042,-7.276849932071896e-05,-8.118939993783899e-05,8.420900617120029e-06,1.4394701909606888,0.0006552000000000001,9.739047829819761e-05,0.0008499809565963954,0.00046041904340360487,0.594569464579961,0.31979757870924413,5.228571428571429e-05,8.937728937728938,6.25e-05,10.683760683760683,7.21904761904762e-05,12.34025234025234,12885540.254999999,0.5410849752531389,-686656112.79,0.0026317820948210534,37.9533852487559,-56.72703216736949,44.36507558251401,20.37037037037038,23.209876543209887,-79.62962962962962,False,True,False
1776643200000,0.000585,0.00065,0.000582,0.000606,4543586.98,2026-04-20,0.03589743589743577,0.03526813883745784,0.03589743589743577,0.026324876702241134,0.5029360632194636,0.05353744648496687,1.0228314789288127,0.06260656554952831,1.1960967553739938,0.04982489288232496,0.9519032419412867,0.0005956,0.0005950742572647354,0.0005792,0.0006022565001541411,0.0006443499999999999,0.0006443257349471989,0.0007754400000000001,0.0008471283723263511,0.0013579999999999998,0.0012446711358915466,-0.014634146341463428,-1.4634146341463417,0.027118644067796627,2.7118644067796533,-0.2636695018226002,-26.366950182260023,74.43609022556392,29.86301369863014,37.62962962962962,0.0006090361456976952,0.0006767006217596476,-6.766447606195239e-05,-7.848441516266167e-05,1.0819939100709285e-05,1.7854684984668787,0.0006443499999999999,8.947876843136486e-05,0.0008233075368627296,0.0004653924631372702,0.5554668638557608,0.3928516767935388,5.2285714285714274e-05,8.628005657708627,5.828571428571428e-05,9.618104667609618,7.285714285714286e-05,12.022630834512023,12795126.888,0.35510292471278543,-682112525.81,0.002628707389567846,37.282976360253805,-33.31475633166143,40.28580246951104,28.148148148148145,24.197530864197542,-71.85185185185186,True,False,False
1776729600000,0.000606,0.00065,0.00058,0.000608,18850252.12,2026-04-21,0.0033003300330034513,0.0032948958968527058,0.0033003300330034513,0.019597551305447717,0.37441069197730487,0.05157017387475339,0.9852467884836714,0.06244791714211353,1.1930657818061503,0.04986554486389261,0.9526798969586288,0.0005984,0.0005993828381764902,0.0005832,0.0006033007728533881,0.0006331,0.0006408661411426942,0.0007638399999999999,0.0008377505649205045,0.00134368,0.0012320018097655768,0.023569023569023573,2.3569023569023595,0.07042253521126751,7.042253521126759,-0.2701080432172869,-27.01080432172869,44.26229508196725,32.55131964809385,37.07025411061285,0.0006088767386672805,0.0006716116868079435,-6.273494814066304e-05,-7.533452175826196e-05,1.2599573617598915e-05,2.0722982923682425,0.0006331,7.790811051619949e-05,0.0007889162210323991,0.00047728377896760104,0.49223257315558044,0.41945639602316837,5.814285714285713e-05,9.562969924812027,5.785714285714285e-05,9.515977443609021,7.49047619047619e-05,12.319862155388469,13383354.5135,1.4084848534039396,-663262273.6899999,0.002616050562745737,36.3596532008702,-27.09849189415911,34.74641187926409,36.792452830188694,28.436990449569077,-63.207547169811306,False,True,False
1776816000000,0.000608,0.00062,0.000588,0.000594,6474723.82,2026-04-22,-0.023026315789473673,-0.023295562603522068,0.023026315789473673,0.023081235468685197,0.44096638446453645,0.048931062307906635,0.9348266327944386,0.06248129659874707,1.193703495429715,0.04919320062427605,0.9398347782966959,0.0005976,0.0005975885587843269,0.0005886,0.0006016097232436812,0.0006218,0.0006364026991290932,0.0007536200000000001,0.0008281914996881901,0.00131961,0.0012193072398830138,-0.006688963210702337,-0.6688963210702322,0.10000000000000009,10.000000000000002,-0.2756097560975609,-27.560975609756095,50.0,36.038961038961034,33.48623853211009,0.0006065880096415451,0.000665862672963472,-5.92746633219269e-05,-7.212255007099495e-05,1.2847886749068048e-05,2.162943897149503,0.0006218,6.463142465260546e-05,0.0007510628493052109,0.0004925371506947891,0.41576985945709516,0.3924671699973144,4.614285714285713e-05,7.768157768157765,5.4285714285714275e-05,9.139009139009136,7.504761904761905e-05,12.634279300945966,13271499.242500002,0.48786679648563447,-669736997.51,0.0026117139374213826,33.72808660775251,-34.7693080382625,37.07116755558116,42.384105960264925,35.774902312867255,-57.615894039735075,False,False,True
1776902400000,0.000594,0.00066,0.000593,0.000617,9610438.01,2026-04-23,0.03872053872053871,0.03798970454274288,0.03872053872053871,0.02881569818538587,0.5505231408375186,0.04970579807646224,0.9496279388700521,0.06093602623936414,1.164181146666288,0.04969376725766169,0.9493980903995999,0.000602,0.0006040590391895513,0.0005953,0.0006044079553811937,0.0006153,0.0006345548230215564,0.0007441600000000001,0.0008199092973296536,0.0012937200000000002,0.0012073240420220489,0.03697478991596648,3.6974789915966375,0.12181818181818183,12.181818181818182,-0.17402945113788493,-17.402945113788487,63.013698630137,52.549019607843135,34.58646616541354,0.0006081898543120767,0.0006622432157029275,-5.405336139085082e-05,-6.850871233496612e-05,1.4455350944115304e-05,2.342844561444944,0.0006153,5.7523542091309766e-05,0.0007303470841826195,0.0005002529158173806,0.3739544423293336,0.5073882793817769,4.942857142857141e-05,8.01111368372308,5.0571428571428564e-05,8.196341745774482,7.704761904761906e-05,12.487458516631937,11762427.063,0.8170454922718019,-660126559.5,0.002605383543973849,33.96443786258998,3.912740526344125,57.685189631620915,66.92307692307695,48.69987857117686,-33.076923076923045,True,False,False
1776988800000,0.000617,0.000662,0.000613,0.000648,8908460.43,2026-04-24,0.050243111831442366,0.04902167244688679,0.050243111831442366,0.0301773997676493,0.5765384130383939,0.049854729523403245,0.9524732701687059,0.057628538712555584,1.1009916861914757,0.0504200638283789,0.9632739668999146,0.0006146000000000001,0.0006187060261263676,0.000606,0.0006123337816755221,0.0006143,0.000635835316067125,0.00073546,0.0008131676133235726,0.0012695800000000002,0.0011961970564438467,0.10769230769230775,10.769230769230772,0.19778188539741226,19.77818853974122,-0.029940119760478945,-2.994011976047896,76.23762376237622,60.661764705882355,37.41007194244605,0.0006143144921102188,0.0006611881626868186,-4.687367057659979e-05,-6.418170398329286e-05,1.7308033406693066e-05,2.6709928096748556,0.0006143,5.672751119438993e-05,0.0007277550223887799,0.0005008449776112201,0.3693798547575448,0.6485170038771804,4.799999999999999e-05,7.407407407407406,5.2071428571428566e-05,8.035714285714285,6.852380952380953e-05,10.574661963550852,10667347.84,0.8351148348791446,-651218099.07,0.0025996034198178582,34.001426966392025,33.97341211226015,65.07597105428555,89.39393939393939,66.23370742576043,-10.606060606060613,True,False,False
1777075200000,0.000648,0.000678,0.00064,0.000663,9381847.86,2026-04-25,0.02314814814814814,0.022884293833587806,0.02314814814814814,0.02912714746810627,0.5564733710291225,0.028447454771352524,0.5434878602907095,0.05784129845427582,1.1050564553496633,0.04737339829755363,0.9050675036616936,0.000626,0.000633470684084245,0.0006108,0.0006215458213708817,0.0006138000000000001,0.0006384224288226417,0.00072992,0.0008072785673501795,0.00124633,0.001185590803513105,0.09405940594059392,9.405940594059402,0.07804878048780495,7.804878048780484,-0.014858841010401247,-1.4858841010401227,86.79245283018867,67.92452830188678,37.85714285714286,0.0006218045702471082,0.0006613223728582923,-3.951780261118409e-05,-5.9248923708871103e-05,1.973112109768701e-05,2.9760363646586745,0.0006138000000000001,5.622473701695211e-05,0.0007262494740339042,0.0005013505259660959,0.3664042816353997,0.7187649183008442,5.042857142857142e-05,7.606119370825253,5.249999999999999e-05,7.9185520361990935,6.038095238095238e-05,9.107232636644403,10686574.263,0.8779097612677115,-641836251.21,0.0025936125319820603,35.18083873109789,69.123904528419,72.13160563736075,89.86486486486484,82.06062706062706,-10.13513513513516,True,False,False
1777161600000,0.000663,0.000688,0.000632,0.000645,10051003.86,2026-04-26,-0.02714932126696834,-0.027524673390090033,0.02714932126696834,0.03556531459254617,0.6794743812347702,0.02736363560160482,0.5227815241266244,0.05096091840152397,0.9736069790111799,0.04584922225566715,0.8759481612681715,0.0006333999999999999,0.0006373137893894966,0.0006159000000000001,0.0006258102174852667,0.0006084,0.0006390488641728673,0.00072574,0.0008009145774122582,0.00122391,0.0011748384414428967,0.06085526315789469,6.085526315789461,0.08585858585858586,8.585858585858576,-0.14342629482071712,-14.342629482071716,68.93203883495144,70.58823529411765,37.588652482269495,0.0006253730979013993,0.0006601133082010642,-3.474021029966495e-05,-5.4347181027029873e-05,1.960697072736492e-05,3.039840422847275,0.0006084,4.64966325888135e-05,0.0007013932651776271,0.000515406734822373,0.30569778164900396,0.6967884444647149,5.4285714285714275e-05,8.416389811738648,5.328571428571428e-05,8.261351052048726,5.9761904761904766e-05,9.265411590992988,10551190.125,0.9525943273626679,-651887255.07,0.002587217687352421,37.10731238874057,79.64866753168968,70.12976503647394,72.78481012658224,84.01453812846216,-27.215189873417756,True,True,False
1777248000000,0.000645,0.000663,0.000632,0.00064,12671725.65,2026-04-27,-0.007751937984496027,-0.007782140442054851,0.007751937984496027,0.032265972305921,0.6164405353551616,0.02785271891620949,0.5321254477322631,0.05053558146930888,0.9654809283310684,0.04546951041980333,0.8686937768299369,0.0006425999999999999,0.0006382091929263311,0.0006201,0.000628390177942491,0.00060405,0.0006391394485373563,0.0007208399999999999,0.0007946040831661249,0.00120166,0.0011642014304550044,0.07744107744107742,7.744107744107749,0.07023411371237476,7.023411371237466,-0.11966987620357628,-11.966987620357626,65.09433962264154,68.00000000000001,41.60125588697017,0.0006276233905319532,0.0006586234335182963,-3.1000042986343104e-05,-4.967775341889251e-05,1.867771043254941e-05,2.918392255085845,0.00060405,3.813476794618847e-05,0.0006803195358923769,0.000527780464107623,0.2525272275221486,0.735677322402543,4.9e-05,7.656249999999999,5.064285714285713e-05,7.912946428571427,5.519047619047618e-05,8.623511904761903,10669161.804000001,1.187696454772034,-664558980.72,0.0025791738955578754,38.900925824587304,85.45970028351552,61.097189898801346,68.62745098039218,77.09237532394643,-31.37254901960782,False,False,False
1777334400000,0.00064,0.000688,0.000613,0.000644,18187931.37,2026-04-28,0.006250000000000089,0.006230549750636163,0.006250000000000089,0.029563973869971054,0.5648189277186813,0.027531639578216326,0.5259912355930038,0.048591839761357884,0.9283457951424245,0.04522493393937461,0.8640211497322221,0.0006479999999999999,0.0006401394619508874,0.0006249999999999999,0.0006312283274074927,0.0006022500000000001,0.0006396023582004659,0.0007155,0.0007886979339861312,0.0011844,0.0011538564169468293,0.04376012965964349,4.376012965964344,0.08235294117647052,8.235294117647058,-0.05294117647058827,-5.294117647058824,76.04166666666671,71.02040816326533,47.86476868327402,0.0006301428689116528,0.0006575402162198319,-2.7397347308179146e-05,-4.522167219674985e-05,1.78243248885707e-05,2.7677523118898604,0.0006022500000000001,3.5089172118957944e-05,0.000672428344237916,0.0005320716557620842,0.23305386214334872,0.7974564337002642,4.971428571428571e-05,7.71960958296362,5.392857142857142e-05,8.374001774622892,5.5142857142857134e-05,8.562555456965393,10921503.140999999,1.6653322473278775,-646371049.35,0.0025677639681036396,40.78050013104574,108.10691407112881,68.50947231007225,71.2418300653595,70.88469705744465,-28.75816993464051,True,True,False
1777420800000,0.000644,0.000679,0.000621,0.000651,21888598.89,2026-04-29,0.01086956521739113,0.010810916104215456,0.01086956521739113,0.01926437860744845,0.3680454365195388,0.026082231592256203,0.4983003349022675,0.04112356365379607,0.7856645804473771,0.04486593753498933,0.8571625330566841,0.0006485999999999999,0.0006437596413005916,0.0006316000000000001,0.0006348231769697668,0.0006046000000000001,0.0006406878478956609,0.0007111800000000001,0.0007832979212732954,0.0011644399999999999,0.0011438571816424447,0.004629629629629539,0.46296296296295747,0.11282051282051286,11.282051282051277,0.07781456953642385,7.781456953642375,71.25000000000003,60.11235955056181,48.049645390070914,0.0006333516583098601,0.0006570557557587671,-2.370409744890706e-05,-4.09181572471813e-05,1.7214059798274237e-05,2.644248816939207,0.0006046000000000001,3.6747216149399614e-05,0.0006780944322987993,0.0005311055677012009,0.24311753985709292,0.8156701708461122,5.342857142857142e-05,8.207153829273645,4.978571428571428e-05,7.647575159095895,5.399999999999998e-05,8.294930875576032,10103875.6915,2.1663567088829123,-624482450.46,0.0025542241396427955,43.577690949819285,101.79789212647253,68.95474690969205,66.05504587155961,68.64144230577044,-33.94495412844038,False,False,True
1777507200000,0.000651,0.000793,0.000651,0.000719,20932259.54,2026-04-30,0.10445468509984646,0.09935171551247751,0.10445468509984646,0.05089874236913452,0.9724191075802799,0.03910037568863907,0.7470116286459948,0.0461898099248354,0.882455079551211,0.046630531680796214,0.8908750568762798,0.0006598,0.0006688397608670609,0.0006429000000000001,0.0006501280538843547,0.00061105,0.0006481461480960825,0.0007093199999999999,0.0007807763921124497,0.0011476400000000001,0.0011354096513480811,0.08446455505279049,8.446455505279046,0.18646864686468656,18.646864686468653,0.21864406779661016,21.864406779661014,80.34188034188038,77.7777777777778,46.92028985507247,0.0006465283262621894,0.0006616442182981068,-1.5115892035917362e-05,-3.575770420492851e-05,2.064181216901115e-05,2.8709057258708133,0.00061105,4.454385774887201e-05,0.000700137715497744,0.000521962284502256,0.2915889550699419,1.1058635547946767,6.414285714285714e-05,8.92112060401351,5.6785714285714275e-05,7.8978740313928055,5.50952380952381e-05,7.662759123120737,10831717.723000001,1.9324967724696676,-603550190.9200001,0.0025419275602652463,46.86188401879376,219.11083454331734,72.49576826321906,65.42056074766357,67.57247889486091,-34.57943925233643,True,False,False
1777593600000,0.000719,0.001,0.000717,0.000942,20819837.65,2026-05-01,0.3101529902642559,0.27014391685531636,0.3101529902642559,0.1335776456384592,2.551997336641347,0.09974342084888692,1.9055953796551175,0.08004220915456613,1.52920425872913,0.06390722573273823,1.220945833283415,0.0007192,0.0007598931739113739,0.0006763,0.0007031956804508358,0.00062975,0.0006761322292298172,0.0007124799999999999,0.0007870989878476823,0.00113417,0.001131564356429428,0.46046511627906983,46.04651162790699,0.5493421052631577,54.93421052631579,0.658450704225352,65.8450704225352,92.92307692307695,88.73873873873876,64.3524699599466,0.0006919855068372372,0.0006824113132513592,9.574193585878054e-06,-2.6691324646767198e-05,3.626551823264525e-05,3.849842699856184,0.00062975,8.534134248320648e-05,0.0008004326849664129,0.00045906731503358707,0.5420648986626849,1.4147090698199551,9.757142857142857e-05,10.357901122232331,7.278571428571428e-05,7.7267212617531085,6.723809523809524e-05,7.137802042260641,11548904.023,1.8027544092960377,-582730353.2700001,0.002530955300903488,52.58353825108629,370.3354601701468,75.71931246791834,86.22327790973871,72.5662948429873,-13.77672209026128,True,False,False
1777680000000,0.000942,0.001357,0.000861,0.001015,18209479.62,2026-05-02,0.07749469214437377,0.07463861689952474,0.07749469214437377,0.1239020787899869,2.367145891552788,0.09674402466844458,1.8482919960879405,0.07858274385687272,1.5013212133675213,0.0647049715387177,1.2361867455067568,0.0007942000000000001,0.0008449287826075826,0.0007184,0.0007598873749143202,0.0006535000000000001,0.0007084053502555784,0.00071688,0.0007960364200322956,0.00112098,0.0011292470540819762,0.5859375,58.59375,0.7087542087542087,70.87542087542089,0.8796296296296298,87.96296296296298,98.68421052631581,90.85603112840468,71.61290322580646,0.000741680044246893,0.0007070475122833663,3.4632531963526766e-05,-1.4426553324708401e-05,4.9059085288235166e-05,4.833407417560115,0.0006535000000000001,0.00011864609027201835,0.0008907921805440368,0.0004162078194559634,0.726219374274022,1.2617191581517637,0.000163,16.059113300492612,0.00010671428571428571,10.513722730471498,8.933333333333334e-05,8.801313628899836,12028751.6895,1.5138295385958638,-564520873.6500001,0.002522579928339164,59.35377644572124,391.434603085903,81.4382666614469,56.04113110539847,69.22832325426693,-43.95886889460153,True,False,False
1777766400000,0.001015,0.001099,0.00089,0.0009,11790573.19,2026-05-03,-0.11330049261083752,-0.12024912815157705,0.11330049261083752,0.15467503737297772,2.9550624397821443,0.11110123148483293,2.122586047176403,0.08524913265568168,1.628682392539839,0.06688377186018787,1.2778126672011298,0.0008454,0.0008632858550717217,0.0007467,0.0007853623976571711,0.000671,0.0007266524597550622,0.0007187599999999999,0.0008001134834726509,0.0011046,0.0011246899725191194,0.3975155279503104,39.751552795031046,0.45867098865478106,45.867098865478106,0.6363636363636362,63.636363636363626,76.53061224489795,75.4442649434572,68.18181818181817,0.0007660369605166018,0.0007213402891585648,4.4696671358036974e-05,-2.601908388159323e-06,4.7298579746196295e-05,5.255397749577366,0.000671,0.00012801850195225326,0.0009270370039045066,0.0004149629960954935,0.7631505332474114,0.9472009836621299,0.00018485714285714286,20.53968253968254,0.00011957142857142855,13.285714285714285,9.714285714285712e-05,10.79365079365079,12378337.4885,0.9525167011283979,-576311446.8400002,0.0025167819084354354,66.14126912581068,202.9243092089673,76.90089388730107,41.184041184041185,61.14948339972613,-58.815958815958815,False,False,True
1777852800000,0.0009,0.000977,0.00073,0.000749,10397020.22,2026-05-04,-0.1677777777777778,-0.1836557798070913,0.1677777777777778,0.19051983909069434,3.6398764150459257,0.1294883984909547,2.473872379584198,0.09550496180718569,1.8246197333620173,0.07116749956399822,1.3596531700694723,0.000865,0.0008251905700478145,0.0007568,0.0007787510526285946,0.0006814000000000001,0.0007287807969212483,0.0007177,0.0007981090046545738,0.00108989,0.0011172224004576342,0.15053763440860224,15.053763440860216,0.1558641975308641,15.586419753086414,0.3844731977818854,38.44731977818853,58.241758241758234,59.546061415220294,58.3596214511041,0.0007634158896678939,0.0007233891566292697,4.002673303862413e-05,5.92381989719737e-06,3.4102913141426764e-05,4.55312592008368,0.0006814000000000001,0.0001253220692959759,0.0009320441385919519,0.0004307558614080483,0.7356740199352855,0.6348525450859487,0.00021571428571428571,28.80030516879649,0.00013235714285714286,17.671180621781424,0.00010566666666666667,14.107699154428127,12678398.801,0.8200578308973797,-586708467.0600002,0.0025112332015362277,69.66647726060752,84.09715353335528,71.59972879333824,21.750321750321753,39.65849801325381,-78.24967824967824,False,True,False
1777939200000,0.000749,0.000925,0.000701,0.00087,13135323.81,2026-05-05,0.16154873164218952,0.14975422813140987,0.16154873164218952,0.1967912688137774,3.759691911671458,0.13685441419603459,2.61459991203301,0.09723742613077592,1.857718417790061,0.07463567107949587,1.4259124938377683,0.0008952,0.000840127046698543,0.0007775000000000001,0.0007953417703324865,0.0006941499999999999,0.0007422302448335194,0.00071864,0.0008009282978680292,0.00107857,0.0011123087407268603,0.21001390820584143,21.00139082058414,0.31221719457013575,31.221719457013585,0.41463414634146356,41.463414634146346,64.58055925432757,65.09216589861751,64.38095238095238,0.0007798134451036025,0.000734249219105931,4.556422599767153e-05,1.3851901117292204e-05,3.1712324880379323e-05,3.6450948138367036,0.0006941499999999999,0.00013105172743291745,0.0009562534548658349,0.000432046545134165,0.7551781455473168,0.8354591416774987,0.000237,27.241379310344826,0.00014335714285714285,16.47783251231527,0.00011495238095238095,13.212917350848386,12247203.433,1.0725161774162228,-573573143.2500002,0.002504329557583242,72.82993199893849,79.63002884625259,73.71786101734642,36.671001300390124,33.20178807825102,-63.328998699609876,False,True,False
1778025600000,0.00087,0.000895,0.000801,0.000866,8793642.96,2026-05-06,-0.0045977011494252595,-0.004608303086194219,0.0045977011494252595,0.13479245555812822,2.575206247568792,0.13589013080008439,2.5961773036207245,0.0965665300515921,1.8449009661943483,0.0743762646145992,1.4209565402846145,0.00088,0.0008487513644656954,0.0007995999999999999,0.0008081887211811252,0.0007077499999999999,0.0007540178405636676,0.00071872,0.0008034801628004261,0.0010649700000000002,0.0011074136001162638,-0.08067940552016983,-8.067940552016985,0.3426356589147288,34.26356589147288,0.4579124579124578,45.791245791245785,60.698689956331876,65.85081585081585,65.8869395711501,0.0007930729150876638,0.0007440085362131521,4.9064378874511655e-05,2.08943966687361e-05,2.8169982205775555e-05,3.2528847812673853,0.0007077499999999999,0.00013418756511529944,0.0009761251302305989,0.00043937486976940106,0.7583896297579624,0.7948298522743615,0.00024214285714285717,27.96106895414055,0.00014778571428571428,17.06532497525569,0.00011390476190476191,13.152974815792367,12320973.4015,0.7137133303874701,-582366786.2100003,0.002499799826398075,77.11827233507294,80.72435738971532,76.94172469686694,35.732984293193724,31.384769114635205,-64.26701570680628,False,False,True
1778112000000,0.000866,0.000883,0.000775,0.000775,7261398.45,2026-05-07,-0.105080831408776,-0.11102187920908818,0.105080831408776,0.13003867600861058,2.484385416797567,0.1428188505420835,2.7285503084255422,0.10071577076852888,1.924172098786146,0.07591597384371153,1.4503726438034015,0.000832,0.0008241675763104635,0.0008131,0.0008021544082391025,0.0007166,0.000756016141462367,0.00071708,0.0008023632795939148,0.00105062,0.0011008076870616214,-0.2364532019704434,-23.64532019704434,0.21093749999999978,21.093749999999986,0.2959866220735785,29.59866220735785,34.95495495495496,58.53131749460043,60.16260162601626,0.0007902924666126386,0.0007463042001982248,4.3988266414413764e-05,2.5513170617871635e-05,1.8475095796542128e-05,2.383883328586081,0.0007166,0.0001323931147835832,0.0009813862295671664,0.00045181377043283354,0.7390070599139449,0.6102776381072833,0.00023728571428571432,30.617511520737335,0.00015071428571428573,19.447004608294936,0.00011695238095238094,15.090629800307218,12192071.955500001,0.595583628156352,-589628184.6600003,0.0024959808395891236,77.56959406299042,49.06847971509238,73.00147580873157,21.774193548387093,31.39272638065698,-78.22580645161291,False,True,False
1778198400000,0.000775,0.000902,0.000742,0.0008,9950626.29,2026-05-08,0.032258064516129226,0.031748698314580485,0.032258064516129226,0.12742804820619708,2.434509442663742,0.14261540013505875,2.724663393856985,0.1006204774680814,1.9223515228373835,0.07603259135324754,1.452600618194769,0.000812,0.000816111717540309,0.0008287000000000001,0.0008017626976501747,0.00072685,0.0007602050803707151,0.00071574,0.0008022706008404756,0.00103334,0.0010948302867285734,-0.11111111111111105,-11.111111111111105,0.2422360248447204,24.22360248447205,0.3445378151260503,34.45378151260503,28.796844181459576,58.260869565217384,61.53161175422974,0.0007917859332876174,0.0007502816668515908,4.1504266436026603e-05,2.8711389781502627e-05,1.2792876654523976e-05,1.599109581815497,0.00072685,0.0001304039372185481,0.0009876578744370962,0.00046604212556290383,0.7176387822441938,0.6402373301762463,0.0002197142857142857,27.46428571428571,0.00015864285714285717,19.830357142857142,0.00012176190476190478,15.220238095238095,12441545.147499999,0.7997902328071748,-579677558.3700004,0.0024907867997883805,77.61536510685856,44.8717948717949,73.42582963235076,25.134408602150543,27.54719548124379,-74.86559139784946,True,True,False
1778284800000,0.0008,0.000897,0.00079,0.00083,11768718.98,2026-05-09,0.03749999999999987,0.036813973122716184,0.03749999999999987,0.09571998028843032,1.8287276556782268,0.14245453713741463,2.7215901106022176,0.10032309662999436,1.9166700699031074,0.07589241928268645,1.4499226345468792,0.0008282,0.0008207411450268726,0.0008466,0.0008068967526228703,0.0007391,0.0007668522155735071,0.0007158,0.0008033580409105796,0.00102002,0.0010895681634704548,0.10814419225634175,10.81441922563418,0.2749615975422428,27.496159754224276,0.41880341880341887,41.880341880341874,41.70616113744077,58.93048128342246,59.962928637627435,0.0007976650204741378,0.0007561867285681884,4.1478291905949457e-05,3.1264770206391996e-05,1.0213521699557461e-05,1.2305447830792122,0.0007391,0.00012786007977470435,0.0009948201595494088,0.0004833798404505913,0.6919771601932316,0.6777333475784039,0.0001641428571428571,19.776247848537,0.00016357142857142856,19.707401032702236,0.00012585714285714286,15.163511187607574,12681372.485000001,0.928031961360687,-567908839.3900003,0.002484773605050655,76.29217454030936,52.047455032529705,74.05199717989112,29.166666666666668,25.358422939068106,-70.83333333333334,False,False,True
1778371200000,0.00083,0.000961,0.00083,0.000871,21602220.82,2026-05-10,0.049397590361445864,0.04821627606185926,0.049397590361445864,0.06311123409459611,1.2057384343895496,0.1404472392803487,2.6832407388896553,0.10046572322545926,1.9193949471834406,0.07609839685996941,1.4538578306354277,0.0008284,0.0008374940966845817,0.0008618,0.0008185518885096211,0.00075235,0.0007767710521855581,0.0007170200000000001,0.0008060106964098709,0.00100578,0.0010852255535633967,0.0011494252873562871,0.11494252873563499,0.21140472878998606,21.140472878998608,0.4372937293729373,43.72937293729374,69.55128205128204,61.79540709812109,62.602365787079165,0.0008089473250165783,0.0007646914153434497,4.425590967312859e-05,3.3862998099739314e-05,1.0392911573389274e-05,1.1932160244993426,0.00075235,0.0001270695106086017,0.0010064890212172035,0.0004982109787827966,0.6755872166337568,0.7334352265774136,0.000153,17.56601607347876,0.00016892857142857142,19.394784320157452,0.0001307142857142857,15.00738067902247,13534304.176999997,1.5961087129038007,-546306618.5700003,0.0024741700201342796,73.59848764117825,71.80663036209042,79.88975131430662,34.67741935483871,29.65949820788531,-65.32258064516128,True,False,False
1778457600000,0.000871,0.000871,0.000699,0.00079,39217025.95,2026-05-11,-0.09299655568312282,-0.09760903139143558,0.09299655568312282,0.07637337100584496,1.4591112043160728,0.10333970444879216,1.9743022813593554,0.10370634616949514,1.981306961598054,0.07731327612971686,1.4770680664942608,0.0008132,0.0008216627311230545,0.0008466,0.0008133606360533264,0.00076145,0.0007780309519774102,0.00071676,0.000805382819218958,0.0009920600000000001,0.0010793602702317137,-0.08775981524249421,-8.775981524249422,-0.16135881104033967,-16.13588110403397,0.29934210526315774,29.934210526315784,35.294117647058826,57.253384912959376,58.163265306122454,0.0008060323519371047,0.0007665661253185264,3.946622661857833e-05,3.498364380350712e-05,4.48258281507121e-06,0.5674155462115456,0.00076145,0.00012262715205469944,0.0010067043041093989,0.0005161956958906011,0.6441770414587928,0.5582048908451877,0.0001422857142857143,18.01084990958409,0.00017900000000000004,22.65822784810127,0.00013566666666666667,17.172995780590718,14552642.8685,2.694838752271412,-585523644.5200003,0.00245407692624447,69.74734248250435,9.707848704093855,70.42369696891288,23.79032258064516,29.211469534050185,-76.20967741935483,False,True,False
1778544000000,0.00079,0.000807,0.00076,0.000777,8193476.54,2026-05-12,-0.016455696202531622,-0.016592595093419715,0.016455696202531622,0.058709609009840416,1.1216455052208973,0.09839567009878371,1.8798466377284258,0.10357980944027056,1.978889480780624,0.07728672605986682,1.4765608281219935,0.0008136,0.0008067751540820363,0.0008228,0.0008067496113163579,0.0007706,0.0007779327660747997,0.00071658,0.000804269755999266,0.00097927,0.0010733536318920471,0.002580645161290418,0.2580645161290385,-0.23448275862068968,-23.448275862068968,0.3080808080808082,30.808080808080806,34.16370106761566,56.375838926174495,57.67284991568296,0.0008015658362544733,0.0007673390049247589,3.4226831329714426e-05,3.483228130874858e-05,-6.054499790341552e-07,-0.077921490223186,0.0007706,0.00011613032606331857,0.0010028606521266371,0.0005383393478733628,0.6028047031576361,0.513777624279877,0.00011700000000000001,15.057915057915059,0.00017700000000000002,22.77992277992278,0.00013457142857142859,17.319360176503036,14638580.504499998,0.5597179683837016,-593717121.0600003,0.0024499259900664485,65.70487276891704,1.0283236089688437,66.12474438037182,21.195652173913047,26.55446470313231,-78.80434782608695,False,False,True
1778630400000,0.000777,0.00082,0.000744,0.000762,9353334.62,2026-05-13,-0.019305019305019377,-0.01949379468100124,0.019305019305019377,0.05654148573059764,1.0802235681318624,0.09304361422364499,1.7775957538052463,0.10379152586586844,1.9829343174122815,0.07733888786302569,1.4775573779720794,0.000806,0.0007918501027213575,0.000809,0.0007986133183497474,0.00077785,0.0007764153597819612,0.0007161999999999998,0.0008026121020746857,0.0009670200000000001,0.0010671687278577167,-0.0475000000000001,-4.750000000000007,-0.15333333333333332,-15.333333333333332,0.23500810372771475,23.500810372771465,46.829268292682926,55.28068506184586,57.43073047858942,0.0007954787845230157,0.0007669435230783869,2.8535261444628856e-05,3.3572877335924636e-05,-5.0376158912957805e-06,-0.6611044476766116,0.00077785,0.00011042228751000004,0.00099869457502,0.0005570054249799999,0.5678333226714664,0.4641150342982965,0.00011442857142857144,15.01687289088864,0.00017828571428571432,23.39707536557931,0.00013666666666666666,17.935258092738408,14625725.334999999,0.6395125305421305,-603070455.6800003,0.002445195614822411,61.93241391730252,-8.843288139733808,60.75235024126812,15.722379603399434,20.23611811931922,-84.27762039660057,True,True,False
1778716800000,0.000762,0.000829,0.000762,0.000798,9636533.15,2026-05-14,0.04724409448818889,0.04616204176316241,0.04724409448818889,0.05864656276611968,1.1204410084258571,0.07657287954931469,1.462922809687154,0.1037407600910872,1.981964438646901,0.07759963317265783,1.4825389101179893,0.0007995999999999999,0.000793900068480905,0.0008139,0.0007985018059225206,0.00078535,0.0007784710398027273,0.0007164799999999999,0.0008024312336038024,0.0009561799999999999,0.0010618221431417552,-0.03855421686746985,-3.8554216867469906,0.06542056074766345,6.5420560747663545,0.2314814814814814,23.148148148148138,49.53703703703703,53.87634936211972,57.960199004975124,0.0007958666638271672,0.0007692440028508621,2.6622660976305065e-05,3.2182834064000725e-05,-5.56017308769566e-06,-0.6967635448240175,0.00078535,0.00010614998078683939,0.0009976499615736787,0.0005730500384263212,0.5406505674506367,0.5297927515064806,0.00010857142857142858,13.60544217687075,0.00017292857142857143,21.670247046186898,0.00013666666666666666,17.12614870509607,14662128.971,0.657239693434695,-593433922.5300003,0.0024404108230584058,57.173748947108606,0.933520037340723,59.05565107216748,15.045592705167177,17.321208160826558,-84.95440729483282,True,False,False
1778803200000,0.000798,0.000915,0.000785,0.000854,17696029.58,2026-05-15,0.07017543859649122,0.06782259633876109,0.07017543859649122,0.06407558205343922,1.2241622762741722,0.059998294586108114,1.1462658085859119,0.10445859363526389,1.9956786292521838,0.07793255406943843,1.4888993549202274,0.0007962000000000001,0.00081393337898727,0.0008123,0.0008085923866638804,0.0007949,0.0007856642741072312,0.00071848,0.0008044535566764949,0.0009460100000000001,0.0010576943585005902,-0.019517795637198576,-1.9517795637198596,-0.01839080459770115,-1.8390804597701098,0.2880844645550529,28.808446455505294,54.95867768595042,44.83568075117371,59.761904761904766,0.0008048102540076029,0.0007755222248631828,2.9288029144420094e-05,3.16038730800846e-05,-2.315843935664503e-06,-0.27117610487874744,0.0007949,0.00010311153899383881,0.0010011230779876775,0.0005886769220123224,0.518865462291301,0.6432914312420734,0.0001042857142857143,12.211441953830713,0.000162,18.969555035128806,0.00014052380952380951,16.45477863276458,15077838.057,1.1736450221246728,-575737892.9500003,0.0024319877493084855,51.40514568872326,39.68473549421485,58.23094508824446,23.556231003039528,18.108067770535385,-76.44376899696047,True,False,False
1778889600000,0.000854,0.000952,0.000816,0.00089,8965502.06,2026-05-16,0.042154566744730504,0.04129026893761549,0.042154566744730504,0.04034577742492204,0.7708049954092101,0.06142099439023304,1.173446450179146,0.10404305348529279,1.9877397458340405,0.07805751706208928,1.4912867695426326,0.0008162000000000001,0.0008392889193248467,0.0008147,0.0008233937709068112,0.0008071500000000001,0.0007956010099065448,0.00072082,0.0008078083486585214,0.0009381400000000001,0.0010543637962579808,0.12658227848101267,12.658227848101259,0.02771362586605064,2.771362586605073,0.3798449612403101,37.98449612403101,54.00843881856538,42.33128834355828,61.54446177847113,0.000817916368775664,0.0007840020600600951,3.3914308715568857e-05,3.206596020718145e-05,1.8483485083874049e-06,0.20767960768397808,0.0008071500000000001,9.88301440270871e-05,0.0010048102880541743,0.0006094897119458258,0.4897733706353819,0.7095767460818749,0.00010842857142857145,12.182985553772074,0.0001362857142857143,15.313001605136439,0.0001451904761904762,16.313536650615305,15023562.967000002,0.5967627040065774,-566772390.8900003,0.002427847126953026,46.89224872919954,63.45162268729141,55.114110118247346,47.75,28.78394123606891,-52.25,True,False,False
1778976000000,0.00089,0.000892,0.000856,0.000856,7084165.08,2026-05-17,-0.038202247191011174,-0.03895108658444336,0.038202247191011174,0.046589086466478954,0.8900832471685354,0.05090573532184748,0.9725527077542719,0.10470833111644999,2.000449857130922,0.07829985831678525,1.4959166927126841,0.0008320000000000001,0.0008448592795498979,0.0008227999999999999,0.000829322176196482,0.0008179499999999999,0.0008013532946773513,0.00072232,0.000809698233304694,0.00092851,0.0010504243432743656,0.10167310167310162,10.167310167310163,0.10451612903225804,10.451612903225808,0.3374999999999999,33.749999999999986,67.36842105263158,47.002724795640326,59.24207269914926,0.0008237753889640233,0.0007893352407973117,3.4440148166711595e-05,3.2540797799087484e-05,1.8993503676241108e-06,0.22188672518973257,0.0008179499999999999,9.110287707048576e-05,0.0010001557541409714,0.0006357442458590284,0.44551807357655493,0.6044149241592036,9.485714285714287e-05,11.08144192256342,0.00012392857142857144,14.477636849132178,0.00014423809523809523,16.850244770805517,14744184.938499998,0.4804718002079475,-573856555.9700004,0.0024245530210955,42.18957304025745,40.35131328196195,57.0099347269415,56.4748201438849,42.59368371564148,-43.52517985611511,False,False,True
1779062400000,0.000856,0.000865,0.000795,0.000804,4974770.28,2026-05-18,-0.06074766355140182,-0.06267110696277568,0.06074766355140182,0.057767283129295896,1.1036423945514169,0.05496088386232849,1.050026211838948,0.10621837020127789,2.02929911333907,0.07869525723343185,1.5034707784084607,0.0008404,0.000831239519699932,0.0008232,0.0008247181441607579,0.0008259500000000001,0.0008016053618509371,0.0007222000000000001,0.0008094747713612813,0.0009186099999999999,0.0010455307030732034,0.0551181102362206,5.511811023622053,0.004999999999999893,0.49999999999999856,0.24844720496894412,24.844720496894407,55.89519650655022,54.330708661417326,55.93607305936073,0.0008207330214310967,0.000790421519256945,3.031150217415175e-05,3.2094938674100336e-05,-1.7834364999485855e-06,-0.22182046019261015,0.0008259500000000001,8.154783872055546e-05,0.000989045677441111,0.0006628543225588892,0.39492869408828846,0.4327082104676699,8.028571428571428e-05,9.985785358919687,0.00011128571428571429,13.841506751954514,0.00014609523809523808,18.17104951433309,14083526.884,0.3532332718199823,-578831326.2500004,0.0024221789740009308,38.97899385132363,-16.702565846653933,58.727530296606844,40.076335877862604,48.100385340582505,-59.923664122137396,False,True,False
1779148800000,0.000804,0.000903,0.000792,0.000866,8711444.69,2026-05-19,0.07711442786069655,0.07428563938346883,0.07711442786069655,0.06356113840683436,1.2143338442059726,0.059086635485926756,1.1288485859326194,0.10707155167134191,2.0455991224376606,0.07938037451241876,1.5165599256449214,0.000854,0.0008428263464666212,0.0008268000000000001,0.0008322239361315292,0.0008366999999999999,0.0008077381845318012,0.00072308,0.0008116914642812383,0.0009097700000000001,0.0010419656781195333,0.08521303258145374,8.521303258145368,0.04337349397590362,4.337349397590362,0.3302611367127497,33.02611367127496,68.84057971014494,49.65277777777778,57.45775165319618,0.0008276971719801587,0.0007960199252387466,3.167724674141205e-05,3.201140028756268e-05,-3.341535461506278e-07,-0.03858585983263601,0.0008366999999999999,7.072414908043515e-05,0.0009781482981608702,0.0006952517018391296,0.33810995138250344,0.6035714122437761,8.942857142857145e-05,10.326624876278458,0.00010321428571428572,11.918508742989113,0.0001478095238095238,17.06807434290113,13424669.174,0.648913174476712,-570119881.5600003,0.0024181222386242237,35.119124304702574,9.6933342026905,57.722552321519174,63.74045801526718,53.43053801233824,-36.25954198473282,True,True,False
1779235200000,0.000866,0.000899,0.000806,0.000814,8510721.81,2026-05-20,-0.06004618937644335,-0.06192454255989478,0.06004618937644335,0.0635673443586653,1.2144524087492252,0.06024629592613998,1.1510038675344716,0.1065231040248696,2.035121044864166,0.07989530471466112,1.5263976533455235,0.0008460000000000001,0.0008332175643110809,0.0008211,0.0008289104931985239,0.00084145,0.000808334547909725,0.0007229000000000001,0.0008117819957720692,0.00090144,0.0010374391084263192,-0.04683840749414514,-4.68384074941452,-0.06544202066590121,-6.544202066590123,0.13212795549374134,13.212795549374135,52.739726027397275,45.833333333333336,56.057347670250905,0.0008255899147524421,0.000797351782628653,2.8238132123789106e-05,3.125674665480797e-05,-3.018614531018863e-06,-0.3708371659728333,0.00084145,6.539231807446205e-05,0.0009722346361489241,0.0007106653638510759,0.3108553952080911,0.39505648060700843,9.185714285714288e-05,11.284661284661286,0.00010314285714285718,12.671112671112676,0.0001494761904761905,18.363168363168363,12803592.2875,0.6647135912246223,-578630603.3700002,0.0024141439036643353,31.25925475808153,-18.168604651162845,52.61925611946493,43.89312977099238,49.236641221374065,-56.10687022900761,False,False,True
1779321600000,0.000814,0.000868,0.000807,0.00083,5903443.33,2026-05-21,0.019656019656019597,0.01946533478810325,0.019656019656019597,0.05982019496097664,1.142863220025379,0.051946556137292085,0.9924375615128469,0.08018037544308317,1.531843921964874,0.07992033138135105,1.5268757871412828,0.000834,0.0008321450428740539,0.0008250999999999999,0.0008291085853442469,0.00083585,0.0008103979242992753,0.00072284,0.0008124964324535945,0.00089366,0.0010333203457891676,-0.0674157303370786,-6.741573033707859,0.05063291139240511,5.063291139240506,-0.11889596602972397,-11.8895966029724,45.23809523809523,55.00910746812387,56.75675675675676,0.0008262683894059126,0.0007997701691009139,2.6498220304998652e-05,3.0305041384846107e-05,-3.8068210798474544e-06,-0.45865314215029573,0.00083585,6.097477908286547e-05,0.0009577995581657309,0.000713900441834269,0.2917977105120081,0.47601467324691027,9.100000000000002e-05,10.96385542168675,9.97857142857143e-05,12.022375215146301,0.0001456190476190476,17.544463568559955,12057772.5715,0.4895965067340464,-572727160.0400002,0.002411387955180548,27.468414019872363,-21.91205162839584,52.97464289610263,50.0,52.54452926208652,-50.0,False,False,True
1779408000000,0.00083,0.000943,0.00083,0.000868,10434867.02,2026-05-22,0.04578313253012034,0.044766013869706425,0.04578313253012034,0.06251043044564307,1.1942600967931343,0.052659609970256274,1.0060604358636327,0.07880238387388658,1.505517430000627,0.08010122353555449,1.5303317268948249,0.0008364,0.0008440966952493693,0.0008342,0.0008361797516452929,0.0008285,0.0008158838362707737,0.0007238,0.0008146730580004867,0.0008867399999999999,0.001030038038154985,0.014018691588784993,1.4018691588785008,0.11711711711711703,11.711711711711704,-0.14482758620689662,-14.482758620689665,45.669291338582674,56.04982206405693,57.77777777777777,0.0008326886371896183,0.0008048242306495926,2.786440654002566e-05,2.9816914415882024e-05,-1.952507875856365e-06,-0.22494330367008813,0.0008285,4.501403289962432e-05,0.0009185280657992487,0.0007384719342007514,0.21732785950331604,0.7193760337364128,8.857142857142859e-05,10.204081632653065,9.642857142857145e-05,11.10928242264648,0.00013752380952380955,15.843756857581745,11669041.9415,0.8942351113581349,-562292293.0200002,0.002406679440478956,25.347231123846807,83.07755269081231,53.329302932046424,64.50381679389311,52.79898218829518,-35.4961832061069,True,False,False
1779494400000,0.000868,0.000888,0.000823,0.000823,6802705.35,2026-05-23,-0.0518433179723502,-0.05323551398328032,0.0518433179723502,0.06027915627187942,1.1516316635583297,0.055749741983821204,1.0650973250885865,0.07547616834580512,1.441970171563883,0.0793879948926799,1.5167055128053903,0.0008401999999999999,0.0008370644634995795,0.0008402999999999999,0.0008337834331643306,0.00082465,0.0008165615661497477,0.00072532,0.0008149996069156051,0.0008797,0.001025927672748937,0.023631840796019876,2.36318407960198,0.08005249343832022,8.005249343832016,-0.0855555555555556,-8.555555555555559,43.77358490566037,49.39341421143847,55.81867388362652,0.0008311980776219847,0.0008061705839349554,2.5027493687029248e-05,2.8859030270111473e-05,-3.831536583082225e-06,-0.4655573004960176,0.00082465,4.1751489100378065e-05,0.0009081529782007561,0.0007411470217992439,0.20251737876858333,0.49012011286571616,7.842857142857144e-05,9.52959555632703,9.342857142857144e-05,11.352195799340395,0.00011700000000000002,14.216281895504256,11419648.5495,0.5957018134588609,-569094998.3700002,0.002403554061168874,23.172362161240837,27.089445103302122,47.81086165246482,47.32824427480914,53.94402035623409,-52.67175572519086,False,True,False
1779580800000,0.000823,0.000875,0.000801,0.000813,6798444.11,2026-05-24,-0.012150668286755706,-0.012225091129259154,0.012150668286755706,0.04537772460126598,0.8669402112289775,0.05438501938670682,1.0390243364800238,0.06470834341005599,1.236251165018223,0.07781349863860912,1.4866248041079497,0.0008296,0.0008290429756663864,0.0008418,0.0008300046271344524,0.00082785,0.0008162223693735812,0.00072822,0.0008149211904574594,0.00087187,0.0010217005957768636,-0.06120092378752884,-6.120092378752886,0.018796992481203034,1.8796992481203059,0.08544726301735661,8.544726301735652,52.01793721973095,44.68864468864469,53.309859154929576,0.0008283983733724487,0.0008066764666064915,2.172190676595718e-05,2.743160556928062e-05,-5.70969880332344e-06,-0.7022999758085412,0.00082785,3.7925515643637984e-05,0.000903701031287276,0.000751998968712724,0.1832482485650202,0.40211075744140184,8.385714285714288e-05,10.314531716745742,8.935714285714288e-05,10.991038481813392,0.00011057142857142859,13.6004217185029,11239719.743999999,0.6048588634631352,-575893442.4800003,0.002400413175515066,19.63855831204341,-12.006641972154693,37.69145654009163,45.05928853754942,52.29711653541724,-54.94071146245059,False,True,False
1779667200000,0.000813,0.00085,0.000781,0.000797,7212434.81,2026-05-25,-0.019680196801968086,-0.01987643075759562,0.019680196801968086,0.03754540440302762,0.7173039439472039,0.04927028580485285,0.9413074886037706,0.053510243377216854,1.0223117642849844,0.07790315772591717,1.4883377385658243,0.0008262,0.0008183619837775911,0.0008361,0.0008240037858372793,0.0008242000000000001,0.0008143916675284779,0.0007306999999999999,0.0008142183943635905,0.00086376,0.0010172400245895086,-0.020884520884520974,-2.088452088452099,-0.06674473067915698,-6.674473067915701,-0.08390804597701151,-8.390804597701154,30.508474576271155,50.727650727650726,44.02308326463314,0.0008235678543920719,0.0008059596913022397,1.7608163089832232e-05,2.546691707339094e-05,-7.858753983558709e-06,-0.9860419050889221,0.0008242000000000001,3.716053367689464e-05,0.0008985210673537893,0.0007498789326462108,0.18034716659497507,0.31701016300990104,8.371428571428573e-05,10.503674493636856,8.200000000000001e-05,10.288582183186954,0.0001020952380952381,12.809942044571907,10943575.294,0.6590565346550262,-583105877.2900002,0.0023970517436036416,19.511313894568822,-58.2713641350728,47.07310269743239,25.48076923076922,39.28943401437593,-74.51923076923079,False,True,False
1779753600000,0.000797,0.00081,0.000775,0.000791,4537951.85,2026-05-26,-0.007528230865746499,-0.007556711022561115,0.007528230865746499,0.0352238050332482,0.6729498502655324,0.04631406562933825,0.8848289814525219,0.05351888577044171,1.0224768769757093,0.07620542821329504,1.4559026617695487,0.0008184,0.0008092413225183941,0.0008262,0.0008180030975032285,0.00082045,0.0008121638896686227,0.0007314600000000001,0.0008133078637279238,0.0008552799999999999,0.001012749114865248,-0.04698795180722892,-4.698795180722888,-0.11123595505617967,-11.123595505617969,-0.08660508083140872,-8.660508083140876,41.22137404580151,51.47679324894515,40.22687609075043,0.0008185574152548301,0.0008048515660204959,1.3705849234334254e-05,2.3114703505579603e-05,-9.408854271245349e-06,-1.1894885298666686,0.00082045,3.649870221188176e-05,0.0008934474044237635,0.0007474525955762366,0.17794479718145764,0.2982804989268024,7.285714285714286e-05,9.210763951598338,8.114285714285717e-05,10.25826259707423,9.309523809523811e-05,11.769309493708988,10730790.738499999,0.4228907226490502,-587643829.1400002,0.0023949210428568916,19.33929052589222,-89.62005483744625,48.426124700077956,22.596153846153864,31.045403871490837,-77.40384615384613,False,True,False
1779840000000,0.000791,0.000809,0.00077,0.000771,5145434.05,2026-05-27,-0.025284450063211228,-0.02560959420432449,0.025284450063211228,0.017355246201665314,0.3315715131204016,0.0456389769290908,0.8719314299438574,0.04823235930094719,0.921477930589506,0.07612197078606382,1.45430820986108,0.000799,0.0007964942150122627,0.0008177,0.0008094570797753688,0.00082025,0.0008082435192239916,0.0007323399999999999,0.0008116487224218177,0.00084663,0.001007950577982255,-0.11175115207373265,-11.175115207373269,-0.09929906542056077,-9.929906542056075,-0.005161290322580614,-0.5161290322580632,28.148148148148124,50.939457202505224,43.86298763082778,0.0008112408898310102,0.0008023440426113684,8.896847219641763e-06,2.0271132248392036e-05,-1.1374285028750273e-05,-1.4752639466602169,0.00082025,3.6770805066749426e-05,0.0008937916101334989,0.0007467083898665012,0.17931511157207886,0.16515554996282145,6.514285714285716e-05,8.449138410227906,7.850000000000001e-05,10.181582360570689,9.047619047619049e-05,11.73491445864987,10624992.5185,0.4842764868813681,-592789263.1900002,0.002392498919324798,19.5793528123233,-101.46141673647946,50.07752200061506,4.7368421052631575,17.604588394062088,-95.26315789473684,False,True,False
1779926400000,0.000771,0.000804,0.000725,0.000741,11698245.25,2026-05-28,-0.03891050583657585,-0.03968774826724258,0.03891050583657585,0.012250160145047628,0.23403898095498826,0.043379491971757264,0.8287640304457172,0.04841831915225378,0.9250306885602603,0.07573513511054131,1.4469177246572662,0.0007825999999999999,0.0007779961433415085,0.0008114,0.0007970103379980291,0.0008173,0.0008018393745359921,0.0007335599999999999,0.0008088781692140843,0.00083838,0.0010026520615601696,-0.09963547995139721,-9.963547995139725,-0.07835820895522394,-7.83582089552239,-0.07374999999999998,-7.375000000000003,0.0,43.97463002114165,49.56989247311828,0.0008004345990877778,0.0007978000394546319,2.6345596331458707e-06,1.6743817725342804e-05,-1.4109258092196933e-05,-1.9040834132519477,0.0008173,4.0643637425206216e-05,0.0008985872748504123,0.0007360127251495876,0.19891661531974153,0.03067684861861942,6.771428571428575e-05,9.138230190861774,7.935714285714288e-05,10.709465972623871,8.90952380952381e-05,12.02364886575413,10712373.466500001,1.0920311251827657,-604487508.4400002,0.0023869283655160653,19.148161592343467,-139.6303210723718,41.43729184129978,7.048458149779761,11.460484700398931,-92.95154185022024,False,True,False
1780012800000,0.000741,0.000785,0.000728,0.000749,8413687.32,2026-05-29,0.010796221322536992,0.010738358221132472,0.010796221322536992,0.018804060461754795,0.35925107069430623,0.032828424901836746,0.6271861771120839,0.04761272348004344,0.909639804853154,0.07385899759775964,1.411074167803819,0.0007698,0.0007683307622276723,0.0007997000000000001,0.000788281185634751,0.00081325,0.0007968070531516115,0.0007364599999999999,0.0008065299934409479,0.0008308699999999999,0.0009976177313576451,-0.07872078720787212,-7.872078720787212,-0.13510392609699773,-13.510392609699773,-0.09759036144578315,-9.759036144578314,8.888888888888872,37.64705882352939,42.59485924112607,0.0007925215838435043,0.0007941852217170022,-1.663637873497892e-06,1.3062326605574664e-05,-1.4725964479072556e-05,-1.9660833750430646,0.00081325,4.326281373911444e-05,0.0008997756274782289,0.000726724372521771,0.21278973864919506,0.1287227156129774,5.971428571428574e-05,7.972534808315852,7.414285714285716e-05,9.898912836162504,8.419047619047622e-05,11.24038400406892,10544621.883499999,0.7979126622990209,-596073821.1200001,0.0023829387594973286,18.561103275568183,-125.30120481927705,28.26282419739782,10.572687224669618,7.452662493237518,-89.42731277533038,False,False,True
1780099200000,0.000749,0.000771,0.000731,0.000731,8019053.48,2026-05-30,-0.024032042723631464,-0.02432552376744093,0.024032042723631464,0.019108218114265326,0.36506199448635185,0.028952709486945834,0.553140738078431,0.04608159393137533,0.8803876158990999,0.07386617428191133,1.4112112781620192,0.0007566,0.0007558871748184481,0.0007913999999999999,0.0007778664246102509,0.00080625,0.0007905397147562196,0.0007392799999999999,0.0008035680180379897,0.0008237800000000001,0.0009923263067685116,-0.08281053952321205,-8.281053952321201,-0.101965601965602,-10.196560196560204,-0.16073478760045934,-16.07347876004593,8.163265306122426,30.46683046683046,41.87725631768952,0.0007830567247906575,0.0007895048349228509,-6.448110132193448e-06,9.160239258021041e-06,-1.560834939021449e-05,-2.135205114940423,0.00080625,4.4728273173087784e-05,0.0008957065463461756,0.0007167934536538244,0.22190771186648203,0.07940473294821598,5.614285714285716e-05,7.680281414891541,6.72857142857143e-05,9.204612077389099,8.100000000000002e-05,11.080711354309168,9865463.5165,0.8128410253190966,-604092874.6000001,0.0023791319260709548,17.51286562998323,-128.00851970181037,19.568660193985608,2.7522935779816673,6.791146317477021,-97.24770642201833,False,False,True
1780185600000,0.000731,0.000745,0.000726,0.000737,5995201.8,2026-05-31,0.008207934336525335,0.008174432439558127,0.008207934336525335,0.02211582092209068,0.4225221654495348,0.02784074723343424,0.5318967290539878,0.04155833896817407,0.7939709511655223,0.07359134617812609,1.4059606946115917,0.0007457999999999999,0.0007495914498789653,0.0007821,0.0007704361655902054,0.0008036,0.0007854406943032461,0.00074266,0.0008009574949300727,0.00081707,0.0009872592027652615,-0.06826801517067005,-6.826801517067005,-0.11204819277108435,-11.204819277108431,-0.06708860759493673,-6.708860759493669,15.909090909090935,34.30079155672823,47.45308310991958,0.0007759710748228639,0.0007856155878912984,-9.644513068434476e-06,5.399288792729937e-06,-1.5043801861164414e-05,-2.0412214194252933,0.0008036,4.724115066108369e-05,0.0008980823013221674,0.0007091176986778326,0.23514758915422454,0.14755303867490413,4.82857142857143e-05,6.5516572979259555,6.607142857142859e-05,8.964915681333594,7.566666666666667e-05,10.266847580280416,8204372.3089999985,0.7307325379936023,-598097672.8000002,0.002376282949012851,16.566493658731012,-129.6059183383129,19.97705868504366,5.504587155963335,6.276522652871544,-94.49541284403666,False,True,False
1780272000000,0.000737,0.00077,0.000706,0.000729,13260190.26,2026-06-01,-0.01085481682496603,-0.010914160180678405,0.01085481682496603,0.021171106517681986,0.4044734220957026,0.01937435872847768,0.3701466037815352,0.04147922686290745,0.7924595165166218,0.07318301086860028,1.3981594594768825,0.0007374,0.0007427276332526437,0.0007681999999999999,0.0007629023173010771,0.0008012,0.000780065390083889,0.00074644,0.0007981356193013065,0.0008103400000000001,0.0009821341172385775,-0.05447470817120614,-5.447470817120614,-0.16013824884792616,-16.01382488479262,-0.061776061776061764,-6.177606177606174,15.555555555555571,38.805970149253724,45.13031550068587,0.0007687447556193464,0.0007814218406398612,-1.2677085020514826e-05,1.7840140300809834e-06,-1.4461099050595809e-05,-1.9836898560488079,0.0008012,4.9812913142911136e-05,0.0009008258262858223,0.0007015741737141776,0.2486915284219229,0.1376441596937869,4.757142857142858e-05,6.52557319223986,6.564285714285716e-05,9.004507152655302,7.052380952380953e-05,9.674047945652884,8457707.995,1.5678231345701596,-611357863.0600002,0.0023700127171270235,15.921145039346202,-120.2256244963739,18.704681294921016,9.704641350210977,5.9871740280519985,-90.29535864978902,True,True,False
1780358400000,0.000729,0.000799,0.00072,0.000721,7353062.94,2026-06-02,-0.010973936899862924,-0.011034594723709172,0.010973936899862924,0.014624176616786704,0.27939450196348603,0.015070136575354534,0.28791455500884466,0.04134183942174951,0.7898347331387804,0.07321951612424657,1.3988568914067347,0.0007334,0.0007354850888350958,0.000758,0.0007552837141554268,0.00079915,0.0007744401148378041,0.00074986,0.0007951106795802401,0.0008044700000000001,0.0009769522013485833,-0.026990553306342813,-2.6990553306342853,-0.12393681652490884,-12.393681652490885,-0.0538057742782152,-5.380577427821525,17.948717948717942,24.199288256227746,42.29137199434229,0.0007613994086009855,0.000776946148740385,-1.5546740139399493e-05,-1.6821368038151129e-06,-1.386460333558438e-05,-1.9229685624943662,0.00079915,5.229297527538122e-05,0.0009037359505507625,0.0006945640494492375,0.26174297829134074,0.12638385180584716,5.3857142857142866e-05,7.4697840301169025,6.335714285714286e-05,8.787398454527443,7.204761904761907e-05,9.992734958060897,8357694.411,0.879795620467081,-618710926.0000002,0.002366581006005181,16.018499642751472,-95.53398058252417,16.88432437195503,6.329113924050603,7.179447476741643,-93.6708860759494,True,False,False
1780444800000,0.000721,0.000739,0.0007,0.0007,11109659.84,2026-06-03,-0.029126213592232997,-0.02955880224154439,0.029126213592232997,0.01448802031652881,0.276793239499514,0.01589235765987369,0.30362306677212664,0.04006556304184725,0.7654515071374451,0.07332805451384276,1.400930514428378,0.0007235999999999999,0.0007236567258900638,0.0007467000000000001,0.0007452321297635309,0.00079425,0.0007673505800913464,0.00075304,0.000791380833046173,0.0008000899999999999,0.0009714566234880086,-0.06542056074766356,-6.5420560747663545,-0.13899138991389914,-13.899138991389917,-0.1228070175438597,-12.280701754385964,20.28985507246378,27.199999999999974,37.55458515283842,0.0007519533457392955,0.000771246434018607,-1.9293088279311575e-05,-5.204327098914407e-06,-1.4088761180397167e-05,-2.0126801686281666,0.00079425,5.680333107350635e-05,0.0009078566621470127,0.0006806433378529873,0.286072803643721,0.08519158023481133,5.385714285714285e-05,7.693877551020408,5.95e-05,8.5,7.02857142857143e-05,10.040816326530615,8431350.745500002,1.3176607373295994,-629820585.8400003,0.0023613163178709475,15.575590645522544,-127.71929824561408,16.735112569748864,0.0,5.344585091420531,-100.0,False,True,False
1780531200000,0.0007,0.0007,0.000673,0.000675,7378061.98,2026-06-04,-0.0357142857142857,-0.03636764417087483,0.0357142857142857,0.0173077680644725,0.3306644445829557,0.017201270419332605,0.328629809929406,0.036322440796486076,0.6939392570507854,0.07115477517749687,1.3594100710067014,0.0007124,0.0007074378172600426,0.0007345000000000001,0.0007324626516247071,0.0007853000000000001,0.0007585552867493132,0.0007542400000000001,0.0007868168600430002,0.00079512,0.0009655742599183337,-0.07660738714090276,-7.6607387140902805,-0.15307402760351307,-15.30740276035131,-0.20960187353629978,-20.960187353629976,6.976744186046545,20.077220077220062,40.88748019017433,0.0007401143694717116,0.000764117068535437,-2.4002699063725382e-05,-8.964001491876603e-06,-1.5038697571848779e-05,-2.227955195829449,0.0007853000000000001,6.085106927222145e-05,0.0009070021385444429,0.0006635978614555572,0.30995069029528294,0.04684444612400557,4.642857142857141e-05,6.8783068783068755,5.707142857142858e-05,8.455026455026456,6.838095238095239e-05,10.130511463844798,7915452.3655,0.9321086956644133,-637198647.8200003,0.0023577744572186973,16.16962818692851,-147.00520833333323,16.714646448838423,0.7407407407407586,2.356618221597125,-99.25925925925924,False,True,False
1780617600000,0.000675,0.000675,0.000616,0.000616,10175901.76,2026-06-05,-0.08740740740740749,-0.09146572733901014,0.08740740740740749,0.03139115715241417,0.59972721531473,0.02788366593465283,0.5327166896894552,0.03785188003373578,0.7231591526505343,0.0721326879104369,1.3780930675365646,0.0006882000000000001,0.0006769585448400285,0.000717,0.0007112876240565784,0.0007716000000000001,0.0007449785927731876,0.0007546800000000001,0.0007801181331855894,0.00078942,0.0009586382026875811,-0.16417910447761197,-16.417910447761194,-0.22123893805309736,-22.123893805309734,-0.3078651685393258,-30.78651685393258,4.724409448818918,5.000000000000014,38.109305760709006,0.0007210198510914483,0.0007531454338286663,-3.2125582737218e-05,-1.3596317740944885e-05,-1.8529264996273112e-05,-3.0079975643300507,0.0007716000000000001,6.660994077853596e-05,0.000904819881557072,0.0006383801184429282,0.34530814296804524,-0.08399691615601872,4.6714285714285707e-05,7.583487940630797,5.321428571428572e-05,8.638682745825605,6.500000000000002e-05,10.551948051948056,7975972.3505,1.2758195882364225,-647374549.5800003,0.002352777560695803,19.038607413481568,-180.79962380266016,6.452463109076973,0.0,0.24691358024692425,-100.0,False,True,False
1780704000000,0.000616,0.000619,0.000575,0.000588,10196059.66,2026-06-06,-0.045454545454545525,-0.04652001563489293,0.045454545454545525,0.02846610842136736,0.5438442377738503,0.028678570411851338,0.5479033184026566,0.03809412889341385,0.7277873106162474,0.07245658050349618,1.3842810268383954,0.00066,0.000647305696560019,0.0006987,0.0006888716924099278,0.0007582,0.0007300282506043121,0.00075448,0.0007725840601505066,0.00078342,0.0009512844966553225,-0.19341563786008242,-19.34156378600824,-0.23735408560311289,-23.735408560311285,-0.3130841121495327,-31.308411214953274,0.0,5.323193916349808,37.39130434782609,0.0007005552586158408,0.0007409124387297903,-4.035718011394945e-05,-1.89484902155458e-05,-2.140868989840365e-05,-3.640933656191097,0.0007582,7.51472939597125e-05,0.000908494587919425,0.000607905412080575,0.3964510364532445,-0.06622132026219933,4.7285714285714274e-05,8.041788143828958,5.171428571428572e-05,8.794946550048593,6.061904761904762e-05,10.309361839974084,8131567.0795,1.253886189502718,-657570609.2400002,0.00234767897665008,22.345713077647037,-196.30562552476914,6.429007136521946,4.33333333333333,1.6913580246913675,-95.66666666666667,False,True,False
1780790400000,0.000588,0.000596,0.00058,0.000587,4815360.76,2026-06-07,-0.001700680272108901,-0.0017021280705305296,0.001700680272108901,0.031147181102110122,0.5950660594184403,0.029275099216873046,0.5592999852204384,0.03686777262459695,0.7043578069980682,0.072451448206173,1.3841829744357121,0.0006332,0.0006272037977066793,0.0006833,0.0006703495665172136,0.00074735,0.0007164065124515202,0.0007543200000000002,0.0007653062273295393,0.0007774100000000001,0.0009440571318777976,-0.18585298196948685,-18.585298196948685,-0.20782726045883948,-20.782726045883948,-0.26990049751243794,-26.990049751243788,0.0,5.511811023622045,33.893129770992346,0.0006830852188287884,0.0007295115173420046,-4.642629851321623e-05,-2.4444051875079887e-05,-2.198224663813634e-05,-3.744846105304317,0.00074735,8.339902498479714e-05,0.0009141480499695943,0.0005805519500304058,0.4463719809181621,0.01932891293024581,4.685714285714283e-05,7.982477488440005,4.7571428571428565e-05,8.104161596495498,5.9666666666666676e-05,10.16467915956843,8123596.603500001,0.5927621711207732,-662385970.0000002,0.00234527263854903,26.614914534163255,-174.71736896197342,6.647797439133811,4.363636363636352,2.8989898989898983,-95.63636363636365,False,False,True
1780876800000,0.000587,0.000599,0.000552,0.000577,7611940.73,2026-06-08,-0.017035775127768216,-0.017182553319996786,0.017035775127768216,0.032625073405738246,0.6233011522341189,0.02697741422223171,0.5154027750342662,0.02983224071048017,0.5699441585102273,0.07245267975885589,1.3842065032166817,0.0006086,0.0006104691984711195,0.0006661,0.0006533769180595384,0.0007329000000000001,0.0007031297017418513,0.0007541599999999999,0.000757921643521269,0.00077085,0.0009367750343907097,-0.1757142857142856,-17.571428571428566,-0.2296395193591455,-22.963951935914547,-0.33371824480369516,-33.37182448036951,0.0,5.6451612903225765,27.257799671592764,0.0006667644159320517,0.0007182143679089021,-5.144995197685039e-05,-2.9845231895433994e-05,-2.16047200814164e-05,-3.744318904924852,0.0007329000000000001,8.672940374335559e-05,0.0009063588074867113,0.0005594411925132889,0.4733491812981612,0.050613767444631926,4.442857142857142e-05,7.699925724189153,4.6e-05,7.9722703639514725,5.857142857142858e-05,10.151027482050013,8068621.405499999,0.9434004085024115,-669997910.7300003,0.0023414570225550784,28.788095127155163,-162.0468739939477,6.7668310823434155,9.689922480620181,6.128964059196626,-90.31007751937982,True,True,False
1780963200000,0.000577,0.00058,0.000538,0.000555,10049456.91,2026-06-09,-0.03812824956672445,-0.03887415276166506,0.03812824956672445,0.03261059259128598,0.6230244966624627,0.027264213229816914,0.520882062380667,0.02864990158647088,0.5473556012628173,0.07250561856483793,1.385217897684861,0.0005846,0.000591979465647413,0.0006485,0.0006354902056850769,0.00071995,0.0006890221110997699,0.0007531399999999999,0.0007499639052220696,0.0007642899999999999,0.000929201227822936,-0.1777777777777777,-17.777777777777775,-0.24076607387140891,-24.076607387140893,-0.3181818181818181,-31.818181818181817,0.0,5.303030303030312,21.8487394957983,0.0006495698904040438,0.000706124414730107,-5.6554524326063145e-05,-3.518709038155983e-05,-2.1367433944503317e-05,-3.8499880981087053,0.00071995,9.3085967623562e-05,0.0009061219352471241,0.000533778064752876,0.517180179865613,0.056995527330567175,3.914285714285715e-05,7.052767052767053,4.6500000000000005e-05,8.378378378378379,5.528571428571429e-05,9.961389961389962,8145558.1605,1.233734596449451,-680047367.6400002,0.002336392644229606,31.18381217804463,-150.67043306253245,6.603230922150772,6.273062730627337,6.775540524961294,-93.72693726937267,False,True,False
1781049600000,0.000555,0.000568,0.000522,0.000543,13505996.12,2026-06-10,-0.021621621621621734,-0.021858793812499187,0.021621621621621734,0.017379698171269428,0.332038667343753,0.024497606121997806,0.4680261078012835,0.027201476570977812,0.5196834801964856,0.07257289820473599,1.3865032734003064,0.00057,0.0005756529770982753,0.0006291,0.0006186738046514266,0.0007056,0.000675115243375982,0.00075184,0.0007418476473939979,0.0007578400000000001,0.0009215398916898694,-0.11850649350649356,-11.850649350649357,-0.26322930800542743,-26.32293080054275,-0.3457831325301205,-34.57831325301205,0.0,5.46875,22.687609075043625,0.0006331745226495755,0.0006940411247497676,-6.08666021001921e-05,-4.0322992725286284e-05,-2.0543609374905817e-05,-3.783353476041587,0.0007056,9.725625402698898e-05,0.000900112508053978,0.000511087491946022,0.5513393085430215,0.08203202039100256,4.0142857142857155e-05,7.392791370691926,4.7000000000000004e-05,8.655616942909763,5.3047619047619056e-05,9.76935894062966,8525685.8,1.5841536313712146,-693553363.7600002,0.0023295807988212903,33.393888284099795,-137.16908910838092,6.3496015618491555,7.446808510638286,7.80326457396194,-92.55319148936172,False,True,False
1781136000000,0.000543,0.000598,0.000511,0.000569,22663133.04,2026-06-11,0.04788213627992621,0.046771114192395366,0.04788213627992621,0.03286237805609516,0.627834851213382,0.03453177550823254,0.6597286447541167,0.02747389871507715,0.5248880979516548,0.07280250662708733,1.3908899361499778,0.0005662,0.0005734353180655168,0.0006131,0.0006096422038057126,0.0006906499999999999,0.0006650090297211264,0.00075134,0.0007350692872167338,0.0007524799999999999,0.0009145465680063795,-0.03231292517006812,-3.231292517006808,-0.2194787379972566,-21.947873799725663,-0.3444700460829493,-34.44700460829493,26.26262626262624,15.873015873015873,28.51919561243143,0.0006233015191650255,0.0006847788192125127,-6.147730004748728e-05,-4.455385418972649e-05,-1.6923445857760793e-05,-2.9742435602391555,0.0006906499999999999,9.390155819565908e-05,0.0008784531163913181,0.0005028468836086817,0.5438445417833004,0.17612358533358285,4.8714285714285735e-05,8.561385890032643,4.757142857142857e-05,8.360532262113987,5.4285714285714295e-05,9.540547326136082,9137099.101,2.48034226065466,-670890230.7200003,0.0023183611711667094,35.18337529133368,-108.92040731504581,20.119934647378713,20.138888888888886,11.286253376718173,-79.86111111111111,True,True,False
1781222400000,0.000569,0.00058,0.00055,0.00055,9064458.94,2026-06-12,-0.033391915641476144,-0.03396215589981418,0.033391915641476144,0.034796014727406024,0.6647769279480883,0.03432441704845889,0.6557670669426267,0.026664876148311086,0.5094317435159894,0.07276648392978889,1.3902017234844164,0.0005588,0.0005656235453770113,0.000596,0.0005987981667501285,0.000677,0.0006540557887953047,0.00075,0.000727811646441492,0.00074708,0.0009073153212590904,-0.06303236797274259,-6.303236797274263,-0.23717059639389726,-23.717059639389728,-0.3317132442284325,-33.17132442284325,28.8888888888889,12.167300380228156,18.65079365079363,0.0006120243623704061,0.0006747952029743142,-6.277084060390807e-05,-4.819725147256281e-05,-1.4573589131345254e-05,-2.64974347842641,0.000677,9.349134494134299e-05,0.0008639826898826859,0.000490017310117314,0.5523860853255125,0.16039637123714368,4.457142857142859e-05,8.103896103896107,4.564285714285715e-05,8.298701298701298,5.033333333333334e-05,9.151515151515152,9250186.780499998,0.9799217199709388,-679954689.6600003,0.002313915114726622,37.85497974029205,-96.0734528480931,26.108453302116942,13.541666666666691,13.70912135539796,-86.4583333333333,False,False,True
1781308800000,0.00055,0.000565,0.000533,0.000546,12135552.07,2026-06-13,-0.0072727272727272085,-0.007299302481611496,0.0072727272727272085,0.03474888257034866,0.663876469351849,0.03480755725846922,0.6649974476944169,0.026758795372992143,0.5112260677840949,0.07241237503369412,1.383436482523659,0.0005526000000000001,0.0005590823635846742,0.0005805999999999999,0.0005891985000682869,0.00066365,0.0006437647612909899,0.00074796,0.0007206817575011038,0.00074171,0.0009001484162205398,-0.05372616984402079,-5.372616984402078,-0.21999999999999997,-21.999999999999993,-0.3284132841328413,-32.84132841328413,27.95698924731184,12.851405622489963,20.614035087719287,0.0006018667681595744,0.0006652548175686018,-6.338804940902738e-05,-5.123541105985573e-05,-1.2152638349171647e-05,-2.225757939408726,0.00066365,9.210193151865765e-05,0.0008478538630373153,0.0004794461369626847,0.5551235230537642,0.18065273425843714,4.285714285714286e-05,7.849293563579278,4.5071428571428565e-05,8.254840397697539,4.876190476190477e-05,8.930751787894646,9517042.1785,1.2751390445043407,-692090241.7300004,0.002307957304428738,39.75745489676033,-93.61518276372547,25.910123042283487,12.152777777777807,15.2777777777778,-87.84722222222219,False,True,False
1781395200000,0.000546,0.000551,0.000452,0.000513,13678814.51,2026-06-14,-0.06043956043956056,-0.06234313057413563,0.06043956043956056,0.04018933629424475,0.7678161918042253,0.03656705205416897,0.6986125485670084,0.02829251651439429,0.5405277690478121,0.07280756457498705,1.3909865681089202,0.0005442,0.0005437215757231161,0.0005644000000000001,0.0005753442273285983,0.00064945,0.0006313109745013717,0.0007449599999999999,0.000712537352407502,0.00073744,0.0008924693544697786,-0.07567567567567579,-7.567567567567575,-0.24,-24.000000000000004,-0.35633626097867,-35.633626097867,22.41379310344827,9.420289855072454,16.49048625792811,0.0005881949576734861,0.0006539766829336632,-6.578172526017711e-05,-5.414467389992e-05,-1.1637051360257109e-05,-2.2684310643776042,0.00064945,9.235314088634331e-05,0.0008341562817726866,0.00046474371822731334,0.5688083201868863,0.1306297796413726,5.471428571428572e-05,10.66555277081593,5.078571428571427e-05,9.89974937343358,4.9952380952380954e-05,9.7373062285343,9840361.1635,1.3900724051407425,-705769056.2400004,0.0023011282197179547,42.324676407643814,-112.8214755021588,25.207637054374814,17.579250720461097,14.424565054968538,-82.4207492795389,False,True,False
1781481600000,0.000513,0.00053,0.000464,0.000488,20192444.89,2026-06-15,-0.04873294346978563,-0.04996043931762241,0.04873294346978563,0.04303918847192298,0.8222625412101802,0.031030523363600696,0.5928373164536149,0.028726179290935763,0.5488128847604347,0.0730193969857456,1.3950336206339609,0.0005332,0.000525147717148744,0.0005516,0.0005594634587233986,0.0006343000000000001,0.0006176623102631456,0.00074182,0.0007037319427220068,0.00073378,0.0008844469974560143,-0.10128913443830567,-10.12891344383057,-0.20779220779220786,-20.779220779220783,-0.38305941845764857,-38.305941845764856,21.8487394957983,8.87372013651877,8.695652173913047,0.0005727803488006421,0.0006416821138272366,-6.890176502659449e-05,-5.70960921252549e-05,-1.1805672901339595e-05,-2.4191952666679497,0.0006343000000000001,9.27623449012194e-05,0.0008198246898024389,0.00044877531019756127,0.5849745855350428,0.10571285645109617,5.7428571428571426e-05,11.76814988290398,5.092857142857142e-05,10.436182669789225,4.98095238095238e-05,10.20686963309914,10623085.8155,1.9008078481807498,-725961501.1300004,0.002291078249111286,46.31981209632789,-110.43144931082294,25.145233176110736,10.37463976945245,13.36888942256379,-89.62536023054754,False,False,True
1781568000000,0.000488,0.000543,0.000476,0.000523,10944288.47,2026-06-16,0.07172131147540983,0.06926605821177573,0.07172131147540983,0.05272400452088379,1.0072906920259581,0.041719648739225186,0.7970527700142455,0.035736077116200825,0.6827367946684095,0.07377693902642903,1.4095064409998062,0.0005239999999999999,0.0005244318114324961,0.0005451,0.000552833738955508,0.0006219,0.000608646852142846,0.0007394800000000002,0.000696644397524728,0.00073016,0.000877278189293114,-0.08084358523725821,-8.084358523725822,-0.11054421768707479,-11.054421768707476,-0.32166018158236054,-32.16601815823606,42.95774647887326,19.062500000000014,16.666666666666686,0.0005651218336005433,0.0006328908461361783,-6.776901253563493e-05,-5.923067620733091e-05,-8.538336328304025e-06,-1.6325690876298327,0.0006219,9.006366169487327e-05,0.0008020273233897465,0.00044177267661025345,0.5792806669552871,0.2254719657772096,6.099999999999998e-05,11.663479923518159,5.0071428571428565e-05,9.57388691614313,5.133333333333333e-05,9.815168897386869,10913028.5365,1.0028644599796883,-715017212.6600003,0.0022857378475796934,51.109112753829386,-87.86191464731709,25.254462180718306,24.738675958188168,17.56418881603391,-75.26132404181183,True,False,False
1781654400000,0.000523,0.000563,0.000511,0.000549,10786769.72,2026-06-17,0.0497131931166348,0.048516977444607735,0.0497131931166348,0.058504491979489745,1.1177267498584058,0.04593095780490505,0.8775097167437681,0.038475846950848,0.7350800238637654,0.07412537341045769,1.4161632705597622,0.0005237999999999999,0.000532621207621664,0.0005413,0.000552136695509052,0.0006123,0.000602966199557813,0.0007375799999999999,0.0006908544069983294,0.0007265400000000001,0.0008707674452987242,-0.0018181818181818299,-0.1818181818181862,-0.06473594548551953,-6.47359454855195,-0.2591093117408907,-25.910931174089068,42.95774647887326,26.769230769230774,21.673819742489272,0.000562641551508152,0.0006266767093852507,-6.40351578770987e-05,-6.019157254128448e-05,-3.8435853358142254e-06,-0.7001066185453962,0.0006123,8.687686385728976e-05,0.0007860537277145795,0.00043854627228542045,0.5675444315354549,0.31784563464450927,6.185714285714284e-05,11.267239136091591,5.1e-05,9.289617486338797,5.195238095238095e-05,9.463093069650446,10867454.76,0.9925755347703882,-704230442.9400003,0.0022805853596843087,55.60811222791192,-61.638611973634106,32.28598231366671,39.11290322580646,24.742072984482366,-60.88709677419354,True,False,False
1781740800000,0.000549,0.000563,0.000531,0.000531,6067373.26,2026-06-18,-0.032786885245901676,-0.033336420267591836,0.032786885245901676,0.06048535773603082,1.1555711369994937,0.04662653193652421,0.8907986418692582,0.03822027835178952,0.7301973926344976,0.07424413531360645,1.418432213533577,0.0005208,0.0005320808050811094,0.0005367,0.0005482936599619517,0.0006014,0.0005961122757904022,0.00073518,0.0006845855920014948,0.0007231799999999999,0.0008640290438752683,-0.027472527472527597,-2.7472527472527544,-0.07972270363951484,-7.972270363951478,-0.29105473965287043,-29.10547396528705,43.26241134751772,27.35849056603773,21.581196581196593,0.0005577736205068978,0.0006195895457269789,-6.181592522008111e-05,-6.0516443077043806e-05,-1.2994821430373026e-06,-0.24472356742698728,0.0006014,8.238254797297892e-05,0.0007661650959459579,0.0004366349040540421,0.5479384634052473,0.28636251933148865,5.399999999999998e-05,10.169491525423723,5.135714285714286e-05,9.671778315846113,4.971428571428571e-05,9.362389023405973,10750139.057,0.5643995140741183,-710297816.2000003,0.0022777016298440238,59.21255195222545,-56.823969705693486,36.62663537299775,35.42600896860987,33.092529384201505,-64.57399103139014,False,False,False
1781827200000,0.000531,0.000538,0.00048,0.000483,7047836.1,2026-06-19,-0.09039548022598876,-0.0947453675893662,0.09039548022598876,0.06842314710076507,1.3072223898779125,0.05296434257240574,1.0118823440531068,0.04164861083807677,0.7956955928184292,0.07368043643320904,1.4076627615450645,0.0005147999999999999,0.0005157205367207396,0.0005295,0.000536422085423415,0.000589,0.0005853396780960781,0.00073046,0.0006766802568303942,0.0007198900000000002,0.0008564725560349697,-0.05847953216374269,-5.847953216374274,-0.12972972972972985,-12.972972972972984,-0.3392612859097127,-33.926128590971274,32.97297297297297,28.338762214983717,19.80392156862746,0.0005462699865827597,0.0006094718015989158,-6.320181501615616e-05,-6.105351746486628e-05,-2.1482975512898754e-06,-0.4447821017163303,0.000589,8.049125483713758e-05,0.0007499825096742752,0.00042801749032572484,0.5466299140043299,0.17077168751289906,5.799999999999998e-05,12.00828157349896,5.128571428571428e-05,10.6181603076013,4.976190476190476e-05,10.302671793355023,10701578.188,0.6585791344217762,-717345652.3000003,0.002274284417093961,59.19712609574763,-90.43245033647584,37.88275680206379,18.562874251497004,31.03392881530445,-81.437125748503,False,True,False
1781913600000,0.000483,0.000517,0.00047,0.000473,6100169.36,2026-06-20,-0.020703933747411973,-0.020921265160639684,0.020703933747411973,0.06555438016494375,1.2524146745250309,0.052947636760431474,1.0115631799634794,0.041128360512114236,0.7857562242968678,0.05793740344902662,1.106892538696317,0.0005118,0.0005014803578138263,0.0005225000000000001,0.0005248907971646123,0.0005758,0.0005746406611345468,0.00072108,0.0006686927784619507,0.0007167800000000001,0.000848867835667946,-0.030737704918032738,-3.073770491803276,-0.1289134438305708,-12.891344383057085,-0.35820895522388063,-35.820895522388064,37.65432098765432,30.1038062283737,20.200000000000003,0.0005349976809546428,0.000599362779258127,-6.43650983034842e-05,-6.171583363258987e-05,-2.64926467089434e-06,-0.5600982390897125,0.0005758,7.649052228867231e-05,0.0007287810445773446,0.0004228189554226554,0.5313686855760492,0.16401066130769523,6.014285714285713e-05,12.715191784959224,5.15e-05,10.887949260042284,5.009523809523809e-05,10.590959428168729,10706826.566000002,0.5697457899777097,-723445821.6600003,0.0022713145758579923,58.537239624602876,-100.52220478584289,39.297108642804645,14.285714285714295,22.758199168607064,-85.7142857142857,False,True,False
1782000000000,0.000473,0.000542,0.00047,0.000516,17914621.2,2026-06-21,0.09090909090909083,0.08701137698962969,0.09090909090909083,0.07142952677773493,1.3646591929589122,0.0597106646827317,1.1407706469977092,0.04815921782990184,0.9200805647472379,0.058389670885309934,1.115533095934229,0.0005103999999999999,0.0005063202385425508,0.0005172,0.0005232742885892283,0.00056515,0.00056905583626459,0.0007111000000000001,0.00066270481389301,0.0007139899999999999,0.0008422668604232035,-0.013384321223709472,-1.3384321223709486,-0.09314586994727592,-9.31458699472759,-0.29218106995884785,-29.218106995884785,57.77777777777777,39.274924471299094,28.070175438596493,0.0005320749608077747,0.0005931877585722672,-6.111279776449248e-05,-6.159522645897039e-05,4.824286944779061e-07,0.09349393303835389,0.00056515,6.844227302505365e-05,0.0007020345460501073,0.00042826545394989275,0.4844184589935672,0.32046914199500487,5.6285714285714276e-05,10.908084163898115,5.5499999999999994e-05,10.755813953488373,5.261904761904761e-05,10.197489848652639,10939548.113,1.637601573204946,-705531200.4600003,0.0022627597366027476,57.170561805934426,-73.8301418872219,46.77021558658836,43.53741496598637,25.462001167732563,-56.462585034013635,True,False,False
1782086400000,0.000516,0.000543,0.000499,0.00053,13226293.0,2026-06-22,0.027131782945736482,0.026770241064604832,0.027131782945736482,0.06808446007590495,1.3007517833533941,0.05993343993990702,1.1450267623099957,0.0491142056248599,0.9383255809519274,0.05676012216284375,1.084400611304902,0.0005066,0.0005142134923617005,0.0005152000000000001,0.0005244971452093686,0.0005556000000000001,0.0005653362328108194,0.0007037,0.0006575006931296343,0.0007112299999999999,0.0008360745926101693,-0.03460837887067403,-3.4608378870674,-0.03636363636363649,-3.636363636363646,-0.26490984743411927,-26.49098474341193,52.201257861635206,42.98507462686567,28.90173410404624,0.0005317557360681171,0.0005885071838631594,-5.6751447795042325e-05,-6.0626470726184776e-05,3.875022931142451e-06,0.7311364021023493,0.0005556000000000001,5.8094659596886356e-05,0.0006717893191937728,0.00043941068080622736,0.41824808925044166,0.38983496857699057,5.314285714285713e-05,10.026954177897572,5.528571428571428e-05,10.431266846361185,5.166666666666666e-05,9.748427672955975,11233209.616,1.1774277746193889,-692304907.4600003,0.0022565492351492755,55.275649164618905,-52.81029851502699,53.04018599883719,53.42465753424656,37.082595595315745,-46.57534246575344,True,False,False
1782172800000,0.00053,0.000537,0.000484,0.000489,11634781.58,2026-06-23,-0.07735849056603783,-0.08051451707129559,0.07735849056603783,0.07515520040922725,1.4358380877456747,0.06452910903915736,1.2328268971702485,0.05103598065283926,0.9750410413089794,0.052905898964252664,1.0107657804871188,0.0004982000000000001,0.0005058089949078003,0.0005095000000000001,0.0005180431188076651,0.0005450499999999999,0.000558066115400265,0.0006985000000000001,0.0006508928101055305,0.0007081,0.0008291922788806941,-0.07909604519774016,-7.90960451977402,-0.10439560439560458,-10.439560439560454,-0.3014285714285715,-30.14285714285715,32.75862068965516,40.677966101694906,27.67527675276753,0.000525177930519176,0.000581136281354703,-5.595835083552702e-05,-5.969284674805323e-05,3.734495912526208e-06,0.7637005956086316,0.0005450499999999999,4.892687884668415e-05,0.0006429037576933682,0.00044719624230663165,0.35906341690989196,0.2136032313872062,5.1142857142857145e-05,10.458661992404325,5.607142857142856e-05,11.466549810108091,5.042857142857143e-05,10.312591294186388,11259465.703,1.0333333647350602,-703939689.0400003,0.0022510578719104374,53.32473511693066,-81.59249167423525,52.89462111686901,25.342465753424637,40.76817941788586,-74.65753424657537,False,True,False
1782259200000,0.000489,0.00055,0.00048,0.000481,11844910.74,2026-06-24,-0.01635991820040894,-0.016495219369110786,0.01635991820040894,0.06260713529765555,1.1961076403966808,0.06209150560049269,1.1862565488643868,0.05083636262646666,0.9712273442699756,0.04698033019410877,0.8975579480896112,0.0004978,0.0004975393299385335,0.0005063,0.0005113080062971806,0.00053535,0.0005507264853621445,0.0006907200000000001,0.0006442303346562382,0.0007046800000000001,0.0008222879919641703,-0.0041407867494823725,-0.4140786749482391,-0.06237816764132553,-6.237816764132558,-0.28740740740740744,-28.740740740740744,34.756097560975604,41.142857142857146,26.470588235294116,0.0005183813258239181,0.0005737187790320631,-5.533745320814498e-05,-5.882176804007158e-05,3.484314831926604e-06,0.724389777947319,0.00053535,4.027311366413619e-05,0.0006158962273282723,0.0004548037726717276,0.3009105345223587,0.16261610380277433,5.3714285714285714e-05,11.167211167211168,5.778571428571427e-05,12.013662013662012,5.190476190476191e-05,10.791010791010793,11482808.140999999,1.0315343245792894,-715784599.7800003,0.002245503616742732,50.55802866094507,-75.8882618109538,60.304157414609335,19.863013698630134,32.87671232876712,-80.13698630136986,True,True,False
1782345600000,0.000481,0.000534,0.000453,0.000476,13248460.54,2026-06-25,-0.01039501039501034,-0.01044941587434112,0.01039501039501034,0.061890711912565836,1.1824203908429267,0.06022521887560447,1.150601191049392,0.04794308725609045,0.9159513959323727,0.04697213195223311,0.8974013208984983,0.0004984000000000001,0.0004903595532923557,0.0005051,0.0005048883687886022,0.00052835,0.0005436096772324164,0.0006829200000000001,0.0006376330549209832,0.00070082,0.0008154216502322116,0.00634249471458781,0.6342494714587777,-0.024590163934426146,-2.459016393442616,-0.2272727272727273,-22.727272727272723,47.10743801652894,35.866261398176306,26.6173752310536,0.0005118611218510076,0.0005664803509555514,-5.461922910454371e-05,-5.7981260252966014e-05,3.362031148422301e-06,0.7063090647946011,0.00052835,3.7595177462208694e-05,0.0006035403549244174,0.00045315964507558265,0.28462327973660406,0.15188354242626523,6.07142857142857e-05,12.755102040816324,5.735714285714284e-05,12.049819927971186,5.4476190476190476e-05,11.444577831132452,11636436.08,1.1385324895799194,-729033060.3200003,0.0022392762189078555,50.899956791522904,-101.45259938837917,49.70000459076413,18.75000000000003,21.31849315068494,-81.24999999999997,False,True,False
1782432000000,0.000476,0.000485,0.00046,0.00046,5172468.27,2026-06-26,-0.03361344537815125,-0.03419136474827931,0.03361344537815125,0.038012439308552734,0.7262266332888362,0.05511653022155561,1.0529998313566975,0.047576292998385304,0.9089438014783396,0.04509478823807766,0.8615347196001618,0.0004872,0.0004802397021949039,0.0004988,0.0004967268471906746,0.00052195,0.0005356468508293292,0.00067662,0.0006306670408880941,0.0006968499999999999,0.0008083743888283063,-0.1085271317829456,-10.852713178294564,-0.12045889101338436,-12.045889101338433,-0.21768707482993188,-21.768707482993193,44.881889763779526,36.19631901840491,26.229508196721312,0.0005038824877200834,0.0005585929175513733,-5.471042983128994e-05,-5.73270941686308e-05,2.616664337340859e-06,0.5688400733349694,0.00052195,3.780068921669384e-05,0.0005975513784333877,0.0004463486215666123,0.28968820167980724,0.09028524820758342,5.6e-05,12.17391304347826,5.699999999999999e-05,12.391304347826084,5.285714285714285e-05,11.490683229813662,11385256.5105,0.454312844443137,-734205528.5900003,0.0022368301722959626,51.24188492210073,-133.94127160421667,45.09220597720419,7.079646017699144,15.230886572109775,-92.92035398230085,False,False,True
1782518400000,0.00046,0.000473,0.000452,0.000453,7095691.07,2026-06-27,-0.01521739130434785,-0.015334364000106687,0.01521739130434785,0.027582072331767554,0.5269547519967183,0.05077233382977037,0.9700040758266948,0.047531295671917065,0.9080841287632377,0.04469824314043467,0.8539587361471961,0.0004718,0.00047115980146326925,0.0004892000000000001,0.0004887765113378246,0.00051525,0.0005277757221789168,0.00066968,0.0006236996945358463,0.00069271,0.000801328247082845,-0.1452830188679245,-14.52830188679245,-0.17486338797814205,-17.48633879781421,-0.22827938671209536,-22.827938671209534,15.384615384615401,35.86626139817629,26.9158878504673,0.0004960544126862244,0.0005507712199549174,-5.471680726869298e-05,-5.680503678864324e-05,2.0882295199502573e-06,0.46097781897356677,0.00051525,3.753857664904233e-05,0.0005903271532980846,0.0004401728467019153,0.2914202942186692,0.08542647619546831,5.228571428571429e-05,11.542100283822139,5.621428571428571e-05,12.409334594765056,5.1761904761904755e-05,11.42646904236308,11499273.025999999,0.6170556220342412,-741301219.6600003,0.0022334685898747326,51.22927617162791,-142.94810569882185,47.04880382758383,0.9009009009009225,8.910182306200037,-99.09909909909908,False,True,False
1782604800000,0.000453,0.000458,0.000404,0.000421,14149209.56,2026-06-28,-0.07064017660044153,-0.07325929180065263,0.07064017660044153,0.02475260192098419,0.4728977957005395,0.05335278905890662,1.0193036037574514,0.049319487466645995,0.9422474850324716,0.04495224641925863,0.8588114619753737,0.0004582,0.0004544398676421795,0.00047819999999999997,0.0004764535092764019,0.00050745,0.0005176066057809248,0.0006615,0.0006157506743938724,0.0006886500000000001,0.0007937875273039943,-0.13905930470347638,-13.905930470347643,-0.20715630885122416,-20.715630885122412,-0.27036395147313697,-27.036395147313698,0.0,35.975609756097555,26.56826568265683,0.0004845075799652668,0.0005411585369952279,-5.6650957029961133e-05,-5.677422083690683e-05,1.2326380694569486e-07,0.029278814001352703,0.00050745,4.01490315803013e-05,0.0005877480631606026,0.0004271519368393974,0.316476749081102,-0.038306881867704944,4.9714285714285725e-05,11.808618934509674,5.3e-05,12.589073634204276,5.3571428571428575e-05,12.724804886325078,11826136.4675,1.196435505279696,-755450429.2200003,0.0022266842466041417,49.89346912153514,-197.4917336776818,47.57306289538404,10.691823899371055,6.224123605990378,-89.30817610062894,False,True,False
1782691200000,0.000421,0.000433,0.000405,0.000419,14902788.07,2026-06-29,-0.004750593824228044,-0.004761913760243703,0.004750593824228044,0.026729033370525526,0.5106574655253495,0.04766465508339997,0.9106319567421914,0.049041270395486745,0.9369321553512742,0.044074482383464106,0.8420418036179409,0.0004458,0.0004426265784281197,0.0004718,0.0004660074166806925,0.0005006499999999999,0.0005082155004684556,0.00065246,0.000608034950002983,0.0006847400000000001,0.0007863568476404285,-0.1288981288981289,-12.889812889812887,-0.1325051759834368,-13.250517598343684,-0.2450450450450451,-24.504504504504514,0.0,38.68852459016394,29.690721649484544,0.00047442949073984113,0.0005321097564770054,-5.7680265737164265e-05,-5.695542981695832e-05,-7.248359202059477e-07,-0.1729918663976009,0.0005006499999999999,4.3081654417656136e-05,0.0005868133088353122,0.0004144866911646877,0.34420576784305307,0.026190433586637096,4.742857142857144e-05,11.319468121377433,5.0285714285714286e-05,12.001363791339925,5.2666666666666655e-05,12.569610182975335,12068803.0255,1.2348190651974447,-770353217.2900003,0.0022195593185553443,47.782048795829105,-191.73646007816893,49.98594019866713,9.433962264150933,7.008895688140974,-90.56603773584906,False,False,True
1782777600000,0.000419,0.000473,0.000411,0.000414,15588641.64,2026-06-30,-0.011933174224343701,-0.012004946096823375,0.011933174224343701,0.026499109189301248,0.5062647702108809,0.04758982126522665,0.9092022586534416,0.048997544216371654,0.9360967678722552,0.04255824089824288,0.8130740507166605,0.0004334,0.00043308438561874644,0.0004659,0.00045655152273874836,0.0004942,0.0004992425956619361,0.0006449400000000001,0.0006004257252202021,0.0006808500000000001,0.000778974539675261,-0.13025210084033623,-13.025210084033622,-0.12473572938689226,-12.473572938689223,-0.2375690607734806,-23.756906077348066,0.0,30.181818181818173,31.16883116883116,0.0004651326460106348,0.0005233608856268055,-5.822823961617067e-05,-5.720999177680079e-05,-1.0182478393698792e-06,-0.24595358438885973,0.0004942,4.596749423570664e-05,0.0005861349884714132,0.0004022650115285867,0.37205580117933335,0.06382221103482395,4.871428571428572e-05,11.76673567977916,4.992857142857143e-05,12.060041407867496,5.361904761904761e-05,12.951460777547732,12172935.3015,1.2805984139321847,-785941858.9300003,0.002212222457985281,44.086035506792555,-139.27227101631118,50.735593139875355,6.289308176100611,8.805031446540871,-93.7106918238994,True,False,False
1782864000000,0.000414,0.000438,0.000413,0.00042,8907537.94,2026-07-01,0.01449275362318847,0.01438873745209967,0.01449275362318847,0.03180448739767032,0.6076238785625759,0.03312722664409797,0.6328947763824913,0.0473800589268342,0.9051947548054246,0.04271619833868176,0.8160918233789647,0.0004254,0.000428722923745831,0.0004562999999999999,0.00044990579133170325,0.00048675000000000004,0.0004916956817893707,0.0006378,0.0005933501967056725,0.00067719,0.0007718577181511288,-0.08695652173913038,-8.695652173913041,-0.18604651162790686,-18.604651162790688,-0.2618629173989454,-26.18629173989454,8.823529411764753,24.705882352941174,32.11991434689509,0.0004581891620089987,0.0005157045237284819,-5.7515361719483204e-05,-5.7271065765337276e-05,-2.442959541459284e-07,-0.058165703368078185,0.00048675000000000004,4.527561792997755e-05,0.0005773012358599552,0.0003961987641400449,0.37206465684624596,0.13142413592656899,4.228571428571429e-05,10.068027210884354,4.800000000000001e-05,11.428571428571429,5.261904761904761e-05,12.528344671201813,11485155.546500001,0.7755696389078938,-777034320.9900002,0.002208036007462642,41.96041781785652,-137.00311898599765,44.13976804150917,10.062893081761011,8.595387840670856,-89.93710691823898,False,False,True
1782950400000,0.00042,0.000445,0.00039,0.000396,22567317.69,2026-07-02,-0.05714285714285727,-0.05884050002293358,0.05714285714285727,0.036234302564880735,0.6922553785003138,0.030454966079219086,0.5818413099750915,0.048182508408581785,0.9205255306281379,0.04319278082167784,0.8251969189320617,0.00041400000000000003,0.0004178152824972207,0.0004429,0.00044010473836230264,0.00047905000000000007,0.00048258180733324013,0.0006304799999999999,0.0005856109629241082,0.00067334,0.0007644063551679619,-0.1258278145695365,-12.582781456953649,-0.25283018867924534,-25.28301886792453,-0.28000000000000014,-28.000000000000007,7.894736842105289,24.13793103448276,31.18503118503118,0.0004486215986229989,0.0005068375219707717,-5.821592334777283e-05,-5.746003728182439e-05,-7.558860659484393e-07,-0.1908803196839493,0.00047905000000000007,4.7014527430014886e-05,0.0005730790548600298,0.0003850209451399703,0.39256467951165736,0.058381182690674216,3.857142857142858e-05,9.740259740259742,4.964285714285714e-05,12.536075036075037,5.109523809523808e-05,12.902837902837899,12160298.484000001,1.8558193879610037,-799601638.6800003,0.002197438206179583,40.47550607513993,-140.6151914626491,36.60276329442697,3.749999999999989,6.700733752620542,-96.25000000000001,True,True,False
1783036800000,0.000396,0.000408,0.000375,0.00039,13869045.81,2026-07-03,-0.015151515151515138,-0.01526747213078842,0.015151515151515138,0.026269129521222193,0.5018710148215403,0.025222795236964426,0.4818808263891913,0.04814657601021636,0.9198390431212694,0.04233634398789089,0.8088347161968719,0.0004078,0.00040854352166481376,0.00043299999999999995,0.0004309947859327931,0.00047125,0.000473764492349122,0.00062232,0.0005779399348838939,0.0006694,0.0007569839359342154,-0.07363420427553447,-7.363420427553444,-0.2024539877300613,-20.24539877300613,-0.2857142857142858,-28.57142857142858,8.000000000000028,28.76712328767124,32.258064516129025,0.00043960289114253757,0.0004981828907136371,-5.857999957109951e-05,-5.7684029739679413e-05,-8.959698314200986e-07,-0.2297358542102817,0.00047125,4.82470342693042e-05,0.0005677440685386084,0.0003747559314613916,0.4095238983070914,0.07898966625347072,3.971428571428572e-05,10.183150183150184,4.7857142857142856e-05,12.27106227106227,5.123809523809522e-05,13.137973137973132,12246973.171,1.1324468190100194,-813470684.4900002,0.002190917163154968,38.35352373450807,-149.1000346140535,35.740267674120574,8.571428571428562,7.461440551063192,-91.42857142857143,False,True,False
1783123200000,0.00039,0.000418,0.000389,0.000403,10241312.62,2026-07-04,0.033333333333333215,0.032789822822990755,0.033333333333333215,0.034254244072618206,0.6544264141216125,0.030760363335078703,0.5876759163558685,0.048114298326848305,0.9192223788463864,0.041157332031990665,0.7863097244069327,0.0004046,0.00040669568110987585,0.0004252,0.00042590482485410343,0.00046575,0.0004670250168873008,0.0006133,0.0005710795367857356,0.0006658900000000001,0.0007499665390136236,-0.03818615751789978,-3.8186157517899786,-0.16216216216216217,-16.216216216216218,-0.21442495126705652,-21.44249512670566,33.928571428571445,34.23423423423422,34.9785407725322,0.0004339716771206087,0.0004911323062163002,-5.716062909569145e-05,-5.757934961088183e-05,4.1872051519037986e-07,0.10390087225567739,0.00046575,4.9490961428849174e-05,0.0005647319228576984,0.00036676807714230167,0.4250431470003151,0.1830229288927193,4.085714285714286e-05,10.138248847926269,4.6571428571428575e-05,11.556185749734137,5.109523809523808e-05,12.67871913033203,12075098.0765,0.8481349430967496,-803229371.8700002,0.0021861647599810768,35.917015798000136,-110.89146192224428,40.29081053879053,15.999999999999984,9.440476190476183,-84.00000000000001,True,False,False
1783209600000,0.000403,0.000403,0.000377,0.000378,7878197.0,2026-07-05,-0.06203473945409421,-0.0640423663270952,0.06203473945409421,0.04233137073151321,0.8087397022671861,0.033703149599090314,0.6438977689882234,0.04875258190233604,0.9314167694338308,0.04088892136932503,0.7811817458969446,0.0003974,0.0003971304540732506,0.00041539999999999996,0.0004171948566988119,0.00046025,0.00045854644385041497,0.00060306,0.0005635077812370885,0.0006619400000000001,0.0007425928167568329,-0.08695652173913038,-8.695652173913032,-0.2058823529411764,-20.588235294117645,-0.22540983606557374,-22.54098360655737,24.050632911392427,16.176470588235304,29.46236559139787,0.00042536064987128423,0.00048275213538542957,-5.739148551414533e-05,-5.754177679153454e-05,1.5029127738920876e-07,0.03975959719291237,0.00046025,5.288405888549468e-05,0.0005660181177709893,0.0003544818822290106,0.45961159270391894,0.1111777266468482,3.685714285714285e-05,9.750566893424034,4.3285714285714286e-05,11.45124716553288,4.761904761904762e-05,12.597631645250692,11459385.682,0.6874885983089647,-811107568.8700002,0.002182490726981595,35.72612719387305,-120.32374771548996,31.459306459560295,1.7142857142857248,8.761904761904761,-98.28571428571428,False,True,False
1783296000000,0.000378,0.000379,0.00034,0.000349,12519026.8,2026-07-06,-0.07671957671957674,-0.07982227341716056,0.07671957671957674,0.04478738244746996,0.8556617402169026,0.0378208543222979,0.7225664072657925,0.046661149375070717,0.8914600071040605,0.04166807274088793,0.7960674119495619,0.0003832,0.0003810869693821671,0.00040429999999999996,0.00040479579184448246,0.00045155000000000005,0.00044811344919799454,0.00059292,0.000555095701769361,0.00065762,0.0007347905522670975,-0.169047619047619,-16.9047619047619,-0.2413043478260869,-24.130434782608692,-0.3326959847036328,-33.269598470363285,18.446601941747588,8.675799086758005,28.84210526315789,0.0004136128575833943,0.000472844569801287,-5.9231712217892656e-05,-5.787976387680617e-05,-1.3519483410864876e-06,-0.38737774816231735,0.00045155000000000005,5.622462000521467e-05,0.0005639992400104294,0.0003391007599895707,0.4980588639593815,0.044016482501398925,3.842857142857142e-05,11.011051985264016,4.2928571428571426e-05,12.30045026606631,4.633333333333333e-05,13.276026743075453,11538122.598500002,1.0850141947380174,-823626595.6700002,0.002176586190992467,36.67057900569547,-142.98138806749012,23.041813504916163,4.2857142857142865,7.333333333333337,-95.71428571428572,False,True,False
1783382400000,0.000349,0.000363,0.00033,0.000355,18513940.73,2026-07-07,0.017191977077363862,0.0170458672729886,0.017191977077363862,0.048044093103586594,0.9178811099392585,0.0402151986570305,0.7683102915514773,0.0446652432395725,0.8533282739264617,0.041452736796014765,0.7919534244992453,0.000375,0.00037239131292144474,0.0003945,0.00039574201150912203,0.00044185,0.0004392455016553284,0.0005839399999999999,0.0005472488028863598,0.0006530700000000001,0.0007272620523288575,-0.10353535353535348,-10.353535353535346,-0.2163355408388521,-21.63355408388521,-0.3533697632058288,-35.33697632058288,18.446601941747545,13.58695652173914,29.979035639413,0.0004045954948782567,0.0004641153424085691,-5.951984753031238e-05,-5.820778060750741e-05,-1.3120669228049682e-06,-0.36959631628308964,0.00044185,5.525374481230589e-05,0.0005523574896246118,0.0003313425103753882,0.5002036420713445,0.10704020924271772,3.428571428571428e-05,9.657947686116696,4.149999999999999e-05,11.69014084507042,4.471428571428571e-05,12.595573440643863,11924481.149,1.552599270246035,-805112654.9400002,0.002167892104763373,37.523966955857624,-135.09246729815067,22.8506781053984,11.363636363636367,5.787878787878799,-88.63636363636364,False,True,False
1783468800000,0.000355,0.000383,0.000331,0.000333,12571930.37,2026-07-08,-0.06197183098591552,-0.063975299494972,0.06197183098591552,0.05115986488899668,0.9774078463175156,0.039161884392245216,0.7481867507783911,0.04555204906125347,0.8702706753607051,0.03975153553844737,0.7594520201089217,0.00036360000000000006,0.00035926087528096313,0.0003857,0.000384334373052918,0.00043195000000000006,0.000429126882450059,0.00057328,0.0005388468801824566,0.00064818,0.0007194468496643574,-0.14615384615384608,-14.615384615384611,-0.20902612826603317,-20.90261282660332,-0.3728813559322034,-37.28813559322033,18.81188118811879,12.626262626262644,30.686695278969964,0.0003935808033585249,0.00045440309482271823,-6.082229146419331e-05,-5.8730682778844593e-05,-2.091608685348717e-06,-0.6281107163209361,0.00043195000000000006,5.6170300262442046e-05,0.0005442906005248842,0.00031960939947511596,0.5201555759920551,0.05959822389376475,3.814285714285713e-05,11.454311454311448,4.021428571428571e-05,12.076362076362075,4.471428571428571e-05,13.427713427713424,12249709.0045,1.0263044097930514,-817684585.3100002,0.0021620343064668035,38.80347006144768,-123.96731936647028,15.078897935872291,1.470588235294127,5.706646294881598,-98.52941176470587,True,False,False
1783555200000,0.000333,0.000348,0.00033,0.000341,8048402.95,2026-07-09,0.024024024024023927,0.02373998730307287,0.024024024024023927,0.048370266316067265,0.9241126404139562,0.0415902211676581,0.7945800597314101,0.04366480023963435,0.8342148372499842,0.03972139524799825,0.7588761906684183,0.00035119999999999997,0.0003531739168539754,0.0003779,0.00037645539613420567,0.00042484999999999995,0.0004207338460262438,0.00056382,0.0005310881711333311,0.0006433599999999999,0.0007119452944219271,-0.15384615384615385,-15.384615384615383,-0.18615751789976132,-18.615751789976134,-0.29399585921325044,-29.39958592132505,26.213592233009678,16.417910447761187,33.630289532293986,0.00038549144899567496,0.0004460028655765663,-6.051141658089133e-05,-5.908682953925394e-05,-1.4245870416373861e-06,-0.4177674608907291,0.00042484999999999995,5.831157238214523e-05,0.0005414731447642904,0.0003082268552357095,0.549008566620174,0.14050875077382372,3.2857142857142844e-05,9.635525764558018,3.571428571428572e-05,10.473397570171764,4.404761904761904e-05,12.917190336545174,12299737.347,0.6543556762993047,-809636182.3600001,0.002158284777337974,38.10684525768003,-124.56199841754267,15.900583550033204,7.096774193548383,6.64366626415963,-92.90322580645162,False,True,False
1783641600000,0.000341,0.00035,0.00032,0.000338,17118267.18,2026-07-10,-0.008797653958944385,-0.008836581800498112,0.008797653958944385,0.04587408072323399,0.8764230816241964,0.0416661204661289,0.7960301137926613,0.0436834103839093,0.8345703835571315,0.03939572231402882,0.7526542180012578,0.0003432,0.000348115944569317,0.0003703,0.0003694635059279864,0.0004181000000000001,0.00041285443211898246,0.00055398,0.0005235160786155648,0.00063841,0.0007045331168245273,-0.10582010582010593,-10.582010582010595,-0.18357487922705318,-18.357487922705314,-0.2854122621564482,-28.541226215644826,15.05376344086018,17.553191489361694,27.81774580335731,0.0003781850722271096,0.00043800265331161363,-5.9817581084504014e-05,-5.923297984830396e-05,-5.846012362000541e-07,-0.17295894562131778,0.0004181000000000001,6.02266770756357e-05,0.0005385533541512715,0.0002976466458487287,0.5761939925915874,0.167506145576459,3.2428571428571414e-05,9.594251901944206,3.6071428571428563e-05,10.672020287404901,4.271428571428572e-05,12.63736263736264,12850642.238,1.3320942924844967,-826754449.5400001,0.0021503449567736263,37.6010018946938,-117.21855775423624,15.162519602879087,11.76470588235291,6.777356103731812,-88.23529411764709,True,True,False
1783728000000,0.000338,0.00038,0.000329,0.000335,19972702.2,2026-07-11,-0.008875739644970349,-0.00891536365795228,0.008875739644970349,0.033815832341242164,0.6460505697542683,0.040190854709617314,0.7678452010891859,0.03585774204557714,0.6850611998804267,0.03836163273702849,0.7328979643725922,0.0003404,0.0003437439630462113,0.0003618,0.0003631974139410798,0.00040904999999999994,0.000405439724298127,0.00054332,0.0005161232843006095,0.0006335600000000001,0.0006972085388370412,-0.04011461318051579,-4.0114613180515795,-0.20238095238095244,-20.238095238095237,-0.35077519379844957,-35.07751937984496,19.7183098591549,17.934782608695656,22.84263959390863,0.0003715412149614004,0.00043037282714036373,-5.883161217896336e-05,-5.9152706314435845e-05,3.2109413547248746e-07,0.09584899566342908,0.00040904999999999994,5.830994769328779e-05,0.0005256698953865755,0.00029243010461342436,0.5701987306518792,0.18251557869034063,3.557142857142856e-05,10.618336886993598,3.82142857142857e-05,11.407249466950956,4.29047619047619e-05,12.80739161336176,12953546.287999999,1.5418713729770246,-846727151.7400001,0.0021412288963517717,35.91674864794055,-92.31815091774304,23.636562254946284,9.803921568627443,9.555133881509583,-90.19607843137256,True,False,False
1783814400000,0.000335,0.000345,0.000332,0.000334,10005794.07,2026-07-12,-0.0029850746268657025,-0.0029895388483660483,0.0029850746268657025,0.031208214494009578,0.5962321007334308,0.03848408537477509,0.7352374187318929,0.034341925852863914,0.6561015721811029,0.03810688884337442,0.7280310891179526,0.0003362,0.00034049597536414087,0.00035559999999999997,0.00035788879322451987,0.00039925,0.00039863594103163873,0.00053354,0.0005089811882986377,0.0006294299999999999,0.0006900094595067857,-0.05915492957746482,-5.915492957746485,-0.15656565656565657,-15.656565656565654,-0.369811320754717,-36.9811320754717,32.558139534883665,21.568627450980387,23.872679045092823,0.00036576564342887723,0.00042323409920402383,-5.74684557751466e-05,-5.881585620657801e-05,1.347400431431407e-06,0.4034133028237746,0.00039925,5.3155061154228296e-05,0.0005055601223084566,0.0002929398776915434,0.5325491411819994,0.19311482959882928,3.37142857142857e-05,10.094097519247217,3.5285714285714274e-05,10.564585115483316,4.009523809523809e-05,12.0045623039635,12792521.3415,0.7821596542927293,-856732945.8100002,0.002136668772960903,33.50130694678457,-98.6175115207374,24.507188044160856,9.150326797385597,10.239651416121987,-90.8496732026144,False,False,True
1783900800000,0.000334,0.000339,0.000314,0.000315,5771429.92,2026-07-13,-0.05688622754491013,-0.0585683541510673,0.05688622754491013,0.029177869582968023,0.5574424156729124,0.04056466007887706,0.7749867426413934,0.03288701721226225,0.6283055816309976,0.03850997749308005,0.7357320869575413,0.0003326,0.00033199731690942725,0.0003481,0.00035009083082006173,0.00039055000000000003,0.00039067061331433977,0.00052358,0.0005013740763037257,0.0006259000000000001,0.0006825766164265881,-0.05405405405405406,-5.405405405405406,-0.1923076923076923,-19.230769230769226,-0.35582822085889565,-35.58282208588957,14.285714285714263,19.411764705882362,25.86206896551724,0.00035795554443981926,0.00041521675852222695,-5.726121408240769e-05,-5.850492778174394e-05,1.2437136993362512e-06,0.39482974582103214,0.00039055000000000003,5.191741924486033e-05,0.0004943848384897206,0.0002867151615102794,0.5317364664689316,0.13620110023342868,3.171428571428571e-05,10.068027210884352,3.5071428571428566e-05,11.13378684807256,3.9190476190476186e-05,12.441421012849583,12499353.7585,0.4617382651543264,-862504375.7300001,0.002134028055528964,31.632884597957663,-108.36047774158533,26.07826065696139,0.6289308176100781,6.527726394541045,-99.37106918238993,False,True,False
1783987200000,0.000315,0.000322,0.00031,0.000313,6980912.13,2026-07-14,-0.006349206349206327,-0.006369448285479823,0.006349206349206327,0.02254886961003952,0.4307955490160684,0.03646050888193907,0.6965770441196254,0.033040727964982614,0.631242221438359,0.03854460793444555,0.7363937006108517,0.00032700000000000003,0.00032566487793961817,0.0003391,0.00034334704339823236,0.00038215000000000005,0.0003832734120463074,0.0005139,0.000493986851493917,0.0006223,0.0006752515895850594,-0.08211143695014655,-8.211143695014655,-0.22332506203473934,-22.332506203473937,-0.3492723492723492,-34.92723492723492,22.222222222222186,19.76047904191617,26.470588235294116,0.0003510393068336932,0.0004076451467798246,-5.660583994613141e-05,-5.812511021462144e-05,1.5192702684900324e-06,0.4853898621373905,0.00038215000000000005,5.0070765711554e-05,0.00048229153142310803,0.00028200846857689206,0.5240954150103779,0.15473865329742978,2.8714285714285716e-05,9.173893199452305,3.149999999999999e-05,10.063897763578272,3.7238095238095234e-05,11.897155028145441,12256153.828,0.5695842454303764,-869485287.8600001,0.0021308307197368077,32.603333977219776,-110.18972232692546,17.36600634821626,2.2222222222222365,4.000493279072642,-97.77777777777776,False,True,False
1784073600000,0.000313,0.000328,0.000309,0.000323,12050199.18,2026-07-15,0.03194888178913735,0.031449132682503295,0.03194888178913735,0.03167189895180953,0.6050907798611513,0.03775453937138816,0.7212994619075908,0.03503378332701683,0.6693194906654013,0.039158438417796586,0.74812091552899,0.000324,0.00032477658529307874,0.0003336,0.0003396475809621901,0.0003745,0.00037753308708951625,0.0005045399999999999,0.0004872814794216041,0.0006180000000000001,0.0006682700717849237,-0.044378698224852076,-4.437869822485203,-0.14550264550264558,-14.550264550264558,-0.3214285714285715,-32.14285714285715,26.315789473684163,21.63742690058477,18.566775244299677,0.0003467255673208173,0.00040137513590723337,-5.464956858641605e-05,-5.743000188898037e-05,2.7804333025643175e-06,0.8608152639518011,0.0003745,4.65408705502262e-05,0.0004675817411004524,0.0002814182588995476,0.49709875087023975,0.2233614273264292,2.400000000000001e-05,7.430340557275546,3.107142857142857e-05,9.619637328615656,3.480952380952382e-05,10.776942355889727,12196240.760000002,0.9880256889910722,-857435088.6800002,0.0021253530851330664,32.5347351091011,-93.79418695993722,23.378962364664517,10.294117647058835,4.381756895630388,-89.70588235294117,True,True,False
1784160000000,0.000323,0.000354,0.000322,0.000347,16539799.75,2026-07-16,0.07430340557275539,0.07167245672420262,0.07430340557275539,0.048750601124335206,0.9313789267232602,0.04040921154103492,0.7720169024958974,0.04048660250489719,0.7734954547844382,0.041207365541823894,0.7872656132701248,0.0003264,0.00033218439019538584,0.0003334,0.0003409843844236101,0.00036885,0.0003746251740333718,0.00049606,0.0004817802407196659,0.0006142,0.0006619027108802418,0.035820895522387985,3.582089552238796,-0.005730659025788065,-0.5730659025788104,-0.2456521739130435,-24.565217391304355,57.627118644067814,35.67251461988303,21.135646687697147,0.00034676778773299927,0.0003973473480622462,-5.0579560329246955e-05,-5.60599135770337e-05,5.480353247786743e-06,1.5793525209760069,0.00036885,4.2278867434841645e-05,0.0004534077348696833,0.0002842922651303167,0.45849388569707633,0.37079833658225186,2.6000000000000005e-05,7.492795389048994,2.9428571428571423e-05,8.480856319473034,3.2476190476190476e-05,9.359132702072184,12764607.334,1.295754684591381,-840895288.9300002,0.0021179751880901557,30.254312745504233,-54.84874187164262,34.14090003396687,34.8623853211009,15.792908396793996,-65.1376146788991,True,False,False
1784246400000,0.000347,0.000401,0.000346,0.000368,21655662.44,2026-07-17,0.060518731988472796,0.0587581582220719,0.060518731988472796,0.05323691356375913,1.017089805531072,0.04454895530420772,0.8511065960407946,0.04370290877390192,0.8349428997748873,0.04241168026249442,0.8102740137022423,0.00033319999999999997,0.00034412292679692386,0.0003347,0.0003458963145284083,0.00036459999999999997,0.00037399420507781264,0.0004886000000000001,0.0004773182672108516,0.00061108,0.0006560778541370057,0.10179640718562877,10.179640718562878,0.036619718309859106,3.661971830985913,-0.1876379690949227,-18.763796909492275,71.42857142857143,44.08602150537634,29.629629629629633,0.00035003428192792246,0.0003951734704280023,-4.513918850007983e-05,-5.3875768561642925e-05,8.736580061563092e-06,2.3740706689030144,0.00036459999999999997,3.736082947341153e-05,0.000439321658946823,0.00028987834105317694,0.40988293443128376,0.5227511008717011,2.9571428571428578e-05,8.035714285714288,3.0999999999999995e-05,8.42391304347826,3.39047619047619e-05,9.213250517598343,13492605.9025,1.6050022209562569,-819239626.4900001,0.0021085721282234956,29.580637214685847,5.252896343919732,45.512060220402454,54.12844036697248,33.094981111710744,-45.87155963302752,True,False,False
1784332800000,0.000368,0.000422,0.000366,0.000404,17593931.51,2026-07-18,0.09782608695652173,0.09333193979221913,0.09782608695652173,0.040237122762312096,0.768729150994758,0.04666840558299357,0.8915986367617756,0.047364285369802764,0.9048934014214718,0.04510897831515159,0.8618058206420041,0.000351,0.0003640819511979492,0.0003418,0.0003564606209777886,0.00036375000000000003,0.0003768518998323067,0.0004817,0.00047444303901222895,0.00060908,0.0006510820090852167,0.2825396825396824,28.253968253968253,0.21321321321321318,21.321321321321317,-0.040380047505938155,-4.03800475059382,81.25000000000003,50.23923444976077,38.153846153846146,0.00035833670009285744,0.00039582728743333637,-3.749058734047893e-05,-5.059873231741012e-05,1.3108144976931194e-05,3.2445903408245527,0.00036375000000000003,3.6185014345055356e-05,0.00043612002869011074,0.0002913799713098893,0.39791081066727535,0.7780847315423276,3.0285714285714285e-05,7.4964639321074955,3.2928571428571426e-05,8.15063649222065,3.557142857142857e-05,8.804809052333805,13664842.0,1.2875327435180006,-801645694.9800001,0.0021011187262794766,29.80049816181952,60.75383521284166,47.88190285931341,84.070796460177,57.687207382750124,-15.929203539823005,True,False,False
1784419200000,0.000404,0.000448,0.000404,0.000436,11191390.6,2026-07-19,0.07920792079207928,0.07622736538788431,0.07920792079207928,0.024534173730244423,0.46872473097589235,0.05025948911089062,0.9602061912297912,0.0506227444038075,0.9671461738564788,0.04684264310739103,0.8949274399913878,0.0003756,0.00038805463413196616,0.0003513,0.00037092232625455433,0.00036459999999999997,0.00038248505222922985,0.0004758,0.00047293546783047684,0.00060754,0.0006468194431685606,0.3929712460063899,39.29712460063898,0.2785923753665691,27.8592375366569,0.04057279236276856,4.057279236276858,98.4,63.42592592592593,44.31818181818182,0.0003702849000785717,0.00039880304391975996,-2.8518143841188255e-05,-4.6182614622165756e-05,1.76644707809775e-05,4.051484124077408,0.00036459999999999997,3.771834678514547e-05,0.0004400366935702909,0.000289163306429709,0.4138052307750464,0.9732444956211558,3.471428571428571e-05,7.961992136304062,3.421428571428571e-05,7.847313237221493,3.5095238095238094e-05,8.049366535605067,13479272.126500001,0.8302666861364073,-790454304.3800001,0.002096499767999578,29.648880911145664,122.60115510727186,53.74710840438457,91.36690647482017,76.52204776732322,-8.63309352517983,True,False,False
1784505600000,0.000436,0.000449,0.000403,0.000409,15343843.79,2026-07-20,-0.06192660550458717,-0.06392708730623259,0.06192660550458717,0.06397128360151132,1.2221696571479435,0.056736373331281814,1.0839468905149845,0.05260482016610791,1.0050136781251398,0.04735766547343351,0.9047669284789188,0.0003928,0.0003950364227546441,0.0003584,0.0003778455396628172,0.00036435,0.00038501028535025555,0.00046924,0.0004704281929453168,0.00060595,0.0006421063363647704,0.26625386996904044,26.625386996904034,0.2100591715976332,21.005917159763328,-0.01207729468599028,-1.2077294685990239,82.0,64.01869158878505,42.97520661157025,0.00037624106929725297,0.00039955837399977863,-2.3317304702525656e-05,-4.160955263823774e-05,1.8292247935712082e-05,4.472432258120313,0.00036435,3.7388817635818516e-05,0.00043912763527163704,0.00028957236472836295,0.41047144378557454,0.7985518319602148,3.771428571428572e-05,9.2210967516591,3.471428571428571e-05,8.48760041914076,3.5952380952380946e-05,8.790313191291183,13467032.234000001,1.1393634115808857,-805798148.1700001,0.0020901743569287402,30.42077031206733,108.05300713557591,52.20634599275823,71.42857142857144,82.28875812118953,-28.57142857142856,True,True,False
1784592000000,0.000409,0.000432,0.000403,0.000422,11330777.74,2026-07-21,0.0317848410757946,0.03129015799321004,0.0317848410757946,0.06274486628958106,1.198738987302721,0.05583282284715104,1.066684582753821,0.05298417884002668,1.012261315413888,0.047735629010513224,0.9119879117157822,0.0004078,0.0004040242818364294,0.0003671,0.0003858736233604868,0.00036445,0.00038853311531689784,0.0004631,0.0004685290469326732,0.00060477,0.0006377443378901324,0.21613832853025938,21.613832853025947,0.25970149253731334,25.970149253731346,0.004761904761904745,0.47619047619047483,82.3529411764706,65.15837104072399,45.79945799457995,0.0003832809047899833,0.0004012207166664636,-1.7939811876480343e-05,-3.687560448588626e-05,1.893579260940592e-05,4.487154646778654,0.00036445,3.7547829147344565e-05,0.0004395456582946891,0.0002893543417053109,0.4121040378361318,0.8831779446833216,4.014285714285714e-05,9.51252538930264,3.442857142857143e-05,8.158429248476642,3.438095238095238e-05,8.147145113969758,13588194.224000001,0.8338692804366261,-794467370.4300001,0.0020855301630101695,31.811548845703005,106.64748792766885,53.53082158132117,80.71428571428572,81.16992120589245,-19.285714285714285,False,False,False
1784678400000,0.000422,0.000895,0.00041,0.000612,41611465.49,2026-07-22,0.45023696682464465,0.37172696847631437,0.45023696682464465,0.19499338845898856,3.72534345572218,0.14444907932760587,2.759695785641315,0.11199798883188146,2.1397185722358394,0.08068550164997634,1.5414943445973268,0.00045660000000000004,0.0004733495212242863,0.0003949,0.00042698751002221645,0.00037525,0.0004098156757629076,0.00046092,0.00047415536220843125,0.0006053899999999999,0.0006372341526738875,0.6630434782608696,66.30434782608697,0.8323353293413176,83.23353293413174,0.5454545454545456,54.54545454545456,91.5360501567398,85.8611825192802,68.1214421252372,0.00041846845789921666,0.0004168339969134091,1.6344609858075557e-06,-2.91735913915475e-05,3.080805237735505e-05,5.033995486495923,0.00037525,6.6783132916173e-05,0.000508816265832346,0.000241683734167654,0.7118788318845889,1.3862642019848468,0.00010671428571428571,17.436974789915965,6.535714285714285e-05,10.679271708683473,5.628571428571428e-05,9.197012138188608,14540401.614000002,2.8617824042724544,-752855904.94,0.0020709164840753344,35.067729112603025,379.910540645663,69.87008965180166,51.70648464163824,67.94978059483181,-48.29351535836177,True,False,False
1784764800000,0.000612,0.000643,0.000485,0.000525,43493228.83,2026-07-23,-0.1421568627450981,-0.1533340199207024,0.1421568627450981,0.22832558165866096,4.362154112650599,0.1549137673110381,2.9596233688447477,0.11795213714854666,2.253472416102977,0.08305161059362036,1.5866987924936915,0.0004808,0.0004905663474828575,0.0004159,0.0004448079627454498,0.000382,0.00042078561140453547,0.00045742,0.0004761492707273352,0.00060523,0.0006350100005453673,0.2995049504950493,29.950495049504937,0.6666666666666665,66.66666666666666,0.34615384615384603,34.615384615384606,70.38961038961038,69.65811965811966,58.66013071895425,0.00043485792591472177,0.0004248462934383498,1.0011632476371985e-05,-2.13365466179636e-05,3.1348179094335586e-05,5.971081732254397,0.000382,7.470503400211476e-05,0.0005314100680042296,0.0002325899319957705,0.7822516649436102,0.9785487414273576,0.0001247142857142857,23.755102040816325,7.535714285714285e-05,14.35374149659864,6.119047619047619e-05,11.655328798185941,16021610.765,2.7146601841690665,-796349133.7700001,0.002055034726231014,38.80896487070994,198.0571612074501,56.533339730603906,36.86006825938567,56.42694620510323,-63.139931740614344,False,False,True
1784851200000,0.000525,0.00055,0.000506,0.000525,15112073.1,2026-07-24,0.0,0.0,0.0,0.23038941836755195,4.4015836576105976,0.1546173345021684,2.9539600279832383,0.11799799329395726,2.2543484965309344,0.08291619344408223,1.5841116514843925,0.0004986000000000001,0.0005020442316552384,0.0004371,0.00045938833315536796,0.00038810000000000006,0.00043071079127077026,0.00045442000000000003,0.00047806498666652593,0.00060433,0.0006328299574943783,0.2041284403669723,20.412844036697233,0.6773162939297122,67.73162939297123,0.3027295285359801,30.272952853598014,67.33524355300858,70.10752688172043,59.14332784184514,0.00044872593731245684,0.00043226508651699743,1.646085079545941e-05,-1.3777067135278999e-05,3.0237917930738407e-05,5.759603415378745,0.00038810000000000006,8.120792027741774e-05,0.0005505158405548355,0.00022568415944516457,0.8369793380821202,0.9214490394912535,0.00012314285714285712,23.455782312925166,7.635714285714285e-05,14.544217687074829,6.171428571428571e-05,11.755102040816327,16265148.788999999,0.9291075843228797,-796349133.7700001,0.0020495070759283082,42.570675641766506,141.20595529149907,55.43081459178747,36.86006825938567,41.80887372013653,-63.139931740614344,False,False,True
1784937600000,0.000525,0.00053,0.000506,0.000515,9905202.67,2026-07-25,-0.01904761904761887,-0.01923136192788742,0.01904761904761887,0.22567135201903665,4.3114451265865,0.15655387599999152,2.9909576013505377,0.11683157884404323,2.232064179754928,0.08203951743242259,1.5673627797988698,0.0005198000000000001,0.0005063628211034923,0.0004562999999999999,0.00046949954530893745,0.00039495,0.0004387383349592683,0.00045240000000000005,0.00047951341933614994,0.0006035400000000001,0.0006304949826803362,0.2591687041564792,25.91687041564793,0.5944272445820435,59.44272445820435,0.36243386243386255,36.24338624338625,62.07951070336392,69.0677966101695,57.77414075286416,0.0004589219469566943,0.00043839359862685477,2.0528348329839545e-05,-6.915984042255289e-06,2.7444332372094833e-05,5.328996577105792,0.00039495,8.595070496630315e-05,0.0005668514099326062,0.00022304859006739368,0.87049707523791,0.8491827089930953,0.00011857142857142854,23.02357836338418,7.442857142857141e-05,14.452149791955613,6.147619047619046e-05,11.937124364308826,16366499.0725,0.6052120631371514,-806254336.44,0.002045881970715095,47.6141513653893,110.89133779159208,50.111955746535976,35.15358361774746,36.29124004550627,-64.84641638225254,False,False,False
1785024000000,0.000515,0.000523,0.000462,0.00049,19270985.35,2026-07-26,-0.04854368932038844,-0.04976150955906394,0.04854368932038844,0.23134078180935,4.4197594306453905,0.15983717983404164,3.053685033023939,0.11575530365196914,2.2115019710819266,0.08207505327675114,1.5680416911515016,0.0005334000000000001,0.0005009085474023282,0.0004706,0.00047322690070731243,0.000402,0.0004436203982964809,0.00045044000000000003,0.0004799246580047448,0.00060246,0.0006277109072472554,0.16113744075829373,16.113744075829377,0.41210374639769465,41.21037463976946,0.40401146131805143,40.40114613180514,62.46153846153845,65.7258064516129,57.6797385620915,0.0004637031858864336,0.00044221629502486857,2.148689086156505e-05,-1.2354090614912196e-06,2.272229992305627e-05,4.6372040659298515,0.000402,8.774724467105723e-05,0.0005774944893421145,0.00022650551065788555,0.8731069121498232,0.7507201232639562,0.00012099999999999999,24.693877551020407,7.785714285714286e-05,15.889212827988338,6.314285714285714e-05,12.886297376093294,16704097.0,1.153668189905746,-825525321.7900001,0.002038762039959706,53.023224000071686,76.518604581881,47.51385390772161,30.88737201365188,34.300341296928345,-69.11262798634813,False,True,False
1785110400000,0.00049,0.000498,0.000474,0.000485,13170585.29,2026-07-27,-0.010204081632652962,-0.010256500167188997,0.010204081632652962,0.05778451300765038,1.10397157091518,0.16062658478072614,3.0687665933541974,0.11598298590389648,2.2158518343973177,0.08208581594975597,1.5682473117305453,0.000508,0.0004956056982682188,0.0004823,0.00047536746421507386,0.0004085,0.00044756131274443513,0.0004484,0.0004801236911223704,0.00060136,0.0006248829608171963,-0.20751633986928109,-20.751633986928102,0.3179347826086958,31.793478260869573,0.3661971830985915,36.61971830985916,59.936908517350155,67.63485477178423,57.77414075286416,0.00046697961882698235,0.0004453854583563621,2.159416047062024e-05,3.3305048449310746e-06,1.8263655625689167e-05,3.7657021908637454,0.0004085,8.88899378592737e-05,0.0005862798757185475,0.0002307201242814526,0.8704033082915419,0.7151537109889511,0.00011785714285714283,24.300441826215017,7.778571428571428e-05,16.038291605301914,6.242857142857142e-05,12.871870397643589,16436929.228,0.8012801605037122,-838695907.08,0.00203391466884038,58.24715783248888,63.50868010119514,45.75152213353033,30.034129692832778,32.02502844141071,-69.96587030716724,False,False,True
1785196800000,0.000485,0.000514,0.000451,0.000453,13953462.49,2026-07-28,-0.06597938144329896,-0.06825676545444917,0.06597938144329896,0.02757927954584389,0.5269013958965644,0.1621607363145824,3.0980765172542046,0.1161374268741334,2.2188024249907445,0.08257197747323568,1.57753541459512,0.0004936000000000001,0.0004814037988454792,0.0004872,0.00047130065253960586,0.00041450000000000005,0.00044807928295925086,0.00044592,0.00047906001645646814,0.00060004,0.0006214769910551143,-0.13714285714285712,-13.714285714285706,0.12128712871287117,12.128712871287128,0.36036036036036023,36.03603603603603,0.0,63.671875,53.96825396825397,0.0004648289082382158,0.00044594949847811345,1.8879409760102334e-05,6.440285827965327e-06,1.2439123932137008e-05,2.7459434728779266,0.00041450000000000005,8.756561449621207e-05,0.0005896312289924242,0.0002393687710075759,0.845024024088898,0.6099175750136072,0.0001227142857142857,27.089246294544306,8.142857142857142e-05,17.975402081362343,6.385714285714284e-05,14.096499526963099,16506005.834,0.8453566920022452,-852649369.57,0.0020287692198813862,61.27985372747751,46.89538553488001,44.163289894881046,24.57337883959045,28.498293515358373,-75.42662116040955,True,True,False
1785283200000,0.000453,0.00046,0.000409,0.000429,12086034.42,2026-07-29,-0.05298013245033106,-0.054435206555016984,0.05298013245033106,0.023670126821523838,0.4522171379632389,0.16230684367876763,3.100867894527567,0.11729919663666154,2.2409980051388394,0.08273142667309145,1.5805816872810667,0.0004744,0.0004639358658969862,0.00048649999999999995,0.0004636096248051321,0.0004189,0.0004462622083917031,0.0004434,0.0004770968776620737,0.00059827,0.0006176629896107132,-0.18285714285714272,-18.285714285714278,-0.016055045871559703,-1.6055045871559648,0.25806451612903225,25.806451612903235,0.0,60.07604562737642,54.054054054054056,0.0004593167685092595,0.00044469398007232643,1.4622788436933088e-05,8.07678634975888e-06,6.5460020871742086e-06,1.5258746123949203,0.0004189,8.58725493789259e-05,0.0005906450987578518,0.00024715490124214816,0.8199813738737256,0.5294040414342196,6.07142857142857e-05,14.152514152514147,8.37142857142857e-05,19.51381951381951,6.38095238095238e-05,14.87401487401487,16707887.407499999,0.723372986974685,-864735403.99,0.0020242258717553152,63.822775658154534,8.158561181626641,40.67742470860167,18.67364746945899,24.427052000627413,-81.32635253054102,False,True,False
1785369600000,0.000429,0.000445,0.000413,0.000426,4224450.4,2026-07-30,-0.006993006993007089,-0.0070175726586466465,0.006993006993007089,0.026677934939603753,0.5096812313733278,0.16059330674598432,3.0681308173931536,0.1172789553895899,2.2406112966565166,0.08268727901768325,1.579738247508774,0.0004566,0.0004512905772646575,0.0004882,0.00045677151120419895,0.0004233,0.0004443324742591599,0.00044106,0.00047509307766120077,0.00059645,0.0006138651687258404,-0.17281553398058258,-17.28155339805826,0.041564792176039145,4.1564792176039065,0.2603550295857988,26.035502958579894,0.0,57.82178217821782,56.38474295190713,0.0004541911118155273,0.00044330924080770886,1.0881871007818462e-05,8.637803281370796e-06,2.2440677264476657e-06,0.5267764616074333,0.0004233,8.373711998362408e-05,0.0005907742399672482,0.0002558257600327518,0.7912791871828405,0.5080609411946817,4.27142857142857e-05,10.026827632461432,8.37142857142857e-05,19.651240778001338,6.447619047619047e-05,15.1352559803264,16063196.568500001,0.2629893982798023,-868959854.39,0.0020226392841024283,68.07126160900539,-0.28930999566040955,37.390946102406346,14.571948998178504,19.272991769075986,-85.42805100182149,False,False,True
1785456000000,0.000426,0.000426,0.000381,0.000391,10234652.79,2026-07-31,-0.0821596244131455,-0.08573178628400462,0.0821596244131455,0.033656379537062506,0.6430042282078103,0.16318205297803987,3.1175887447122737,0.11926275977453174,2.278511826214371,0.08313247219270363,1.588243651175028,0.00043680000000000005,0.0004311937181764383,0.0004850999999999999,0.0004448130546216173,0.0004261,0.00043925319099638274,0.00043750000000000006,0.00047179530852325843,0.0005944199999999999,0.0006094491315378931,-0.2020408163265306,-20.204081632653057,-0.07345971563981046,-7.345971563981041,0.16716417910447756,16.716417910447763,0.0,52.215799614643544,52.848101265822784,0.0004444694023054462,0.00043943448222935795,5.034920076088241e-06,7.917226640314286e-06,-2.882306564226045e-06,-0.7371628041498837,0.0004261,8.153649489642023e-05,0.0005891729897928405,0.00026302701020715954,0.7654212147047194,0.3923794797514008,4.285714285714284e-05,10.960906101571059,8.299999999999998e-05,21.227621483375955,6.519047619047619e-05,16.672756058945314,15576294.098,0.6570659699674091,-879194507.18,0.0020187396088627734,70.64950428365472,-31.388944190059096,31.928284074422336,4.725897920604917,12.657164796080808,-95.27410207939508,False,True,False
1785542400000,0.000391,0.000413,0.00039,0.00039,4100119.83,2026-08-01,-0.002557544757033292,-0.002560820861673704,0.002557544757033292,0.035670283900137205,0.6814798170404472,0.045282192949937676,0.8651150815930304,0.1192596914029236,2.278453205057108,0.08302831076459459,1.5862536498851827,0.0004178,0.00041746247878429217,0.00046290000000000003,0.00043484704469041416,0.0004289,0.0004345624109014891,0.0004343,0.0004685876480697341,0.00059215,0.0006051008384820053,-0.1958762886597939,-19.587628865979386,-0.36274509803921573,-36.274509803921575,0.16766467065868262,16.766467065868266,0.0,48.55371900826446,54.6644844517185,0.0004360894942584545,0.00043577266873088514,3.1682552756936034e-07,6.3971464177653005e-06,-6.08032089019594e-06,-1.5590566385117794,0.0004289,7.913339836526715e-05,0.0005871667967305343,0.0002706332032694657,0.738012575101582,0.3771062509522092,4.271428571428572e-05,10.952380952380954,8.064285714285713e-05,20.677655677655675,6.385714285714286e-05,16.373626373626372,15281010.385999998,0.26831470736754465,-883294627.01,0.002017181003045308,72.86558527800973,-37.35202652784221,27.33216476939826,1.750972762645915,7.016273227143117,-98.2490272373541,False,False,True
1785628800000,0.00039,0.000412,0.00039,0.00039,2231123.79,2026-08-02,0.0,0.0,0.0,0.036828943844540385,0.7036159841966872,0.030673975362257716,0.5860254764525205,0.11816593794795295,2.25755707464033,0.08302867772103449,1.5862606605781233,0.0004052,0.00040830831918952813,0.0004494,0.0004266930365648844,0.00043265,0.0004303183717680139,0.00043118000000000003,0.00046550577832186514,0.00058957,0.0006008387587548999,-0.13907284768211925,-13.907284768211921,-0.2571428571428571,-25.71428571428571,0.23809523809523792,23.809523809523803,0.0,44.91150442477876,54.063018242122716,0.00042899880283407693,0.0004323821006767439,-3.383297842666957e-06,4.4410575656788485e-06,-7.824355408345805e-06,-2.006244976498924,0.00043265,7.512745310816996e-05,0.00058290490621634,0.0002823950937836601,0.6945794809492196,0.3580745179175988,3.714285714285714e-05,9.523809523809522,7.907142857142857e-05,20.274725274725274,6.428571428571429e-05,16.483516483516482,15103995.0795,0.14771746006645672,-883294627.01,0.002016333955342408,73.97686036655755,-43.293763764301424,23.966641620087685,1.750972762645915,2.742614481965587,-98.2490272373541,False,False,False
1785715200000,0.00039,0.000493,0.000378,0.000434,7693722.96,2026-08-03,0.11282051282051286,0.10689779497671278,0.11282051282051286,0.06972263964456589,1.3320491600677455,0.05419369770152004,1.0353691408168222,0.1199523301929057,2.2916860505593637,0.08422218621680565,1.60906260837342,0.00040619999999999995,0.0004168722127930187,0.0004403000000000001,0.0004280215753712691,0.00043870000000000004,0.0004306690030282031,0.00042960000000000003,0.0004642702571426432,0.0005872799999999999,0.0005975330008024934,0.011655011655011593,1.1655011655011558,-0.17333333333333334,-17.333333333333332,0.3865814696485621,38.658146964856215,41.121495327102785,52.66524520255862,57.453416149068325,0.0004297682177826805,0.00043250194507105924,-2.7337272883787614e-06,3.0061005948673263e-06,-5.739827883246088e-06,-1.3225409869230618,0.00043870000000000004,6.965788578923092e-05,0.0005780157715784619,0.0002993842284215382,0.6351300277112462,0.4831318452076582,5.014285714285713e-05,11.553653719552335,8.399999999999998e-05,19.354838709677416,6.857142857142857e-05,15.799868334430547,15139635.620999997,0.5081841566469495,-875600904.05,0.0020134876089752396,73.89344013715193,-9.947955675904135,27.759595909216216,10.831721470019335,4.77788899843706,-89.16827852998067,True,True,False
1785801600000,0.000434,0.000524,0.000434,0.000455,6477230.95,2026-08-04,0.048387096774193505,0.04725288485054551,0.048387096774193505,0.07186161470309513,1.3729142211819627,0.05804717945447738,1.1089898063356622,0.12007813933992209,2.294089630938224,0.08420240607533262,1.6086847093011893,0.00041199999999999993,0.0004295814751953458,0.0004343,0.0004329267434855838,0.00044529999999999993,0.0004329862408350408,0.00042894,0.00046390671751660796,0.00058538,0.0005947088734880503,0.068075117370892,6.807511737089202,-0.1165048543689321,-11.650485436893213,0.40866873065015485,40.86687306501548,62.49999999999999,53.45911949685534,59.06344410876133,0.0004336500304314989,0.0004341684676583888,-5.184372268899175e-07,2.301193030515878e-06,-2.8196302574057953e-06,-0.6196989576716033,0.00044529999999999993,6.415450101118361e-05,0.0005736090020223672,0.0003169909979776327,0.5762811678525366,0.5377993743506365,5.4e-05,11.868131868131867,8.835714285714284e-05,19.419152276295133,7.228571428571428e-05,15.886970172684457,14860987.209500004,0.43585468843276975,-869123673.0999999,0.002011153715352131,73.3931171029103,24.216872377693747,31.077511124081326,14.893617021276595,9.15877041798062,-85.10638297872342,True,False,False
1785888000000,0.000455,0.000455,0.0004,0.000406,6902338.62,2026-08-05,-0.10769230769230764,-0.11394425934921772,0.10769230769230764,0.08086194224717266,1.5448652374736629,0.06492428941144096,1.2403768075818327,0.1228595522195036,2.3472284493899567,0.0849742004211812,1.6234298195748902,0.000415,0.0004217209834635639,0.0004259,0.0004280309719427504,0.00044824999999999997,0.00043041612266027504,0.0004266,0.00046163586506761694,0.0005830400000000001,0.0005909698687944782,0.038363171355498604,3.836317135549868,-0.17142857142857137,-17.14285714285714,0.17002881844380413,17.00288184438041,43.33333333333333,19.345238095238102,55.07042253521127,0.0004293961795958837,0.00043208191449850737,-2.6857349026236654e-06,1.303807443887969e-06,-3.989542346511634e-06,-0.9826458981555748,0.00044824999999999997,6.06576892335329e-05,0.0005695653784670658,0.00032693462153293414,0.5412844549562336,0.3258670890126687,5.4571428571428566e-05,13.441238564391272,5.7642857142857134e-05,14.197748064743138,7.4e-05,18.226600985221676,14379114.153,0.48002530243213376,-876026011.7199999,0.00200859284426345,68.5620239440242,-45.17538168764329,7.758671555459642,10.566037735849047,12.097125409048331,-89.43396226415096,False,True,False
1785974400000,0.000406,0.00043,0.000384,0.000391,5564745.62,2026-08-06,-0.036945812807881784,-0.03764559961636688,0.036945812807881784,0.08363237392552854,1.5977942603705553,0.06517560632789658,1.245178210529026,0.12285136808569443,2.347072091733075,0.08478250926983129,1.619767565270553,0.00041519999999999995,0.00041148065564237593,0.00041650000000000004,0.00042129806795315945,0.0004494000000000001,0.00042666220621643934,0.00042343999999999997,0.0004588658302272871,0.00058051,0.000587007789183951,0.002564102564102555,0.25641025641026266,-0.1938144329896907,-19.381443298969074,0.0625,6.250000000000004,50.0,24.62121212121214,55.38243626062323,0.00042348907504267085,0.0004290388097208391,-5.549734678168274e-06,-6.690098052328011e-08,-5.482833697644994e-06,-1.4022592577097173,0.0004494000000000001,5.925804409080376e-05,0.0005679160881816076,0.00033088391181839257,0.5274414249292725,0.25361994773860935,5.657142857142857e-05,14.468396054073802,4.9642857142857136e-05,12.69638290098648,7.466666666666666e-05,19.09633418584825,13574568.312,0.4099390486753624,-881590757.3399999,0.002006510040858811,64.00454584739772,-73.04813781497721,10.534907596503459,7.558139534883715,11.00593143066979,-92.44186046511629,False,True,False
1786060800000,0.000391,0.000439,0.000391,0.000428,5425088.02,2026-08-07,0.09462915601023014,0.09041563559643098,0.09462915601023014,0.09288979343828706,1.774657011827296,0.07186983216772352,1.3730712156232512,0.12273194269679077,2.3447904728817117,0.08579866165336822,1.6391811292992737,0.0004228,0.00041698710376158397,0.000414,0.00042251660105258504,0.00045060000000000006,0.00042678961514820696,0.00042137999999999995,0.00045765540512787673,0.00057828,0.0005838573428717074,0.09743589743589753,9.743589743589745,-0.05518763796909498,-5.518763796909495,0.05940594059405946,5.940594059405938,61.44578313253012,33.88704318936877,57.75978407557355,0.00042418306349764455,0.0004289618608526288,-4.778797354984272e-06,-1.0092802554154788e-06,-3.769517099568793e-06,-0.8807282942917741,0.00045060000000000006,5.852880532375094e-05,0.0005676576106475019,0.0003335423893524982,0.5195632962605496,0.4034663364689036,5.699999999999999e-05,13.317757009345794,4.992857142857141e-05,11.665554072096125,7.433333333333333e-05,17.367601246105917,12966126.1375,0.41840469254034357,-876165669.3199999,0.00200450699600821,58.97604630955238,-51.94951543835922,15.757240607065071,32.89473684210525,17.00630470427934,-67.10526315789474,True,False,False
1786147200000,0.000428,0.000458,0.000409,0.000413,7684535.86,2026-08-08,-0.03504672897196259,-0.03567560262076401,0.03504672897196259,0.07940083522324887,1.5169508269764627,0.07070816153306288,1.3508775293104054,0.12194829540603887,2.3298189124135935,0.08497662912859223,1.6234762199648267,0.00041860000000000004,0.0004156580691743893,0.0004124,0.00042078630995211506,0.00044945,0.0004254763184674254,0.0004199799999999999,0.0004559042122352974,0.00057522,0.0005804721573263032,-0.048387096774193505,-4.838709677419348,-0.037296037296037365,-3.7296037296037317,-0.052752293577981724,-5.275229357798169,56.353591160221,33.33333333333333,56.03217158176944,0.00042246259219031466,0.0004277795007894708,-5.3169085991561465e-06,-1.8708059241636127e-06,-3.446102674992534e-06,-0.834407427358967,0.00044945,5.905436834855309e-05,0.0005675587366971062,0.00033134126330289384,0.5255700820874678,0.34569304092432523,6.07142857142857e-05,14.700795572466271,5.17142857142857e-05,12.521618817018329,7.4e-05,17.917675544794186,12790783.4005,0.6007869588112646,-883850205.18,0.0020016914434731327,53.47063165627918,-41.76224531102398,22.466472116715366,23.972602739726014,21.475159705571667,-76.02739726027399,True,False,False
1786233600000,0.000413,0.00047,0.000412,0.000441,7356955.88,2026-08-09,0.06779661016949157,0.06559728248581327,0.06779661016949157,0.08319011623718793,1.5893449390985728,0.07395016771740243,1.4128159704939143,0.12174717281075129,2.3259764706258297,0.08545750701927843,1.6326633791666174,0.0004158,0.0004241053794495928,0.00041390000000000003,0.0004244615263244578,0.00045105000000000004,0.0004269547643276706,0.00041934,0.0004553197331526706,0.00057021,0.0005777088347170722,-0.03076923076923077,-3.07692307692308,0.035211267605633756,3.521126760563377,0.0782396088019559,7.823960880195591,52.121212121212125,42.071197411003226,56.266666666666666,0.00042531450108411245,0.00042875879702728803,-3.444295943175581e-06,-2.1855039279660064e-06,-1.2587920152095747e-06,-0.28544036626067454,0.00045105000000000004,5.832980189806615e-05,0.0005677096037961324,0.00033439039620386773,0.5172801409871735,0.45692596377421757,6.585714285714285e-05,14.933592484612893,5.149999999999999e-05,11.678004535147391,7.466666666666666e-05,16.93121693121693,12391439.004999999,0.5937127945375381,-876493249.3,0.001999029757346313,47.90627951849121,-24.221215863867123,32.35503673304373,43.15068493150682,33.33934150444603,-56.84931506849319,True,False,False
1786320000000,0.000441,0.000447,0.000412,0.000413,4916809.25,2026-08-10,-0.06349206349206349,-0.06559728248581323,0.06349206349206349,0.07076439908177662,1.3519519461699834,0.07168038257512305,1.3694517862386908,0.1227006215920352,2.3441920840155595,0.08495789786803343,1.6231183597343255,0.00041720000000000006,0.00042040358629972857,0.0004161,0.00042237761244728363,0.00045060000000000006,0.00042562573915360676,0.00041728,0.00045366013530643315,0.00056419,0.0005744455399623042,0.01724137931034475,1.7241379310344844,0.05626598465473154,5.626598465473143,-0.021327014218009532,-2.1327014218009483,37.790697674418595,39.15662650602408,52.972258916776745,0.0004234199624557875,0.0004275914787289701,-4.171516273182596e-06,-2.5827063970093246e-06,-1.588809876173271e-06,-0.38469972788699053,0.00045060000000000006,5.8599802406656804e-05,0.0005677996048133137,0.00033340039518668646,0.5201935411154621,0.33958990279919105,5.4428571428571434e-05,13.17883085437565,5.228571428571429e-05,12.659979245935663,7.414285714285715e-05,17.95226565202352,12070740.580500001,0.4073328572683428,-881410058.55,0.0019972365973540203,41.98004683063933,-48.0914978641313,35.625769698371,23.972602739726014,30.36529680365295,-76.02739726027399,False,False,False
1786406400000,0.000413,0.000413,0.000351,0.000371,24422702.98,2026-08-11,-0.10169491525423724,-0.10724553035359756,0.10169491525423724,0.08495078068459262,1.6229823861356105,0.07967972481935287,1.5222790052286888,0.06648061134832564,1.270110296436967,0.08602343111951441,1.643475343920453,0.0004132,0.00040393572419981905,0.0004142,0.0004130362283659593,0.00043855000000000006,0.00042042328780564424,0.00041409999999999993,0.00045041856049514423,0.0005589,0.0005704148164335342,-0.051150895140664954,-5.115089514066495,-0.048717948717948656,-4.871794871794865,-0.39379084967320266,-39.37908496732026,39.39393939393939,38.01169590643275,47.83748361730014,0.00041535535284720475,0.00042339951734163804,-8.044164494433285e-06,-3.674998016494118e-06,-4.369166477939168e-06,-1.177672905104897,0.00043855000000000006,4.736584934532986e-05,0.0005332816986906598,0.00034381830130934035,0.4320223403974905,0.14346675435125342,5.0428571428571425e-05,13.592606854062378,5.2214285714285705e-05,14.0739314593762,7.57142857142857e-05,20.40816326530612,11211302.455,2.1784001527055405,-905832761.53,0.0019881330117302158,37.015220907315786,-113.99954985370238,33.54586889601369,11.560693641618494,26.227993770950448,-88.43930635838151,False,True,False
1786492800000,0.000371,0.000388,0.00036,0.000372,6597184.5,2026-08-12,0.0026954177897573484,0.002691791665711353,0.0026954177897573484,0.0648814997916935,1.2395593130444085,0.07969226574451828,1.5225185992675578,0.06037978285987425,1.1535541318226166,0.08537124284314337,1.631015304395633,0.000402,0.00039329048279987936,0.0004124,0.00040557509593578485,0.00043089999999999996,0.00041581154610986857,0.00041175999999999995,0.00044734332202865624,0.00055513,0.0005664838036519043,-0.13084112149532712,-13.08411214953271,-0.04615384615384621,-4.615384615384617,-0.29142857142857137,-29.142857142857142,43.70860927152316,41.06583072100313,45.62841530054645,0.0004086852985630194,0.0004195921456867011,-1.0906847123681675e-05,-5.12136783793163e-06,-5.785479285750044e-06,-1.5552363671371088,0.00043089999999999996,4.4963025745655577e-05,0.0005208260514913111,0.0003409739485086888,0.4173871036960368,0.17250869451500936,4.657142857142857e-05,12.519201228878648,5.0571428571428564e-05,13.594470046082948,5.395238095238095e-05,14.50332821300563,9366500.238499999,0.7043382621059441,-899235577.03,0.001985683858551887,32.357855136148565,-122.24516252940901,35.727700023393254,12.138728323699402,15.890674901681308,-87.8612716763006,False,False,True
1786579200000,0.000372,0.000372,0.000338,0.000338,9027991.45,2026-08-13,-0.09139784946236562,-0.09584795879012781,0.09139784946236562,0.07142164302225437,1.3645085740219416,0.07291923550948992,1.3931200383169737,0.06257565769476635,1.1955062616378838,0.08627781371334106,1.6483353165515817,0.00038700000000000003,0.0003748603218665862,0.00040280000000000003,0.0003932887148565513,0.00042155,0.0004084009226708334,0.0004089,0.0004430553475440123,0.00054981,0.0005619571070784931,-0.18159806295399528,-18.159806295399523,-0.2211981566820277,-22.119815668202765,-0.35619047619047617,-35.61904761904762,19.594594594594568,37.42857142857142,45.19621109607578,0.0003978106372456317,0.0004135482830432405,-1.573764579760879e-05,-7.244623429867064e-06,-8.493022367741727e-06,-2.5127285111661917,0.00042155,4.3793144140129654e-05,0.0005091362882802592,0.00033396371171974065,0.41554400797181495,0.023041781764652346,4.485714285714286e-05,13.271344040574812,5.0714285714285716e-05,15.004226542688082,4.804761904761904e-05,14.215271907579599,9062296.156,0.9962145679848161,-908263568.48,0.001982294592320162,27.86388760887119,-163.1455399061034,34.63193832763615,0.0,7.899807321772637,-100.0,False,True,False
1786665600000,0.000338,0.000339,0.00031,0.000322,18310786.16,2026-08-14,-0.047337278106508784,-0.04849434993861038,0.047337278106508784,0.04131357041272391,0.7892946544796754,0.06877773076398731,1.3139967012519047,0.06287391717599922,1.2012045010258907,0.0864931634356116,1.6524495672187056,0.00036320000000000005,0.0003572402145777241,0.0003895,0.0003803271303371783,0.00041190000000000004,0.0004001722633688493,0.00040582,0.0004383080778728524,0.00054437,0.0005572031497731211,-0.26984126984126977,-26.984126984126977,-0.29230769230769227,-29.230769230769226,-0.37475728155339805,-37.47572815533981,19.463087248322125,39.577039274924466,43.26145552560647,0.00038614746228476525,0.00040676692874374,-2.061946645897473e-05,-9.919592035688599e-06,-1.0699874423286133e-05,-3.3229423674801652,0.00041190000000000004,4.337947610751406e-05,0.0004986589522150282,0.0003251410477849719,0.42126221031817496,-0.018102153753464887,4.214285714285714e-05,13.087843833185447,4.9571428571428566e-05,15.394853593611355,4.733333333333333e-05,14.699792960662524,9482575.330500001,1.9309929551632152,-926574354.64,0.0019753559651708116,24.03772200670057,-193.3224534203726,33.23842480916443,5.607476635514027,5.9154016530711475,-94.39252336448597,False,True,False
1786752000000,0.000322,0.000325,0.000309,0.000311,11952284.65,2026-08-15,-0.03416149068322982,-0.03475863336517418,0.03416149068322982,0.04279314707944824,0.8175619270071233,0.0634960945846294,1.213091183727577,0.06262810751702304,1.1965083140851074,0.08649695496556671,1.6525220042967885,0.00034280000000000004,0.00034182680971848274,0.00038,0.00036772219754860043,0.00040295,0.00039167966685753027,0.00040284,0.0004333156030788894,0.00053973,0.0005523254951587391,-0.24697336561743333,-24.697336561743338,-0.23399014778325122,-23.399014778325117,-0.36530612244897953,-36.53061224489795,0.7575757575757223,38.41642228739003,23.268206039076375,0.0003745863142409552,0.0003996730821701284,-2.5086767929173223e-05,-1.2953027214385526e-05,-1.2133740714787697e-05,-3.901524345590899,0.00040295,4.485822696350975e-05,0.0004926664539270196,0.0003132335460729805,0.44529819544370036,-0.012447806256349466,3.7428571428571434e-05,12.034910427193386,4.9071428571428574e-05,15.77859439595774,4.695238095238095e-05,15.097228602051752,9116640.2955,1.3110404998538423,-938526639.29,0.0019708344350874906,20.337196099990965,-179.81372362668708,31.755774861212302,0.9302325581395573,2.179236397884533,-99.06976744186045,False,True,False
1786838400000,0.000311,0.00033,0.0003,0.000301,9718011.63,2026-08-16,-0.032154340836012985,-0.032682647430358536,0.032154340836012985,0.03395955728292089,0.6487964309095532,0.06340972405078199,1.2114410769953512,0.0626283802224635,1.196513524115232,0.08657262830085741,1.6539677413375455,0.00032879999999999997,0.0003282178731456552,0.000371,0.0003555908889034003,0.00039375,0.000383043508109194,0.00039979999999999996,0.00042812675474907517,0.00053474,0.000547346406598156,-0.18867924528301894,-18.86792452830189,-0.2301790281329924,-23.017902813299237,-0.37938144329896906,-37.938144329896915,0.8771929824561226,37.32193732193731,26.954732510288068,0.00036326534281926976,0.00039236396497233995,-2.909862215307019e-05,-1.618214620212246e-05,-1.2916475950947731e-05,-4.291188023570674,0.00039375,4.599871279657001e-05,0.00048574742559314,0.00030175257440686,0.4672885109492826,-0.004090192752720394,3.342857142857144e-05,11.105837683910776,4.964285714285715e-05,16.49264356905553,4.5476190476190474e-05,15.108368928966934,8944011.6125,1.086538351137455,-948244650.92,0.001967165928234696,16.967517650098614,-166.13125286828821,30.402890204227432,0.44642857142858217,2.3280459216940605,-99.55357142857142,True,True,False
1786924800000,0.000301,0.000345,0.000301,0.000326,8244986.8,2026-08-17,0.0830564784053156,0.0797871166178319,0.0830564784053156,0.06464739323216448,1.2350867135046222,0.061066066024236185,1.1666655532678918,0.0658669183723455,1.2583857085934609,0.086919085552451,1.6605867978353668,0.0003196,0.0003274785820971034,0.0003608,0.0003502107272846002,0.0003874,0.0003776107930511755,0.00039789999999999997,0.0004241217831216065,0.0005296999999999999,0.0005429612841398664,-0.12365591397849462,-12.365591397849457,-0.23831775700934577,-23.83177570093458,-0.2803532008830022,-28.03532008830022,26.804123711340196,33.73493975903614,30.528375733855185,0.0003575322131547667,0.00038744811571512887,-2.9915902560362156e-05,-1.89288974737704e-05,-1.0987005086591757e-05,-3.3702469590772255,0.0003874,4.615465991178911e-05,0.0004797093198235782,0.00029509068017642177,0.4765581818460414,0.16742253048041195,3.471428571428571e-05,10.648553900087641,4.4571428571428574e-05,13.672217353198949,4.642857142857143e-05,14.241893076248905,8658587.827999998,0.9522322766464871,-939999664.12,0.0019640917371593863,15.127647162439205,-121.81850096542043,29.449537938967808,11.607142857142868,4.327934662237007,-88.39285714285712,True,False,False
1787011200000,0.000326,0.000345,0.000321,0.000342,9230535.73,2026-08-18,0.04907975460122693,0.04791335569589745,0.04907975460122693,0.05848205435357763,1.1172980796172545,0.06520901262399585,1.2458164369198634,0.06665808932674909,1.273501008453819,0.08721512721261189,1.6662426658112879,0.00032040000000000004,0.00033231905473140227,0.0003537,0.0003487178677783093,0.00038305,0.0003742192889510636,0.00039635999999999995,0.00042090132037939733,0.00052441,0.0005389800504226013,0.01183431952662728,1.1834319526627346,-0.1719128329297821,-17.191283292978206,-0.2027972027972028,-20.27972027972028,36.60714285714287,32.7217125382263,33.268858800773685,0.0003551426419001872,0.00038408158862511885,-2.893894672493163e-05,-2.0930907324002647e-05,-8.008039400928983e-06,-2.341531988575726,0.00038305,4.6127369429876244e-05,0.00047530473885975253,0.0002907952611402475,0.48168510042946094,0.2775182039027555,2.9285714285714284e-05,8.563074352548036,3.985714285714286e-05,11.654135338345863,4.4571428571428574e-05,13.032581453634084,8515812.8935,1.0839289032577897,-930769128.39,0.0019606887793824383,14.464283483057333,-87.93353406936548,29.521986812695175,24.705882352941202,12.253151260504223,-75.2941176470588,False,False,False
1787097600000,0.000342,0.00036,0.000335,0.000345,13205505.87,2026-08-19,0.008771929824561209,0.008733679968754411,0.008771929824561209,0.05116701469659808,0.9775444431999435,0.05908890809617262,1.1288920040904027,0.06677814707978785,1.2757947086050205,0.0872101465871674,1.6661475110957784,0.000325,0.0003365460364876015,0.0003441,0.00034804189181861673,0.000379,0.00037143649952715277,0.00039497999999999996,0.0004179247974263726,0.00051996,0.0005351371560348041,0.0714285714285714,7.142857142857132,-0.217687074829932,-21.7687074829932,-0.19014084507042261,-19.01408450704226,54.320987654320994,39.14590747330959,35.35353535353535,0.0003535822354540045,0.0003811866561343689,-2.760442068036438e-05,-2.2265609995274996e-05,-5.338810685089383e-06,-1.5474813579969227,0.000379,4.571191253231904e-05,0.00047042382506463806,0.00028757617493536193,0.48244762567091326,0.31405284685933077,2.885714285714286e-05,8.364389233954453,3.771428571428572e-05,10.931677018633543,4.333333333333333e-05,12.560386473429949,8964865.667,1.47302886183894,-917563622.52,0.001955876857178524,15.208278500647264,-62.457009217223764,37.522604846243745,26.470588235294123,20.927871148459403,-73.52941176470587,True,False,False
1787184000000,0.000345,0.000366,0.000333,0.000338,14485964.64,2026-08-20,-0.020289855072463836,-0.020498521548341045,0.020289855072463836,0.04812627357893733,0.9194511657163056,0.05732510163600636,1.0951945289838412,0.06457671775257647,1.2337364603629952,0.08722809342727368,1.6664903849945767,0.0003304,0.00033703069099173436,0.0003366,0.0003462160933061409,0.00037635,0.00036825207100075726,0.00039334,0.0004147904910528855,0.00051557,0.0005312317512824575,0.08681672025723453,8.681672025723456,-0.18159806295399528,-18.159806295399523,-0.13554987212276226,-13.554987212276226,61.11111111111108,40.29304029304028,35.21126760563379,0.00035118496846108074,0.0003779876445688597,-2.6802676107778953e-05,-2.317302321777579e-05,-3.6296528900031647e-06,-1.0738618017760844,0.00037635,4.650894084948972e-05,0.00046936788169897945,0.0002833321183010206,0.4943158320657868,0.29385684075183144,2.8714285714285716e-05,8.495350803043111,3.678571428571429e-05,10.883347421808963,4.3380952380952376e-05,12.834601296139759,9177431.2595,1.5784334668815831,-932049587.16,0.0019506279841810146,14.977566524446019,-57.95591182364735,35.58936061591807,22.352941176470587,24.509803921568643,-77.64705882352942,True,True,False
1787270400000,0.000338,0.000374,0.000315,0.000349,21062796.61,2026-08-21,0.03254437869822491,0.032026026719408435,0.03254437869822491,0.03925302780943983,0.7499280433189305,0.05100711052704571,0.9744894783301479,0.06512915398414694,1.2442907397477945,0.08697266776170727,1.6616104845058408,0.00034,0.00034102046066115623,0.0003344,0.00034672225815956983,0.00037430000000000005,0.00036641854042925655,0.0003924,0.0004122104713276639,0.00051144,0.0005276216626042397,0.15946843853820614,15.946843853820608,-0.059299191374662996,-5.929919137466305,-0.10512820512820509,-10.512820512820504,76.38888888888886,34.00809716599191,39.07563025210084,0.0003508488194670684,0.0003758404116378328,-2.4991592170764442e-05,-2.3536737008373523e-05,-1.4548551623909193e-06,-0.4168639433784868,0.00037430000000000005,4.677842507636982e-05,0.00046785685015273966,0.00028074314984726043,0.49990301978487633,0.36478809430471637,3.2999999999999996e-05,9.455587392550141,3.757142857142857e-05,10.765452312730249,4.404761904761905e-05,12.621094282985398,10025565.0985,2.100908667298102,-910986790.55,0.0019430583847102306,15.871535015501893,-52.348323751017396,41.07883274402992,28.82352941176474,25.88235294117649,-71.17647058823526,True,True,False
1787356800000,0.000349,0.00042,0.000349,0.000395,23037199.97,2026-08-22,0.13180515759312317,0.12381384269869466,0.13180515759312317,0.05739238521164517,1.096479979891508,0.06698605580972784,1.2797667993132773,0.0718282373079184,1.3722765469424754,0.08888629970715585,1.698170371489584,0.0003538,0.0003590136404407708,0.0003367,0.0003555000294032844,0.00037454999999999997,0.0003691405841978988,0.0003925,0.0004115355507657545,0.00050741,0.0005249943931216804,0.2116564417177913,21.16564417177914,0.06182795698924726,6.182795698924736,0.012820512820512775,1.2820512820512855,93.51851851851852,46.76258992805755,46.58634538152611,0.00035764130877982713,0.0003772596404054009,-1.961833162557379e-05,-2.275305593181358e-05,3.1347243062397896e-06,0.7936010901872885,0.00037454999999999997,4.6879997979098527e-05,0.000468309995958197,0.0002807900040418029,0.5006540966930827,0.609055038830834,4.085714285714285e-05,10.343580470162745,3.9142857142857145e-05,9.909584086799276,4.6333333333333326e-05,11.729957805907171,11065868.9075,2.0818247679028903,-887949590.5799999,0.001935076161083225,16.150495710940167,14.722687289059094,46.25081602202303,55.882352941176485,35.686274509803944,-44.117647058823515,True,False,False
1787443200000,0.000395,0.000424,0.000342,0.000366,24303404.64,2026-08-23,-0.07341772151898729,-0.07625243149975557,0.07341772151898729,0.07590983102976372,1.4502552855077124,0.06420545869819785,1.2266435660882857,0.06886183470335898,1.3156035047574737,0.0894401230483619,1.708751151566761,0.0003586,0.00036134242696051383,0.00033950000000000007,0.0003574091149663236,0.00037115,0.000368841480940956,0.00039176,0.00040974984259342114,0.0005025300000000001,0.000521844699093189,0.07017543859649122,7.017543859649118,0.08284023668639073,8.284023668639062,-0.15668202764976957,-15.668202764976952,67.85714285714286,36.55913978494624,44.274809160305345,0.00035892726127523836,0.00037642559296796374,-1.7498331692725384e-05,-2.1702111083995945e-05,4.203779391270561e-06,1.1485736041722845,0.00037115,4.475932716669252e-05,0.000460668654333385,0.000281631345666615,0.48238531231785003,0.47123504571002384,4.828571428571427e-05,13.192818110850894,4.085714285714286e-05,11.163153786104607,4.9190476190476185e-05,13.440020817069994,11896352.9915,2.0429290100390345,-912252995.2199999,0.0019266861037218602,18.036062470648798,2.4860694384911333,37.749427835241185,44.89795918367348,43.2012805122049,-55.10204081632652,True,True,False
1787529600000,0.000366,0.000395,0.000316,0.00036,23339089.09,2026-08-24,-0.016393442622950727,-0.01652930195121047,0.016393442622950727,0.0773203415100533,1.4772030503960565,0.06184872359640022,1.1816182051889386,0.06767018428929729,1.2928370555633923,0.08900973660119749,1.7005286300389983,0.0003616,0.0003608949513070092,0.0003433,0.0003578801849724466,0.0003664,0.00036799943513705544,0.0003914,0.00040779886806003484,0.00049723,0.0005186385662497477,0.04347826086956541,4.347826086956533,0.11801242236024834,11.801242236024844,-0.20879120879120872,-20.879120879120876,58.82352941176471,39.688715953307394,46.868686868686865,0.00035909229800212475,0.0003752088823777441,-1.611658437561934e-05,-2.0585005742320624e-05,4.468421366701285e-06,1.2412281574170234,0.0003664,4.020133540586705e-05,0.0004468026708117341,0.0002859973291882659,0.43887920748763154,0.4602003270825055,5.328571428571428e-05,14.801587301587299,4.399999999999999e-05,12.22222222222222,4.747619047619048e-05,13.187830687830687,12739445.8985,1.8320332984614387,-935592084.31,0.0019186089519458906,20.447550332324944,-25.24333812031262,34.67270763754041,48.38709677419358,49.72246963301452,-51.61290322580643,False,True,False
1787616000000,0.00036,0.000378,0.000333,0.00036,18266232.24,2026-08-25,0.0,0.0,0.0,0.07579486981738319,1.4480589546290694,0.05987337955672607,1.1438793103004707,0.06360678470304162,1.2152059154705295,0.08827501185794409,1.6864917335284693,0.000366,0.0003605966342046728,0.0003482,0.0003582656058865472,0.0003641,0.0003672375841716216,0.00039162,0.00040592440235602675,0.00049227,0.0005154959716833235,0.06508875739644981,6.508875739644984,0.157556270096463,15.7556270096463,-0.11330049261083741,-11.330049261083738,57.5757575757576,47.44186046511628,46.96356275303644,0.0003592319444633363,0.00037408229849791115,-1.4850354034574831e-05,-1.9438075400771468e-05,4.587721366196637e-06,1.2743670461657324,0.0003641,3.911777089755968e-05,0.0004423355417951194,0.00028586445820488065,0.429747551744682,0.47379707543448135,5.628571428571428e-05,15.634920634920633,4.278571428571429e-05,11.884920634920634,4.533333333333333e-05,12.592592592592592,13307640.5795,1.3726123824037262,-935592084.31,0.0019123451605538723,20.821380465845124,-20.451567896823228,39.4252517028129,48.38709677419358,47.224050910686884,-51.61290322580643,False,False,True
1787702400000,0.00036,0.000439,0.000344,0.000407,9477809.16,2026-08-26,0.13055555555555554,0.12270915399243928,0.13055555555555554,0.09236015114235334,1.764538209971379,0.06693477412870011,1.278787064172897,0.06978171991620609,1.3331778870725763,0.09005846121472802,1.7205644856479818,0.00037759999999999996,0.0003760644228031152,0.0003588,0.00036712640481626586,0.0003649,0.0003710244809171815,0.00039266,0.0004059665826620578,0.0004883,0.0005133467074728568,0.1661891117478509,16.6189111747851,0.3521594684385383,35.21594684385383,0.04092071611253201,4.092071611253199,74.8201438848921,56.70498084291188,51.571164510166355,0.0003665808760843615,0.0003765206467573253,-9.939770672963801e-06,-1.7538414455209936e-05,7.598643782246134e-06,1.8669886442865193,0.0003649,3.985354768589444e-05,0.0004446070953717889,0.0002851929046282111,0.43687089817368546,0.7640919218272046,6.628571428571428e-05,16.286416286416284,4.7571428571428565e-05,11.688311688311687,4.723809523809524e-05,11.606411606411605,13503293.7565,0.7018886895975083,-926114275.15,0.0019091972083243641,21.503350304361067,61.566972099248495,44.153050595322064,76.97841726618708,57.917536938191425,-23.02158273381292,True,False,False
1787788800000,0.000407,0.00048,0.000395,0.00046,14329822.42,2026-08-27,0.13022113022113024,0.12241330404054572,0.13022113022113024,0.09194476700578394,1.75660230718509,0.07233154280907374,1.3818921850406478,0.07260394418477589,1.3870964060161461,0.09118086382282535,1.7420079573667182,0.0003906,0.00040404294853541007,0.0003722,0.00038401251303149026,0.00036649999999999996,0.00037949833987744995,0.0003952,0.0004080855405072244,0.00048424000000000004,0.0005122899374274669,0.16455696202531644,16.455696202531648,0.41104294478527614,41.104294478527606,0.07476635514018692,7.476635514018697,80.66298342541437,71.78571428571429,52.36363636363637,0.00038095304899445976,0.0003827043025530795,-1.7512535586197155e-06,-1.4380982275891891e-05,1.2629728717272176e-05,2.745593199406995,0.00036649999999999996,4.303548107751225e-05,0.00045257096215502445,0.0002804290378449755,0.46969147151445834,1.0431564703064138,7.37142857142857e-05,16.02484472049689,5.1214285714285714e-05,11.133540372670806,4.9095238095238095e-05,10.67287784679089,13948530.4765,1.0273356354020509,-911784452.73,0.0019046137652266226,23.696035191953573,151.82755388940967,51.039872089329016,88.8888888888889,71.41813430975652,-11.111111111111107,True,False,False
1787875200000,0.00046,0.0006,0.000442,0.000515,19512246.08,2026-08-28,0.11956521739130443,0.11294041118059554,0.11956521739130443,0.07428860213170216,1.4192817509004527,0.07689848114753862,1.4691434194868105,0.07614206474769332,1.4546921044589818,0.0924702800212791,1.7666422192489983,0.00042040000000000003,0.0004410286323569401,0.0003895,0.0004078284197530375,0.00037160000000000003,0.0003924032598891214,0.00039868,0.000412278264983982,0.00048125,0.0005123436219308056,0.40710382513661214,40.710382513661216,0.5058479532163744,50.58479532163743,0.24697336561743355,24.69733656174335,81.57894736842107,80.25078369905955,55.136986301369866,0.0004015756568414659,0.00039250398384544456,9.07167299602136e-06,-9.69045122150924e-06,1.87621242175306e-05,3.643130916025359,0.00037160000000000003,5.358652619332262e-05,0.0004787730523866453,0.00026442694761335476,0.5768194423393179,1.1690114576687607,8.785714285714285e-05,17.05963938973647,6.0428571428571424e-05,11.733703190013868,5.433333333333333e-05,10.550161812297732,14539915.9875,1.341977910792244,-892272206.65,0.001898732731193084,28.24603112800579,251.0005717552888,61.525845469997925,71.6666666666667,79.1779909405809,-28.3333333333333,True,False,False
1787961600000,0.000515,0.000522,0.00043,0.000488,15481914.38,2026-08-29,-0.05242718446601957,-0.05385149481058913,0.05242718446601957,0.08593767243629792,1.6418369265781179,0.08228959297720445,1.5721404663735365,0.0763990255562127,1.4596013338126532,0.09287575419375678,1.7743887924371542,0.00044600000000000005,0.00045668575490462673,0.0004038,0.00042240507070703066,0.00037395,0.0004015077113282527,0.00040168,0.0004152477451798575,0.00047783,0.0005118613948151886,0.3555555555555554,35.55555555555554,0.4144927536231884,41.44927536231884,0.10657596371882083,10.657596371882088,82.44680851063828,76.41791044776119,57.295373665480426,0.00041487170963508657,0.00039957776281985646,1.5293946815230104e-05,-4.69357161416137e-06,1.9987518429391474e-05,4.095802956842515,0.00037395,5.766552833269374e-05,0.0004892810566653875,0.00025861894333461253,0.6168260819114185,0.9944461765008177,9.085714285714285e-05,18.618266978922716,6.585714285714285e-05,13.495316159250583,5.638095238095239e-05,11.553473848555818,14946163.9125,1.0358453493910857,-907754121.03,0.0018939709505249988,32.42584643398995,170.7718900232268,58.69898396228218,62.66666666666668,74.40740740740743,-37.33333333333332,False,True,False
1788048000000,0.000488,0.000599,0.000442,0.000534,19361067.14,2026-08-30,0.09426229508196715,0.09008043310704761,0.09426229508196715,0.07791893352062688,1.4886391347005603,0.08120628908475677,1.5514439745684458,0.07679627575613722,1.467190788225793,0.09356462315602097,1.7875496154819868,0.0004808,0.0004824571699364178,0.0004234,0.00044269505785120695,0.00038,0.0004141260245350857,0.00040566000000000007,0.00041990469693891296,0.00047449,0.0005122999392076825,0.48333333333333317,48.333333333333314,0.5798816568047338,57.98816568047338,0.29297820823244547,29.297820823244543,88.15789473684208,81.40161725067384,62.05733558178752,0.0004331991389219963,0.0004095349655739417,2.3664173348054616e-05,9.77977378281829e-07,2.2686195969772788e-05,4.248351305200897,0.00038,6.74887904921938e-05,0.0005149775809843876,0.0002450224190156124,0.7104083209704609,1.0704651056748924,0.00010157142857142858,19.020866773675767,7.492857142857142e-05,14.031567683253076,6.109523809523809e-05,11.441055823078294,15668376.807,1.235677912172131,-888393053.89,0.0018882489407186938,37.12150848259318,203.69072646577894,65.56340327394085,77.92642140468227,70.75325157933855,-22.073578595317723,True,False,False
1788134400000,0.000534,0.00069,0.000507,0.00055,19025017.03,2026-08-31,0.029962546816479474,0.029522439266321834,0.029962546816479474,0.07599650265414087,1.451911144566432,0.08127087126630216,1.5526778154144238,0.07167921885454293,1.369429553388225,0.09356421575578018,1.787541832111315,0.0005094,0.0005049714466242786,0.00044350000000000005,0.0004622050473328058,0.00038895,0.0004270664031507919,0.00040998,0.00042500647415017167,0.00047176000000000005,0.0005130467357421144,0.3513513513513513,35.13513513513514,0.5759312320916905,57.59312320916905,0.4824797843665769,48.24797843665768,88.93442622950818,80.93922651933701,60.66433566433567,0.00045116850216476615,0.00041993978293883543,3.122871922593072e-05,7.028125747811608e-06,2.420059347811911e-05,4.400107905112565,0.00038895,7.737705018111512e-05,0.0005437041003622302,0.00023419589963776975,0.7957531835054904,1.0203416246258843,0.00011642857142857143,21.16883116883117,8.485714285714284e-05,15.428571428571425,6.814285714285714e-05,12.389610389610388,15398492.5095,1.2355116592265536,-869368036.86,0.0018829071712441452,40.17117282603184,210.76069499196967,68.59975868003762,62.66666666666668,67.75325157933855,-37.33333333333332,True,False,False
1788220800000,0.00055,0.000578,0.000475,0.000556,36074604.79,2026-09-01,0.010909090909090757,0.010850016024065623,0.010909090909090757,0.0684905176044325,1.3085095015432344,0.07650502820809345,1.4616265116332654,0.07158477047542552,1.367625119638808,0.09300741637180608,1.776904194816888,0.0005286000000000001,0.0005219809644161857,0.00045959999999999995,0.00047925867509047754,0.00039815000000000006,0.000439345793326907,0.00041480000000000005,0.00043014347576429685,0.00046919,0.0005138975865476256,0.20869565217391295,20.86956521739129,0.4075949367088607,40.759493670886066,0.4946236559139785,49.46236559139784,86.69950738916253,80.39772727272725,62.69982238010656,0.0004672964249086483,0.0004300183175359592,3.72781073726891e-05,1.307812207278711e-05,2.419998529990199e-05,4.352515341708991,0.00039815000000000006,8.574213175498204e-05,0.0005696342635099641,0.00022666573649003598,0.8614053171416002,0.9602463128951423,0.0001247142857142857,22.430626927029802,9.049999999999999e-05,16.276978417266186,7.009523809523809e-05,12.607057211373759,16872363.523999996,2.1380884034821728,-833293432.07,0.0018725433176328542,41.18919257721819,131.8117564841727,55.83401314748449,64.26666666666667,68.28658491267187,-35.73333333333334,False,True,False
1788307200000,0.000556,0.000611,0.000541,0.000559,20607578.66,2026-09-02,0.005395683453237599,0.005381178904516971,0.005395683453237599,0.05274338376432644,1.0076609319520728,0.06733972486834842,1.2865236371908892,0.06656380546586146,1.2716997178207685,0.09296662439362374,1.7761248651679777,0.0005374,0.0005343206429441239,0.0004789,0.0004937570978012998,0.0004092,0.00045074143205767783,0.00041972,0.0004351966733605983,0.00046681,0.0005147910032736989,0.08543689320388337,8.543689320388346,0.5273224043715847,52.732240437158474,0.653846153846154,65.3846153846154,82.35294117647057,80.39772727272727,60.966542750929364,0.0004814046672303948,0.00043957251623699965,4.1832150993395144e-05,1.882892785690872e-05,2.3003223136486423e-05,4.115066750713135,0.0004092,9.162141785914623e-05,0.0005924428357182925,0.00022595716428170756,0.8956150328362291,0.9087472217202923,0.00012114285714285711,21.671351903910036,9.37142857142857e-05,16.764630718119086,7.20952380952381e-05,12.897180339040803,17451342.8845,1.1808591921200124,-812685853.4100001,0.0018668430890590533,43.63915807066194,135.31353135313537,58.50210760888748,65.06666666666668,64.0,-34.93333333333332,True,False,False
1788393600000,0.000559,0.000587,0.00049,0.00056,36676470.88,2026-09-03,0.0017889087656528524,0.0017873105740956587,0.0017889087656528524,0.038352131074009956,0.7327164353555096,0.06571763903028281,1.25553373076784,0.06453236339916285,1.2328890716308538,0.0929553367115346,1.775909214304462,0.0005518,0.0005428804286294158,0.0004988999999999999,0.0005058012618374271,0.00042110000000000004,0.0004611470099569466,0.00042446,0.00044009092199215235,0.00046450000000000007,0.0005156865253185101,0.14754098360655732,14.754098360655728,0.5555555555555554,55.555555555555536,0.7391304347826084,73.91304347826085,72.72727272727266,82.08092485549132,64.3835616438356,0.0004934962568872572,0.0004484930705898148,4.5003186297442373e-05,2.4063779545015453e-05,2.093940675242692e-05,3.7391797772190936,0.00042110000000000004,9.508992973409997e-05,0.0006112798594682,0.0002309201405318001,0.9032527165433386,0.8651806252996664,0.00012285714285714284,21.93877551020408,9.828571428571427e-05,17.551020408163264,7.509523809523809e-05,13.409863945578232,18369627.120500002,1.9965822190843527,-776009382.5300001,0.001856629877501693,45.75899275704361,99.32726553225167,51.94010057859364,65.33333333333331,64.88888888888887,-34.66666666666667,False,True,False
1788480000000,0.00056,0.00088,0.000518,0.000814,44054034.29,2026-09-04,0.45357142857142874,0.3740235822733455,0.45357142857142874,0.19776883938666368,3.778368371242673,0.14195724576559884,2.7120893722837454,0.11299071698160533,2.1586846169059273,0.11152463345927575,2.1306751305401814,0.0006078,0.0006332536190862772,0.0005443,0.000561837396048804,0.00044625000000000003,0.0004947520566277135,0.00043380000000000003,0.00045475402461048415,0.00046493,0.0005215956268828935,0.5243445692883897,52.43445692883897,1.261111111111111,126.11111111111111,1.617363344051447,161.73633440514467,100.0,89.47368421052632,80.63623789764868,0.0005428045250584485,0.00047556765795353327,6.723686710491519e-05,3.269839705699541e-05,3.4538470047919784e-05,4.243055288442234,0.00044625000000000003,0.0001259485588392268,0.0006981471176784537,0.00019435288232154646,1.1289506674664587,1.2299607144958133,0.00015199999999999998,18.67321867321867,0.00011992857142857142,14.733239733239731,9.095238095238095e-05,11.173511173511171,19974714.6025,2.2054900491287257,-731955348.2400001,0.001846332400286653,48.350742667436485,203.5862258669006,59.55672522190656,88.29787234042553,72.89929078014184,-11.702127659574463,True,False,False
1788566400000,0.000814,0.000879,0.0007289,0.0007969,42948385.11,2026-09-05,-0.021007371007371045,-0.021231165598837885,0.021007371007371045,0.2035320567274352,3.888474483937173,0.1454758739252491,2.7793126688850545,0.11256831261973196,2.1506145929035267,0.1115526311591922,2.131210025846034,0.00065718,0.0006878024127241847,0.00058329,0.0006045760513126579,0.00047104500000000007,0.0005235280512345979,0.000442378,0.00046817151517776587,0.00046548900000000003,0.0005270489210067418,0.4489090909090909,44.89090909090908,0.9579852579852579,95.79852579852579,1.6475083056478406,164.75083056478408,94.24436216762032,85.87752187109444,78.74441888783656,0.000581896136587918,0.0004993700536606797,8.25260829272383e-05,4.266393423104399e-05,3.9862148696194306e-05,5.002151925736517,0.00047104500000000007,0.00014344626162322312,0.0007579375232464464,0.00018415247675355383,1.2181108949100243,1.0679043084020776,0.0001603,20.115447358514242,0.00012557857142857142,15.758385171109476,9.733809523809524e-05,12.214593454397695,21636233.276499998,1.985021355664898,-774903733.3500001,0.0018370454302200586,51.94752421918416,202.5697800462955,65.14510107200906,85.2659574468085,79.6323877068558,-14.73404255319149,False,False,True
1788652800000,0.0007969,0.0012977,0.000779,0.001273,51056420.12,2026-09-06,0.5974400803112059,0.46840239815370405,0.5974400803112059,0.29495051332505884,5.635021644892878,0.22021596107026767,4.207220028853625,0.1656074415469847,3.1639257282598074,0.13786466567226974,2.633900739386025,0.0008005800000000001,0.0008828682751494565,0.00066459,0.0007261076783467202,0.000518395,0.0005949063320693981,0.00045975800000000005,0.0004997334195634928,0.000470729,0.0005418248039323361,1.2895683453237412,128.95683453237413,1.767391304347826,176.7391304347826,2.9049079754601226,290.49079754601223,97.74167987321711,95.02581413820492,89.57839485269217,0.0006882198078820845,0.0005566759756117423,0.00013154383227034219,6.043991383890364e-05,7.110391843143855e-05,5.585539546852989,0.000518395,0.0002257400798659571,0.0009698751597319143,6.691484026808585e-05,1.7418384040429176,1.335701175050615,0.00021197142857142857,16.65132981708001,0.00015677142857142856,12.315116148580405,0.00012060952380952382,9.474432349530543,23776804.9425,2.1473204765514513,-723847313.2300001,0.0018295113826431308,55.70878889237467,294.170623053147,76.27033860636254,97.48395640215955,90.3492620631312,-2.5160435978404707,True,False,False
1788739200000,0.001273,0.001414,0.0010538,0.0012765,49202721.74,2026-09-07,0.00274941084053415,0.0027456381241319763,0.00274941084053415,0.2954057126239345,5.643718215286968,0.22354727825805182,4.270864754362135,0.16639396759339845,3.178952287277621,0.13774086128491375,2.631535459886698,0.0009440799999999999,0.0010140788500996377,0.00074074,0.0008261790095564074,0.00056512,0.0006598200147294555,0.00047656799999999997,0.0005301948568909527,0.000476184,0.0005563772436592919,1.2835420393559929,128.3542039355993,1.478640776699029,147.8640776699029,2.732456140350877,273.2456140350877,97.73419901947793,95.61063003881755,90.83597159236759,0.0007787244528233022,0.0006099962737145777,0.00016872817910872453,8.209756689286784e-05,8.66306122158567e-05,6.786573616596685,0.00056512,0.00027797733455501325,0.0011210746691100266,9.165330889973513e-06,1.9675632400553031,1.139782377526192,0.00023728571428571426,18.588775110514238,0.00017685714285714285,13.854848637457332,0.00013566666666666667,10.628019323671497,25775414.243,1.908901299359808,-674644591.4900001,0.0018237107569454426,59.31243390480161,265.5638020634897,83.60345608272968,87.28029602220168,90.01006995705659,-12.71970397779832,True,False,False
1788825600000,0.0012765,0.0024,0.0012758,0.0021242,104121257.39,2026-09-08,0.6640814727771249,0.5092733032059007,0.6640814727771249,0.3272097735887699,6.2513339468616715,0.27402364888583675,5.2352144611542455,0.21062386949615525,4.023963376642449,0.16374236536437775,3.128293497822623,0.0012569200000000001,0.0013841192333997586,0.0009043599999999999,0.0010621828260006972,0.0006540800000000001,0.0007992847752314122,0.000510872,0.0005927048680246929,0.000490056,0.0005874324761553564,2.7932142857142863,279.3214285714286,3.352868852459017,335.28688524590166,5.157101449275363,515.7101449275362,98.93084906840065,97.61930468581299,95.20793856587214,0.0009857206908504865,0.000722159512698686,0.00026356117815180043,0.00011839028914465438,0.00014517088900714605,6.834144101645139,0.0006540800000000001,0.0004408219936723407,0.0015357239873446814,-0.00022756398734468124,2.695829217663531,1.3337378925634595,0.0003831714285714286,18.03838756103138,0.00025394285714285713,11.954752713626641,0.00018805714285714286,8.853080823705058,30321201.819,3.4339422959401005,-570523334.1000001,0.0018259773208144116,64.80004679049837,323.52196260521947,90.38539645344201,86.58560311284049,90.4499518457339,-13.41439688715952,True,False,False
1788912000000,0.0021242,0.0024,0.00164,0.0018155,44135308.39,2026-09-09,-0.14532529893607005,-0.15703434903304878,0.14532529893607005,0.38026749268628013,7.265000246922032,0.2925789839613001,5.589713640015627,0.21650164431047603,4.136258106796051,0.1659089633256135,3.169686293752051,0.0014572200000000002,0.0015279128222665057,0.00103251,0.0011991495849096616,0.000727955,0.0008960671775903254,0.000538742,0.0006406576223678787,0.000500921,0.0006117577371705941,1.2303439803439802,123.03439803439802,2.3998127340823974,239.98127340823973,4.37130177514793,437.130177514793,82.91647003303444,83.31204767986377,82.86532702573672,0.0011133790461042578,0.0008031476969432298,0.000310231349161028,0.00015675850114792915,0.00015347284801309885,8.45347551710817,0.000727955,0.0005042971194747401,0.0017365492389494802,-0.0002806392389494803,2.771034580295431,1.0391390105166338,0.0004817428571428571,26.534996262344094,0.0003014428571428571,16.603847818389266,0.00022305714285714284,12.286265098162644,31803669.0065,1.3877426651931157,-614658642.4900001,0.0018270707710025282,70.44541938840845,234.76312841800095,91.77732795048277,70.84788029925188,81.57125981143135,-29.15211970074812,False,False,False
1788998400000,0.0018155,0.00187,0.0015142,0.0018499,42892307.49,2026-09-10,0.018947948223629885,0.018770671702952976,0.018947948223629885,0.3743208862597247,7.151390490663127,0.29314293261371055,5.600487863891748,0.21676170728437794,4.141226602936139,0.15501250370208325,2.9615097249470166,0.00166782,0.001635241881511004,0.0011625,0.001317467842198814,0.0008030000000000001,0.0009869083987721992,0.0005635,0.000688078895945656,0.00051221,0.0006362824145177107,1.3213703099510603,132.13703099510604,2.3634545454545455,236.34545454545454,4.3005730659025785,430.05730659025784,80.69333333333333,83.16392269148174,82.93494704992435,0.0012266899620882181,0.0008806849045770664,0.0003460050575111517,0.00019460781242057367,0.00015139724509057801,8.184077252315152,0.0008030000000000001,0.0005541477458318497,0.0019112954916636995,-0.00030529549166369925,2.760387276870982,0.9723018400212309,0.0005187142857142857,28.040125721081445,0.00032078571428571426,17.34070567521024,0.0002384285714285714,12.88872757600797,32895144.550499998,1.3039099865985555,-571766335.0000001,0.0018263811033189063,73.7637222919296,156.29020900984446,80.92201873919748,72.0761421319797,76.50320851469068,-27.923857868020292,False,True,False
1789084800000,0.0018499,0.00187,0.0015,0.0017193,43467590.21,2026-09-11,-0.07059841072490403,-0.07321435233154193,0.07059841072490403,0.3253158455361556,6.215150502221962,0.2987923026186383,5.708418926288959,0.22010100297035776,4.20502375743865,0.15370000757515517,2.9364345216503644,0.00175708,0.0016632612543406693,0.0012788300000000001,0.0013905282345263025,0.0008692150000000001,0.0010566599798415134,0.0005873860000000001,0.0007285189424100593,0.0005224030000000001,0.0006577343165252629,0.3505891594658288,35.05891594658287,2.09226618705036,209.22661870503595,3.352658227848101,335.2658227848101,75.60799555802332,77.73478881672884,78.36168197355957,0.001302476121766954,0.0009428045412750627,0.0003596715804918913,0.0002276205660348372,0.0001320510144570541,7.6805103505527885,0.0008692150000000001,0.0005812856859673393,0.0020317863719346786,-0.0002933563719346785,2.67499150827972,0.8656055105611888,0.0005198571428571428,30.236558067652116,0.00033592857142857133,19.538682686475386,0.0002532380952380952,14.729139489216264,33916664.0625,1.2815998097542851,-615233925.2100002,0.0018252877707688896,74.65913433802656,122.85269104828333,72.13574617806458,65.44670050761421,69.45690764628193,-34.553299492385776,False,True,False
1789171200000,0.0017193,0.00199,0.0016932,0.001778,23593759.17,2026-09-12,0.034141801896120594,0.03357190584804849,0.034141801896120594,0.32341252838562856,6.1787876791184955,0.2973739030667442,5.681320440899239,0.21708807458756404,4.147461841508558,0.1536259410171191,2.9350194820459548,0.00185738,0.0017015075028937795,0.00140073,0.001460977646430611,0.0009398150000000001,0.001125359029380417,0.000612446,0.0007696750654133591,0.0005334329999999999,0.0006799238881853362,0.39287113200156676,39.287113200156675,2.180679785330948,218.0679785330948,3.85792349726776,385.79234972677597,68.24949407343162,79.28091519883785,78.84692809404943,0.001375633641495115,0.0010046708715509853,0.0003709627699441298,0.00025628900681669574,0.00011467376312743405,6.449592976796066,0.0009398150000000001,0.0006023176974907182,0.0021444503949814364,-0.00026482039498143626,2.563558562017921,0.8478998722318452,0.0005408142857142856,30.41700144624778,0.00035055714285714277,19.71637473887192,0.0002639904761904762,14.847608334672453,33881181.789,0.6963676567403575,-591640166.0400002,0.0018252655506171816,76.04367277794913,118.30757749563672,74.48804722298432,68.23289070480084,68.58524444813158,-31.767109295199177,True,False,False
1789257600000,0.001778,0.0017926,0.0015811,0.0016209,18525129.17,2026-09-13,-0.08835770528683917,-0.09250758655572014,0.08835770528683917,0.07552466331284885,1.442896666608354,0.3037838485692682,5.803782277775241,0.21968903345678736,4.197153090933158,0.154422671835259,2.9502410029538493,0.0017567200000000002,0.0016746383352625198,0.00150682,0.0014900544379886818,0.00100286,0.001172553407534663,0.0006345640000000001,0.0008030564378112237,0.000543482,0.0006985620948295712,-0.236936258356087,-23.693625835608707,1.8944642857142862,189.44642857142858,3.5024999999999995,350.24999999999994,61.202185792349724,73.48632179437314,74.35362010706557,0.0014133669274189436,0.0010503174736583205,0.0003630494537606231,0.0002776410962054812,8.540835755514189e-05,5.269193507011036,0.00100286,0.0006044198378784788,0.0022116996757569575,-0.00020597967575695757,2.4107845078215457,0.7556335684519093,0.0004969285714285713,30.657571190608383,0.00035444999999999997,21.867481029057927,0.0002701571428571428,16.66710733895631,33640483.793,0.5506796300549863,-610165295.2100002,0.0018246950525122104,76.07030581511245,85.57398602745519,71.11216251311228,59.52727272727274,64.40228797989593,-40.47272727272727,False,True,False
1789344000000,0.0016209,0.002,0.0015812,0.0018943,20326341.01,2026-09-14,0.1686717255845518,0.15586782661610332,0.1686717255845518,0.1024416363466113,1.9571447143582774,0.28431997596036085,5.431925513709348,0.21905471309384625,4.1850344174151015,0.15515386415065915,2.964210412525001,0.0017724799999999999,0.0017478588901750133,0.00161485,0.0015635536310816488,0.0010795750000000002,0.0012412911782456475,0.0006626500000000001,0.0008458503059685016,0.000556545,0.0007222463213276062,0.04340402093087303,4.3404020930873015,1.327149877149877,132.7149877149877,4.2619444444444445,426.19444444444434,38.06210406065012,76.14047369035117,76.67713979905396,0.0014873566308929523,0.0011128346978317794,0.00037452193306117287,0.0002970172635766196,7.75046694845533e-05,4.091467533366061,0.0010795750000000002,0.0006157937085155729,0.002311162417031146,-0.0001520124170311457,2.281615296817999,0.8307621484003015,0.0005053,26.674761125481705,0.0003712928571428571,19.600530916056435,0.00028633809523809516,15.115773385318859,33743489.2315,0.602378161622512,-589838954.2000002,0.0018246968858651998,75.89346681430455,93.30895736026838,72.07170857998487,73.72987012987014,67.16334452064791,-26.27012987012986,True,False,False
1789430400000,0.0018943,0.0019,0.0015889,0.001655,15427770.98,2026-09-15,-0.12632634746344296,-0.13504836832306982,0.12632634746344296,0.11937876099987746,2.280728026512815,0.291813892941715,5.575096596610369,0.22488322475023684,4.296387976257954,0.15673143335799802,2.9943498299121947,0.0017335,0.0017169059267833423,0.00170066,0.0015801802436122582,0.0011419750000000002,0.0012806920184127287,0.00068605,0.0008775816686370544,0.000567225,0.0007407214686496255,-0.10535704632682852,-10.53570463268285,1.0767975906638223,107.67975906638223,3.066339066339066,306.6339066339066,41.01846670397313,69.59281180917066,70.3909891248058,0.0015131479184478827,0.0011529950905849815,0.00036015282786290115,0.0003096443764338759,5.0508451429025236e-05,3.0518701769803767,0.0011419750000000002,0.0006072248147580009,0.002356424629516002,-7.247462951600172e-05,2.1269285746465583,0.7112170762506046,0.0003891428571428571,23.51316357358653,0.00038615714285714276,23.332757876564518,0.00029900952380952373,18.06704071356639,34040987.322500005,0.4532116190943362,-605266725.1800002,0.0018243730930253908,76.60432938071486,71.81174461168176,71.42389871572354,60.99476439790577,64.75063575168288,-39.00523560209423,False,False,True
1789516800000,0.001655,0.0019995,0.00165,0.0017795,41294027.07,2026-09-16,0.07522658610271904,0.07253141713908409,0.07522658610271904,0.12066221960830029,2.305248468797369,0.23525003981070347,4.494445699893616,0.22471950649488884,4.293260143381348,0.15615725813626788,2.9833802277035533,0.0017455399999999999,0.0017377706178555614,0.00175131,0.0016164201993191204,0.0012079500000000002,0.0013281975404686593,0.00071258,0.0009129510172335783,0.00057925,0.0007612965556678514,0.03501424998545932,3.5014249985459234,0.3978790259230165,39.78790259230165,2.868478260869565,286.8478260869565,46.4213094753965,70.85540480503059,72.18925622429437,0.001554125161763593,0.0011994028616527613,0.0003547223001108316,0.00031865996116926706,3.606233894156455e-05,2.026543351591152,0.0012079500000000002,0.0006008770672941296,0.0024097041345882593,6.195865411741039e-06,1.9897415200765909,0.7377982249238619,0.00033049999999999996,18.5726327620118,0.0004061214285714285,22.822221330229194,0.00031112857142857143,17.484044474772205,35389197.555,1.1668540097814604,-563972698.1100001,0.001824258196053431,77.28323773651002,75.0042191022761,73.53254280157302,67.51308900523561,67.41257451100385,-32.486910994764386,True,False,False
1789603200000,0.0017795,0.00195,0.0016351,0.0018057,28027729.05,2026-09-17,0.014723236864287559,0.014615902271587291,0.014723236864287559,0.12010963055855993,2.2946912698255333,0.23499437172536725,4.48956116798168,0.22518234235917503,4.302102610152752,0.15565199138453084,2.9737271199656288,0.00175108,0.001760413745237041,0.00180423,0.001650834708533826,0.0012724849999999998,0.00137367396518593,0.000740114,0.0009479607834210771,0.000591757,0.0007819829514865044,0.015579302587176436,1.5579302587176524,0.41457109283196236,41.457109283196225,2.506213592233009,250.6213592233009,54.91355777979982,71.10425914003997,72.55171122827817,0.0015928289830307325,0.0012443137607895942,0.00034851522224113823,0.00032463101338364134,2.3884208857496893e-05,1.3227119043859388,0.0012724849999999998,0.0005917788431811633,0.0024560426863623266,8.892731363767327e-05,1.8602304724414465,0.7252594048199037,0.0003246571428571428,17.97957262320113,0.0004216857142857142,23.35303285627259,0.00032207619047619045,17.8366390029457,35814971.7035,0.7825701855087883,-535944969.0600001,0.0018241140631231442,79.15373486338237,66.80680514073948,71.00729450268648,68.42189160467588,65.64324833593909,-31.57810839532412,False,True,False
1789689600000,0.0018057,0.0019001,0.0017001,0.0017873,12711083.06,2026-09-18,-0.010189954034446447,-0.010242227025501918,0.010189954034446447,0.10886483239225278,2.0798597025050873,0.09669951421416173,1.84744162505288,0.2240366785799781,4.280214734384149,0.1556717411701447,2.9741044390899845,0.00178436,0.0017693758301580275,0.00177054,0.001675646579709494,0.00133745,0.0014130669208825082,0.0007673399999999999,0.0009808760487651563,0.0006042,0.0008018950689382574,0.10265901659571841,10.265901659571838,-0.15860088503907366,-15.860088503907363,2.6625,266.25,50.55429729407556,67.91987332916005,72.13760585662438,0.0016227476010260045,0.0012845349636940691,0.00033821263733193534,0.00032734733817330015,1.0865299158635186e-05,0.6079169226562516,0.00133745,0.0005721175132325196,0.0024816850264650393,0.0001932149735349609,1.7110696122696762,0.6965723778749157,0.0003003714285714286,16.805876381772986,0.00041011428571428567,22.946023930749494,0.00032407619047619045,18.132165303876825,35676430.1375,0.3562879753106015,-548656052.1200001,0.0018240465710448557,79.48620660174097,60.61031414053508,68.07564480786374,63.335527496858354,66.42350270225663,-36.664472503141646,False,False,True
