timestamp,open,high,low,close,volume,date,return,log_return,abs_return,volatility_5,volatility_5_annualized,volatility_10,volatility_10_annualized,volatility_20,volatility_20_annualized,volatility_50,volatility_50_annualized,sma_5,ema_5,sma_10,ema_10,sma_20,ema_20,sma_50,ema_50,sma_100,ema_100,momentum_5,roc_5,momentum_10,roc_10,momentum_20,roc_20,rsi_6,rsi_14,rsi_24,ema_12,ema_26,macd,macd_signal,macd_hist,macd_hist_pct,bb_mid,bb_std,bb_upper,bb_lower,bb_width,bb_pct,atr_7,atr_7_pct,atr_14,atr_14_pct,atr_21,atr_21_pct,volume_sma,volume_ratio,obv,vwap,adx,cci,mfi,stoch_k,stoch_d,williams_r,higher_high,lower_low,inside_bar,github_stars,github_forks,github_commits_7d,github_devs,l2_bid_volume,l2_ask_volume,l2_imbalance,l2_num_bids,l2_num_asks,target_return,target_direction
1746576000000,1.765,1.81,1.734,1.768,12087.12,2025-05-07,,,,,,,,,,,,,1.768,,1.768,,1.768,,1.768,,1.768,,,,,,,,,,1.768,1.768,0.0,0.0,0.0,0.0,,,,,,,,,,,,,,,,1.7706666666666666,,,,,,,False,False,False,465,128,0,0,0,0,0,0,0,0.06165158371040724,1
1746662400000,1.768,2.078,1.681,1.877,33668.64,2025-05-08,0.0616515837104072,0.05982579338892,0.0616515837104072,,,,,,,,,,1.8334,,1.82795,,1.825225,,1.82359,,1.823045,,,,,,,,,,1.827041666666667,1.8245961538461537,0.0024455128205129,0.0013586182336183,0.0010868945868946,0.0579059449597578,,,,,,,,,,,,,,,33668.64,1.8501367294522049,,,,,,,True,True,False,465,128,0,0,0,0,0,0,0,0.02077783697389446,1
1746748800000,1.877,1.998,1.784,1.916,25043.97,2025-05-09,0.0207778369738944,0.0205649219442969,0.0207778369738944,,,,,,,,,,1.8725263157894732,,1.8633455149501656,,1.858557035803497,,1.8556335155312629,,1.8546517449418356,,,,,,,,,,1.8617621247113163,1.857436668309512,0.0043254564018044,0.0025745355156618,0.0017509208861426,0.0913841798613076,,,,,,,,,,,,,,,58712.61,1.867539031292916,,,,,,,False,False,True,465,128,0,0,0,0,0,0,0,0.007828810020876986,1
1746835200000,1.916,1.97,1.78,1.931,29255.62,2025-05-10,0.0078288100208769,0.0077983238977087,0.0078288100208769,,,,,,,,,,1.896815384615384,,1.8856346534653463,,1.8794701995012468,,1.875620399840064,,1.874315199480052,,,,,,,,,,1.883617816091954,1.878001761163504,0.0056160549284498,0.0036048605199938,0.002011194408456,0.1041529988843106,,,,,,,,,,,,,,,87968.23,1.8751786045090708,,,,,,,False,True,False,465,128,0,0,0,0,0,0,0,-0.025375453133091752,0
1746921600000,1.931,1.991,1.875,1.882,18519.02,2025-05-11,-0.0253754531330917,-0.0257029622831895,0.0253754531330917,,,,,,,,,1.8748,1.891127962085308,,1.8845912433089544,,1.88008213671376,,1.877000392677845,,1.8759142465148688,,,,,,,,,,1.8831782612418069,1.878928969240819,0.0042492920009877,0.003796564316101,0.0004527276848867,0.0240556686974901,,,,,,,,,,,,,,,69449.20999999999,1.8815541158402669,,,,,,,True,False,False,465,128,0,0,0,0,0,0,0,0.0010626992561104665,1
1747008000000,1.882,1.989,1.822,1.884,31504.0,2025-05-12,0.0010626992561104,0.0010621349909833,0.0010626992561104,0.031895173295724,0.6093564302122023,,,,,,,1.898,1.8885233082706767,,1.884437676999,,1.8809086269093371,,1.8782866994087832,,1.8773301425646107,0.0656108597285067,6.561085972850672,,,,,77.1028037383177,,,1.883377986991563,1.8799446562567923,0.0034333307347704,0.0036981078201639,-0.0002647770853935,-0.0140539854242842,,,,,,,,,,,,,,,100953.21,1.885076358705122,,,,,,,False,True,False,465,128,0,0,0,0,0,0,0,0.03237791932059464,1
1747094400000,1.884,1.984,1.835,1.945,25183.03,2025-05-13,0.0323779193205946,0.0318648009162384,0.0323779193205946,0.0218941603007692,0.4182873452253358,,,,,,,1.9116,1.9085191840699367,,1.899030763995217,,1.893026719183272,,1.888998130261335,,1.88758685922086,0.0362280234416623,3.622802344166226,,,,,82.18181818181816,,,1.8971287235954235,1.89151441190356,0.0056143116918636,0.0041830479004235,0.00143126379144,0.0735868273233973,,,,,,,0.187,9.61439588688946,,,,,,,126136.24,1.8902860653477225,,,,,,,False,False,True,465,128,0,0,0,0,0,0,0,0.06786632390745506,1
1747180800000,1.945,2.2,1.85,2.077,42668.9,2025-05-14,0.067866323907455,0.0656625678235656,0.067866323907455,0.0352042016236294,0.6725753276506368,,,,,,,1.9438,1.966959714512292,,1.9395196228685692,,1.9248274251995472,,1.9159171086284372,,1.91295366622812,0.0840292275574112,8.40292275574113,,,,,83.55704697986573,,,1.9346650866059836,1.9214007361682224,0.0132643504377609,0.0063654556740778,0.0068988947636831,0.3321567050401132,,,,,,,0.2261428571428571,10.887956530710504,,,,,,,168805.13999999998,1.9200556277855807,,,,,,,True,False,False,465,128,0,0,0,0,0,0,0,-0.03707270101107363,0
1747267200000,2.077,2.192,1.92,2.0,24606.4,2025-05-15,-0.0370727010110736,-0.0377773643340299,0.0370727010110736,0.0429289954624702,0.8201573067205642,,,,,,,1.9576,1.9782672787022064,,1.952678036465898,,1.9368854737735093,,1.9268226488977065,,1.923417088483008,0.0357327809425167,3.5732780942516804,,,,,62.50000000000001,,,1.9475906579392,1.9330508725527813,0.0145397853864184,0.0082537663906873,0.0062860189957311,0.3143009497865551,,,,,,,0.2082857142857143,10.414285714285718,,,,,,,144198.74,1.931953959600066,,,,,,,False,False,True,465,128,0,0,0,0,0,0,0,0.004999999999999893,1
1747353600000,2.0,2.059,1.861,2.01,26112.71,2025-05-16,0.0049999999999998,0.0049875415110389,0.0049999999999998,0.0390384619053351,0.7458287674768388,,,,,,,1.9832,1.9890315208961655,1.929,1.964718868295613,,1.9478958878979735,,1.9367155863201608,,1.932875181906573,0.0680127523910731,6.801275239107326,,,,,61.93353474320239,,,1.9594172040046804,1.9436691032186564,0.015748100786024,0.0099329323407573,0.0058151684452667,0.2893118629485924,,,,,,,0.2060000000000001,10.24875621890548,,,,,,,170311.44999999998,1.9363000326212023,,,,,,,False,True,False,465,128,0,0,0,0,0,0,0,-0.03283582089552228,0
1747440000000,2.01,2.088,1.923,1.944,19526.29,2025-05-17,-0.0328358208955222,-0.0333870160327369,0.0328358208955222,0.0443903740526038,0.8480769054829168,0.0365831249281773,0.6989196203937761,,,,,1.9952,1.9738454474325955,1.9466,1.960486262528904,,1.947339972647974,,1.9375180081796115,,1.933990664596472,0.0318471337579617,3.184713375796181,0.099547511312217,9.954751131221716,,,58.90804597701151,,,1.956596227406869,1.943712020636025,0.0128842067708436,0.0105786543226668,0.0023055524481768,0.1185983769638305,,,,,,,0.2024285714285715,10.412992357436808,,,,,,,150785.15999999997,1.939599858685749,,,,,,,True,False,False,465,128,0,0,0,0,0,0,0,0.014917695473251058,1
1747526400000,1.944,2.07,1.9,1.973,25253.0,2025-05-18,0.014917695473251,0.0148075210022309,0.014917695473251,0.0425501033227128,0.8129185825544534,0.0319631599359514,0.610655313149973,,,,,2.0008,1.9735614426988028,1.9562,1.9629864843729476,,1.9508355908242467,,1.9411676552983936,,1.937610815325112,0.0143958868894602,1.4395886889460168,0.0511454448588173,5.114544485881731,,,61.866666666666696,,,1.9595127643226455,1.9473105103743455,0.0122022539482999,0.0109273354311136,0.0012749185171863,0.0646182725385884,,,,,,,0.2101428571428572,10.650930417782927,,,,,,,176038.15999999997,1.942935474628414,,,,,,,False,True,False,465,128,0,0,0,0,0,0,0,-0.030410542321338108,0
1747612800000,1.973,2.049,1.8,1.913,22608.75,2025-05-19,-0.0304105423213381,-0.0308825365823625,0.0304105423213381,0.0241455948214395,0.461300941346983,0.0333071356605038,0.6363319333147841,,,,,1.968,1.9532700331813704,1.9559,1.953175674523801,,1.9458842729189192,,1.938443715469552,,1.9354822631151916,-0.0789600385170918,-7.896003851709192,-0.0015657620041753,-0.1565762004175308,,,45.72192513368983,,,1.951436381440364,1.9432910402727,0.0081453411676637,0.0103385687900276,-0.0021932276223638,-0.1146485950007256,,,,,,,0.2218571428571429,11.59734149802106,,,,,,,153429.40999999997,1.9414372192643017,,,,,,,False,True,False,465,128,0,0,0,0,0,0,0,-0.012023000522739191,0
1747699200000,1.913,2.0,1.82,1.89,26484.09,2025-05-20,-0.0120230005227391,-0.0120958613865648,0.0120230005227391,0.0211087716482365,0.4032825160871081,0.0334023894372415,0.6381517541641316,,,,,1.946,1.93210753023391,1.9518,1.9409528648703265,,1.938822610074626,,1.9340136671485992,,1.9317944952980497,-0.055,-5.500000000000005,-0.0212325220093216,-2.1232522009321677,,,14.716981132075446,59.07738095238094,,1.9409757272346408,1.937305822245848,0.0036699049887929,0.0089434793472142,-0.0052735743584213,-0.2790250983291702,,,,,,,0.2262857142857143,11.972789115646265,0.2066428571428571,10.933484504913078,,,,,126945.31999999998,1.9386535315850937,,,47.048661310286825,40.2697495183044,,-59.7302504816956,False,False,True,465,128,0,0,0,0,0,0,0,-0.022222222222222143,0
1747785600000,1.89,1.96,1.8,1.848,22501.51,2025-05-21,-0.0222222222222221,-0.0224728558520585,0.0222222222222221,0.0193663372916336,0.3699933544458095,0.033167582910425,0.633665781768095,,,,,1.9136,1.9040075159929648,1.9484,1.9231761529636056,,1.927692476184484,,1.9265383929860096,,1.9253926197028983,-0.0805970149253729,-8.0597014925373,-0.0180658873538787,-1.8065887353878751,,,16.956521739130423,55.60224089635855,,1.9254007012339347,1.9276451198633295,-0.002244418629395,0.0066243009149927,-0.0088687195443877,-0.4799090662547499,,,,,,,0.1991428571428571,10.77612863327149,0.2126428571428571,11.506648113790972,,,,,104443.80999999998,1.934602321835018,,,44.31321230326719,32.177263969171484,,-67.82273603082851,False,True,False,465,128,0,0,0,0,0,0,0,0.03354978354978355,1
1747872000000,1.848,1.985,1.82,1.91,20810.42,2025-05-22,0.0335497835497835,0.032999268839046,0.0335497835497835,0.0267343144657188,0.5107583607073501,0.0349704444216351,0.6681094025771797,,,,,1.9068,1.9060080563623365,1.951,1.920679818826516,,1.9255819364508209,,1.9251665032118808,,1.924279621136109,-0.0174897119341563,-1.7489711934156396,0.0138004246284502,1.380042462845012,,,32.2695035460993,52.47376311844077,,1.9228556139273527,1.9257992953744256,-0.0029436814470729,0.004655281472405,-0.0075989629194779,-0.3978514617527739,,,,,,,0.1838571428571428,9.62602842183994,0.1960714285714286,10.265519820493644,,,,,125254.22999999998,1.9330843673145053,,,42.43472498598593,30.952380952380917,34.4664648132856,-69.04761904761908,True,False,False,465,128,0,0,0,0,0,0,0,0.010471204188481575,1
1747958400000,1.91,2.399,1.9,1.93,61900.5,2025-05-23,0.0104712041884815,0.0104167608582555,0.0104712041884815,0.0260444623320399,0.4975787541990141,0.0335055639994447,0.6401229014073198,,,,,1.8982,1.9140134961031543,1.9495,1.922432217465693,,1.9260965897959328,,1.9255506494880743,,1.924672612099945,-0.021794221996959,-2.1794221996959022,-0.0077120822622108,-0.7712082262210861,,,47.03389830508474,51.08024691358024,,1.9240229586327395,1.9262257035781247,-0.0022027449453856,0.0032520788753815,-0.0054548238207671,-0.2826333585889723,,,,,,,0.2268571428571428,11.754256106587713,0.2164285714285714,11.213915618060696,,,,,187154.73,1.952042115072378,,,48.40341044069101,24.232633279483025,29.12075940034514,-75.76736672051697,True,False,False,465,128,0,0,0,0,0,0,0,-0.023316062176165775,0
1748044800000,1.93,1.967,1.88,1.885,8224.63,2025-05-24,-0.0233160621761657,-0.02359218201682,0.0233160621761657,0.0243956175434267,0.466077618743573,0.0239436001832044,0.4574418392020991,,,,,1.8926,1.9043357824122324,1.9303,1.9154375323480335,,1.9214089265033152,,1.922452580822424,,1.9220741568971,-0.014636696288552,-1.4636696288552025,-0.0924410207029369,-9.24410207029369,,,32.5396825396825,46.60766961651917,,1.9177071669427497,1.922152676747628,-0.0044455098048779,0.0016843188861157,-0.0061298286909936,-0.3251898509810976,,,,,,,0.2157142857142857,11.443728685107995,0.2090714285714286,11.091322470632816,,,,,178930.09999999998,1.9513271416393505,,,50.995308110919005,14.190317195325536,23.125110475729823,-85.80968280467445,False,True,False,465,128,0,0,0,0,0,0,0,0.0,0
1748131200000,1.885,1.929,1.8,1.885,15947.5,2025-05-25,0.0,0.0,0.0,0.0238340070668986,0.4553480656549612,0.0219706230379294,0.4197481637676349,,,,,1.8916,1.897887612884084,1.9188,1.9097784403341824,,1.9173327001502976,,1.91969378827254,,1.919752005707697,-0.0026455026455025,-0.2645502645502589,-0.0574999999999999,-5.75,,,42.708333333333314,50.23847376788554,,1.9124555969121344,1.9185706211139428,-0.0061150242018082,0.000101641483375,-0.0062166656851832,-0.3297965880733823,,,,,,,0.2098571428571428,11.133004926108375,0.21,11.140583554376658,,,,,178930.09999999998,1.9487337579468933,,,46.5619861716706,14.190317195325536,17.537755890044696,-85.80968280467445,False,True,False,465,128,0,0,0,0,0,0,0,0.037135278514588865,1
1748217600000,1.885,2.049,1.826,1.955,30937.27,2025-05-26,0.0371352785145888,0.036462372537355,0.0371352785145888,0.0249439567712628,0.4765536249819327,0.0257350513097905,0.4916674649190305,,,,,1.913,1.9169308020888245,1.9133,1.918151863198552,1.92115,1.9214804647482728,,1.922207878743154,,1.9218690927611124,0.0579004329004329,5.790043290043289,-0.0273631840796018,-2.736318407960185,,,63.59832635983269,55.09325681492111,,1.9192410868548813,1.9220061884339432,-0.0027651015790617,-0.0004783944885672,-0.0022867070904944,-0.1169671146032967,1.92115,0.0652809918332805,2.051711983666561,1.7905880163334391,0.1359206555100445,0.6296319152382389,0.2061428571428571,10.544391669711365,0.214,10.946291560102305,,,26142.1685,1.183424014729306,209867.37,1.9484142083380225,,16.691212567501513,54.71279152366128,25.876460767946583,18.08569838619922,-74.12353923205342,True,False,False,465,128,0,0,0,0,0,0,0,0.011253196930946396,1
1748304000000,1.955,2.151,1.941,1.977,25150.77,2025-05-27,0.0112531969309463,0.0111903507511508,0.0112531969309463,0.021830474546402,0.4170706305965513,0.0236473905994746,0.4517827630508984,0.0302735853136267,0.5783760353140726,,,1.9264,1.9369578832040588,1.9166,1.9290121023067224,1.9316,1.9275044198229567,,1.925988571312705,,1.925052244031472,0.0350785340314137,3.507853403141371,0.0169753086419752,1.697530864197538,0.1182126696832579,11.821266968325796,79.45205479452056,52.43161094224925,,1.928401451144361,1.927089666176924,0.0013117849674368,-0.0001170255572705,0.0014288105247074,0.0722716502128189,1.9316,0.0554649249051762,2.0425298498103523,1.8206701501896476,0.114857993177006,0.7046338297474342,0.2104285714285714,10.643832646867548,0.2183571428571429,11.044873184478648,0.2079047619047619,10.516174097357707,26795.351,0.9386243904772884,235018.14,1.9518374020447251,,102.26067777919128,54.86583495671165,29.5492487479132,23.20534223706177,-70.4507512520868,True,False,False,465,128,0,0,0,0,0,0,0,-0.033383915022761834,0
1748390400000,1.977,2.023,1.902,1.911,14640.1,2025-05-28,-0.0333839150227618,-0.0339538789303439,0.0333839150227618,0.0280623042393761,0.5361295697091396,0.0255569387439155,0.4882646291259407,0.0284898554148457,0.5442979234472304,,,1.9226,1.928304098828938,1.9104,1.9256970709765893,1.9333,1.9257371055309052,,1.9249842632778844,,1.924270549244827,-0.0098445595854921,-0.984455958549218,-0.0314242270653827,-3.142422706538269,0.0181140117208311,1.811401172083113,50.22421524663679,35.979729729729726,,1.9256546892520217,1.9256292002004984,2.548905152344183e-05,-8.831075768813298e-05,0.0001137998092115,0.005954987399873,1.9333,0.0542102146133092,2.0417204292266184,1.8248795707733807,0.1121609985275111,0.3971596028577388,0.2048571428571428,10.719892352545417,0.202,10.570381998953428,0.210047619047619,10.991502828237522,25843.924,0.566481312977085,220378.03999999995,1.951668162049055,,-0.8446133671177759,46.77953481614351,18.530884808013354,24.652198107957712,-81.46911519198665,False,True,False,465,128,0,0,0,0,0,0,0,-0.03610675039246469,0
1748476800000,1.911,1.95,1.82,1.842,18401.67,2025-05-29,-0.0361067503924646,-0.0367747274250209,0.0361067503924646,0.0309628247797665,0.5915439368255082,0.026291293271353,0.5022944526732371,0.029269691417388,0.5591966693563448,,,1.914,1.8995335022880504,1.9033,1.9103272921596772,1.9296,1.9168753806236352,,1.9195742494272523,,1.919852310135592,-0.0228116710875331,-2.281167108753312,-0.0371144798745425,-3.7114479874542576,-0.0386221294363255,-3.86221294363256,33.82352941176474,36.47260273972602,,1.912502686777925,1.918162803082276,-0.005660116304351,-0.0012092889543506,-0.0044508273500003,-0.2416301492942665,1.9296,0.0578559008499383,2.0453118016998766,1.8138881983001236,0.1199334594733381,0.1214733557290495,0.1998571428571428,10.850007755545215,0.1918571428571428,10.415697223514812,0.1973333333333333,10.712993123416576,25511.809,0.7213000849920128,201976.36999999997,1.9491028080633892,,-96.41909237262335,47.88630256663724,7.011686143572628,18.36393989983306,-92.98831385642735,False,True,False,465,128,0,0,0,0,0,0,0,-0.04994571118349622,0
1748563200000,1.842,1.871,1.75,1.75,18912.68,2025-05-30,-0.0499457111834962,-0.0512361498976924,0.0499457111834962,0.0367724753438087,0.702537155005002,0.0301192995329887,0.5754284096137695,0.0310883559704274,0.593942206855653,,,1.887,1.8496860404270163,1.8893,1.880938878157172,1.92055,1.8994003614391388,,1.9087990659512768,,1.9110297020526132,-0.0716180371352784,-7.161803713527852,-0.074074074074074,-7.407407407407403,-0.0937338166752977,-9.37338166752978,28.84012539184953,30.48048048048049,49.22413793103448,1.8870402283785523,1.903374136180152,-0.0163339078015998,-0.0042485653005499,-0.0120853425010498,-0.6905910000599926,1.92055,0.0704179066640536,2.061385813328107,1.7797141866718926,0.1466619596762461,-0.1054922962054653,0.1458571428571428,8.33469387755102,0.1863571428571428,10.648979591836737,0.1929047619047619,11.02312925170068,24994.662000000004,0.7566687639144709,183063.68999999997,1.9440977854341377,,-178.68632975640958,49.202165671379326,0.0,8.514190317195327,-100.0,False,True,False,465,128,0,0,0,0,0,0,0,0.005142857142857116,1
1748649600000,1.75,1.822,1.582,1.759,25860.87,2025-05-31,0.0051428571428571,0.0051296778199984,0.0051428571428571,0.0271218504131197,0.5181622245866153,0.0298504371472069,0.5702918009457639,0.0307545365601968,0.5875645959780563,,,1.8478,1.8194561631172057,1.8804,1.8586202920695811,1.9144,1.884835863472459,,1.8995065074226904,,1.9033787582683728,-0.1002557544757034,-10.025575447570342,-0.0481601731601732,-4.816017316017327,-0.065356004250797,-6.535600425079704,30.792682926829254,34.8111658456486,49.61505560307955,1.8670345562801316,1.890851179880116,-0.0238166235999843,-0.0081770182360144,-0.0156396053639699,-0.8891191224542334,1.9144,0.0788305310877641,2.0720610621755284,1.7567389378244715,0.1647106792473134,0.0071706423397396,0.1677142857142856,9.534638187281733,0.1917142857142857,10.899049784780312,0.1952857142857143,11.102087224884274,25361.754500000003,1.0196798490419894,208924.55999999997,1.9348785211130133,,-216.03196382495847,42.8229645699394,21.66462668298652,9.55877094218638,-78.33537331701348,False,True,False,465,128,0,0,0,0,0,0,0,-0.04206935758953945,0
1748736000000,1.759,1.825,1.588,1.685,32176.1,2025-06-01,-0.0420693575895394,-0.042979901951096,0.0420693575895394,0.0213258483757448,0.4074297611429724,0.0286904087239355,0.5481294890374576,0.0319491187636647,0.6103870569300974,,,1.7894,1.774636258769077,1.8579,1.8268809006493256,1.90445,1.8642804625782428,,1.8864967741258212,,1.8927142919876745,-0.1476985331310065,-14.76985331310066,-0.1178010471204188,-11.780104712041878,-0.1056263269639065,-10.56263269639065,9.33734939759033,27.98165137614677,41.53439153439153,1.8386605998493368,1.873219049160443,-0.0345584493111061,-0.0134692993893601,-0.021089149921746,-1.251581597729737,1.90445,0.0939739465574313,2.0923978931148626,1.7165021068851374,0.1973776083539737,-0.0838054270336648,0.183142857142857,10.869012293344634,0.1964999999999999,11.661721068249255,0.201047619047619,11.931609439027836,25395.3595,1.2670070687520687,176748.45999999993,1.9233601444536264,,-199.57729468599024,42.51956924937424,12.607099143206854,11.423908608731123,-87.39290085679315,True,False,False,465,128,0,0,0,0,0,0,0,0.00949554896142435,1
1748822400000,1.685,1.78,1.639,1.701,15161.15,2025-06-02,0.0094955489614243,0.0094507496093996,0.0094955489614243,0.0278792923116401,0.5326331317391222,0.0286067290625025,0.5465307913505256,0.030930468727804,0.5909257753207308,,,1.7474,1.7500904071491812,1.835,1.803891494027186,1.89225,1.8476122692357864,,1.875482547426912,,1.88361612236853,-0.1098901098901098,-10.989010989010987,-0.1186528497409326,-11.865284974093258,-0.1254498714652956,-12.544987146529564,7.668711656441701,32.62295081967213,40.32403240324032,1.8172466337549589,1.8586365452934064,-0.0413899115384477,-0.0190669561226861,-0.0223229554157615,-1.3123430579518858,1.89225,0.1037613024915206,2.099772604983041,1.6847273950169586,0.2193395217154618,0.0392068251657965,0.1714285714285714,10.078105316200553,0.1887857142857142,11.09851347946586,0.1998095238095238,11.746591640771536,24894.2655,0.6090217845551619,191909.60999999996,1.918479600180076,28.86910140172713,-159.88195926540735,47.73639896517096,14.56548347613219,16.279069767441854,-85.43451652386781,False,False,True,465,128,0,0,0,0,0,0,0,-0.017048794826572733,0
1748908800000,1.701,1.796,1.657,1.672,14681.88,2025-06-03,-0.0170487948265727,-0.0171957987512149,0.0170487948265727,0.0268721386555416,0.5133914881567174,0.0284035670160639,0.5426493859032296,0.0255917597867256,0.488929884214736,,,1.7134,1.7240599659925315,1.8137,1.7798238793809675,1.872,1.8298070840072045,,1.863639158256591,,1.8738437281611653,-0.0922909880564604,-9.229098805646045,-0.1129973474801061,-11.299734748010614,-0.1949927780452576,-19.49927780452576,8.65051903114184,32.3051948051948,38.48888888888889,1.7946911845964446,1.8429990112602783,-0.0483078266638337,-0.0249264641678212,-0.0233813624960124,-1.398406847847634,1.872,0.1053160656510228,2.082632131302045,1.6613678686979545,0.2250343283141513,0.0252386263110048,0.1612857142857142,9.646274777853725,0.1858571428571428,11.115857826384143,0.1993333333333333,11.921850079744816,23494.914500000003,0.6248960812349412,177227.72999999992,1.9139939735033888,27.38192535714725,-136.09117146451587,53.7933881408096,11.015911872705002,12.72949816401468,-88.984088127295,True,False,False,465,128,0,0,0,0,0,0,0,0.0011961722488038617,1
1748995200000,1.672,1.8,1.62,1.674,23170.84,2025-06-04,0.0011961722488038,0.0011954574047737,0.0011961722488038,0.0212358420719585,0.4057101931235956,0.0284600880601856,0.5437292189349721,0.0249201472138665,0.4760987440265773,,,1.6982,1.707373180126926,1.7925999999999995,1.760525873681087,1.8557,1.8141065061074688,,1.8528071775373496,,1.8648521591435472,-0.0434285714285714,-4.342857142857147,-0.1119363395225464,-11.193633952254649,-0.163,-16.300000000000004,12.16216216216212,34.895833333333314,40.352504638218925,1.7759760025945095,1.828975452175459,-0.0529994495809496,-0.0305497628837385,-0.022449686697211,-1.3410804478620697,1.8557,0.1096031597700493,2.0749063195400987,1.636493680459901,0.2362518936682641,0.0855502697613558,0.1697142857142856,10.138248847926263,0.1872857142857142,11.187916026625704,0.1912380952380952,11.424020026170563,23423.1365,0.989228748250688,200398.56999999992,1.9069549217266368,26.022484084691587,-125.40086776080004,54.03275877342824,11.26070991432067,12.280701754385952,-88.73929008567933,True,True,False,465,128,0,0,0,0,0,0,0,-0.1152927120669055,0
1749081600000,1.674,1.712,1.4,1.481,40264.82,2025-06-05,-0.1152927120669055,-0.1224984367816217,0.1152927120669055,0.0502088299308744,0.9592383489545372,0.0385778828694077,0.7370294173506883,0.03424658039617,0.6542799997886525,,,1.6425999999999998,1.6319150598966814,1.7452,1.7095792189794088,1.82925,1.780724227205545,,1.831943486547853,,1.84800587376834,-0.1580443433769186,-15.80443433769186,-0.2424552429667519,-24.24552429667519,-0.26318407960199,-26.318407960198996,8.359133126934964,19.66053748231967,34.12135539795115,1.7302908117142726,1.8003552981953468,-0.0700644864810742,-0.0384625031011412,-0.0316019833799329,-2.133827372041388,1.82925,0.1319576786222327,2.093165357244465,1.5653346427555346,0.2885503427573764,-0.1597759289873667,0.1957142857142857,13.215009163692484,0.1977857142857143,13.354876049001636,0.1931428571428571,13.041381306067326,24130.742,1.668610936207432,160133.7499999999,1.886805211086956,25.924707317330565,-192.30635231113055,45.891585272310685,8.108108108108125,10.128243298377932,-91.89189189189187,False,True,False,465,128,0,0,0,0,0,0,0,0.044564483457123494,1
1749168000000,1.481,1.606,1.4,1.547,17077.92,2025-06-06,0.0445644834571234,0.0436000363052672,0.0445644834571234,0.0601502941822609,1.1491697567929535,0.0433588286326426,0.8283692579062351,0.036381143665505,0.6950607737886612,,,1.6149999999999998,1.6036099415218656,1.7022,1.6799604886849384,1.8094,1.757417542362248,,1.8162197969811105,,1.835106193692492,-0.0818991097922849,-8.189910979228493,-0.2175012645422357,-21.75012645422358,-0.2042181069958848,-20.42181069958848,22.10526315789471,24.568393094289505,34.37990580847722,1.7019324126929023,1.7796863655585666,-0.0777539528656641,-0.0463285832424932,-0.0314253696231709,-2.031374894839749,1.8094,0.1431710055915837,2.0957420111831677,1.5230579888168323,0.316504931118788,0.0418066686830881,0.2078571428571428,13.436143688244533,0.1768571428571428,11.43226521377782,0.1935238095238095,12.509619232308308,24008.3235,0.7113333007196442,177211.66999999993,1.8786003789474852,26.165329717775556,-164.4525278085298,30.53671154549376,19.57390146471372,12.980906495714173,-80.42609853528629,False,False,False,465,128,0,0,0,0,0,0,0,-0.028442146089204923,0
1749254400000,1.547,1.6,1.462,1.503,16773.77,2025-06-07,-0.0284421460892049,-0.0288544608200916,0.0284421460892049,0.0585947791366346,1.119451683573664,0.0432597443864528,0.8264762560407598,0.0360644713055514,0.6890107568466293,,,1.5754,1.570073216615818,1.6614,1.6477334442947658,1.7858999999999998,1.7321605139653522,,1.7992073918960922,,1.8211944137557876,-0.1164021164021165,-11.64021164021165,-0.2135007849293564,-21.350078492935644,-0.2382159148504815,-23.82159148504816,23.99999999999997,24.601063829787226,25.801011804384476,1.6711807880614795,1.7572822473392355,-0.0861014592777558,-0.0542894657104449,-0.0318119935673108,-2.1165664382775,1.7858999999999998,0.1531308006420106,2.092161601284021,1.4796383987159785,0.3429773237964291,0.038139945043839,0.1932857142857143,12.859994297120048,0.1805,12.009314703925485,0.1922380952380952,12.790292431010991,23584.362,0.7112242425722604,160437.89999999994,1.8709745956841315,26.49973547275936,-139.09938052413438,34.7072706209763,13.715046604527297,13.799018725783048,-86.28495339547271,False,False,True,465,128,0,0,0,0,0,0,0,0.0,0
1749340800000,1.503,1.534,1.45,1.503,12152.33,2025-06-08,0.0,0.0,0.0,0.0595168049264264,1.1370669615538742,0.0435363283520112,0.8317603852832629,0.0359269450066244,0.6863833205948334,,,1.5416,1.547715443196349,1.6275,1.621383211252578,1.7654,1.7095022946980647,,1.7833583123684578,,1.8081534356109248,-0.1010765550239234,-10.107655502392348,-0.1840390879478828,-18.403908794788283,-0.2143230527966545,-21.432305279665453,20.35928143712572,24.601063829787226,27.592425608656427,1.6452020000120156,1.736833332272465,-0.0916313322604494,-0.0617625756666066,-0.0298687565938427,-1.987275887813891,1.7654,0.1623843394056538,2.090168678811308,1.4406313211886923,0.3679264515818599,0.0960201566228375,0.1714285714285714,11.405759908753923,0.1772857142857142,11.795456705636347,0.1881428571428571,12.51782149985743,23061.541,0.5269522101753737,160437.89999999994,1.8652539794541176,27.418941508862115,-131.46392002056956,35.473454076313274,13.715046604527297,15.667998224589434,-86.28495339547271,False,True,False,465,128,0,0,0,0,0,0,0,0.003992015968063978,1
1749427200000,1.503,1.579,1.468,1.509,29426.63,2025-06-09,0.0039920159680639,0.0039840690148745,0.0039920159680639,0.0597735529165054,1.1419721250169514,0.0426414786780332,0.8146643062666645,0.0360893118438708,0.6894853346648626,,,1.5086,1.5348102821700809,1.6034,1.600927630853373,1.74635,1.689749490320127,,1.7688851412073137,,1.7961471596794971,-0.0985663082437275,-9.856630824372765,-0.1377142857142858,-13.771428571428576,-0.2015873015873016,-20.15873015873016,23.79421221864949,17.58720930232556,27.33031674208145,1.6241760613283438,1.7186268943066905,-0.0944508329783466,-0.0683035437938236,-0.026147289184523,-1.7327560758464564,1.74635,0.1692028601848589,2.084755720369718,1.407944279630282,0.3875577294009997,0.1493114836523914,0.1671428571428572,11.076398750355018,0.1692857142857143,11.218403862539054,0.1815714285714285,12.03256650572754,23208.668,1.267915504672651,189864.52999999997,1.85291702586206,28.33305647729952,-106.88836104513084,33.532660163785,14.51398135818908,13.981358189081226,-85.48601864181093,True,False,False,465,128,0,0,0,0,0,0,0,-0.009940357852882609,0
1749513600000,1.509,1.6,1.469,1.494,27714.41,2025-06-10,-0.0099403578528826,-0.0099900930750861,0.0099403578528826,0.0268746801323965,0.5134400430038552,0.0421591989587904,0.8054503651679042,0.0359846108640362,0.6874850252537729,,,1.5112,1.5212068454377374,1.5769,1.5814689110489883,1.72865,1.6705279340352246,,1.7545778577722355,,1.784262376810821,0.0087778528021607,0.8777852802160634,-0.1506537805571347,-15.065378055713468,-0.1915584415584416,-19.15584415584416,22.2222222222222,14.537444933920682,28.65275142314989,1.6040909518802506,1.7007808564922082,-0.0966899046119575,-0.0739831198672163,-0.0227067847447412,-1.5198651100897755,1.72865,0.1763734897730861,2.0813969795461724,1.3759030204538276,0.4081184502891533,0.1673961598453803,0.166,11.111111111111116,0.1636428571428571,10.953337158156437,0.1792380952380952,11.99719512972525,23469.313,1.1808786222246896,162150.11999999994,1.8421506584629013,30.20141953079581,-95.05921636145462,32.38263748197116,15.088282504012849,14.439103488909742,-84.91171749598715,True,False,False,465,128,0,0,0,0,0,0,0,-0.011378848728246238,0
1749600000000,1.494,1.529,1.469,1.477,15459.94,2025-06-11,-0.0113788487282462,-0.0114440831613827,0.0113788487282462,0.0125918062826534,0.2405661212491339,0.0411021963083871,0.7852563578865291,0.0344986483225145,0.6590957507596256,,,1.4972,1.506471223545253,1.5561,1.5624607108778217,1.707,1.6515805420828762,,1.740313471498522,,1.7724079359857237,-0.0452488687782804,-4.524886877828044,-0.1234421364985163,-12.344213649851628,-0.2267015706806282,-22.670157068062817,48.648648648648646,15.664556962025287,26.19961612284068,1.5844905862019412,1.6830970562496428,-0.0986064700477016,-0.0789093885689074,-0.0196970814787942,-1.3335871007985252,1.707,0.1794890408617578,2.065978081723516,1.3480219182764843,0.4205952920017759,0.179646179377122,0.1488571428571428,10.078344133862077,0.1592857142857142,10.784408550149916,0.1744761904761904,11.812876809491566,23201.789,0.6663253424121736,146690.1799999999,1.835921605666599,33.12476364617785,-98.1185584837794,32.73433550340502,14.000000000000032,14.534087954067322,-85.99999999999997,False,False,False,465,128,0,0,0,0,0,0,0,-0.06838185511171302,0
1749686400000,1.477,1.494,1.36,1.376,21506.77,2025-06-12,-0.068381855111713,-0.0708322640380909,0.068381855111713,0.0293730110340336,0.5611705878607631,0.0438056546992445,0.836905857922351,0.0362353974159056,0.6922762955997744,,,1.4718,1.4629808024223705,1.5235999999999998,1.5285385366455544,1.6793,1.624671542004863,,1.7218170073377737,,1.7573960899034855,-0.0844976713240186,-8.449767132401863,-0.1910640799529689,-19.10640799529689,-0.2870466321243523,-28.70466321243524,3.278688524590152,14.90963855421684,25.20775623268696,1.5523486303906584,1.658948876596129,-0.1066002462054709,-0.0844489982611202,-0.0221512479443506,-1.609829065723161,1.6793,0.1858970003438523,2.0510940006877045,1.3075059993122955,0.4427964040823016,0.0921128374328412,0.1234285714285714,8.970099667774088,0.1595714285714285,11.596760797342192,0.173,12.57267441860465,21182.1025,1.015327444478186,125183.40999999992,1.8256451366955104,36.82188591553616,-122.41710371707792,33.00548097479425,3.1311154598825435,10.739799321298475,-96.86888454011746,False,True,False,465,128,0,0,0,0,0,0,0,-0.010174418604650959,0
1749772800000,1.376,1.43,1.27,1.362,18118.69,2025-06-13,-0.0101744186046509,-0.010226531783831,0.0101744186046509,0.0282183196709706,0.5391102403445686,0.0439121998403917,0.8389413999858474,0.0362173081789255,0.6919307012125219,,,1.4436,1.42932052809889,1.4926,1.4982440232929912,1.65315,1.5990846178746734,,1.7037575104234726,,1.7426882982473482,-0.0938123752495008,-9.381237524950087,-0.1854066985645932,-18.54066985645932,-0.2774535809018567,-27.745358090185672,3.9215686274509807,16.894197952218406,25.4189944134078,1.523012883832099,1.6357046709421743,-0.1126917871100749,-0.090098729434168,-0.0225930576759069,-1.6588148073353122,1.65315,0.1921192817523861,2.0373885635047726,1.2689114364952276,0.4648562604782051,0.1211338115774735,0.1168571428571428,8.579819593035449,0.1623571428571428,11.920495070274804,0.1568571428571428,11.516677155443675,21676.8055,0.8358560951243483,107064.71999999991,1.8162491589863123,40.65373133725528,-127.1259885169537,33.639559958880355,16.576576576576592,11.235897345486388,-83.4234234234234,False,True,False,465,128,0,0,0,0,0,0,0,-0.01027900146842875,0
1749859200000,1.362,1.42,1.287,1.348,19919.02,2025-06-14,-0.0102790014684287,-0.0103321952372053,0.0102790014684287,0.0259168946618314,0.4951415772817414,0.0434622194233297,0.8303445361888071,0.03605882079873,0.6889028040653826,,,1.4114,1.4022136817220376,1.46,1.470916020000144,1.6263,1.5746793940715058,,1.6860956039444537,,1.7282578613677573,-0.1066931742876076,-10.669317428760756,-0.194743130227001,-19.47431302270011,-0.2848806366047745,-28.488063660477447,3.5928143712574894,15.22842639593908,26.09942638623326,1.4960478924864082,1.6132783236850012,-0.117230431198593,-0.0955259715423217,-0.0217044596562712,-1.6101231199014254,1.6263,0.1955061178205512,2.017312235641102,1.235287764358897,0.4808611395697014,0.1441287834078901,0.1161428571428571,8.615938957185245,0.1547142857142857,11.477320898685884,0.159047619047619,11.798784795817436,21875.3815,0.9105678911245504,87145.69999999992,1.806292314518171,45.26710078377408,-113.67848839113216,34.903588172626385,14.054054054054069,11.253915363504404,-85.94594594594594,False,False,True,465,128,0,0,0,0,0,0,0,-0.08902077151335319,0
1749945600000,1.348,1.408,1.201,1.228,15410.68,2025-06-15,-0.0890207715133531,-0.0932351827651646,0.0890207715133531,0.0380048076019843,0.7260808297395703,0.0374801368278441,0.7160570086741561,0.0372909437662134,0.7124424803068923,,,1.3582,1.3441424492295282,1.4347,1.426735042172958,1.58995,1.5410483884691006,,1.6635877909553445,,1.7102691166070538,-0.1780455153949129,-17.8045515394913,-0.1708305199189737,-17.083051991897374,-0.3718670076726342,-37.18670076726343,0.0,14.128728414442676,19.112318840579704,1.4547580163161478,1.5833621177156505,-0.1286041013995027,-0.1021424769981866,-0.0264616244013161,-2.1548554072733013,1.58995,0.1987332184242566,1.9874164368485128,1.1924835631514867,0.4999735046366405,0.0446785357904945,0.1337142857142856,10.888785481619353,0.1525714285714285,12.424383434155423,0.1627619047619047,13.254226772142076,21099.052000000003,0.7303967969745748,71735.01999999993,1.7976918454368325,50.07963950013647,-129.44295689609913,37.72254828443761,4.507512520868099,11.71271438383292,-95.49248747913192,False,True,False,465,128,0,0,0,0,0,0,0,0.021986970684038987,1
1750032000000,1.228,1.382,1.185,1.255,18912.0,2025-06-16,0.0219869706840389,0.0217487428587963,0.0219869706840389,0.0459193468018793,0.8772878888424332,0.0337980197387329,0.6457102604611601,0.0378718340627872,0.7235403738402858,,,1.3138,1.3144282976948318,1.4055,1.3955021434982122,1.5538500000000002,1.513348186499069,,1.643709614006695,,1.6941584195896742,-0.1503046716316859,-15.030467163168598,-0.1887524240465417,-18.875242404654173,-0.3651997976732424,-36.51997976732424,9.215017064846393,15.586419753086387,19.621962196219613,1.4239933945367536,1.5579561648073113,-0.1339627702705577,-0.1085072124674265,-0.0254555578031311,-2.028331299054274,1.5538500000000002,0.1901138924572932,1.9340777849145867,1.1736222150854136,0.4894008880066756,0.1070118862208698,0.1459999999999999,11.63346613545816,0.1565714285714285,12.475811041548091,0.1615238095238095,12.870423069626256,20787.1135,0.9097944262439324,90647.01999999992,1.7874151140835974,54.26972156809883,-125.22012312807288,31.877377377376376,11.382113821138184,9.981226798686784,-88.61788617886181,False,True,False,465,128,0,0,0,0,0,0,0,-0.11314741035856568,0
1750118400000,1.255,1.3,1.077,1.113,40924.14,2025-06-17,-0.1131474103585656,-0.1200765002903393,0.1131474103585656,0.0578117348045132,1.1044916426140077,0.0448957692319229,0.8577324668263525,0.0430119797782395,0.8217427198472443,,,1.2612,1.2472855290977816,1.3665,1.3441268856781647,1.51395,1.474641388013447,,1.6181314329454444,,1.673908453330671,-0.1911337209302325,-19.11337209302325,-0.2594810379241516,-25.948103792415168,-0.4175824175824176,-41.75824175824176,6.459330143540655,13.27201051248356,18.046357615894024,1.3761052934213978,1.5236422821930782,-0.1475369887716804,-0.1163138318420069,-0.0312231569296734,-2.8053150880209774,1.51395,0.1948920011320712,1.9037340022641425,1.1241659977358576,0.5149232170998281,-0.0143233145421535,0.159142857142857,14.298549608522649,0.1625714285714285,14.6065973559235,0.1621428571428571,14.568091387498397,22101.3155,1.8516608208230865,49722.87999999993,1.761993582236972,58.90654498571213,-166.14161670223453,24.766485183005543,4.979253112033199,6.956293151346494,-95.0207468879668,False,True,False,465,128,0,0,0,0,0,0,0,0.06738544474393526,1
1750204800000,1.113,1.251,1.113,1.188,17036.31,2025-06-18,0.0673854447439352,0.0652121486470453,0.0673854447439352,0.075543757926668,1.443261468693148,0.0538376865174886,1.0285675566960657,0.0476723704993323,0.9107793595566092,,,1.2264,1.227523685535642,1.335,1.3157351006949132,1.48125,1.4469680662048754,,1.59758525198774,,1.657228296001149,-0.1277533039647578,-12.77533039647578,-0.2095808383233532,-20.958083832335326,-0.3550488599348534,-35.504885993485345,26.0204081632653,20.86330935251796,22.837100545596243,1.3471440318868293,1.497836942145082,-0.1506929102582526,-0.1231901155008718,-0.0275027947573807,-2.315050063752586,1.48125,0.1917942634013966,1.8648385268027927,1.0976614731972067,0.5179254370333073,0.1177544692952158,0.1702857142857142,14.33381433381433,0.1595714285714285,13.43193843193843,0.1629523809523809,13.716530383197048,22033.0475,0.7732162334783693,66759.18999999993,1.7523558137064907,63.59820948743928,-142.04474511628973,30.50126654516345,17.48031496062992,11.2805606312671,-82.51968503937009,False,False,True,465,128,0,0,0,0,0,0,0,0.0185185185185186,1
1750291200000,1.188,1.345,1.162,1.21,31013.99,2025-06-19,0.0185185185185186,0.0183491386681966,0.0185185185185186,0.0779688317658462,1.489592439336932,0.0548011610570592,1.046974711928917,0.0479093262641399,0.9153063930868132,,,1.1988,1.2216824569194122,1.3051,1.2965077230084474,1.45425,1.4241201960767809,,1.579228363111392,,1.6420957547395767,-0.1023738872403561,-10.237388724035617,-0.1981444665341285,-19.81444665341285,-0.3085714285714286,-30.85714285714286,30.999999999999982,29.5625942684766,19.838056680161927,1.3260313883853518,1.4757690393167902,-0.1497376509314383,-0.128499911679787,-0.0212377392516513,-1.7551850621199436,1.45425,0.1899703231670952,1.8341906463341904,1.0743093536658097,0.5225245265039581,0.1785682153823032,0.1772857142857142,14.651711924439196,0.1503571428571428,12.42621015348288,0.1654761904761904,13.675718221172769,22638.113,1.369990069401986,97773.17999999992,1.7372318011889651,66.48915522008629,-102.39820949501257,41.56544482167849,25.141776937618143,15.867115003427088,-74.85822306238185,True,False,False,465,128,0,0,0,0,0,0,0,-0.018181818181818188,0
1750377600000,1.21,1.289,1.188,1.188,14872.28,2025-06-20,-0.0181818181818181,-0.0183491386681965,0.0181818181818181,0.0678052446789181,1.2954173806840414,0.0546875140249768,1.0448034884296158,0.0476212615566062,0.9098029245768487,,,1.1908,1.2104549711458945,1.2745000000000002,1.2767766834877048,1.4257,1.401380894467099,,1.5608486589385462,,1.6269434955584154,-0.0325732899022801,-3.257328990228016,-0.2048192771084337,-20.481927710843376,-0.3246162592382035,-32.46162592382035,30.39215686274508,21.00161550888529,18.056680161943305,1.3047842418048137,1.453763424941277,-0.1489791831364633,-0.132595944378508,-0.0163832387579552,-1.3790605015113822,1.4257,0.1845906138915036,1.7948812277830073,1.0565187722169926,0.5178946872175175,0.1780713886409843,0.1688571428571428,14.213564213564212,0.1428571428571428,12.025012025012025,0.1645238095238095,13.84880551547218,22088.6835,0.673298614650348,82900.89999999994,1.7300495698260048,66.1526033315135,-97.51344012438278,42.36362448356195,21.22370936902485,21.28193375575764,-78.77629063097515,False,False,True,465,128,0,0,0,0,0,0,0,-0.06818181818181812,0
1750464000000,1.188,1.221,1.08,1.107,19584.23,2025-06-21,-0.0681818181818181,-0.0706175672139532,0.0681818181818181,0.0708591827550203,1.3537627857046897,0.0564673439226888,1.078807090880653,0.0486536939441778,0.929527517645934,,,1.1612,1.175969980490131,1.2375,1.2459051711070763,1.3967999999999998,1.3730610430752692,,1.5396913469305558,,1.6098262428059409,-0.1179282868525896,-11.792828685258955,-0.2505077860528097,-25.050778605280986,-0.343026706231454,-34.3026706231454,33.60433604336043,19.817073170731703,17.83999999999999,1.2743418962868098,1.4273099000886902,-0.1529680038018803,-0.1366704982406629,-0.0162975055612173,-1.4722227245905506,1.3967999999999998,0.1870869766769064,1.7709739533538127,1.022626046646187,0.5357588106440621,0.1127469624723322,0.1699999999999999,15.356820234869012,0.1430714285714285,12.924248290101945,0.1598095238095238,14.436271346840453,21459.09,0.9126309643139574,63316.66999999994,1.7193483624177237,66.5095066525134,-120.5853868503174,36.33393636875344,5.736137667304019,17.36720799131567,-94.26386233269598,False,True,False,465,128,0,0,0,0,0,0,0,-0.05510388437217706,0
1750550400000,1.107,1.2,0.98,1.046,30496.34,2025-06-22,-0.055103884372177,-0.0566802880837686,0.055103884372177,0.0554122026802695,1.0586486457488775,0.0555331704608808,1.0609597319524415,0.0487634679435347,0.9316247469589098,,,1.1477999999999997,1.1326466534307722,1.2045,1.2095558627068996,1.3640500000000002,1.3416275956365382,,1.5168457663177068,,1.5915046776227957,-0.0601976639712488,-6.019766397124883,-0.2398255813953487,-23.982558139534877,-0.3850676072898294,-38.50676072898296,24.0694789081886,18.131101813110178,17.954911433172285,1.239198697754763,1.3982851581539244,-0.1590864603991613,-0.1411538156490115,-0.0179326447501497,-1.714401983761923,1.3640500000000002,0.1883586933709753,1.7407673867419509,0.9873326132580496,0.5523512873310371,0.0778665769176952,0.1718571428571428,16.42993717563507,0.1527857142857142,14.606664845670576,0.1589999999999999,15.20076481835564,22225.8495,1.372111333697279,32820.32999999994,1.7017759018537209,67.5296503489681,-131.49782077176573,35.05382339745822,10.645161290322587,12.535002775550486,-89.35483870967741,False,True,False,465,128,0,0,0,0,0,0,0,0.10229445506692159,1
1750636800000,1.046,1.185,1.031,1.153,16269.91,2025-06-23,0.1022944550669215,0.0973938756441908,0.1022944550669215,0.0684425779720475,1.307593616152522,0.0688105075363292,1.3146229006082448,0.0562392201424368,1.074448792178463,,,1.1408,1.139431102311122,1.1836,1.199272304151307,1.3381,1.3235145932540564,,1.500126818264978,,1.5774340433088565,-0.0294612794612794,-2.94612794612794,-0.1534508076358297,-15.345080763582972,-0.3104066985645932,-31.040669856459324,55.434782608695656,28.239608801955995,26.25298329355607,1.2259329914804935,1.3796525103523856,-0.1537195188718918,-0.1436670123397466,-0.0100525065321451,-0.8718565942883936,1.3381,0.1792296086911395,1.696559217382279,0.9796407826177213,0.5357734360395768,0.2418116329219676,0.1657142857142857,14.37244455457812,0.1558571428571428,13.5175319043489,0.1596190476190476,13.843802915789038,22305.251,0.729420619386888,49090.23999999995,1.6934715075309097,68.27199584809604,-102.73929691502016,30.637315667521904,27.903225806451616,14.761508254692744,-72.09677419354838,False,False,True,465,128,0,0,0,0,0,0,0,-0.005203816131829964,0
1750723200000,1.153,1.221,1.129,1.147,11850.11,2025-06-24,-0.0052038161318299,-0.0052174031396882,0.0052038161318299,0.0672925527602771,1.2856224153316016,0.0688627541560748,1.3156210708769454,0.0561490935240871,1.0727269255525798,,,1.1282,1.14195406821335,1.1635,1.1897677388469914,1.31175,1.3065780751290568,,1.484008965889719,,1.5637900052908045,-0.0520661157024793,-5.206611570247929,-0.1491097922848665,-14.910979228486651,-0.3148148148148147,-31.48148148148148,43.14381270903012,28.553770086526583,25.598086124401902,1.2137860699152276,1.3620128028120202,-0.1482267328967925,-0.1445789727210727,-0.0036477601757198,-0.3180261705073956,1.31175,0.165457221375385,1.6426644427507702,0.98083555724923,0.5045388873653823,0.2510685864441367,0.147,12.816041848299914,0.1530714285714285,13.345373022792376,0.1573809523809523,13.721094366255656,21739.2145,0.5451029520868843,37240.12999999995,1.6880127588040783,67.48892634977281,-76.21941717313386,25.17909235690564,30.41894353369764,22.98911021015728,-69.58105646630236,True,False,False,465,128,0,0,0,0,0,0,0,-0.06364428945074108,0
1750809600000,1.147,1.188,1.062,1.074,16487.03,2025-06-25,-0.063644289450741,-0.0657598420605607,0.063644289450741,0.0717858052663414,1.371465883926406,0.0662016466994676,1.2647806843038891,0.0524671024523791,1.0023825848986925,,,1.1054,1.1193027121067085,1.1481,1.168718134922217,1.2914,1.2842781522610347,1.63406,1.4654143458897084,,1.5484470082998434,-0.0959595959595959,-9.595959595959586,-0.1254071661237784,-12.540716612377844,-0.274814314652262,-27.4814314652262,30.57142857142857,26.705202312138724,25.61851556264962,1.192275449394246,1.3402137382851755,-0.1479382888909295,-0.1452508455443334,-0.002687443346596,-0.2502274996830629,1.2914,0.1685452929911532,1.6284905859823064,0.9543094140176934,0.5220544927711113,0.1775347502415701,0.1452857142857143,13.527533918595372,0.1577857142857142,14.691407289172648,0.1548095238095238,14.414294581892348,20550.325,0.8022758764155797,20753.099999999948,1.6797851683267429,67.00903492032647,-94.07965300614076,25.518739204789043,18.28793774319068,25.53670236111331,-81.71206225680933,False,True,False,465,128,0,0,0,0,0,0,0,0.06424581005586583,1
1750896000000,1.074,1.2,1.066,1.143,21816.58,2025-06-26,0.0642458100558658,0.0622663887260005,0.0642458100558658,0.0730462880058613,1.3955473728519086,0.0698147030791467,1.3338080295157686,0.0538030835506496,1.027906467942847,0.0443218061728158,0.8467669179789314,1.1126,1.127201808079398,1.1369,1.1640419424202484,1.2712,1.270740907537078,1.62156,1.4508814688310996,,1.5358908053768592,0.0325203252032519,3.2520325203252063,-0.0892430278884461,-8.924302788844612,-0.2611506140917905,-26.11506140917905,44.33249370277079,36.01440576230492,28.637059724349143,1.1846930984406627,1.325311107299875,-0.1406180088592121,-0.1443242676276596,0.0037062587684474,0.3242571101003928,1.2712,0.1603077960477412,1.5918155920954824,0.9505844079045174,0.5044298176455043,0.3000721063468731,0.1382857142857143,12.098487689038867,0.1577857142857142,13.804524434445693,0.1463333333333333,12.802566345873432,20787.258,1.04951696851985,42569.67999999995,1.6697721733947892,65.91200534455463,-74.77760849265246,33.00917384691425,36.22222222222224,28.309701166370186,-63.77777777777776,True,False,False,465,128,0,0,0,0,0,0,0,0.02712160979877498,1
1750982400000,1.143,1.202,1.103,1.174,14258.78,2025-06-27,0.0271216097987749,0.0267603365932309,0.0271216097987749,0.0638146559262683,1.2191772896140356,0.0594651046789124,1.136079229712001,0.0544290506864925,1.0398655532812713,0.0434800237920111,0.830684688174856,1.1382,1.1428012053971386,1.143,1.1658525515565732,1.25475,1.2614766019495258,1.6075,1.4384736962982967,,1.5248072532292556,0.1223709369024854,12.237093690248557,0.054806828391734,5.4806828391734,-0.2188955422488356,-21.889554224883565,59.654178674351584,38.94117647058822,30.96330275229356,1.1830477286390082,1.3138941812361653,-0.1308464525971571,-0.1416286799990233,0.0107822274018662,0.918418006973272,1.25475,0.1519310352550926,1.5586120705101854,0.9508879294898148,0.4843388252802315,0.3671272135669636,0.1379999999999999,11.754684838160136,0.1534285714285714,13.068873205159406,0.1412380952380952,12.030502149752571,20661.5085,0.6901132122081018,56828.45999999995,1.66370257285407,64.32567676956651,-58.47737005884704,38.61888819894724,44.090909090909086,32.867023018774,-55.90909090909092,True,False,False,465,128,0,0,0,0,0,0,0,0.0,0
1751068800000,1.174,1.221,1.16,1.174,9706.01,2025-06-28,0.0,0.0,0.0,0.0470089278934814,0.8981043063689802,0.0555410772468147,1.0611107908856057,0.0544290506864925,1.0398655532812713,0.043294362973393,0.827137643215594,1.1424,1.1532008036029249,1.1416,1.1673339414403383,1.2383,1.253103888271067,1.5926600000000002,1.4266879118095752,,1.5141782119627258,0.0182133564614048,1.8213356461404948,-0.0117845117845117,-1.1784511784511795,-0.2188955422488356,-21.889554224883565,72.37762237762237,39.59330143540669,30.857580398162312,1.1816555715472512,1.3033532387965838,-0.1216976672493326,-0.1376424483196645,0.0159447810703318,1.358158523878356,1.2383,0.1410595618878776,1.5204191237757552,0.9561808762242447,0.4556555338379314,0.3860410468821861,0.1265714285714285,10.781211973716234,0.1482857142857142,12.63081041615965,0.1375714285714285,11.718179605743488,20539.1925,0.4725604475443716,56828.45999999995,1.659856470618723,62.92801737763346,-40.10219313354001,43.96739043044079,45.32710280373831,41.88007803895655,-54.67289719626168,True,False,False,465,128,0,0,0,0,0,0,0,0.020442930153321992,1
1751155200000,1.174,1.35,1.161,1.198,17877.94,2025-06-29,0.0204429301533219,0.0202367782873529,0.0204429301533219,0.0470840230939177,0.8995389981588526,0.0556149372109884,1.0625218835198154,0.0547883457562385,1.0467298759505133,0.0434298713633529,0.8297265273707018,1.1526,1.1681338690732428,1.1404,1.1729096981480789,1.22275,1.2478321959515315,1.5779999999999998,1.4165510616473396,,1.504697902501417,0.0444638186573669,4.446381865736699,-0.0099173553719008,-0.9917355371900836,-0.2060967528164347,-20.60967528164347,61.08374384236453,47.97297297297297,37.55496921723833,1.1841704029310132,1.295425046619627,-0.1112546436886141,-0.1323648565406183,0.0211102128520041,1.762121273122219,1.22275,0.125984073763731,1.474718147527462,0.970781852472538,0.4121335473767524,0.4508866492791464,0.1221428571428571,10.195564035296927,0.147,12.270450751252088,0.1425714285714285,11.900787025995708,19961.758,0.8956094949152275,74706.39999999995,1.6536801629450213,58.733086531417904,-2.9445225189051456,50.36990549232461,54.228855721393046,47.882289205346815,-45.77114427860696,True,False,False,465,128,0,0,0,0,0,0,0,-0.014190317195325486,0
1751241600000,1.198,1.217,1.16,1.181,11023.9,2025-06-30,-0.0141903171953254,-0.0142919624780322,0.0141903171953254,0.0299017146745001,0.571271456729159,0.055481087516764,1.0599646887022385,0.0547962123139498,1.0468801663245642,0.0433702720056705,0.8285878832409594,1.174,1.1724225793830476,1.1397,1.1743806857993924,1.2071,1.2414412260900662,1.56398,1.406163081800446,,1.4950899511350633,0.0996275605214151,9.962756052141524,-0.0058922558922558,-0.5892255892255804,-0.2095046854082998,-20.950468540829984,57.94392523364488,44.93150684931508,33.18014705882352,1.183682598750215,1.286824313115518,-0.103141714365303,-0.1265202007712385,0.0233784864059354,1.9795500767091856,1.2071,0.1087817225359788,1.4246634450719575,0.9895365549280424,0.3604729435373335,0.4400174969849195,0.1082857142857143,9.16898512156768,0.137,11.600338696020325,0.1399999999999999,11.85436071126164,19127.2325,0.5763457938831453,63682.49999999995,1.64951213445325,54.35900379490005,-30.00974427852845,52.11660006172598,54.32432432432432,51.293427616485225,-45.67567567567568,False,True,False,465,128,0,0,0,0,0,0,0,-0.09229466553767995,0
1751328000000,1.181,1.189,1.05,1.072,23154.83,2025-07-01,-0.0922946655376799,-0.096835474566615,0.0922946655376799,0.0479031360785677,0.91518812975751,0.0592098758019602,1.1312030888644606,0.0577897399973508,1.1040714324131902,0.0449384594295542,0.8585480619069145,1.1598000000000002,1.138948386250756,1.1362,1.1557657704931386,1.18685,1.2252443519004967,1.54774,1.3914978778750609,,1.4826547186954402,-0.0621172353455817,-6.211723534558176,-0.0316169828364949,-3.161698283649496,-0.2742044685172647,-27.42044685172647,49.6,47.05882352941177,31.30962705984389,1.166499173613088,1.2706946834800248,-0.1041955098669367,-0.1220552458849986,0.0178597360180619,1.6660201509386126,1.18685,0.0923496074707408,1.371549214941482,1.002150785058518,0.3112427264464454,0.1890890953803249,0.115,10.727611940298509,0.131,12.220149253731345,0.1403809523809523,13.095238095238091,19511.977000000003,1.186698303303658,40527.66999999995,1.6394820806093522,49.47373538550946,-92.28776101204092,56.003170458690505,24.86486486486488,44.47268163686075,-75.13513513513513,False,True,False,465,128,0,0,0,0,0,0,0,0.04104477611940305,1
1751414400000,1.072,1.19,1.022,1.116,21486.81,2025-07-02,0.041044776119403,0.040224801310509,0.041044776119403,0.0510326034290655,0.9749765195393788,0.0573392698694837,1.0954652127043574,0.0575786954973707,1.1000394329024366,0.0451224079588176,0.862062393623987,1.1482,1.1312989241664686,1.1432,1.1485355524938052,1.17385,1.2148053651860529,1.53116,1.3794634854830274,,1.471980559931366,-0.0494037478705279,-4.9403747870527965,0.0669216061185469,6.69216061185469,-0.1889534883720929,-18.895348837209287,44.00000000000002,44.59459459459461,33.834586466165405,1.158729501108138,1.259091465511076,-0.1003619644029378,-0.1177165766022753,0.0173546121993374,1.5550727777184072,1.17385,0.0820470179707626,1.3379440359415251,1.0097559640584748,0.2795826314120633,0.3237291207201012,0.121,10.842293906810037,0.1331428571428571,11.930363543266772,0.1455238095238095,13.039767878477551,19510.979,1.1012676503828949,62014.47999999995,1.6305937812078422,44.898799080524384,-85.0451023527438,56.54177489368327,36.75675675675678,38.64864864864866,-63.24324324324322,True,True,False,465,128,0,0,0,0,0,0,0,0.023297491039426355,1
1751500800000,1.116,1.201,1.101,1.142,18952.83,2025-07-03,0.0232974910394263,0.0230302472746991,0.0232974910394263,0.0530821400756215,1.0141328621920724,0.047499408726817,0.9074749295324844,0.0580219724283659,1.1085082267779938,0.0439778262029879,0.8401951898827896,1.1418,1.1348659494445308,1.1421,1.1473472597457757,1.16285,1.2078505665264043,1.51246,1.369136650819654,,1.46246268431657,-0.0272572402044293,-2.7257240204429327,-0.0095403295750218,-0.9540329575021788,-0.1615271659324524,-16.15271659324524,42.72727272727271,44.92537313432835,34.92193919474116,1.1561555722446517,1.250316948233818,-0.0941613759891666,-0.1130055251989265,0.0188441492097599,1.6501006313274915,1.16285,0.0692427271499165,1.301335454299833,1.0243645457001669,0.2381828340711752,0.4247213358781422,0.1161428571428572,10.17012759569678,0.1272142857142857,11.13960470352765,0.1439047619047619,12.601117504795264,19552.686,0.9693210436663282,80967.30999999995,1.6235609651409393,44.04042405324259,-38.33767827020398,53.97955534449989,43.78378378378375,35.13513513513514,-56.21621621621625,True,False,False,465,128,0,0,0,0,0,0,0,-0.031523642732048884,0
1751587200000,1.142,1.189,1.068,1.106,16952.19,2025-07-04,-0.0315236427320488,-0.0320312081336752,0.0315236427320488,0.0520948910789673,0.9952714965943994,0.048542587782464,0.927404837406864,0.0582762681371014,1.1133665394717869,0.0439174535792493,0.8390417725257879,1.1234,1.1252439662959612,1.138,1.1398295219272323,1.15075,1.1981239980548075,1.49458,1.3577420216135487,,1.4522730968877564,-0.0767946577629381,-7.679465776293812,-0.0357454228421969,-3.574542284219697,-0.1795252225519288,-17.952522255192875,36.718750000000014,44.00584795321637,34.329563812600966,1.1484389258415668,1.2395115544265949,-0.091072628585028,-0.1086189374731142,0.0175463088880861,1.586465541418278,1.15075,0.0548297604552384,1.2604095209104769,1.041090479089523,0.1905879138135597,0.2959593493184575,0.1192857142857143,10.78532678894343,0.1286428571428571,11.631361405321623,0.142047619047619,12.843365194178938,19404.3445,0.8736285835370527,64015.11999999995,1.6170945477151528,43.42313408700631,-67.22789849858444,53.82070404445937,34.05405405405407,38.1981981981982,-65.94594594594592,False,True,False,465,128,0,0,0,0,0,0,0,0.04068716094032543,1
1751673600000,1.106,1.2,1.081,1.151,19013.49,2025-07-05,0.0406871609403254,0.0398812266396024,0.0406871609403254,0.0577155367622212,1.1026537815965758,0.0450381152150282,0.860451983015082,0.0559817160886304,1.0695291841381551,0.0444662659758628,0.8495268186409451,1.1174,1.1338293108642077,1.1457000000000002,1.141860529927203,1.1469,1.1936249018003564,1.4773999999999998,1.3488258976944958,,1.4437361025688535,-0.025402201524132,-2.540220152413211,0.0716945996275604,7.169459962756047,-0.0627035830618891,-6.270358306188922,41.51624548736461,53.39506172839507,37.12480252764612,1.1488329547284075,1.2328897469825664,-0.0840567922541588,-0.103706500901036,0.0196497086468771,1.7071858077217346,1.1469,0.0517360710977501,1.2503721421955003,1.0434278578044998,0.1804379495954316,0.5198120958598376,0.1275714285714286,11.083529849820035,0.1270714285714285,11.040089363286585,0.1413809523809523,12.283314715981962,19584.485,0.970844523100812,83028.60999999996,1.610364219629027,41.118286674655614,-27.839308666283667,61.5995855034317,46.21621621621622,41.35135135135135,-53.78378378378379,True,False,False,465,128,0,0,0,0,0,0,0,-0.014769765421372871,0
1751760000000,1.151,1.194,1.083,1.134,20957.82,2025-07-06,-0.0147697654213728,-0.0148799244341854,0.0147697654213728,0.0331843103540481,0.6339853591297931,0.0407811774685288,0.7791233015625129,0.0557653213895384,1.06539496921689,0.0443510010902069,0.847324686092523,1.1298,1.133886207242806,1.1447999999999998,1.1404313357664178,1.14085,1.187933639796135,1.4612,1.3395972364238742,,1.435033568216743,0.0578358208955223,5.783582089552223,-0.0078740157480315,-0.78740157480316,-0.0964143426294821,-9.641434262948207,41.516245487364586,57.28476821192052,39.76311336717427,1.1465508760407923,1.225496978779141,-0.0789461027383484,-0.0987544151972591,0.0198083124589106,1.746764767099704,1.14085,0.0450756965675795,1.231001393135159,1.0506986068648407,0.1580425001273773,0.4620083519412163,0.1164285714285714,10.267069790879315,0.1192857142857143,10.519022423784332,0.1368095238095238,12.06433190560175,19686.776,1.0645633393705505,62070.78999999996,1.6030560153927702,37.21282058431557,-32.26972082135397,63.61432655200929,34.14634146341459,38.13887057789496,-65.85365853658541,False,False,True,465,128,0,0,0,0,0,0,0,0.014109347442680775,1
1751846400000,1.134,1.16,1.127,1.15,14959.22,2025-07-07,0.0141093474426807,0.0140107370695983,0.0141093474426807,0.029184423671125,0.5575676313513354,0.0400194675402311,0.7645708538156027,0.0495127748809463,0.9459402358976567,0.0443419762579278,0.8471522669139246,1.1366,1.139257471495269,1.1424,1.1421710997733203,1.1427,1.184313603500294,1.44474,1.3314827414113808,,1.4270909722186644,0.0304659498207884,3.046594982078836,-0.0204429301533219,-2.0442930153322,0.0332434860736747,3.324348607367468,71.19565217391303,49.70760233918128,41.04729729729728,1.1470815273486925,1.2198568553192497,-0.0727753279705571,-0.0935585926558707,0.0207832646853135,1.8072404074185733,1.1427,0.044629586599025,1.2319591731980502,1.05344082680195,0.156225034038768,0.5408921556096116,0.1129999999999999,9.826086956521738,0.1106428571428571,9.621118012422365,0.129,11.217391304347828,18388.53,0.8135082032114583,77030.00999999995,1.598070564652126,32.60997762563847,-14.352554375316256,63.46331863151757,39.0243902439024,39.7956493078444,-60.9756097560976,False,False,True,465,128,0,0,0,0,0,0,0,0.3313043478260871,1
1751932800000,1.15,1.602,1.132,1.531,89930.06,2025-07-08,0.3313043478260871,0.2861591743003881,0.3313043478260871,0.1497791334849332,2.861526327335915,0.1125831829140897,2.1508986894783297,0.087911000892159,1.679537313791906,0.0654064689026438,1.2495888338265784,1.2144,1.2698383143312315,1.1781,1.212867491977195,1.15985,1.2173917786243704,1.4370999999999998,1.3399913139935482,,1.4299632858298008,0.340630472854641,34.0630472854641,0.3040885860306643,30.40885860306644,0.2887205387205387,28.872053872053872,89.82725527831094,71.62162162162163,55.89941972920696,1.2061474950064293,1.2430866116473804,-0.0369391166409511,-0.0822346885677246,0.0452955719267734,2.958561197045946,1.15985,0.0975182978781547,1.3548865957563097,0.9648134042436906,0.3363134814955547,1.451488100376139,0.1602857142857143,10.46934776523281,0.1376428571428571,8.99038910142764,0.1407619047619047,9.194115268576407,22033.2175,4.0815672971957,166960.06999999995,1.5872223467005118,31.1489615271128,342.39765106269414,74.22972575199763,87.75862068965515,53.64311746565738,-12.241379310344856,True,False,False,465,128,0,0,0,0,0,0,0,0.02743305029392551,1
1752019200000,1.531,1.65,1.34,1.573,45155.71,2025-07-09,0.0274330502939255,0.027063507400594,0.0274330502939255,0.1421137219057558,2.7150788447439003,0.1125264453840524,2.1498147204889766,0.0879470415757478,1.6802258700850634,0.0655273878333069,1.2518989867531922,1.3078,1.3708922095546971,1.2155999999999998,1.2783463029762543,1.178,1.2513152938756464,1.43076,1.349894187247651,,1.4338864298393237,0.4222423146473777,42.22423146473778,0.3130217028380635,31.302170283806348,0.3,30.0,90.13035381750468,79.11318553092183,61.71079429735235,1.2625876252790933,1.2677033343781965,-0.0051157090991029,-0.0668108829923206,0.0616951738932176,3.922134386091394,1.178,0.1342182041147525,1.4464364082295051,0.9095635917704948,0.4557494197444909,1.2357422240247804,0.1805714285714285,11.479429661247844,0.1507857142857143,9.58586867677777,0.1489523809523809,9.46931856022765,22740.3035,1.9857127236670349,212115.77999999997,1.5852387423751106,30.52603962759516,327.2062929810288,81.37624173336849,87.73885350318473,71.50728814558076,-12.261146496815282,True,False,False,465,128,0,0,0,0,0,0,0,0.001907183725365691,1
1752105600000,1.573,1.621,1.409,1.576,36988.99,2025-07-10,0.0019071837253656,0.0019053673595467,0.0019071837253656,0.1457894719240397,2.78530395023954,0.1118975300688049,2.137799310262114,0.0876449595255102,1.6744546006187622,0.0654622202964295,1.2506539627092976,1.3928,1.4392614730367097,1.2551,1.3324652740889886,1.1974,1.2822839544455231,1.42532,1.3594722307986429,,1.4377547561657218,0.3692441355343181,36.9244135534318,0.3344623200677392,33.44623200677392,0.3265993265993268,32.65993265993267,96.6269841269841,77.37041719342605,61.07660455486543,1.3108058414195216,1.2906946569303337,0.0201111844891881,-0.0494264607661159,0.069537645255304,4.412287135488835,1.1974,0.1610904943453243,1.5195809886906488,0.8752190113093512,0.5381342720739082,1.0875579461386586,0.1965714285714285,12.472806381435822,0.1563571428571428,9.921138506163889,0.1503333333333333,9.538917089678511,23846.139000000003,1.551152159265699,249104.76999999996,1.5840435700782352,30.409074024942797,242.80246297220805,82.64582092458684,88.21656050955417,87.90467823413137,-11.783439490445836,False,False,True,465,128,0,0,0,0,0,0,0,0.26459390862944154,1
1752192000000,1.576,2.62,1.5,1.993,90121.6,2025-07-11,0.2645939086294415,0.2347510497949702,0.2645939086294415,0.1573011912588135,3.0052350393232583,0.1234190968553491,2.357918534647745,0.101089397284237,1.931310223346049,0.0753730330732653,1.439999774948662,1.5646,1.6238409820249138,1.3472,1.4525627096107234,1.2417000000000002,1.350062894693717,1.42698,1.3862248886205224,,1.4527572238898976,0.7574955908289245,75.74955908289243,0.8591417910447761,85.91417910447761,0.8003613369467029,80.0361336946703,98.0593607305936,84.79184367034836,75.52204176334108,1.4157604975614109,1.343043063325272,0.0727174342361387,-0.0249976719517774,0.0977151061879161,4.9029155136937375,1.2417000000000002,0.2382623719657319,1.7182247439314642,0.7651752560685363,0.7675360295263974,1.2883116349862154,0.3392857142857143,17.023869256684108,0.2292857142857143,11.504551645043366,0.1988571428571428,9.977779370654432,27373.0075,3.2923528771911528,339226.36999999994,1.6090530838735242,32.337603713937675,341.82521997486003,87.20178994759146,60.76345431789737,78.90628944354542,-39.23654568210262,True,False,False,465,128,0,0,0,0,0,0,0,-0.055193176116407505,0
1752278400000,1.993,2.311,1.661,1.883,70228.83,2025-07-12,-0.0551931761164075,-0.0567747915556423,0.0551931761164075,0.1721806257799393,3.289506236701734,0.1295129045948307,2.4743405680413617,0.1010935456111749,1.9313894770209152,0.0758175657911656,1.4484925605993533,1.7112000000000005,1.71022732135008,1.4239000000000002,1.5308241485028904,1.28355,1.4008810133109932,1.4260400000000002,1.407139741367103,,1.464298880663493,0.6373913043478263,63.73913043478262,0.6872759856630823,68.72759856630822,0.8001912045889101,80.019120458891,88.64809081527346,77.54467754467755,69.75554292211484,1.487644488169771,1.3832716895435602,0.1043727986262108,0.0008764304794361,0.1034963681467747,5.496355185702323,1.28355,0.2730479955882058,1.829645991176412,0.7374540088235884,0.8509150265691428,1.0488503941483365,0.4151428571428571,22.046885668765647,0.2713571428571429,14.410894469311891,0.2230952380952381,11.84786182130845,29359.632,2.392020104339182,268997.5399999999,1.6231665024045367,34.57503903636197,217.3691347979388,71.32487381117133,53.87984981226532,67.61995487990562,-46.12015018773467,False,False,True,465,128,0,0,0,0,0,0,0,-0.06213489113117365,0
1752364800000,1.883,1.943,1.68,1.766,47024.58,2025-07-13,-0.0621348911311736,-0.064149147493247,0.0621348911311736,0.1336368552215076,2.553128534137163,0.1349213188028895,2.5776681764031406,0.101936890495991,1.9475015584222164,0.076280051274063,1.4573283333437237,1.7582,1.7288182142334063,1.4863000000000002,1.5735834449075363,1.3142,1.4356928032271592,1.42366,1.4222047355454448,,1.4723358386091825,0.1534944480731548,15.349444807315487,0.5464098073555168,54.64098073555168,0.5316565481352993,53.16565481352992,78.78504672897196,70.57971014492755,64.99460625674219,1.5304689122340724,1.4117740122327818,0.1186949000012906,0.0244401304422719,0.0942547695590187,5.337189669253608,1.3142,0.2914099301129271,1.8970198602258543,0.7313801397741457,0.8869576323631932,0.8875983222542541,0.4368571428571428,24.737097557029607,0.2766428571428571,15.664940948066656,0.2251428571428571,12.74874615757968,30897.3655,1.521960828666768,221972.9599999999,1.6278147050314355,39.15186077501227,135.33806253473884,63.24819095631753,46.558197747183975,53.73383395911555,-53.44180225281602,False,False,True,465,128,0,0,0,0,0,0,0,-0.08833522083805201,0
1752451200000,1.766,1.81,1.503,1.61,39899.11,2025-07-14,-0.088335220838052,-0.0924829231853965,0.088335220838052,0.1448995072232094,2.768301198503887,0.1399158991445659,2.673089499848969,0.1049214704512704,2.004521878405106,0.0773261408018712,1.4773138457106691,1.7655999999999998,1.689212142822243,1.5367000000000002,1.580204643163113,1.33735,1.45231013918201,1.41816,1.4300666682161425,,1.4759781458364931,0.0235219326128417,2.35219326128418,0.4556962025316455,45.56962025316456,0.4036617262423714,40.36617262423714,54.67455621301776,64.12113232389731,60.61368209255534,1.5427045848770928,1.426530320591446,0.1161742642856467,0.042786960984671,0.0733873033009756,4.558217596333889,1.33735,0.2957860668936607,1.9289221337873212,0.7457778662126786,0.8846930628292091,0.7304452698392497,0.476,29.565217391304348,0.2945,18.29192546583851,0.2324285714285714,14.436557231588289,32299.8155,1.2352736194421916,182073.84999999992,1.6281083133569692,42.64836427151577,79.42837711918668,59.46847529235996,36.79599499374218,45.74468085106383,-63.20400500625782,False,True,False,465,128,0,0,0,0,0,0,0,0.04409937888198745,1
1752537600000,1.61,1.82,1.5,1.681,24186.57,2025-07-15,0.0440993788819874,0.0431546754301068,0.0440993788819874,0.1453803616134702,2.7774879087306803,0.1399057710386873,2.672896002657849,0.1030580670792434,1.9689216069691784,0.0774015204164596,1.4787539712252875,1.7866,1.686474761881494,1.5897,1.59853108621896,1.3677,1.4741098889298927,1.41268,1.4405440855606124,,1.4813667313460424,0.0666243654822333,6.662436548223349,0.4604691572545611,46.04691572545613,0.5651769087523277,56.51769087523277,56.17848970251716,70.56043214044564,64.50960566228514,1.5639809801508495,1.4454665489505238,0.1185144312003259,0.0579324575200004,0.0605819736803254,3.603924668668976,1.3677,0.2984713862685211,1.964642772537042,0.7707572274629577,0.872914780342242,0.762420465087848,0.4545714285714286,27.041726863261665,0.3074285714285714,18.28843375541769,0.2432857142857142,14.472677827823574,32684.7925,0.7399946014648862,206260.41999999995,1.6286263055388792,46.86799735710749,75.83242091683,63.00582643747716,41.23904881101377,41.531080517313306,-58.76095118898623,True,True,False,465,128,0,0,0,0,0,0,0,0.13265913146936348,1
1752624000000,1.681,1.972,1.65,1.904,28223.68,2025-07-16,0.1326591314693634,0.124568081942695,0.1326591314693634,0.0923123038535713,1.763624088802724,0.1405216711991145,2.6846627587010063,0.1054634625584849,2.014876623074254,0.079644564834069,1.5216072746530245,1.7688,1.7589831745876854,1.6667,1.654070924777664,1.4057499999999998,1.5150854136316436,1.41122,1.4598461353600094,,1.4924032657517683,-0.0446562970396388,-4.465629703963884,0.6790123456790125,67.90123456790124,0.6657917760279963,66.57917760279965,64.9908592321755,73.73493975903614,70.04672897196262,1.616291967988043,1.47957646520494,0.136715502783103,0.0736890686468269,0.0630264341362761,3.310211876905257,1.4057499999999998,0.3162934804726044,2.038336960945209,0.7731630390547909,0.8999992330716118,0.8938193724824147,0.4562857142857144,23.96458583433374,0.3184285714285714,16.72418967587035,0.2526190476190476,13.26780712284914,33005.1475,0.8551296430352265,234484.09999999992,1.6318917987681836,51.18333407342571,105.17122574235208,64.1381463662918,53.86597938144328,43.96700772873308,-46.13402061855672,True,False,False,465,128,0,0,0,0,0,0,0,-0.0934873949579832,0
1752710400000,1.904,1.913,1.69,1.726,38689.64,2025-07-17,-0.0934873949579832,-0.0981503437079373,0.0934873949579832,0.0987975307184378,1.887524174086824,0.148412529817674,2.8354174009326965,0.1090546821185743,2.0834867764336558,0.0806381608426732,1.5405898997437395,1.7374000000000005,1.7479887830584544,1.7243000000000002,1.6671489454003656,1.43335,1.5351874350670165,1.40752,1.4709040360779515,,1.4984650888855189,-0.0833775889537971,-8.337758895379714,0.5008695652173913,50.08695652173915,0.4701873935264056,47.01873935264055,34.3859649122807,66.11479028697572,62.95793758480326,1.6331702276099782,1.4979019298711451,0.1352682977388331,0.0860049157622382,0.0492633819765948,2.8541936255269302,1.43335,0.3190781582193174,2.071506316438635,0.7951936835613652,0.89044032014321,0.7292933505956616,0.4578571428571429,26.5270650554544,0.3272142857142857,18.957953981128952,0.2568571428571428,14.881642112233074,34226.6905,1.130393836938456,195794.4599999999,1.6348598005584267,54.37324876013013,79.75615555217746,58.77135076793824,42.39690721649484,45.833978469650624,-57.60309278350516,False,False,True,465,128,0,0,0,0,0,0,0,-0.024913093858632607,0
1752796800000,1.726,1.801,1.681,1.683,24324.18,2025-07-18,-0.0249130938586326,-0.0252286774525671,0.0249130938586326,0.095560374092135,1.8256783835795156,0.1116691749067824,2.133436591017406,0.1094904581294332,2.091812265431225,0.0805488661379115,1.538883926804639,1.7208,1.7263258553723,1.7395,1.6700309565799425,1.4588,1.5492742806128612,1.40434,1.479695496102011,,1.5032244995504094,-0.0469988674971687,-4.699886749716872,0.0992815153494448,9.92815153494449,0.4335604770017036,43.35604770017037,37.30964467005075,65.86036283672347,61.92170818505339,1.6408363851987904,1.5116628685534788,0.1291735166453116,0.0946386366662424,0.0345348799790691,2.0519833617985235,1.4588,0.317599151530088,2.093998303060176,0.8236016969398241,0.8708504292023251,0.6764803203345147,0.315,18.71657754010695,0.3271428571428571,19.43807826160767,0.2578571428571428,15.32128002716238,34957.599,0.6958195269646522,171470.2799999999,1.6359669216245218,57.48679462193383,60.31450925710745,57.41284347262847,39.11630929174789,45.12639862989533,-60.88369070825211,False,True,False,465,128,0,0,0,0,0,0,0,0.026737967914438387,1
1752883200000,1.683,1.8,1.681,1.728,18641.19,2025-07-19,0.0267379679144383,0.0263867551731948,0.0267379679144383,0.0839202137237339,1.6032934319938352,0.1116605589447505,2.133271983293915,0.1094910519680562,2.091823610702187,0.0802866240887174,1.5338737994895486,1.7444,1.7268839035815335,1.755,1.6805707864036348,1.4853,1.5663061243608374,1.4039,1.489964865183392,,1.50898725521987,0.0732919254658384,7.329192546583843,0.0985378258105531,9.853782581055311,0.4424040066777963,44.24040066777964,47.34636871508379,65.86036283672347,64.72972972972973,1.654246229459899,1.5277419044970404,0.1265043249628585,0.1010117747551143,0.0254925502077442,1.4752633222074203,1.4853,0.3168032927792729,2.118906585558546,0.8516934144414542,0.853169845227962,0.6915226305500372,0.2391428571428571,13.839285714285715,0.3271428571428571,18.931878306878307,0.2606190476190476,15.08212081128748,34995.7615,0.5326699349005449,190111.4699999999,1.6369384167700547,61.662621580103085,57.92923892324139,57.86484644530033,41.96486662329213,41.15936104384495,-58.03513337670787,False,False,False,465,128,0,0,0,0,0,0,0,0.06018518518518534,1
1752969600000,1.728,1.9,1.715,1.832,29961.67,2025-07-20,0.0601851851851853,0.0584435958700747,0.0601851851851853,0.0855111465095027,1.633688160188448,0.1124429556444875,2.1482196512542404,0.1094047298584079,2.090174429112985,0.0806979641875246,1.541732441042874,1.7746,1.761922602387691,1.7806000000000002,1.7081033787029871,1.51785,1.5916242186585974,1.4053599999999995,1.504080502819536,,1.51722055221465,0.08982748364069,8.982748364069007,0.1624365482233503,16.243654822335024,0.5512277730736663,55.12277730736663,66.71686746987953,68.3105981112277,65.27716186252772,1.6815930623827189,1.5503499263285778,0.1312431360541408,0.1070580473409339,0.0241850887132068,1.3201467638213344,1.51785,0.3173354982050588,2.152520996410117,0.8831790035898822,0.8362763071583064,0.747490433450499,0.228,12.445414847161572,0.3324285714285714,18.14566437928883,0.2604285714285714,14.21553337492202,35942.65,0.8335965767688247,220073.1399999999,1.6396764154338286,67.13802231803837,70.25946687480786,61.42623521794118,47.22036168787676,42.76717920097226,-52.77963831212325,True,False,False,465,128,0,0,0,0,0,0,0,-0.015829694323144183,0
1753056000000,1.832,1.899,1.775,1.803,29692.65,2025-07-21,-0.0158296943231441,-0.0159563220307583,0.0158296943231441,0.0580962970199652,1.1099281961067071,0.0727406572616695,1.3897083056828097,0.1062984822088776,2.0308296510952224,0.0804790056495426,1.5375492440483904,1.7544,1.7756150682584613,1.7616,1.7253573139544267,1.5544,1.6117652613355469,1.4077200000000003,1.5163914921488206,,1.5244636147999726,-0.0530462184873949,-5.304621848739495,-0.0953336678374311,-9.533366783743109,0.6819029850746268,68.19029850746267,59.80707395498391,67.01406982803545,63.95916555703506,1.7002711099965404,1.5691188511740863,0.131152258822454,0.1118768898451032,0.0192753689773508,1.0690720453328268,1.5544,0.3051440384646678,2.164688076929336,0.9441119230706644,0.7852394196208643,0.7036743051337581,0.2018571428571428,11.195626337057286,0.3389285714285714,18.79803502099675,0.2636190476190476,14.621134088688168,36269.541000000005,0.8186662742712955,190380.4899999999,1.6424578531160394,72.61342305597366,66.667896928651,62.76532075007308,45.094086021505376,44.759771444224754,-54.905913978494624,False,False,True,465,128,0,0,0,0,0,0,0,-0.030504714364947283,0
1753142400000,1.803,1.829,1.656,1.748,25520.15,2025-07-22,-0.0305047143649472,-0.0309796669878364,0.0305047143649472,0.0390186151291198,0.7454495953496451,0.0713523637576933,1.3631849955309516,0.1071465644962687,2.0470322404456334,0.080624622216987,1.540331244663185,1.7588,1.7664100455056408,1.7480999999999998,1.729474166764394,1.586,1.6247458386570068,1.4086599999999998,1.5259115330473243,,1.5300979001697,0.0127462340672073,1.2746234067207427,-0.0716941051513542,-7.169410515135423,0.5663082437275984,56.63082437275985,32.8193832599119,56.81104833647207,62.43500866551127,1.7076140351821871,1.582404768573272,0.125209266608915,0.1145433652898822,0.0106659013190328,0.6101774209973009,1.586,0.2896876721029416,2.1653753442058834,1.0066246557941163,0.7306120355685795,0.6398057421843211,0.1808571428571428,10.346518470088265,0.3177142857142857,18.17587446878065,0.2652380952380953,15.173804075405908,36471.208,0.6997341574208346,164860.3399999999,1.643750668625951,73.8609813224631,41.79573394050109,55.09204517668377,31.874999999999996,41.396482569794046,-68.125,False,True,False,465,128,0,0,0,0,0,0,0,-0.10983981693363842,0
1753228800000,1.748,1.77,1.514,1.556,25911.52,2025-07-23,-0.1098398169336384,-0.1163538514771438,0.1098398169336384,0.0644669206642883,1.2316387899366084,0.076959816021103,1.4703152206009231,0.1114710066034482,2.1296505908981627,0.0821597454835134,1.5696597334897875,1.7334,1.696273363670426,1.7271,1.6979334041456084,1.6067,1.6181959496227656,1.40634,1.5271459590064316,,1.5307472598294871,-0.075460487225193,-7.546048722519311,-0.1189127972819932,-11.89127972819932,0.3625218914185641,36.252189141856405,31.83760683760684,49.51233505450374,57.22940226171245,1.6842887478468582,1.5804440139360936,0.1038447339107646,0.1124036389549873,-0.0085589050442226,-0.5500581647958025,1.6067,0.2704435148729629,2.147587029745926,1.0658129702540742,0.6732893878706987,0.4531325422761426,0.1714285714285714,11.017260374586852,0.3138571428571429,20.170767535806096,0.2694285714285714,17.315460888725674,36819.1425,0.7037513163159625,138948.81999999992,1.6433637339269165,73.02669690528964,1.0702500222968234,49.46634312978465,12.138728323699423,29.702604781734934,-87.86127167630057,False,True,False,465,128,0,0,0,0,0,0,0,0.08290488431876608,1
1753315200000,1.556,1.715,1.515,1.685,17420.97,2025-07-24,0.082904884318766,0.0796471380481252,0.082904884318766,0.0769856147866057,1.470808105323788,0.0766242511077342,1.463904261932694,0.1115774257889402,2.131683726582243,0.0829600831567034,1.5849501632666585,1.7248,1.692515575780284,1.7346,1.695581875812595,1.63565,1.6245605842755555,1.4065599999999998,1.533610459208194,,1.5345940761795644,-0.0248842592592591,-2.4884259259259216,0.0465838509316769,4.658385093167698,0.5235081374321879,52.3508137432188,50.18050541516246,52.91599785981808,59.73724884080371,1.6843981714580865,1.588206665491812,0.0961915059662745,0.1091612122856338,-0.0129697063193593,-0.7697155085673184,1.63565,0.2436911926361343,2.123032385272269,1.1482676147277315,0.5959494821902833,0.5506275990795517,0.1681428571428571,9.978804578211106,0.313,18.575667655786354,0.2741904761904762,16.272431821393248,36842.5815,0.47284878775392,156369.78999999992,1.6433210759758137,72.2342027641021,0.9435699162295286,47.93036766295654,16.517857142857146,20.177195155518856,-83.48214285714285,False,False,True,465,128,0,0,0,0,0,0,0,-0.035608308605341255,0
1753401600000,1.685,1.77,1.5,1.625,21074.7,2025-07-25,-0.0356083086053412,-0.0362577480226242,0.0356083086053412,0.0689496286440263,1.3172808056388106,0.0765051392182265,1.461628632478881,0.1123711767447233,2.1468483172997463,0.0813869801554341,1.5548960726266163,1.6834,1.6700103838535223,1.729,1.682748806114306,1.65935,1.6246024473422125,1.4094399999999998,1.5373465907443642,,1.5368371338782276,-0.1129912663755459,-11.29912663755459,-0.033313503866746,-3.3313503866746017,0.4118158123370981,41.18158123370981,40.94903339191564,37.83068783068783,60.89011421819614,1.675259976885248,1.590937884712766,0.0843220921724821,0.1041933881752296,-0.0198712960027475,-1.2228489847844657,1.65935,0.2154941139750578,2.090338227950116,1.228361772049884,0.5194663307320527,0.4601497236207856,0.1895714285714285,11.665934065934067,0.2522857142857143,15.525274725274723,0.2812857142857143,17.309890109890112,36945.642,0.5704245171866279,135295.0899999999,1.6432027325285208,67.64872094941471,-11.40754616900495,33.56107650786545,15.413070283600494,14.689885250052356,-84.58692971639951,True,True,False,465,128,0,0,0,0,0,0,0,0.05600000000000005,1
1753488000000,1.625,1.768,1.609,1.716,12402.62,2025-07-26,0.056,0.0544881852840697,0.056,0.0774564139783392,1.4798027112524523,0.0645576641771875,1.2333724423163113,0.1122411653886927,2.144364453830397,0.0815168654750869,1.5573775281743505,1.666,1.6853402559023487,1.7102,1.6887944782574569,1.68845,1.6333096013222317,1.4128200000000002,1.5446380451847896,,1.5412601815088955,-0.0482529118136438,-4.825291181364391,-0.0987394957983193,-9.873949579831931,0.5132275132275133,51.32275132275134,39.56834532374099,44.40723375753516,61.600928074245935,1.6815276810763606,1.6002199555546823,0.0813077255216783,0.0996162555798226,-0.0183085300581443,-1.0669306560690166,1.68845,0.1766049635709463,2.0416599271418927,1.3352400728581073,0.4183836384161719,0.5389994701209693,0.1952857142857143,11.380286380286382,0.2172142857142857,12.658175158175162,0.2831904761904762,16.502941502941503,36517.882,0.3396314167398865,147697.7099999999,1.6435262720973276,63.07731053996124,4.671483377506655,42.593694878685,45.762711864406775,25.89787976362147,-54.23728813559322,False,False,True,465,128,0,0,0,0,0,0,0,-0.036713286713286664,0
1753574400000,1.716,1.719,1.6,1.653,15658.94,2025-07-27,-0.0367132867132866,-0.0374041822268833,0.0367132867132866,0.0779672957867208,1.4895630944969458,0.0584548318710636,1.11677799481908,0.1131037874213534,2.1608448246241485,0.0815946045976274,1.558862732025099,1.6470000000000002,1.6745601706015656,1.7029,1.682286390836892,1.7136,1.6351853890648504,1.41582,1.549053610988421,,1.544005325150575,-0.0543478260869565,-5.4347826086956506,-0.0422943221320972,-4.229432213209731,0.4373913043478261,43.739130434782616,37.288135593220346,46.07366226546212,59.740754860846366,1.6771388021306155,1.604136703521977,0.0730020986086388,0.0942934241253962,-0.0212913255167574,-1.2880414710682049,1.7136,0.1238153973929717,1.9612307947859435,1.4659692052140565,0.289018201197413,0.377640420182022,0.1858571428571429,11.243626307147183,0.2069285714285714,12.51836487771152,0.2835714285714286,17.154956356408263,36552.868,0.428391556033305,132038.7699999999,1.6436290556126372,58.67885195232374,-33.743128435782374,46.709448827189206,32.415254237288146,31.197012128431805,-67.58474576271186,False,True,False,465,128,0,0,0,0,0,0,0,0.030852994555353952,1
1753660800000,1.653,1.797,1.62,1.704,24375.65,2025-07-28,0.0308529945553539,0.0303866095682369,0.0308529945553539,0.0540328101928464,1.0322953892794935,0.0587656184598341,1.1227155642605489,0.0870607978507126,1.6632942074921582,0.0816734208193794,1.5603685138273895,1.6766,1.6843734470677103,1.705,1.686234320006263,1.72225,1.641740779413625,1.41984,1.5553577516134731,,1.5479173176354808,0.0951156812339331,9.51156812339331,0.0124777183600712,1.2477718360071246,0.1129980404964077,11.299804049640764,46.2457337883959,53.52323838080959,61.33434420015163,1.6812712980415574,1.6115464479988757,0.0697248500426819,0.0893797092644026,-0.0196548592217207,-1.1534541796784477,1.72225,0.1161957853207953,1.9546415706415907,1.4898584293584094,0.2698697292978262,0.4607343761445064,0.1934285714285714,11.351441985244804,0.1976428571428571,11.59875922199866,0.2904285714285714,17.0439302481556,33275.1475,0.7325482178553829,156414.4199999999,1.64435499855091,55.439578101317416,-14.264880138547174,55.77800909164572,43.22033898305085,40.46610169491526,-56.77966101694916,True,False,False,465,128,0,0,0,0,0,0,0,0.07863849765258224,1
1753747200000,1.704,1.899,1.678,1.838,55751.75,2025-07-29,0.0786384976525822,0.0756995955263713,0.0786384976525822,0.05280059590535,1.008753968371586,0.0632347861598784,1.2080988932824288,0.0883823231149465,1.6885419122148282,0.0823246294990609,1.5728098381837343,1.7071999999999998,1.7355822980451403,1.716,1.7138280813239766,1.7355,1.6604363083995128,1.42642,1.566840436704677,,1.5549772415764949,0.0908011869436202,9.08011869436202,0.0636574074074074,6.365740740740747,0.1684678957406231,16.84678957406231,76.70454545454545,55.61918396564066,62.5962596259626,1.7053834254431064,1.6283469505500234,0.0770364748930829,0.0869110623722731,-0.0098745874791901,-0.5372463263977237,1.7355,0.1133552868314141,1.9622105736628284,1.5087894263371715,0.2612625452755152,0.7260591518603837,0.2002857142857143,10.896937665164,0.1905714285714285,10.36841287113322,0.2785714285714286,15.156225711176743,33804.9495,1.6492185559987302,212166.1699999999,1.648456562346321,52.16921217377772,45.799674938747565,59.932037665218445,71.61016949152544,49.0819209039548,-28.38983050847456,True,False,False,465,128,0,0,0,0,0,0,0,-0.019586507072905324,0
1753833600000,1.838,1.91,1.716,1.802,34240.0,2025-07-30,-0.0195865070729053,-0.0197808647473491,0.0195865070729053,0.0490378727766912,0.9368672439353296,0.060910208134194,1.163687892459596,0.0886328797598388,1.6933287901941991,0.0823764474144502,1.5737998180672068,1.7426,1.7577215320300938,1.713,1.7298593398919782,1.7468,1.673921289114104,1.4325800000000002,1.5763806232467956,,1.5609620442296617,0.1089230769230769,10.892307692307696,-0.0163755458515284,-1.63755458515284,0.1434010152284264,14.340101522842636,63.44827586206896,45.78512396694215,62.16314639475601,1.720247523960002,1.641228715567291,0.0790188083927108,0.085332611567222,-0.0063138031745112,-0.3503775346565619,1.7468,0.1077441413720514,1.9622882827441028,1.531311717255897,0.2467234746325886,0.6280812100246568,0.1914285714285714,10.623117171396862,0.1814285714285714,10.0681782146821,0.273047619047619,15.15247608477353,33667.5,1.0170045295908516,177926.1699999999,1.6509402316477209,47.38527165333162,41.63266363553919,60.5443104458942,73.12348668280873,62.651331719128336,-26.87651331719128,True,False,False,465,128,0,0,0,0,0,0,0,-0.07547169811320764,0
1753920000000,1.802,1.9,1.646,1.666,50004.26,2025-07-31,-0.0754716981132076,-0.0784716154414953,0.0754716981132076,0.0601334241614796,1.1488474554984722,0.0653910530094827,1.2492943136012746,0.0673244268319247,1.2862313686153908,0.083160307886663,1.588775451361418,1.7326,1.7271476880200625,1.6993000000000005,1.7182485504492198,1.73045,1.6731667427041743,1.43636,1.5800114774062093,,1.5634956631111383,-0.0291375291375292,-2.913752913752917,-0.0759844703272324,-7.598447032723239,-0.1640742599096839,-16.407425990968395,54.01174168297455,47.43150684931507,59.00209351011864,1.7119017462334731,1.6430660788331704,0.0688356674003027,0.0820332227185564,-0.0131975553182536,-0.7921701871700894,1.73045,0.0920911876462989,1.914632375292598,1.546267624707402,0.2128722301049992,0.3250375479803298,0.1991428571428571,11.9533527696793,0.1836428571428571,11.02298062081976,0.2750476190476191,16.509460927228037,31661.632999999994,1.5793329421764193,127921.90999999989,1.6528451211889903,41.87581108991422,-3.2559062934285863,58.9047723858352,40.48780487804877,61.74048701746097,-59.51219512195123,False,True,False,465,128,0,0,0,0,0,0,0,-0.03661464585834329,0
1754006400000,1.666,1.747,1.6,1.605,19831.31,2025-08-01,-0.0366146458583432,-0.0373017871626717,0.0366146458583432,0.060120210447197,1.1485950078415663,0.0656740875174809,1.2547016802840487,0.0667469262007762,1.2751982345490185,0.0827041604624227,1.5800607670576687,1.723,1.6864317920133751,1.685,1.697657904373978,1.7165500000000002,1.6666735981301055,1.44094,1.5810225536572775,,1.564492483298919,-0.029038112522686,-2.9038112522686053,-0.0818077803203661,-8.180778032036615,-0.1476367498672331,-14.763674986723316,38.46153846153846,46.71163575042159,51.45326001571092,1.6954553157162142,1.640242878892312,0.0552124368239022,0.0766690655197495,-0.0214566286958473,-1.3368616009873742,1.7165500000000002,0.0887743887912708,1.894098777582542,1.5390012224174583,0.2068670036789394,0.1858609743225601,0.1815714285714285,11.312861593235423,0.1855714285714285,11.562082777036046,0.2287142857142857,14.250111259457055,29141.757,0.6805118167720635,108090.59999999987,1.652826236821351,36.56112187592758,-79.23266455473444,59.7195280195041,25.60975609756097,46.40701588613948,-74.39024390243902,False,True,False,465,128,0,0,0,0,0,0,0,-0.05919003115264798,0
1754092800000,1.605,1.653,1.36,1.51,44804.43,2025-08-02,-0.0591900311526479,-0.0610141057551462,0.0591900311526479,0.0603921587839996,1.1537905735210423,0.0583693120041367,1.115144140055551,0.0666193491392816,1.2727608782114772,0.0831909137768004,1.5893601760714762,1.6842,1.6276211946755832,1.6804,1.663538284666108,1.70375,1.6517500700611956,1.4439,1.578152441652234,,1.563189217127336,-0.1138497652582158,-11.384976525821594,-0.0295629820051414,-2.956298200514141,-0.144960362400906,-14.496036240090602,36.06237816764132,41.18122977346279,48.787995382839554,1.6669237169104856,1.6305842014915652,0.0363395154189203,0.0686031554756741,-0.0322636400567537,-2.136664904420781,1.70375,0.0991218681060978,1.9019937362121957,1.5055062637878045,0.2327145839614915,0.0113338668299353,0.2007142857142856,13.292336802270574,0.198,13.112582781456956,0.2117142857142857,14.020813623462628,29030.7495,1.5433438947210096,63286.16999999989,1.6500378967552691,32.922335635677605,-193.62815026153112,52.05261164939396,27.272727272727263,31.123429416112334,-72.72727272727273,False,True,False,465,128,0,0,0,0,0,0,0,0.032450331125827736,1
1754179200000,1.51,1.71,1.494,1.559,26405.5,2025-08-03,0.0324503311258277,0.0319349392488064,0.0324503311258277,0.041706765870136,0.7968066431458861,0.0521097152398556,0.9955547117905064,0.0641635345852289,1.2258426070346475,0.0832482174769871,1.5904549617263442,1.6283999999999998,1.6047474631170555,1.6678000000000002,1.6445313234846457,1.7012,1.6429155340393404,1.44812,1.5773793913009797,,1.5630894365132668,-0.1517954298150163,-15.17954298150164,-0.0747774480712166,-7.477744807121669,-0.0316770186335404,-3.1677018633540466,35.81213307240705,38.44199830651989,49.67863894139886,1.650320062358146,1.625276041658776,0.02504402069937,0.0598913284997539,-0.0348473078003838,-2.235234624784082,1.7012,0.1022667307120299,1.90573346142406,1.49666653857594,0.2404578667106277,0.1523796179609546,0.2145714285714285,13.763401447814532,0.2002142857142857,12.84248144414918,0.2094761904761904,13.436574116497145,28356.069,0.931211586486124,89691.6699999999,1.6493397143263118,29.63473024073301,-110.79554130401588,51.17763966928653,36.181818181818166,29.6881005173688,-63.81818181818183,True,False,False,465,128,0,0,0,0,0,0,0,0.02309172546504179,1
1754265600000,1.559,1.718,1.43,1.595,21988.61,2025-08-04,0.0230917254650417,0.0228291461611685,0.0230917254650417,0.0485989572242254,0.9284817740795808,0.0517745730700865,0.9891518296274092,0.0635787332815105,1.214669993814671,0.082137872517699,1.5692418510646566,1.587,1.6014983087447037,1.6648,1.6355256281764967,1.6969,1.6383515908245434,1.4554600000000002,1.5780897971794878,,1.5638464557972516,-0.1148723640399556,-11.487236403995563,-0.0184615384615385,-1.846153846153848,-0.05116002379536,-5.116002379535996,20.581113801452773,41.245791245791246,41.21024734982331,1.6418092810195606,1.6230311687070325,0.0187781123125281,0.0516686852467092,-0.0328905729341811,-2.062104886155557,1.6969,0.1049340143538861,1.9067680287077724,1.4870319712922275,0.2473546216132622,0.2572283862686649,0.2304285714285714,14.446932377966862,0.2119285714285714,13.287057769816393,0.2085714285714286,13.076578593819976,28246.170999999995,0.7784633888961447,111680.2799999999,1.648708565758671,26.64742779683169,-106.28852204646364,44.51531496329292,42.72727272727272,35.39393939393938,-57.27272727272729,True,True,False,465,128,0,0,0,0,0,0,0,0.0006269592476488839,1
1754352000000,1.595,1.648,1.556,1.596,13500.81,2025-08-05,0.0006269592476488,0.0006267627908091,0.0006269592476488,0.039104155165706,0.747083835453974,0.0478548459278175,0.9142655477228336,0.0553197312804556,1.0568819821360205,0.0821207074775576,1.5689139134332155,1.573,1.599665539163136,1.6528000000000005,1.6283391502419202,1.6814999999999998,1.6343176589399495,1.4622799999999998,1.578811084363673,,1.564606260024582,-0.0420168067226889,-4.201680672268898,-0.0699300699300699,-6.993006993006986,-0.1617647058823528,-16.176470588235286,22.75132275132277,43.29805996472663,43.34106728538283,1.6347616975625536,1.6210270386866503,0.013734658875903,0.0440818799610334,-0.0303472210851303,-1.90145495520867,1.6814999999999998,0.0950786378132415,1.8716572756264829,1.491342724373517,0.2261757664305478,0.2751860934105322,0.2119999999999999,13.283208020050122,0.2061428571428571,12.916219119226636,0.1977142857142857,12.38811313999284,27510.027500000004,0.4907595966597997,125181.0899999999,1.6484339217517523,24.39442175659776,-80.65080475857228,49.4736380405074,42.90909090909092,40.6060606060606,-57.09090909090908,False,False,True,465,128,0,0,0,0,0,0,0,0.004385964912280604,1
1754438400000,1.596,1.63,1.52,1.603,12775.84,2025-08-06,0.0043859649122806,0.0043763745997987,0.0043859649122806,0.03573852512209,0.6827835637552547,0.0466930525317085,0.8920695160558101,0.0514920354677821,0.983753956314584,0.0802470493817335,1.5331177257742308,1.5726,1.6007770261087575,1.6478000000000002,1.623732031971897,1.67535,1.6313347256666957,1.47208,1.5797842021732988,,1.5655100629542822,-0.001246105919003,-0.1246105919003116,-0.0302480338777979,-3.024803387779797,-0.071263035921205,-7.12630359212051,37.34939759036145,52.47629083245522,46.01466992665036,1.6298752815193858,1.6196905779585435,0.0101847035608422,0.0373024446727638,-0.0271177411119216,-1.6916869065453286,1.67535,0.0960220780533556,1.8673941561067111,1.483305843893289,0.229258550281089,0.311631862518644,0.1999999999999999,12.476606363069244,0.1957142857142856,12.209250512432044,0.1876190476190476,11.704245016784007,26214.3375,0.4873607810992744,137956.9299999999,1.6480937131273372,22.496969640505423,-84.63967843812769,51.194769015798414,44.18181818181817,43.27272727272727,-55.81818181818182,False,True,False,465,128,0,0,0,0,0,0,0,0.008109794135995108,1
1754524800000,1.603,1.7,1.57,1.616,13636.25,2025-08-07,0.0081097941359951,0.0080770864714878,0.0081097941359951,0.013497037083339,0.2578605314130013,0.045447919168184,0.8682812765469465,0.0512617469936411,0.9793543011937138,0.0798218643237514,1.5249945766472657,1.5938,1.6058513507391716,1.639,1.622326207965967,1.672,1.6298741431029835,1.48064,1.5812396841475935,,1.566694188141244,0.0701986754966887,7.019867549668881,-0.0516431924882628,-5.164319248826283,-0.039809863339275,-3.980986333927508,52.73631840796023,45.85834333733494,50.15772870662461,1.6277406224420488,1.6194169886612544,0.0083236337807943,0.0315066824887403,-0.0231830487079459,-1.4345945982639825,1.672,0.096905814284313,1.865811628568626,1.478188371431374,0.2318320915892655,0.3555298244651739,0.1822857142857142,11.280056577086276,0.1907142857142856,11.801626591230546,0.1831904761904761,11.336044318717583,25679.941,0.5310078399323426,151593.1799999999,1.647984281640738,19.877001116298526,-42.29693679776267,50.69099666461103,46.54545454545456,44.54545454545456,-53.454545454545446,True,False,False,465,128,0,0,0,0,0,0,0,-0.022896039603960472,0
1754611200000,1.616,1.667,1.545,1.579,16143.09,2025-08-08,-0.0228960396039604,-0.0231622248253986,0.0228960396039604,0.0166386520163092,0.3178810004321404,0.0349830885165746,0.6683509676718145,0.0510610527529266,0.975520043108579,0.0799361295404945,1.5271776105479264,1.5978,1.5969009004927812,1.6131,1.6144487155579044,1.6645500000000002,1.6250285889054017,1.48802,1.581149760691971,,1.5669817428354198,0.0128287363694676,1.282873636946762,-0.1409140369967356,-14.091403699673563,-0.0862268518518518,-8.622685185185187,74.12587412587406,47.16049382716049,47.26980728051392,1.620242064007699,1.6164209763715984,0.0038210876361006,0.0259695635139096,-0.022148475877809,-1.4026900492595953,1.6645500000000002,0.0980941947957781,1.8607383895915568,1.4683616104084438,0.2357254388171654,0.2819697685013207,0.1787142857142856,11.318194155432913,0.1801428571428571,11.408667330136614,0.1832857142857142,11.607708314484752,25555.036,0.6316989731495585,135450.0899999999,1.6476465458666445,20.18210268105485,-63.71282581237813,51.41224160050514,39.818181818181806,43.5151515151515,-60.181818181818194,False,True,False,465,128,0,0,0,0,0,0,0,0.0037998733375554927,1
1754697600000,1.579,1.635,1.552,1.585,15182.36,2025-08-09,0.0037998733375554,0.0037926720557389,0.0037998733375554,0.012419035568781,0.2372653413952545,0.0353853535639855,0.6760362306116557,0.0488844267975616,0.9339356626203172,0.0798484939571478,1.5255033350789515,1.5958,1.592933933661854,1.5914,1.6090944036101382,1.6522,1.6212160592218257,1.49596,1.581304203728169,,1.5674012866167577,-0.006269592476489,-0.6269592476489034,-0.1204217536071032,-12.042175360710326,-0.1348253275109171,-13.482532751091709,62.99999999999997,40.96551724137932,40.33918837068444,1.6148202073117548,1.6140919409637668,0.0007282663479879,0.020921304077587,-0.0201930377295991,-1.274008689564613,1.6522,0.0912097640202629,1.8346195280405255,1.469780471959474,0.2208201525729643,0.3158091934513969,0.1487142857142856,9.38260477692654,0.1747142857142856,11.02298332582244,0.1815714285714285,11.45561063542136,24816.0705,0.611795489539732,150632.4499999999,1.6472937547773383,20.487204245811174,-65.01615990460927,47.68732340115188,40.9090909090909,42.424242424242415,-59.09090909090911,False,False,True,465,128,0,0,0,0,0,0,0,0.02208201892744488,1
1754784000000,1.585,1.701,1.563,1.62,17234.1,2025-08-10,0.0220820189274448,0.0218417419150488,0.0220820189274448,0.0163045439659931,0.3114978750934536,0.0288360958168808,0.5509128370400536,0.0492199426331241,0.9403456836583728,0.0790931001298834,1.5110715562728507,1.6006,1.6019559557745693,1.5868,1.6110772393259143,1.64305,1.6211002362759002,1.50622,1.582855001089332,,1.568621764383463,0.0150375939849625,1.503759398496242,-0.0276110444177669,-2.7611044417767,-0.1014975041597336,-10.149750415973369,62.62626262626264,47.63271162123387,46.48541114058356,1.615617098580966,1.6145298457979744,0.0010872527829917,0.0169544938166952,-0.0158672410337034,-0.9794593230681168,1.64305,0.0841949335892946,1.8114398671785887,1.4746601328214106,0.2049722980780734,0.4315576394642747,0.1375714285714285,8.49206349206349,0.1760714285714285,10.868606701940037,0.1793333333333333,11.069958847736626,24193.143000000004,0.7123547362159599,167866.5499999999,1.6471591003864794,20.00377453775555,-23.88500218627014,52.12172034583719,47.27272727272729,42.66666666666666,-52.72727272727271,True,False,False,465,128,0,0,0,0,0,0,0,-0.01851851851851849,0
1754870400000,1.62,1.667,1.563,1.59,21754.99,2025-08-11,-0.0185185185185184,-0.0186921330121525,0.0185185185185184,0.0188677483485037,0.3604678260621876,0.0269581136063861,0.5150340372862854,0.0489547212680889,0.9352786365940584,0.0786422987467924,1.50245900794185,1.598,1.5979706371830462,1.5853,1.607245013980444,1.63515,1.6181381289468653,1.5171,1.5831411022945527,,1.5691161340632067,-0.0081097941359949,-0.8109794135994948,-0.0093457943925232,-0.9345794392523304,-0.0903890160183066,-9.03890160183066,47.65625000000001,41.56804733727813,46.88963210702341,1.6116760061300086,1.6127117790519183,-0.0010357729219099,0.0133564404675426,-0.0143922133894525,-0.9051706534246914,1.63515,0.0811880695150426,1.7975261390300854,1.4727738609699148,0.1986070256919368,0.3609709521679334,0.1112857142857142,6.999101527403413,0.1708571428571428,10.745732255166216,0.1783809523809523,11.218927822701406,24004.885,0.9062734522577384,146111.5599999999,1.64680547896766,20.36275011211916,-42.94079375406636,45.80111696395489,41.81818181818183,43.333333333333336,-58.181818181818166,False,False,False,465,128,0,0,0,0,0,0,0,0.0,0
1754956800000,1.59,1.64,1.503,1.59,30083.92,2025-08-12,0.0,0.0,0.0,0.0181725480686689,0.3471860433650107,0.0175073538711813,0.3344775260661473,0.042085135491306,0.8040353846084006,0.0775463458600152,1.4815208574394092,1.5928,1.595313758122031,1.5933,1.6041095568840626,1.63685,1.6154581597443267,1.52584,1.583415520588801,,1.5695974720406185,-0.0160891089108911,-1.6089108910891103,0.0529801324503311,5.298013245033117,0.0218508997429305,2.185089974293061,44.62809917355378,27.121771217712197,45.24137931034483,1.6083412356972795,1.611028532524512,-0.0026872968272322,0.0101476930075663,-0.0128349898347986,-0.807232065081674,1.63685,0.0797873984246189,1.796424796849238,1.4772752031507623,0.1949779110477292,0.3532036357713093,0.1177142857142857,7.403414195867026,0.1648571428571428,10.368373764600175,0.1766666666666666,11.11111111111111,24213.505,1.242443834546052,146111.5599999999,1.6459804887409142,21.65423956436702,-73.50827956678181,31.938443713297744,41.81818181818183,43.63636363636365,-58.181818181818166,False,True,False,465,128,0,0,0,0,0,0,0,0.11257861635220112,1
1755043200000,1.59,1.969,1.563,1.769,44224.56,2025-08-13,0.1125786163522011,0.1066803989455079,0.1125786163522011,0.0515793533970323,0.985422163010566,0.0378387759066297,0.7229087986536972,0.0454769643668036,0.8688361842874229,0.0788796252074193,1.506993123605737,1.6308,1.653209172081354,1.6143,1.6340896375212228,1.64105,1.6300819198546472,1.53828,1.590834701326494,,1.574178493318668,0.1203293223559214,12.032932235592144,0.1347017318794099,13.470173187940986,0.0498516320474775,4.985163204747765,76.65505226480832,47.5912408759124,47.93442622950818,1.633057970290514,1.6227358705703154,0.0103220997201984,0.0101825743501016,0.0001395253700968,0.0078872453418202,1.64105,0.084525595625171,1.810101191250342,1.4719988087496578,0.2060280811070254,0.8784356651191036,0.16,9.044657998869422,0.18,10.175240248728096,0.1838095238095238,10.390589248701176,25553.6845,1.730652971003066,190336.1199999999,1.648066705518175,21.016196290613493,122.36914035807057,33.884148968595994,67.15927750410506,50.26521371348957,-32.840722495894944,True,False,False,465,128,0,0,0,0,0,0,0,-0.04465799886941768,0
1755129600000,1.769,1.889,1.645,1.69,19978.52,2025-08-14,-0.0446579988694176,-0.045685886242666,0.0446579988694176,0.0601598640886899,1.1493525895985626,0.0417582117239533,0.7977895148030081,0.0459283055693602,0.8774590458548314,0.078555618562779,1.50080298535151,1.6518000000000002,1.6654727813875692,1.6238,1.644255157991503,1.6443,1.6357886606103504,1.5506,1.5947960525523603,1.59233,1.5768309332823427,0.0662460567823344,6.624605678233437,0.0595611285266457,5.956112852664576,0.04,3.999999999999997,66.86930091185411,51.91082802547772,46.41269841269841,1.6418182830404264,1.6277206647376612,0.0140976183027652,0.0109655831407938,0.0031320351619713,0.1853275243770023,1.6443,0.0851235016098154,1.8145470032196307,1.474052996780369,0.2070753551293934,0.6342167531167753,0.1762857142857143,10.43110735418428,0.1792857142857142,10.608622147083684,0.1859047619047619,11.000281769512538,25498.8755,0.7835059236239652,170357.59999999992,1.648787416423554,21.35221750385438,84.36922292344009,37.31529993014417,54.18719211822658,54.38821714683783,-45.81280788177342,False,False,True,465,128,0,0,0,0,0,0,0,-0.06982248520710055,0
1755216000000,1.69,1.746,1.571,1.572,14624.74,2025-08-15,-0.0698224852071005,-0.0723798349279672,0.0698224852071005,0.0703615631160795,1.3442557758515998,0.0482991214757965,0.9227534201490768,0.0468863918119755,0.8957632578188967,0.079017845375676,1.5096338162124612,1.6422,1.6343151875917128,1.6214,1.631117856517785,1.6371000000000002,1.6297133025979138,1.55918,1.5938860852074015,1.59037,1.5767206414015784,-0.0296296296296296,-2.962962962962965,-0.0150375939849624,-1.503759398496242,-0.0839160839160838,-8.391608391608386,48.52607709750568,47.59124087591242,44.62759462759463,1.631077008221344,1.6235914700252498,0.007485538196094,0.0102695741517405,-0.0027840359556464,-0.1771015238960823,1.6371000000000002,0.0848291781976264,1.8067583563952527,1.4674416436047473,0.2072669432475144,0.3081438445379704,0.1838571428571429,11.695747001090515,0.1812857142857142,11.532170119956378,0.1813809523809524,11.538228522961347,25609.9815,0.5710562500796807,155732.85999999993,1.648679865326128,21.122804115532173,-19.715907226978786,37.97244398992449,34.8111658456486,52.05254515599341,-65.18883415435141,False,True,False,465,128,0,0,0,0,0,0,0,0.003816793893129722,1
1755302400000,1.572,1.638,1.54,1.578,10515.38,2025-08-16,0.0038167938931297,0.0038095284166676,0.0038167938931297,0.0699237007216956,1.3358904265527536,0.048293066960869,0.9226377488038018,0.0462395767452194,0.8834058733196308,0.0789785841174526,1.5088837309273042,1.6398,1.6155434583944752,1.6189,1.621460064411181,1.63335,1.6247880446384568,1.56726,1.5932523931758176,1.58738,1.5767497614156116,-0.0075471698113207,-0.7547169811320761,-0.0155957579538364,-1.5595757953836502,-0.0453720508166969,-4.537205081669689,44.90291262135922,55.70469798657719,50.75757575757576,1.622911314323873,1.620213007369477,0.0026983069543959,0.0087553207120741,-0.0060570137576782,-0.3838411760252349,1.63335,0.0857421317550198,1.80483426351004,1.4618657364899603,0.2099785881899651,0.3386149292446316,0.186,11.787072243346008,0.1673571428571428,10.605649103747965,0.1784761904761904,11.310278230430322,25352.8035,0.4147620203028039,166248.23999999993,1.6484247029126269,21.106007273338506,-58.29216429245185,42.22258909898706,27.45825602968462,38.81887133118659,-72.54174397031538,False,True,False,465,128,0,0,0,0,0,0,0,0.006337135614702172,1
1755388800000,1.578,1.64,1.53,1.588,16942.18,2025-08-17,0.0063371356147021,0.0063171404012614,0.0063371356147021,0.069972439327886,1.336821576316586,0.0482609876978021,0.9220248753434492,0.0456632611307891,0.8723953789658704,0.0789693975806606,1.508708222388327,1.6393999999999995,1.606362305596317,1.6161,1.6153764163299986,1.62755,1.6212843045065832,1.57554,1.5930430176372137,1.5841,1.577005077192023,-0.0012578616352201,-0.1257861635220127,-0.0173267326732673,-1.7326732673267342,-0.068075117370892,-6.807511737089195,49.74489795918368,52.603231597845614,46.3615903975994,1.6175403427085746,1.6178259972703366,-0.0002856545617619,0.0069471256571183,-0.0072327802188803,-0.4554647492997711,1.62755,0.0846276519447672,1.7968053038895344,1.4582946961104657,0.2079878392547502,0.3831646657707915,0.182,11.460957178841308,0.1597857142857142,10.062072688017269,0.178047619047619,11.21206669065611,24981.13,0.6781991046842157,183190.41999999995,1.6480221849744612,20.163154351760827,-53.7516781860673,40.24383825688337,29.3135435992579,30.527655158197035,-70.68645640074209,True,True,False,465,128,0,0,0,0,0,0,0,-0.023299748110831353,0
1755475200000,1.588,1.594,1.5,1.551,20371.61,2025-08-18,-0.0232997481108313,-0.0235754786305423,0.0232997481108313,0.0324400490976735,0.619766267791904,0.0482817562602559,0.9224216581720042,0.0416366319964678,0.795466737370829,0.0790804720089814,1.5108302963617726,1.5958,1.587908203730878,1.6133,1.603671613350798,1.6132000000000002,1.6145903592673847,1.5826000000000002,1.5913681456853332,1.5803,1.5764166133535027,-0.1232334652345957,-12.32334652345958,-0.0177327422419253,-1.7732742241925286,-0.1561479869423286,-15.614798694232867,45.45454545454543,46.05734767025089,47.17557251908397,1.6073033666155785,1.6128742688242552,-0.0055709022086767,0.0044435200837504,-0.0100144222924271,-0.6456751961590709,1.6132000000000002,0.0701604176906519,1.753520835381304,1.4728791646186965,0.1739658261608032,0.2783650595045999,0.1805714285714285,11.64225845076909,0.1459285714285714,9.408676429953026,0.1740952380952381,11.224709097049525,23212.123,0.8776280394516263,162818.80999999994,1.6472552170618304,19.323880962365724,-91.57572943270632,40.54102415759343,10.874200426439216,22.54866668512724,-89.12579957356078,False,True,False,465,128,0,0,0,0,0,0,0,-0.07350096711798837,0
1755561600000,1.551,1.561,1.414,1.437,29113.27,2025-08-19,-0.0735009671179883,-0.0763422770975138,0.0735009671179883,0.0386608669208019,0.7386148254264907,0.053387225126526,1.0199615039055574,0.0441220192069207,0.8429499933548823,0.0798605970461799,1.5257345642702402,1.5452,1.5376054691539187,1.5985,1.5733676836292372,1.59495,1.5976765300348854,1.5877200000000002,1.5852223852984568,1.57585,1.5732706749200367,-0.1497041420118342,-14.970414201183427,-0.0933753943217665,-9.33753943217665,-0.2025527192008879,-20.255271920088788,4.395604395604408,38.152011922503725,39.534883720930246,1.581102848043051,1.5998425133183651,-0.0187396652753142,-0.0001931169883719,-0.0185465482869422,-1.2906435829465734,1.59495,0.0658015157400239,1.726553031480048,1.463346968519952,0.1650246483965617,-0.1001001581181144,0.182,12.66527487821851,0.1498571428571428,10.428472015110843,0.1705714285714285,11.869967193558006,22955.7865,1.2682323038681338,133705.53999999995,1.6453347371920612,18.12155766169747,-182.2612403859752,33.939790960731,4.144144144144167,14.777296056613755,-95.85585585585584,False,True,False,465,128,0,0,0,0,0,0,0,0.036186499652052895,1
1755648000000,1.437,1.54,1.415,1.489,15916.9,2025-08-20,0.0361864996520528,0.035547146604984,0.0361864996520528,0.0412316998672315,0.7877305199042587,0.0544604342726331,1.0404651358526076,0.0424799040861856,0.811577428023727,0.078665747645049,1.5029069985140149,1.5286000000000002,1.5214036461026126,1.5854,1.5580281047786884,1.5861,1.5873261286979727,1.59606,1.581393829334946,1.5719,1.5713743452284292,-0.0527989821882951,-5.279898218829514,-0.0808641975308641,-8.08641975308642,-0.1062424969987994,-10.624249699879943,20.178041543026737,42.03910614525141,43.797276853252654,1.5669331788242904,1.5916296040091262,-0.0246964251848358,-0.0050937786279264,-0.0196026465569094,-1.3164974181940494,1.5861,0.0676203799861704,1.7213407599723412,1.450859240027659,0.1705324506302769,0.1410105946614819,0.1418571428571428,9.527007579391729,0.1509285714285714,10.136237167801978,0.1672857142857143,11.234769260289742,21251.4185,0.7489805915779222,149622.43999999994,1.6443653714324673,17.977583018383033,-164.00734255859922,38.81021217528892,13.513513513513542,9.510619361365636,-86.48648648648646,False,False,True,465,128,0,0,0,0,0,0,0,0.027535258562793707,1
1755734400000,1.489,1.588,1.448,1.53,30431.06,2025-08-21,0.0275352585627937,0.027162981702472,0.0275352585627937,0.0444692532429564,0.8495838902986335,0.0553267812833007,1.0570166722512575,0.0423691467095674,0.8094614113145537,0.0785778169473855,1.501227084893936,1.519,1.524269097401742,1.5794,1.552932085725607,1.58235,1.5818663753979114,1.60434,1.5793501106843375,1.56775,1.570445812708764,-0.0304182509505703,-3.0418250950570367,-0.0377358490566037,-3.773584905660381,-0.0467289719626168,-4.67289719626168,41.92307692307692,44.22043010752687,43.3689024390244,1.5612511512147806,1.5870632369200015,-0.025812085705221,-0.0092374400435623,-0.0165746456616587,-1.0833101739646214,1.58235,0.0685897606291077,1.7195295212582156,1.4451704787417847,0.1733870777744688,0.3091916361864946,0.127,8.30065359477124,0.1516428571428571,9.911297852474323,0.1618571428571428,10.57889822595705,21781.406,1.3971118301545824,180053.49999999994,1.6429980299129543,18.3885846278904,-97.9571570435524,41.85190960372115,20.90090090090091,12.852852852852868,-79.09909909909909,True,False,False,465,128,0,0,0,0,0,0,0,0.09738562091503278,1
1755820800000,1.53,1.76,1.5,1.679,26688.43,2025-08-22,0.0973856209150327,0.0929306426910597,0.0973856209150327,0.0645558157858094,1.233337128848616,0.0637430556661488,1.217809368565162,0.0455065240775489,0.8694009217682582,0.0795440011125758,1.5196860074515637,1.5372,1.5758460649344943,1.5883,1.5758535246934595,1.5908,1.5911173838112112,1.6150799999999998,1.5833105930971516,1.56377,1.5728755953806903,0.0573047858942066,5.7304785894206525,0.0559748427672954,5.597484276729557,0.1119205298013246,11.192052980132452,62.53101736972704,55.84112149532712,44.00904295403165,1.5793663589847875,1.593875040520771,-0.0145086815359829,-0.0102916883420825,-0.0042169931939004,-0.2511610002323062,1.5908,0.0696098904043503,1.7300197808087008,1.4515802191912992,0.1750311551530057,0.816765331361906,0.1391428571428571,8.287245809580533,0.1615,9.61882072662299,0.1672380952380952,9.960577441220682,20875.606,1.2784505513277076,206741.92999999996,1.6430303985500243,19.422474677254844,69.49834698864471,49.07457923155632,47.74774774774775,27.387387387387395,-52.25225225225224,True,False,False,465,128,0,0,0,0,0,0,0,-0.006551518761167441,0
1755907200000,1.679,1.711,1.551,1.668,30197.88,2025-08-23,-0.0065515187611674,-0.0065730741588488,0.0065515187611674,0.0626157883516105,1.196272956760368,0.0519049977243682,0.9916435891487612,0.0451605846069161,0.862791757461803,0.0793525289386274,1.516027936704608,1.5606,1.606564043289663,1.5782,1.5926074292999546,1.59625,1.5984396716665148,1.62632,1.5866747093008975,1.56045,1.5749992958655008,0.0754352030947775,7.543520309477756,-0.0570944036178632,-5.709440361786319,0.0699166132135984,6.991661321359846,59.90099009900988,54.81997677119628,44.85407066052227,1.593002303924883,1.5993670271958078,-0.0063647232709247,-0.0095062953278294,0.0031415720569047,0.1883436484954888,1.59625,0.0712370948608303,1.7387241897216603,1.4537758102783394,0.1785111225956593,0.7517999931783143,0.148,8.872901678657078,0.167,10.011990407673864,0.1609047619047619,9.646568459518102,21065.225,1.4335417732305258,176544.04999999993,1.6430336889495598,20.456364726619285,58.5269719052205,46.709484300390905,45.76576576576576,38.13813813813814,-54.23423423423424,False,False,True,465,128,0,0,0,0,0,0,0,-0.033573141486810454,0
1755993600000,1.668,1.68,1.56,1.612,28058.03,2025-08-24,-0.0335731414868104,-0.0341496598521183,0.0335731414868104,0.0494831460094098,0.9453741771017604,0.0510674261749202,0.9756418071647956,0.0456961902735872,0.8730244893556873,0.0794815604275053,1.518493079838293,1.5956,1.6083760288597757,1.5703999999999998,1.5961333512463312,1.5971,1.5997311528806164,1.63554,1.5876801954086426,1.5564700000000002,1.5758232759797066,0.1217814892136395,12.178148921363956,-0.0461538461538461,-4.615384615384607,0.0106583072100314,1.0658307210031426,57.21040189125298,49.54648526077098,47.79050736497546,1.5959250264285425,1.600303000042527,-0.0043779736139843,-0.008480630985038,0.0041026573710536,0.2545072810827323,1.5971,0.0713227652443851,1.7397455304887703,1.4544544695112296,0.1786306812206754,0.5522273636928747,0.1494285714285714,9.26976249556895,0.1657142857142857,10.280042538107056,0.1563333333333333,9.698097601323408,21368.696,1.313043622315559,148486.01999999993,1.6427769106109502,21.84925136104184,20.27143102559701,40.08795030559235,35.6756756756757,43.06306306306306,-64.3243243243243,False,False,True,465,128,0,0,0,0,0,0,0,-0.09987593052109178,0
1756080000000,1.612,1.632,1.401,1.451,56074.64,2025-08-25,-0.0998759305210917,-0.1052226701823857,0.0998759305210917,0.0730444210933083,1.395511705537665,0.0560429801475339,1.070699632340071,0.0510140394725134,0.9746218556474376,0.0809119893374061,1.545821385790038,1.588,1.5559173525731838,1.5583,1.5697454691959494,1.58985,1.5855660690843083,1.6418800000000002,1.5822562450347992,1.55154,1.57305038949717,-0.025520483546004,-2.552048354600405,-0.076972010178117,-7.697201017811704,-0.0908521303258145,-9.085213032581455,51.48936170212766,43.139190523198415,44.17549167927383,1.5736288683191686,1.5892413618934005,-0.0156124935742318,-0.0099070035029017,-0.0057054900713301,-0.3932108939579682,1.58985,0.0784536571218313,1.7467573142436628,1.4329426857563372,0.1973863122227415,0.0575413400283606,0.169,11.647139903514818,0.1747857142857143,12.045879688884511,0.1536190476190476,10.587115618128712,23497.3875,2.3864201924575656,92411.37999999992,1.6398773830664488,20.968792030773105,-128.51732448589937,36.79480262484489,8.802816901408457,30.08141944761664,-91.19718309859154,False,True,False,465,128,0,0,0,0,0,0,0,0.038594073053066724,1
1756166400000,1.451,1.515,1.44,1.507,13041.01,2025-08-26,0.0385940730530667,0.0378679457423074,0.0385940730530667,0.0743564184156963,1.4205773791869585,0.0578092551373771,1.1044442686398903,0.051859660238653,0.9907774177003708,0.0810245125960985,1.5479711396288685,1.5834,1.5396115683821223,1.5512,1.5583372020674342,1.58505,1.578083484948002,1.64902,1.5792712093030727,1.5468800000000005,1.5715866445274334,-0.0150326797385621,-1.5032679738562176,-0.0449936628643854,-4.499366286438541,-0.0598877105427324,-5.988771054273244,51.89873417721516,46.11786716557529,49.88308651597817,1.5633782731163932,1.583148309207074,-0.0197700360906807,-0.0118796100204851,-0.0078904260701955,-0.5235850079758166,1.58505,0.0805164089193225,1.7460828178386452,1.424017182161355,0.2031895748886724,0.2576580940221568,0.1587142857142857,10.5318039624609,0.1703571428571428,11.30438904161532,0.1528095238095238,10.13998167282839,23510.646,0.5546853114967577,105452.38999999993,1.6391860149602304,18.9472211750148,-120.70417145044028,38.61704262791627,18.66197183098589,21.04682146935668,-81.33802816901411,False,False,True,465,128,0,0,0,0,0,0,0,0.0013271400132714994,1
1756252800000,1.507,1.59,1.5,1.509,20395.03,2025-08-27,0.0013271400132714,0.0013262601413535,0.0013271400132714,0.0515591096024562,0.985035405858238,0.0577402782644394,1.103126467332752,0.0518135087163252,0.989895694104334,0.0662808918952089,1.2662946616427384,1.5494,1.5294077122547485,1.5433,1.549366801690264,1.5797,1.5715040247861096,1.64858,1.576485156492128,1.54284,1.5702029240020148,-0.1012507444907684,-10.12507444907684,-0.0497481108312343,-4.974811083123437,-0.0662128712871288,-6.6212871287128845,47.58620689655171,35.426008968609864,47.97734627831715,1.555012384891639,1.5776549236194457,-0.0226425387278066,-0.0140321957619735,-0.008610342965833,-0.5705992687762136,1.5797,0.0818947334596154,1.743489466919231,1.4159105330807693,0.2073678127736035,0.2841741556101884,0.1537142857142857,10.186500047335038,0.1477857142857142,9.793619236959197,0.1518571428571428,10.063428950108872,23848.585,0.855188263790074,125847.41999999993,1.6384386597498746,19.810165387245902,-61.73675792642753,33.08144644057299,22.13114754098358,16.53197875779264,-77.86885245901641,True,False,False,465,128,0,0,0,0,0,0,0,-0.009277667329357087,0
1756339200000,1.509,1.55,1.433,1.495,14904.38,2025-08-28,-0.009277667329357,-0.0093209729430619,0.009277667329357,0.0513952842362352,0.9819055266312772,0.0573772255991829,1.0961903559020805,0.0516156642451249,0.98611588078932,0.0661940162121204,1.2646349040478129,1.5148,1.517938474836499,1.5376999999999998,1.5394819286545227,1.5755,1.5642178463875536,1.64702,1.5732558959851264,1.53889,1.5685440984274497,-0.1037170263788967,-10.371702637889678,-0.0361057382333976,-3.6105738233397697,-0.0531982267257756,-5.319822672577572,19.3333333333333,38.21039903264813,45.88138385502472,1.5457797102434316,1.571531388934097,-0.0257516786906653,-0.0163760923477329,-0.0093755863429323,-0.6271295212663803,1.5755,0.0840579374128681,1.7436158748257364,1.4073841251742638,0.2134127258974754,0.2605818008458636,0.1504285714285714,10.062111801242231,0.1387142857142857,9.278547539417104,0.1512380952380952,10.11626055104316,23786.6495,0.6265859342653534,110943.03999999992,1.6376927343738652,20.982065496521468,-94.34755200672416,33.899334613234544,26.18384401114209,22.325654461037185,-73.81615598885791,False,True,False,465,128,0,0,0,0,0,0,0,-0.03344481605351168,0
1756425600000,1.495,1.512,1.431,1.445,11853.22,2025-08-29,-0.0334448160535116,-0.0340168852782542,0.0334448160535116,0.0513871934202769,0.9817509518094332,0.0530819884866801,1.0141299660894143,0.0520851973679503,0.9950862985054586,0.0663730145603031,1.2680546626881304,1.4814,1.4936256498909994,1.5385,1.5223033961702503,1.5685,1.5528636518588033,1.6444,1.568175214146964,1.53486,1.5658250976642945,-0.1035980148883375,-10.35980148883375,0.0055671537926236,0.5567153792623526,-0.088328075709779,-8.832807570977911,17.109144542772825,41.63372859025032,44.0221694378464,1.530275139366421,1.5621573500899026,-0.0318822107234817,-0.0194773160229049,-0.0124048947005768,-0.8584702214932063,1.5685,0.0889142105746075,1.7463284211492152,1.3906715788507849,0.2267496603751548,0.1527551692752994,0.1248571428571428,8.640632723677705,0.1319999999999999,9.134948096885813,0.1492857142857143,10.331191300049436,23620.1925,0.5018257154339448,99089.81999999992,1.6369833482805678,21.76653697365297,-109.2590808363042,34.33906540612044,12.256267409470764,20.190419653865472,-87.74373259052923,False,True,False,465,128,0,0,0,0,0,0,0,-0.004844290657439521,0
1756512000000,1.445,1.518,1.4,1.438,12770.59,2025-08-30,-0.0048442906574395,-0.0048560622655406,0.0048442906574395,0.026017642277982,0.4970663577856986,0.0516990729654048,0.9877094021527904,0.0517405188606909,0.9885012248704256,0.0543231074869576,1.0378415112961308,1.4788,1.4750837665939995,1.5334,1.5069755059562864,1.5594,1.541924157137383,1.6332999999999998,1.5630205524203615,1.53014,1.5630180725189762,-0.0089593383873192,-0.8959338387319173,-0.0342511752854265,-3.4251175285426565,-0.1123456790123458,-11.234567901234575,19.99999999999996,40.78947368421052,43.46793349168646,1.5160789640247925,1.5529592888344164,-0.0368803248096241,-0.0229579177802687,-0.0139224070293554,-0.96817851386338,1.5594,0.0926029441387167,1.7446058882774331,1.3741941117225664,0.2375348060503186,0.1722566406254157,0.1188571428571428,8.265448042916749,0.1334285714285714,9.278760182793562,0.1509523809523809,10.497383932710775,23397.017,0.5458212899533303,86319.22999999992,1.636179091228937,20.671098798382864,-105.55555555555544,34.21114701271128,10.555555555555562,16.331888992056133,-89.44444444444444,True,True,False,465,128,0,0,0,0,0,0,0,0.0,0
1756598400000,1.438,1.49,1.391,1.438,17541.24,2025-08-31,0.0,0.0,0.0,0.0141619078298546,0.2705628691897204,0.0506578814195578,0.9678174655998232,0.0516454545739145,0.9866850242217068,0.0538423633842842,1.028656908110735,1.465,1.4627225110626665,1.5242,1.4944345048725276,1.5517999999999998,1.5320265370709931,1.6244,1.558071895655109,1.52522,1.5602786008724576,-0.0457863304578632,-4.578633045786328,-0.0601307189542483,-6.013071895424842,-0.0955974842767296,-9.559748427672965,44.96124031007746,39.99999999999999,42.88,1.5040668156742742,1.5444427395902258,-0.0403759239159515,-0.0264415190074212,-0.0139344049085303,-0.9690128587295072,1.5517999999999998,0.0961296273952952,1.7440592547905904,1.3595407452094093,0.2477887031712728,0.2040454564230178,0.1158571428571428,8.056824955295053,0.1326428571428571,9.224120802702169,0.1490952380952381,10.368236307040204,23186.3295,0.7565337152652817,86319.22999999992,1.635012507969753,20.06673334085965,-104.09165302782324,28.95874527100129,12.737127371273694,11.849650112100004,-87.26287262872631,False,True,False,465,128,0,0,0,0,0,0,0,-0.022253129346314293,0
1756684800000,1.438,1.465,1.3,1.406,41825.5,2025-09-01,-0.0222531293463142,-0.0225044659103817,0.0222531293463142,0.0136778650364517,0.2613152446064274,0.0357044452234087,0.6821324682051573,0.0517997943715496,0.9896336819152892,0.0532551969669872,1.0174391094592845,1.4444,1.4438150073751108,1.4969,1.478355503985777,1.5426,1.5200239205392765,1.6172,1.5520546811197584,1.5204300000000002,1.5569050750721132,-0.0682571239231278,-6.82571239231279,-0.1625967837998809,-16.259678379988095,-0.1157232704402516,-11.572327044025169,1.904761904761898,40.26845637583892,43.05220883534136,1.4889796132213873,1.534186555079723,-0.0452069418583354,-0.0301946035776178,-0.0150123382807175,-1.0677338748732248,1.5426,0.1009645065305019,1.7445290130610038,1.340670986938996,0.2618034656566885,0.1617623244691132,0.1064285714285714,7.569599674862834,0.1377142857142857,9.794757163178218,0.152,10.81081081081081,23773.4085,1.759339642020621,44493.72999999992,1.631597440459638,19.570111059011648,-129.45496923869146,27.498385514877768,23.04347826086954,15.44538706256626,-76.95652173913045,False,True,False,465,128,0,0,0,0,0,0,0,-0.017780938833570348,0
1756771200000,1.406,1.452,1.352,1.381,10800.83,2025-09-02,-0.0177809388335703,-0.017940918961318,0.0177809388335703,0.0134766694637239,0.2574714085866259,0.035515758629314,0.6785276158865814,0.0438326748682249,0.8374220775258945,0.0518690883815815,0.9909575421181048,1.4216,1.4228766715834071,1.4682,1.4606545032603369,1.5232,1.5067834581349928,1.61262,1.5452887367514194,1.5153900000000002,1.5530665794569884,-0.0762541806020067,-7.625418060200675,-0.172062350119904,-17.206235011990405,-0.2193329564725833,-21.933295647258333,0.0,45.731707317073166,41.93037974683545,1.472367364994854,1.522838207472306,-0.050470842477452,-0.0342498513575966,-0.0162209911198554,-1.1745829920242894,1.5232,0.0920563900409353,1.7073127800818708,1.3390872199181294,0.2417447217461537,0.1138236576060416,0.11,7.965242577842144,0.1343571428571428,9.72897486293576,0.1502380952380952,10.87893520913072,22102.222,0.4886762064013292,33692.89999999992,1.63074774007694,19.28117129975646,-120.50435437764502,32.03871647859795,17.608695652173907,17.796433761439044,-82.3913043478261,False,False,True,465,128,0,0,0,0,0,0,0,0.0021723388848660097,1
1756857600000,1.381,1.42,1.315,1.384,22336.59,2025-09-03,0.002172338884866,0.0021699827683227,0.002172338884866,0.0108948259701048,0.2081453579001661,0.035585605354168,0.6798620356912468,0.0432080766152713,0.8254891446583491,0.0514498943509176,0.9829488514073434,1.4094,1.409917781055605,1.4454,1.446717320848881,1.5078999999999998,1.4950897243226622,1.60668,1.538911236626378,1.50968,1.5493847445967832,-0.0422145328719724,-4.221453287197243,-0.1414392059553351,-14.14392059553351,-0.1810650887573964,-18.10650887573965,2.5641025641024697,41.35090609555188,40.422077922077904,1.458772385738128,1.5125528926552576,-0.0537805069171295,-0.0381559824695123,-0.0156245244476171,-1.128939627718005,1.5078999999999998,0.0882239375560575,1.684347875112115,1.3314521248878846,0.2340312688004712,0.148904811346485,0.1121428571428571,8.10280759702725,0.1329285714285714,9.604665565648226,0.1359047619047619,9.819708230112854,22220.1255,1.005241397038914,56029.48999999992,1.6288475511703426,18.962485073730388,-133.16790736145558,26.94015677916107,18.26086956521736,19.637681159420264,-81.73913043478264,False,True,False,465,128,0,0,0,0,0,0,0,-0.059248554913294726,0
1756944000000,1.384,1.386,1.3,1.302,20302.03,2025-09-04,-0.0592485549132947,-0.0610763134091002,0.0592485549132947,0.0247001640037444,0.4718959706983462,0.0257087467096043,0.4911649162381075,0.042483861745113,0.8116530389913702,0.0482104302912795,0.9210589774480612,1.3822,1.3739451873704034,1.4305,1.4204050806937891,1.4944000000000002,1.4767001255581509,1.59464,1.529546600996674,1.50293,1.5440079632580912,-0.0945757997218358,-9.45757997218358,-0.1026878015161957,-10.268780151619572,-0.1717557251908397,-17.17557251908397,2.0134228187918666,32.40740740740739,38.78504672897196,1.4346535571228776,1.496954973473386,-0.0623014163505084,-0.0429850692457206,-0.0193163471047878,-1.483590407433779,1.4944000000000002,0.0980136402967002,1.6904272805934006,1.2983727194065997,0.2623491442631162,0.0092519790674544,0.1077142857142856,8.272986614000436,0.1290714285714285,9.913320166776389,0.1283809523809523,9.860288201302026,22503.99,0.9021524627410518,35727.45999999992,1.6268539349959854,19.547590026484347,-159.8245113877536,18.510512963190408,0.4347826086956526,12.101449275362304,-99.56521739130434,False,True,False,465,128,0,0,0,0,0,0,0,0.019201228878648058,1
1757030400000,1.302,1.362,1.3,1.327,12110.31,2025-09-05,0.019201228878648,0.0190192115636927,0.019201228878648,0.0295008342129059,0.5636126462642018,0.0220699157605976,0.4216451485706376,0.0428565338821257,0.8187729301718965,0.0466668726051496,0.8915693492611906,1.36,1.358296791580269,1.4125,1.403422338749068,1.48185,1.4624428997492944,1.58666,1.5215428318497826,1.49709,1.539300502994241,-0.0771905424200277,-7.71905424200278,-0.1194426011944259,-11.944260119442598,-0.1590621039290241,-15.906210392902414,16.7664670658682,16.41221374045797,39.95416348357524,1.4180914713883348,1.484364663397532,-0.0662731920091972,-0.0476426937984229,-0.0186304982107742,-1.403956157556464,1.48185,0.1027030850764033,1.6872561701528068,1.2764438298471934,0.277229368900775,0.1230639033754355,0.1049999999999999,7.912584777694046,0.1149285714285714,8.660781569598448,0.123,9.2690278824416,22583.7365,0.5362403161230649,47837.76999999992,1.6256786338228235,21.93146238828165,-142.85275602640868,13.577706299526866,6.569343065693409,8.421665079868804,-93.43065693430658,False,False,False,465,128,0,0,0,0,0,0,0,0.0015071590052750938,1
1757116800000,1.327,1.376,1.304,1.329,11817.32,2025-09-06,0.001507159005275,0.0015060243810378,0.001507159005275,0.0300658154180782,0.5744065970331401,0.0220824400988427,0.4218844257168394,0.0427865518657614,0.8174359256265561,0.0465767703253108,0.8898479476219056,1.3446000000000002,1.348531194386846,1.3945,1.3898910044307973,1.4689,1.4497339948972283,1.57958,1.513936650465325,1.49196,1.534747153289398,-0.0547652916073968,-5.476529160739684,-0.1192842942345924,-11.928429423459242,-0.1630982367758187,-16.309823677581868,17.751479289940747,17.08737864077665,30.56537102473497,1.4043850911584073,1.4728552787048603,-0.0684701875464532,-0.051808192548034,-0.0166619949984192,-1.2537242286244734,1.4689,0.1049189662248186,1.6787379324496374,1.2590620675503628,0.2857075804338448,0.1666474970306496,0.0984285714285713,7.406213049553904,0.1086428571428571,8.174782328281198,0.1217619047619047,9.161919094199003,22327.4935,0.5292721281051991,59655.08999999992,1.6245663224167035,23.977063145140683,-121.81641646127434,18.36302419535791,7.6315789473684,4.878568207252482,-92.3684210526316,True,False,False,465,128,0,0,0,0,0,0,0,-0.009029345372460473,0
1757203200000,1.329,1.39,1.305,1.317,17829.32,2025-09-07,-0.0090293453724604,-0.0090703569699642,0.0090293453724604,0.0298136606250016,0.5695891864755797,0.0220864766956215,0.4219615447900144,0.0426364789299784,0.8145687862141979,0.0463747935030579,0.8859891858508843,1.3318,1.3380207962578972,1.3767,1.376638094534082,1.4572,1.437092610521242,1.57136,1.5061591374954733,1.48763,1.5300412756798527,-0.0463432295438088,-4.634322954380887,-0.1190635451505017,-11.906354515050175,-0.1508704061895551,-15.087040618955513,20.13422818791939,18.68365180467086,32.48826291079811,1.3909412309666314,1.4613096155447696,-0.0703683845781382,-0.0555202309540584,-0.0148481536240797,-1.127422446779026,1.4572,0.1082752826923379,1.6737505653846758,1.2406494346153245,0.2972146107393298,0.1762880767571494,0.0964285714285713,7.321835340058572,0.1061428571428571,8.059442455797807,0.1205714285714285,9.155005965939909,22200.379,0.8031088117910059,41825.76999999992,1.62290998641775,26.063341236143625,-107.30977752851008,25.2358141596942,5.120481927710816,6.440467980257537,-94.8795180722892,True,False,False,465,128,0,0,0,0,0,0,0,0.012148823082763771,1
1757289600000,1.317,1.36,1.304,1.333,14919.73,2025-09-08,0.0121488230827637,0.0120756184354275,0.0121488230827637,0.0310626299265492,0.5934507114774732,0.0219586592581357,0.4195195960756093,0.0398443555312345,0.761225343581183,0.0454995958885461,0.8692685589032121,1.3216,1.3363471975052648,1.3655000000000002,1.368703895527784,1.452,1.4271789920056348,1.56138,1.4993225492212865,1.48337,1.5257905788764603,-0.0368497109826588,-3.6849710982658914,-0.0775086505190312,-7.75086505190312,-0.0723729993041057,-7.237299930410583,32.857142857142804,31.901840490797483,37.5908618899273,1.3820271954256955,1.4518045686431873,-0.0697773732174915,-0.0583716594067472,-0.0114057138107443,-0.855642446417427,1.452,0.1117384163312285,1.675476832662457,1.228523167337543,0.3078193287361667,0.233753162280272,0.0808571428571428,6.065802164826917,0.0936428571428571,7.024970528346371,0.1187619047619047,8.90937019969278,21490.702,0.6942411653188435,56745.49999999991,1.6215145489286975,28.3651213469125,-98.018811286772,29.973805627417303,11.379310344827555,8.043790406635585,-88.62068965517244,False,True,False,465,128,0,0,0,0,0,0,0,0.012753188297074391,1
1757376000000,1.333,1.42,1.328,1.35,18511.56,2025-09-09,0.0127531882970743,0.0126725512537665,0.0127531882970743,0.0111253180836536,0.2125489035464584,0.0229075936109109,0.437648961429782,0.0389665341414529,0.7444545894773644,0.0455444442379278,0.8701253854150715,1.3312000000000002,1.3408981316701765,1.3567,1.3653031872499697,1.44505,1.4198285872882204,1.55232,1.4934286328845303,1.48002,1.5220050181747409,0.0368663594470046,3.686635944700464,-0.0611961057023643,-6.11961057023643,-0.0933512424445937,-9.335124244459369,38.96103896103902,22.64808362369338,38.29568788501026,1.377099934587415,1.4442630259660083,-0.0671630913785932,-0.0601299458011175,-0.0070331455774756,-0.5209737464796806,1.44505,0.1136228641742423,1.6722957283484847,1.2178042716515152,0.3145160767426522,0.2908651557704107,0.0797142857142856,5.9047619047619,0.0948571428571428,7.026455026455023,0.1161428571428571,8.6031746031746,21620.435,0.8562066396906447,75257.05999999991,1.6200011015538915,28.700957635224828,-64.26682149538712,36.76350708924916,17.24137931034484,11.2470571942944,-82.75862068965516,True,False,False,465,128,0,0,0,0,0,0,0,0.040740740740740744,1
1757462400000,1.35,1.441,1.322,1.405,16250.35,2025-09-10,0.0407407407407407,0.039932710335371,0.0407407407407407,0.018562369484825,0.3546335710635336,0.0273045557895748,0.5216528059026355,0.0396380098788486,0.7572831154276667,0.0458358743447537,0.8756931497882344,1.3468,1.3622654211134508,1.3534,1.3725207895682183,1.4388,1.4184163366162947,1.5454600000000005,1.4899391538168891,1.4770599999999998,1.519489732382663,0.0587792012057273,5.877920120572726,-0.0229485396383866,-2.294853963838659,-0.0816993464052288,-8.169934640522875,90.5511811023622,34.705882352941174,41.02060843964671,1.38139225234582,1.4413544881494516,-0.0599622358036315,-0.0600964038016203,0.0001341679979887,0.009549323700266,1.4388,0.1121322527431942,1.6630645054863886,1.2145354945136115,0.3117382617269787,0.4246425556137516,0.0817142857142856,5.815963396034566,0.0969285714285713,6.898830706659885,0.1158571428571428,8.24605998983223,20911.3995,0.777104851351532,91507.40999999992,1.6188079214858146,30.5516999485231,-41.71171348259395,35.13671735020981,41.99999999999999,23.540229885057457,-58.00000000000001,True,True,False,465,128,0,0,0,0,0,0,0,-0.020640569395017905,0
1757548800000,1.405,1.412,1.35,1.376,12090.56,2025-09-11,-0.0206405693950179,-0.0208565632745572,0.0206405693950179,0.0235520638559575,0.4499615481731873,0.0271759743385354,0.5191962607297834,0.0318475543790632,0.6084466720867973,0.0432697208505508,0.8266668561197291,1.3562,1.366843614075634,1.3504,1.3731533732830925,1.42365,1.414376674475898,1.5418599999999998,1.4854441075432516,1.4741,1.516410318572308,0.0353649360421368,3.536493604213689,-0.0213371266002845,-2.1337126600284515,-0.1804645622394283,-18.046456223942837,68.70229007633581,33.23943661971828,41.3452027695351,1.3805626750614188,1.4365131598453404,-0.0559504847839216,-0.0592672199980802,0.0033167352141586,0.241041803354551,1.42365,0.0974832104302577,1.6186164208605154,1.2286835791394843,0.2738965628637875,0.3777994698018021,0.0782857142857142,5.689368770764116,0.0929999999999999,6.758720930232556,0.1121428571428571,8.14991694352159,20181.506,0.5990910688231096,79416.84999999992,1.6178898130222503,30.87735292879203,-43.518234753294585,35.72595357395383,34.86238532110085,31.367921543815225,-65.13761467889914,False,False,True,465,128,0,0,0,0,0,0,0,0.10683139534883712,1
1757635200000,1.376,1.58,1.373,1.523,32090.59,2025-09-12,0.1068313953488371,0.1015013344018727,0.1068313953488371,0.0479539850301735,0.916159597613892,0.0430035568268962,0.8215817995877804,0.0411228964257284,0.7856518330730444,0.0443417398460793,0.8471477502719007,1.3974,1.4188957427170894,1.3646,1.4003982145045042,1.4164,1.424721778663099,1.5386200000000003,1.4869253868496497,1.4725899999999998,1.516551504625986,0.1564160971905845,15.641609719058463,0.1028240405503257,10.282404055032575,-0.0869304556354916,-8.693045563549163,85.14492753623185,58.628318584070776,54.11877394636014,1.4024761096769411,1.4429199050378874,-0.0404437953609462,-0.0555025350706522,0.015058739709706,0.9887550695801725,1.4164,0.0826115832326857,1.5816231664653713,1.2511768335346285,0.2333001503323516,0.8225939869102497,0.0989999999999999,6.500328299409058,0.1019999999999999,6.697307944845697,0.1096190476190476,7.197573711033986,20276.1415,1.5826773550579138,111507.43999999992,1.6166216955192918,31.37294161979989,69.34067374492071,45.91812702327607,79.64285714285708,52.168414154652645,-20.35714285714291,True,False,False,465,128,0,0,0,0,0,0,0,-0.05252790544977004,0
1757721600000,1.523,1.57,1.443,1.443,17403.75,2025-09-13,-0.05252790544977,-0.0539577941212907,0.05252790544977,0.0610355418414188,1.166082389573991,0.0474498831360668,0.906528744449748,0.0420546279955175,0.8034525397197395,0.0446740513824679,0.8534965532601958,1.4194,1.4269304951447264,1.3705,1.4081439936855398,1.40795,1.4264625655398575,1.5349800000000002,1.4851932739715004,1.47221,1.5149781938980815,0.0825206301575394,8.252063015753947,0.0426300578034684,4.263005780346833,-0.1048387096774193,-10.483870967741938,68.3139534883721,50.476190476190496,47.8544776119403,1.408710554344335,1.442925838266086,-0.0342152839217508,-0.0512450848408709,0.01702980091912,1.180166383861401,1.40795,0.0690876445652866,1.5461252891305737,1.2697747108694266,0.1962786876388698,0.626831650653824,0.1068571428571428,7.4052074052074035,0.1026428571428571,7.113157113157111,0.108047619047619,7.487707487707486,19743.4275,0.8814958800846511,94103.68999999992,1.615908359483231,32.48736413299121,77.58082865426259,45.01128439538519,51.07142857142857,55.19222367846216,-48.92857142857142,False,False,True,465,128,0,0,0,0,0,0,0,-0.031878031878031954,0
1757808000000,1.443,1.449,1.34,1.397,28624.4,2025-09-14,-0.0318780318780319,-0.0323971995169091,0.0318780318780319,0.065024018696908,1.2422821329053977,0.0439837301202154,0.8403079840630464,0.036309955878608,0.6937007330296387,0.0440944926829418,0.8424240998526786,1.4288,1.4169536634298174,1.38,1.406117813015434,1.40525,1.4236566012405716,1.5286,1.48171629821763,1.47071,1.5124585724007775,0.0348148148148148,3.4814814814814765,0.0729646697388632,7.296466973886326,-0.0372157133011716,-3.7215713301171633,58.55614973262033,46.40980735551664,43.82544103992572,1.4069089305984883,1.439523782012382,-0.0326148514138937,-0.0475190381554747,0.0149041867415809,1.066870919225552,1.40525,0.0683681019805398,1.5419862039610794,1.2685137960389203,0.1946076555219065,0.4698324227197789,0.1102857142857142,7.894467736987419,0.1033571428571428,7.398507004806214,0.1075238095238094,7.696765177080135,18370.9155,1.5581368277481873,65479.28999999991,1.613954676705278,31.96005554685116,-17.17362257329242,43.292857425509816,34.64285714285713,55.11904761904759,-65.35714285714288,False,True,False,465,128,0,0,0,0,0,0,0,-0.015032211882605728,0
1757894400000,1.397,1.475,1.351,1.376,24004.58,2025-09-15,-0.0150322118826057,-0.0151463407636729,0.0150322118826057,0.0628594443657386,1.2009279983741017,0.0443381235327094,0.8470786607019789,0.0351724878226911,0.6719694363344477,0.0438638088829137,0.8380168920413394,1.423,1.403302442286545,1.3849,1.4006418470126103,1.3987,1.4191178690055388,1.52306,1.4775493561054125,1.46944,1.5095487953401625,-0.0206405693950179,-2.064056939501789,0.0369253956292388,3.692539562923884,-0.0869276708692766,-8.692767086927672,53.439153439153415,47.32142857142857,34.03582718651211,1.402153710505153,1.4348181344213593,-0.0326644239162063,-0.0445481153076205,0.0118836913914141,0.8636403627481242,1.3987,0.0642586058131755,1.5272172116263512,1.270182788373649,0.1837666570763582,0.4116849808957971,0.1199999999999999,8.720930232558139,0.1004285714285714,7.2985880398671075,0.1024285714285714,7.44393687707641,18919.094,1.2688017724315974,41474.70999999991,1.6123821139892467,32.799760798321124,-6.3018455404795946,55.57631121271911,27.14285714285709,37.6190476190476,-72.85714285714292,True,False,False,465,128,0,0,0,0,0,0,0,0.03197674418604657,1
1757980800000,1.376,1.499,1.373,1.42,16799.21,2025-09-16,0.0319767441860465,0.0314761321020175,0.0319767441860465,0.0634957028757259,1.2130837001394852,0.0451500831143092,0.8625911267272567,0.0360713701577748,0.6891425592332925,0.0438816501765917,0.838357749478456,1.4318,1.4088682948576967,1.394,1.404161511192145,1.39425,1.4192018816203276,1.51738,1.4752814300777082,1.46861,1.5076422007950931,0.0319767441860465,3.197674418604654,0.0684725357411586,6.847253574115875,-0.0589794565937706,-5.897945659377069,52.04359673024521,53.367875647668384,37.37270875763747,1.4048992935049758,1.433720455469084,-0.0288211619641083,-0.0414027246389177,0.0125815626748093,0.8860255404795347,1.39425,0.0590921448159381,1.5124342896318763,1.2760657103681237,0.1695309874583128,0.6089400295090267,0.1248571428571428,8.792756539235414,0.1022857142857142,7.203219315895372,0.1048571428571428,7.3843058350100605,18739.303,0.8964693083835615,58273.91999999991,1.6114493044072968,34.62960322591841,44.56078257877423,56.65542263495782,42.85714285714281,34.880952380952344,-57.14285714285718,True,False,False,465,128,0,0,0,0,0,0,0,-0.13802816901408443,0
1758067200000,1.42,1.42,0.598,1.224,170755.07,2025-09-17,-0.1380281690140844,-0.1485326875230349,0.1380281690140844,0.0625109025767916,1.194269116846062,0.0646329585587748,1.234810939456729,0.0471462097255062,0.9007270720871664,0.0463155031536348,0.8848564453156458,1.372,1.3472455299051311,1.3847,1.3714048727935046,1.3806999999999998,1.4006111983736067,1.5051,1.4653807474278735,1.46576,1.5016121190629277,-0.196323046618516,-19.63230466185161,-0.0706150341685648,-7.061503416856491,-0.1812709030100335,-18.127090301003356,35.767790262172284,39.63730569948187,32.70944741532975,1.3770686329604676,1.4181850910482687,-0.0411164580878011,-0.0413454713286944,0.0002290132408932,0.01871023209912,1.3806999999999998,0.0654973683681897,1.511694736736379,1.2497052632636203,0.1897511939398559,-0.0981156338950888,0.2252857142857142,18.405695611577965,0.1534999999999999,12.540849673202612,0.1397142857142857,11.414565826330533,26531.8375,6.435855413331248,-112481.1500000001,1.5851276327853476,36.9025209836408,-359.60615803760135,39.988025851998266,63.74745417515274,44.58248472505088,-36.25254582484725,False,True,False,465,128,0,0,0,0,0,0,0,0.08660130718954262,1
1758153600000,1.224,1.47,1.1,1.33,43200.34,2025-09-18,0.0866013071895426,0.0830547581435281,0.0866013071895426,0.0835695979626468,1.596594927283695,0.070862632130032,1.3538286859217572,0.0513104832259008,0.9802854056036636,0.0481274936619375,0.9194744753692954,1.3494,1.3414970199367542,1.3844,1.3638767141037638,1.37495,1.3938863132217756,1.49566,1.4600476283861976,1.46412,1.4979690467738038,-0.0783090783090783,-7.830907830907829,-0.00225056264066,-0.2250562640660083,-0.0795847750865051,-7.958477508650517,30.425963488843838,51.75879396984925,44.329896907216494,1.3698273048115408,1.4116526612336149,-0.0418253564220738,-0.0414414483473703,-0.0003839080747035,-0.028865268774703,1.37495,0.064597111716436,1.504144223432872,1.245755776567128,0.1879257041097815,0.3260371137129231,0.2692857142857143,20.24704618689581,0.1737857142857142,13.066595059076262,0.1517619047619047,11.41066953097028,28099.1935,1.5374227733618049,-69280.8100000001,1.5815947046812575,37.97710246279704,-85.06306092594755,48.04618507745261,74.54175152749491,60.38211618659682,-25.45824847250509,True,False,False,465,128,0,0,0,0,0,0,0,-0.05864661654135339,0
1758240000000,1.33,1.346,1.25,1.252,12390.49,2025-09-19,-0.0586466165413533,-0.0604366695557556,0.0586466165413533,0.08588490397612,1.640828786561958,0.0732253563683303,1.398968469113287,0.0528081543398592,1.0088983720601274,0.0476808441775793,0.9109412489522092,1.3204,1.3116646799578362,1.3745999999999998,1.3435354933575965,1.36565,1.3803733144365578,1.48738,1.4518533647802845,1.4618700000000002,1.4927549247124776,-0.1037938439513243,-10.379384395132428,-0.0725925925925926,-7.259259259259265,-0.1293463143254519,-12.9346314325452,30.549898167006106,45.58303886925796,38.29201101928375,1.351700027145764,1.399826201494084,-0.0481261743483201,-0.0427783935475603,-0.0053477808007597,-0.42713904159423,1.36565,0.0683237455832653,1.5022974911665308,1.2290025088334693,0.2001208086501383,0.0841489696232473,0.2534285714285714,20.24189867640347,0.1762142857142856,14.074623459607484,0.1524761904761905,12.178609462954512,28080.1885,0.4412538042613211,-81671.3000000001,1.5805361268710036,35.893698919733204,-92.99865358722842,45.14710497256299,66.59877800407331,68.29599456890698,-33.40122199592668,False,False,True,465,128,0,0,0,0,0,0,0,-0.02635782747603832,0
1758326400000,1.252,1.299,1.166,1.219,22614.67,2025-09-20,-0.0263578274760383,-0.0267114221787722,0.0263578274760383,0.0859157779862327,1.6414186336969503,0.0716187426162846,1.3682741564786034,0.0529907634436844,1.0123871140901346,0.0475621160497163,0.908672951254322,1.289,1.2807764533052242,1.356,1.320892676383462,1.3547,1.36500441029271,1.4796599999999998,1.4426836566737746,1.4603,1.4869598813290024,-0.1140988372093021,-11.40988372093022,-0.1323843416370106,-13.238434163701063,-0.1522948539638385,-15.229485396383858,31.38075313807533,43.750000000000014,37.05357142857143,1.3312846383517611,1.386431314960794,-0.0551466766090327,-0.0452520501598549,-0.0098946264491777,-0.8117002829514158,1.3547,0.0734733034223311,1.5016466068446623,1.2077533931553377,0.2169433924037238,0.038267664310722,0.2542857142857143,20.860189851166066,0.1805714285714285,14.813078635884214,0.1531904761904761,12.566897144419704,28333.860000000004,0.7981499873296471,-104285.9700000001,1.578272193869814,34.525760975324665,-134.55657492354734,41.38785389567221,63.23828920570266,68.12627291242363,-36.76171079429735,False,True,False,465,128,0,0,0,0,0,0,0,-0.03609515996718626,0
1758412800000,1.219,1.246,1.152,1.175,17278.07,2025-09-21,-0.0360951599671862,-0.0367627029030122,0.0360951599671862,0.0806776097214447,1.5413435695144355,0.0719971718490776,1.3755040368195763,0.0532917310243879,1.018137091645883,0.0471290666303555,0.9003995537141825,1.24,1.2455176355368165,1.3359,1.2943667352228074,1.34315,1.346908734001513,1.4729600000000005,1.4321440694590175,1.45843,1.4803651010302,-0.1725352112676055,-17.253521126760557,-0.1460755813953487,-14.607558139534872,-0.1642958748221905,-16.429587482219052,29.940119760479064,42.21491228070177,36.086956521739125,1.3072408478337667,1.3707693538068613,-0.0635285059730945,-0.048907341322503,-0.0146211646505915,-1.2443544383482152,1.34315,0.0825770931662646,1.5083041863325293,1.1779958136674709,0.2459206884302262,-0.0090697478943673,0.2521428571428571,21.458966565349545,0.1812142857142857,15.422492401215804,0.1529523809523809,13.017223910840933,27106.4885,0.6374145437539798,-121564.0400000001,1.5763813502616677,33.62849695148706,-148.798430603237,37.37624066267687,58.75763747454176,62.86490156143924,-41.24236252545825,False,True,False,465,128,0,0,0,0,0,0,0,-0.021276595744680993,0
1758499200000,1.175,1.207,1.12,1.15,22995.77,2025-09-22,-0.0212765957446809,-0.0215062052209637,0.0212765957446809,0.0564963128883616,1.0793605421927266,0.0583468877865684,1.1147157259804494,0.0533327111329269,1.0189200155202096,0.0468950201160922,0.8959281013375882,1.2252,1.2136784236912108,1.2986,1.2681182379095497,1.3316,1.3281555042043658,1.4647799999999995,1.421036878740605,1.45645,1.473390568340191,-0.0604575163398692,-6.045751633986933,-0.2449113591595535,-24.491135915955358,-0.167270094134685,-16.727009413468508,21.99170124481327,40.06514657980457,36.888888888888886,1.283049948165042,1.3544156987559766,-0.0713657505909344,-0.0533990231761894,-0.0179667274147449,-1.5623241230213003,1.3316,0.0925563270890272,1.5167126541780545,1.1464873458219451,0.2780304208141402,0.0094878823753341,0.2468571428571428,21.46583850931677,0.1834285714285714,15.950310559006214,0.1492380952380952,12.977225672877848,27716.2355,0.8296859073808924,-144559.81000000008,1.573686640069087,34.087652320887265,-153.44104257788095,36.93005549833644,56.21181262729124,59.40257976917855,-43.78818737270877,False,True,False,465,128,0,0,0,0,0,0,0,0.07304347826086954,1
1758585600000,1.15,1.402,1.101,1.234,28063.31,2025-09-23,0.0730434782608695,0.0704989831080373,0.0730434782608695,0.0506548597464941,0.9677597366169988,0.065149446634249,1.2446784302836356,0.056298061252796,1.075572950013436,0.0480238621703044,0.9174945985016068,1.206,1.2204522824608073,1.2776999999999998,1.261914921925991,1.3241,1.3191883059578926,1.45756,1.4136748958971626,1.4565099999999995,1.4683432627225264,-0.0721804511278195,-7.218045112781961,-0.1448371448371449,-14.483714483714488,-0.1083815028901733,-10.838150289017335,51.35135135135135,44.12955465587044,41.51414309484193,1.2755038022929717,1.345495830714639,-0.0699920284216673,-0.0567176242252851,-0.0132744041963821,-1.0757215718299975,1.3241,0.0941504395271651,1.5124008790543302,1.13579912094567,0.2844209335463033,0.2607552326561267,0.2718571428571428,22.03056263023848,0.1983571428571428,16.074322759898124,0.1588095238095238,12.86949139461295,28002.5715,1.0021690329404214,-116496.50000000007,1.5711223812114716,35.05094003853154,-67.0008212273101,37.986908403961685,64.76578411405295,59.91174473862865,-35.23421588594705,True,True,False,465,128,0,0,0,0,0,0,0,-0.05672609400324158,0
1758672000000,1.234,1.334,1.159,1.164,10614.8,2025-09-24,-0.0567260940032415,-0.05839857617395,0.0567260940032415,0.0502359624999452,0.959756715958792,0.0663874232947434,1.268329941173092,0.0561709235807134,1.073143988198824,0.0485929971971233,0.9283679079216756,1.1884,1.2016348549738716,1.2544,1.2441122088485288,1.3172,1.3044084563049958,1.4489200000000002,1.4038488390714503,1.4556,1.4619347116392931,-0.0702875399361022,-7.028753993610231,-0.1667859699355762,-16.67859699355763,-0.1059907834101383,-10.599078341013836,25.149700598802383,37.98604187437687,39.22955974842768,1.258349371169965,1.3320514346157155,-0.0737020634457505,-0.0601145120693783,-0.0135875513763722,-1.1673154103412622,1.3172,0.1006853357848388,1.5185706715696776,1.1158293284303222,0.3057556507283293,0.1196069695606339,0.1794285714285714,15.414825724104077,0.2023571428571428,17.384634266077565,0.1621428571428571,13.929798723613157,27518.21,0.3857372990467039,-127111.30000000008,1.5700842652626894,34.85598436566217,-78.8029204748398,34.6535848697542,57.63747454175152,59.53835709436524,-42.36252545824848,False,False,True,465,128,0,0,0,0,0,0,0,-0.04295532646048095,0
1758758400000,1.164,1.203,1.098,1.114,26583.81,2025-09-25,-0.0429553264604809,-0.0439052078041536,0.0429553264604809,0.0518227453909768,0.9900721605257752,0.0669247260673346,1.278595096230053,0.0565338337969579,1.080077378144943,0.0488641906055553,0.9335490507148814,1.1674000000000002,1.1724232366492475,1.2282,1.2204554436033317,1.30655,1.2862743054090326,1.43914,1.3924433139864305,1.45561,1.454617439333791,-0.0861361771944216,-8.613617719442164,-0.1904069767441859,-19.040697674418592,-0.1605124340617933,-16.051243406179342,27.45098039215688,37.207031250000014,38.68217054263567,1.2361417756042474,1.3158991867218486,-0.0797574111176011,-0.0640430918790229,-0.0157143192385782,-1.4106211165689602,1.30655,0.1103913969760156,1.5273327939520314,1.0857672060479688,0.3379630231556867,0.0639379397430882,0.1415714285714286,12.708386765837396,0.2054285714285714,18.440625801487563,0.163047619047619,14.636231512353596,28241.885,0.9412902148705724,-153695.1100000001,1.566919830650802,35.81701585530364,-121.2668828139302,33.84344711350212,52.54582484725052,58.316361167685,-47.454175152749485,False,True,False,465,128,0,0,0,0,0,0,0,-0.0017953321364452268,0
1758844800000,1.114,1.162,1.063,1.112,22071.45,2025-09-26,-0.0017953321364452,-0.0017969456767016,0.0017953321364452,0.0508921949709548,0.9722940197136952,0.0648964649746561,1.2398452224634624,0.0565119449285274,1.0796591919007572,0.0488255513642435,0.932810849046134,1.1548,1.1522821577661653,1.1974,1.2007362720390828,1.2957,1.2696767424099398,1.42906,1.381409376437656,1.4548500000000002,1.44742083422302,-0.0536170212765957,-5.36170212765957,-0.2169014084507041,-21.69014084507041,-0.1632806621519938,-16.32806621519939,30.54545454545456,26.621160409556325,39.38437253354381,1.217043040895096,1.3007952923660295,-0.0837522514709336,-0.0679849237974051,-0.0157673276735285,-1.4179251504971715,1.2957,0.118439458218781,1.5325789164375618,1.058821083562438,0.3656385219380443,0.1122491550479112,0.142,12.769784172661868,0.1977142857142857,17.78006166495375,0.1648095238095238,14.821000342583076,28754.5915,0.7675800228287021,-175766.5600000001,1.5641703020287765,38.50655039157097,-120.61741410537132,26.674509943287006,52.880658436214,54.35465260840534,-47.119341563786,False,True,False,465,128,0,0,0,0,0,0,0,-0.01258992805755399,0
1758931200000,1.112,1.14,1.051,1.098,15483.39,2025-09-27,-0.0125899280575539,-0.0126698527410517,0.0125899280575539,0.0505556831811052,0.9658649709957003,0.0505663514863379,0.9660687886809888,0.056523138786597,1.079873050258897,0.0487756948716171,0.9318583420919294,1.1444,1.1341881051774436,1.1848,1.1820569498501534,1.28475,1.253326567461576,1.4194400000000005,1.370260177852822,1.45373,1.440090142655519,-0.0452173913043476,-4.521739130434767,-0.1029411764705882,-10.294117647058815,-0.1662870159453302,-16.62870159453302,34.285714285714306,28.78228782287825,38.81064162754305,1.198728726910581,1.2857731878052974,-0.0870444608947162,-0.0717968312168673,-0.0152476296778489,-1.3886730125545446,1.28475,0.1262336492799237,1.5372172985598476,1.0322827014401526,0.3930216751272193,0.1301501203021531,0.1357142857142857,12.36013531095498,0.195,17.759562841530055,0.1656190476190476,15.083701968947867,28637.295,0.5406722248033552,-191249.95000000013,1.5621936391408011,40.602870006556216,-114.1368600340648,27.105849907622712,55.49389567147615,53.64012631831355,-44.50610432852386,False,True,False,465,128,0,0,0,0,0,0,0,0.005464480874316946,1
1759017600000,1.098,1.104,1.01,1.104,31772.63,2025-09-28,0.0054644808743169,0.0054496047675646,0.0054644808743169,0.0269059115708449,0.5140367187976134,0.0384614970042823,0.7348058685195721,0.0564203691809862,1.077909639700543,0.0487831381487871,0.9320005457025942,1.1184,1.124125403451629,1.1622,1.1678647771501225,1.2733,1.2391049825217455,1.40982,1.3597869184019404,1.4528900000000002,1.4330474162829856,-0.105348460291734,-10.534846029173412,-0.1699248120300751,-16.992481203007518,-0.1717929482370591,-17.179294823705916,39.82300884955757,31.04786545924969,41.76372712146423,1.1841550766162052,1.2723083154672712,-0.0881532388510659,-0.0750681127437071,-0.0130851261073588,-1.1852469300143869,1.2733,0.1318859555189951,1.5370719110379905,1.0095280889620095,0.414312276820844,0.1790787932388748,0.1357142857142857,12.292960662525878,0.1939285714285714,17.565993788819874,0.166047619047619,15.040545203588682,29479.94,1.0777711894936013,-159477.32000000012,1.55798586274319,44.212777745476686,-112.43167484232654,27.39832740686705,56.15982241953385,54.844792175741325,-43.84017758046615,False,True,False,465,128,0,0,0,0,0,0,0,-0.07608695652173925,0
1759104000000,1.104,1.12,1.0,1.02,23537.32,2025-09-29,-0.0760869565217392,-0.0791373205587239,0.0760869565217392,0.0337307946042327,0.6444259260698797,0.0408415834348879,0.7802773559293856,0.0581820353766769,1.1115662251117122,0.0495969748655892,0.9475488743455563,1.0896,1.0894169356344194,1.139,1.1409802722137314,1.2568,1.2182378319217495,1.39782,1.3464230982247154,1.4520200000000003,1.4244020271983016,-0.1237113402061854,-12.371134020618548,-0.1853035143769967,-18.53035143769968,-0.2444444444444444,-24.44444444444445,2.654867256637175,28.70813397129189,37.82712133227598,1.1589004494438355,1.2536185641642126,-0.0947181147203768,-0.078998113139041,-0.0157200015813357,-1.541176625621151,1.2568,0.142037281984994,1.540874563969988,0.972725436030012,0.4520600954328262,0.0832080199460986,0.1404285714285714,13.76750700280112,0.1936428571428571,18.984593837535016,0.1690952380952381,16.577964519140988,29731.228,0.7916699572584087,-183014.64000000013,1.5547505572213922,46.02740451727079,-113.20923773043928,21.56328833803819,46.836847946725854,52.83018867924528,-53.16315205327415,True,True,False,465,128,0,0,0,0,0,0,0,-0.019607843137254943,0
1759190400000,1.02,1.044,1.0,1.0,21834.17,2025-09-30,-0.0196078431372549,-0.0198026272961797,0.0196078431372549,0.032312531042259,0.6173300387639411,0.0407720583001834,0.7789490800958997,0.0568358447239641,1.0858472888038146,0.0496019276239236,0.9476434966606748,1.0668,1.0596112904229462,1.1171,1.1153474954475946,1.2365499999999998,1.1974532680228156,1.38602,1.332799834435008,1.45156,1.4155289932227724,-0.1023339317773789,-10.23339317773789,-0.1796554552912224,-17.965545529122238,-0.2882562277580071,-28.825622775800717,3.4090909090909207,24.13793103448276,37.13838936669274,1.1344542264519475,1.234831774473128,-0.1003775480211803,-0.0832740001154689,-0.0171035479057114,-1.7103547905711405,1.2365499999999998,0.1485188185843285,1.533587637168657,0.9395123628313428,0.4804296424223157,0.1018181361547672,0.1037142857142857,10.371428571428574,0.1877857142857142,18.77857142857143,0.1668095238095238,16.680952380952384,30010.419,0.7275529875141029,-204848.8100000001,1.5515990199284264,47.8060085030873,-117.96946021791548,17.12295594614322,46.10091743119266,49.69919593248412,-53.89908256880733,False,False,False,465,128,0,0,0,0,0,0,0,0.04400000000000004,1
1759276800000,1.0,1.044,0.999,1.044,34333.54,2025-10-01,0.044,0.043059489460447,0.044,0.0436064645931088,0.8331003362879944,0.0446896171754004,0.8537939373166129,0.0583352897683264,1.114494146153058,0.050134636565205,0.9578208866936948,1.0532,1.0544075269486308,1.104,1.1023752235480302,1.21995,1.1828386656748409,1.3751,1.321443881791048,1.45047,1.4077699583409171,-0.0611510791366907,-6.115107913669069,-0.1114893617021276,-11.148936170212766,-0.2412790697674417,-24.12790697674417,29.411764705882348,36.36363636363637,39.58810068649887,1.120538191612932,1.220695927664358,-0.100157736051426,-0.0866507473026604,-0.0135069887487656,-1.2937728686557155,1.21995,0.1506506851871869,1.521251370374374,0.9186486296256262,0.4939569168808129,0.2080165951761551,0.0851428571428571,8.155446086480572,0.1322857142857143,12.671045429666124,0.1632857142857143,15.640394088669954,31122.568000000007,1.1031718205258638,-170515.2700000001,1.546847364993564,44.73991338523616,-100.68169900367054,33.0201755549279,9.554140127388544,34.16396850176901,-90.44585987261144,False,True,False,465,128,0,0,0,0,0,0,0,-0.029693486590038454,0
1759363200000,1.044,1.044,1.009,1.013,39103.63,2025-10-02,-0.0296934865900384,-0.0301432641939007,0.0296934865900384,0.0443519202454056,0.8473422465279361,0.0449860286141699,0.8594568699029307,0.0512446635011108,0.9790279215271956,0.0471495097758666,0.9007901194607748,1.0362,1.0406050179657538,1.0903,1.086125182902932,1.1944500000000002,1.1666635492573776,1.35998,1.3093167812963922,1.44913,1.3995344691613256,-0.0774134790528234,-7.741347905282348,-0.1191304347826087,-11.913043478260873,-0.334865397242285,-33.4865397242285,25.125628140703498,22.90598290598291,37.93363499245852,1.1039938544414556,1.205310883084235,-0.1013170286427793,-0.0895840035706842,-0.0117330250720951,-1.1582453180745456,1.1944500000000002,0.1393973778353414,1.4732447556706831,0.9156552443293174,0.4668169545325175,0.1745813966918153,0.0751428571428571,7.417853617261323,0.1083571428571428,10.696657735157244,0.162,15.99210266535045,31473.22,1.24244135172696,-209618.9000000001,1.541467968351227,42.88882769170623,-96.70753547320568,19.165140953157877,3.473945409429257,19.70966765600348,-96.52605459057074,False,False,False,465,128,0,0,0,0,0,0,0,-0.047384007897334546,0
1759449600000,1.013,1.033,0.835,0.965,91096.9,2025-10-03,-0.0473840078973345,-0.0485434029096973,0.0473840078973345,0.0444976939503049,0.8501272492495907,0.034731629273735,0.6635468455828738,0.0510797022652338,0.9758763415409264,0.0471919729204228,0.901601376698428,1.0084,1.0154033453105025,1.0634,1.0641024223751243,1.17055,1.147457491145065,1.34548,1.2957806365115785,1.44804,1.3904790273941112,-0.1259057971014493,-12.590579710144938,-0.2179902755267423,-21.799027552674232,-0.3312543312543313,-33.125433125433126,21.459227467811147,24.14414414414415,35.814296241709656,1.0826101845271052,1.187509904393517,-0.1048997198664114,-0.0926471468298296,-0.0122525730365817,-1.2696966877286822,1.17055,0.1354615793267032,1.4414731586534066,0.8996268413465934,0.4628989084676547,0.1206488935429819,0.0892857142857143,9.252405625462623,0.1156428571428571,11.983715766099188,0.1615714285714286,16.743153219837158,35157.877499999995,2.591080761345733,-300715.8000000001,1.5275424498731465,42.64405630007885,-130.06984291336516,16.08850252555692,22.927689594356263,11.985258377058017,-77.07231040564373,False,True,False,465,128,0,0,0,0,0,0,0,-0.062176165803108696,0
1759536000000,0.965,1.0,0.883,0.905,37760.95,2025-10-04,-0.0621761658031086,-0.0641931576390596,0.0621761658031086,0.0408492884357314,0.7804245597638115,0.0353441627521392,0.6752492812562946,0.0519346889334625,0.992210838902026,0.0470063303499401,0.8980546803693029,0.9854,0.9786022302070018,1.0375,1.0351747092160088,1.14595,1.1243662952007876,1.33214,1.2804193513196789,1.44566,1.3803724160087676,-0.1127450980392157,-11.274509803921568,-0.2225085910652919,-22.2508591065292,-0.3521832498210451,-35.21832498210451,15.331010452961678,23.024054982817876,31.64464023494861,1.0552855407534014,1.1665830569996696,-0.1112975162462681,-0.0963772207131173,-0.0149202955331507,-1.648651440127159,1.14595,0.1368404660833017,1.4196309321666036,0.8722690678333964,0.4776489937023493,0.0597976115973593,0.0932857142857143,10.307813733228102,0.1145,12.65193370165746,0.1610952380952381,17.800578795053937,35614.705,1.0602628886017726,-338476.7500000001,1.521815103904122,41.36675205122453,-128.24249203942756,15.823316074982287,12.345679012345691,12.9157713387104,-87.65432098765432,False,False,True,465,128,0,0,0,0,0,0,0,0.017679558011049812,1
1759622400000,0.905,1.0,0.885,0.921,41213.46,2025-10-05,0.0176795580110498,0.0175250925553808,0.0176795580110498,0.044827004826436,0.8564187247041604,0.0369494613439501,0.7059184677899738,0.0526155887405667,1.0052194114513038,0.047129554570556,0.9004088757986239,0.9696,0.959401486804668,1.0182,1.0144156711767334,1.1232,1.1049980718205803,1.319,1.2662921755243632,1.4431299999999998,1.3708189918426137,-0.0789999999999999,-7.899999999999996,-0.1732495511669659,-17.324955116696593,-0.3306686046511626,-33.06686046511627,27.39726027397262,27.075812274368246,33.13565604151225,1.034626226791146,1.1483915682769947,-0.1137653414858488,-0.0998548448676636,-0.0139104966181851,-1.510368796762774,1.1232,0.1343814680205904,1.3919629360411807,0.8544370639588192,0.478566481554809,0.1238320599961406,0.0962857142857143,10.45447494958896,0.116,12.595005428881652,0.1613809523809524,17.52236182203609,36475.149,1.1299051855826552,-297263.2900000001,1.5157500250880478,39.81051702160015,-116.45538347513228,23.5488388089812,15.16754850088185,16.813639035861264,-84.83245149911815,False,False,False,465,128,0,0,0,0,0,0,0,0.07166123778501632,1
1759708800000,0.921,1.0,0.894,0.987,31298.91,2025-10-06,0.0716612377850163,0.0692100031781747,0.0716612377850163,0.0546407904138526,1.0439108350924702,0.0466148439298893,0.8905753428160347,0.0553004247944891,1.056513132239537,0.048467201395193,0.9259645825003274,0.9582,0.968600991203112,1.0057,1.0094310036900545,1.10155,1.0937601577042193,1.3069799999999998,1.255315428984506,1.44126,1.362844760578877,-0.0545977011494253,-5.4597701149425335,-0.1124100719424461,-11.241007194244611,-0.3049295774647886,-30.492957746478872,47.54716981132076,36.30252100840336,28.864353312302853,1.0272991149770652,1.136436545308765,-0.1091374303316998,-0.1017113619604709,-0.0074260683712289,-0.7523878795571386,1.10155,0.1179194528838291,1.3373889057676585,0.8657110942323417,0.4281946453046314,0.2571435475687556,0.0942857142857143,9.552757273122015,0.1173571428571428,11.89028803010566,0.1605238095238095,16.263810488734503,37200.134000000005,0.8413655176618449,-265964.3800000001,1.511421962640222,37.85040907123056,-95.97569194567242,29.83260044427368,26.80776014109348,18.106995884773667,-73.19223985890652,False,False,False,465,128,0,0,0,0,0,0,0,-0.07092198581560283,0
1759795200000,0.987,0.989,0.917,0.917,13058.86,2025-10-07,-0.0709219858156028,-0.0735625671770167,0.0709219858156028,0.0610892748496372,1.1671089572545923,0.050353336789616,0.9619991486143328,0.0492462143572758,0.94084760424354,0.0492297556134471,0.9405331603842052,0.939,0.9514006608020744,0.9876,0.9926253666554984,1.0862,1.076925853562651,1.2943,1.242020097213247,1.43845,1.3535908943081671,-0.0947680157946692,-9.476801579466915,-0.1648451730418944,-16.48451730418944,-0.2508169934640523,-25.081699346405223,28.178694158075587,22.719449225473326,29.093799682034984,1.0103300203650951,1.1201818705939708,-0.1098518502288756,-0.1033394596141518,-0.0065123906147238,-0.7101843636558146,1.0862,0.1210800518143636,1.3283601036287274,0.8440398963712729,0.4458849265857618,0.150644351681868,0.0982857142857143,10.718180401931766,0.101,11.014176663031623,0.1579523809523809,17.22490522926728,29315.3235,0.445461910048511,-279023.2400000001,1.5095733872293382,41.812379918550725,-97.82271438506372,23.46671496227019,16.432865731462936,19.46939145781275,-83.56713426853706,False,False,True,465,128,0,0,0,0,0,0,0,-0.028353326063249806,0
1759881600000,0.917,0.99,0.832,0.891,50469.3,2025-10-08,-0.0283533260632498,-0.0287630447856556,0.0283533260632498,0.0593877606262228,1.134601573660157,0.049831780741439,0.952034834304892,0.0433400075134,0.8280096809279914,0.0484350485515174,0.9253503032844198,0.9242,0.931267107201383,0.9663,0.974148027263589,1.06425,1.0592186261706695,1.28338,1.2282266334637382,1.43555,1.3439985979317317,-0.0766839378238342,-7.668393782383415,-0.1929347826086956,-19.29347826086957,-0.3300751879699248,-33.007518796992485,28.67132867132868,24.581005586592184,29.563812600969317,0.9919715556934378,1.1032053237482495,-0.1112337680548117,-0.1049183213022838,-0.0063154467525279,-0.7088043493297357,1.06425,0.1141503509919243,1.2925507019838485,0.8359492980161513,0.4290358505686608,0.1205662126867734,0.1144285714285714,12.842712842712844,0.0997857142857143,11.199294532627867,0.1263333333333333,14.178825289936404,29678.771499999995,1.7005185002350929,-329492.5400000001,1.5020867802004612,45.77102007073669,-111.73454793495732,21.853192267237414,15.902964959568743,19.714530277375047,-84.09703504043125,True,True,False,465,128,0,0,0,0,0,0,0,0.012345679012345734,1
1759968000000,0.891,0.958,0.839,0.902,23185.41,2025-10-09,0.0123456790123457,0.0122700925918144,0.0123456790123457,0.0534625850295455,1.021401252831182,0.046527097579371,0.8888989511432185,0.0428209729993438,0.8180935404602849,0.0481038119326628,0.919022036566775,0.9236,0.921511404800922,0.9545,0.9610302041247544,1.04675,1.0442454211969974,1.27164,1.2154084593548604,1.4338499999999998,1.3348418567360367,-0.0033149171270718,-0.3314917127071826,-0.1156862745098039,-11.568627450980392,-0.2795527156549521,-27.95527156549521,37.34939759036145,28.714859437751,30.70032573289903,0.9781297778943808,1.0883011346590603,-0.1101713567646797,-0.105968928394763,-0.0042024283699167,-0.465901149658171,1.04675,0.1106263864022577,1.2680027728045156,0.8254972271954846,0.4227423411598098,0.1728854554788072,0.1264285714285714,14.016471333544503,0.1007857142857143,11.173582515045934,0.1143809523809523,12.680815119839512,30218.5175,0.7672583540870264,-306307.1300000001,1.498682828294995,49.460495459204985,-106.13047179891552,22.293913949814534,21.21212121212124,17.849317301050966,-78.78787878787877,False,False,True,465,128,0,0,0,0,0,0,0,-0.188470066518847,0
1760054400000,0.902,0.96,0.687,0.732,76912.32,2025-10-10,-0.188470066518847,-0.2088340061013121,0.188470066518847,0.0979038837184182,1.8704510721239376,0.0730070527732468,1.394797784785312,0.0577476639274459,1.1032675702263683,0.0540970839424788,1.0335233375420476,0.8858,0.8583409365339479,0.9277,0.9193883488293436,1.0224,1.0145077575768358,1.25568,1.196415713637094,1.43001,1.3223643911309733,-0.2052117263843649,-20.52117263843649,-0.268,-26.8,-0.3995077932731747,-39.95077932731748,25.905292479108624,21.471471471471475,24.593796159527344,0.9402636582181684,1.0619083087532342,-0.1216446505350659,-0.1091040728228235,-0.0125405777122423,-1.7131936765358358,1.0224,0.1235579557173606,1.2695159114347212,0.7752840885652788,0.4834035826187817,-0.0875785138924832,0.1371428571428571,18.73536299765808,0.1132142857142857,15.466432474629196,0.1228095238095238,16.777257351027846,32933.4,2.335389604474485,-383219.4500000001,1.4856987980843226,51.99765074832597,-161.95398804094458,20.67765015261945,9.933774834437074,15.682953668709011,-90.06622516556293,True,True,False,465,128,0,0,0,0,0,0,0,0.004098360655737654,1
1760140800000,0.732,0.822,0.675,0.735,112913.3,2025-10-11,0.0040983606557376,0.004089985251525,0.0040983606557376,0.0818583138959326,1.5639008910950962,0.0696394554322965,1.3304599279237943,0.0579850555855526,1.1078029314863564,0.0517653374598707,0.9889753835419862,0.8353999999999999,0.817227291022632,0.8968,0.8858631944967351,1.0004,0.9878879675299672,1.2368,1.178288379080544,1.42594,1.310218154268595,-0.2553191489361702,-25.53191489361702,-0.2959770114942529,-29.59770114942529,-0.3744680851063829,-37.4468085106383,23.121387283237,22.29007633587787,28.9405684754522,0.9086846338768028,1.0376927516688388,-0.1290081177920359,-0.113084881816666,-0.0159232359753698,-2.166426663315629,1.0004,0.133711551286226,1.2678231025724522,0.7329768974275478,0.5346323522040228,0.0037825875045782,0.1414285714285714,19.241982507288625,0.1173571428571428,15.966958211856172,0.1234761904761904,16.799481697440882,37715.1615,2.99384373576128,-270306.15000000014,1.466191307191114,54.50918713654556,-170.43945671823275,18.24455728994052,13.483146067415715,14.876347371324671,-86.51685393258428,False,True,False,465,128,0,0,0,0,0,0,0,0.12925170068027203,1
1760227200000,0.735,0.949,0.72,0.83,49062.41,2025-10-12,0.129251700680272,0.1215552015778068,0.129251700680272,0.1142237529687825,2.182241736364193,0.0863815282726433,1.6503167804248606,0.0670711738991595,1.281392978128538,0.0556366649355261,1.0629369911142523,0.818,0.8214848606817546,0.8785000000000001,0.8757062500427831,0.9844,0.9728510163958972,1.22004,1.164606370123637,1.42318,1.300296321716906,-0.0948745910577972,-9.487459105779724,-0.1806515301085883,-18.065153010858836,-0.2782608695652173,-27.82608695652174,29.066666666666663,31.586021505376337,28.26086956521739,0.8965793055880288,1.0223080288015858,-0.125728723213557,-0.1156136500960442,-0.0101150731175127,-1.2186835081340648,0.9844,0.1340135107093021,1.2524270214186042,0.7163729785813956,0.5445490073518983,0.2119693395412207,0.1577142857142856,19.001721170395864,0.127,15.301204819277109,0.1299047619047619,15.651176133103844,39018.4935,1.2574142566524258,-221243.7400000001,1.4590368365968307,54.0302716871052,-101.65693545841876,25.119338555919285,34.83146067415728,19.41612719200335,-65.16853932584272,True,False,False,465,128,0,0,0,0,0,0,0,0.09638554216867479,1
1760313600000,0.83,0.99,0.81,0.91,39006.16,2025-10-13,0.0963855421686747,0.0920188987202521,0.0963855421686747,0.1236037223303674,2.361445799395306,0.0923758895342753,1.76483889152686,0.068844459796334,1.315271557624852,0.0576229119887763,1.1008841877846134,0.8218,0.8509899071211698,0.873,0.8819414773077318,0.9681999999999998,0.9668652046458944,1.2060000000000002,1.154605203255456,1.42077,1.2922392945291548,0.021324354657688,2.132435465768801,-0.0569948186528497,-5.699481865284968,-0.2625607779578606,-26.25607779578606,49.090909090909086,42.56756756756757,35.15625,0.8986440278052603,1.0139888782080986,-0.1153448504028382,-0.115559890157403,0.0002150397545647,0.0236307422598681,0.9681999999999998,0.1212260177042112,1.2106520354084225,0.7257479645915773,0.5008304800835006,0.3799762602488384,0.1682857142857142,18.49293563579277,0.1312857142857142,14.427001569858708,0.1343333333333333,14.761904761904765,39565.636000000006,0.985859547411294,-182237.58000000013,1.454089333025946,53.01686630476778,-51.185757006745895,30.66779194417461,63.68563685636857,37.33341453264718,-36.31436314363144,True,False,False,465,128,0,0,0,0,0,0,0,-0.02857142857142858,0
1760400000000,0.91,0.936,0.858,0.884,45774.56,2025-10-14,-0.0285714285714285,-0.0289875368732522,0.0285714285714285,0.1248179032175473,2.3846426926739213,0.090530290660364,1.7295787745498177,0.0681835295561442,1.3026445031157814,0.0562107832833926,1.073905506749255,0.8182,0.8619932714141133,0.8709,0.8823157541608715,0.9542,0.9589732796010269,1.19466,1.143976280984988,1.41827,1.2838189488100138,-0.0199556541019956,-1.995565410199558,-0.0232044198895028,-2.320441988950278,-0.240549828178694,-24.05498281786941,49.090909090909086,42.22520107238606,35.37117903930131,0.8963911004506002,1.0043600323882234,-0.1079689319376231,-0.1140416985134471,0.0060727665758239,0.6869645447764666,0.9542,0.113334901949932,1.180869803899864,0.7275301961001358,0.475099148815477,0.345149202072341,0.1691428571428571,19.133807369101486,0.1337142857142857,15.126050420168069,0.1237142857142857,13.994828700711055,41323.624,1.1077092367310284,-228012.14000000013,1.44828423005332,51.79822778574903,-53.47867149378254,29.72072903717239,56.63956639566394,51.71888797539659,-43.36043360433605,False,False,True,465,128,0,0,0,0,0,0,0,-0.05429864253393668,0
1760486400000,0.884,0.898,0.826,0.836,17392.1,2025-10-15,-0.0542986425339366,-0.0558284495529418,0.0542986425339366,0.0797868153553736,1.5243249670466124,0.0919521261113987,1.7567429027004495,0.0685063654850442,1.3088122748771949,0.056165071433688,1.0730321830868903,0.8390000000000001,0.8533288476094089,0.8623999999999998,0.873894707949804,0.9403,0.9472615376220612,1.1812399999999998,1.1318802427640318,1.41513,1.2745898379608362,0.1420765027322403,14.207650273224044,-0.0922909880564604,-9.229098805646045,-0.2495511669658887,-24.95511669658888,42.18009478672985,36.13333333333333,35.248041775456926,0.8871001619197222,0.9918888708760748,-0.1047887089563527,-0.1121911006020282,0.0074023916456755,0.8854535461334339,0.9403,0.1096938802687815,1.159687760537563,0.720912239462437,0.4666335436298267,0.2622930291452105,0.1568571428571428,18.76281613123718,0.1356428571428571,16.225222146274778,0.1188095238095238,14.211665527455002,40864.0385,0.4256089373055969,-245404.2400000001,1.4459559989414976,54.83789928167091,-79.2042681196436,24.72484583720949,43.63143631436312,54.65221318879853,-56.36856368563687,False,True,False,465,128,0,0,0,0,0,0,0,-0.05023923444976064,0
1760572800000,0.836,0.877,0.755,0.794,23869.44,2025-10-16,-0.0502392344497606,-0.0515451518375657,0.0502392344497606,0.0874250261962509,1.6702527802630769,0.088576927799998,1.6922598295023763,0.0689830736026503,1.3179197706761456,0.0564231329104947,1.0779624406786643,0.8507999999999999,0.8335525650729393,0.8431,0.8593683974134758,0.9244,0.9326651995052474,1.16694,1.118610498950676,1.40776,1.2646933380109824,0.0802721088435374,8.027210884353748,-0.1955420466058763,-19.554204660587637,-0.2859712230215827,-28.59712230215828,60.54421768707484,35.61103810775296,34.73413379073757,0.8727770600858974,0.9772303837547012,-0.1044533236688038,-0.1106435452153833,0.0061902215465794,0.7796248799218496,0.9244,0.1064965529464425,1.137393105892885,0.7114068941071151,0.4608245475830483,0.1938868057410772,0.1572857142857142,19.80928391507736,0.1418571428571428,17.86613889888449,0.1196190476190476,15.065371236655873,40953.938,0.5828362586279248,-269273.6800000001,1.442551559816274,57.518760799699415,-108.8311496039678,25.62961538988337,33.240223463687165,44.50374205790474,-66.75977653631284,False,True,False,465,128,0,0,0,0,0,0,0,0.05163727959697728,1
1760659200000,0.794,0.918,0.749,0.835,44861.75,2025-10-17,0.0516372795969772,0.0503482636037197,0.0516372795969772,0.0674550750127668,1.288727398605682,0.088900268600851,1.6984372468289086,0.0705477979532572,1.3478137874200442,0.0571181316739508,1.091240373410835,0.8518000000000001,0.8340350433819594,0.8349,0.8549377797019346,0.91125,0.9233637512412066,1.15374,1.107472762628528,1.4003800000000002,1.2558519078082977,0.0060240963855422,0.6024096385542175,-0.0894220283533261,-8.942202835332614,-0.2395264116575592,-23.952641165755928,65.06024096385542,41.37931034482757,32.23508459483527,0.8669652046880597,0.9666947650061174,-0.0997295603180576,-0.1084607482359182,0.0087311879178605,1.0456512476479705,0.91125,0.0999699296894122,1.1111898593788243,0.7113101406211755,0.4388254801181332,0.3093176612284955,0.1424285714285714,17.057313943541487,0.1397857142857142,16.740804106073565,0.1229523809523809,14.724836042201314,42422.856,1.0574900944905736,-224411.9300000001,1.4365023086038362,56.729392420768896,-78.42039800995029,35.29484173049363,49.23076923076921,42.03414300293983,-50.76923076923079,True,True,False,465,128,0,0,0,0,0,0,0,-0.05628742514970053,0
1760745600000,0.835,0.918,0.751,0.788,30954.43,2025-10-18,-0.0562874251497005,-0.0579336349929762,0.0562874251497005,0.0456283886138631,0.8717291404654703,0.0901243544027065,1.7218233732366963,0.0711306435712044,1.3589490373158266,0.0574005483310305,1.0966359360683853,0.8273999999999999,0.8186900289213064,0.8246,0.8427672743015829,0.89545,0.9104719645408028,1.1406,1.094927367657087,1.3925,1.2462327682875436,-0.134065934065934,-13.406593406593409,-0.1156004489337823,-11.560044893378224,-0.286231884057971,-28.623188405797105,42.6056338028169,42.10526315789473,32.90909090909091,0.8548167116591145,0.9534580753018806,-0.0986413636427661,-0.1064968713172878,0.0078555076745217,0.9968918368682378,0.89545,0.0926029867655223,1.0806559735310448,0.7102440264689552,0.4136601117450327,0.2099175638036618,0.1452857142857143,18.437273386511965,0.1433571428571428,18.192530819434367,0.1266666666666666,16.074450084602372,42381.946,0.7303683035224481,-255366.3600000001,1.4322958091420344,56.59536290534827,-85.4159971654348,35.97392912071078,34.76923076923077,39.08007448789571,-65.23076923076923,False,False,False,465,128,0,0,0,0,0,0,0,0.031725888324873,1
1760832000000,0.788,0.832,0.772,0.813,14984.89,2025-10-19,0.031725888324873,0.0312330196899313,0.031725888324873,0.0527102022287112,1.0070269996042551,0.0908260317180962,1.7352288995244014,0.0702779930284816,1.3426591715698468,0.0577050443442011,1.102453324231765,0.8131999999999999,0.8167933526142042,0.8157,0.837355042610386,0.8851000000000001,0.9011889197333832,1.1281,1.083856935906556,1.3807000000000005,1.2373321548182676,-0.080316742081448,-8.031674208144803,-0.098669623059867,-9.866962305986704,-0.2029411764705883,-20.29411764705883,28.82096069868992,42.79999999999999,35.999999999999986,0.8483833714038602,0.9430537439922118,-0.0946703725883515,-0.1041315715715005,0.009461198983149,1.1637391123184533,0.8851000000000001,0.0894644298619686,1.0640288597239371,0.7061711402760629,0.4043133199049536,0.298523278717473,0.1211428571428571,14.900720435775789,0.1394285714285714,17.149885784572135,0.125047619047619,15.381010952966673,41954.3245,0.3571715235219673,-240381.4700000001,1.4302361575306557,56.58943460810344,-89.00169204737729,29.92465419706157,42.46153846153844,42.15384615384614,-57.53846153846156,False,False,True,465,128,0,0,0,0,0,0,0,-0.01599015990159891,0
1760918400000,0.813,0.875,0.776,0.8,18075.28,2025-10-20,-0.0159901599015989,-0.0161193818798831,0.0159901599015989,0.0482552563705275,0.9219153784896144,0.0651820837420111,1.2453019613519254,0.0702535277589518,1.342191763251772,0.0576946416621675,1.102254581270571,0.806,0.8111955684094694,0.8225,0.8305632166812249,0.8751,0.8915518792276798,1.11534,1.0727113073900174,1.36987,1.2283539886764578,-0.0430622009569376,-4.306220095693771,0.092896174863388,9.289617486338807,-0.1999999999999999,-20.0,30.55555555555553,36.58536585365854,35.63535911602209,0.8409397758032606,0.9324571426044396,-0.0915173668011788,-0.1016087306174362,0.0100913638162574,1.261420477032175,0.8751,0.0870915428850934,1.049283085770187,0.7009169142298132,0.3980872717865087,0.2844222369011042,0.1095714285714285,13.696428571428571,0.1389285714285714,17.366071428571427,0.124047619047619,15.505952380952378,41766.38,0.4327710469521179,-258456.7500000001,1.4278144374366326,56.26334861264813,-68.85475222132995,27.618013143419702,39.68253968253969,38.971102971102965,-60.31746031746032,True,False,False,465,128,0,0,0,0,0,0,0,0.014999999999999902,1
1761004800000,0.8,0.831,0.783,0.812,26511.08,2025-10-21,0.0149999999999999,0.0148886124937505,0.0149999999999999,0.0423845742903633,0.8097561548318072,0.0651492372419684,1.2446744298497323,0.0694031370093772,1.3259450707932705,0.0577735894680085,1.1037628769833523,0.8096,0.8114637122729796,0.8301999999999999,0.8271880863755476,0.8634999999999999,0.883975509399657,1.10346,1.0624749951130088,1.3603300000000005,1.2198127047573786,0.0226700251889169,2.26700251889169,0.1047619047619048,10.476190476190489,-0.2222222222222222,-22.22222222222222,43.33333333333334,41.78403755868545,36.808118081180815,0.8364875026027561,0.9235343696578324,-0.0870468670550763,-0.0986963579049642,0.0116494908498879,1.434666360823634,0.8634999999999999,0.0784309954841349,1.0203619909682695,0.7066380090317301,0.3633167133023041,0.3358429608023484,0.1052857142857142,12.96622097114708,0.1372142857142857,16.898311048557353,0.1242380952380952,15.30025803424818,41375.257,0.6407471982590949,-231945.6700000001,1.4242489028206116,50.9753526195489,-69.91959064327484,27.08447738801179,43.4920634920635,41.878713878713874,-56.5079365079365,False,False,True,465,128,0,0,0,0,0,0,0,0.09605911330049266,1
1761091200000,0.812,0.918,0.795,0.89,47381.22,2025-10-22,0.0960591133004926,0.0917211225645076,0.0960591133004926,0.0567639531819077,1.084473802821352,0.059065314392935,1.12844124702296,0.0731335597436502,1.3972146970612604,0.0596434077115535,1.1394857043675504,0.8206,0.8376424748486531,0.8362,0.8386084343072662,0.85735,0.8845492704350973,1.09364,1.055703427089048,1.35313,1.2130515872005787,0.0658682634730538,6.586826347305395,0.072289156626506,7.228915662650609,-0.1214215202369199,-12.142152023691994,72.22222222222226,49.927641099855286,40.7439446366782,0.8447201945100288,0.9210503366969466,-0.0763301421869178,-0.0942231147613549,0.0178929725744371,2.0104463566783357,0.85735,0.0705141083307804,0.9983782166615608,0.7163217833384392,0.3289863338462955,0.6157569767699519,0.1125714285714285,12.64847512038523,0.1347142857142857,15.136436597110754,0.1279523809523809,14.376672017121455,41789.1365,1.1338166798445333,-184564.4500000001,1.4185787926939597,45.21896689694303,3.7048665620094297,36.109384344314485,68.25396825396825,50.47619047619048,-31.746031746031743,True,False,False,465,128,0,0,0,0,0,0,0,-0.05730337078651693,0
1761177600000,0.89,0.909,0.802,0.839,19813.04,2025-10-23,-0.0573033707865169,-0.0590107562589794,0.0573033707865169,0.0570798428708647,1.090508866854989,0.0533911433640611,1.0200363617285573,0.0734772136764466,1.403780196228663,0.0600490095345803,1.1472347163160217,0.8308,0.8380949832324354,0.8291000000000001,0.8386796280695814,0.8510499999999999,0.8802112445023124,1.08274,1.0471957864683992,1.34471,1.2053889259995278,0.0647208121827409,6.472081218274103,-0.078021978021978,-7.802197802197809,-0.1305699481865284,-13.05699481865285,50.8849557522124,45.6908344733242,41.94122885129119,0.8438401645854087,0.9149725213397604,-0.0711323567543515,-0.0896049631599543,0.0184726064056027,2.2017409303459754,0.8510499999999999,0.0658654729453651,0.98278094589073,0.7193190541092697,0.3095727534004587,0.4542628350592909,0.1104285714285714,13.161927464668825,0.1338571428571428,15.954367444236334,0.1313809523809523,15.659231511436516,38224.9435,0.5183275156443331,-204377.4900000001,1.4161669358149902,39.55270953337308,-13.504388926401235,36.421333669212125,52.06349206349204,54.60317460317459,-47.93650793650795,False,False,True,465,128,0,0,0,0,0,0,0,-0.0345649582836709,0
1761264000000,0.839,0.861,0.777,0.81,20622.1,2025-10-24,-0.0345649582836709,-0.0351764588007215,0.0345649582836709,0.0595491442154835,1.1376848028037945,0.0536951394910653,1.0258441995801364,0.0725873103552131,1.3867786171485603,0.0597210158800506,1.1409684063448124,0.8301999999999999,0.8287299888216236,0.8217000000000001,0.8334651502387485,0.8463,0.8735244590646803,1.0729,1.0378840354699128,1.33377,1.197294690344375,-0.0036900369003688,-0.369003690036887,-0.0837104072398189,-8.371040723981896,-0.1049723756906076,-10.49723756906077,55.288461538461554,56.61016949152544,41.6077738515901,0.8386339854184207,0.9071967640462728,-0.0685627786278521,-0.0853965262535338,0.0168337476256817,2.078240447615036,0.8463,0.0651921047851396,0.9766842095702792,0.7159157904297208,0.3081276369379163,0.3607960269129304,0.0982857142857142,12.134038800705463,0.1203571428571428,14.85890652557319,0.1259523809523809,15.549676660787767,37368.001,0.5518652175159168,-224999.5900000001,1.4135287737480369,35.852544664105906,-54.41211260941567,40.24253620401434,42.85714285714287,54.39153439153438,-57.14285714285713,False,True,False,465,128,0,0,0,0,0,0,0,-0.016049382716049387,0
1761350400000,0.81,0.828,0.77,0.797,11916.54,2025-10-25,-0.0160493827160493,-0.0161795688762694,0.0160493827160493,0.0595532847490323,1.137763907586172,0.0512938604933015,0.979967828743266,0.0724743297505787,1.3846201257277753,0.059605301371439,1.1387576837618822,0.8296000000000001,0.8181533258810824,0.8178000000000001,0.8268351229226124,0.8401000000000002,0.8662364151007276,1.0622999999999998,1.0284278893426777,1.32448,1.1891055094127954,-0.00375,-0.3750000000000003,-0.0466507177033491,-4.66507177033492,-0.1346362649294245,-13.463626492942456,45.91836734693879,55.16666666666667,38.78292461398728,0.8322287568925076,0.899034026230674,-0.0668052693381663,-0.0816782748704603,0.014873005532294,1.866123655243921,0.8401000000000002,0.0635907143171805,0.9672814286343612,0.7129185713656392,0.3027768804531864,0.3305570221108694,0.0827142857142856,10.378203979207736,0.1139999999999999,14.303638644918443,0.1231428571428571,15.450797633984582,35903.155,0.331907878290919,-236916.1300000001,1.4119700898172272,32.25902904527384,-73.63571669350901,48.89558340891817,28.518518518518544,41.14638447971782,-71.48148148148145,False,True,False,465,128,0,0,0,0,0,0,0,0.06649937264742767,1
1761436800000,0.797,0.89,0.751,0.85,31631.46,2025-10-26,0.0664993726474276,0.0643816706941469,0.0664993726474276,0.0666865659270964,1.2740450531395575,0.0527633508609321,1.008042402797098,0.0721969514684028,1.379320821087605,0.0605267054891992,1.1563610847146033,0.8371999999999999,0.8287688839207216,0.8234,0.8310469187548646,0.8332499999999999,0.864690089806294,1.05272,1.0214238047494992,1.3161500000000002,1.1821726766782836,0.0467980295566501,4.679802955665015,0.070528967254408,7.052896725440798,-0.1388044579533941,-13.880445795339414,60.593220338983045,51.792114695340494,42.7426536064114,0.8349627942936609,0.8954018701436071,-0.0604390758499461,-0.0774304350663575,0.0169913592164114,1.9989834372248725,0.8332499999999999,0.0535142627323812,0.9402785254647624,0.7262214745352373,0.2568941505304833,0.5782501670805261,0.0939999999999999,11.05882352941176,0.1075714285714285,12.65546218487395,0.1242857142857142,14.621848739495796,35919.7825,0.8806139068353211,-205284.67000000013,1.4080845187365918,31.14661812962623,-18.483165567511172,46.64649589883009,41.90871369294605,37.76145835620248,-58.09128630705395,True,True,False,465,128,0,0,0,0,0,0,0,0.0,0
1761523200000,0.85,0.887,0.81,0.85,21571.69,2025-10-27,0.0,0.0,0.0,0.0469442917970682,0.8968694354808983,0.0505045532951173,0.9648881358954848,0.0705055208211245,1.3470060839447533,0.0605342203437173,1.1565046558085827,0.8291999999999999,0.8358459226138143,0.8249000000000001,0.8344929335267074,0.8299,0.8632910335960007,1.04338,1.0146949221682655,1.30737,1.175385942455121,-0.0449438202247191,-4.494382022471914,0.0179640718562874,1.7964071856287442,-0.0730643402399128,-7.306434023991281,58.48214285714285,43.723849372384926,44.65116279069767,0.8372762105561752,0.8920387635109664,-0.0547625529547912,-0.0728968586440442,0.018134305689253,2.133447728147414,0.8299,0.0499756782950816,0.9298513565901632,0.7299486434098367,0.2408756635502188,0.6005489104185813,0.0908571428571428,10.689075630252098,0.1002142857142857,11.789915966386555,0.1229047619047618,14.4593837535014,36345.424,0.5935187329221967,-205284.67000000013,1.40554897367599,29.959988953866624,25.570868801513413,43.77974340129644,54.010695187165744,41.47930913287678,-45.989304812834256,False,False,True,465,128,0,0,0,0,0,0,0,0.05882352941176472,1
1761609600000,0.85,0.905,0.832,0.9,34882.61,2025-10-28,0.0588235294117647,0.0571584138399486,0.0588235294117647,0.0453277491790652,0.865985432128445,0.0485953530404636,0.928412916245494,0.0714372433079007,1.3648066170607316,0.0611901835929354,1.1690368160883806,0.8413999999999999,0.8572306150758763,0.8361000000000001,0.8464033092491242,0.8303499999999999,0.8667871257209909,1.03472,1.0101929806746657,1.29805,1.1697629764245148,0.0727056019070322,7.270560190703225,0.1421319796954314,14.213197969543144,0.0101010101010101,1.010101010101011,52.55102040816326,51.59362549800797,49.76525821596245,0.8469260243167657,0.892628485566999,-0.0457024612502333,-0.0674579791652821,0.0217555179150487,2.4172797683387497,0.8303499999999999,0.0505915272706785,0.931533054541357,0.7291669454586428,0.2437118192120362,0.844178184359574,0.0944285714285714,10.49206349206349,0.0998571428571428,11.095238095238091,0.1229523809523809,13.661375661375658,35566.0895,0.9807828324786731,-170402.0600000001,1.4017155739447864,29.017743970170866,93.2497520895312,55.30731837363309,89.34911242603549,61.75617376871575,-10.650887573964503,True,False,False,465,128,0,0,0,0,0,0,0,-0.03222222222222226,0
1761696000000,0.9,0.918,0.848,0.871,32283.14,2025-10-29,-0.0322222222222222,-0.0327527864718079,0.0322222222222222,0.0446957715781354,0.8539115170157703,0.0502445602165951,0.9599209751047502,0.0718245281649051,1.372205683864707,0.0612400445312948,1.1699894079781945,0.8535999999999999,0.8618204100505841,0.8419000000000001,0.8508754348401927,0.8288,0.8671883518517844,1.0251400000000002,1.004729650336048,1.28873,1.1636664451732168,0.0753086419753086,7.530864197530857,0.0713407134071342,7.134071340713414,-0.0343680709534368,-3.436807095343684,59.19540229885059,53.6231884057971,47.6808905380334,0.8506297128834177,0.8910263734255182,-0.0403966605421004,-0.0620457154406457,0.0216490548985453,2.4855401720488324,0.8288,0.0487211183001982,0.9262422366003966,0.7313577633996033,0.2351405323368644,0.7165385436146087,0.0868571428571428,9.972117434804002,0.0997142857142857,11.448253239298015,0.1187619047619047,13.635121097807664,36020.976,0.8962316845606848,-202685.20000000013,1.3982172402024466,28.860729261522813,99.37315634218272,58.138921685077946,72.18934911242602,71.84971890854241,-27.810650887573985,True,False,False,465,128,0,0,0,0,0,0,0,-0.07118254879448904,0
1761782400000,0.871,0.878,0.786,0.809,32408.55,2025-10-30,-0.071182548794489,-0.073843059794011,0.071182548794489,0.0589311465591355,1.125877974157334,0.0558899231564173,1.067775482630611,0.0592466114936451,1.1319049232686502,0.0615095942565026,1.1751391482474949,0.8560000000000001,0.8442136067003894,0.8428000000000001,0.8432617194147031,0.8326499999999999,0.8616466039441179,1.01322,0.9970475172635742,1.27934,1.156433520811185,0.0150564617314932,1.5056461731493112,0.0112499999999999,1.1250000000000009,0.1051912568306012,10.519125683060118,49.7584541062802,51.491053677932406,41.71322160148976,0.8442251416705833,0.8849503383918556,-0.0407251967212722,-0.057781611696771,0.0170564149754988,2.1083331242890977,0.8326499999999999,0.0434235868479067,0.9194971736958134,0.7458028263041864,0.2086042723732985,0.3638412800695442,0.0847142857142857,10.471481546883275,0.0975714285714285,12.060745188062862,0.1174761904761904,14.521160751074222,33795.7875,0.9589523546388732,-235093.7500000001,1.3943872683855352,28.56794491226076,-26.123422591566342,56.68923129942542,35.502958579881685,65.68047337278105,-64.49704142011832,False,True,False,465,128,0,0,0,0,0,0,0,-0.034610630407911014,0
1761868800000,0.809,0.825,0.769,0.781,23946.8,2025-10-31,-0.034610630407911,-0.0352237672188057,0.034610630407911,0.0487572037983304,0.9315050706328188,0.0568512383405942,1.0861413834365927,0.0599619103305112,1.1455706883587575,0.0615947680244884,1.176766390800038,0.8422000000000001,0.8231424044669263,0.8397,0.831941406793848,0.8349500000000001,0.8539659748562912,1.00132,0.9885682143366888,1.27159,1.1487816080848947,-0.0811764705882351,-8.117647058823524,-0.0381773399014778,-3.817733990147786,0.0625850340136056,6.25850340136055,46.3963963963964,44.48979591836735,43.41085271317829,0.8344981967981846,0.8772503046748353,-0.0427521078766507,-0.054775710932747,0.0120236030560962,1.5395138356077194,0.8349500000000001,0.0389689147371379,0.912887829474276,0.7570121705257241,0.1866886148255008,0.1538907975503301,0.0807142857142857,10.334735686848362,0.0894999999999999,11.459667093469909,0.1071428571428571,13.718675690506672,29347.4625,0.8159751460624576,-259040.5500000001,1.3914296707417475,29.142426201782563,-114.59878068874644,47.02352117976295,17.964071856287436,41.885459849531706,-82.03592814371257,False,True,False,465,128,0,0,0,0,0,0,0,0.08578745198463511,1
1761955200000,0.781,0.848,0.75,0.848,21799.25,2025-11-01,0.0857874519846351,0.0823054859522171,0.0857874519846351,0.0672943474418377,1.285656702674674,0.054934017555043,1.0495129317589604,0.0558574530268904,1.0671551416770269,0.0608519265972605,1.1625744252599102,0.8417999999999999,0.8314282696446176,0.8355,0.8348611510131483,0.83585,0.853397786765318,0.98782,0.9830514526097918,1.26322,1.1426547670465703,-0.0023529411764705,-0.235294117647059,-0.0471910112359551,-4.71910112359551,0.0216867469879518,2.168674698795183,49.57627118644068,55.88235294117647,47.99627213420317,0.8365753972907718,0.8750836131857095,-0.0385082158949376,-0.0515222119251851,0.0130139960302474,1.5346693431895595,0.83585,0.0390563358294388,0.9139626716588776,0.7577373283411223,0.1869059559942039,0.5777722726797754,0.0864285714285714,10.192048517520217,0.0845714285714285,9.973045822102424,0.1048095238095238,12.359613656783466,27984.3045,0.778981303608957,-237241.3000000001,1.3888676859006843,30.022778342638905,-52.54495825305112,54.88944709121264,58.3333333333333,37.26678792316747,-41.6666666666667,True,True,False,465,128,0,0,0,0,0,0,0,-0.025943396226415172,0
1762041600000,0.848,0.883,0.817,0.826,32968.69,2025-11-02,-0.0259433962264151,-0.026285862270925,0.0259433962264151,0.0594001630135994,1.134838520938286,0.0523547338778461,1.0002357862965778,0.0515724716505958,0.9852906874295032,0.0605865154782778,1.1575037529515206,0.827,0.829618846429745,0.8342,0.8332500326471214,0.83165,0.8507884737009024,0.97548,0.9768879749667936,1.25523,1.136208254024465,-0.0822222222222223,-8.222222222222229,-0.0154946364719904,-1.549463647199048,-0.0923076923076924,-9.23076923076924,45.34883720930232,51.282051282051285,46.49446494464944,0.8349484130921914,0.871447786484679,-0.0364993733924876,-0.0485176442186456,0.012018270826158,1.4549964680578702,0.83165,0.0349650577456802,0.9015801154913604,0.7617198845086395,0.1681719845881333,0.4596025263200225,0.076,9.20096852300242,0.0849999999999999,10.29055690072639,0.097047619047619,11.749106422229907,27682.431,1.1909607938695848,-270209.9900000001,1.3852141560541258,31.299717689806357,21.99074074074049,61.5628912766436,45.2380952380952,40.511833475905306,-54.7619047619048,True,False,False,465,128,0,0,0,0,0,0,0,-0.08595641646489094,0
1762128000000,0.826,0.855,0.752,0.755,30608.19,2025-11-03,-0.0859564164648909,-0.0898770242719532,0.0859564164648909,0.0674649704580731,1.2889164508228108,0.0582744778494667,1.1133323360745515,0.054546251288599,1.042104667640556,0.0614746004183594,1.174470591908494,0.8038000000000001,0.8047458976198301,0.8286999999999999,0.8190227539840084,0.8251999999999999,0.841665761796032,0.96264,0.968180245623908,1.24562,1.128451863906582,-0.1331802525832376,-13.318025258323765,-0.0679012345679013,-6.790123456790129,-0.1459276018099548,-14.592760180995477,24.01433691756272,46.01769911504425,51.16751269035533,0.8226486572318533,0.8628220168298089,-0.0401733595979555,-0.0468487872945076,0.0066754276965521,0.8841626088148483,0.8251999999999999,0.0366571598520932,0.8985143197041865,0.7518856802958134,0.177688608105154,0.0212395048931265,0.0797142857142857,10.558183538315989,0.0852857142857142,11.296121097445598,0.0933809523809523,12.368338063702303,26924.1125,1.1368319011443735,-300818.1800000001,1.3815286630659729,31.186828691227756,-122.92268563103464,54.639616367602265,2.976190476190478,35.51587301587299,-97.02380952380952,False,True,False,465,128,0,0,0,0,0,0,0,-0.01059602649006619,0
1762214400000,0.755,0.85,0.7,0.747,31700.44,2025-11-04,-0.0105960264900661,-0.0106525641162073,0.0105960264900661,0.0626776342036284,1.1974545201041271,0.0581900908377374,1.111720124479183,0.0533919390443797,1.0200515631797,0.0614709023897591,1.1743999411712869,0.7914,0.7854972650798867,0.8237,0.8059277078050978,0.8207500000000001,0.8326499748475894,0.95006,0.9595005343747492,1.23656,1.120694743773712,-0.0766378244746601,-7.663782447466014,-0.0627352572145546,-6.273525721455463,-0.1064593301435405,-10.645933014354064,25.96899224806201,44.20677361853832,50.6060606060606,0.811010402273106,0.8542426010908409,-0.0432321988177349,-0.0461254695991531,0.0028932707814181,0.3873187123719047,0.8207500000000001,0.0404798520384339,0.901709704076868,0.7397902959231323,0.1972822517864582,0.0445264972190511,0.0907142857142857,12.143813348632628,0.0925714285714285,12.392426850258174,0.0968095238095238,12.95977561037802,27639.5295,1.146924009686923,-332518.6200000001,1.377621799999908,30.15751664523152,-166.33644683460724,54.122040751358455,21.55963302752295,23.257972913936204,-78.44036697247705,False,True,False,465,128,0,0,0,0,0,0,0,0.11914323962516726,1
1762300800000,0.747,0.883,0.718,0.836,41606.25,2025-11-05,0.1191432396251672,0.1125634279518842,0.1191432396251672,0.0842159999703759,1.6089444203013297,0.0670743518611424,1.2814536930069709,0.0588694552769947,1.1246993638669314,0.0638819074576695,1.2204621283174024,0.8023999999999999,0.8023315100532579,0.8222999999999999,0.8113953972950801,0.8228500000000001,0.8329690248656498,0.93838,0.9546541702160516,1.22788,1.1149083436457037,0.0704225352112675,7.042253521126753,-0.0164705882352941,-1.6470588235294132,0.0528967254408059,5.289672544080595,54.73684210526315,45.27972027972027,50.30487804878049,0.8148549557695515,0.8528912962730827,-0.0380363405035312,-0.0445076437800287,0.0064713032764975,0.7740793392939622,0.8228500000000001,0.0401067982162471,0.9030635964324945,0.7426364035675058,0.1949652948471635,0.5819686473668251,0.1042857142857142,12.474367737525633,0.0955714285714285,11.431989063568013,0.1012380952380952,12.109820004556846,28526.370000000003,1.458518907242667,-290912.3700000001,1.3729540540200162,30.071689754636765,-34.98528434444181,52.97226192158417,62.38532110091741,28.97371486821028,-37.61467889908259,True,False,False,465,128,0,0,0,0,0,0,0,0.13038277511961716,1
1762387200000,0.836,1.35,0.832,0.945,110944.88,2025-11-06,0.1303827751196171,0.122556314409041,0.1303827751196171,0.0950543102812323,1.816010048047612,0.0786736251048075,1.5030574971713857,0.064566831377895,1.2335475814399122,0.0640539156881589,1.2237483409467018,0.8218,0.8498876733688386,0.8318,0.8356871432414292,0.82835,0.8436386416523775,0.9328,0.9542753345273932,1.2189500000000002,1.1114567738094367,0.1143867924528301,11.438679245283016,0.1117647058823529,11.176470588235292,0.1317365269461077,13.173652694610777,72.40437158469945,58.41269841269841,51.72754195459032,0.8348772702665445,0.859714168046363,-0.0248368977798185,-0.0405734945799867,0.0157365968001681,1.6652483386421315,0.82835,0.0485205057031052,0.9253910114062106,0.7313089885937895,0.234299538615828,1.1010345435895488,0.1651428571428571,17.475434618291764,0.1249285714285714,13.219954648526077,0.120095238095238,12.7084908037289,31830.5265,3.485486801482847,-179967.4900000001,1.3658311493456383,32.66038109573577,379.9138641986626,69.17934677240245,37.692307692307686,40.54575394024934,-62.30769230769232,True,False,False,465,128,0,0,0,0,0,0,0,0.16402116402116418,1
1762473600000,0.945,1.248,0.876,1.1,43982.02,2025-11-07,0.1640211640211641,0.1518805312927193,0.1640211640211641,0.1066552514478521,2.0376457178353324,0.091427270004819,1.746715540863749,0.071425988685496,1.3645915978015986,0.0671296187991983,1.2825095663759676,0.8766,0.933258448912559,0.8518000000000001,0.8837440262884422,0.8439499999999999,0.868054009336136,0.9282,0.959993519099354,1.21193,1.1112241565927174,0.3317191283292979,33.1719128329298,0.2222222222222223,22.22222222222223,0.3959390862944163,39.59390862944163,77.75330396475772,69.17989417989418,59.45709281961472,0.8756653825332313,0.8775131302295411,-0.0018477476963097,-0.0328283452032513,0.0309805975069415,2.8164179551765023,0.8439499999999999,0.0767871117201098,0.9975242234402196,0.6903757765597801,0.3639415212754779,1.3336359913279006,0.2102857142857142,19.116883116883116,0.1455,13.227272727272728,0.1297619047619047,11.796536796536794,32481.906,1.354046772994171,-135985.47000000012,1.3633654510995818,33.43996189687788,298.32001841075714,75.40419603140818,61.53846153846154,53.87203011056221,-38.46153846153845,False,False,True,465,128,0,0,0,0,0,0,0,0.14181818181818162,1
1762560000000,1.1,1.28,1.003,1.256,62059.42,2025-11-08,0.1418181818181816,0.1326218882416819,0.1418181818181816,0.0688615800734803,1.3155986400604736,0.0960107900806616,1.834283568957701,0.076507592221699,1.4616754970444192,0.0695940380704543,1.3295922304441403,0.9768,1.040838965941706,0.8903000000000001,0.9514269305996343,0.8661,0.9050012468462808,0.92828,0.9716084308903776,1.20783,1.1141621965131536,0.6635761589403975,66.35761589403974,0.4420206659012629,44.20206659012629,0.5448954489544897,54.48954489544896,86.56462585034015,75.52836484983314,66.80000000000001,0.934178400605044,0.9055492116746012,0.0286291889304425,-0.0205368383765125,0.049166027306955,3.914492619980501,0.8661,0.1194381143433517,1.1049762286867035,0.6272237713132965,0.5516135058000312,1.3161130183266805,0.2358571428571429,18.778434940855327,0.1611428571428571,12.829845313921751,0.135,10.748407643312104,34835.6325,1.7814925565080524,-73926.05000000012,1.3611963404967249,34.323239993185744,288.65741807623186,80.5987892465956,85.53846153846153,61.589743589743584,-14.46153846153847,True,False,False,465,128,0,0,0,0,0,0,0,0.08041401273885351,1
1762646400000,1.256,1.4,1.08,1.357,67556.37,2025-11-09,0.0804140127388535,0.0773443128067251,0.0804140127388535,0.0309574291306486,0.5914408530938513,0.0879053824898721,1.6794299743669312,0.0768481141882305,1.4681811600803467,0.0703275305145599,1.3436055839125072,1.0988,1.1462259772944707,0.9451,1.0251674886724282,0.89395,0.9480487474671608,0.93104,0.9867303499046634,1.20535,1.119087855924229,0.8165997322623828,81.65997322623828,0.6773794808405438,67.73794808405438,0.6962499999999998,69.62499999999999,98.70550161812298,76.76874340021119,71.50496562261269,0.9992278774350388,0.9389900296044822,0.0602378478305567,-0.0043819011350986,0.0646197489656554,4.761956445516245,0.89395,0.1609421193767327,1.2158342387534655,0.5720657612465346,0.7201392443726504,1.2192803254257112,0.2721428571428572,20.054742604484684,0.1740714285714285,12.827666070112643,0.1473809523809523,10.860792364108502,37309.687,1.8106924885218147,-6369.680000000124,1.3601532074664746,36.05031315382544,255.1994582077161,82.74018170964524,93.85714285714288,80.31135531135531,-6.142857142857133,True,False,False,465,128,0,0,0,0,0,0,0,-0.05821665438467205,0
1762732800000,1.357,1.62,1.2,1.278,56603.35,2025-11-10,-0.058216654384672,-0.059980024897389,0.058216654384672,0.0892201147145742,1.7045478982515718,0.0908886364050547,1.7364249603893458,0.0792794633082742,1.514632019796729,0.0706572309780202,1.3499045024225511,1.1872,1.1901506515296472,0.9948,1.0711370361865324,0.91725,0.9794726764915068,0.9331,0.9981588786910468,1.20303,1.1223096367611247,0.528708133971292,52.87081339712919,0.6363636363636362,63.63636363636363,0.5738916256157636,57.38916256157635,88.53410740203194,70.85769980506822,66.44394951744619,1.0421158962911878,0.9641018923315228,0.0780140039596649,0.012097279883854,0.0659167240758109,5.15780313582245,0.91725,0.1809428159159122,1.2791356318318243,0.5553643681681754,0.7890665180306885,0.9984309520302368,0.3174285714285715,24.837916387212168,0.1985714285714286,15.537670467247937,0.1626666666666666,12.728221178925406,38814.3005,1.458311737448418,-62973.03000000012,1.3602147233373774,38.870944525384985,220.79461776711207,84.42666080793485,62.826086956521735,80.74056378404204,-37.173913043478265,True,False,False,465,128,0,0,0,0,0,0,0,-0.09389671361502361,0
1762819200000,1.278,1.295,1.154,1.158,29625.25,2025-11-11,-0.0938967136150236,-0.0986019768045397,0.0938967136150236,0.1169649702086726,2.234612618197889,0.1011114653808044,1.931731833738982,0.0817608812299492,1.5620394426251607,0.0719245894356378,1.3741173517578662,1.2298000000000002,1.1794337676864315,1.0257999999999998,1.0869303023344357,0.9306500000000002,0.9964752788340444,0.93326,1.0044304213574249,1.19902,1.12303288092584,0.2253968253968254,22.539682539682538,0.3655660377358489,36.5566037735849,0.3011235955056179,30.112359550561784,72.3611111111111,61.770072992700726,63.02816901408451,1.0599442199386977,0.9784647220424836,0.0814794978962141,0.025973723486326,0.055505774409888,4.793244767693269,0.9306500000000002,0.1885809263671022,1.3078118527342046,0.5534881472657958,0.8105342561311005,0.8013958044163855,0.3161428571428572,27.30076486553171,0.2034285714285714,17.567234147545033,0.1670952380952381,14.429640595443704,37926.502,0.7811226566583968,-92598.28000000012,1.3593500832524907,40.9498234305248,116.16588317699645,78.70306433799806,49.782608695652165,68.82194616977225,-50.21739130434784,False,True,False,465,128,0,0,0,0,0,0,0,-0.060449050086355705,0
1762905600000,1.158,1.309,0.954,1.088,42589.62,2025-11-12,-0.0604490500863557,-0.0623532307170525,0.0604490500863557,0.1029805425254795,1.9674405024491517,0.1040118595077398,1.9871437857296843,0.0819128443455089,1.5649426938714488,0.0717356690229586,1.3705080323415055,1.2274,1.1489558451242876,1.052,1.0871247928190837,0.9431,1.0051919189931569,0.93034,1.0077092989922232,1.19395,1.122323288389441,-0.0109090909090908,-1.090909090909092,0.3171912832929784,31.719128329297835,0.296781883194279,29.678188319427907,60.49926578560941,59.54265611257696,59.38566552901025,1.0642604937942828,0.9865784499556188,0.0776820438386638,0.0363153875567936,0.0413666562818702,3.8020823788483646,0.9431,0.1904222178545148,1.3239444357090298,0.5622555642909701,0.8076438038575545,0.6902351543225719,0.3432857142857143,31.55199579831933,0.2237857142857143,20.56853991596639,0.1781428571428571,16.373424369747898,39065.331,1.0902152601753203,-135187.9000000001,1.357456939983834,40.35691652411545,69.3815987933635,72.99913936815449,42.173913043478265,51.59420289855072,-57.82608695652173,True,True,False,465,128,0,0,0,0,0,0,0,-0.08731617647058831,0
1762992000000,1.088,1.2,0.951,0.993,31386.83,2025-11-13,-0.0873161764705883,-0.0913657633707154,0.0873161764705883,0.0712696410042612,1.3616045795457068,0.1041849123110584,1.990449954894866,0.0844423626453472,1.613269073134374,0.0723569247946489,1.3823771071941782,1.1747999999999998,1.0969705634161917,1.0758,1.0700111941247048,0.95225,1.004030783845158,0.92692,1.0071321865281293,1.18792,1.1197050257625685,-0.2093949044585987,-20.939490445859875,0.3152317880794701,31.523178807947016,0.2259259259259258,22.592592592592585,41.38486312399355,57.86324786324787,56.23787976729152,1.0532973409028543,0.9870541205257798,0.0662432203770747,0.0423009541208498,0.0239422662562249,2.411104356115297,0.95225,0.18807217959295,1.3283943591859,0.5761056408141001,0.790011780910265,0.5541680328374409,0.3048571428571429,30.700618616026475,0.235,23.66565961732125,0.1849047619047619,18.620821944084785,39603.5675,0.7925253198465013,-166574.7300000001,1.3556856436196032,39.94079412115749,36.20677943074511,72.3184969838851,31.84782608695652,41.26811594202898,-68.15217391304348,False,True,False,465,128,0,0,0,0,0,0,0,0.0161127895266866,1
1763078400000,0.993,1.085,0.9,1.009,28222.52,2025-11-14,0.0161127895266866,0.0159843563084361,0.0161127895266866,0.0437006566618385,0.8348998732343311,0.1032950320131792,1.9734488156753287,0.0841553172542499,1.6077850786375831,0.0721336461155197,1.378111374018968,1.1052,1.067647042277461,1.102,1.0589182497383949,0.96285,1.0045040425287082,0.92482,1.0072054679347746,1.18198,1.1174647005409146,-0.2564480471628593,-25.64480471628593,0.3507362784471217,35.07362784471217,0.2659974905897111,26.599749058971124,24.32432432432431,59.84455958549223,56.35074145712444,1.0464823653793385,0.9886797418493848,0.0578026235299534,0.0454012880026705,0.0124013355272828,1.2290719055780857,0.96285,0.1848075172200886,1.3324650344401774,0.5932349655598228,0.7677520578286904,0.5624298198122528,0.2781428571428571,27.56619000424749,0.2442142857142857,24.203596205578368,0.1897142857142857,18.802208693189865,40418.8665,0.6982511496209327,-138352.2100000001,1.35385412497872,40.26591543436944,12.1372753184193,71.32723913776621,33.58695652173912,35.8695652173913,-66.41304347826087,False,True,False,465,128,0,0,0,0,0,0,0,-0.009910802775024652,0
1763164800000,1.009,1.116,0.993,0.999,23005.53,2025-11-15,-0.0099108027750246,-0.0099602417050553,0.0099108027750246,0.0483848199917227,0.9243906879969446,0.0996394307369784,1.9036086513566888,0.083431860484582,1.5939634564601373,0.0721481617662361,1.3783886951365167,1.0494,1.0447646948516407,1.1183,1.048024022513232,0.9703,1.0039798480000235,0.92256,1.0068835421353703,1.17581,1.1150683858251302,-0.2183098591549296,-21.83098591549296,0.1949760765550239,19.4976076555024,0.1752941176470588,17.529411764705884,4.102564102564074,56.85740236148956,53.67498314227917,1.0391773860902092,0.9894442056868492,0.0497331804033598,0.0462676664828084,0.0034655139205513,0.346898290345485,0.9703,0.183013401867619,1.336326803735238,0.6042731962647618,0.7544611022059943,0.5392047791406553,0.2561428571428571,25.639925639925643,0.246,24.624624624624627,0.1928095238095238,19.30025263358597,39987.57,0.575317029767,-161357.7400000001,1.3525329352386732,40.311276752328354,24.35069593915918,71.58357551995746,32.5,32.64492753623188,-67.5,True,False,False,465,128,0,0,0,0,0,0,0,-0.0010010010010009784,0
1763251200000,0.999,1.04,0.991,0.998,30971.65,2025-11-16,-0.0010010010010009,-0.0010015023370895,0.0010010010010009,0.0435090156732832,0.8312385772888383,0.0921869854621663,1.7612298842966545,0.0834393023419245,1.5941056329450336,0.0721242283370944,1.3779314476147888,1.0174,1.0291764632344271,1.1236,1.0389287456926444,0.9777,1.0034103386645832,0.9205600000000002,1.0065350194579337,1.17,1.112701324520013,-0.1381692573402417,-13.816925734024174,0.0560846560846561,5.608465608465614,0.1741176470588235,17.41176470588236,5.128205128205096,57.96296296296297,55.54780181437543,1.0328424036147923,0.9900779684363988,0.0427644351783934,0.0455670202219254,-0.0028025850435319,-0.2808201446424843,0.9777,0.1808727671451331,1.3394455342902665,0.6159544657097338,0.7399929104843332,0.5280583975139153,0.2174285714285714,21.786430002862872,0.2447857142857143,24.5276266819353,0.1885238095238095,18.89016127493082,40457.568,0.765534151731513,-192329.3900000001,1.350624968891954,39.82869448233369,9.9293317828071,67.14056216786676,32.391304347826086,32.82608695652173,-67.6086956521739,False,True,False,465,128,0,0,0,0,0,0,0,0.011022044088176308,1
1763337600000,0.998,1.077,0.995,1.009,45669.34,2025-11-17,0.0110220440881763,0.0109617440421449,0.0110220440881763,0.0421117591377534,0.8045440286595866,0.0746591027127695,1.4263601545628968,0.0826863928598777,1.5797213174876714,0.0721361276404342,1.3781587834858915,1.0015999999999998,1.022450975489618,1.1145,1.0334871555667091,0.98315,1.0039426873649742,0.91866,1.0066317249439674,1.16424,1.110605413209468,-0.0726102941176471,-7.261029411764722,-0.0827272727272728,-8.27272727272729,0.1211111111111109,12.111111111111098,13.300492610837368,62.45098039215686,57.031802120141336,1.0291743415202088,0.9914796008296732,0.0376947406905355,0.0439925643156474,-0.0062978236251119,-0.6241648786037562,0.98315,0.1800486118568528,1.3432472237137056,0.6230527762862941,0.7325377078039075,0.5358930842806942,0.1691428571428571,16.76341497947048,0.2432857142857143,24.11156732266743,0.1887619047619047,18.707820095332487,40996.9045,1.1139704462321052,-146660.0500000001,1.3479910688412788,41.993700887646526,14.86346886226613,71.62697112764023,33.58695652173912,32.82608695652173,-66.41304347826087,True,False,False,465,128,0,0,0,0,0,0,0,0.07333994053518333,1
1763424000000,1.009,1.15,1.005,1.083,31191.3,2025-11-18,0.0733399405351833,0.0707752266473816,0.0733399405351833,0.0326143189493631,0.6230956886335655,0.0615738264371353,1.1763663023354245,0.083292251962775,1.5912962393960774,0.0719838139224051,1.3752488339888302,1.0195999999999998,1.0426339836597454,1.0972,1.0424894909182163,0.99375,1.011471955257753,0.91992,1.0096277374647082,1.15887,1.1100477073141104,0.0906344410876132,9.063444108761326,-0.1377388535031847,-13.773885350318476,0.2433983926521239,24.3398392652124,48.79227053140094,65.4696132596685,59.68834688346884,1.0374552120555611,0.998258891563128,0.0391963204924332,0.0430333155510046,-0.0038369950585713,-0.3542931725365995,0.99375,0.179337633647001,1.352425267294002,0.635074732705998,0.7218621731703185,0.6244161615510037,0.1697142857142857,15.670755836960826,0.2429285714285714,22.431077694235597,0.1921904761904762,17.74611968517786,40942.31249999999,0.7618353262288251,-115468.7500000001,1.3465059610678722,45.70245219606493,35.391709450465825,75.40200348561329,40.46563192904656,35.48129759953725,-59.53436807095345,True,False,False,465,128,0,0,0,0,0,0,0,-0.06740535549399806,0
1763510400000,1.083,1.085,1.003,1.01,21743.38,2025-11-19,-0.067405355493998,-0.0697846371656853,0.067405355493998,0.0503379387609315,0.9617049696893748,0.0539275666816318,1.0302847148209442,0.0830926301610103,1.5874824702283086,0.0726145445050612,1.3872989248508396,1.0198,1.031755989106497,1.0625,1.036582310751268,1.0038,1.011331769042345,0.92012,1.009642341513436,1.15307,1.1080272759729726,0.0009910802775026,0.0991080277502588,-0.2557111274871039,-25.57111274871039,0.2484548825710753,24.845488257107533,54.5945945945946,58.13084112149534,55.3475935828877,1.0332313332777825,0.9991286035256026,0.0341027297521798,0.0412471983912396,-0.0071444686390598,-0.7073731325801802,1.0038,0.1739917118413241,1.3517834236826485,0.6558165763173518,0.6933321850620606,0.5089084703150317,0.1307142857142857,12.942008486562942,0.237,23.46534653465347,0.1927619047619047,19.08533710513909,40409.054,0.5380818863020155,-137212.1300000001,1.345301232538854,48.70019244087894,8.90324344646097,71.8070928629235,22.588832487309645,32.2138069793651,-77.41116751269035,False,True,False,465,128,0,0,0,0,0,0,0,0.046534653465346576,1
1763596800000,1.01,1.15,1.003,1.057,57649.62,2025-11-20,0.0465346534653465,0.0454843760349325,0.0465346534653465,0.0534536790133989,1.0212311036316075,0.0574175550751646,1.0969608494588536,0.0825561735805331,1.5772334816489844,0.0726447977981434,1.387876913203616,1.0314,1.0401706594043312,1.0404,1.040294617887401,1.0176,1.0156811243824155,0.92038,1.011500179021068,1.14774,1.1069972010200342,0.058058058058058,5.8058058058058,-0.1729264475743349,-17.292644757433496,0.3533930857874519,35.33930857874519,61.111111111111136,55.55555555555556,56.70771224886585,1.036888051235047,1.003415374668118,0.0334726765669286,0.0396922940263774,-0.0062196174594488,-0.5884217085571275,1.0176,0.1661595301921767,1.3499190603843534,0.6852809396156466,0.6531428073591851,0.559280379455862,0.1161428571428571,10.987971347479393,0.2105,19.914853358561967,0.1953809523809524,18.484479884669103,42094.19499999999,1.369538483869332,-79562.5100000001,1.342527518838891,47.48182763680682,23.111942272091795,69.46053263061481,24.3279569892473,29.127473801867836,-75.6720430107527,True,False,False,465,128,0,0,0,0,0,0,0,0.027436140018921584,1
1763683200000,1.057,1.177,1.013,1.086,40987.44,2025-11-21,0.0274361400189215,0.0270665146236432,0.0274361400189215,0.0531704118812908,1.0158192926714524,0.0519960941552303,0.9933839840166768,0.0810667627606857,1.548778327889927,0.0725723042389373,1.3864919256996562,1.049,1.055447106269554,1.0332,1.048604687362419,1.0295,1.0223781601705229,0.92184,1.0144227599736355,1.14091,1.106573498764014,0.0881763527054109,8.81763527054109,-0.0621761658031086,-6.217616580310867,0.2806603773584906,28.06603773584907,68.51063829787236,49.20634920634921,56.11038107752957,1.0444437356604244,1.0095327556876632,0.0349109799727611,0.0387360312156542,-0.003825051242893,-0.3522146632498216,1.0295,0.1618402396126976,1.3531804792253954,0.7058195207746047,0.6288110329779414,0.5872774288631971,0.1131428571428572,10.418310970797164,0.1956428571428572,18.01499605367009,0.2005238095238095,18.464439182671228,43053.6045,0.9520094885435202,-38575.070000000094,1.3407457005849766,46.09999156092757,30.28615622583143,69.34193573399916,25.833333333333336,24.25004093663009,-74.16666666666666,True,False,False,465,128,0,0,0,0,0,0,0,0.14180478821362796,1
1763769600000,1.086,1.35,1.052,1.24,30957.63,2025-11-22,0.1418047882136279,0.1326101581052017,0.1418047882136279,0.0760229618807237,1.452416647380517,0.0656463098694395,1.2541709890633663,0.085131718448729,1.6264391972656986,0.0747404213725017,1.4279137453756705,1.0952000000000002,1.116964737513036,1.0483999999999998,1.0834038351147066,1.0502,1.0431040497201045,0.92734,1.023271891636614,1.13641,1.1092648957827036,0.2289395441030723,22.893954410307245,0.1397058823529411,13.970588235294109,0.5012106537530268,50.12106537530268,81.18556701030928,49.09090909090909,61.20218579234973,1.07452931478959,1.0266044069424691,0.0479249078471206,0.0405738065419475,0.0073511013051731,0.59283075041719,1.0502,0.160915342240638,1.3720306844812762,0.7283693155187239,0.6128940858527445,0.7948755497101184,0.1381428571428571,11.140552995391708,0.1971428571428572,15.898617511520744,0.210047619047619,16.939324116743474,42953.0515,0.7207317971343665,-7617.440000000093,1.3400684780706442,45.14937513688354,96.04412923561873,67.55173893967157,47.22222222222221,32.46117084826761,-52.77777777777779,True,False,False,465,128,0,0,0,0,0,0,0,0.0879032258064516,1
1763856000000,1.24,1.39,1.124,1.349,39420.04,2025-11-23,0.0879032258064516,0.0842521976086733,0.0879032258064516,0.0776727815004467,1.4839364069581586,0.0582517674394557,1.1128984543005087,0.0821519431174255,1.5695106694949812,0.0748886911222419,1.4307464349670536,1.1484,1.1943098250086903,1.084,1.131694046912033,1.0799,1.072236997419238,0.93622,1.03604965691949,1.13418,1.1140988986236393,0.2456140350877194,24.56140350877193,0.3585095669687814,35.85095669687814,0.7867549668874172,78.67549668874172,84.97942386831276,49.54954954954955,65.93860684769776,1.1167555740527302,1.0504855665533928,0.0662700074993374,0.0457130467334255,0.0205569607659119,1.5238666246042938,1.0799,0.1583596506290949,1.39661930125819,0.7631806987418102,0.5865715367315305,0.9248241249127872,0.1691428571428571,12.53838822408133,0.1932857142857143,14.328073705390237,0.2195714285714286,16.27660701048396,43393.64399999999,0.9084288934112104,31802.599999999908,1.3397143592674314,43.66046323020932,128.31152250239393,65.53843819605234,62.3611111111111,45.13888888888888,-37.63888888888891,True,False,False,465,128,0,0,0,0,0,0,0,0.10229799851742039,1
1763942400000,1.349,1.58,1.246,1.487,53374.82,2025-11-24,0.1022979985174203,0.0973970902523992,0.1022979985174203,0.0454291699101815,0.8679230724757654,0.06181102845308,1.180898040486995,0.0829058598256016,1.5839142279805247,0.0759965826966856,1.4519126737771026,1.2437999999999998,1.2918732166724605,1.1318,1.1962951292916633,1.1168999999999998,1.111738235825808,0.94754,1.0537394562176934,1.13327,1.1216153312525057,0.4722772277227722,47.22772277227724,0.4737363726461845,47.37363726461846,0.9906291834002678,99.06291834002678,86.72727272727273,61.034846884899686,69.56762749445676,1.173716254967695,1.0828199747597542,0.0908962802079407,0.0547496934283285,0.0361465867796121,2.4308397296309456,1.1168999999999998,0.1628699513496339,1.4426399026992676,0.791160097300732,0.5832928690111341,1.0680912853063738,0.2051428571428572,13.795753674704589,0.1871428571428571,12.585262753386491,0.2305714285714286,15.505812277836489,44477.363,1.2000446159544127,85177.41999999991,1.3406024983640337,41.460454298189866,188.17809924705065,65.50331145888057,86.32352941176471,65.30228758169933,-13.67647058823529,True,False,False,465,128,0,0,0,0,0,0,0,0.0840618695359785,1
1764028800000,1.487,1.7,1.4,1.612,67499.42,2025-11-25,0.0840618695359785,0.0807149766064185,0.0840618695359785,0.0411716884969411,0.7865840042846924,0.0603017983700016,1.15206424023557,0.0814617577924995,1.5563246973768072,0.0762137347162801,1.4560613572862529,1.3548,1.3985821444483069,1.1930999999999998,1.2718778330568157,1.1557,1.1593822134377347,0.96004,1.0756385351136053,1.13351,1.131496333279589,0.5250709555345319,52.50709555345318,0.6136136136136137,61.36136136136137,0.9282296650717704,92.82296650717706,100.0,73.84453781512607,70.51557465091301,1.2411445234342036,1.1220185015784596,0.1191260218557439,0.0676249591138116,0.0515010627419323,3.1948550088047334,1.1557,0.1835492476579241,1.5227984953158482,0.7886015046841517,0.6352833699331112,1.121495328668405,0.2272857142857143,14.099610067352003,0.1984999999999999,12.313895781637717,0.2377142857142857,14.746543778801849,45772.0215,1.474687326186806,152676.8399999999,1.3432106175061154,40.74304771905009,216.26557611982028,74.80101227932394,89.00000000000001,79.22821350762527,-10.999999999999984,True,False,False,465,128,0,0,0,0,0,0,0,-0.16563275434243185,0
1764115200000,1.612,1.633,1.254,1.345,64000.0,2025-11-26,-0.1656327543424318,-0.1810816310306342,0.1656327543424318,0.1227370279793074,2.3448876270677776,0.09074393383243,1.7336604216210634,0.0899461208990331,1.718418226930212,0.0794426305289642,1.5177493251709766,1.4066,1.3807214296322046,1.2278,1.285172772501031,1.1757,1.1770600978962482,0.9686,1.0862047470123837,1.13145,1.1357968292597178,0.2384898710865559,23.848987108655606,0.3476953907815632,34.769539078156306,0.4232804232804232,42.32804232804233,67.51824817518248,61.18363794604003,62.31608922638823,1.257122289059711,1.1385356521186176,0.1185866369410932,0.0778172946792679,0.0407693422618253,3.031177863332737,1.1757,0.1811594528817679,1.5380189057635358,0.8133810942364641,0.6163458463273555,0.7336339579675316,0.2697142857142857,20.053106744556555,0.2002142857142857,14.885820499203398,0.2479047619047619,18.431580810762966,43424.7775,1.4738129631176575,88676.83999999991,1.3439279756936735,42.30958249622626,114.8849841301004,70.15077293358544,55.625,76.9828431372549,-44.375,False,True,False,465,128,0,0,0,0,0,0,0,-0.0037174721189590088,0
1764201600000,1.345,1.45,1.317,1.34,16334.25,2025-11-27,-0.003717472118959,-0.0037243990909823,0.003717472118959,0.1123665235719654,2.146759418559032,0.0912792213938421,1.743887076122507,0.0835658900067295,1.596524086885362,0.0792711227374952,1.514472673415736,1.4266,1.3671476197548031,1.2609,1.295141359319025,1.1877,1.192578183829962,0.97758,1.096160233352775,1.13048,1.1399085899658197,0.0806451612903227,8.064516129032265,0.3280475718533202,32.80475718533204,0.2181818181818182,21.818181818181813,65.91478696741854,66.3833805476865,64.3312101910828,1.269872706127448,1.153458939245782,0.116413766881666,0.0855365891197476,0.0308771777619184,2.304266997158093,1.1877,0.1838105718281457,1.5553211436562917,0.8200788563437086,0.6190471392713505,0.7071426013276231,0.2677142857142857,19.97867803837953,0.1919285714285714,14.323027718550108,0.2295714285714286,17.13219616204691,42042.389,0.3885185972662019,72342.58999999991,1.343995840816199,43.4762546768964,83.7053001841186,71.24292312781013,55.000000000000014,66.54166666666667,-44.99999999999999,False,False,True,465,128,0,0,0,0,0,0,0,0.060447761194029725,1
1764288000000,1.34,1.442,1.184,1.421,39386.96,2025-11-28,0.0604477611940297,0.0586912351521434,0.0604477611940297,0.1088959472439957,2.0804541509129657,0.0907302515995475,1.7333990229288745,0.0788236940639862,1.5059245606108251,0.0795756022175992,1.520289745715322,1.441,1.385098413169869,1.2947,1.318024748533748,1.19595,1.2143326425370116,0.98796,1.1089024064968152,1.1298,1.1455666564208458,0.0533728687916976,5.33728687916976,0.3120960295475532,31.209602954755315,0.1313694267515923,13.136942675159238,62.48275862068966,68.32740213523132,65.94134342478714,1.2931230590309175,1.1732767981787982,0.1198462608521193,0.0923985234662219,0.0274477373858973,1.9315789856366925,1.19595,0.1906143737331596,1.5771787474663193,0.8147212525336809,0.6375329193801065,0.7951639947088234,0.2811428571428571,19.784859756710567,0.1971428571428572,13.873529707449489,0.2241428571428571,15.77360008042626,40908.766,0.9628000023271296,111729.5499999999,1.344028290928807,44.0076768421064,66.84585806547943,68.70712938059401,60.6488011283498,57.09126704278327,-39.3511988716502,False,True,False,465,128,0,0,0,0,0,0,0,-0.019704433497536922,0
1764374400000,1.421,1.5,1.35,1.393,21355.97,2025-11-29,-0.0197044334975369,-0.0199011543172949,0.0197044334975369,0.0976726310525724,1.866032996146412,0.086095555276684,1.6448532740084156,0.0772253899087284,1.4753890025998644,0.0742921194750155,1.4193489496501008,1.4222,1.3877322754465793,1.333,1.3316566124367029,1.19775,1.2313485813601288,1.00118,1.1200463108710297,1.12843,1.150545594542706,-0.0632145258910559,-6.321452589105587,0.3792079207920791,37.92079207920792,0.0265291083271923,2.652910832719236,53.41614906832298,67.25043782837128,63.56551388212373,1.3084887422569302,1.189552592868863,0.1189361493880671,0.097706048650591,0.0212301007374761,1.5240560471985762,1.19775,0.1923770625894021,1.582504125178804,0.8129958748211956,0.6424614905928688,0.7537334718753995,0.2599999999999999,18.66475233309404,0.1990714285714285,14.290841964926674,0.2180952380952381,15.656513861826138,38598.746,0.553281445982727,90373.5799999999,1.3442746191068355,44.61154332033162,88.79345035237473,68.98878282862448,56.69957686882935,57.44945933239305,-43.30042313117065,True,False,False,465,128,0,0,0,0,0,0,0,-0.03015075376884424,0
1764460800000,1.393,1.429,1.276,1.351,19532.01,2025-11-30,-0.0301507537688442,-0.0306146358196068,0.0301507537688442,0.0827020177324433,1.5800198302588928,0.0884501360812812,1.6898374771175388,0.0762809966538297,1.4573463947988066,0.0745579225312701,1.4244271099095558,1.37,1.375488183631053,1.3624,1.335173591993666,1.2014,1.2427439545742982,1.0134999999999998,1.1291055226270774,1.12515,1.1545779146529909,-0.1619106699751862,-16.191066997518615,0.2781456953642385,27.814569536423843,0.0571205007824726,5.712050078247258,37.5912408759124,64.91969568892645,60.22155085599194,1.315028935755864,1.2015116613989925,0.1135172743568715,0.1008682937918471,0.0126489805650244,0.9362679914895934,1.2014,0.1946587837865622,1.5907175675731244,0.8120824324268756,0.6481064883854244,0.6921310678741732,0.2438571428571428,18.05012160304536,0.2065,15.284974093264248,0.2101428571428571,15.554615628634874,36745.179,0.5315529963808313,70841.5699999999,1.344299295728436,44.68287522525432,62.76505513146732,69.4661208502072,50.49645390070921,55.94827729929612,-49.50354609929078,False,True,False,465,128,0,0,0,0,0,0,0,-0.030347890451517312,0
1764547200000,1.351,1.395,1.182,1.31,33554.47,2025-12-01,-0.0303478904515173,-0.0308179217650015,0.0303478904515173,0.03799961900512,0.7259817017356659,0.090391709914951,1.7269311931261948,0.0731793650022847,1.398089805298727,0.0729631913514643,1.3939598134987592,1.363,1.3536587890873688,1.3847999999999998,1.330596575267545,1.209,1.2491492922391638,1.0231,1.136201082525602,1.12157,1.1577033881267855,-0.0260223048327137,-2.6022304832713696,0.2062615101289133,20.62615101289134,0.1312607944732298,13.126079447322985,17.456896551724128,62.40725474031328,55.60897435897436,1.314255253331885,1.2095478354594738,0.1047074178724112,0.1016361186079599,0.0030712992644512,0.234450325530632,1.209,0.1958388166458926,1.6006776332917854,0.8173223667082148,0.6479365315000584,0.62893256011476,0.2265714285714285,17.295528898582333,0.2158571428571429,16.47764449291167,0.2002857142857143,15.28898582333697,36941.64,0.9083102428587362,37287.099999999904,1.3440338838554338,43.22341961099345,35.57923326021111,63.10153485770474,44.04591104734579,50.41398060562812,-55.95408895265421,False,True,False,465,128,0,0,0,0,0,0,0,-0.022137404580152786,0
1764633600000,1.31,1.316,1.2,1.281,21088.04,2025-12-02,-0.0221374045801527,-0.0223861142984631,0.0221374045801527,0.0387663630153822,0.7406303254834651,0.080740636998226,1.542547703946607,0.0717598541834879,1.3709700891846406,0.072077061829531,1.377030332753054,1.3512,1.3294391927249125,1.3889,1.3215790161279912,1.21865,1.2521826929805513,1.03052,1.1418807471871877,1.11826,1.1601820692430307,-0.0440298507462687,-4.402985074626878,0.0330645161290321,3.30645161290322,0.1773897058823528,17.73897058823528,35.84070796460175,58.47602739726028,50.71633237822349,1.309139060511595,1.214840588895034,0.0942984716165609,0.1001685892096801,-0.0058701175931192,-0.4582449331084487,1.21865,0.1943118153354236,1.6072736306708473,0.8300263693291527,0.6377936744280102,0.5802190024991153,0.2002857142857143,15.635106501617043,0.2137857142857143,16.68897067023531,0.1990952380952381,15.542173153414376,35866.561,0.5879582377580053,16199.059999999905,1.3437660127747428,40.78741306181312,20.2253541026456,58.87594874337717,39.88522238163558,44.80919577656352,-60.11477761836442,False,False,True,465,128,0,0,0,0,0,0,0,0.06167056986729125,1
1764720000000,1.281,1.388,1.271,1.36,13471.06,2025-12-03,0.0616705698672912,0.0598436768333635,0.0616705698672912,0.0393091675726614,0.7510005919893041,0.0781803884087758,1.4936342233250002,0.068720041560502,1.312894550566858,0.0722372379126481,1.380090492524209,1.339,1.339626128483275,1.39,1.3285646495592656,1.237,1.2624510079417064,1.04004,1.1504362897227511,1.11735,1.164197878602221,-0.0429275158339197,-4.292751583391973,0.0081541882876206,0.8154188287620548,0.3695871097683787,36.95871097683788,53.33333333333333,64.90630323679727,50.08705745792222,1.316963820432888,1.2255931388187855,0.0913706816141022,0.0984090076905645,-0.0070383260764623,-0.5175239762104668,1.237,0.1891409944709873,1.6152819889419745,0.8587180110580253,0.6116119465512929,0.6625771297544746,0.1628571428571428,11.974789915966388,0.2162857142857143,15.903361344537815,0.1877619047619048,13.806022408963589,34970.7725,0.3852091056896155,29670.1199999999,1.3437570812770732,38.81255769910729,46.55542036039175,61.87552789534654,51.21951219512197,45.050215208034444,-48.78048780487803,True,False,False,465,128,0,0,0,0,0,0,0,-0.059558823529411886,0
1764806400000,1.36,1.386,1.262,1.279,12165.41,2025-12-04,-0.0595588235294118,-0.0614061771512551,0.0595588235294118,0.0457542541185446,0.8741337975560094,0.0720054236513918,1.3756616872814305,0.0708860440548544,1.3542759701174527,0.0723382988144038,1.3820212583412466,1.3161999999999998,1.31941741898885,1.3692,1.3195528950939446,1.2505,1.26402710242441,1.0489,1.155479049437628,1.11507,1.166504414873308,-0.0818377602297201,-8.18377602297201,-0.1398789509078682,-13.98789509078683,0.267591674925669,26.759167492566903,26.333333333333343,59.18874172185429,50.028985507246375,1.311123232673982,1.2295492029346458,0.0815740297393361,0.0950420121003189,-0.0134679823609827,-1.0530087850651104,1.2505,0.1814919165954066,1.6134838331908132,0.8875161668091867,0.5805419163387657,0.5392579467651085,0.1615714285714286,12.63263710488105,0.2146428571428571,16.7820842175807,0.1818095238095238,14.214974496444398,34167.917,0.356047750876941,17504.7099999999,1.3436888278744648,38.00202557210491,28.519038701623,56.680714696618665,38.719068413391554,43.274600996716366,-61.280931586608446,False,True,False,465,128,0,0,0,0,0,0,0,0.023455824863174435,1
1764892800000,1.279,1.372,1.251,1.309,15462.75,2025-12-05,0.0234558248631744,0.0231849643310573,0.0234558248631744,0.0478717942350565,0.9145893446779888,0.0652035329319307,1.2457117475499546,0.0706774048819933,1.3502899243167827,0.0718124621162256,1.3719751623283618,1.3078,1.3159449459925667,1.3389000000000002,1.3176341868950456,1.266,1.2683102355292106,1.0592,1.1615006784578463,1.11307,1.169366523451651,-0.0310880829015544,-3.108808290155443,-0.1879652605459058,-18.79652605459058,0.3103103103103102,31.031031031031027,36.09271523178809,59.22249793217534,54.6177370030581,1.3107965814933693,1.235434447608912,0.0753621338844574,0.0911060364571466,-0.0157439025726891,-1.2027427481045971,1.266,0.1718646958633763,1.6097293917267528,0.9222706082732472,0.5430164166299412,0.5625492044540996,0.142,10.84797555385791,0.2115714285714286,16.16282876787079,0.1787619047619048,13.656371639564918,33790.778,0.4576026630697878,32967.459999999905,1.3436066104542843,36.82301353824846,24.897111476370718,54.9636335298897,39.66049382716048,43.199691478558,-60.33950617283952,False,True,False,465,128,0,0,0,0,0,0,0,0.0015278838808250317,1
1764979200000,1.309,1.333,1.255,1.311,12320.28,2025-12-06,0.001527883880825,0.0015267178537998,0.001527883880825,0.0457934794095161,0.8748831956877837,0.0397839812338005,0.760071894248274,0.0706476145349715,1.3497207805360705,0.0716051251028712,1.3680139942501364,1.308,1.3142966306617112,1.3355,1.3164279710959463,1.28165,1.2723759273856017,1.06872,1.1673645192927276,1.11123,1.1722105094705912,0.0007633587786257,0.076335877862587,-0.0252788104089219,-2.527881040892196,0.3136272545090179,31.362725450901795,42.36641221374046,53.358561967833495,57.11550733886407,1.3108278766482355,1.2410318963280056,0.0697959803202299,0.0868440252297633,-0.0170480449095333,-1.3003848138469385,1.28165,0.1600188393513986,1.6016876787027972,0.9616123212972026,0.4994150957013182,0.5458539758802211,0.1317142857142857,10.046856271112569,0.1958571428571429,14.93952271984309,0.1766190476190476,13.47208601213178,32858.2095,0.3749528713668954,45287.7399999999,1.3435196161129654,33.91426482228899,13.494574718622212,50.64937584653921,32.46527777777776,36.94828000610992,-67.53472222222224,False,False,True,465,128,0,0,0,0,0,0,0,0.008390541571319687,1
1765065600000,1.311,1.37,1.28,1.322,20432.3,2025-12-07,0.0083905415713196,0.0083555366479318,0.0083905415713196,0.0439362401477844,0.8394006894136931,0.0399049467766589,0.7623829376996274,0.0706601020173327,1.3499593535515992,0.0709358347256652,1.3552272195476354,1.3162,1.3168644204411408,1.3337,1.3174410672603198,1.2973,1.2771020295414883,1.0794,1.1734297711590642,1.11,1.175217431750451,0.0320062451209992,3.200624512099934,-0.0134328358208954,-1.3432835820895532,0.3102081268582757,31.02081268582757,52.58620689655172,48.59228362877998,61.09238031018207,1.3125466648561994,1.2470295340277686,0.0655171308284308,0.0825786463494968,-0.017061515521066,-1.2905836248915286,1.2973,0.1467016664778171,1.5907033329556346,1.0038966670443656,0.4523291959541115,0.5420922280452329,0.1227142857142857,9.282472444348397,0.1832857142857143,13.86427490814783,0.1785714285714286,13.507672357899288,31596.3575,0.6466663127229143,65720.0399999999,1.343455734508275,31.32424585121988,21.958423897898857,48.60614023793076,27.02702702702705,33.05093287732176,-72.97297297297295,True,False,False,465,128,0,0,0,0,0,0,0,-0.009077155824508298,0
1765152000000,1.322,1.35,1.271,1.31,16870.32,2025-12-08,-0.0090771558245082,-0.0091186042164343,0.0090771558245082,0.0316381164425796,0.6044453659285466,0.0336446282882977,0.6427797209153924,0.0695350343963678,1.3284649668335178,0.0709487925738074,1.355474778888793,1.3062,1.314576280294094,1.3226,1.3160881459402618,1.30865,1.280235169586437,1.08934,1.178786412836305,1.10872,1.1779223635961262,-0.0367647058823529,-3.676470588235297,-0.0781140042223785,-7.811400422237861,0.2096029547553093,20.96029547553094,56.74418604651164,39.37575030012005,60.17579445571332,1.312154870262938,1.251694013270041,0.060460856992897,0.0781550884781768,-0.0176942314852798,-1.3507046935328106,1.30865,0.137757710644833,1.584165421289666,1.033134578710334,0.4210681561757016,0.5024499536063729,0.1035714285714286,7.906215921483102,0.1650714285714286,12.600872410032718,0.1784285714285714,13.620501635768814,30880.308500000003,0.5463131950252375,48849.71999999991,1.3433664737704565,30.57078108448164,5.8743380122370805,38.91817353703383,24.71042471042473,28.067576505076502,-75.28957528957527,False,True,False,465,128,0,0,0,0,0,0,0,0.021374045801526798,1
1765238400000,1.31,1.379,1.27,1.338,21129.06,2025-12-09,0.0213740458015267,0.0211488244929766,0.0213740458015267,0.013647209583766,0.2607295730052128,0.0344985045967095,0.6590930048819769,0.0669938766890554,1.2799162170030318,0.0708444422301605,1.3534811683726635,1.318,1.3223841868627293,1.3171,1.3200721194056688,1.32505,1.2857365820088107,1.1001,1.1850311429918523,1.10772,1.1811340813746751,0.0461297888975764,4.6129788897576365,-0.0394831299353911,-3.94831299353912,0.3247524752475248,32.47524752475248,43.29268292682927,31.385869565217405,61.32264529058116,1.3161310440686398,1.2580870496811811,0.0580439943874586,0.0741328696600332,-0.0160888752725745,-1.202457045782852,1.32505,0.1185120358089388,1.5620740716178776,1.0880259283821223,0.3577586832464851,0.5273179004807528,0.1025714285714286,7.666026051676281,0.1514285714285715,11.3175314969037,0.1767142857142857,13.207345718556482,30849.59250000001,0.6849056434051761,69978.77999999991,1.343318147603446,30.03894112956476,10.607462226333498,28.09962893091894,34.589800443459005,28.77575072697026,-65.41019955654099,True,True,False,465,128,0,0,0,0,0,0,0,-0.09790732436472349,0
1765324800000,1.338,1.338,1.191,1.207,25937.05,2025-12-10,-0.0979073243647234,-0.1030380195906422,0.0979073243647234,0.0475709163505405,0.9088410807654956,0.0452851412368887,0.865171408536142,0.0712186303269149,1.3606300219233902,0.0725507278631034,1.3860797096181463,1.2976,1.2839227912418194,1.3027,1.2995135522410015,1.33255,1.2782378599102249,1.108,1.185892807331313,1.10573,1.181652906569042,-0.0779220779220778,-7.792207792207782,-0.1065877128053293,-10.658771280532932,0.1419110690633871,14.191106906338709,33.17757009345799,38.500000000000014,56.42286416717886,1.2993416526734645,1.254302823583168,0.0450388290902965,0.0683140615460859,-0.0232752324557893,-1.9283539731391333,1.33255,0.1045836230512528,1.5417172461025055,1.123382753897494,0.3139353061461196,0.1998813094798025,0.1068571428571429,8.853118712273647,0.1348571428571429,11.172919872174225,0.1798095238095238,14.897226496232296,29263.964,0.8863136244973511,44041.72999999991,1.3429152063631329,28.44655624172533,-84.96423387026266,32.36408760907197,7.861635220125826,22.38728679133652,-92.13836477987417,False,True,False,465,128,0,0,0,0,0,0,0,-0.024855012427506207,0
1765411200000,1.207,1.229,1.091,1.177,40283.01,2025-12-11,-0.0248550124275062,-0.0251691138372547,0.0248550124275062,0.0467156406639387,0.8925010617161304,0.0450471120271166,0.8606238668686885,0.0714697204576794,1.365427092136038,0.0716505525316085,1.3688818840575507,1.2708,1.2482818608278796,1.2894,1.277238360924456,1.3371,1.268596158963475,1.11374,1.1855440151326722,1.10369,1.1815596012938916,-0.1022120518688023,-10.221205186880235,-0.1015267175572519,-10.15267175572519,0.083793738489871,8.379373848987106,19.15887850467296,36.960000000000015,55.10328068043743,1.28051985995447,1.2485766882287386,0.0319431717257314,0.061039883582015,-0.0290967118562835,-2.47210805915748,1.3371,0.0948161101123766,1.5267322202247533,1.1474677797752466,0.2836470274844863,0.0778670950267619,0.1088571428571429,9.24869523000365,0.1352142857142857,11.488044665614762,0.1793809523809524,15.24052271715823,29228.7425,1.378198531804781,3758.7199999999066,1.3417903372086524,27.475372864085607,-181.62558490844077,30.40667458179317,21.026894865525687,21.159443509703504,-78.97310513447431,False,True,False,465,128,0,0,0,0,0,0,0,0.08496176720475779,1
1765497600000,1.177,1.55,1.14,1.277,45970.58,2025-12-12,0.0849617672047577,0.0815447487722625,0.0849617672047577,0.0667668981431662,1.275579797972623,0.0536706226337084,1.025375805678009,0.0667820202471442,1.2758687053634654,0.0718252061088993,1.3722186359665294,1.2618,1.2578545738852531,1.289,1.277195022574555,1.33895,1.2693965247766967,1.1225,1.1891310643959356,1.10262,1.1834729981574617,-0.0340393343419063,-3.4039334341906318,-0.0031225604996096,-0.3122560499609683,0.0298387096774193,2.9838709677419293,44.55128205128205,38.81987577639752,55.80143540669856,1.2799783430383975,1.2506821188236636,0.0292962242147341,0.0546911517085588,-0.0253949274938247,-1.9886395844811844,1.33895,0.0931684806652652,1.5252869613305309,1.1526130386694695,0.278332964383331,0.3337688895492096,0.1501428571428572,11.757467278219046,0.1460714285714286,11.43863966886677,0.1910952380952381,14.964388261177614,29979.39,1.5334061166688184,49729.29999999991,1.3416504366611768,25.351439353697504,-15.56111309594709,44.51699321800545,40.52287581699345,23.13713530088165,-59.47712418300656,True,False,False,465,128,0,0,0,0,0,0,0,-0.028191072826938002,0
1765584000000,1.277,1.5,1.115,1.241,70856.4,2025-12-13,-0.028191072826938,-0.0285960708279319,0.028191072826938,0.0675935613227022,1.2913731758420397,0.049764102415616,0.9507418417055444,0.0640634177928273,1.223929878401494,0.0717484159085281,1.37075156124837,1.248,1.2522363825901688,1.2771,1.2706141093791812,1.33355,1.2666920938449129,1.13112,1.1911654345779137,1.1020100000000002,1.1846260204019885,-0.0526717557251907,-5.26717557251908,-0.0875,-8.75,-0.0800593031875462,-8.005930318754624,37.98219584569733,38.343558282208605,57.06422018348624,1.2739816748786443,1.2499649248072824,0.0240167500713619,0.0485562713811194,-0.0245395213097575,-1.9773989774180092,1.33355,0.0956520420999728,1.5248540841999456,1.1422459158000544,0.2869095035055987,0.2581076212066929,0.1940000000000001,15.632554391619667,0.1628571428571429,13.12305744215495,0.1952380952380953,15.732320325390434,31551.208,2.2457587043893845,-21127.10000000009,1.3410331367545727,22.48285870009132,-59.38651765545104,32.45805656780301,32.67973856209153,31.409836414870217,-67.32026143790847,False,True,False,465,128,0,0,0,0,0,0,0,-0.12167606768734895,0
1765670400000,1.241,1.388,1.09,1.09,32679.33,2025-12-14,-0.1216760676873489,-0.1297398099814178,0.1216760676873489,0.0805885938666393,1.53964292399627,0.0597845883834671,1.142182957317223,0.064418503781742,1.2307137866943665,0.0740801487472407,1.415299254582175,1.1984,1.198157588393446,1.2582,1.2377751804011483,1.3137,1.2498642753797198,1.13698,1.1871976111876628,1.09964,1.1827298743072563,-0.1853512705530642,-18.53512705530643,-0.1477716966379982,-14.777169663799834,-0.2669804976462676,-26.698049764626763,26.890756302521,32.85151116951381,50.94882116158713,1.2456768018203914,1.2381156706674346,0.0075611311529568,0.0403572433354869,-0.03279611218253,-3.008817631424776,1.3137,0.1030396448996836,1.5197792897993674,1.1076207102006328,0.3137387376103635,-0.0427522586519676,0.2237142857142857,20.52424639580603,0.1732142857142857,15.891218872870253,0.1967619047619047,18.051550895587592,30516.4335,1.0708764508801465,-53806.43000000009,1.3402701007909152,20.73884058116232,-161.11647361647377,31.62874488961881,0.0,24.400871459694983,-100.0,False,True,False,465,128,0,0,0,0,0,0,0,-0.0825688073394496,0
1765756800000,1.09,1.151,0.92,1.0,45041.99,2025-12-15,-0.0825688073394496,-0.0861776962410524,0.0825688073394496,0.0779650776830524,1.4895207176858631,0.0617342478496757,1.1794311491186324,0.0618818537631525,1.1822511561360098,0.0747137799437977,1.4274047615949492,1.157,1.1321050589289638,1.2273,1.1945433294191214,1.2831,1.2260676777196815,1.13998,1.1798555480154242,1.09635,1.179069140513095,-0.1714995857497929,-17.149958574979294,-0.2360580595874712,-23.60580595874713,-0.3796526054590571,-37.96526054590571,18.587360594795516,30.864197530864203,47.61111111111112,1.2078803707711003,1.22047747221941,-0.0125971014483097,0.0297663743787276,-0.0423634758270373,-4.236347582703733,1.2831,0.1006358207650385,1.484371641530077,1.0818283584699229,0.31372713199295,-0.2032784098342409,0.2454285714285714,24.54285714285714,0.1745,17.450000000000003,0.1918571428571429,19.18571428571429,29393.562000000005,1.5323760352692195,-98848.42000000009,1.3380902860843775,19.213224169299657,-303.015103382935,31.4589108344979,12.698412698412692,15.126050420168063,-87.30158730158732,False,True,False,465,128,0,0,0,0,0,0,0,0.03200000000000003,1
1765843200000,1.0,1.079,0.975,1.032,14018.84,2025-12-16,0.032,0.031498667059371,0.032,0.0836556253154772,1.5982384775517957,0.0638926295318092,1.220666973256216,0.0527985411585507,1.0087147124891052,0.0747986053106566,1.4290253479533093,1.128,1.0987367059526425,1.1994,1.164989996797463,1.26745,1.2075850417429863,1.14362,1.1740565472601243,1.0935,1.176123501142213,-0.1231945624468988,-12.31945624468989,-0.2128146453089244,-21.281464530892443,-0.23271375464684,-23.27137546468401,30.06833712984053,34.68634686346864,43.80214541120382,1.180821852190931,1.2065161775259423,-0.0256943253350112,0.0186742344359798,-0.044368559770991,-4.299279047576656,1.26745,0.1139586605563167,1.4953673211126337,1.0395326788873664,0.3596470410866441,-0.0165250250630224,0.2447142857142857,23.71262458471761,0.1736428571428571,16.82585825027686,0.1825238095238096,17.686415651531938,26894.504,0.5212529667771527,-84829.58000000009,1.3374286452789823,18.036836836668545,-223.14793965323088,35.28328435205583,17.777777777777775,10.15873015873015,-82.22222222222221,False,False,True,465,128,0,0,0,0,0,0,0,-0.005813953488372103,0
1765929600000,1.032,1.157,1.01,1.026,38962.13,2025-12-17,-0.0058139534883721,-0.0058309203107932,0.0058139534883721,0.0611706785864114,1.1686641734619705,0.0633031525391507,1.2094050311244653,0.0527837222588791,1.0084315978084042,0.0744354643019001,1.4220875487224407,1.0778,1.0744911373017618,1.1698,1.1397190882888335,1.25175,1.190291228240783,1.14614,1.1682496923887,1.09043,1.173117368436711,-0.196554424432263,-19.655442443226303,-0.2239031770045385,-22.39031770045386,-0.2343283582089552,-23.432835820895527,31.807228915662638,27.432432432432435,39.74603174603176,1.1570031057000183,1.193144608416823,-0.0361415027168043,0.0077110870054229,-0.0438525897222273,-4.274131551874012,1.25175,0.1245729019278961,1.500895803855792,1.0026041961442078,0.3980759797975508,0.0469520326927398,0.2447142857142857,23.851294903926483,0.1757857142857143,17.133110554163185,0.1714761904761905,16.71307899378075,28025.898,1.3902187897779403,-123791.71000000008,1.335815251637541,16.547075198530646,-154.3739952162493,38.30625230003119,16.825396825396822,15.767195767195757,-83.17460317460318,True,False,False,465,128,0,0,0,0,0,0,0,-0.005847953216374324,0
1766016000000,1.026,1.058,1.0,1.02,13728.41,2025-12-18,-0.0058479532163743,-0.0058651194523981,0.0058479532163743,0.0631473141391035,1.2064277426719996,0.0633912357859035,1.211087859190805,0.050009428190801,0.9554287840594784,0.0742572495506531,1.4186827606805594,1.0336,1.0563274248678411,1.1408,1.1179519813272272,1.2317,1.1740730160249384,1.14912,1.1624352903738595,1.08713,1.1700519671407492,-0.1780821917808219,-17.808219178082197,-0.2213740458015267,-22.137404580152676,-0.2821956368754398,-28.219563687543985,9.968847352024936,30.5263157894737,33.81843381843382,1.1359257048230926,1.1803190815090794,-0.0443933766859867,-0.0027098057328589,-0.0416835709531277,-4.086624603247822,1.2317,0.1281184074042051,1.4879368148084102,0.9754631851915898,0.4160701709968502,0.0869055737398832,0.2332857142857143,22.871148459383758,0.1710714285714286,16.771708683473392,0.1679047619047619,16.461251167133522,26742.9705,0.5133464885660328,-137520.12000000008,1.335171670453561,15.426256325561283,-150.14623891783194,38.44727268586951,15.87301587301587,16.82539682539682,-84.12698412698413,False,True,False,465,128,0,0,0,0,0,0,0,0.022549019607843057,1
1766102400000,1.02,1.102,0.971,1.043,15099.74,2025-12-19,0.022549019607843,0.0222985487224556,0.022549019607843,0.0450087198997368,0.859890386304983,0.0634833411192019,1.2128475291127034,0.0506979045232286,0.9685821059218152,0.0734517659258968,1.4032940176370556,1.0242,1.051884949911894,1.1113,1.1043243483586405,1.2142,1.1615898716399142,1.1538,1.1577510205027233,1.08351,1.1675089480340366,-0.043119266055046,-4.311926605504601,-0.2204783258594919,-22.047832585949187,-0.2512562814070352,-25.12562814070352,17.857142857142833,29.787234042553195,28.784489187173747,1.121629442542617,1.1701472974304412,-0.0485178548878242,-0.011871415563852,-0.0366464393239722,-3.513560817255245,1.2142,0.1288281597200027,1.4718563194400054,0.9565436805599944,0.4244050723768826,0.1677744982694603,0.1934285714285714,18.545404739076844,0.1717857142857143,16.470346527872902,0.1618571428571429,15.518422133954257,26430.159000000003,0.5713071949359063,-122420.38000000008,1.334495757682409,14.941218459282087,-119.39427692470902,37.87739580110237,19.523809523809504,17.40740740740739,-80.4761904761905,True,True,False,465,128,0,0,0,0,0,0,0,-0.009587727708533111,0
1766188800000,1.043,1.085,1.022,1.033,8472.21,2025-12-20,-0.0095877277085331,-0.0096339858811339,0.0095877277085331,0.0191742901368377,0.3663242987051859,0.0577476677563513,1.1032676433775022,0.050542402951882,0.9656112525726396,0.0732424151761816,1.3992943771796764,1.0308,1.0455899666079294,1.0939,1.0913562850207057,1.1983,1.1493432171965114,1.15884,1.1528582887388548,1.0800800000000002,1.16481724806524,0.0329999999999999,3.299999999999992,-0.1441590720795361,-14.415907207953616,-0.2353811991117691,-23.53811991117691,32.93413173652689,29.12912912912913,35.608856088560884,1.1079941436899068,1.1599882381181663,-0.0519940944282595,-0.0198959513367335,-0.032098143091526,-3.1072742586182,1.1983,0.1306663489075996,1.4596326978151994,0.9369673021848008,0.4361724072689631,0.1837364757989609,0.1474285714285714,14.271884939842346,0.1707142857142857,16.526068316968615,0.1577142857142857,15.267597842622049,25877.169,0.3274009610556703,-130892.59000000008,1.3341280815598002,15.544351077669834,-99.14720730505456,40.24976342440208,17.936507936507915,17.777777777777757,-82.06349206349208,False,False,True,465,128,0,0,0,0,0,0,0,-0.09002904162633107,0
1766275200000,1.033,1.051,0.9,0.94,38347.67,2025-12-21,-0.090029041626331,-0.0943425938555889,0.090029041626331,0.042423523456714,0.8105002776101087,0.0625953520773476,1.1958825222887888,0.0533608198086413,1.0194570310157052,0.0736616636080215,1.4073041072234465,1.0124,1.010393311071953,1.0702,1.0638369604714866,1.1798,1.1294057679374825,1.1606800000000002,1.1445100280112954,1.07425,1.1603193024467977,-0.0891472868217054,-8.91472868217055,-0.2013593882752762,-20.135938827527617,-0.2824427480916031,-28.244274809160316,32.352941176470566,24.46524064171122,32.93515358361775,1.0821488908145365,1.143692812710945,-0.0615439218964084,-0.0282255454486685,-0.0333183764477399,-3.54450813273829,1.1798,0.1398866458394475,1.459573291678895,0.900026708321105,0.4742724049481184,0.0714387199704066,0.1264285714285714,13.449848024316108,0.1750714285714286,18.62462006079028,0.1576190476190476,16.767983789260388,26116.829,1.4683126347383135,-169240.26000000007,1.3319984123031732,15.948640045886586,-127.8793169546561,34.0142550481238,6.153846153846142,14.538054538054512,-93.84615384615384,False,True,False,465,128,0,0,0,0,0,0,0,-0.011702127659574346,0
1766361600000,0.94,0.998,0.911,0.929,29519.13,2025-12-22,-0.0117021276595743,-0.0117711364502109,0.0117021276595743,0.0420899118525535,0.8041266368619073,0.0508809310664089,0.9720788231195048,0.053339050357845,1.019041126242218,0.073568217639817,1.4055188245076309,0.993,0.983262207381302,1.0354,1.0393211494766708,1.1622,1.1103195043224676,1.16274,1.136057801403065,1.06911,1.1556922186454988,-0.094541910331384,-9.454191033138398,-0.2725137039937352,-27.251370399373524,-0.2747853239656517,-27.47853239656517,15.436241610738207,24.49799196787147,27.67695099818512,1.0585875229969155,1.1277896410724202,-0.0692021180755046,-0.0364208599740357,-0.0327812581014689,-3.5286607213637167,1.1622,0.1483703048740601,1.45894060974812,0.8654593902518797,0.5106532606231634,0.107064229938152,0.1058571428571428,11.394740888820545,0.1756428571428571,18.906658465323694,0.1516190476190476,16.320672510123533,26538.3835,1.1123183143389277,-198759.39000000007,1.3302978142908888,14.599476527268124,-118.97204873553808,33.6211873128907,4.461538461538465,9.5172975172975,-95.53846153846152,False,False,True,465,128,0,0,0,0,0,0,0,-0.0452099031216362,0
1766448000000,0.929,0.934,0.88,0.887,33531.68,2025-12-23,-0.0452099031216362,-0.046263756504259,0.0452099031216362,0.0427093958019351,0.8159618610969017,0.0510946546846701,0.9761620071131512,0.050584238689754,0.966410523222421,0.0727615002769751,1.3901065109310984,0.9664,0.951174804920868,1.0,1.011626395026367,1.13855,1.089050980099343,1.16538,1.1262898817207188,1.06401,1.1503186440714717,-0.130392156862745,-13.039215686274511,-0.2852538275584206,-28.525382755842067,-0.3477941176470588,-34.779411764705884,12.432432432432392,20.367936925098533,27.32974910394266,1.0321894425358515,1.109953371024183,-0.0777639284883313,-0.0446894736768948,-0.0330744548114364,-3.728799866001857,1.13855,0.1528130867225865,1.444176173445173,0.8329238265548269,0.5368691290591947,0.0884678377437362,0.0987142857142857,11.129006281204704,0.1717142857142857,19.358995007247543,0.1486666666666667,16.760616309658026,27541.414500000003,1.217500284889144,-232291.0700000001,1.328156736502347,12.469057195356257,-124.63196827019009,27.92803490165943,1.044776119402986,3.88672024492919,-98.955223880597,False,True,False,465,128,0,0,0,0,0,0,0,-0.007891770011273946,0
1766534400000,0.887,0.894,0.847,0.88,16192.36,2025-12-24,-0.0078917700112739,-0.0079230748373273,0.0078917700112739,0.0354735226912541,0.677720699422945,0.0404043471635649,0.7719239686948232,0.0497643025550898,0.9507456653648224,0.0727500657435609,1.3898880544769558,0.9338,0.9274498699472454,0.979,0.9876943232033912,1.1186,1.069141362945384,1.16804,1.1166305551646696,1.05905,1.1449136074990227,-0.156279961649089,-15.627996164908913,-0.1926605504587156,-19.266055045871568,-0.3119624706802189,-31.196247068021886,12.365591397849428,24.332810047095748,28.214616096207223,1.0087756821457206,1.092919787685442,-0.0841441055397214,-0.0525804000494602,-0.0315637054902612,-3.586784714802409,1.1186,0.1594145208997121,1.4374290417994244,0.7997709582005756,0.5700501373134711,0.1258182776365405,0.0844285714285714,9.594155844155845,0.1645714285714285,18.7012987012987,0.1453333333333333,16.51515151515152,27742.762,0.5836607040063279,-248483.43000000005,1.3270664615796472,10.4980203641431,-121.25435540069677,28.96794464121494,4.694167852062592,3.400160811001341,-95.3058321479374,False,True,False,465,128,0,0,0,0,0,0,0,0.07954545454545459,1
1766620800000,0.88,0.97,0.851,0.95,22392.72,2025-12-25,0.0795454545454545,0.0765400771223344,0.0795454545454545,0.0623342295339795,1.1908937831024726,0.0449591753383202,0.8589438387881747,0.0536138666290226,1.0242914837309924,0.0716996164211227,1.3698192483505576,0.9172,0.9349665799648302,0.974,0.9808408098936836,1.10065,1.057794566473549,1.17032,1.110095438679716,1.05435,1.141017051229196,-0.0803484995159729,-8.034849951597286,-0.05,-5.000000000000004,-0.2742551566080977,-27.42551566080978,30.042918454935617,33.2348596750369,33.783783783783775,0.9997332695079174,1.0823331365731863,-0.0825998670652689,-0.0585842934526219,-0.0240155736126469,-2.5279551171207317,1.10065,0.1570411528364814,1.4147323056729628,0.7865676943270371,0.5707214930685738,0.2601743280679049,0.0931428571428571,9.804511278195491,0.1632142857142857,17.180451127819552,0.1450952380952381,15.273182957393486,28089.2605,0.7971986304160625,-226090.71000000005,1.3257326158044829,8.11365462558462,-89.15093791066305,35.10202465219311,14.651493598862016,6.796812523442523,-85.34850640113798,True,False,False,465,128,0,0,0,0,0,0,0,0.007368421052631691,1
1766707200000,0.95,0.999,0.906,0.957,18189.21,2025-12-26,0.0073684210526316,0.0073414068583678,0.0073684210526316,0.0461713034579096,0.8821015139970395,0.0434034343546634,0.8292214490288745,0.05372156372069,1.026349033778274,0.0693849245266891,1.3255971218000735,0.9206,0.9423110533098868,0.9665,0.9765061171857412,1.08295,1.0481950839516112,1.17056,1.1040911796640274,1.05168,1.1373390261023704,0.0180851063829787,1.808510638297874,-0.0726744186046511,-7.267441860465122,-0.2700228832951945,-27.00228832951945,33.47826086956522,22.60273972602738,35.11029411764706,0.9931589203528532,1.0730492003905845,-0.0798902800377312,-0.0628454907696438,-0.0170447892680874,-1.7810647093090315,1.08295,0.1519520267092652,1.3868540534185303,0.7790459465814694,0.5612522340247111,0.2927799932524359,0.0877142857142857,9.165547096581578,0.1405714285714285,14.688759516345725,0.1437619047619047,15.022142608349506,28382.707,0.6408553630913357,-207901.5000000001,1.3247368832038815,9.085368513726438,-69.22682559518081,28.355434766664036,16.84532924961715,12.063663566847245,-83.15467075038285,True,False,False,465,128,0,0,0,0,0,0,0,0.07523510971786829,1
1766793600000,0.957,1.046,0.92,1.029,25999.85,2025-12-27,0.0752351097178682,0.0725393443810953,0.0752351097178682,0.0542449233044458,1.0363478045865686,0.0505571608015768,0.9658932008951728,0.0571701733429981,1.092234628101942,0.0662341906852959,1.2654024362801308,0.9406,0.971207368873258,0.9668,0.9860504595156064,1.0683,1.046366980718013,1.16914,1.101146184203564,1.04867,1.1351740105211094,0.107642626480086,10.764262648008597,0.0029239766081869,0.2923976608187029,-0.2216338880484115,-22.16338880484116,71.29186602870814,32.9032258064516,34.69010175763181,0.9986729326062604,1.0697862966123426,-0.0711133640060821,-0.0644990654169314,-0.0066142985891506,-0.6427889785374795,1.0683,0.1414533957100195,1.3512067914200392,0.7853932085799609,0.5296392238510514,0.4305424945743872,0.0967142857142857,9.398861585450508,0.1220714285714285,11.863112591975566,0.146047619047619,14.193160257300203,28661.0845,0.9071481576351376,-181901.65000000005,1.323491897795343,9.86035415057604,-43.613707165109,40.94964355680637,33.641404805914966,21.712742551464704,-66.35859519408504,True,False,False,465,128,0,0,0,0,0,0,0,-0.10398445092322628,0
1766880000000,1.029,1.042,0.921,0.922,24558.25,2025-12-28,-0.1039844509232262,-0.1097975122774556,0.1039844509232262,0.0748526395692172,1.4300576710136157,0.0606473784271876,1.158666537957766,0.0608352317333574,1.162255470332888,0.0646594137327472,1.235316364845801,0.9476,0.954804912582172,0.957,0.9744049214218596,1.0489,1.0345225063632624,1.16246,1.094120285927889,1.04537,1.130914777134035,0.0394588500563697,3.945885005636982,-0.096078431372549,-9.6078431372549,-0.2961832061068702,-29.61832061068702,48.85245901639344,35.41666666666666,33.87533875338754,0.9868770968206818,1.0588391633882717,-0.0719620665675898,-0.0659916656470631,-0.0059704009205266,-0.6475489067816375,1.0489,0.132908714220664,1.314717428441328,0.7830825715586719,0.5068498969231159,0.2613023330635191,0.0924285714285714,10.024790827393865,0.1094285714285714,11.86860861481252,0.1475238095238095,16.00041318045657,29045.481,0.8455101845275002,-206459.90000000005,1.3221930060382625,9.944740710378756,-59.44952003127385,42.80015675701614,24.19354838709679,24.89342748087629,-75.80645161290322,False,False,True,465,128,0,0,0,0,0,0,0,0.09110629067245113,1
1766966400000,0.922,1.19,0.921,1.006,40289.76,2025-12-29,0.0911062906724511,0.0871921271030906,0.0911062906724511,0.0816989306733595,1.5608558789033666,0.0679645115589115,1.2984601701539096,0.0649271736372743,1.2404319106390091,0.0649615580886756,1.241088824660651,0.9728,0.971869941721448,0.9533,0.9801494811633398,1.0323,1.0318060771856732,1.15544,1.0906643248631795,1.0432400000000002,1.1284194145453166,0.143181818181818,14.318181818181818,-0.0354745925215723,-3.547459252157231,-0.2481315396113602,-24.813153961136027,67.14697406340059,50.52631578947368,36.95090439276485,0.9898190819251924,1.0549251512385347,-0.0651060693133422,-0.0658145463803189,0.0007084770669767,0.0704251557630915,1.0323,0.1143356554416156,1.2609713108832312,0.8036286891167688,0.4430326666341785,0.4424938793187095,0.1184285714285714,11.772223800056802,0.1121428571428571,11.147401306447032,0.1565714285714285,15.563760295370631,30003.516,1.3428346197825618,-166170.14000000004,1.3205349329641436,12.307215893860716,-7.407914711958835,55.908547106004754,46.355685131195344,34.73021277473569,-53.644314868804656,True,False,False,465,128,0,0,0,0,0,0,0,0.021868787276341894,1
1767052800000,1.006,1.218,1.0,1.028,31043.13,2025-12-30,0.0218687872763418,0.0216330953554258,0.0218687872763418,0.0768571459030165,1.4683537107490532,0.068276605087371,1.3044227086430764,0.0620589125972017,1.1856338604108363,0.0645804834888429,1.2338084046533486,0.9884,0.990579961147632,0.9528,0.988849575497278,1.02335,1.0314435936441642,1.15044,1.088206720273905,1.04177,1.1264137341378675,0.0821052631578949,8.210526315789481,-0.004840271055179,-0.4840271055178987,-0.1483015741507871,-14.830157415078707,70.44198895027625,49.64285714285714,38.0186282811177,0.9956930693213166,1.0529306955691065,-0.0572376262477898,-0.0640991623538131,0.0068615361060233,0.6674646017532423,1.02335,0.1066910320307671,1.2367320640615342,0.8099679359384657,0.4170265579939107,0.5108959485898006,0.1418571428571428,13.799332962757086,0.1202857142857142,11.70094496942746,0.1617619047619047,15.735593848434316,30258.82,1.0259200457916071,-135127.01000000004,1.31946368706291,14.866070088834856,31.130055740929947,58.30693135093881,48.787061994609175,39.7787651709671,-51.21293800539082,True,False,False,465,128,0,0,0,0,0,0,0,-0.03696498054474706,0
1767139200000,1.028,1.073,0.973,0.99,19547.75,2025-12-31,-0.036964980544747,-0.0376655028864747,0.036964980544747,0.0808878572414839,1.5453603427447982,0.0621483838405561,1.1873432061150149,0.062309732445858,1.1904257668910565,0.0634235670179587,1.2117055465119195,0.995,0.990386640765088,0.9578,0.989058743588682,1.014,1.0274965847255109,1.14708,1.0843552051834568,1.04017,1.1236896039254485,0.0344827586206897,3.448275862068969,0.0531914893617022,5.319148936170218,-0.1588785046728972,-15.887850467289724,56.06060606060607,46.95945945945946,36.25827814569535,0.9948172125026524,1.0482691625160967,-0.0534519500134441,-0.0619697198857393,0.0085177698722952,0.8603807951813336,1.014,0.1005333147191605,1.215066629438321,0.812933370561679,0.3965811231525069,0.4403182913369465,0.1494285714285714,15.093795093795093,0.1169285714285714,11.81096681096681,0.1595238095238095,16.113516113516116,29222.056999999997,0.6689381928178432,-154674.76000000004,1.3185966535855425,16.358832927452944,-18.399084233743967,49.59069851507362,38.54447439353101,44.56240717311184,-61.455525606469,False,True,False,465,128,0,0,0,0,0,0,0,0.025252525252525082,1
1767225600000,0.99,1.032,0.967,1.015,29212.39,2026-01-01,0.025252525252525,0.0249389483472519,0.025252525252525,0.0734744585541741,1.4037275596915535,0.0620154686189247,1.1848038643712573,0.0590287187910149,1.1277420890299703,0.0629440491410259,1.2025443703364038,0.9922,0.998591093843392,0.9664,0.993775335663467,1.0009,1.0263064337992278,1.14562,1.081635209229299,1.03798,1.1215194778092623,-0.0136054421768707,-1.360544217687076,0.0925726587728739,9.25726587728739,-0.2051683633516053,-20.516836335160534,58.33333333333332,49.59083469721767,37.91973791973791,0.9979222567330136,1.0458047800840544,-0.0478825233510407,-0.0591522805787996,0.0112697572277589,1.1103209091388115,1.0009,0.0792835683513744,1.1594671367027491,0.8423328632972512,0.3168491092072114,0.5444606628245791,0.1417142857142857,13.961998592540464,0.1174285714285714,11.569317382125265,0.156047619047619,15.374149659863948,28384.1475,1.0291797560592582,-125462.37000000004,1.317279250109376,17.920367158560985,-13.914095583787024,47.40279441213802,45.2830188679245,44.20485175202155,-54.716981132075496,False,True,False,465,128,0,0,0,0,0,0,0,-0.009852216748768461,0
1767312000000,1.015,1.039,0.983,1.005,20885.47,2026-01-02,-0.0098522167487684,-0.0099010709827115,0.0098522167487684,0.0479807085935401,0.9166701505751388,0.0594320290990794,1.1354473216465606,0.0588690273915239,1.1246911891264908,0.0616769982394636,1.1783373968512774,1.0088,1.000727395895595,0.9782,0.9958161837246547,0.9891,1.0242772496278048,1.14586,1.0786297115809484,1.03639,1.1191934004608446,0.0900216919739693,9.002169197396945,0.1330326944757609,13.303269447576085,-0.1901692183722806,-19.016921837228058,45.8041958041958,46.82274247491638,36.15960099750622,0.99901114031255,1.0427822037549093,-0.0437710634423591,-0.0560760371515115,0.0123049737091524,1.224375493448,0.9891,0.0557323491057291,1.1005646982114583,0.8776353017885417,0.2253861049670575,0.5713230298701218,0.1364285714285714,13.574982231698648,0.1120714285714285,11.151385927505332,0.1391904761904762,13.84979862591803,25885.601,0.8068373610487158,-146347.84000000003,1.316357089851703,18.7147968321046,6.1535794765123,48.209662554305964,42.58760107816709,42.1383647798742,-57.41239892183291,True,False,False,465,128,0,0,0,0,0,0,0,0.01691542288557235,1
1767398400000,1.005,1.15,0.986,1.022,26317.44,2026-01-03,0.0169154228855723,0.0167739502704738,0.0169154228855723,0.0264869726605538,0.5060329021547288,0.0589244848315091,1.1257507020297366,0.0527199155560375,1.0072125724622596,0.0616808159240345,1.1784103336125933,1.012,1.0078182639303963,0.9924,1.0005768775928994,0.9857,1.0240603687108645,1.14612,1.0764087999021783,1.03547,1.1172534417861406,0.0159045725646123,1.5904572564612345,0.1613636363636363,16.136363636363637,-0.0623853211009174,-6.238532110091748,75.51020408163264,49.0909090909091,41.50596877869605,1.0025478879567733,1.0412427812419909,-0.0386948932852175,-0.0525998083782527,0.0139049150930351,1.3605592067549093,0.9857,0.0511376882337822,1.0879753764675644,0.8834246235324354,0.2075182641119295,0.6774620698243642,0.1418571428571428,13.880346659211623,0.1192857142857142,11.671792004473016,0.1286666666666666,12.589693411611218,25567.5065,1.029331507161248,-120030.40000000002,1.315366892087012,20.451848661863924,80.21688088495173,50.84489595559944,47.16981132075473,45.01347708894877,-52.83018867924527,True,False,False,465,128,0,0,0,0,0,0,0,0.02641878669275921,1
1767484800000,1.022,1.062,1.01,1.049,16966.03,2026-01-04,0.0264187866927592,0.0260758376326473,0.0264187866927592,0.0273425824583421,0.5223793043893518,0.054879766081886,1.048476458819617,0.0494734128781908,0.9451882258909172,0.061749819599519,1.1797286469816688,1.0162,1.0215455092869308,1.0023,1.0093810816669175,0.98815,1.026435571690847,1.14712,1.075333880517295,1.03484,1.1158913331929332,0.0204280155642022,2.0428015564202244,0.1042105263157895,10.421052631578943,0.0489999999999999,4.899999999999993,65.46762589928055,60.1113172541744,44.106813996316745,1.0096943667326543,1.0418173900432195,-0.0321230233105651,-0.0485044513647152,0.01638142805415,1.5616232654099216,0.98815,0.0529987835014384,1.0941475670028769,0.8821524329971229,0.2145374022220857,0.7870348901420939,0.1319999999999999,12.583412774070544,0.1122142857142857,10.697262699169276,0.1169523809523809,11.148940033592083,24163.7085,0.7021285660684079,-103064.37000000002,1.3147026906978525,24.562790966416603,60.32793154548498,53.64219263521442,54.447439353099725,48.0682839173405,-45.55256064690028,False,False,True,465,128,0,0,0,0,0,0,0,-0.0057197330791229906,0
1767571200000,1.049,1.1,1.02,1.043,18979.64,2026-01-05,-0.0057197330791229,-0.0057361533955247,0.0057197330791229,0.017244143128347,0.3294488918850459,0.055140360868269,1.0534551152228904,0.0490496830266856,0.9370928784446558,0.0617594671049979,1.1799129623150446,1.0268000000000002,1.028697006191287,1.0109,1.0154936122729326,0.9887,1.0280131362917582,1.1480199999999998,1.0740658121120028,1.03429,1.1144368928500838,0.0535353535353535,5.353535353535347,0.089864158829676,8.986415882967604,0.0106589147286819,1.0658914728682072,56.09756097560972,60.67415730337078,38.20564516129032,1.014818310312246,1.041904990781371,-0.0270866804691252,-0.0442208971855972,0.017134216716472,1.6427820437652945,0.9887,0.0535321841217306,1.0957643682434612,0.8816356317565387,0.2165760458045135,0.7535857675661212,0.105,10.067114093959733,0.1117142857142857,10.710861525818382,0.1097619047619047,10.52367255627083,24411.7485,0.7774797450498067,-122044.01000000002,1.3140011708023829,28.900429636342405,76.8780989802602,60.714711048564894,52.83018867924527,51.48247978436657,-47.16981132075473,True,False,False,465,128,0,0,0,0,0,0,0,-0.04026845637583898,0
1767657600000,1.043,1.06,0.96,1.001,32218.7,2026-01-06,-0.0402684563758389,-0.0411016756855519,0.0402684563758389,0.0260006390842734,0.4967415122260132,0.0519697460675137,0.9928806045076516,0.049924104249009,0.9537986724403952,0.0620450606672714,1.1853692196611008,1.0239999999999998,1.0194646707941912,1.0081,1.0128584100414904,0.98745,1.0254404566448665,1.14786,1.071200327458657,1.0332599999999998,1.1121737679490895,-0.0137931034482758,-1.3793103448275876,-0.0272108843537415,-2.721088435374152,-0.0243664717348929,-2.436647173489292,54.33070866141728,60.67415730337078,37.975951903807605,1.0126924164180544,1.038874991444616,-0.0261825750265616,-0.0406132327537901,0.0144306577272284,1.4416241485742745,0.98745,0.0529035617147468,1.0932571234294937,0.8816428765705062,0.2143037590348751,0.5640316056273338,0.0881428571428571,8.805480234051666,0.1149999999999999,11.48851148851149,0.1095714285714285,10.946196660482371,24074.577,1.338287272918648,-154262.71000000002,1.312603424410226,32.246695962789794,15.156523548927932,60.3181981238182,41.50943396226413,49.59568733153637,-58.49056603773587,False,True,False,465,128,0,0,0,0,0,0,0,-0.05094905094905089,0
1767744000000,1.001,1.019,0.93,0.95,27231.88,2026-01-07,-0.0509490509490508,-0.052292794720634,0.0509490509490508,0.0341302525517087,0.6520575594407674,0.0421254473485672,0.8048055415599918,0.0512024916042642,0.9782222285692204,0.0616066885584412,1.1769941322814323,1.013,0.9963097805294608,1.0109,1.0014296082157648,0.98395,1.0182556512499712,1.1452,1.0664471205346966,1.03256,1.1089387976080791,-0.0547263681592039,-5.472636815920392,0.0303687635574836,3.036876355748364,-0.0686274509803922,-6.8627450980392215,28.75816993464055,56.055363321799305,42.20489977728284,1.0030474292768152,1.0322916587055508,-0.0292442294287356,-0.0383394320887792,0.0090952026600436,0.9573897536888,0.98395,0.0529522873617644,1.0898545747235286,0.878045425276471,0.2152641388760177,0.3397141951203303,0.0865714285714285,9.112781954887218,0.1179999999999999,12.421052631578943,0.1068095238095238,11.243107769423558,24749.7505,1.100289071600944,-181494.59000000003,1.3112760149905311,35.95103319137403,-39.638856701428985,58.26448084204698,26.97547683923705,40.438366493582144,-73.02452316076294,False,True,False,465,128,0,0,0,0,0,0,0,0.001052631578947416,1
1767830400000,0.95,0.96,0.9,0.951,32589.98,2026-01-08,0.0010526315789474,0.0010520779508038,0.0010526315789474,0.0315595863116632,0.6029450498839949,0.0289476615899957,0.5530442981426118,0.050878123282809,0.9720251804891478,0.0608507720115678,1.162552366931224,0.9988,0.9812065203529738,1.0054,0.9922605885401712,0.97935,1.0118503511308088,1.14402,1.0619195510212016,1.03207,1.10578876314495,-0.0694716242661448,-6.947162426614488,-0.0546719681908549,-5.467196819085491,-0.0882070949185043,-8.820709491850428,31.25000000000003,50.09823182711198,46.97156983930778,0.9950401324649976,1.0262700543235683,-0.031229921858571,-0.0369175300427375,0.0056876081841664,0.5980660551174019,0.97935,0.0515295265383249,1.08240905307665,0.87629094692335,0.210464191712156,0.3624574981350026,0.0858571428571428,9.02809073156076,0.1137857142857142,11.964849031095088,0.1069047619047618,11.241299884833008,25624.2625,1.2718407017567823,-148904.61000000002,1.309566784948951,38.41092623950237,-73.02609085228546,51.06908288380699,16.037735849056585,28.17421555018592,-83.96226415094341,False,True,False,465,128,0,0,0,0,0,0,0,-0.04626708727655093,0
1767916800000,0.951,0.99,0.9,0.907,15083.89,2026-01-09,-0.0462670872765509,-0.0473716124302536,0.0462670872765509,0.0242404629461874,0.4631133943254096,0.0298661542387564,0.5705920755581991,0.0517673596105825,0.9890140166770892,0.0608375386566978,1.1622995440414223,0.9704,0.9564710135686492,0.9933,0.976758663351049,0.97305,1.0018646034038992,1.14102,1.0558439761018148,1.0307000000000002,1.1018245558904538,-0.1353670162059103,-13.53670162059103,-0.117704280155642,-11.7704280155642,-0.1219748305905129,-12.197483059051295,16.37426900584792,45.42124542124542,42.38733252131546,0.9814954967011515,1.0174352354393803,-0.0359397387382286,-0.0367219717818358,0.0007822330436071,0.0862439959875589,0.97305,0.0523213501757295,1.0776927003514591,0.8684072996485408,0.2150818567421184,0.1844022575002341,0.0907142857142857,10.001575051189162,0.1135714285714285,12.521656953850998,0.1049523809523809,11.571376069722264,25954.8465,0.5811588983968755,-163988.5,1.3087711185962256,39.56507861845176,-71.67493503425482,46.76282478930183,2.2012578616352223,15.071490183309612,-97.7987421383648,True,False,False,465,128,0,0,0,0,0,0,0,-0.018743109151047377,0
1768003200000,0.907,0.922,0.885,0.89,18213.88,2026-01-10,-0.0187431091510473,-0.018920987388951,0.0187431091510473,0.0217632103883718,0.4157855506617756,0.0287098373726483,0.5485006728499324,0.0479315485648841,0.915730949546407,0.060744092177411,1.160514251561394,0.9398,0.934314009045766,0.9832999999999998,0.9609843609235854,0.97055,0.9912108316509868,1.1371,1.0493399838410225,1.02947,1.097600981937071,-0.1466922339405559,-14.669223394055605,-0.101010101010101,-10.1010101010101,-0.053191489361702,-5.319148936170206,0.6211180124223716,35.84521384928718,41.82692307692308,0.967419266439436,1.0079955883248766,-0.0405763218854405,-0.0374928418025567,-0.0030834800828838,-0.3464584362790806,0.97055,0.0551041836218664,1.0807583672437329,0.860341632756267,0.2271049760315964,0.1345558780402836,0.0725714285714285,8.154093097913323,0.1072142857142857,12.046548956661317,0.1037142857142856,11.65329052969502,24948.157,0.7300691590164357,-182202.38,1.307730128586137,40.92292066291602,-106.98496905393458,40.702596511127176,1.501501501501503,6.580165070731096,-98.49849849849848,False,True,False,465,128,0,0,0,0,0,0,0,0.003370786516853963,1
1768089600000,0.89,0.922,0.87,0.893,14503.25,2026-01-11,0.0033707865168539,0.0033651181503135,0.0033707865168539,0.0255547221204953,0.4882222805949592,0.0264512025271124,0.5053495147148813,0.0478834767938577,0.9148125396504958,0.057094365277391,1.0907863170421033,0.9182,0.9205426726971774,0.9711,0.948623568028388,0.96875,0.9818574191126704,1.1301599999999998,1.0432087260948666,1.02875,1.093521997946877,-0.1078921078921077,-10.789210789210776,-0.1201970443349752,-12.019704433497528,-0.0387513455328309,-3.875134553283104,2.5316455696202524,46.2532299741602,42.34016887816647,0.9559701485256766,0.9994773965595752,-0.0435072480338987,-0.0386957230488251,-0.0048115249850735,-0.538804589593904,0.96875,0.0570852317522783,1.0829204635045566,0.8545795364954434,0.2357067633642459,0.1682592078774527,0.0725714285714285,8.126699728043514,0.1022857142857142,11.454167333226684,0.0989999999999999,11.086226203807389,24197.363,0.5993731631004585,-167699.13,1.306896914473158,42.24213756986229,-103.64994214789098,41.962094181353,6.609195402298856,3.437318255145186,-93.39080459770112,False,True,False,465,128,0,0,0,0,0,0,0,-0.014557670772676334,0
1768176000000,0.893,0.95,0.86,0.88,20287.54,2026-01-12,-0.0145576707726763,-0.0146646734042468,0.0145576707726763,0.0199186211418481,0.3805447225888902,0.026442612284572,0.5051853983615856,0.0468699417056328,0.8954489789784997,0.0555119114703807,1.0605535795092196,0.9042,0.9070284484647848,0.9586,0.9361465556595904,0.9684,0.9721567125303922,1.12078,1.0368081050750184,1.0285,1.0892657336642864,-0.0736842105263158,-7.368421052631574,-0.1243781094527362,-12.437810945273622,-0.0078917700112739,-0.7891770011273964,3.100775193798455,30.06329113924049,40.04884004884005,0.9442824333678802,0.9906272190005372,-0.0463447856326568,-0.0402255355655915,-0.0061192500670653,-0.6953693258028834,0.9684,0.0576316798845616,1.0836633597691232,0.8531366402308767,0.2380490701551492,0.1165303519823283,0.0739999999999999,8.409090909090908,0.0895,10.170454545454543,0.0991428571428571,11.266233766233764,23535.156,0.8620100074968698,-187986.67,1.3057417136505194,40.62162140223018,-100.96436058700232,37.669966100845535,5.586592178770955,4.565763027523764,-94.41340782122904,True,True,False,465,128,0,0,0,0,0,0,0,0.050000000000000044,1
1768262400000,0.88,0.939,0.876,0.924,27354.12,2026-01-13,0.05,0.048790164169432,0.05,0.0356299665959188,0.6807095560248847,0.0320576328747937,0.6124602161122762,0.0480867075338724,0.9186952574867188,0.0538799466400255,1.0293749352034862,0.8987999999999999,0.9126856323098568,0.9488,0.9339380909942102,0.9706,0.967570358956018,1.10952,1.0323840726576354,1.02853,1.085971824522423,-0.0283911671924289,-2.839116719242893,-0.095890410958904,-9.589041095890408,0.05,5.000000000000004,39.344262295082,34.61538461538461,43.61078546307152,0.9411620590035912,0.985691869426298,-0.0445298104227069,-0.0410863905370146,-0.0034434198856923,-0.372664489793548,0.9706,0.0548523376654926,1.080304675330985,0.8608953246690147,0.2260553787986506,0.287611604248383,0.0687142857142856,7.436611008039576,0.0784285714285714,8.487940630797771,0.0995714285714285,10.776128633271483,24093.244,1.13534399933857,-160632.55000000002,1.3042561735756697,38.37088417243173,-86.08752449379514,35.94598031835831,22.06896551724141,11.421584366103732,-77.9310344827586,False,False,True,465,128,0,0,0,0,0,0,0,-0.08766233766233777,0
1768348800000,0.924,0.942,0.841,0.843,44932.61,2026-01-14,-0.0876623376623377,-0.0917451136398288,0.0876623376623377,0.0496123294183707,0.9478422226645544,0.0376413528332475,0.7191370361326955,0.0487085162401216,0.930574896139306,0.0533620593838649,1.0194807130671004,0.8859999999999999,0.8894570882065711,0.9282,0.9174038926316264,0.96525,0.9557065152458016,1.09414,1.024956947620714,1.02709,1.0811297809712728,-0.0705622932745314,-7.056229327453148,-0.196377502383222,-19.63775023832221,-0.1126315789473684,-11.263157894736842,23.267326732673283,30.70866141732283,44.23305588585018,0.9260602037722694,0.9751221012836758,-0.0490618975114064,-0.0426814919318929,-0.0063804055795134,-0.7568689892661286,0.96525,0.0617515181999666,1.0887530363999331,0.8417469636000667,0.2558985473192089,0.0050728971386403,0.0704285714285714,8.354516183697676,0.0784999999999999,9.311981020166073,0.1021428571428571,12.116590408405353,25220.2385,1.781609242117199,-205565.16000000003,1.3016076405240664,36.98781242521432,-126.16152167134376,33.82301229988248,0.6472491909385121,9.434268962316953,-99.35275080906148,True,True,False,465,128,0,0,0,0,0,0,0,-0.0011862396204033177,0
1768435200000,0.843,0.869,0.82,0.842,22116.06,2026-01-15,-0.0011862396204033,-0.0011869437595287,0.0011862396204033,0.0497711540620045,0.9508765632206332,0.0378720861508208,0.7235451899754065,0.0486333629545948,0.9291390946353392,0.0485119946616949,0.926820356655246,0.8764,0.8736380588043807,0.9081,0.9036940939713306,0.9595,0.9448773233175314,1.08408,1.0177818881534968,1.02634,1.0763649057115587,-0.0539325842696629,-5.393258426966297,-0.1927133269415148,-19.27133269415148,-0.1201671891327064,-12.016718913270635,29.55974842767296,25.77030812324932,44.765342960288805,0.9131278647303817,0.9652612048603564,-0.0521333401299747,-0.0445718615715093,-0.0075614785584653,-0.898037833546959,0.9595,0.0676340773652856,1.0947681547305714,0.8242318452694286,0.2819555075155214,0.0656775231611688,0.0688571428571428,8.17780794027825,0.0773571428571428,9.187309127926708,0.0988095238095237,11.7350978396109,25416.581,0.8701429983836142,-227681.22000000003,1.3002200417904044,35.27470078461899,-143.9231204070097,34.95184254105315,6.666666666666673,9.794293791615525,-93.33333333333331,False,True,False,465,128,0,0,0,0,0,0,0,0.04038004750593838,1
1768521600000,0.842,0.93,0.82,0.876,24113.81,2026-01-16,0.0403800475059383,0.0395860766940648,0.0403800475059383,0.0547599996430313,1.0461883242180865,0.0416029115294181,0.7948225087524106,0.0461591109887768,0.8818685772013254,0.0489927322603029,0.936004835580646,0.873,0.8744253725362539,0.8956,0.8986588041583614,0.95185,0.938317578239617,1.0748,1.0122216077118231,1.02619,1.0723729500114223,-0.019036954087346,-1.9036954087346043,-0.1248751248751247,-12.48751248751248,-0.1486880466472302,-14.868804664723026,46.02272727272727,33.07086614173231,49.33171324422843,0.9074158855410922,0.9586492637397616,-0.0512333781986693,-0.0459041648969413,-0.005329213301728,-0.608357682845664,0.95185,0.0680110478641505,1.0878720957283012,0.8158279042716988,0.285805737728216,0.221185004561658,0.0717142857142857,8.18656229615134,0.0812142857142857,9.271037181996086,0.0996190476190476,11.372037399434658,25322.279,0.952276451894397,-203567.41000000003,1.2988209276072469,34.713382257299465,-96.34813817855544,34.95878359174925,16.969696969696987,8.094537609100717,-83.030303030303,True,False,False,465,128,0,0,0,0,0,0,0,0.09246575342465757,1
1768608000000,0.876,1.2,0.864,0.957,70358.2,2026-01-17,0.0924657534246575,0.0884373005165628,0.0924657534246575,0.0681899200599567,1.302766593519692,0.0506045202307381,0.9667980015188608,0.0453270576117156,0.8659722197527833,0.050092802027886,0.957021638980446,0.8884000000000001,0.9019502483575024,0.8962999999999999,0.9092662943113866,0.9536,0.940096856502524,1.06552,1.010055977232936,1.02674,1.070074604518665,0.0874999999999999,8.749999999999995,0.0073684210526316,0.7368421052631585,0.0379609544468546,3.796095444685457,62.59842519685037,42.69662921348314,54.29208472686734,0.9150442108424626,0.9585270960549956,-0.043482885212533,-0.0454199089600596,0.0019370237475266,0.2024058252378913,0.9536,0.067651895371595,1.0889037907431902,0.8182962092568098,0.2837747289076976,0.5125643190827271,0.1144285714285714,11.957008508732647,0.0935,9.770114942528735,0.1096190476190476,11.454445937204556,27612.2765,2.548076758538905,-133209.21000000002,1.2960438207639144,34.76893753004463,41.764757171505615,42.67937605790039,36.05263157894737,19.896331738437,-63.94736842105263,True,False,False,465,128,0,0,0,0,0,0,0,-0.02925809822361536,0
1768694400000,0.957,1.088,0.917,0.929,24857.07,2026-01-18,-0.0292580982236153,-0.0296946526391156,0.0292580982236153,0.0683358331145574,1.305554258513653,0.051558704109864,0.9850276589331428,0.0407492900275747,0.7785140928584806,0.0501618635936055,0.9583410583409088,0.8894,0.910966832238335,0.8940999999999999,0.9128542408002256,0.94975,0.939040013026086,1.05624,1.0068772025367316,1.02871,1.067264590624166,0.0054112554112553,0.5411255411255417,-0.0231335436382753,-2.3133543638275404,-0.0765407554671967,-7.654075546719677,59.107806691449824,36.547085201793735,48.77192982456142,0.9171912553282376,0.9563399037490024,-0.0391486484207647,-0.0441656568522007,0.0050170084314359,0.5400439646325074,0.94975,0.0666971750368452,1.0831443500736906,0.8163556499263096,0.2809041328216698,0.4222230927001885,0.1314285714285714,14.147316623097032,0.102,10.979547900968782,0.1119999999999999,12.055974165769642,26840.642,0.9260981909449112,-158066.28000000003,1.2949781068464246,32.671834123732246,15.290017698469322,41.91146840353405,28.68421052631581,27.23551302498672,-71.31578947368419,False,False,True,465,128,0,0,0,0,0,0,0,-0.04413347685683533,0
1768780800000,0.929,0.935,0.88,0.888,18234.64,2026-01-19,-0.0441334768568353,-0.0451369958216684,0.0441334768568353,0.0554676468869242,1.0597079058297003,0.0513552488640721,0.9811406519200686,0.0412826143434704,0.788703239606998,0.0503332658536696,0.961615693921489,0.8984,0.9033112214922232,0.8921999999999999,0.9083352879274572,0.94275,0.9341790594045244,1.04698,1.0022151979754046,1.03024,1.0636943007439652,0.0533807829181494,5.338078291814952,-0.0209481808158765,-2.094818081587653,-0.1361867704280155,-13.618677042801558,43.23308270676691,33.8877338877339,46.11923509561305,0.9127002929700472,0.951277688644433,-0.0385773956743857,-0.0430480046166377,0.0044706089422519,0.5034469529562993,0.94275,0.0653862008619459,1.073522401723892,0.811977598276108,0.277427529512367,0.290666840716143,0.1264285714285714,14.23745173745174,0.1002142857142857,11.285392535392536,0.1018095238095238,11.465036465036468,26200.2175,0.6959728483170035,-176300.92000000004,1.2940120408640503,29.564117802492756,-61.88974873411668,36.86196196271527,17.89473684210528,27.54385964912282,-82.10526315789473,False,True,False,465,128,0,0,0,0,0,0,0,-0.0394144144144144,0
1768867200000,0.888,0.9,0.852,0.853,12198.38,2026-01-20,-0.0394144144144144,-0.0402121955004909,0.0394144144144144,0.0601195499385645,1.1485823888418614,0.052553852416312,1.004039940632523,0.0413813117201922,0.7905888503416668,0.0504349537870284,0.9635584391604842,0.9006000000000001,0.8865408143281489,0.8885,0.8982743264861013,0.9359,0.9264477204135744,1.03784,0.996363436488766,1.03047,1.0594985266062535,0.013064133016627,1.306413301662709,-0.0415730337078652,-4.15730337078652,-0.1383838383838384,-13.83838383838384,52.27272727272727,34.38818565400845,39.671361502347416,0.9035156325131168,0.9439978598399102,-0.0404822273267934,-0.0425348491586688,0.0020526218318754,0.2406356192116594,0.9359,0.0673231797103839,1.0705463594207678,0.8012536405792321,0.2877366372919497,0.1921565486188203,0.1242857142857143,14.57042371462067,0.0965,11.31301289566237,0.0937142857142857,10.986434433093285,25832.749,0.4722060358345912,-188499.30000000005,1.2933149172786211,27.491127950814377,-89.92493681867924,39.19869337403989,8.684210526315796,18.42105263157896,-91.3157894736842,False,True,False,465,128,0,0,0,0,0,0,0,0.036342321219226204,1
1768953600000,0.853,0.909,0.853,0.884,24028.93,2026-01-21,0.0363423212192262,0.0356975151459642,0.0363423212192262,0.059533105657555,1.1373783865848106,0.0540119915261755,1.0318976492112175,0.041901720585982,0.8005312477623756,0.050760453425132,0.9697771010147777,0.9022,0.8856938762187659,0.8876,0.8956789943977194,0.92935,0.9224050803741664,1.0299,0.9919568932985168,1.03021,1.0560040340054249,0.0091324200913243,0.9132420091324208,-0.0100783874580067,-1.0078387458006728,-0.1290640394088669,-12.90640394088669,58.400000000000006,42.73127753303965,47.551546391752574,0.9005132275110989,0.9395535739167724,-0.0390403464056736,-0.0418359486080698,0.0027956022023961,0.3162445930312402,0.92935,0.0655721980560024,1.060494396112005,0.7982056038879951,0.2822282156604185,0.3270989788947271,0.1178571428571429,13.332255979314809,0.0941428571428571,10.649644473173886,0.0916190476190476,10.364145658263304,25573.576,0.9395999214188896,-164470.37000000005,1.2919922950478009,25.920098945107046,-68.42507645259936,46.0307143521822,16.842105263157908,14.473684210526324,-83.15789473684208,True,False,False,465,128,0,0,0,0,0,0,0,-0.03619909502262442,0
1769040000000,0.884,0.999,0.852,0.852,31296.63,2026-01-22,-0.0361990950226244,-0.0368705358083276,0.0361990950226244,0.0333536178698242,0.6372199746769432,0.0550960284025538,1.0526081446546398,0.042438164607798,0.810779996408813,0.0499742061998265,0.9547558688667566,0.8812000000000001,0.874462584145844,0.8847999999999999,0.8877373590526796,0.9217,0.9156998346242154,1.01974,0.9864682274180144,1.02989,1.0519423913464785,-0.109717868338558,-10.971786833855798,-0.0318181818181818,-3.1818181818181848,-0.1522388059701491,-15.22388059701492,45.16129032258064,39.7938144329897,39.36464088397791,0.8930496540478529,0.9330681239847558,-0.0400184699369029,-0.0414724528738364,0.0014539829369335,0.1706552742879706,0.9217,0.065205827960397,1.052111655920794,0.7912883440792058,0.2829807007069417,0.2327692854297763,0.1318571428571429,15.476190476190482,0.1003571428571428,11.77900737759893,0.0955238095238095,11.211714732841497,26094.134,1.199374158192029,-195767.0000000001,1.2903615818033771,26.440392423147,-42.55148005148002,54.71100588878734,8.421052631578954,11.315789473684214,-91.57894736842104,True,True,False,465,128,0,0,0,0,0,0,0,0.050469483568075235,1
1769126400000,0.852,0.966,0.852,0.895,22638.54,2026-01-23,0.0504694835680752,0.0492371914455397,0.0504694835680752,0.045996255746029,0.8787572321572956,0.0551453135659599,1.053549736379415,0.044080269199644,0.8421523605858241,0.0500830477326455,0.9568352834315396,0.8744,0.8813083894305627,0.8819000000000001,0.8890578392249198,0.91535,0.9137284218028536,1.01206,0.9828811374771278,1.03048,1.048818064377787,-0.0365984930032292,-3.659849300322931,-0.0313852813852814,-3.1385281385281414,-0.12426614481409,-12.426614481409,35.238095238095255,48.7603305785124,41.07382550335571,0.8933497072712603,0.930248262943914,-0.0368985556726536,-0.0405576734335998,0.0036591177609462,0.4088399732900826,0.91535,0.0609704630819051,1.0372909261638104,0.7934090738361899,0.2664356282598137,0.4165579570362506,0.1324285714285714,14.796488427773347,0.1020714285714285,11.404628890662412,0.0982857142857142,10.98164405426975,25910.189,0.8737311796529158,-173128.46000000005,1.2892004779229198,26.787457252269228,-33.251955332519486,59.64780991624745,19.73684210526317,15.000000000000009,-80.26315789473682,False,False,False,465,128,0,0,0,0,0,0,0,-0.07821229050279332,0
1769212800000,0.895,0.895,0.8,0.825,36879.69,2026-01-24,-0.0782122905027933,-0.0814403319401744,0.0782122905027933,0.0546598364975382,1.0442747100103638,0.0535692571395482,1.0234392206312546,0.0462253296645797,0.8831336832261945,0.0509249305791057,0.9729194326292704,0.8618,0.8625389262870419,0.8801,0.8774109593658435,0.90415,0.9052780959168362,1.00238,0.9766895534372368,1.03079,1.0443628815246782,-0.070945945945946,-7.094594594594601,-0.0213523131672598,-2.1352313167259807,-0.213536701620591,-21.353670162059103,29.365079365079367,43.947858472998135,39.382239382239376,0.8828343676910664,0.922452095305808,-0.0396177276147415,-0.0403696842698282,0.0007519566550866,0.0911462612226242,0.90415,0.0554515198406004,1.015053039681201,0.7932469603187992,0.2453200015068316,0.1431567600512902,0.098,11.878787878787882,0.1062142857142857,12.874458874458874,0.095,11.515151515151516,26905.872000000003,1.370692984787856,-210008.15000000005,1.2870101546079562,27.1583066843956,-116.74688387017144,57.216297288743775,6.24999999999998,11.469298245614029,-93.75000000000004,False,True,False,465,128,0,0,0,0,0,0,0,-0.030303030303030165,0
1769299200000,0.825,0.84,0.8,0.8,20538.95,2026-01-25,-0.0303030303030301,-0.0307716586667535,0.0303030303030301,0.0537196452004521,1.0263123805005954,0.0543733435336639,1.0388012696208493,0.0464061371698645,0.8865880057644157,0.0510035319342746,0.9744211094112544,0.8512000000000001,0.8416926175246946,0.8759,0.8633362394811447,0.892,0.8952516105913898,0.99216,0.969760371901115,1.03044,1.0394992492317374,-0.0621336459554512,-6.213364595545127,-0.0498812351543942,-4.988123515439422,-0.2329817833173536,-23.298178331735368,31.35593220338984,41.681574239713775,36.164736164736176,0.8700906188155176,0.9133815697139932,-0.0432909508984754,-0.0409539375955576,-0.0023370133029177,-0.2921266628647216,0.892,0.0497562479546767,0.9915124959093534,0.7924875040906466,0.2231221881375636,0.037746495255212,0.0792857142857142,9.910714285714286,0.1053571428571428,13.169642857142858,0.0944285714285714,11.803571428571429,26983.8375,0.7611574891821817,-230547.1000000001,1.2857273415481671,28.03847567285345,-158.4502564537321,56.62759094742704,0.0,8.662280701754378,-100.0,False,False,False,465,128,0,0,0,0,0,0,0,0.006250000000000089,1
1769385600000,0.8,0.844,0.8,0.805,16527.23,2026-01-26,0.00625,0.0062305497506361,0.00625,0.0484340277145711,0.925330800221944,0.052325605376933,0.9996792870680188,0.0460875122832245,0.8805006858524166,0.0509899280399165,0.9741612073744732,0.8353999999999999,0.8294617450164631,0.8688,0.8527296504845728,0.8822000000000001,0.8866562191064694,0.98182,0.9632990200824924,1.03061,1.0348324088854917,-0.0893665158371039,-8.936651583710402,-0.0810502283105022,-8.105022831050222,-0.1958041958041956,-19.58041958041957,38.34951456310682,43.19419237749548,37.04663212435234,0.8600766774592841,0.905353305279583,-0.0452766278202989,-0.0418184756405059,-0.003458152179793,-0.4295841217134177,0.8822000000000001,0.0463426596697268,0.974885319339454,0.7895146806605463,0.21012314518126,0.0835370663326939,0.0777142857142857,9.653948535936111,0.1020714285714285,12.679680567879329,0.0927142857142857,11.517302573203194,26199.264000000003,0.6308280263140216,-214019.87000000005,1.2847066483608818,30.11818993087957,-147.1881158102166,56.057121019302,1.2500000000000016,2.4999999999999867,-98.75,True,False,False,465,128,0,0,0,0,0,0,0,0.003726708074534235,1
1769472000000,0.805,0.852,0.781,0.808,23759.18,2026-01-27,0.0037267080745342,0.003719781102532,0.0037267080745342,0.0478890055760159,0.9149181668853156,0.0394975617775481,0.7545998582199036,0.0451316240617386,0.862238467023067,0.0510195339214496,0.9747268269469724,0.8266,0.8223078300109754,0.8539,0.844596986760105,0.8751000000000001,0.8791651506201185,0.97178,0.9572087168429306,1.03056,1.0303185969626607,-0.0516431924882628,-5.164319248826283,-0.1556948798328108,-15.569487983281077,-0.1494736842105262,-14.947368421052625,28.651685393258447,38.62745098039216,35.88390501319262,0.8520648809270865,0.8981419493236725,-0.0460770683965859,-0.0426701941917219,-0.003406874204864,-0.4216428471366377,0.8751000000000001,0.0462861807272621,0.9676723614545244,0.7825276385454758,0.211569789634383,0.1375808127517489,0.0809999999999999,10.02475247524752,0.1026428571428571,12.70332390381895,0.0913333333333333,11.303630363036303,26025.629,0.9129147272482828,-190260.6900000001,1.2832387657169306,32.321731554673725,-133.755998767226,49.85456365305085,6.443914081145592,2.5646380270485243,-93.5560859188544,True,True,False,465,128,0,0,0,0,0,0,0,0.00866336633663356,1
1769558400000,0.808,0.839,0.786,0.815,13965.47,2026-01-28,0.0086633663366335,0.0086260547197672,0.0086633663366335,0.0372422099830796,0.7115114226874265,0.0399092972839072,0.7624660540239013,0.0452358942659878,0.8642305464781527,0.0509000545811627,0.9724441773558784,0.8106,0.8198718866739836,0.8425,0.8392157164400859,0.8683,0.8730541838943776,0.96132,0.9516317763285624,1.03071,1.0260343191842602,-0.0893854748603353,-8.938547486033526,-0.1227125941872983,-12.271259418729828,-0.1430073606729758,-14.300736067297583,37.90849673202613,46.78899082568807,34.14634146341464,0.8463625915536885,0.8919832864034738,-0.0456206948497852,-0.0432602943233346,-0.0023604005264506,-0.2896196964970108,0.8683,0.0445044054590571,0.9573088109181144,0.7792911890818857,0.2050185671268324,0.2005914389248803,0.0805714285714285,9.886064855390003,0.0992142857142857,12.173531989482909,0.0896190476190476,10.996202161846332,25094.4035,0.5565173127147652,-176295.22000000006,1.2823796070754754,35.263924412264224,-118.91433418150972,54.162999842320055,8.114558472553682,5.269490851233084,-91.88544152744632,False,False,True,465,128,0,0,0,0,0,0,0,-0.06503067484662572,0
1769644800000,0.815,0.816,0.711,0.762,31586.38,2026-01-29,-0.0650306748466257,-0.0672415575542163,0.0650306748466257,0.0320112655433173,0.6115743694882446,0.0422414290122824,0.8070213681340103,0.0462818837521615,0.8842141475523552,0.0499255917285152,0.9538270906964592,0.7979999999999999,0.8005812577826558,0.8299000000000001,0.8251764952691611,0.86105,0.8624775949520322,0.95242,0.9441950719750222,1.0302099999999998,1.0207812269426917,-0.0763636363636363,-7.63636363636363,-0.1418918918918918,-14.18918918918919,-0.1598676957001102,-15.986769570011027,9.20245398773001,41.80327868852459,32.10191082802548,0.8333837313146596,0.8823548948074146,-0.0489711634927549,-0.0444024681572187,-0.0045686953355362,-0.5995663169995132,0.86105,0.0494085811852339,0.959867162370468,0.7622328376295321,0.2295271177526691,-0.0011781234349715,0.0745714285714285,9.786276715410567,0.1032142857142857,13.545181852268463,0.0917619047619047,12.042244719410071,25919.528,1.2186325306541077,-207881.6000000001,1.2802406609081882,37.59741594841357,-174.37574624928646,53.26744734877985,10.429447852760743,8.329306802153333,-89.57055214723925,False,True,False,465,128,0,0,0,0,0,0,0,-0.007874015748031482,0
1769731200000,0.762,0.788,0.703,0.756,28981.38,2026-01-30,-0.0078740157480314,-0.0079051795071132,0.0078740157480314,0.0309437548240958,0.5911796058339809,0.0413314360760309,0.7896359774979026,0.0462085452973553,0.8828130183406199,0.0498657799141368,0.9526843875872392,0.7892,0.7857208385217705,0.8202,0.8125989506747682,0.8543499999999999,0.8523368716232468,0.944,0.9368147165988712,1.02887,1.0155137671658527,-0.055,-5.500000000000005,-0.1137162954279015,-11.37162954279015,-0.1505617977528089,-15.0561797752809,15.151515151515085,36.95652173913043,33.644859813084125,0.821478541881635,0.8729952729602725,-0.0515167310786374,-0.0458253207415024,-0.0056914103371349,-0.7528320551765829,0.8543499999999999,0.0541355754224227,0.9626211508448452,0.7460788491551545,0.2534585377066668,0.0458162251321344,0.0704285714285714,9.315948601662884,0.1014285714285714,13.416477702191989,0.0915238095238095,12.106324011085915,26457.903,1.095377059927992,-236862.98000000007,1.2782408564601515,38.52122628678087,-162.03893676195693,46.768944701665006,10.663983903420531,9.735996742911643,-89.33601609657946,False,True,False,465,128,0,0,0,0,0,0,0,-0.1071428571428571,0
1769817600000,0.756,0.766,0.622,0.675,53014.85,2026-01-31,-0.1071428571428571,-0.1133286853070031,0.1071428571428571,0.0505908025945998,0.9665359264484196,0.0474408982444885,0.9063570883371684,0.0512249097084003,0.9786505258473654,0.0499903469015206,0.9550642365396398,0.7632,0.748813892347847,0.7993,0.7875809596429921,0.84345,0.8354476457543352,0.93196,0.9265472636612034,1.02723,1.008740333034299,-0.1614906832298136,-16.149068322981368,-0.2364253393665157,-23.64253393665158,-0.244120940649496,-24.412094064949606,9.677419354838662,19.34782608695652,32.349165596919136,0.7989433815921527,0.8583289564308323,-0.0593855748386795,-0.0485373715609378,-0.0108482032777416,-1.6071412263321023,0.84345,0.0664826649348772,0.9764153298697544,0.7104846701302456,0.3152891810297099,-0.1334357992606209,0.0774285714285714,11.470899470899466,0.0877142857142857,12.994708994708995,0.0966190476190476,14.313932980599647,28383.483,1.8678063576623063,-289877.8300000001,1.2742019034061451,39.51910218146153,-196.8209715203966,28.22510598102957,11.373390557939922,10.822274104707056,-88.62660944206007,False,True,False,465,128,0,0,0,0,0,0,0,-0.04444444444444451,0
1769904000000,0.675,0.7,0.6,0.645,41309.44,2026-02-01,-0.0444444444444445,-0.0454623740767574,0.0444444444444445,0.0461100424071162,0.8809311232649859,0.0477171019145203,0.9116339520438366,0.0517175473734493,0.9880623552228958,0.0501541697529608,0.9581940677217826,0.7306,0.7142092615652315,0.7786000000000001,0.7616571487988117,0.8317,0.8173097747300826,0.92004,0.915505978405568,1.0255800000000002,1.0015055304166696,-0.2017326732673268,-20.17326732673268,-0.2429577464788732,-24.29577464788732,-0.2670454545454545,-26.704545454545453,5.5555555555555,19.264069264069263,31.06435643564357,0.7752597844241291,0.8425268114961981,-0.067267027072069,-0.0522833026631641,-0.0149837244089048,-2.323058047892232,0.8317,0.0792279190556953,0.9901558381113906,0.6732441618886094,0.3810408515363487,-0.0891231343232503,0.0859999999999999,13.33333333333333,0.0826428571428571,12.81284606866002,0.0989047619047619,15.33407161314138,29434.578,1.4034323848638155,-331187.2700000001,1.270884326164219,40.70598072434789,-198.78511769172357,27.99080518252072,11.278195488721812,11.10518998336075,-88.7218045112782,False,True,False,465,128,0,0,0,0,0,0,0,0.0620155038759691,1
1769990400000,0.645,0.7,0.622,0.685,24548.72,2026-02-02,0.0620155038759691,0.0601685214664529,0.0620155038759691,0.0638593966152571,1.2200320592769762,0.0498744122712915,0.952849308539114,0.0525645505724118,1.0042443286178275,0.0486426909716886,0.9293173061516868,0.7046,0.7044728410434876,0.7575999999999999,0.747719485380846,0.81975,0.8047088438033891,0.91194,0.9064663582927114,1.02446,0.9952107831735804,-0.1595092024539876,-15.95092024539876,-0.2346368715083798,-23.463687150837984,-0.2586580086580086,-25.865800865800864,21.65898617511519,27.98264642082429,36.19402985074628,0.7613736637434939,0.8308581587833189,-0.069484495039825,-0.0557235411384962,-0.0137609539013287,-2.008898379756018,0.81975,0.0825290220085353,0.9848080440170706,0.6546919559829294,0.402703370581447,0.0918102604376438,0.0908571428571428,13.263816475495304,0.0842857142857142,12.30448383733055,0.0983333333333333,14.355231143552311,29294.308,0.8380030687190154,-306638.55000000005,1.2689943140838422,42.406405772352215,-151.65078113525502,33.50634375832274,21.303258145363426,14.651614730675044,-78.69674185463657,False,False,False,465,128,0,0,0,0,0,0,0,-0.089051094890511,0
1770076800000,0.685,0.7,0.613,0.624,29671.75,2026-02-03,-0.089051094890511,-0.0932684698927976,0.089051094890511,0.067706538569194,1.293531603105599,0.0512523841442701,0.9791754242076433,0.0526684518899286,1.0062293605017845,0.0488534667060764,0.933344170903011,0.677,0.6776485606956584,0.7375,0.7252250334934194,0.8088,0.7874984777268524,0.90442,0.8953890460755779,1.0222,0.987828680123706,-0.1811023622047244,-18.11023622047244,-0.2436363636363636,-24.36363636363636,-0.2597864768683273,-25.97864768683274,14.76014760147602,26.48870636550309,34.316037735849065,0.7402392539368025,0.8155353321952781,-0.0752960782584756,-0.0596380485624921,-0.0156580296959834,-2.5092996307665816,0.8088,0.09312956452961,0.99505912905922,0.6225408709407798,0.460581426951583,0.0039169330023986,0.0931428571428571,14.926739926739923,0.0870714285714285,13.953754578754577,0.0994761904761904,15.941697191697187,28531.265000000003,1.0399731662791676,-336310.30000000005,1.2666374365716973,43.44260399147726,-147.83586284429458,32.56950408408588,6.015037593984967,12.865497076023397,-93.98496240601504,False,True,False,465,128,0,0,0,0,0,0,0,-0.022435897435897467,0
1770163200000,0.624,0.655,0.6,0.61,24067.31,2026-02-04,-0.0224358974358974,-0.0226914112020707,0.0224358974358974,0.0664254521707702,1.2690564818294412,0.0512448150033796,0.9790308159739756,0.0526192278931379,1.0052889373635547,0.0485447596587443,0.9274463310449376,0.6477999999999999,0.6550990404637722,0.7184999999999999,0.7042750274037067,0.7972,0.7705938608004648,0.89598,0.8841971245100196,1.0198,0.9803156053175004,-0.1931216931216931,-19.312169312169317,-0.2375,-23.750000000000007,-0.2755344418052257,-27.55344418052256,17.24137931034484,20.85106382978724,33.527357392316645,0.7202024456388328,0.8003104927628265,-0.0801080471239936,-0.0637320482747924,-0.0163759988492011,-2.684589975278885,0.7972,0.1027304085561155,1.002660817112231,0.5917391828877689,0.5154561392680157,0.0444386851198402,0.0934285714285714,15.316159250585482,0.0869999999999999,14.26229508196721,0.0972857142857143,15.948477751756442,28628.827500000003,0.8406669815590596,-360377.61,1.2646653992492891,44.308278575358806,-141.80069556919923,26.184236017648573,2.506265664160403,9.941520467836256,-97.4937343358396,False,True,False,465,128,0,0,0,0,0,0,0,-0.07868852459016384,0
1770249600000,0.61,0.629,0.532,0.562,54118.3,2026-02-05,-0.0786885245901638,-0.0819571072736657,0.0786885245901638,0.0601833085484543,1.1498004953734524,0.0524174345521321,1.0014336809968385,0.0527997322916205,1.0087374690544524,0.0495222578715565,0.946121408178879,0.6252000000000001,0.6240660269758481,0.6942,0.6784068406030327,0.7815,0.750727778819446,0.8867,0.8715617324335094,1.01642,0.9719981426471894,-0.1674074074074073,-16.74074074074074,-0.301863354037267,-30.186335403726705,-0.3584474885844748,-35.84474885844748,14.59854014598541,20.16460905349794,32.214765100671144,0.6958636078482432,0.7826578636579263,-0.0867942558096831,-0.0683444897817706,-0.0184497660279125,-3.28287651742216,0.7815,0.1134847543667667,1.0084695087335336,0.5545304912664664,0.5808560684159529,0.0164548726725734,0.0922857142857142,16.420945602440263,0.0834285714285714,14.844941535332987,0.0995714285714285,17.71733604473818,30129.052000000003,1.7962164889887673,-414495.91,1.2599515677901576,47.521288830622574,-146.9915122428121,16.629006507473193,6.912442396313372,5.144581884819573,-93.08755760368663,False,True,False,465,128,0,0,0,0,0,0,0,0.08540925266903909,1
1770336000000,0.562,0.649,0.53,0.61,39598.35,2026-02-06,0.085409252669039,0.0819571072736658,0.085409252669039,0.0796876536188863,1.522430484731082,0.0640317866826694,1.223325566890447,0.0520221867804729,0.99388248292199,0.0513544470847154,0.981125333946966,0.6182000000000001,0.6193773513172321,0.6744,0.665969233220663,0.7641500000000001,0.7373251332175805,0.8785000000000001,0.8613042452351232,1.01381,0.9648010373901308,-0.0542635658914729,-5.426356589147292,-0.2450495049504951,-24.50495049504951,-0.3625914315569488,-36.25914315569488,36.51452282157676,20.97759674134417,32.51670378619153,0.6826538220254367,0.7698683922682388,-0.0872145702428021,-0.0721185058739769,-0.0150960643688251,-2.474764650627082,0.7641500000000001,0.1117536176266021,0.9876572352532044,0.5406427647467958,0.5849826218758208,0.1551565773131047,0.0971428571428571,15.925058548009366,0.0837857142857142,13.735362997658076,0.0999999999999999,16.393442622950815,28591.059500000003,1.38499064716367,-374897.56000000006,1.2566524122311953,50.13925208619157,-117.03462598565426,17.484370211108526,21.917808219178077,10.445505426550609,-78.08219178082193,True,True,False,465,128,0,0,0,0,0,0,0,-0.06885245901639347,0
1770422400000,0.61,0.619,0.563,0.568,17924.12,2026-02-07,-0.0688524590163934,-0.0713375384462056,0.0688524590163934,0.0718193223263392,1.372106226458553,0.0640803014643892,1.224252440493772,0.0530966612868457,1.014410289542974,0.0518356683155536,0.9903190526531512,0.5948,0.6022515675448213,0.6496999999999999,0.6481566453623606,0.7461,0.7211989300539867,0.8690000000000001,0.8498019408947806,1.0114,0.9569126227530872,-0.1708029197080293,-17.080291970802932,-0.3030674846625767,-30.306748466257677,-0.3885898815931109,-38.858988159311096,34.78260869565216,22.24622030237579,33.9930151338766,0.6650147724830617,0.7549151780178989,-0.0899004055348371,-0.0756748858061489,-0.0142255197286881,-2.5044929099803146,0.7461,0.1128743595890264,0.9718487191780528,0.5203512808219471,0.6051433297897141,0.1055348605111492,0.0845714285714285,14.88933601609658,0.0809999999999999,14.26056338028169,0.0866666666666666,15.258215962441312,28244.412,0.634607652657099,-392821.68000000005,1.2551406275146584,53.22191725917381,-112.3779837585104,18.7406723641011,11.801242236024825,13.543830950505416,-88.19875776397518,False,False,True,465,128,0,0,0,0,0,0,0,0.14436619718309873,1
1770508800000,0.568,0.76,0.543,0.65,61334.02,2026-02-08,0.1443661971830987,0.1348509441685315,0.1443661971830987,0.0985609964346836,1.88300519294084,0.0838384211443545,1.6017307869589148,0.0646176766005894,1.2345189780555426,0.0562877329790832,1.0753756286212144,0.6,0.6181677116965476,0.6385,0.6484918007510223,0.7342000000000001,0.7144180795726491,0.86134,0.8419664547679352,1.01009,0.9508116682166944,0.0416666666666667,4.166666666666671,-0.1469816272965879,-14.69816272965879,-0.268018018018018,-26.8018018018018,44.06779661016948,35.576923076923066,39.7872340425532,0.6627048074856676,0.7471436833459373,-0.0844388758602696,-0.0774276838169731,-0.0070111920432965,-1.0786449297379324,0.7342000000000001,0.1096259669584731,0.9534519339169464,0.5149480660830539,0.597253974167655,0.3079834496878475,0.1012857142857142,15.582417582417582,0.0936428571428571,14.406593406593403,0.0888571428571428,13.67032967032967,30399.381,2.0176075295743683,-331487.66000000003,1.2505343859025158,52.01437918985665,-60.63632076780114,30.259544019415387,37.267080745341616,23.66204373351483,-62.732919254658384,True,True,False,465,128,0,0,0,0,0,0,0,-0.003076923076923088,0
1770595200000,0.65,0.75,0.6,0.648,38199.96,2026-02-09,-0.003076923076923,-0.0030816665374081,0.003076923076923,0.0972434682548085,1.8578338524076208,0.0838826234136625,1.6025752701282978,0.0643616331556186,1.229627274907858,0.0550204173158002,1.0511635968705138,0.6076,0.6281118077976985,0.6277,0.6484023824326546,0.7239500000000001,0.7080925481847731,0.8554999999999999,0.83435981903144,1.00809,0.944792694810766,0.0622950819672132,6.2295081967213175,-0.1428571428571428,-14.285714285714285,-0.2403282532239156,-24.03282532239156,55.08474576271186,34.81624758220502,37.44493392070484,0.6604425294109496,0.7397997067983209,-0.0793571773873712,-0.0778135825310527,-0.0015435948563185,-0.2382090827652023,0.7239500000000001,0.1074966217339495,0.9389432434678991,0.5089567565321009,0.5939450057818886,0.3233665421877775,0.1115714285714285,17.217813051146383,0.1012142857142857,15.619488536155202,0.0933809523809523,14.410640799529686,31699.46,1.2050665847304654,-369687.62000000005,1.247771755527587,51.04206578690941,-45.04381472630018,32.85729029354728,36.64596273291926,28.571428571428555,-63.35403726708074,False,False,True,465,128,0,0,0,0,0,0,0,-0.0756172839506174,0
1770681600000,0.648,0.657,0.589,0.599,37232.32,2026-02-10,-0.0756172839506174,-0.0786290982368254,0.0756172839506174,0.0965040503729915,1.843707293610731,0.0804392438439844,1.5367895958198292,0.0648300681106762,1.2385767121582525,0.0558926564004594,1.067827701184715,0.615,0.6184078718651324,0.6201000000000001,0.6394201310812628,0.7097,0.6977027816909782,0.8489,0.8251298961832838,1.00582,0.9379199048186684,0.0658362989323841,6.58362989323842,-0.1125925925925926,-11.259259259259268,-0.3223981900452489,-32.23981900452489,47.97047970479704,31.438721136767317,29.566210045662103,0.6509898325784959,0.7293700988827674,-0.0783802663042715,-0.0779269192856965,-0.000453347018575,-0.0756839763898202,0.7097,0.1039965080385484,0.9176930160770967,0.5017069839229031,0.5861434861972576,0.2338852955549074,0.1088571428571428,18.17314571905557,0.101,16.861435726210352,0.0943333333333333,15.748469671675014,32359.6295,1.1505793043767698,-406919.94000000006,1.2448702659418232,50.289698146562536,-72.98618815339192,32.49608412152787,22.33009708737863,32.08104685521316,-77.66990291262137,False,True,False,465,128,0,0,0,0,0,0,0,-0.016694490818030094,0
1770768000000,0.599,0.61,0.558,0.589,25858.55,2026-02-11,-0.01669449081803,-0.0168354144638626,0.01669449081803,0.0887544425770184,1.695651244555437,0.0795558665282151,1.5199126958990583,0.0646773534881504,1.235659103391536,0.0556419805203268,1.0630385452192774,0.6108,0.6086052479100882,0.6144999999999999,0.6302528345210332,0.69655,0.6873501358156406,0.84294,0.8158697787771249,1.00416,0.9309854696423814,-0.0344262295081967,-3.442622950819675,-0.0868217054263567,-8.682170542635665,-0.3086854460093897,-30.868544600938968,55.79399141630899,30.03533568904595,30.186480186480185,0.6414529352587273,0.7189723137761245,-0.0775193785173972,-0.0778454111320366,0.0003260326146394,0.0553535848284279,0.69655,0.1016575650225656,0.8998651300451312,0.4932348699548687,0.5837775609651317,0.2355091085052882,0.1084285714285714,18.40892553965559,0.1009285714285714,17.135580887703135,0.0941428571428571,15.983507154984236,32087.7255,0.8058704566018554,-432778.4900000001,1.2427776154312138,49.28304854671433,-87.75805686612246,32.12117581465664,20.62937062937061,26.535143483222825,-79.37062937062939,False,True,False,465,128,0,0,0,0,0,0,0,-0.03056027164685915,0
1770854400000,0.589,0.602,0.563,0.571,19873.02,2026-02-12,-0.0305602716468591,-0.0310369739955765,0.0305602716468591,0.0832373674326021,1.5902476719194265,0.0760363058252818,1.4526715830833414,0.0627831269969501,1.199469957090647,0.0557446026240281,1.0649991377576065,0.6113999999999999,0.5960701652733921,0.6031,0.6194795918808453,0.68035,0.6762691704998591,0.8367600000000001,0.8062669213210487,1.0024,0.9238316326376368,0.005281690140845,0.5281690140845076,-0.1664233576642336,-16.642335766423372,-0.3620111731843576,-36.20111731843576,40.39408866995074,32.01506591337099,31.017964071856284,0.6306140221419999,0.7080114016404448,-0.0773973794984449,-0.0777558048053183,0.0003584253068733,0.0627715073333396,0.68035,0.0938875447151164,0.8681250894302328,0.4925749105697672,0.5519955594333293,0.2088271923293939,0.1001428571428571,17.538153615211414,0.0962142857142857,16.850137603202406,0.089,15.586690017513137,31949.4495,0.6220144732071206,-452651.51000000007,1.241161325690458,48.26329042472273,-89.49158165381105,33.403830704069534,15.891472868217024,19.616980194988745,-84.10852713178298,False,False,True,465,128,0,0,0,0,0,0,0,0.06304728546409821,1
1770940800000,0.571,0.61,0.568,0.607,16415.73,2026-02-13,0.0630472854640982,0.0611395814034881,0.0630472854640982,0.0503083321830593,0.9611393368133372,0.074897209876534,1.4309091855392857,0.0638707015249979,1.220248039274315,0.0552680647401383,1.0558948942692383,0.6028,0.5997134435155947,0.6014,0.6172105751752371,0.66945,0.6696721066427264,0.8299000000000001,0.7984524376191421,1.00011,0.9175358177768268,-0.0661538461538462,-6.615384615384621,-0.0272435897435897,-2.7243589743589767,-0.2642424242424241,-26.424242424242426,59.8984771573604,36.72014260249555,35.28708133971291,0.6269810956586154,0.7005290755904036,-0.0735479799317881,-0.0769142398306123,0.0033662598988241,0.5545732946991943,0.66945,0.0887227941992797,0.8468955883985594,0.4920044116014405,0.5301234995849112,0.3240305646265732,0.0891428571428571,14.68580842551189,0.0931428571428571,15.344787008707932,0.0855714285714285,14.097434690515415,30926.2515,0.5308024478815352,-436235.7800000001,1.2398649118653495,47.57208472114079,-71.83342012513117,37.93449836167498,32.627118644067785,23.04932071388513,-67.37288135593222,True,False,False,465,128,0,0,0,0,0,0,0,-0.10708401976935744,0
1771027200000,0.607,0.61,0.53,0.542,51687.59,2026-02-14,-0.1070840197693574,-0.1132627896198519,0.1070840197693574,0.0648090447717147,1.2381750618313527,0.0821116321337602,1.5687405292334162,0.0671679679112583,1.283242225133142,0.0569861600567419,1.0887190592042573,0.5816,0.5804756290103965,0.5946,0.6035359251433758,0.65655,0.6575128583910326,0.8216000000000001,0.7883953622696707,0.99608,0.9100739984154887,-0.1635802469135802,-16.358024691358022,-0.1114754098360655,-11.147540983606548,-0.3225,-32.25,20.00000000000001,37.79816513761468,30.34482758620689,0.6139070809419053,0.688786181098446,-0.0748791001565407,-0.076507211895798,0.0016281117392572,0.3003896197891587,0.65655,0.0874898339959165,0.831529667991833,0.4815703320081669,0.5330276993125674,0.1726762562912555,0.0925714285714285,17.079599367422244,0.0885714285714285,16.341591987348448,0.0848571428571428,15.656299420137056,32483.6835,1.5911862335439884,-487923.3700000001,1.2356011748581406,44.53550018156277,-98.38008050902462,38.89229515646168,5.217391304347832,17.911994272210872,-94.78260869565216,False,True,False,465,128,0,0,0,0,0,0,0,-0.029520295202952074,0
1771113600000,0.542,0.596,0.45,0.526,113651.79,2026-02-15,-0.029520295202952,-0.0299647887019363,0.029520295202952,0.0604295741629829,1.1545053933328335,0.0788681094746932,1.5067731158409188,0.0669879815822097,1.2798035911448833,0.0557105202224908,1.0643479943905123,0.567,0.562317086006931,0.591,0.5894384842082167,0.6426000000000001,0.6449878242585482,0.8115399999999999,0.7781052330350485,0.99034,0.902443044647659,-0.1218697829716193,-12.186978297161929,-0.0640569395017793,-6.405693950177942,-0.346583850931677,-34.6583850931677,18.55670103092784,38.79472693032015,30.91334894613584,0.6003829146431505,0.6767279454579306,-0.07634503081478,-0.0764747756795944,0.0001297448648143,0.0246663241091939,0.6426000000000001,0.0847748721459956,0.8121497442919913,0.4730502557080088,0.5276991730220704,0.1561481101404772,0.0824285714285714,15.670831070070612,0.0918571428571428,17.46333514394351,0.0899047619047619,17.092160057939527,37339.9115,3.043708070920307,-601575.1600000001,1.2259124461784756,42.23566664432925,-128.71735871422098,35.017187101946746,24.516129032258068,20.786879660224557,-75.48387096774192,False,True,False,465,128,0,0,0,0,0,0,0,-0.03041825095057038,0
1771200000000,0.526,0.553,0.467,0.51,44187.2,2026-02-16,-0.0304182509505703,-0.0308904870193384,0.0304182509505703,0.0603171463208697,1.1523574624251889,0.0725539967620804,1.3861421618454115,0.0668147191029701,1.2764934161268569,0.0541769050850147,1.0350483183289585,0.5512,0.544878057337954,0.5810000000000001,0.5749951234430863,0.6276999999999999,0.6321318409958245,0.8033,0.76759118940586,0.98288,0.8946463291512392,-0.1341256366723259,-13.412563667232591,-0.1639344262295081,-16.393442622950815,-0.3688118811881188,-36.881188118811885,22.36024844720498,32.74161735700197,26.72309552599758,0.5864778508518966,0.6643777272724537,-0.077899876420557,-0.0767597958277869,-0.0011400805927701,-0.2235452142686494,0.6276999999999999,0.0802411497005412,0.7881822994010824,0.4672177005989174,0.5113343935035288,0.1332928913679124,0.0732857142857142,14.369747899159664,0.0924285714285714,18.123249299719888,0.0919047619047619,18.020541549953315,38361.3125,1.151868826177415,-645762.3600000001,1.22214265460523,40.26598991208578,-134.07401296189357,29.476167061155,19.35483870967742,16.362786348761095,-80.64516129032259,False,False,True,465,128,0,0,0,0,0,0,0,0.0019607843137254832,1
1771286400000,0.51,0.6,0.488,0.511,33277.34,2026-02-17,0.0019607843137254,0.0019588644853329,0.0019607843137254,0.0615652469021605,1.1762023905498808,0.0701786101185479,1.3407604637415562,0.0666766201229258,1.273855038817678,0.0522010470538221,0.9972996036463178,0.5391999999999999,0.533585371558636,0.5753,0.5633596464534343,0.6125,0.6205954751866946,0.7934,0.757528685987105,0.97442,0.8870248756190469,-0.1050788091068299,-10.507880910683005,-0.1003521126760562,-10.035211267605623,-0.3730061349693251,-37.30061349693251,24.34210526315792,37.36017897091723,29.287598944591025,0.5748658737977588,0.653016414138258,-0.0781505403404991,-0.0770379447303294,-0.0011125956101697,-0.2177290822250038,0.6125,0.0711747294007128,0.7548494588014257,0.4701505411985743,0.464814559351594,0.1434830140745731,0.0795714285714285,15.571708135308915,0.0942142857142857,18.437237908862173,0.0938571428571428,18.367346938775512,39326.906,0.8461723380934163,-612485.0200000001,1.219420581124253,37.501491182384505,-104.67028449268216,34.91857228278984,19.67741935483871,21.182795698924725,-80.3225806451613,True,False,False,465,128,0,0,0,0,0,0,0,-0.03718199608610573,0
1771372800000,0.511,0.518,0.471,0.492,18136.48,2026-02-18,-0.0371819960861057,-0.0378908737113963,0.0371819960861057,0.0402167300215581,0.7683395482296993,0.0453809511547889,0.8670018544474807,0.0659956874872046,1.2608458390785535,0.0520841456469913,0.9950662054047495,0.5162000000000001,0.5197235810390907,0.5595,0.5503851652800826,0.599,0.6083482870736723,0.78268,0.7471156931034264,0.96656,0.8791778788391146,-0.1894563426688632,-18.945634266886323,-0.243076923076923,-24.30769230769231,-0.3543307086614173,-35.43307086614173,24.18300653594774,36.94690265486726,29.52127659574468,0.5621172778288728,0.6410892723474172,-0.0789719945185444,-0.0774247546879724,-0.001547239830572,-0.3144796403601638,0.599,0.0667974156449459,0.7325948312898919,0.465405168710108,0.4460595368610748,0.0995354050494023,0.0788571428571428,16.027874564459932,0.0936428571428571,19.033101045296167,0.0935714285714285,19.018583042973287,38654.411,0.469195611336569,-630621.5000000001,1.2178615651270293,34.408120984049575,-143.6975516913228,35.55902994503343,13.548387096774189,17.526881720430097,-86.45161290322582,False,True,False,465,128,0,0,0,0,0,0,0,-0.014227642276422814,0
1771459200000,0.492,0.517,0.481,0.485,17265.13,2026-02-19,-0.0142276422764228,-0.0143298255548249,0.0142276422764228,0.0157509401939578,0.3009212898793918,0.0448752450027824,0.8573403519791942,0.0659515886670469,1.260003332302412,0.051972496107827,0.9929331439540662,0.5048,0.5081490540260605,0.5431999999999999,0.5384969534109767,0.58545,0.5966008311618908,0.7725799999999999,0.7368365484014122,0.9598299999999998,0.8713481972890151,-0.1051660516605167,-10.516605166051669,-0.2515432098765432,-25.154320987654327,-0.3584656084656085,-35.84656084656085,0.8064516129032171,40.632603406326034,28.77984084880636,0.5502530812398154,0.6295271040228536,-0.0792740227830381,-0.0777946083069855,-0.0014794144760526,-0.3050339125881675,0.58545,0.06045918588516,0.7063683717703201,0.4645316282296799,0.4130783901966694,0.0846371459963045,0.0784285714285714,16.17083946980854,0.0892857142857142,18.409425625920477,0.0902857142857142,18.615611192930785,38068.5985,0.4535268089787965,-647886.6300000001,1.2163850213631962,28.13689715557384,-135.46740895383908,40.98526276321319,11.290322580645157,14.83870967741934,-88.70967741935485,False,False,True,465,128,0,0,0,0,0,0,0,0.08865979381443312,1
1771545600000,0.485,0.615,0.471,0.528,41966.38,2026-02-20,0.0886597938144331,0.0849473927687784,0.0886597938144331,0.0508899254951507,0.972250661439336,0.0544118083035113,1.03953613801695,0.066847616734841,1.2771219245012568,0.0536671441378568,1.0253093491080771,0.5052000000000001,0.5147660360173737,0.5361,0.5365884164271627,0.5781,0.5900674186702806,0.7628400000000001,0.7286468048847864,0.95423,0.8645285803130964,0.0038022813688212,0.3802281368821296,-0.1185308848080133,-11.853088480801327,-0.2177777777777778,-21.77777777777778,43.13725490196078,39.90147783251232,32.36775818639798,0.5468295302798438,0.6220065777974132,-0.0751770475175693,-0.0772710961491023,0.0020940486315329,0.3966001196085162,0.5781,0.0578800029098454,0.6938600058196909,0.4623399941803091,0.40048436540284,0.2836040191720607,0.093,17.613636363636363,0.0910714285714285,17.248376623376625,0.093095238095238,17.631673881673883,37516.175,1.1186209681557353,-605920.2500000001,1.2130365254702709,23.6925235642914,-68.14213697282696,40.78416962782119,25.161290322580648,16.666666666666654,-74.83870967741935,True,True,False,465,128,0,0,0,0,0,0,0,-0.08522727272727282,0
1771632000000,0.528,0.534,0.475,0.483,42080.26,2026-02-21,-0.0852272727272728,-0.0890796300536888,0.0852272727272728,0.063815197619214,1.2191876386432317,0.0592787347721447,1.132518637642662,0.0685501229132271,1.3096482593688152,0.0546668801587739,1.0444092789693225,0.4997999999999999,0.5041773573449158,0.5255,0.5268450679858604,0.5700000000000001,0.579870521654061,0.7524,0.7190135121443565,0.94913,0.8569510762430192,-0.0529411764705882,-5.294117647058829,-0.1799660441426146,-17.99660441426146,-0.2511627906976744,-25.116279069767444,33.587786259541986,39.60880195599023,30.04807692307693,0.5370096025444833,0.6117097942549303,-0.074700191710447,-0.0767569152613713,0.0020567235509242,0.4258226813507729,0.5700000000000001,0.0593420060683168,0.6886840121366338,0.4513159878633663,0.4164351303039779,0.1334805403282025,0.09,18.633540372670808,0.0912857142857142,18.899733806566104,0.089047619047619,18.436360051266888,37554.716,1.120505344788122,-648000.5100000001,1.2095116871960154,19.39879401249025,-113.84681645251597,39.42605080557488,10.645161290322571,15.698924731182784,-89.35483870967744,False,False,True,465,128,0,0,0,0,0,0,0,-0.018633540372670843,0
1771718400000,0.483,0.489,0.462,0.474,16677.57,2026-02-22,-0.0186335403726708,-0.0188093319574962,0.0186335403726708,0.0635786650099679,1.2146686894886796,0.0591189462583951,1.129465882373876,0.0662920715360717,1.266508248381522,0.0544995916317813,1.0412132361487196,0.4923999999999999,0.4941182382299438,0.5158,0.517236873806613,0.55945,0.5697876148298627,0.7414400000000001,0.7094050579449895,0.94378,0.8493457682768306,-0.0724070450097847,-7.24070450097848,-0.169877408056042,-16.9877408056042,-0.3080291970802921,-30.802919708029208,35.483870967741936,23.809523809523824,31.725888324873097,0.5273158175376398,0.6015090687527913,-0.0741932512151515,-0.0762441824521273,0.0020509312369758,0.4326859149738017,0.55945,0.0565094076937317,0.6724688153874635,0.4464311846125365,0.4040354469120154,0.121965600563716,0.073,15.400843881856549,0.0777142857142857,16.395418927064497,0.0855714285714285,18.053044002411088,37161.158500000005,0.4487903680397907,-664678.0800000001,1.208080776828227,18.15067275866485,-128.650060639985,29.75800573571034,7.999999999999989,14.602150537634392,-92.0,False,True,False,465,128,0,0,0,0,0,0,0,-0.050632911392405,0
1771804800000,0.474,0.582,0.436,0.45,65975.26,2026-02-23,-0.050632911392405,-0.0519597389307109,0.050632911392405,0.0651068397148085,1.2438644262306755,0.0526181136118668,1.0052676490497616,0.0646048783231088,1.2342744673075958,0.0544284452745084,1.0398539869015544,0.484,0.4794121588199625,0.5001,0.505011987659956,0.55075,0.5583792705603499,0.72946,0.6992322280028197,0.93829,0.8414153240689397,-0.0853658536585365,-8.536585365853655,-0.258649093904448,-25.864909390444808,-0.2788461538461538,-27.884615384615387,29.251700680272123,22.346368715083813,31.017369727047157,0.5154210763780029,0.5902861747692961,-0.0748650983912931,-0.0759683656399605,0.0011032672486673,0.2451704997038506,0.55075,0.0593702698947048,0.6694905397894096,0.4320094602105903,0.4311957867976748,0.0757556762893134,0.0815714285714285,18.12698412698413,0.0774285714285714,17.206349206349206,0.0888095238095238,19.73544973544974,38976.334,1.692700498718017,-730653.3400000001,1.202584048485602,16.969106457591064,-97.4525480338418,31.419333385977964,6.334841628959281,8.326667639760604,-93.66515837104072,True,True,False,465,128,0,0,0,0,0,0,0,0.07333333333333325,1
1771891200000,0.45,0.529,0.44,0.483,49979.37,2026-02-24,0.0733333333333332,0.0707690708882071,0.0733333333333332,0.0764880336529479,1.4613018311130967,0.0535000499528146,1.0221170191852242,0.0674541449269799,1.2887096293416738,0.0558434457843406,1.066887533683864,0.4836,0.480608105879975,0.4942,0.5010098080854186,0.5444,0.551200292411744,0.7182600000000001,0.6907524666568915,0.93314,0.8342981037149231,-0.0041237113402061,-0.4123711340206189,-0.1088560885608856,-10.88560885608857,-0.2081967213114753,-20.81967213114754,47.20496894409938,33.04093567251462,37.33509234828496,0.5104332184736948,0.5823390507111265,-0.0719058322374316,-0.0751558589594547,0.0032500267220231,0.6728833793008512,0.5444,0.0594911758162644,0.6633823516325289,0.425417648367471,0.4371137091569762,0.2419785406930314,0.0782857142857142,16.208222419402546,0.0789285714285714,16.341319136350194,0.0889047619047619,18.406783003056297,40271.937,1.24104708447473,-680673.9700000001,1.1984449439475564,16.086228306330565,-94.0500804043189,31.279632137734865,26.25698324022346,13.530608289727567,-73.74301675977655,False,False,True,465,128,0,0,0,0,0,0,0,0.035196687370600444,1
1771977600000,0.483,0.575,0.474,0.5,65481.87,2026-02-25,0.0351966873706004,0.034591444769619,0.0351966873706004,0.0639699943838354,1.2221450266788292,0.0548002484245933,1.046957276110137,0.0660977398139829,1.262795546044053,0.0561314599900417,1.0723900373576702,0.478,0.48707207058665,0.4915999999999999,0.5008262066153425,0.5413,0.5463240740868152,0.7082400000000001,0.683271921718479,0.92805,0.8276601585766137,-0.053030303030303,-5.303030303030307,-0.0494296577946768,-4.942965779467685,-0.1103202846975089,-11.032028469750898,54.38596491228071,37.24928366762178,40.26845637583893,0.5088281079392802,0.5762398617687197,-0.0674117538294394,-0.0736070379334516,0.0061952841040122,1.2390568208024506,0.5413,0.0601376491235479,0.6615752982470958,0.4210247017529042,0.4443942296216361,0.3283105483756419,0.086,17.200000000000003,0.0824285714285714,16.485714285714284,0.0910952380952381,18.219047619047625,40840.1155,1.6033713224929542,-615192.1000000001,1.1933357856279398,16.082703647273544,-45.11278195488725,40.32401935531711,35.75418994413408,22.78200493777226,-64.24581005586592,True,False,False,465,128,0,0,0,0,0,0,0,-0.02400000000000002,0
1772064000000,0.5,0.505,0.463,0.488,23069.26,2026-02-26,-0.024,-0.0242926925690445,0.024,0.0501420228331047,0.9579620011437784,0.0544894793531469,1.041020041336676,0.0627707752088317,1.1992339765099869,0.055881123188532,1.067607359480227,0.479,0.4873813803911,0.4894,0.4984941690489166,0.5351999999999999,0.5407694003642606,0.6990000000000001,0.675614144170391,0.9221,0.8209161092934901,0.0103519668737059,1.035196687370601,-0.0431372549019608,-4.313725490196082,-0.1999999999999999,-20.0,35.71428571428571,37.90087463556852,36.26220362622036,0.5056237836409294,0.5697035757109421,-0.0640797920700126,-0.0717015887607638,0.0076217966907511,1.5618435841703264,0.5351999999999999,0.0589786758967004,0.6531573517934007,0.417242648206599,0.4407972787496295,0.2999276887689482,0.0868571428571428,17.798594847775178,0.0826428571428571,16.935011709601874,0.0884761904761904,18.130366900858707,40013.661,0.5765345990210693,-638261.3600000001,1.191472425646867,16.739345966557742,-80.33260032985147,40.36363916674458,29.050279329608937,30.35381750465548,-70.94972067039107,False,True,False,465,128,0,0,0,0,0,0,0,-0.07581967213114749,0
1772150400000,0.488,0.496,0.437,0.451,35054.25,2026-02-27,-0.0758196721311474,-0.0788480663504687,0.0758196721311474,0.0615495709227822,1.175902901384374,0.0590511412097259,1.1281704687379537,0.0631371779091159,1.2062340902699962,0.0565759197939395,1.0808814299883007,0.4744,0.4752542535940667,0.4833999999999999,0.4898588655854772,0.52935,0.5322199336629013,0.6890000000000001,0.6668056854350887,0.91651,0.8135717109755143,-0.0485232067510548,-4.852320675105478,-0.1174168297455968,-11.741682974559687,-0.2059859154929576,-20.598591549295765,37.87878787878788,27.32558139534885,37.51803751803752,0.4972201246192479,0.5609107182498317,-0.0636905936305838,-0.0700993897347278,0.006408796104144,1.4210190918279486,0.52935,0.061310491074458,0.6519709821489161,0.4067290178510838,0.4632888718198399,0.1805196034686445,0.0747142857142857,16.56636046879949,0.0838571428571428,18.593601520430784,0.0856190476190476,18.984267764755568,40870.1675,0.8576977327044232,-673315.6100000001,1.1885641118126369,17.08021084805046,-104.18941048034934,36.44689193950592,8.379888268156432,24.3947858472998,-91.62011173184356,False,True,False,465,128,0,0,0,0,0,0,0,-0.019955654101995624,0
1772236800000,0.451,0.454,0.427,0.442,32096.88,2026-02-28,-0.0199556541019956,-0.0201574574249802,0.0199556541019956,0.0576934658628377,1.1022321176559156,0.0584459048939914,1.1166074451615868,0.0517021751504471,0.9877686693148066,0.0563845915436512,1.077226108899009,0.4728,0.4641695023960444,0.4784,0.481157253660845,0.51895,0.5236275590283384,0.6797,0.6579897176169445,0.91036,0.8061948273831543,-0.0177777777777777,-1.7777777777777792,-0.1016260162601625,-10.162601626016258,-0.32,-32.0,37.87878787878788,32.638888888888886,37.7906976744186,0.4887247208316713,0.5521025168970272,-0.0633777960653558,-0.0687550710008534,0.0053772749354975,1.2165780397053387,0.51895,0.0572763154872171,0.6335026309744344,0.4043973690255657,0.4414784891586253,0.1641281856844753,0.0701428571428571,15.869424692954102,0.0800714285714285,18.11570782159017,0.0842380952380952,19.058392587804352,39408.3105,0.8144698311793905,-705412.4900000001,1.185847515044494,18.68213904842968,-126.40559303803651,38.24466162549693,7.978723404255327,15.136297000673553,-92.02127659574468,False,True,False,465,128,0,0,0,0,0,0,0,-0.020361990950226283,0
1772323200000,0.442,0.455,0.427,0.433,39696.44,2026-03-01,-0.0203619909502262,-0.0205721540752083,0.0203619909502262,0.0392866425548618,0.7505702521284879,0.0585374660570823,1.1183567187262675,0.0515870534769914,0.9855692728316268,0.0563885832909329,1.0773023711237466,0.4628,0.4537796682640296,0.4732,0.4724013893588731,0.5082,0.5149963629304005,0.6705600000000002,0.6491665351018944,0.90383,0.7987860991489981,-0.1035196687370599,-10.351966873706004,-0.1072164948453607,-10.72164948453608,-0.3317901234567901,-33.17901234567901,42.73504273504273,33.45195729537366,40.06163328197226,0.4801516868575679,0.543280108237093,-0.0631284213795251,-0.0676297410765878,0.0045013196970626,1.0395657498990012,0.5082,0.0516838567894595,0.611567713578919,0.4048322864210809,0.4067993450567457,0.1362500562490127,0.0702857142857142,16.2322665786869,0.0716428571428571,16.54569449026724,0.0752380952380952,17.37600351919059,39483.1345,1.0054024459481554,-745108.9300000002,1.182502967129181,21.4054834264636,-127.7906081601233,44.48369372935102,3.1914893617021303,6.516700344704617,-96.80851063829788,True,False,False,465,128,0,0,0,0,0,0,0,0.009237875288683695,1
1772409600000,0.433,0.448,0.423,0.437,34492.54,2026-03-02,0.0092378752886836,0.0091954670931003,0.0092378752886836,0.0308053041307479,0.5885345090515722,0.0481732010988462,0.9203477147253136,0.0501271841237031,0.9576785079987168,0.0564289173884886,1.0780729529755668,0.4502,0.4481864455093531,0.4641,0.4659647731118053,0.5001,0.5075681378894094,0.66144,0.6408462277834027,0.8957999999999999,0.7916042194380423,-0.126,-12.6,-0.1723484848484848,-17.234848484848488,-0.2704507512520867,-27.04507512520868,23.86363636363637,36.43122676579925,35.70247933884298,0.4735129658025575,0.5354075076261985,-0.061894541823641,-0.0664827012259984,0.0045881594023574,1.049922060036026,0.5001,0.0493461457994944,0.598792291598989,0.4014077084010111,0.3946902283502856,0.1803195113941074,0.053,12.128146453089244,0.0672857142857143,15.39718862373325,0.0692857142857143,15.854854527623411,39346.1455,0.876643431311461,-710616.3900000001,1.1796120342317813,24.00590933179189,-124.40191387559813,45.812843689256034,7.291666666666672,6.1539598108746985,-92.70833333333331,False,True,False,465,128,0,0,0,0,0,0,0,-0.02517162471395884,0
1772496000000,0.437,0.443,0.424,0.426,23349.25,2026-03-03,-0.0251716247139588,-0.0254938488262197,0.0251716247139588,0.0307890288566029,0.5882235703756244,0.0421893831959664,0.8060270342094452,0.0501830226072604,0.9587453007291856,0.0564562413232612,1.0785949760164206,0.4378,0.4407909636729021,0.4584,0.4586984507278407,0.4919499999999999,0.4997997438047031,0.65236,0.6324208358596188,0.88657,0.7843469025804964,-0.1270491803278688,-12.704918032786884,-0.1180124223602484,-11.801242236024844,-0.2767402376910016,-27.67402376910017,4.878048780487802,34.767025089605724,37.63066202090593,0.4662032787560102,0.5273032478013306,-0.0610999690453204,-0.0654061547898628,0.0043061857445424,1.0108417240709868,0.4919499999999999,0.0473091456608521,0.5865682913217042,0.3973317086782957,0.384666292597639,0.1514944463762903,0.043,10.093896713615024,0.0606428571428571,14.2354124748491,0.0669523809523809,15.716521350324166,39220.6805,0.5953300580799459,-733965.6400000001,1.1776546593490995,27.130612290494696,-125.1914476505544,39.96581167843852,1.562500000000001,4.015218676122923,-98.4375,False,False,True,465,128,0,0,0,0,0,0,0,0.007042253521126751,1
1772582400000,0.426,0.447,0.411,0.429,72393.1,2026-03-04,0.0070422535211267,0.0070175726586465,0.0070422535211267,0.0165610481296344,0.3163983802589782,0.04249938745417,0.8119496572464189,0.0502684851603036,0.9603780605125042,0.0558033428816995,1.0661213688046831,0.4333999999999999,0.4368606424486014,0.4538999999999999,0.4532987324136878,0.4848499999999999,0.4930569110613976,0.6424599999999999,0.6244435030056658,0.87599,0.7772935356250877,-0.048780487804878,-4.878048780487809,-0.0949367088607594,-9.493670886075948,-0.2486865148861645,-24.868651488616457,9.589041095890424,38.02281368821293,27.67676767676768,0.4604796974089316,0.5200215257413863,-0.0595418283324546,-0.0642332894983812,0.0046914611659265,1.0935806913581754,0.4848499999999999,0.045439693985276,0.575729387970552,0.3939706120294479,0.3748763038900775,0.1927246031955166,0.0337142857142857,7.858807858807864,0.0598571428571428,13.952713952713957,0.0661904761904762,15.429015429015433,41846.6845,1.729960231377471,-661572.5400000002,1.1716343820186668,30.33207219477456,-120.68079640333973,36.63645079270341,8.823529411764714,5.892565359477118,-91.17647058823528,True,True,False,465,128,0,0,0,0,0,0,0,0.025641025641025772,1
1772668800000,0.429,0.468,0.422,0.44,32656.2,2026-03-05,0.0256410256410257,0.02531780798429,0.0256410256410257,0.0214359817912704,0.4095338570922104,0.0410392431510829,0.78405363950498,0.0479321772668374,0.9157429608803592,0.0550342139477536,1.051427181153883,0.433,0.4379070949657342,0.4528999999999999,0.4508807810657446,0.4765,0.4880038719126928,0.6344,0.617210385103733,0.8642699999999999,0.770598830743454,-0.004524886877828,-0.4524886877828058,-0.0222222222222222,-2.222222222222224,-0.2751235584843492,-27.51235584843492,38.29787234042553,41.57303370786517,29.365079365079367,0.4573289747306344,0.5140940053156564,-0.0567650305850219,-0.0627396377157093,0.0059746071306873,1.3578652569744087,0.4765,0.0362208140220912,0.5489416280441825,0.4040583719558175,0.304057200605173,0.248073027998912,0.0342857142857143,7.792207792207797,0.0605714285714285,13.766233766233768,0.0665238095238095,15.11904761904762,42658.708,0.7655224813653522,-628916.3400000002,1.169002042910896,33.492286662240936,-85.50777900281747,38.02458116967251,14.215686274509814,8.200571895424831,-85.78431372549018,True,False,False,465,128,0,0,0,0,0,0,0,-0.022727272727272707,0
1772755200000,0.44,0.44,0.42,0.43,30145.18,2026-03-06,-0.0227272727272727,-0.0229895182246987,0.0227272727272727,0.0219965156589469,0.4202428415975929,0.0317778980395231,0.607115889588445,0.0428294590714697,0.8182556666406083,0.0550365886488246,1.0514725497541415,0.4324,0.4352713966438228,0.4476,0.4470842754174274,0.4709,0.4824796936352931,0.62616,0.6098687629975461,0.85512,0.7638388345107817,-0.0069284064665127,-0.6928406466512709,-0.1097308488612835,-10.973084886128364,-0.2066420664206643,-20.664206642066425,37.5,29.059829059829056,31.82795698924733,0.4531245170797676,0.5078648197362887,-0.054740302656521,-0.0611397707038717,0.0063994680473506,1.4882483831047977,0.4709,0.0341604572877346,0.5392209145754694,0.4025790854245307,0.2901716482287931,0.2006773090338195,0.0287142857142857,6.677740863787382,0.0517142857142857,12.026578073089704,0.0654761904761904,15.227021040974533,41581.5875,0.7249646252683354,-659061.5200000003,1.16654460706495,34.15842254334497,-101.32025516640898,30.7930780648653,11.11111111111112,11.383442265795203,-88.88888888888887,False,True,False,465,128,0,0,0,0,0,0,0,-0.016279069767441867,0
1772841600000,0.43,0.436,0.41,0.423,23687.97,2026-03-07,-0.0162790697674418,-0.0164130296413301,0.0162790697674418,0.0219306873148305,0.4189851928491235,0.0273004227552053,0.5215738443918763,0.0426241000622413,0.8143322882781486,0.0545195889088121,1.041595283589958,0.4296,0.4311809310958819,0.4399,0.4427053162506225,0.46575,0.476814960908122,0.6171,0.6025405394089568,0.84595,0.7570743819716416,-0.0320366132723112,-3.2036613272311243,-0.154,-15.400000000000002,-0.1958174904942966,-19.581749049429664,39.130434782608695,34.69387755102041,32.03463203463204,0.4484899759905726,0.501578536792458,-0.0530885608018854,-0.0595295287234744,0.006440967921589,1.522687451912306,0.46575,0.0331660495402626,0.5320820990805254,0.3994179009194747,0.2848399316394002,0.1777578231912822,0.0285714285714286,6.754474839581229,0.0493571428571428,11.668355285376563,0.0629047619047619,14.87110210514466,37083.3965,0.6387756310293746,-682749.4900000002,1.1646067569146323,34.44122509111567,-103.31384015594551,32.132621275373296,7.558139534883729,10.961645640168207,-92.44186046511628,False,True,False,465,128,0,0,0,0,0,0,0,-0.04255319148936165,0
1772928000000,0.423,0.427,0.385,0.405,27612.94,2026-03-08,-0.0425531914893616,-0.0434851119397387,0.0425531914893616,0.0265593157740338,0.507415015397129,0.0284909027977803,0.5443179336700996,0.0430149511188795,0.8217994872304633,0.0524949911515022,1.002915397747312,0.4253999999999999,0.4224539540639213,0.4316,0.4358498042050547,0.4605,0.4699754408216339,0.6060599999999999,0.5947938142085281,0.83579,0.7500872542725449,-0.0492957746478872,-4.929577464788724,-0.1700819672131146,-17.00819672131147,-0.2058823529411764,-20.588235294117645,23.33333333333336,33.17073170731709,32.034632034632054,0.4417992104535613,0.4944245711037042,-0.0526253606501428,-0.0581486951088081,0.0055233344586652,1.3637862860901848,0.4605,0.034090436998354,0.5286808739967082,0.3923191260032918,0.296116716598081,0.0929943637662993,0.0305714285714285,7.548500881834219,0.0504285714285714,12.451499118165788,0.0579523809523809,14.309229864785422,36254.6835,0.7616378722489744,-710362.4300000002,1.1623080264844,35.30648161590973,-122.98219337660186,31.71775081905413,10.152284263959402,9.607178303318072,-89.8477157360406,False,True,False,465,128,0,0,0,0,0,0,0,-0.019753086419753152,0
1773014400000,0.405,0.42,0.393,0.397,20389.08,2026-03-09,-0.0197530864197531,-0.0199507864193487,0.0197530864197531,0.0249735846059597,0.4771196639690366,0.020170988845474,0.3853662007967844,0.042955617661735,0.8206659231233641,0.0524621223279211,1.0022874397545154,0.419,0.4139693027092808,0.4262,0.4287862034404994,0.4548,0.4630253988386209,0.5954200000000001,0.5870371580828782,0.82583,0.7430803311613726,-0.0745920745920745,-7.459207459207453,-0.1197339246119734,-11.973392461197337,-0.223091976516634,-22.309197651663403,24.561403508771942,35.978835978835974,25.80645161290323,0.4349070242299365,0.4872079362067379,-0.0523009119768014,-0.0569791384824068,0.0046782265056053,1.178394585794807,0.4548,0.0347269044796504,0.5242538089593008,0.3853461910406991,0.3054257210171541,0.0838961111990981,0.0308571428571428,7.772580064771503,0.0419285714285714,10.561353004677944,0.0551428571428571,13.889888449082404,35610.2705,0.5725617838258208,-730751.5100000001,1.1606143805701643,35.783809510315955,-117.09140332993546,20.99776057991181,6.315789473684218,8.008737757509104,-93.68421052631578,False,False,True,465,128,0,0,0,0,0,0,0,-0.0025188916876573986,0
1773100800000,0.397,0.411,0.386,0.396,25722.88,2026-03-10,-0.0025188916876573,-0.0025220694327098,0.0025188916876573,0.0144277839760894,0.2756424258312869,0.0202073553142221,0.3860609812066695,0.0425696762351336,0.8132925225212012,0.0523288197757953,0.999740698072054,0.4102,0.4079795351395205,0.4216,0.4228250755422267,0.45,0.4566420275206567,0.58558,0.5795454714545872,0.81628,0.7361929083222253,-0.0999999999999999,-9.999999999999996,-0.1040723981900452,-10.407239819004522,-0.1951219512195121,-19.512195121951216,20.00000000000003,22.292993630573264,30.270270270270277,0.4289213281945617,0.4804517927836737,-0.051530464589112,-0.0558894037037478,0.0043589391146358,1.100742200665613,0.45,0.0359282911542574,0.5218565823085148,0.3781434176914852,0.3193625880378437,0.1242515419940789,0.0317142857142857,8.008658008658008,0.0373571428571428,9.433621933621936,0.051,12.87878787878788,35989.5905,0.7147311109305343,-756474.3900000001,1.1584725203214978,36.28113571352451,-115.22877754718849,22.35488147453613,5.789473684210533,7.419182473951373,-94.21052631578948,False,True,False,465,128,0,0,0,0,0,0,0,0.0,0
1773187200000,0.396,0.405,0.382,0.396,19107.63,2026-03-11,0.0,0.0,0.0,0.0170053809740795,0.3248873473326701,0.0201563824426576,0.3850871458627991,0.0426130680892936,0.8141215227309218,0.0522455117426778,0.998149100334122,0.4034,0.4039863567596803,0.4179,0.4179477890800037,0.44555,0.4508665963282131,0.57644,0.5723475790247362,0.80714,0.72944244161282,-0.0790697674418604,-7.906976744186041,-0.0854503464203232,-8.545034642032327,-0.1835051546391751,-18.35051546391752,0.0,12.857142857142875,31.638418079096056,0.4238565084723214,0.4741961044290335,-0.0503395959567121,-0.0547794421543407,0.0044398461976286,1.1211732822294458,0.44555,0.0368645814898663,0.5192791629797328,0.3718208370202672,0.3309579754448782,0.1639728568896091,0.0298571428571428,7.53968253968254,0.0317857142857142,8.026695526695528,0.0498571428571428,12.59018759018759,36081.7155,0.5295654526182382,-756474.3900000001,1.1568823218366016,38.74091474046772,-111.39522685549431,7.630580930545605,11.382113821138224,7.829125659677646,-88.61788617886178,False,True,False,465,128,0,0,0,0,0,0,0,-0.010101010101010055,0
1773273600000,0.396,0.402,0.379,0.392,15893.49,2026-03-12,-0.01010101010101,-0.0101523714640179,0.01010101010101,0.0172231477132556,0.3290477750429367,0.0191456316448406,0.3657767789843588,0.0358601217912398,0.6851066648574758,0.0517445238166396,0.9885777394463908,0.3972,0.3999909045064536,0.4134,0.4132300092472758,0.43875,0.445260253820764,0.5666,0.5652750958648166,0.7982499999999999,0.7227468275899284,-0.0732860520094561,-7.328605200945621,-0.102974828375286,-10.2974828375286,-0.2575757575757575,-25.75757575757576,0.0,13.63636363636364,32.74853801169591,0.4189555071688873,0.4681075041006921,-0.0491519969318047,-0.0536539531098335,0.0045019561780287,1.1484582086808148,0.43875,0.0332183763347601,0.5051867526695203,0.3723132473304797,0.3028455962143374,0.1481616114460701,0.0265714285714285,6.778425655976676,0.0304285714285714,7.762390670553938,0.0492380952380952,12.560738581146747,34778.071,0.4569974568169695,-772367.8800000001,1.1555588879375909,41.28301066235458,-115.63467208761416,7.836346397474486,11.11111111111112,9.427566205486611,-88.88888888888887,False,True,False,465,128,0,0,0,0,0,0,0,-0.015306122448979553,0
1773360000000,0.392,0.404,0.385,0.386,21982.93,2026-03-13,-0.0153061224489795,-0.0154244703256316,0.0153061224489795,0.0083393271507375,0.1593226215085778,0.0185589446606767,0.3545681398900537,0.0317389962492435,0.6063726719287121,0.0516526879750112,0.9868232181556196,0.3934,0.3953272696709691,0.4094,0.4082790984750438,0.4339,0.4396164201235483,0.55728,0.558244672174601,0.78851,0.7160652851074133,-0.0469135802469136,-4.691358024691362,-0.0938967136150233,-9.389671361502344,-0.2008281573498964,-20.08281573498964,0.0,17.821782178217845,31.988472622478383,0.4138854291429047,0.462025466759655,-0.0481400376167503,-0.0525511700112168,0.0044111323944665,1.1427804130742334,0.4339,0.0334976825593067,0.5008953651186134,0.3669046348813866,0.3088055548219101,0.1425125834063712,0.0264285714285714,6.84678016284234,0.0275714285714285,7.142857142857145,0.0432857142857142,11.213915618060698,33773.2045,0.6508985547995602,-794350.8100000002,1.1537375025204109,43.556755981377705,-107.65090349865427,13.030023787486217,7.865168539325848,10.119464490525052,-92.13483146067416,True,False,False,465,128,0,0,0,0,0,0,0,0.015544041450777257,1
1773446400000,0.386,0.402,0.382,0.392,30155.55,2026-03-14,0.0155440414507772,0.0154244703256317,0.0155440414507772,0.0117644286930413,0.2247590945943764,0.0195757342436019,0.3739938775959939,0.0322042327141662,0.6152610021108808,0.0509893138787301,0.9741494738414824,0.3924,0.394218179780646,0.4057,0.4053192623886722,0.4298,0.4350815229689245,0.54722,0.5517252485205782,0.77964,0.7096356164314385,-0.0125944584382872,-1.2594458438287164,-0.0862470862470862,-8.624708624708619,-0.1729957805907171,-17.299578059071724,24.0,24.489795918367363,35.02994011976048,0.4105184400439963,0.4568383951476352,-0.0463199551036389,-0.0513049270297013,0.0049849719260623,1.2716765117505993,0.4298,0.0333491892113529,0.4964983784227058,0.3631016215772942,0.310369373767826,0.2166347901260825,0.0255714285714285,6.52332361516035,0.0270714285714285,6.905976676384842,0.0414285714285714,10.568513119533527,34447.1035,0.8754161289642248,-764195.2600000001,1.1512541486022274,45.0335772863408,-97.86748641803447,19.9644298582445,14.606741573033716,11.194340407823551,-85.39325842696628,False,True,False,465,128,0,0,0,0,0,0,0,0.015306122448979664,1
1773532800000,0.392,0.42,0.388,0.398,18993.11,2026-03-15,0.0153061224489796,0.0151901654939752,0.0153061224489796,0.0141975092927913,0.2712430341841008,0.0177420200113486,0.3389608163790166,0.0310685640593864,0.5935640829261418,0.0503383275764341,0.9617123979991228,0.3928,0.3954787865204307,0.4014999999999999,0.4039884874089137,0.4272,0.4315499493528364,0.53868,0.5456967854177283,0.7705299999999999,0.7034527997090737,0.0050505050505049,0.5050505050505054,-0.0954545454545454,-9.54545454545454,-0.1155555555555555,-11.555555555555554,52.17391304347826,31.57894736842107,36.93693693693695,0.4085925261910738,0.4524799955069191,-0.0438874693158452,-0.0498214354869301,0.0059339661710848,1.490946274141921,0.4272,0.0337164648206479,0.494632929641296,0.359767070358704,0.3156972361483894,0.2834885703815106,0.0241428571428571,6.066044508255562,0.0273571428571428,6.87365398420675,0.0416666666666666,10.469011725293134,32097.996000000003,0.5917226109692331,-745202.1500000001,1.149718823241496,42.84265948275528,-69.06683219532394,25.770259975662626,21.348314606741585,14.606741573033704,-78.6516853932584,True,False,False,465,128,0,0,0,0,0,0,0,-0.007537688442211032,0
1773619200000,0.398,0.444,0.393,0.395,40170.98,2026-03-16,-0.007537688442211,-0.0075662403833158,0.007537688442211,0.0147321216048075,0.2814567880639512,0.0171565503049148,0.3277754333430921,0.0248956312675905,0.4756303675306265,0.0502837412679821,0.9606695280404488,0.3926,0.3953191910136205,0.398,0.4023542169709294,0.4227999999999999,0.4280690017954234,0.53058,0.5397870868520687,0.76137,0.6973333617181657,-0.0025252525252524,-0.2525252525252527,-0.0813953488372092,-8.139534883720925,-0.1821946169772256,-18.21946169772256,47.99999999999999,27.659574468085125,27.30375426621161,0.4065013683155239,0.448222218061826,-0.041720849746302,-0.0482013183388044,0.0064804685925024,1.6406249601272067,0.4227999999999999,0.0317350876708366,0.4862701753416732,0.3593298246583266,0.3002373478792494,0.2809995021256308,0.0275714285714285,6.9801084990958415,0.0292142857142857,7.396021699819169,0.0371428571428571,9.403254972875228,31607.576500000003,1.2709288230307692,-785373.1300000001,1.146529602795464,38.96961995397805,-41.26138130135455,35.44989405338296,17.977528089887652,17.977528089887638,-82.02247191011234,True,False,False,465,128,0,0,0,0,0,0,0,-0.020253164556962022,0
1773705600000,0.395,0.405,0.385,0.387,16315.99,2026-03-17,-0.020253164556962,-0.02046107187134,0.020253164556962,0.0169350416036736,0.3235435155479513,0.0174056189019642,0.3325338822083428,0.0226150029999753,0.4320590256567342,0.0502186751541974,0.9594264416820212,0.3916,0.3925461273424136,0.3944,0.3995625411580331,0.41715,0.4241576682910972,0.52222,0.5337954162171994,0.7520200000000001,0.6911768437653052,-0.0127551020408163,-1.2755102040816335,-0.0851063829787233,-8.510638297872335,-0.2259999999999999,-22.6,36.36363636363636,28.571428571428584,31.25,0.4035011578054433,0.4436872389460009,-0.0401860811405576,-0.0465982708991551,0.0064121897585975,1.6568965784489706,0.41715,0.0269683537737322,0.4710867075474645,0.3632132924525355,0.2585962246072851,0.2205057430186306,0.0268571428571428,6.93983019564415,0.0292857142857142,7.567368032484313,0.0338571428571428,8.748615725359912,29149.2825,0.5597389918602628,-801689.1200000001,1.1452100270998329,35.9643739684365,-84.1330286874842,36.24693291598683,8.988764044943826,16.104868913857675,-91.01123595505616,False,True,False,465,128,0,0,0,0,0,0,0,-0.05167958656330751,0
1773792000000,0.387,0.402,0.36,0.367,62320.75,2026-03-18,-0.0516795865633075,-0.0530628449752115,0.0516795865633075,0.0280218461959611,0.5353566198750012,0.0194911989979102,0.3723788339947508,0.0241519412659907,0.4614221899998859,0.0504458177437181,0.963765994761611,0.3878,0.384030751561609,0.3906,0.3936420791292997,0.4110999999999999,0.4187140808348021,0.5134000000000001,0.5272543983469251,0.74259,0.6847459274768117,-0.0492227979274612,-4.922279792746118,-0.0938271604938272,-9.382716049382724,-0.2479508196721311,-24.795081967213115,24.48979591836735,21.296296296296305,29.962546816479403,0.3978855950661443,0.4380067027276229,-0.0401211076614785,-0.0453028382516198,0.0051817305901412,1.4119156921365883,0.4110999999999999,0.0235995093615799,0.4582990187231598,0.36390098127684,0.2296230538708825,0.0328292706818424,0.0295714285714285,8.057609964966916,0.0297142857142857,8.096535616971586,0.031047619047619,8.459841702348516,31111.857,2.00311893950914,-864009.8700000001,1.1401057628944584,33.34741490410901,-125.65157750342944,38.02174449141027,6.481481481481485,11.14925787210431,-93.5185185185185,False,True,False,465,128,0,0,0,0,0,0,0,-0.02452316076294281,0
1773878400000,0.367,0.373,0.321,0.358,42093.54,2026-03-19,-0.0245231607629428,-0.0248288616538699,0.0245231607629428,0.0244967147837672,0.4680090788082992,0.0198220307536002,0.3786993658124957,0.0195022051233585,0.372589105726197,0.0503541468448881,0.9620146246985768,0.381,0.375353834374406,0.3867,0.3871617011057907,0.40645,0.4129317874219637,0.50426,0.5206169503348821,0.7327899999999999,0.6782642779189296,-0.086734693877551,-8.673469387755109,-0.0982367758186398,-9.823677581863988,-0.2062084257206209,-20.620842572062088,23.07692307692308,11.320754716981128,31.746031746031747,0.3917493496713529,0.432080280303204,-0.040330930631851,-0.044308456727666,0.003977526095815,1.1110408088868726,0.40645,0.0244701214158678,0.4553902428317355,0.3575097571682644,0.2408180235292685,0.0050085860160229,0.0337142857142857,9.417398244213889,0.0301428571428571,8.41979249800479,0.0315238095238095,8.805533386538976,31463.8215,1.3378393975442555,-906103.41,1.136581771294383,32.923745436321894,-192.75913374111445,28.646040469014352,30.08130081300811,15.183848779811129,-69.91869918699189,False,True,False,465,128,0,0,0,0,0,0,0,-0.022346368715083775,0
1773964800000,0.358,0.37,0.335,0.35,37773.68,2026-03-20,-0.0223463687150837,-0.0225998319172409,0.0223463687150837,0.01617231540397,0.3089716519630937,0.0199697775588897,0.3815220645641763,0.0195652916820353,0.3737943727373897,0.0498493765211178,0.9523710012036396,0.3714,0.366902556249604,0.3821,0.3804050281774651,0.40185,0.406938283857967,0.4960199999999999,0.513926069560874,0.72422,0.6717527367324798,-0.1206030150753769,-12.0603015075377,-0.1161616161616162,-11.616161616161628,-0.2081447963800905,-20.814479638009058,11.111111111111114,11.538461538461547,20.704845814977983,0.3853263727988371,0.4260002595398607,-0.0406738867410235,-0.0435815427303375,0.002907655989314,0.8307588540897146,0.40185,0.0260329244975818,0.4539158489951638,0.3497841510048363,0.2591307651868296,0.0020728462065771,0.036,10.285714285714285,0.0312142857142857,8.918367346938776,0.0303809523809523,8.68027210884354,31747.6615,1.189809838434872,-943877.0900000002,1.133450097330612,33.88462979006339,-170.56766209308563,37.108452263067456,23.5772357723577,20.046672688949087,-76.4227642276423,False,False,True,465,128,0,0,0,0,0,0,0,-0.045714285714285596,0
1774051200000,0.35,0.35,0.315,0.334,17970.76,2026-03-21,-0.0457142857142855,-0.0467921615067588,0.0457142857142855,0.0146489910112632,0.2798685803043027,0.0220217090818712,0.4207241612667348,0.0209477593647349,0.4002063807300384,0.0500378006818012,0.9559708397389326,0.3592,0.355935037499736,0.3759,0.3719677503270169,0.3969,0.3999917806333986,0.4875799999999999,0.5068701250239962,0.7157899999999999,0.6650532096207125,-0.1544303797468353,-15.443037974683543,-0.1565656565656565,-15.656565656565654,-0.2286374133949191,-22.86374133949191,0.0,10.619469026548686,13.274336283185846,0.3774300077528622,0.4191854254997226,-0.0417554177468604,-0.0432163177336421,0.0014608999867816,0.4373952056232571,0.3969,0.0290369999900666,0.4549739999801332,0.3388260000198668,0.2926379439664055,-0.0415504358363275,0.0381428571428571,11.42001710863986,0.0318571428571428,9.538066723695463,0.0307619047619047,9.210151126318792,30661.3775,0.5861041305140318,-961847.8500000002,1.131933599865801,35.43904391526404,-199.1979949874689,38.09469068570279,14.728682170542648,22.795739585302808,-85.27131782945735,False,True,False,465,128,0,0,0,0,0,0,0,-0.09580838323353302,0
1774137600000,0.334,0.335,0.287,0.302,45290.14,2026-03-22,-0.095808383233533,-0.1007139756018308,0.095808383233533,0.0296381304341436,0.5662356868879153,0.0330845373270858,0.6320791981261359,0.027352074639294,0.5225606522518053,0.0496358391151545,0.9482913747909508,0.3421999999999999,0.3379566916664906,0.3669,0.3592463411766502,0.39015,0.3906592300968843,0.48012,0.4988359803314207,0.70604,0.6578520746071539,-0.2196382428940568,-21.96382428940569,-0.2295918367346939,-22.959183673469397,-0.3089244851258581,-30.89244851258581,0.0,9.448818897637809,12.19512195121952,0.3658253911754988,0.4105050236106793,-0.0446796324351805,-0.0435089806739498,-0.0011706517612306,-0.3876330335200964,0.39015,0.0344173686263198,0.4589847372526398,0.3213152627473602,0.3528629360637692,-0.1403017104319628,0.0404285714285714,13.386944181646172,0.0322857142857142,10.690633869441816,0.0317142857142857,10.501419110690636,31201.2575,1.4515485473622338,-1007137.9900000002,1.1280182716400284,37.4733619231808,-227.2828756418846,37.41762205946498,9.55414012738854,15.953352690096285,-90.44585987261144,False,True,False,465,128,0,0,0,0,0,0,0,0.13576158940397365,1
1774224000000,0.302,0.4,0.301,0.343,33986.65,2026-03-23,0.1357615894039736,0.1273034297910704,0.1357615894039736,0.0869583244736192,1.6613364563716837,0.0609093174001067,1.1636708750087523,0.0438241202227215,0.8372586412530333,0.0538039125377358,1.0279223057188904,0.3374,0.3396377944443271,0.3626,0.3562924609627138,0.386,0.3861202558019429,0.47408,0.4927247492340281,0.6970599999999999,0.6516072115016805,-0.0653950953678472,-6.539509536784732,-0.1113989637305699,-11.13989637305699,-0.1948356807511736,-19.483568075117365,32.53968253968256,33.125000000000014,28.40000000000001,0.3623137925331143,0.4055046514912764,-0.043190858958162,-0.0434453563307922,0.0002544973726302,0.0741974847318459,0.386,0.0348681727896131,0.4557363455792262,0.3162636544207737,0.3613282154364055,0.191695918083717,0.0472857142857143,13.78592253227822,0.0374285714285714,10.912119950020823,0.0352380952380952,10.273497153963628,31733.1275,1.0710148251224214,-973151.3400000002,1.1252466145607036,36.89161096619532,-102.56733476196484,44.04139668795768,35.668789808917225,19.98387070228279,-64.33121019108277,True,False,False,465,128,0,0,0,0,0,0,0,0.1428571428571428,1
1774310400000,0.343,0.44,0.343,0.392,54684.42,2026-03-24,0.1428571428571428,0.1335313926245225,0.1428571428571428,0.1095151546038993,2.0922840909134046,0.0778269453530653,1.4868817032269226,0.0555419736361593,1.0611279163799872,0.0571577539571333,1.09199735606815,0.3442,0.3570918629628847,0.3626,0.3627847407876749,0.38415,0.3866802314398531,0.46822,0.4887747490186329,0.6900800000000001,0.6464582565786631,0.0949720670391063,9.497206703910624,0.0,0.0,-0.0862470862470862,-8.624708624708619,58.06451612903226,49.03846153846154,41.3793103448276,0.3668809013741737,0.4045043069363498,-0.0376234055621761,-0.042280966177069,0.0046575606148929,1.1881532180849284,0.38415,0.0334180458656067,0.4509860917312135,0.3173139082687866,0.3479687191524845,0.5587257557755573,0.0582857142857142,14.868804664723031,0.0425714285714285,10.860058309037903,0.0389523809523809,9.936831875607384,30847.6935,1.772723137306846,-918466.9200000002,1.1210763701570483,35.75466547441111,12.76819797288395,53.77647927031981,66.87898089171975,37.36730360934183,-33.121019108280244,True,False,False,465,128,0,0,0,0,0,0,0,-0.07908163265306134,0
1774396800000,0.392,0.403,0.349,0.361,22653.08,2026-03-25,-0.0790816326530613,-0.0823838814575817,0.0790816326530613,0.1179927798946799,2.2542488946775934,0.0817407922372107,1.5616556429577877,0.0575884749672513,1.100226269412166,0.0568914917132566,1.086910423041492,0.3464,0.3583945753085898,0.3589,0.3624602424626431,0.3802,0.384234495112248,0.46296,0.4837639622990965,0.68369,0.6407967606575646,0.0314285714285713,3.142857142857146,-0.0929648241206031,-9.29648241206031,-0.1795454545454545,-17.95454545454546,50.84745762711864,42.67782426778243,38.46153846153846,0.3659761473166084,0.4012817656817538,-0.0353056183651454,-0.0408858966146843,0.0055802782495389,1.5457834486257431,0.3802,0.0310544513294075,0.4423089026588151,0.3180910973411848,0.3267170050437408,0.3454327867820175,0.06,16.62049861495845,0.0447857142857143,12.406015037593988,0.0398095238095238,11.027568922305766,30347.5375,0.7464552931189229,-941120.0,1.1193141439357952,31.554626707208165,-33.36980306345745,53.50184295326721,47.13375796178344,49.893842887473454,-52.86624203821656,False,False,True,465,128,0,0,0,0,0,0,0,-0.03324099722991691,0
1774483200000,0.361,0.371,0.331,0.349,19150.03,2026-03-26,-0.0332409972299169,-0.0338060361304537,0.0332409972299169,0.1166016547164898,2.227671485465841,0.0821684291220111,1.5698256341703438,0.057774446207151,1.1037792449616868,0.0569627300834071,1.0882714301922147,0.3494,0.3552630502057265,0.3543,0.3600129256512535,0.37615,0.3808788289110815,0.4577399999999999,0.4784790886208735,0.6768599999999999,0.635009732693052,0.0449101796407185,4.491017964071843,-0.1164556962025317,-11.645569620253172,-0.1883720930232558,-18.837209302325583,49.72375690607735,41.29554655870446,36.25000000000001,0.3633644323448225,0.3974090422978628,-0.0340446099530403,-0.0395176392823555,0.0054730293293152,1.5682032462221236,0.37615,0.0294587579686375,0.4350675159372751,0.317232484062725,0.3132660690537023,0.2695931373880004,0.0582857142857142,16.70077773229636,0.046,13.180515759312325,0.0395238095238095,11.324873789057174,29797.78,0.6426663328610386,-960270.03,1.1177899080365647,27.103144965086027,-78.67974212294571,53.34689091943932,39.4904458598726,51.16772823779191,-60.5095541401274,False,True,False,465,128,0,0,0,0,0,0,0,-0.04584527220630363,0
1774569600000,0.349,0.354,0.314,0.333,35070.84,2026-03-27,-0.0458452722063036,-0.0469294322219832,0.0458452722063036,0.1065344421168168,2.035337658806668,0.0829388530688205,1.5845445630071624,0.0583496375204463,1.1147682595724226,0.0563351651518401,1.0762818190093442,0.3556,0.3478420334704843,0.3489,0.3551014846237528,0.37165,0.3763189404433594,0.45316,0.4727740134490045,0.6699299999999999,0.62902033920867,0.1026490066225167,10.264900662251666,-0.1395348837209302,-13.95348837209302,-0.2127659574468084,-21.276595744680847,49.72375690607735,39.688715953307394,35.69230769230771,0.3586929812148498,0.3926380021275854,-0.0339450209127355,-0.0384031156084315,0.0044580946956959,1.3387671758846815,0.37165,0.0287919488015594,0.429233897603119,0.3140661023968811,0.3098824033532567,0.1644027097090194,0.059,17.71771771771772,0.0475,14.264264264264265,0.0404761904761904,12.155012155012152,30366.923500000004,1.154902636086925,-995340.87,1.1149537915760803,23.579243601261812,-108.83002207505542,47.44544334396106,29.29936305732486,38.64118895966028,-70.70063694267515,False,True,False,465,128,0,0,0,0,0,0,0,-0.03603603603603611,0
1774656000000,0.333,0.339,0.317,0.321,13067.15,2026-03-28,-0.0360360360360361,-0.036701366850428,0.0360360360360361,0.0875215944570501,1.672097714295156,0.0822511624936624,1.5714062530163817,0.0581782165452854,1.11149326644042,0.0547827475864297,1.04662292306649,0.3512,0.3388946889803229,0.3443,0.3489012146921614,0.36745,0.3710504699249442,0.44738,0.4668220784496037,0.66294,0.6229119267286277,-0.0641399416909621,-6.413994169096215,-0.1253405994550408,-12.534059945504085,-0.2074074074074074,-20.740740740740744,55.90062111801242,36.50190114068442,33.83233532934132,0.3528940610279498,0.3873314834514005,-0.0344374224234506,-0.0376099769714353,0.0031725545479847,0.988334750150999,0.36745,0.029780733793265,0.4270114675865301,0.3078885324134699,0.3241881485183294,0.110066693432981,0.0571428571428571,17.801513128615937,0.0476428571428571,14.842011570983535,0.0402857142857142,12.550066755674234,29639.634,0.4408674547060871,-1008408.02,1.1138915468547952,20.23462377354684,-113.41719077568136,42.4950791876248,21.656050955414027,30.148619957537147,-78.34394904458597,False,False,True,465,128,0,0,0,0,0,0,0,0.012461059190031154,1
1774742400000,0.321,0.33,0.31,0.325,42744.75,2026-03-29,0.0124610591900311,0.0123840591997216,0.0124610591900311,0.0328193410360942,0.6270126301007514,0.0823768424524281,1.573807365257179,0.0583400978433551,1.114586004297502,0.0542445143259446,1.0363399910632758,0.3378,0.3342631259868819,0.3409999999999999,0.3445555392935865,0.36385,0.3666647108844733,0.44252,0.4612604167298821,0.6557599999999999,0.6170041487977768,-0.1709183673469387,-17.091836734693878,-0.0921787709497206,-9.21787709497206,-0.181360201511335,-18.136020151133504,42.74193548387096,36.015325670498086,32.415902140672785,0.3486026670236499,0.3827143365290202,-0.0341116695053703,-0.0369103154782223,0.002798645972852,0.8611218378006161,0.36385,0.0303666628151413,0.4245833256302826,0.3031166743697174,0.3338371616340943,0.1801591251852281,0.0531428571428571,16.351648351648354,0.0467857142857142,14.395604395604394,0.0392380952380952,12.073260073260071,30757.417500000003,1.389737938824025,-965663.27,1.110419127285589,19.131373194964887,-108.17307692307688,36.55900459760201,24.203821656050973,25.05307855626327,-75.79617834394902,False,True,False,465,128,0,0,0,0,0,0,0,0.040000000000000036,1
1774828800000,0.325,0.358,0.313,0.338,26186.03,2026-03-30,0.04,0.0392207131532813,0.04,0.0369977715974524,0.70684143388719,0.0834138189606219,1.5936187736288518,0.0593320803560561,1.1335378035922703,0.0500400741104382,0.9560142735320558,0.3332,0.3355087506579213,0.3398,0.343363623058389,0.36095,0.3639347384192853,0.43628,0.4564266652239007,0.64881,0.6114714822574912,-0.0637119113573406,-6.371191135734063,-0.0342857142857141,-3.4285714285714164,-0.1464646464646464,-14.646464646464644,19.318181818181827,39.483394833948346,36.06060606060607,0.3469714874815499,0.3794021634527605,-0.0324306759712106,-0.03601438757682,0.0035837116056093,1.0602697058015953,0.36095,0.0299006688888756,0.4207513377777513,0.3011486622222486,0.3313552446474657,0.3081146605340797,0.0454285714285714,13.440405748098057,0.0463571428571428,13.715131022823332,0.0400952380952381,11.862496477881097,30780.575,0.8507323206275386,-939477.24,1.108346147313772,19.725327263495227,-65.62374649017248,33.59712334914123,33.33333333333336,26.39773531493277,-66.66666666666664,True,False,False,465,128,0,0,0,0,0,0,0,0.09467455621301757,1
1774915200000,0.338,0.39,0.338,0.37,45955.69,2026-03-31,0.0946745562130175,0.0904571101552511,0.0946745562130175,0.0575919038288478,1.1002917777209869,0.0867011674515263,1.6564234783629532,0.0634902841119132,1.2129801748022024,0.052248207561437,0.9982006038791994,0.3374,0.3470058337719475,0.3434,0.3482066006841365,0.3596499999999999,0.3645123823793534,0.43072,0.4530373777179819,0.64311,0.6066832248252219,0.0601719197707737,6.01719197707737,0.1077844311377245,10.778443113772449,-0.0656565656565657,-6.565656565656572,55.0561797752809,47.11864406779661,42.53521126760563,0.3505143355613114,0.3787057069006971,-0.0281913713393857,-0.0344497843293331,0.0062584129899474,1.6914629702560575,0.3596499999999999,0.0288430872864315,0.417336174572863,0.3019638254271369,0.3207906274036595,0.5897095367879439,0.039,10.54054054054054,0.0486428571428571,13.146718146718149,0.0413809523809523,11.184041184041185,32122.978000000003,1.4306173605697454,-893521.55,1.1048736189678552,19.461428600581787,9.680828577467548,41.20285208260121,54.2483660130719,37.261840334152055,-45.751633986928105,True,False,False,465,128,0,0,0,0,0,0,0,-0.04054054054054057,0
1775001600000,0.37,0.375,0.33,0.355,35579.57,2026-04-01,-0.0405405405405405,-0.0413852161628543,0.0405405405405405,0.0562693640419808,1.075024690570628,0.0804930872336848,1.5378182723356817,0.0640684337008529,1.224025707189769,0.0515780985178941,0.9853981885782932,0.3418,0.3496705558479649,0.3487,0.3494417641961117,0.3578,0.3636064412003674,0.42584,0.4491927675678919,0.63737,0.6016926110130623,0.0660660660660659,6.606606606606595,0.1754966887417217,17.549668874172184,-0.0943877551020409,-9.438775510204088,53.2608695652174,47.93103448275862,42.89772727272727,0.3512044377826481,0.3769497286117402,-0.0257452908290921,-0.0327088856292849,0.0069635948001928,1.961576000054327,0.3578,0.0278276651440721,0.4134553302881443,0.3021446697118556,0.3110974303417794,0.4748451766838541,0.0377142857142857,10.623742454728369,0.0488571428571428,13.762575452716296,0.0424285714285714,11.951710261569415,33107.282,1.0746750518511303,-929101.12,1.102161660655364,19.08984566974476,-18.506220392261067,43.93276042711312,44.44444444444444,44.008714596949886,-55.55555555555556,False,True,False,465,128,0,0,0,0,0,0,0,-0.07605633802816891,0
1775088000000,0.355,0.429,0.305,0.328,133840.39,2026-04-02,-0.0760563380281689,-0.0791041810912719,0.0760563380281689,0.0670077023228602,1.2801803553659938,0.0739900674297606,1.4135782534281898,0.0660875924474193,1.2626016808780638,0.052431857261932,1.0017092264806684,0.3432,0.3424470372319766,0.3472,0.3455432616150005,0.3549,0.3602153515622371,0.42062,0.4444401015806969,0.63178,0.5962657205625204,0.0218068535825546,2.1806853582554537,-0.043731778425656,-4.373177842565601,-0.1502590673575129,-15.025906735751294,47.572815533980574,45.12987012987013,40.700808625336926,0.3476345242776253,0.373323822788617,-0.0256892985109916,-0.0313049682056263,0.0056156696946346,1.7120944190959262,0.3549,0.0277562700361195,0.410412540072239,0.299387459927761,0.3128348271188446,0.2577124018735693,0.0497142857142857,15.156794425087108,0.054,16.46341463414634,0.0472380952380952,14.401858304297328,38700.155,3.458394158886444,-1062941.51,1.0921419056201895,18.37092087585244,-12.547348484848522,60.72085112488484,26.79738562091505,41.83006535947711,-73.20261437908495,True,True,False,465,128,0,0,0,0,0,0,0,-0.08536585365853666,0
1775174400000,0.328,0.335,0.29,0.3,72931.78,2026-04-03,-0.0853658536585366,-0.0892311337279427,0.0853658536585366,0.0780595330825973,1.4913252855603594,0.0577269312333132,1.102871472661126,0.0681672492436155,1.302333468181648,0.0534270586749021,1.02072252277873,0.3381999999999999,0.3282980248213177,0.338,0.3372626685940912,0.3503,0.3544805561753574,0.4152,0.4387757742122879,0.62598,0.590391396428196,-0.0769230769230769,-7.692307692307699,-0.2346938775510204,-23.469387755102048,-0.2346938775510204,-23.469387755102048,41.17647058823528,42.3780487804878,37.93969849246231,0.3403061359272214,0.3678924285079352,-0.0275862925807137,-0.0305612330806437,0.00297494049993,0.99164683331001,0.3503,0.0288847072997405,0.408069414599481,0.2925305854005189,0.3298282306564718,0.0646485225033605,0.0504285714285714,16.809523809523814,0.0547142857142857,18.23809523809524,0.0484761904761904,16.15873015873016,40838.9665,1.785838042693857,-1135873.29,1.0864632778354513,17.250111106161423,-132.83171755172918,51.56244909549433,8.496732026143796,26.57952069716774,-91.5032679738562,False,True,False,465,128,0,0,0,0,0,0,0,0.023333333333333428,1
1775260800000,0.3,0.314,0.28,0.307,40499.24,2026-04-04,0.0233333333333334,0.0230652729309961,0.0233333333333334,0.0755206327255778,1.4428196623466645,0.0561091654293014,1.0719641003727884,0.0683545827063341,1.3059124689615809,0.0525860429190918,1.0046549393246058,0.332,0.3211986832142118,0.3326,0.3317603652133474,0.34575,0.3499585984443709,0.4091999999999999,0.4336080883253433,0.61955,0.5847724885624352,-0.0917159763313609,-9.171597633136102,-0.149584487534626,-14.958448753462603,-0.228643216080402,-22.864321608040207,42.62295081967213,45.7680250783699,39.01234567901235,0.3351821150153412,0.3633818782480547,-0.0281997632327135,-0.0300889391110577,0.0018891758783442,0.6153667356170166,0.34575,0.0281329082449364,0.4020158164898729,0.2894841835101271,0.3254711004475655,0.1556523799225903,0.0521428571428571,16.98464402047464,0.0546428571428571,17.798976268031648,0.0491428571428571,16.007445323406237,41914.273,0.9662398295683192,-1095374.05,1.083313252272556,16.21175731813913,-143.1468856144467,50.06132083400362,16.874999999999982,17.389705882352924,-83.12500000000001,False,True,False,465,128,0,0,0,0,0,0,0,0.006514657980456029,1
1775347200000,0.307,0.32,0.301,0.309,30107.07,2026-04-05,0.006514657980456,0.0064935293105483,0.006514657980456,0.0484190545073179,0.925044737499034,0.0560548693517928,1.0709267752685032,0.0684614469235841,1.3079541069654608,0.0508279837754163,0.971067266545426,0.3198,0.3171324554761412,0.3286,0.3276221169927387,0.34145,0.346057779544907,0.40454,0.428721488933967,0.61307,0.5793047825087415,-0.1648648648648648,-16.486486486486488,-0.1146131805157593,-11.461318051575926,-0.2177215189873418,-21.772151898734183,36.93693693693693,51.21107266435987,39.70223325062035,0.3311540973206733,0.3593535909703934,-0.02819949364972,-0.0297110500187902,0.0015115563690701,0.4891768184692997,0.34145,0.0267473068000288,0.3949446136000575,0.2879553863999424,0.313337903646552,0.1966984354480406,0.052,16.828478964401295,0.0525714285714285,17.013407304669446,0.0485238095238095,15.703498227770076,41411.0775,0.7270293800010396,-1065266.98,1.0810165481125054,16.113099070309612,-103.36034739579398,55.66949596752008,18.124999999999982,14.498910675381234,-81.87500000000001,True,False,False,465,128,0,0,0,0,0,0,0,-0.003236245954692518,0
1775433600000,0.309,0.312,0.301,0.308,16098.47,2026-04-06,-0.0032362459546925,-0.0032414939241709,0.0032362459546925,0.0500861326572086,0.9568942208325626,0.0546881163205632,1.0448149952706365,0.0684336328800491,1.3074227204098494,0.0507571925663549,0.9697148023953148,0.3104,0.3140883036507608,0.3261,0.3240544593576953,0.3375,0.3424332291120587,0.40018,0.4239873057371784,0.60586,0.5739257909918208,-0.132394366197183,-13.239436619718306,-0.0750750750750751,-7.507507507507513,-0.2041343669250646,-20.413436692506465,11.25,42.97188755020079,40.201005025125625,0.3275919285021081,0.3555496212688586,-0.0279576927667504,-0.0293603785683822,0.0014026858016317,0.4554174680622704,0.3375,0.0254692797410637,0.3884385594821276,0.2865614405178724,0.3018581302644599,0.2104354706933708,0.0471428571428571,15.306122448979592,0.0462857142857142,15.0278293135436,0.0466190476190476,15.136054421768709,41400.2015,0.3888500397757725,-1081365.45,1.0797893156810827,17.883677566368128,-102.09790209790224,51.68705605886568,17.499999999999982,17.49999999999996,-82.50000000000001,False,False,False,465,128,0,0,0,0,0,0,0,0.0844155844155845,1
1775520000000,0.308,0.343,0.301,0.334,26016.34,2026-04-07,0.0844155844155845,0.081041210003126,0.0844155844155845,0.0609897042391367,1.1652066634120073,0.0604073979485929,1.154081717351799,0.0707149989969184,1.3510081588739484,0.0523600179117609,1.0003367376227734,0.3116,0.3207255357671739,0.3274,0.325862739474478,0.33585,0.3416300644347197,0.3966599999999999,0.4204583866587315,0.5999800000000001,0.5691690473221074,0.0182926829268292,1.8292682926829285,0.0404984423676013,4.049844236760128,-0.08991825613079,-8.991825613079012,38.46153846153849,37.16814159292036,43.0622009569378,0.3285777856556299,0.3539533530267115,-0.0253755673710815,-0.0285634163289221,0.0031878489578405,0.9544457957606404,0.33585,0.0245083766561157,0.3848667533122316,0.2868332466877684,0.2918966997899752,0.4811289010900445,0.0457142857142857,13.686911890504703,0.0423571428571428,12.681779298545766,0.0476666666666666,14.271457085828343,39584.981,0.657227547993518,-1055349.11,1.0778627813093302,19.79926919078077,-37.65227021040983,48.35908237700476,36.24161073825504,23.955536912751644,-63.758389261744966,True,False,False,465,128,0,0,0,0,0,0,0,-0.050898203592814384,0
1775606400000,0.334,0.334,0.309,0.317,23542.54,2026-04-08,-0.0508982035928143,-0.0522392190994198,0.0508982035928143,0.0489665042632392,0.935503750400322,0.062882212525777,1.2013629834608688,0.0713921924095193,1.3639459208556652,0.0527055090523229,1.006937336595252,0.315,0.3194836905114492,0.3266,0.3242513322973002,0.3338,0.3392843440123655,0.3927799999999999,0.4164011893606317,0.59309,0.5641696896926629,0.0566666666666666,5.666666666666672,-0.0246153846153845,-2.4615384615384635,-0.1145251396648043,-11.452513966480442,43.20987654320988,39.62264150943396,40.55944055944056,0.3267965878624561,0.3512160676173105,-0.0244194797548544,-0.0277346290141085,0.0033151492592541,1.0457884098593608,0.3338,0.0242717075929144,0.3823434151858289,0.285256584814171,0.2908532964998738,0.3269590228078521,0.0428571428571428,13.519603424966206,0.0402857142857142,12.708427219468229,0.0468571428571428,14.781433077963047,38657.431,0.6090042558699774,-1078891.65,1.076114057535936,21.60388934938323,-52.631578947368354,48.584322767689976,24.83221476510066,26.191275167785204,-75.16778523489934,False,False,True,465,128,0,0,0,0,0,0,0,0.03154574132492116,1
1775692800000,0.317,0.328,0.311,0.327,19867.5,2026-04-09,0.0315457413249211,0.0310583970199728,0.0315457413249211,0.0495745721483917,0.9471208710344606,0.0623283735318809,1.1907819043394685,0.0716681810277997,1.369218676004392,0.052829570146737,1.0093075204760378,0.319,0.3219891270076329,0.3255,0.3247510900614274,0.33265,0.3381144064873783,0.38948,0.4128952556632677,0.58608,0.5594678108668183,0.0651465798045602,6.514657980456032,-0.0325443786982249,-3.254437869822488,-0.0657142857142856,-6.571428571428561,71.42857142857143,44.76190476190477,42.201834862385326,0.3268278820374629,0.349422284830834,-0.0225944027933711,-0.0267065837699611,0.0041121809765899,1.2575476992629957,0.33265,0.0240071809433004,0.3806643618866008,0.2846356381133991,0.288677961139942,0.4411634375841126,0.0275714285714285,8.431629532546967,0.0386428571428571,11.817387505460902,0.0451904761904762,13.819717489442262,37762.122,0.5261224461909211,-1059024.15,1.0746484667674088,24.63486699242985,-41.86494448221175,52.09337219890414,31.543624161073826,30.87248322147649,-68.45637583892618,False,False,True,465,128,0,0,0,0,0,0,0,-0.042813455657492394,0
1775779200000,0.327,0.341,0.302,0.313,65552.03,2026-04-10,-0.0428134556574923,-0.0437569803571002,0.0428134556574923,0.05586348328305,1.0672703495591904,0.053243186132102,1.0172096427809991,0.0715758293915792,1.3674543004717743,0.0530657605223994,1.0138199312671543,0.3198,0.3189927513384219,0.3198,0.322614528232077,0.3316,0.3357225582504851,0.38604,0.4089777896080824,0.57931,0.5545817094568767,0.0129449838187702,1.2944983818770237,-0.154054054054054,-15.405405405405403,-0.0628742514970061,-6.287425149700604,54.285714285714285,45.192307692307686,41.6289592760181,0.324700515570161,0.3467243378063152,-0.0220238222361542,-0.0257700314631997,0.0037462092270454,1.1968719575225208,0.3316,0.0244010353534036,0.3804020707068072,0.2827979292931927,0.294343007881829,0.3094343156897485,0.0267142857142857,8.534915563669562,0.0385714285714285,12.32314011866728,0.0453809523809523,14.498706830975204,40141.1855,1.6330367223459308,-1124576.18,1.0698317181463977,28.71899244588992,-49.30119951579188,49.64919254898173,22.1476510067114,26.17449664429527,-77.8523489932886,True,True,False,465,128,0,0,0,0,0,0,0,-0.006389776357827448,0
1775865600000,0.313,0.324,0.309,0.311,33760.45,2026-04-11,-0.0063897763578274,-0.006410278360919,0.0063897763578274,0.0559805006702691,1.069505963602968,0.0525356001925195,1.0036912323865923,0.0680386541372231,1.2998766621236444,0.0512260590220579,0.9786724834539638,0.3203999999999999,0.3163285008922813,0.3154,0.3205027958262448,0.33205,0.333368028893296,0.3817,0.4051355185912608,0.5722700000000001,0.5497529323166258,0.0097402597402598,0.9740259740259748,-0.1239436619718309,-12.394366197183096,0.0298013245033113,2.9801324503311286,51.42857142857142,47.474747474747474,43.39622641509434,0.3225927439439824,0.3440780905613915,-0.0214853466174091,-0.0249130944940416,0.0034277478766324,1.102169735251598,0.33205,0.0239043598754473,0.3798587197508946,0.2842412802491054,0.287960968233065,0.2798518752470242,0.024,7.717041800643094,0.0380714285714285,12.241616903996327,0.0444285714285714,14.285714285714288,39564.701,0.8532972358365604,-1158336.63,1.0673617928002594,32.8715143818166,-64.48014279339576,48.085455210948325,20.80536912751677,24.83221476510064,-79.19463087248324,False,False,True,465,128,0,0,0,0,0,0,0,-0.022508038585209,0
1775952000000,0.311,0.315,0.297,0.304,33358.14,2026-04-12,-0.022508038585209,-0.0227652107730124,0.022508038585209,0.0328164336275307,0.6269570841381391,0.0477832220648385,0.9128971757419628,0.0606627127426321,1.1589594996429835,0.0500833020332271,0.9568401418373292,0.3144,0.3122190005948542,0.313,0.3175022874942003,0.3301,0.3305710737606012,0.3781199999999999,0.4011694151045486,0.56526,0.5448812202763438,-0.0898203592814371,-8.98203592814372,-0.0731707317073171,-7.317073170731714,-0.1137026239067056,-11.370262390670565,47.368421052631575,44.77611940298507,43.60189573459716,0.3197323217987543,0.3411093431123877,-0.0213770213136333,-0.0242058798579599,0.0028288585443265,0.930545573791637,0.3301,0.0245461970471181,0.3791923940942364,0.2810076059057636,0.2974395279868911,0.2341747078997697,0.0238571428571428,7.847744360902263,0.0379285714285714,12.4765037593985,0.043,14.144736842105267,39533.2755,0.8437990421512125,-1191694.7699999998,1.0649070529420932,36.12848530020912,-87.37757235611326,48.94836778857177,16.10738255033555,19.686800894854557,-83.89261744966446,False,True,False,465,128,0,0,0,0,0,0,0,0.016447368421052655,1
1776038400000,0.304,0.313,0.298,0.309,18140.73,2026-04-13,0.0164473684210526,0.0163135754915237,0.0164473684210526,0.0297219301234145,0.5678366777034701,0.0391967734420812,0.7488533051395947,0.0502063783366403,0.959191511312461,0.0501771686796971,0.9586334616001236,0.3127999999999999,0.3111460003965694,0.3138999999999999,0.3159564170407093,0.32595,0.3285166857834011,0.37482,0.3975549241062175,0.55813,0.5402053024485685,-0.0252365930599369,-2.5236593059936934,0.03,3.0000000000000027,-0.211734693877551,-21.173469387755105,27.272727272727263,42.48704663212435,45.1073985680191,0.3180811953681767,0.3387308732522021,-0.0206496778840253,-0.023494639463173,0.0028449615791477,0.9206995401772544,0.32595,0.020153294101962,0.366256588203924,0.285643411796076,0.2473176143821078,0.2897366069010293,0.0244285714285714,7.905686546463252,0.0357857142857142,11.581137309292652,0.039,12.621359223300974,37706.091,0.4811087418210495,-1173554.0399999998,1.063581082045184,39.01746634444815,-81.02952113040391,48.10066640088789,19.46308724832213,18.791946308724796,-80.53691275167787,False,False,True,465,128,0,0,0,0,0,0,0,0.003236245954692629,1
1776124800000,0.309,0.32,0.3,0.31,50723.36,2026-04-14,0.0032362459546926,0.0032310205814465,0.0032362459546926,0.0230219831986767,0.4398343714354948,0.0385853654700237,0.737172372234734,0.0476063510626725,0.9095180599902264,0.0498050279097209,0.9515237221725736,0.3094,0.3107640002643796,0.3142,0.3148734321242167,0.3234,0.3267531918992676,0.3720199999999999,0.3941213938999453,0.55074,0.5356419961869431,-0.0519877675840979,-5.198776758409791,0.009771986970684,0.9771986970684048,-0.1412742382271468,-14.12742382271468,41.02564102564102,31.48148148148149,47.02970297029703,0.3168379345423033,0.3366026604186983,-0.0197647258763949,-0.0227486567458174,0.0029839308694224,0.962558344974996,0.3234,0.0186558866116153,0.3607117732232306,0.2860882267767693,0.2307468968659904,0.3204320132437841,0.0212857142857143,6.866359447004614,0.0335,10.806451612903231,0.0353333333333333,11.397849462365595,39109.605,1.2969540346930122,-1122830.6799999997,1.0599142422506105,41.79313894770696,-64.7321428571429,47.807998835669736,20.134228187919447,18.568232662192354,-79.86577181208055,True,False,False,465,128,0,0,0,0,0,0,0,0.02580645161290329,1
1776211200000,0.31,0.4,0.294,0.318,70694.63,2026-04-15,0.0258064516129032,0.0254790853009849,0.0258064516129032,0.0189693347577769,0.36240863168625,0.0393317004023227,0.7514310810955305,0.0476925509298397,0.9111649061401044,0.0486966081424133,0.9303473922520292,0.3104,0.3131760001762531,0.3151,0.3154418990107228,0.3218499999999999,0.3259195545755279,0.36872,0.391136238048223,0.54349,0.5313278191098945,0.0159744408945687,1.5974440894568702,0.0291262135922329,2.912621359223304,-0.0888252148997134,-8.882521489971339,37.83783783783784,38.06451612903227,52.10526315789473,0.3170167138434874,0.3352246855728644,-0.0182079717293769,-0.0218405197425293,0.0036325480131523,1.1423106959598728,0.3218499999999999,0.017679232538778,0.3572084650775561,0.2864915349224438,0.2197201496197367,0.4455575914911001,0.0328571428571428,10.332434860736752,0.0378571428571428,11.90476190476191,0.0378095238095238,11.889787361485478,41686.83500000001,1.6958502606398398,-1052136.0499999998,1.0550469041107935,45.9554486955866,63.51075522059982,56.78715854404499,25.503355704697977,21.700223713646498,-74.49664429530202,True,True,False,465,128,0,0,0,0,0,0,0,0.028301886792452935,1
1776297600000,0.318,0.333,0.307,0.327,30220.46,2026-04-16,0.0283018867924529,0.0279087881170766,0.0283018867924529,0.0207879940507855,0.3971540686928127,0.0399851566291004,0.7639153447788566,0.0471111007371717,0.9000563158068505,0.0485837677430537,0.9281915794492605,0.3136,0.3177840001175021,0.317,0.3175433719178641,0.32155,0.3260224541397633,0.36526,0.388621088908329,0.5367500000000001,0.52727764291216,0.0514469453376207,5.144694533762062,0.0616883116883117,6.168831168831175,-0.018018018018018,-1.8018018018018032,71.875,49.63503649635037,47.70114942528736,0.3185526040214125,0.3346154496045022,-0.0160628455830897,-0.0206849849106414,0.0046221393275516,1.4134982653063244,0.32155,0.0175303496227836,0.3566106992455674,0.2864893007544326,0.2180730788093134,0.5777223517681132,0.0341428571428571,10.44124071647008,0.0308571428571428,9.436435124508526,0.0371428571428571,11.358671909130628,41444.316,0.7291822598785319,-1021915.59,1.0529431007043937,47.33408565020528,-4.667731236948533,41.29948782704816,39.16666666666666,28.268083519761337,-60.83333333333334,False,False,True,465,128,0,0,0,0,0,0,0,-0.021406727828746197,0
1776384000000,0.327,0.34,0.315,0.32,24865.17,2026-04-17,-0.0214067278287461,-0.0216391751034811,0.0214067278287461,0.0203553714925034,0.3888888263221325,0.0298566914303393,0.5704112888572357,0.0466309025243308,0.89088214183206,0.0485669854245537,0.9278709537045108,0.3168,0.3185226667450014,0.3156,0.3179900315691616,0.3215,0.3254488870788334,0.3619,0.3859300631928027,0.53045,0.5231690775039219,0.0526315789473683,5.263157894736847,-0.0419161676646706,-4.191616766467069,-0.0031152647975077,-0.3115264797507791,62.16216216216216,58.62068965517242,38.23529411764706,0.3187752803258105,0.3335328237078695,-0.0147575433820589,-0.0194994966049249,0.0047419532228659,1.48186038214561,0.3215,0.017533426722517,0.3565668534450341,0.2864331465549659,0.2181452780406474,0.4786122812194828,0.0321428571428571,10.044642857142865,0.0294285714285714,9.196428571428577,0.0364285714285714,11.383928571428577,42034.217,0.5915459303072065,-1046780.76,1.0512274300251547,50.30310458307964,8.626001232285754,50.43972963965719,33.33333333333332,32.6677852348993,-66.66666666666669,True,False,False,465,128,0,0,0,0,0,0,0,0.006250000000000089,1
1776470400000,0.32,0.326,0.31,0.322,32944.82,2026-04-18,0.00625,0.0062305497506361,0.00625,0.0201170976866325,0.3843366116527726,0.024914795495281,0.4759964995865639,0.0465703309721162,0.8897249239518602,0.0475799092132502,0.9090128891663284,0.3194,0.3196817778300009,0.3161,0.318719116738405,0.3213499999999999,0.3251204216427541,0.35932,0.3834229995449836,0.52416,0.5191816714237578,0.0420711974110032,4.207119741100327,0.0157728706624606,1.577287066246058,-0.0092307692307692,-0.923076923076924,78.125,56.75675675675676,42.96028880866427,0.3192713910449166,0.3326785404702474,-0.0134071494253307,-0.0182810271690061,0.0048738777436753,1.513626628470598,0.3213499999999999,0.0175147306424044,0.3563794612848088,0.2863205387151911,0.2180143848439946,0.5092779046002903,0.0322857142857143,10.026619343389536,0.0281428571428571,8.740017746228933,0.0361428571428571,11.224489795918371,41544.2205,0.793006093350578,-1013835.94,1.0489490488631874,53.36432907287555,-18.618324350808525,50.985398533856085,26.41509433962266,32.97169811320752,-73.58490566037734,False,True,False,465,128,0,0,0,0,0,0,0,-0.024844720496894457,0
1776556800000,0.322,0.378,0.308,0.314,58040.83,2026-04-19,-0.0248447204968944,-0.0251585596361549,0.0248447204968944,0.0252078336247907,0.4815949851899662,0.0238028106821006,0.4547520595602539,0.0459332929508085,0.8775543296436131,0.0476149559288586,0.9096824557278828,0.3202,0.3177878518866673,0.3147999999999999,0.3178610955132404,0.32015,0.3240613338672537,0.35676,0.3807005265267796,0.51823,0.5151148090795419,0.0129032258064516,1.2903225806451626,-0.0397553516819572,-3.975535168195722,-0.0710059171597633,-7.100591715976337,57.14285714285714,52.136752136752136,43.5897435897436,0.3184604078072371,0.3312949448798555,-0.0128345370726183,-0.0171917291497285,0.0043571920771102,1.3876407888886029,0.32015,0.0171319185026443,0.3544138370052886,0.2858861629947113,0.214048645980251,0.4102552350011073,0.0397142857142857,12.647861692447687,0.0317857142857143,10.122838944495005,0.0385238095238095,12.268729147710044,43136.9605,1.3455011509213777,-1071876.77,1.04504577368931,55.76253473195077,51.4477445010562,54.01745381997538,18.86792452830189,26.205450733752603,-81.1320754716981,True,True,False,465,128,0,0,0,0,0,0,0,-0.01273885350318471,0
1776643200000,0.314,0.326,0.3,0.31,33112.28,2026-04-20,-0.0127388535031847,-0.0128206884290614,0.0127388535031847,0.0221268987410868,0.4227338068842898,0.0199055904825106,0.3802957721918003,0.0398249972018693,0.760855503217956,0.0475793409654851,0.9090020328080184,0.3186,0.3151919012577782,0.3145,0.316431805419924,0.31715,0.3227221592132295,0.3543,0.3779279544639646,0.51243,0.5110493484607136,-0.0251572327044025,-2.5157232704402537,-0.0095846645367412,-0.9584664536741222,-0.1621621621621621,-16.216216216216218,50.0,50.83333333333333,45.593869731800766,0.3171588066061237,0.3297175415554183,-0.0125587349492946,-0.0162651303096417,0.0037063953603471,1.1956114065635988,0.31715,0.0125960520131546,0.3423421040263094,0.2919578959736906,0.1588655464373917,0.3580904557925594,0.0412857142857143,13.317972350230423,0.0328571428571428,10.599078341013833,0.0376190476190476,12.135176651305686,42494.79,0.779207992320941,-1104989.05,1.0427717941758348,58.66067568056179,-49.7198879551822,52.27717402129141,15.094339622641517,20.125786163522005,-84.90566037735849,False,True,False,465,128,0,0,0,0,0,0,0,0.016129032258064502,1
1776729600000,0.31,0.323,0.302,0.315,31049.21,2026-04-21,0.0161290322580645,0.0160003413464411,0.0161290322580645,0.0178109354831766,0.3402774446196028,0.0204668751637122,0.3910191009694397,0.0394052483739701,0.7528362131208962,0.0476330843710904,0.9100287991304172,0.3162,0.3151279341718521,0.3149,0.316171477161756,0.31515,0.3219867154786363,0.35186,0.3754601894956194,0.50665,0.5071636406645218,-0.036697247706422,-3.6697247706422047,0.0128617363344052,1.2861736334405156,-0.1126760563380281,-11.26760563380281,45.71428571428572,40.4040404040404,48.81889763779528,0.3168266825128739,0.3286273532920519,-0.0118006707791779,-0.015372238403549,0.003571567624371,1.133830991863823,0.31515,0.0089046114606687,0.3329592229213374,0.2973407770786625,0.1130206119075834,0.4957886989044237,0.0414285714285714,13.151927437641728,0.0313571428571428,9.954648526077104,0.0361428571428571,11.473922902494335,42268.272,0.7345748603112991,-1073939.84,1.0406561426771337,61.460516278594,-34.67600700525438,52.63044404969602,19.81132075471699,17.92452830188678,-80.18867924528301,False,False,True,465,128,0,0,0,0,0,0,0,0.0,0
1776816000000,0.315,0.329,0.313,0.315,25584.67,2026-04-22,0.0,0.0,0.0,0.0160663552868188,0.3069472867673472,0.0186985244200366,0.3572348074483336,0.0357049334023275,0.682141794850304,0.0475532392379767,0.9085033600041624,0.3152,0.3150852894479014,0.3159999999999999,0.315958481314164,0.3145,0.3213213140044804,0.34964,0.3730891997815647,0.501,0.5033550166085777,-0.015625,-1.562500000000001,0.0361842105263159,3.618421052631583,-0.0396341463414634,-3.963414634146345,26.92307692307692,48.78048780487806,47.99999999999999,0.3165456544339702,0.327617919714861,-0.0110722652808907,-0.0145122437790173,0.0034399784981265,1.0920566660719295,0.3145,0.0083760309657473,0.3312520619314947,0.2977479380685052,0.1065313954308092,0.5149235360412552,0.0285714285714285,9.070294784580504,0.0307142857142857,9.750566893424043,0.0347619047619047,11.035525321239614,36855.486,0.6941889193918105,-1073939.84,1.0389355488713212,64.32165141732578,21.17310443490705,57.26033188062352,19.81132075471699,18.23899371069181,-80.18867924528301,True,False,False,465,128,0,0,0,0,0,0,0,-0.0031746031746031633,0
1776902400000,0.315,0.321,0.31,0.314,9792.18,2026-04-23,-0.0031746031746031,-0.0031796529173796,0.0031746031746031,0.0152351842471427,0.2910677863508785,0.0182381925327676,0.3484401790906734,0.029770118195133,0.5687573095209858,0.0475226560690979,0.9079190693831392,0.3136,0.3147235262986009,0.3165,0.3156023938024978,0.3152,0.3206240460040537,0.3473399999999999,0.3707719744853589,0.4949,0.4996021250828896,-0.0248447204968944,-2.4844720496894435,0.0161812297734627,1.61812297734628,0.0466666666666666,4.666666666666671,35.0,41.0958904109589,44.95798319327731,0.3161540152902824,0.3266091849211658,-0.0104551696308834,-0.0137008289493905,0.0032456593185071,1.033649464492717,0.3152,0.0076543761134742,0.3305087522269486,0.2998912477730515,0.0971367527090644,0.4608067338797335,0.0264285714285714,8.416742493175619,0.0302857142857143,9.645131938125576,0.0293809523809523,9.356991204124968,33698.506,0.2905820216480814,-1083732.02,1.038275537546281,66.16394772205732,-16.741405082212392,54.54643158394334,18.86792452830189,19.49685534591194,-81.1320754716981,False,True,False,465,128,0,0,0,0,0,0,0,0.0031847133757962887,1
1776988800000,0.314,0.325,0.312,0.315,19171.23,2026-04-24,0.0031847133757962,0.0031796529173798,0.0031847133757962,0.0104920467707986,0.200450272102157,0.0182377350468292,0.3484314388340915,0.0293733497822852,0.5611770596370224,0.0473315348506294,0.9042677036312126,0.3137999999999999,0.3148156841990673,0.317,0.3154928676565891,0.3156,0.3200884225750962,0.34484,0.3685848366210519,0.48962,0.4959434962465503,0.0031847133757962,0.3184713375796181,0.0161290322580645,1.6129032258064528,0.0260586319218241,2.6058631921824125,31.57894736842105,51.66666666666666,36.71497584541064,0.3159764744763928,0.3257492452973745,-0.0097727708209816,-0.0129152173237087,0.0031424465027271,0.9976020643578212,0.3156,0.0074083878495006,0.3304167756990014,0.3007832243009986,0.0938959169771952,0.4797526799288584,0.0247142857142857,7.845804988662135,0.0284285714285714,9.0249433106576,0.0278571428571428,8.84353741496599,32632.1055,0.58749595547857,-1064560.79,1.0369909963765085,66.79115512675833,-3.8818565400845184,63.92222638670173,19.81132075471699,19.49685534591194,-80.18867924528301,True,False,False,465,128,0,0,0,0,0,0,0,0.012698412698412653,1
1777075200000,0.315,0.329,0.312,0.319,40747.32,2026-04-25,0.0126984126984126,0.0126184639592114,0.0126984126984126,0.008296007379287,0.1584949984370879,0.016724986116432,0.3195304110990356,0.0294592159956456,0.562817531339872,0.0473349179779319,0.9043323381875736,0.3156,0.3162104561327115,0.3171,0.3161305280826638,0.3161,0.3199847632822299,0.34262,0.3666403318489064,0.48439,0.4924367134186976,0.0290322580645161,2.903225806451616,0.0031446540880504,0.3144654088050317,0.0323624595469256,3.23624595469256,66.66666666666666,56.45161290322581,40.81632653061225,0.3164416322492555,0.3252493012012719,-0.0088076689520164,-0.0120937076493703,0.0032860386973538,1.0301061747190816,0.3161,0.0072757708943846,0.3306515417887694,0.3015484582112306,0.0920692299194519,0.5996457984348498,0.0248571428571428,7.792207792207797,0.0285714285714285,8.956560680698617,0.027047619047619,8.478877444394692,33164.118,1.2286568272371965,-1023813.47,1.0342859869644678,67.4646160004695,18.98678023245464,71.41374002561464,23.58490566037737,20.754716981132063,-76.41509433962263,True,False,False,465,128,0,0,0,0,0,0,0,0.03134796238244508,1
1777161600000,0.319,0.344,0.318,0.329,45406.53,2026-04-26,0.031347962382445,0.0308666479805272,0.031347962382445,0.0139281204413146,0.266096367403118,0.0173064423282644,0.3306391164282649,0.0301427545143894,0.5758765164042388,0.0475794603130297,0.909004312939658,0.3184,0.3204736374218077,0.3173,0.318470432067634,0.31715,0.3208433572553509,0.34074,0.3651642394008316,0.47892,0.4891976709385207,0.0444444444444445,4.444444444444448,0.0061162079510703,0.6116207951070342,0.0681818181818183,6.818181818181825,95.23809523809524,69.23076923076923,50.27932960893855,0.3183736888262931,0.3255271307419188,-0.0071534419156257,-0.0111056545026214,0.0039522125869956,1.201280421579235,0.31715,0.0075552352014796,0.3322604704029594,0.3020395295970406,0.0952891086423419,0.8921122137163631,0.0185714285714285,5.644811115935738,0.0291428571428571,8.858011289622237,0.0273809523809524,8.322477927341156,34629.52099999999,1.3112087227542075,-978406.94,1.03133888068781,69.34377844728144,117.96391058443312,78.71945287395133,33.018867924528315,25.471698113207538,-66.98113207547168,True,False,False,465,128,0,0,0,0,0,0,0,0.0,0
1777248000000,0.329,0.339,0.32,0.329,33149.76,2026-04-27,0.0,0.0,0.0,0.0139281204413146,0.266096367403118,0.0154907433912245,0.2959502369430711,0.0234076960797834,0.4472034056821139,0.0472539494756727,0.9027854371239296,0.3212,0.3233157582812052,0.3182,0.3203848989644278,0.3169,0.3216201803738889,0.33922,0.3637460330082384,0.4726399999999999,0.4860228727689844,0.0444444444444445,4.444444444444448,0.0281249999999999,2.8125000000000027,-0.0149700598802395,-1.4970059880239532,93.75,66.66666666666666,59.602649006622514,0.3200085059299403,0.3257843803165918,-0.0057758743866514,-0.0100396984794274,0.0042638240927759,1.295995164977498,0.3169,0.0070330048981247,0.3309660097962495,0.3028339902037505,0.0887725452587535,0.9301148717821272,0.0175714285714285,5.340859748154583,0.0294285714285714,8.944854537559708,0.0277619047619047,8.438268924591119,34986.191999999995,0.9475098061543824,-978406.94,1.029199788019106,71.69876631903192,102.36289127212456,72.74297104839341,33.018867924528315,29.87421383647798,-66.98113207547168,False,False,True,465,128,0,0,0,0,0,0,0,0.0,0
1777334400000,0.329,0.353,0.322,0.329,21459.8,2026-04-28,0.0,0.0,0.0,0.0133034928356834,0.2541628737534553,0.015465963909106,0.2954768256019188,0.0201838150917553,0.385611245887918,0.0471942286514907,0.9016444723799694,0.3242,0.3252105055208034,0.3189,0.3219512809708955,0.3175,0.3223230203382805,0.33786,0.3623834426238049,0.4666399999999999,0.4829110426289994,0.0477707006369427,4.777070063694272,0.0217391304347827,2.173913043478263,0.0378548895899053,3.78548895899054,93.75,66.10169491525424,57.638888888888886,0.3213918127099495,0.3260225743672149,-0.0046307616572653,-0.008957911114995,0.0043271494577296,1.3152429962704144,0.3175,0.0075358790918192,0.3325717581836385,0.3024282418163614,0.0949402090307939,0.8815082440907284,0.019,5.775075987841944,0.0302142857142857,9.183673469387758,0.0272380952380952,8.279056303372418,34882.055,0.6152103137272159,-978406.94,1.0278324639393952,74.66524428550987,133.05581251927228,71.24140476804511,33.018867924528315,33.018867924528315,-66.98113207547168,True,False,False,465,128,0,0,0,0,0,0,0,0.12462006079027343,1
1777420800000,0.329,0.391,0.324,0.37,46028.54,2026-04-29,0.1246200607902734,0.1174452548728981,0.1246200607902734,0.05240331731882,1.001163971633111,0.0396597371782702,0.75769821490027,0.0336076074274843,0.642072438362653,0.0505117125345703,0.965024912973184,0.3352,0.340140337013869,0.3245,0.3306874117034599,0.31965,0.326863685067968,0.33734,0.3626821313283698,0.46146,0.4806734420759783,0.1746031746031746,17.46031746031746,0.1783439490445859,17.8343949044586,0.1314984709480122,13.149847094801215,100.0,78.26086956521738,66.66666666666666,0.3288699953699573,0.3292801614511284,-0.0004101660811711,-0.0072483621082302,0.0068381960270591,1.8481610883943536,0.31965,0.0138650450300932,0.3473800900601864,0.2919199099398135,0.1735028315982258,1.40785857331726,0.0262857142857142,7.104247104247103,0.0274285714285714,7.413127413127415,0.0292380952380952,7.902187902187907,36190.107,1.271854211428554,-932378.4,1.0250313397118207,75.51833855965677,273.99165507649536,69.84091855751564,76.9230769230769,47.65360425737782,-23.07692307692309,True,False,False,465,128,0,0,0,0,0,0,0,0.048648648648648596,1
1777507200000,0.37,0.4,0.345,0.388,39792.78,2026-04-30,0.0486486486486485,0.0475023339850032,0.0486486486486485,0.0512492654454473,0.9791158415502956,0.0392585073215522,0.7500327292508482,0.0327257023568816,0.6252236656462965,0.0509808332287812,0.9739874512517058,0.349,0.3560935580092459,0.3323,0.3411078823028308,0.3234,0.3326861912519711,0.33718,0.3636749894982283,0.45681,0.478836925930581,0.2163009404388713,21.630094043887148,0.2516129032258065,25.161290322580648,0.2396166134185304,23.96166134185304,100.0,80.1980198019802,70.0,0.3379669191591947,0.3336297791214195,0.0043371400377751,-0.0049312616790291,0.0092684017168042,2.388763329073269,0.3234,0.0205180280165151,0.3644360560330303,0.2823639439669697,0.2537789488746465,1.287112679006028,0.0325714285714285,8.394698085419735,0.0295,7.603092783505157,0.031047619047619,8.001963672066768,34902.1445,1.1401242121383113,-892585.62,1.0226865697827503,77.17082400524568,273.5689138088412,77.24255087471195,87.99999999999999,65.98064828253506,-12.000000000000009,True,False,False,465,128,0,0,0,0,0,0,0,0.20360824742268036,1
1777593600000,0.388,0.499,0.38,0.467,99853.0,2026-05-01,0.2036082474226803,0.1853239180456238,0.2036082474226803,0.0879572635752644,1.680421161111617,0.0689595998062542,1.317471304425694,0.0537152660059311,1.0262287161067445,0.0584560089960103,1.1168004837596095,0.3766,0.3930623720061639,0.3475,0.3639973582477707,0.3312,0.3454779825613072,0.3386799999999999,0.3677269529485684,0.4526399999999999,0.4786023562733488,0.4194528875379939,41.94528875379939,0.4825396825396826,48.25396825396826,0.5016077170418007,50.16077170418007,100.0,92.48554913294797,76.28458498023714,0.3578181623654724,0.3435090547420643,0.0143091076234081,-0.0010831878185416,0.0153922954419498,3.295994741316881,0.3312,0.0378704161721904,0.4069408323443808,0.2554591676556192,0.4573721759926375,1.3964781333702558,0.0477142857142857,10.217191801774243,0.0362142857142857,7.754665035178955,0.0348571428571428,7.464056286326095,38206.772,2.613489566718696,-792732.62,1.017516390208001,78.17472845015148,385.6317093311315,81.64366956925652,83.91959798994976,82.9475583043422,-16.08040201005024,True,False,False,465,128,0,0,0,0,0,0,0,-0.11349036402569601,0
1777680000000,0.467,0.63,0.405,0.414,106201.14,2026-05-02,-0.113490364025696,-0.120463283843583,0.113490364025696,0.1207877604051731,2.3076469223539355,0.0842913413365675,1.6103838150813532,0.0610194418816012,1.1657748002735648,0.0607594736248915,1.160808113702894,0.3936,0.4000415813374426,0.3574,0.3730887476572669,0.3367,0.3520038889840398,0.33924,0.3695415832146309,0.44826,0.4773221650721151,0.2583586626139815,25.835866261398166,0.3142857142857143,31.428571428571423,0.3618421052631579,36.18421052631579,72.25130890052355,70.53571428571428,66.78200692041521,0.3664615220015536,0.3487306062426565,0.017730915758897,0.002679632896946,0.0150512828619509,3.6355755705195567,0.3367,0.0415237408314067,0.4197474816628134,0.2536525183371866,0.4933025343796459,0.9653964121022408,0.0774285714285714,18.70255348516218,0.0511428571428571,12.353347135955833,0.0448571428571428,10.83505866114562,41848.922,2.537727017197719,-898933.76,1.0124445308258232,79.27286324272214,307.99220272904523,89.45008407664344,34.54545454545454,68.82168417846808,-65.45454545454545,True,False,False,465,128,0,0,0,0,0,0,0,-0.009661835748792313,0
1777766400000,0.414,0.486,0.401,0.41,37617.55,2026-05-03,-0.0096618357487923,-0.0097088141269609,0.0096618357487923,0.1219132194536191,2.3291487872835424,0.0846057704330621,1.616390974535178,0.0613156669654192,1.171434172553534,0.0607590510689231,1.1608000407824532,0.4098,0.4033610542249617,0.367,0.3797998844468547,0.34175,0.357527328128417,0.3396,0.3711281886092402,0.4434099999999999,0.4759880961800925,0.2462006079027354,24.62006079027354,0.305732484076433,30.573248407643305,0.3268608414239482,32.68608414239482,70.76923076923075,71.8181818181818,64.6643109540636,0.37315974938593,0.3532690798543152,0.0198906695316147,0.0061218402238797,0.0137688293077349,3.3582510506670578,0.34175,0.0440428917737211,0.4298357835474422,0.2536642164525577,0.5154983675051484,0.8874064420579351,0.0858571428571428,20.94076655052265,0.0522142857142857,12.735191637630663,0.048047619047619,11.71893147502904,42822.763,0.8784475210065265,-936551.31,1.0105013127519558,79.80642730646142,154.47338618346552,82.16035149176614,33.33333333333333,50.599461956245854,-66.66666666666667,False,True,False,465,128,0,0,0,0,0,0,0,0.014634146341463428,1
1777852800000,0.41,0.522,0.404,0.416,51000.44,2026-05-04,0.0146341463414634,0.0145281005629098,0.0146341463414634,0.1149765307499103,2.196623535679032,0.0842779657823154,1.6101282754761717,0.0612444450404965,1.1700734795884478,0.0607562662840681,1.1607468375425007,0.4189999999999999,0.4075740361499745,0.3771,0.3863817236383357,0.3470499999999999,0.3630961540209487,0.33996,0.3728878683555432,0.43932,0.4747993774920065,0.1243243243243243,12.43243243243243,0.3206349206349206,32.063492063492056,0.3419354838709676,34.19354838709677,71.6417910447761,73.87387387387386,68.72727272727272,0.3797505571727099,0.357915814679925,0.0218347424927849,0.0092644206776608,0.0125703218151241,3.0217119747894525,0.3470499999999999,0.0463391104564703,0.4397282209129406,0.2543717790870592,0.534091461823603,0.871985992614002,0.0999999999999999,24.038461538461537,0.0587857142857142,14.13118131868132,0.0529523809523809,12.728937728937732,42836.617,1.1905804793128272,-885550.8700000001,1.007955281063365,81.19207478090382,145.80893642490955,87.39186664141785,34.756097560975604,34.21162847992114,-65.2439024390244,True,False,False,465,128,0,0,0,0,0,0,0,0.02644230769230771,1
1777939200000,0.416,0.45,0.41,0.427,31564.01,2026-05-05,0.0264423076923077,0.0260987529673612,0.0264423076923077,0.1144432788518834,2.186435772471955,0.0840537546686291,1.6058447281637611,0.0612496976187884,1.170173829955812,0.0608302614469527,1.162160513144458,0.4267999999999999,0.4140493574333163,0.3878999999999999,0.3937668647950019,0.3525,0.3691822345903822,0.3406,0.3750099137397241,0.43559,0.4738522025445301,0.1005154639175256,10.051546391752572,0.3385579937304075,33.855799373040746,0.3427672955974843,34.27672955974842,66.66666666666666,74.56140350877192,70.42253521126759,0.3870197022230622,0.3630331617406748,0.0239865404823874,0.0122088446386061,0.0117776958437813,2.7582425863656472,0.3525,0.0490719128583872,0.4506438257167745,0.2543561742832254,0.5568444012299265,0.8795450169987954,0.1012857142857143,23.72030779524925,0.0601428571428571,14.084978253596525,0.0539047619047619,12.624066019850568,40880.086,0.7721121232474902,-853986.8600000001,1.0063398974573168,82.85758647605978,99.96689837802056,82.0361428349187,36.5625,34.88397696476963,-63.4375,False,False,True,465,128,0,0,0,0,0,0,0,-0.007025761124121788,0
1778025600000,0.427,0.449,0.418,0.424,41722.76,2026-05-06,-0.0070257611241217,-0.0070505579966667,0.0070257611241217,0.0555614823556209,1.0615006299419705,0.0849887750852987,1.6237082681418833,0.0614014810132445,1.1730736476352364,0.0607544312857054,1.1607117799480065,0.4182,0.4173662382888776,0.3974,0.3992637984686379,0.3573499999999999,0.3744029741532029,0.34134,0.3769310944680987,0.43178,0.4728643630554092,-0.0920770877944325,-9.207708779443262,0.2887537993920972,28.875379939209715,0.2966360856269112,29.663608562691124,61.53846153846152,73.59307359307358,71.42857142857142,0.3927089788041296,0.367549223833961,0.0251597549701685,0.0147990267049186,0.0103607282652499,2.443567987087242,0.3573499999999999,0.0511677067155496,0.4596854134310993,0.2550145865689006,0.572746122463128,0.8256448465167647,0.0961428571428571,22.675202156334237,0.0612142857142857,14.437331536388143,0.0503333333333333,11.871069182389938,41455.201,1.0064541720591345,-895709.6200000001,1.0042232909166982,84.45717367936216,88.39190628327998,82.72970949051522,35.62499999999999,35.64786585365851,-64.375,False,False,True,465,128,0,0,0,0,0,0,0,-0.028301886792452824,0
1778112000000,0.424,0.448,0.401,0.412,23744.59,2026-05-07,-0.0283018867924528,-0.0287101058824313,0.0283018867924528,0.0215290542086802,0.4113120031301129,0.0865111693317998,1.6527935693823652,0.0616341611200791,1.1775189948345612,0.06040954150158,1.1541226698741165,0.4178,0.415577492192585,0.4056999999999999,0.4015794714743401,0.36195,0.3779836432814693,0.34224,0.3783063462672433,0.42782,0.4716583297485834,-0.0048309178743961,-0.4830917874396139,0.2522796352583585,25.227963525835857,0.2874999999999998,28.749999999999996,19.101123595505623,70.24793388429751,67.94425087108013,0.3956768282188788,0.3708418739203362,0.0248349542985426,0.0168062122236434,0.0080287420748991,1.9487238045871784,0.36195,0.0517651325447023,0.4654802650894046,0.2584197349105953,0.5720694299732265,0.7417167576880962,0.0949999999999999,23.058252427184463,0.0637857142857142,15.481969486823855,0.0513333333333333,12.459546925566343,41399.172000000006,0.5735522923018846,-919454.21,1.0030047837561882,85.72108720253857,66.31560921311751,80.54003082780304,31.446540880503136,34.544680293501024,-68.55345911949686,False,True,False,465,128,0,0,0,0,0,0,0,0.02184466019417486,1
1778198400000,0.412,0.428,0.409,0.421,24850.23,2026-05-08,0.0218446601941748,0.0216094843328551,0.0218446601941748,0.022850718221796,0.4365623586464495,0.0860577904472616,1.6441317779553593,0.0616240553252726,1.1773259238958746,0.0603179866669732,1.1523735172149543,0.4199999999999999,0.4173849947950567,0.4149,0.4051104766608238,0.3669,0.3820804391594246,0.3434999999999999,0.3799806079018705,0.42388,0.4706545431572196,0.0268292682926829,2.682926829268295,0.2796352583586625,27.96352583586625,0.3074534161490683,30.745341614906824,57.77777777777777,71.19999999999999,68.81355932203388,0.3995727008005898,0.37455729066698,0.0250154101336098,0.0184480518056367,0.0065673583279731,1.5599425957180777,0.3669,0.0524724489112048,0.4718448978224098,0.2619551021775902,0.5720626755105467,0.7577543126086476,0.0807142857142857,19.17203936206312,0.0642142857142857,15.252799457074993,0.051047619047619,12.125325189458207,40994.442500000005,0.6061853384150789,-894603.9800000001,1.0017327935094316,87.07756155391873,57.98022150223403,76.92463470680065,34.27672955974842,33.782756813417166,-65.72327044025158,False,False,True,465,128,0,0,0,0,0,0,0,-0.040380047505938155,0
1778284800000,0.421,0.434,0.401,0.404,30224.38,2026-05-09,-0.0403800475059381,-0.0412179557212312,0.0403800475059381,0.0296095926489222,0.5656904732667997,0.0811821561173164,1.550982914872875,0.0622500604093832,1.1892857342349352,0.0605381420564881,1.1565795800258678,0.4176,0.4129233298633711,0.4183,0.4049085718134013,0.3714,0.3841680163823365,0.34458,0.3809225452273952,0.4203,0.4693338111719857,-0.0288461538461537,-2.884615384615374,0.091891891891892,9.189189189189198,0.2866242038216562,28.66242038216561,44.82758620689659,66.1596958174905,64.14473684210526,0.4002538237543452,0.3767382320990566,0.0235155916552885,0.019461559775567,0.0040540318797214,1.0034732375548203,0.3714,0.0515480358500898,0.4744960717001797,0.2683039282998202,0.5551753995701656,0.6581049571646442,0.0532857142857142,13.189533239038187,0.0653571428571428,16.177510608203676,0.0518571428571428,12.835926449787838,39603.62,0.7631721544646676,-924828.36,1.0001764303825575,88.08854804405875,44.91643085010551,72.1536167941673,27.564102564102573,31.09579100145136,-72.43589743589743,True,True,False,465,128,0,0,0,0,0,0,0,-0.03712871287128716,0
1778371200000,0.404,0.408,0.376,0.389,22843.15,2026-05-10,-0.0371287128712871,-0.0378355343427038,0.0371287128712871,0.0258879180603624,0.494587980087987,0.0813677858573872,1.5545293660773267,0.0630439348209041,1.204452683570998,0.0604045341229085,1.1540270040389229,0.41,0.4049488865755807,0.4184,0.4020161042109647,0.3753499999999999,0.3846282052983045,0.34568,0.3812393082825941,0.4166299999999999,0.4677420502545781,-0.0889929742388758,-8.899297423887582,0.0025773195876288,0.2577319587628868,0.2548387096774194,25.48387096774194,29.85074626865675,61.19402985074626,60.0,0.3985224662536767,0.3776465112028306,0.0208759550508461,0.0197444388306228,0.0011315162202232,0.290878205712912,0.3753499999999999,0.0495848820339216,0.4745197640678433,0.2761802359321566,0.528412223619786,0.5688213798243077,0.0457142857142857,11.751744399559309,0.0657857142857143,16.91149467499082,0.050047619047619,12.865711837434205,39090.1635,0.5843707970164924,-947671.51,0.9989617345495484,87.26051018753428,12.53904506916558,68.04097093165835,22.258064516129032,28.03296554665999,-77.74193548387096,False,True,False,465,128,0,0,0,0,0,0,0,0.03598971722365052,1
1778457600000,0.389,0.42,0.38,0.403,31489.95,2026-05-11,0.0359897172236505,0.0353572183282368,0.0359897172236505,0.0357847411093397,0.6836665189518957,0.0442714261799059,0.8458044095658542,0.0632485890194583,1.208362596544435,0.0587794907018084,1.1229805930713386,0.4058,0.4042992577170539,0.412,0.4021949943544257,0.37975,0.3863779000317993,0.3476999999999999,0.3820926690603127,0.41391,0.4664592455329331,-0.0495283018867923,-4.952830188679236,-0.1370449678800857,-13.704496788008566,0.2793650793650795,27.936507936507944,32.85714285714289,63.12056737588653,63.09148264984227,0.3992113175992649,0.3795245474100292,0.0196867701892357,0.0197329051023454,-4.613491310974383e-05,-0.0114478692580009,0.37975,0.0478208003631322,0.4753916007262644,0.2841083992737355,0.5037082329230517,0.6215475265127767,0.0345714285714285,8.57851825593761,0.0672857142857142,16.69620701878766,0.0507142857142857,12.58419000354484,39112.2005,0.8051183415261947,-916181.5600000002,0.9973225732987911,86.49429666403687,21.291460916314392,72.45067171529304,26.298701298701303,25.373622792977617,-73.7012987012987,True,False,False,465,128,0,0,0,0,0,0,0,-0.037220843672456594,0
1778544000000,0.403,0.409,0.387,0.388,16439.72,2026-05-12,-0.0372208436724565,-0.0379312223234095,0.0372208436724565,0.037146723684226,0.7096871595092932,0.0291628156357973,0.5571548104160465,0.0642281921313668,1.2270778877191444,0.0561005524694762,1.0717995500063755,0.4009999999999999,0.3988661718113692,0.4094,0.3996140862899846,0.3834,0.3865323857430565,0.3486,0.38232432918016,0.41134,0.4649046659118446,-0.0582524271844659,-5.825242718446594,-0.0628019323671497,-6.280193236714967,0.2317460317460318,23.174603174603178,28.04878048780489,59.93265993265993,60.0,0.3974864995070703,0.3801523587129902,0.01733414079408,0.0192531522406923,-0.0019190114466122,-0.494590579023788,0.3834,0.0453401181713456,0.4740802363426913,0.2927197636573087,0.4730320101340184,0.5253638509642611,0.0319999999999999,8.247422680412367,0.0666428571428571,17.1759941089838,0.0507619047619047,13.082965144820816,38654.953,0.4252940108347823,-932621.28,0.9964613434504648,85.61326623155526,7.50334052831743,69.8745286514384,20.91503267973856,23.15726616485628,-79.08496732026144,False,False,True,465,128,0,0,0,0,0,0,0,-0.04381443298969079,0
1778630400000,0.388,0.415,0.371,0.371,28950.96,2026-05-13,-0.0438144329896907,-0.0448032770158383,0.0438144329896907,0.0339320378945079,0.6482706737321448,0.0315323288134429,0.6024242961116896,0.0653771724960542,1.2490291267645734,0.0527811101795625,1.0083816941031305,0.391,0.3895774478742462,0.4054999999999999,0.3944115251463511,0.38625,0.3850531109103845,0.34818,0.3818802376868964,0.4081999999999999,0.4630440751505154,-0.1187648456057006,-11.87648456057007,-0.0951219512195121,-9.512195121951216,0.1815286624203822,18.15286624203821,26.43678160919542,50.18315018315018,58.40707964601769,0.3934116534290595,0.3794744062157314,0.0139372472133281,0.0181899712352195,-0.0042527240218914,-1.1462867983534784,0.38625,0.0424473357914437,0.4711446715828874,0.3013553284171125,0.4395840599761162,0.4101828199835218,0.0338571428571428,9.125914516750091,0.0649999999999999,17.520215633423177,0.052095238095238,14.04184315235528,39612.892,0.7308469172106898,-961572.24,0.9949280620433508,84.27734724857746,-13.02747097139618,64.8244621467874,9.122807017543868,18.778846998661223,-90.87719298245614,True,True,False,465,128,0,0,0,0,0,0,0,0.0539083557951483,1
1778716800000,0.371,0.41,0.35,0.391,40413.89,2026-05-14,0.0539083557951483,0.0525054973779306,0.0539083557951483,0.0467044302622036,0.8922868872917061,0.0368664233961979,0.704332030025699,0.0660668566428198,1.2622055238874383,0.0520491821987412,0.994398229663842,0.3884,0.3900516319161641,0.403,0.3937912478470145,0.39005,0.3856194812998717,0.34878,0.3822378755429436,0.40587,0.461616638292483,-0.0321782178217822,-3.2178217821782207,-0.0600961538461537,-6.009615384615377,0.2412698412698413,24.12698412698413,34.69387755102042,50.54545454545456,61.40845070422535,0.3930406298245888,0.3803281539034553,0.0127124759211335,0.0170944721724023,-0.0043819962512687,-1.1207151537771796,0.39005,0.0389945677728522,0.4680391355457045,0.3120608644542955,0.3998930165143162,0.5060905919353553,0.0357142857142857,9.134088417975882,0.0653571428571428,16.71538180489587,0.0544285714285714,13.920350748995247,40675.025,0.993579967068244,-921158.35,0.992793533008068,82.13959340350654,-24.188790560472,58.79245345926121,14.642857142857157,14.893565613379842,-85.35714285714285,False,True,False,465,128,0,0,0,0,0,0,0,-0.07672634271099754,0
1778803200000,0.391,0.397,0.353,0.361,17087.39,2026-05-15,-0.0767263427109975,-0.0798296016524849,0.0767263427109975,0.0558397389708259,1.066816715111102,0.0411049258617735,0.7853085059307549,0.0690359571195716,1.3189301088483023,0.0530192960593715,1.012932228947437,0.3828,0.380367754610776,0.3964,0.3878292027839209,0.39215,0.383274768795122,0.34902,0.3814050174138723,0.40338,0.4596231050279447,-0.0719794344473008,-7.197943444730083,-0.1545667447306792,-15.456674473067917,0.1316614420062696,13.166144200626952,30.630630630630638,26.54867256637168,56.05263157894736,0.3881113021592675,0.3788964387994951,0.0092148633597723,0.0155185504098763,-0.0063036870501039,-1.7461736980897362,0.39215,0.0359813913894095,0.4641127827788192,0.3201872172211808,0.3670166149627397,0.2835686809406681,0.0392857142857142,10.88246933122279,0.0599999999999999,16.620498614958446,0.0559047619047619,15.48608363012795,39492.0285,0.4326794709975457,-938245.74,0.9918758535306929,78.21416157924205,-57.78223112892438,48.51356549010255,3.928571428571432,9.231411862990798,-96.07142857142856,False,False,True,465,128,0,0,0,0,0,0,0,0.0027700831024930483,1
1778889600000,0.361,0.393,0.35,0.362,23887.14,2026-05-16,0.002770083102493,0.0027662534928901,0.002770083102493,0.0501553828557447,0.958217244017928,0.041454761017733,0.7919920972008725,0.0688306611668018,1.3150079351777937,0.0525676519676482,1.004303580690622,0.3746,0.3742451697405173,0.3902,0.3831329840959353,0.3938,0.3812486003384437,0.3496,0.3806440361064977,0.4013799999999999,0.4576889047267833,-0.1017369727047147,-10.173697270471472,-0.1462264150943396,-14.62264150943396,0.100303951367781,10.030395136778107,36.08247422680412,35.05747126436782,56.16797900262466,0.3840941787501495,0.3776448507402729,0.0064493280098765,0.0137047059298763,-0.0072553779199998,-2.004248044198844,0.3938,0.033611714749818,0.461023429499636,0.3265765705003639,0.3414089867934792,0.2634753222448123,0.0407142857142857,11.247040252565114,0.0469999999999999,12.98342541436464,0.0571428571428571,15.785319652722968,38416.059,0.6218008984211524,-914358.6,0.9905934054563214,73.79548240235303,-69.55659441847278,30.81121469886889,6.976744186046516,8.516057585825015,-93.02325581395348,False,True,False,465,128,0,0,0,0,0,0,0,-0.06077348066298338,0
1778976000000,0.362,0.366,0.335,0.34,11555.41,2026-05-17,-0.0607734806629833,-0.0626985942155639,0.0607734806629833,0.053167233663586,1.0157585729074603,0.0438246683809456,0.8372691138012005,0.070474821552316,1.3464195752376893,0.0530564991673401,1.0136429933271864,0.365,0.3628301131603449,0.383,0.3752906233512197,0.39435,0.3773201622109728,0.34998,0.3790501518700992,0.3986799999999999,0.4553571675720601,-0.1237113402061855,-12.371134020618554,-0.1747572815533979,-17.475728155339795,0.033434650455927,3.3434650455927075,20.00000000000001,31.77083333333336,53.23383084577114,0.3773104589424341,0.3748563432780297,0.0024541156644043,0.0114545878767819,-0.0090004722123775,-2.6471977095228216,0.39435,0.0325693995872777,0.4594887991745554,0.3292112008254445,0.3303603356133153,0.0828139243528596,0.0405714285714285,11.932773109243696,0.0431428571428571,12.6890756302521,0.0573809523809523,16.87675070028011,37336.3415,0.309494972880511,-925914.01,0.9899537079973364,69.95334853388026,-119.80160244181602,33.15553337054982,2.6737967914438525,4.526370802020581,-97.32620320855617,False,True,False,465,128,0,0,0,0,0,0,0,-0.014705882352941235,0
1779062400000,0.34,0.351,0.323,0.335,18831.61,2026-05-18,-0.0147058823529412,-0.0148150857851407,0.0147058823529412,0.0521663278294401,0.9966362937958594,0.0415850961267575,0.7944821459624867,0.0705942371892843,1.3487010077785893,0.0530913592298159,1.014308993885649,0.3578,0.3535534087735633,0.3744,0.3679650554691798,0.39465,0.3732896705718326,0.35018,0.3773226944471916,0.39635,0.4529725904829725,-0.0970350404312667,-9.70350404312668,-0.2042755344418051,-20.427553444180518,0.0182370820668693,1.823708206686932,22.105263157894758,28.795811518324623,52.463054187192114,0.370801157566675,0.3719040215537305,-0.0011028639870555,0.0089430975040144,-0.0100459614910699,-2.9987944749462674,0.39465,0.0319576611357157,0.4585653222714315,0.3307346777285684,0.3239088927983354,0.0333669777437549,0.0388571428571428,11.59914712153518,0.0367142857142857,10.959488272921106,0.0578095238095238,17.256574271499645,37204.932,0.5061589683862344,-944745.62,0.9888966767968322,68.89992697305912,-143.59086438640597,21.15422895786483,9.448818897637803,6.366453291709372,-90.5511811023622,False,True,False,465,128,0,0,0,0,0,0,0,-0.047761194029850795,0
1779148800000,0.335,0.341,0.313,0.319,30195.17,2026-05-19,-0.0477611940298507,-0.0489394290402219,0.0477611940298507,0.0328180541368368,0.626988043924961,0.0420146519892242,0.8026887991918812,0.0653100574566938,1.2477468957379847,0.0532579508701738,1.0174917227057891,0.3434,0.3420356058490422,0.3659,0.3590623181111471,0.3921,0.3681192257554675,0.3498,0.3750355293397834,0.39304,0.4503182856858753,-0.1841432225063939,-18.414322250639387,-0.2103960396039604,-21.039603960396043,-0.1378378378378377,-13.783783783783782,22.340425531914903,22.448979591836743,50.0,0.3628317487102634,0.3679852051423422,-0.0051534564320787,0.0061237867167958,-0.0112772431488745,-3.535185940086069,0.3921,0.035828392152211,0.463756784304422,0.320443215695578,0.3655025978292375,-0.0100703353463833,0.0397142857142857,12.44961934617107,0.0358571428571428,11.240483654276758,0.0576666666666666,18.077324973876696,36413.2635,0.8292354789896819,-974940.7900000002,0.9871778823501534,67.94210999169734,-156.68044077134982,21.71720926037108,4.411764705882357,5.511460131654651,-95.58823529411764,False,True,False,465,128,0,0,0,0,0,0,0,0.043887147335423204,1
1779235200000,0.319,0.344,0.319,0.333,24550.35,2026-05-20,0.0438871473354232,0.0429513871955992,0.0438871473354232,0.0416880212459174,0.7964485276030232,0.0464656070081076,0.8877241754287447,0.065110819038683,1.2439404511065502,0.0518857362837648,0.9912755998427288,0.3378,0.3390237372326948,0.3603,0.3543237148182113,0.38935,0.3647745375882802,0.34906,0.3733870767799728,0.3898899999999999,0.4479939649076204,-0.077562326869806,-7.7562326869806,-0.1439588688946015,-14.395886889460153,-0.1417525773195875,-14.17525773195876,17.04545454545456,28.0193236714976,50.47393364928909,0.3582422489086845,0.3653937084651311,-0.0071514595564465,0.0034687374621473,-0.0106201970185939,-3.189248353932116,0.38935,0.0381924145128045,0.4657348290256091,0.3129651709743908,0.3923710236322546,0.1311440326644721,0.037,11.11111111111111,0.0354285714285714,10.639210639210637,0.0556666666666666,16.71671671671671,35651.14200000001,0.6886273096104465,-950390.4400000002,0.9858030343060586,66.71316771055953,-127.12654767647528,15.859276581556372,14.814814814814827,9.558466139444976,-85.18518518518518,True,False,False,465,128,0,0,0,0,0,0,0,0.03003003003003002,1
1779321600000,0.333,0.367,0.333,0.343,20704.4,2026-05-21,0.03003003003003,0.029587957185496,0.03003003003003,0.0461847805858634,0.882358994165067,0.0457800214146331,0.8746260810565618,0.0438363035406642,0.8374914032155065,0.0517430618693155,0.9885498089819814,0.3339999999999999,0.3403491581551299,0.3543,0.3522648575785365,0.38315,0.362700772103682,0.3488199999999999,0.3721954264123235,0.38733,0.4459138357536946,-0.0524861878453037,-5.248618784530376,-0.1488833746898262,-14.888337468982629,-0.2655246252676659,-26.5524625267666,36.76470588235296,33.17073170731709,51.62037037037037,0.3558972875381176,0.3637349152454914,-0.0078376277073737,0.0012074644282431,-0.0090450921356168,-2.6370531007629374,0.38315,0.0348414076095189,0.4528328152190378,0.3134671847809621,0.3637364751091627,0.2119088840355097,0.0332857142857142,9.704289879216994,0.0344999999999999,10.058309037900871,0.0546666666666666,15.93780369290573,31693.712000000007,0.6532652281310564,-929686.0400000002,0.9846757173572306,63.853839379533085,-88.04418453541267,21.81676544504153,24.79338842975209,14.673322650149736,-75.20661157024792,True,False,False,465,128,0,0,0,0,0,0,0,-0.023323615160349864,0
1779408000000,0.343,0.36,0.335,0.335,17757.58,2026-05-22,-0.0233236151603498,-0.0235999153408734,0.0233236151603498,0.0382134596449464,0.730067121423175,0.0452396417096854,0.8643021412894684,0.0372476686809428,0.7116157109636703,0.0506754693983703,0.9681534834632306,0.333,0.3385661054367532,0.349,0.3491257925642571,0.3792,0.3600626033319028,0.34896,0.3707367818890084,0.3847900000000001,0.4437164445358733,-0.0147058823529412,-1.4705882352941189,-0.1365979381443298,-13.65979381443299,-0.1908212560386473,-19.082125603864725,32.00000000000003,28.921568627450995,50.68181818181819,0.3526823202245611,0.3616064030050842,-0.008924082780523,-0.0008188450135101,-0.0081052377670129,-2.4194739603023847,0.3792,0.0356290833301882,0.4504581666603764,0.3079418333396235,0.3758342123437578,0.1898601095740958,0.0305714285714285,9.125799573560762,0.0349285714285714,10.426439232409376,0.0501904761904761,14.982231698649606,27271.534000000003,0.6511397562014664,-947443.62,0.9837054619035326,61.0033244036775,-88.62254646517292,22.578048808450266,18.1818181818182,19.263340475461685,-81.8181818181818,False,False,True,465,128,0,0,0,0,0,0,0,0.13432835820895517,1
1779494400000,0.335,0.38,0.322,0.38,33732.58,2026-05-23,0.1343283582089551,0.1260407208953649,0.1343283582089551,0.0705947978444861,1.3487117190811804,0.0634509217043833,1.2122281570622584,0.0492660154819145,0.941225904198587,0.0524703749253158,1.0024451054063628,0.342,0.3523774036245021,0.3499,0.3547392848253013,0.3777,0.3619614030145787,0.35056,0.3711000454281555,0.3828799999999999,0.44245412595876,0.1343283582089551,13.432835820895516,0.0242587601078168,2.425876010781673,-0.073170731707317,-7.317073170731701,70.4081632653061,44.82758620689656,51.12612612612613,0.3568850401900132,0.3629688916713745,-0.0060838514813612,-0.0018718463070803,-0.0042120051742809,-1.108422414284454,0.3777,0.0348879409116497,0.4474758818232995,0.3079241181767005,0.3694777962578741,0.5164813395395309,0.0327142857142856,8.609022556390974,0.0367142857142857,9.661654135338342,0.0422380952380952,11.115288220551376,27077.2855,1.2457888365508427,-913711.0400000002,0.9819200816839516,56.94142605943415,-46.391752577319615,32.47960553291341,62.61682242990656,35.197343013825595,-37.38317757009344,True,True,False,465,128,0,0,0,0,0,0,0,0.09210526315789469,1
1779580800000,0.38,0.435,0.356,0.415,48963.51,2026-05-24,0.0921052631578946,0.0881072675102668,0.0921052631578946,0.0603128316818454,1.1522750313623713,0.0677802737694062,1.2949403121276724,0.053556625807418,1.0231978993697484,0.0538172561796173,1.028177235639087,0.3612,0.3732516024163347,0.3523,0.3656957784934283,0.37765,0.3670126979655712,0.35272,0.3728216126557425,0.3809599999999999,0.4419102236204169,0.3009404388714733,30.094043887147325,0.0613810741687979,6.138107416879786,-0.0024038461538461,-0.2403846153846156,81.24999999999999,55.15873015873015,52.928416485900215,0.3658258032377035,0.3668230478438659,-0.0009972446061623,-0.0016969259668967,0.0006996813607343,0.1685979182492496,0.37765,0.0348308317745556,0.4473116635491114,0.3079883364508887,0.3689218247007088,0.7680814532491623,0.0395714285714285,9.535283993115314,0.0400714285714285,9.655765920826164,0.0419523809523809,10.109007458405046,26975.439,1.815114482474224,-864747.5300000001,0.9795179098528956,53.17669928186029,50.5747126436781,44.53158598940272,83.60655737704916,54.80173266292462,-16.393442622950836,True,False,False,465,128,0,0,0,0,0,0,0,0.002409638554216942,1
1779667200000,0.415,0.435,0.388,0.416,36249.37,2026-05-25,0.0024096385542169,0.002406740030565,0.0024096385542169,0.0649660633473502,1.2411748975067736,0.061079750295293,1.1669269908993458,0.0532292397201678,1.0169431969551153,0.0538217768856819,1.0282636036071808,0.3778,0.3875010682775565,0.3578,0.3748420005855323,0.3771,0.3716781553021834,0.35486,0.3745148831083138,0.3797,0.441396912809352,0.249249249249249,24.924924924924916,0.152354570637119,15.23545706371191,-0.0257611241217798,-2.5761124121779884,92.92035398230088,52.71966527196652,43.34203655352481,0.3735449104319029,0.3704657850406171,0.0030791253912858,-0.0007417156952602,0.003820841086546,0.9184714150351134,0.3771,0.0340895106571543,0.4452790213143087,0.3089209786856913,0.3615965065728385,0.7852783689917536,0.0422857142857142,10.164835164835162,0.0405714285714285,9.75274725274725,0.0385714285714285,9.271978021978022,27209.707,1.332221989747997,-828498.1600000001,0.9777859106169212,48.95984657457101,79.67939651107957,45.48258991805243,84.4262295081967,76.88320310505078,-15.573770491803293,False,False,False,465,128,0,0,0,0,0,0,0,-0.06490384615384603,0
1779753600000,0.416,0.418,0.386,0.389,18487.05,2026-05-26,-0.064903846153846,-0.0671059166428168,0.064903846153846,0.0826668515558095,1.5793479813976523,0.0662277705770856,1.2652797802849955,0.0551695874983981,1.0540134892074888,0.0547670102600484,1.0463222618681365,0.387,0.3880007121850377,0.3605,0.3774161822972537,0.37535,0.3733278547972136,0.35648,0.3750829270242276,0.37833,0.4403588802507424,0.1341107871720115,13.41107871720116,0.0745856353591161,7.458563535911609,-0.0825471698113207,-8.25471698113207,72.22222222222223,50.199203187250994,46.49859943977592,0.3759226165193025,0.3718386898524234,0.004083926666879,0.0002234127771676,0.0038605138897114,0.9924200230620638,0.37535,0.0324122702561859,0.4401745405123718,0.3105254594876281,0.3454085014646162,0.6052842017244602,0.0428571428571428,11.017260374586847,0.0412857142857142,10.613294160851998,0.0381904761904761,9.817603133798505,26047.9215,0.7097322525330859,-846985.2100000002,0.9768827981170928,44.7254368916125,49.98135024244675,45.1970758213888,62.29508196721313,76.77595628415298,-37.70491803278687,False,True,False,465,128,0,0,0,0,0,0,0,0.12596401028277637,1
1779840000000,0.389,0.471,0.386,0.438,44957.62,2026-05-27,0.1259640102827763,0.1186395667579998,0.1259640102827763,0.0863190821246371,1.64912374844235,0.0705155158592859,1.3471970388807046,0.0618134584822113,1.1809444661283637,0.056274117555296,1.0751155063149995,0.4076000000000001,0.4046671414566918,0.3702999999999999,0.3884314218795712,0.37665,0.3794871067212885,0.35856,0.3775502637044515,0.37761,0.4403121490139099,0.3074626865671641,30.746268656716406,0.2882352941176469,28.8235294117647,0.0631067961165048,6.310679611650491,78.7878787878788,61.83745583038869,53.48258706467662,0.3854729832086406,0.3767395276411334,0.0087334555675072,0.0019254213352355,0.0068080342322716,1.554345715130515,0.37665,0.0344188978080055,0.445487795616011,0.307812204383989,0.3655265929431089,0.9456127585942812,0.0514285714285714,11.741682974559684,0.0442142857142857,10.094585779517285,0.0407619047619047,9.306370950206563,27108.573,1.6584281289907812,-802027.5900000002,0.97482649129293,43.379091902003765,130.6328290222873,55.953322381407766,79.11392405063292,75.27841184201422,-20.88607594936708,True,False,False,465,128,0,0,0,0,0,0,0,-0.06621004566210054,0
1779926400000,0.438,0.439,0.386,0.409,22600.55,2026-05-28,-0.0662100456621005,-0.0685037543336444,0.0662100456621005,0.0885369637096414,1.6914963166281682,0.0756586784738398,1.4454570226640693,0.0636461379618173,1.215957758423771,0.0566356954983766,1.082023443218059,0.4134,0.4061114276377945,0.3777,0.3921711633560128,0.37605,0.3822978584621181,0.3604,0.3787835869294048,0.37659,0.4396918366485255,0.0763157894736841,7.631578947368413,0.2208955223880595,22.089552238805958,-0.0285035629453681,-2.8503562945368195,69.89247311827957,53.08219178082191,49.17647058823529,0.3890925242534651,0.379129192260309,0.009963331993156,0.0035330034668196,0.0064303285263364,1.572207463651936,0.37605,0.0337022176375138,0.4434544352750277,0.3086455647249723,0.3584865591013307,0.7444201176491975,0.0541428571428571,13.237862382116658,0.0437142857142857,10.688089416695773,0.041047619047619,10.036092676679472,26996.089,0.837178674288709,-824628.1400000002,0.9737601384608718,43.84090264256015,83.08605341246297,58.44228579279536,60.75949367088607,67.389499896244,-39.24050632911393,False,False,False,465,128,0,0,0,0,0,0,0,-0.02933985330073341,0
1780012800000,0.409,0.434,0.39,0.397,30174.29,2026-05-29,-0.0293398533007334,-0.0297788753556112,0.0293398533007334,0.0792527887724884,1.514122403506098,0.0739589223980485,1.41298322843281,0.0633206745217181,1.20973978813138,0.0567432044578893,1.084077399005574,0.4098,0.403074285091863,0.3855,0.3930491336549195,0.3757,0.3836980624181069,0.3618,0.3794979561990784,0.37564,0.4388460931650077,-0.0433734939759035,-4.337349397590352,0.244514106583072,24.45141065830721,-0.0173267326732673,-1.7326732673267342,55.55555555555557,56.569343065693445,46.47887323943662,0.3903090589837013,0.3804529557965826,0.0098561031871187,0.0047976234108794,0.0050584797762392,1.2741762660552252,0.3757,0.0334319418646934,0.442563883729387,0.3088361162706131,0.3559429530443809,0.6592788125066579,0.0568571428571428,14.321698452680817,0.0437142857142857,11.011155091759624,0.0422380952380952,10.639318699772096,26993.584500000004,1.1178319055774155,-854802.4300000003,0.9723317914177309,45.59449296757904,73.85204612630606,56.051820097154106,53.16455696202533,64.3459915611814,-46.83544303797466,False,False,True,465,128,0,0,0,0,0,0,0,-0.007556675062972307,0
1780099200000,0.397,0.407,0.388,0.394,16191.05,2026-05-30,-0.0075566750629723,-0.0075853713892566,0.0075566750629723,0.0791005080440884,1.511213084275017,0.0742487393549016,1.4185201736190156,0.0627265855488233,1.1983897342409344,0.0563495507101716,1.076556654715369,0.4054,0.4000495233945753,0.3916,0.3932220184449342,0.37595,0.3846791993306682,0.3634199999999999,0.3800666638982812,0.37473,0.4379576804451639,-0.0528846153846153,-5.28846153846153,0.1831831831831831,18.318318318318315,0.012853470437018,1.2853470437018006,41.3223140495868,55.79710144927537,46.47887323943662,0.3908768960631319,0.3814564405523914,0.0094204555107405,0.0057221898308516,0.0036982656798888,0.9386461116469094,0.37595,0.0335551000124309,0.4430602000248619,0.3088397999751381,0.3570166246833988,0.6344803024973338,0.0512857142857142,13.016678752719358,0.0419999999999999,10.659898477157356,0.0415714285714285,10.551124002900648,26660.9795,0.6072938918091888,-870993.4800000003,0.9715539217832204,47.41980380697439,46.12782109997112,56.9842349740744,51.26582278481015,55.0632911392405,-48.73417721518985,False,True,False,465,128,0,0,0,0,0,0,0,-0.07614213197969555,0
1780185600000,0.394,0.398,0.309,0.364,68177.21,2026-05-31,-0.0761421319796955,-0.0791970416611932,0.0761421319796955,0.0812379296658485,1.5520484670214307,0.0799259229400022,1.5269826137193174,0.0645558230437259,1.2333372675109169,0.0575165211198062,1.098851593086922,0.4004,0.3880330155963835,0.3937,0.3879089241822189,0.374,0.3827097517753665,0.36448,0.379436598541811,0.37309,0.4364925717712943,-0.06426735218509,-6.426735218509003,0.0612244897959182,6.122448979591826,-0.0967741935483871,-9.677419354838715,32.66666666666667,54.22535211267605,44.5945945945946,0.3867419889764962,0.3801633708818438,0.0065786180946523,0.0058934754836118,0.0006851426110405,0.1882259920441098,0.374,0.0330294924033536,0.4400589848067073,0.3079410151932926,0.3532566032444243,0.4243100690295149,0.0527142857142857,14.481946624803763,0.0461428571428571,12.676609105180528,0.0442857142857142,12.16640502354788,28495.3425,2.392573803947084,-939170.6900000004,0.9680789838169804,46.11009073255544,-46.01990049751234,49.89819465569072,33.95061728395062,46.12699901026201,-66.0493827160494,False,True,False,465,128,0,0,0,0,0,0,0,0.024725274725274637,1
1780272000000,0.364,0.411,0.34,0.373,32247.23,2026-06-01,0.0247252747252746,0.0244245520070747,0.0247252747252746,0.0416388213870901,0.7955085656199361,0.0792258547271691,1.5136078292927913,0.0643209229239322,1.2288495070235603,0.0574482231552889,1.097546762306944,0.3874,0.383022010397589,0.3975,0.3851982106945427,0.3732499999999999,0.3817850135110459,0.3658600000000001,0.3791841828720905,0.37199,0.4352347881008308,-0.1484018264840182,-14.840182648401823,0.1134328358208953,11.343283582089544,-0.038659793814433,-3.865979381443303,43.93939393939393,56.59722222222222,44.5945945945946,0.384627836826266,0.379632750816522,0.004995086009744,0.0057137975888382,-0.0007187115790942,-0.1926840694622622,0.3732499999999999,0.0328647547574191,0.4389795095148383,0.3075204904851616,0.3522009886930385,0.4980982666549221,0.0561428571428571,15.051704327843732,0.0492142857142857,13.194178475679813,0.0457619047619047,12.268607174773392,29285.718,1.1011247871744172,-906923.4600000004,0.9664961444442002,42.32910427715037,0.4306632213609918,55.34255482479977,39.506172839506185,41.57420430275564,-60.493827160493815,True,False,False,465,128,0,0,0,0,0,0,0,-0.07506702412868638,0
1780358400000,0.373,0.382,0.33,0.345,24736.31,2026-06-02,-0.0750670241286863,-0.0780340026124558,0.0750670241286863,0.0436558136337505,0.8340431483856439,0.0709980604293947,1.3564160399481555,0.0658025072566697,1.2571551359563324,0.0585446728881118,1.11849440503976,0.3746,0.370348006931726,0.394,0.3778894451137168,0.37195,0.3782816788909462,0.36658,0.377843626473709,0.3706999999999999,0.4334472571019582,-0.156479217603912,-15.647921760391196,-0.0921052631578948,-9.21052631578948,-0.0700808625336928,-7.008086253369279,8.108108108108112,54.33333333333332,43.51648351648351,0.378531246545302,0.3770673618671498,0.0014638846781522,0.004863815006701,-0.0033999303285488,-0.9854870517532828,0.37195,0.0334671480709389,0.4388842961418778,0.3050157038581221,0.3599101822388915,0.2986831747444148,0.0589999999999999,17.101449275362317,0.0509285714285714,14.76190476190476,0.0471904761904761,13.678398895790195,29074.985500000003,0.8507763486244903,-931659.7700000004,0.9652420835953184,38.45251324228595,-52.19605346912801,55.697299253104816,22.22222222222221,31.89300411522632,-77.77777777777779,False,True,False,465,128,0,0,0,0,0,0,0,-0.020289855072463614,0
1780444800000,0.345,0.381,0.327,0.338,42178.11,2026-06-03,-0.0202898550724636,-0.0204985215483408,0.0202898550724636,0.0440148496452128,0.8409025217533266,0.0617951454652381,1.180594596430344,0.0645875414931282,1.2339432476358858,0.0586439435946035,1.1203909692243026,0.3628,0.359565337954484,0.3863,0.3706368187294046,0.3693,0.3744453285203799,0.3671399999999999,0.376281131085711,0.3695799999999999,0.4315564829976882,-0.1486146095717884,-14.86146095717884,-0.1855421686746987,-18.55421686746987,-0.1355498721227621,-13.554987212276211,10.11235955056182,50.85324232081911,44.29530201342282,0.372295670153717,0.3741734832103237,-0.0018778130566066,0.0035154893940395,-0.0053933024506461,-1.5956516126171991,0.3693,0.0339738289368999,0.4372476578737998,0.3013523421262002,0.3679808170798798,0.2696756519692411,0.0545714285714285,16.145393068469986,0.0529999999999999,15.68047337278106,0.0476666666666666,14.1025641025641,29163.1965,1.4462787026792483,-973837.8800000004,0.9631028212011956,34.68684229351641,-56.39412997903559,48.94220851872893,17.901234567901252,26.5432098765432,-82.09876543209876,False,True,False,465,128,0,0,0,0,0,0,0,-0.03254437869822491,0
1780531200000,0.338,0.344,0.31,0.327,45251.67,2026-06-04,-0.0325443786982249,-0.0330857245857654,0.0325443786982249,0.042082772910787,0.803990247570963,0.0614597905600703,1.1741876499631625,0.0627463374578601,1.1987670939332282,0.0587684581018669,1.12276981554541,0.3494,0.3487102253029894,0.3774,0.3627028516876946,0.3676,0.3699267258041532,0.36732,0.3743485374339039,0.36802,0.4294852743979917,-0.1700507614213198,-17.00507614213198,-0.2139423076923076,-21.394230769230763,-0.0941828254847644,-9.418282548476448,10.227272727272734,47.27891156462585,41.44144144144144,0.3653271055146836,0.3706791511206698,-0.0053520456059861,0.0017419823940343,-0.0070940280000205,-2.1694275229420668,0.3676,0.035238137234985,0.4380762744699701,0.2971237255300299,0.3834400134383572,0.2119598027468117,0.0518571428571428,15.858453473132366,0.0529999999999999,16.207951070336385,0.0464285714285714,14.198339886413278,30571.410500000005,1.4801956880596003,-1019089.5500000004,0.960743760887381,31.999340393416084,-98.97678079496272,42.95385080234635,11.111111111111123,17.07818930041151,-88.88888888888887,False,True,False,465,128,0,0,0,0,0,0,0,0.00917431192660545,1
1780617600000,0.327,0.339,0.288,0.33,83753.96,2026-06-05,0.0091743119266054,0.0091324835632724,0.0091743119266054,0.0388397904389118,0.7420331544402751,0.060183339666312,1.14980108987929,0.0627943006025123,1.1996834285251743,0.0586571371943366,1.120643032593278,0.3426,0.3424734835353262,0.3715,0.3567568786535683,0.366,0.366124180489472,0.36738,0.3726093788646171,0.36632,0.4275145385191585,-0.0934065934065933,-9.340659340659334,-0.1516709511568122,-15.167095115681231,-0.0883977900552485,-8.839779005524855,13.63636363636364,49.134948096885815,43.28703703703703,0.3598921662047323,0.3676658806672866,-0.0077737144625543,-0.0001611569772833,-0.0076125574852709,-2.306835601597259,0.366,0.0362186343431993,0.4384372686863987,0.2935627313136013,0.3958320693245831,0.2515091288446139,0.0528571428571428,16.017316017316013,0.0548571428571428,16.623376623376622,0.0467619047619047,14.170274170274164,33564.7515,2.495295101469767,-935335.5900000004,0.9563688091307704,28.679716421618192,-104.72301920105936,38.58911072552801,22.950819672131168,17.32105511704783,-77.04918032786883,False,True,False,465,128,0,0,0,0,0,0,0,0.04848484848484835,1
1780704000000,0.33,0.365,0.328,0.346,30672.83,2026-06-06,0.0484848484848483,0.0473461205971982,0.0484848484848483,0.0462440023010461,0.8834904234449826,0.0424257928674444,0.8105436346412345,0.0622353916707726,1.189005488377275,0.0589249065591592,1.1257587591251776,0.3372,0.3436489890235508,0.3623,0.3548010825347377,0.3663,0.364207591871427,0.3679,0.3715658736735869,0.3648999999999999,0.4258998025976646,-0.0723860589812332,-7.238605898123331,-0.2100456621004567,-21.00456621004567,0.0176470588235293,1.7647058823529262,37.837837837837824,43.46153846153845,47.09976798143852,0.3577549098655427,0.3660610006178579,-0.0083060907523151,-0.0017901437322897,-0.0065159470200254,-1.8832216820882863,0.3663,0.0360162244142108,0.4383324488284217,0.2942675511715782,0.3932975639007466,0.3590912822611807,0.0554285714285714,16.01981833195706,0.0533571428571428,15.42113955408753,0.0464761904761904,13.432424993118634,34520.6225,0.8885364103732487,-904662.7600000004,0.9548495485625224,27.01938207511363,-44.28518926865112,38.118531216260685,31.69398907103825,21.918639951426822,-68.30601092896174,True,False,False,465,128,0,0,0,0,0,0,0,0.0,0
1780790400000,0.346,0.367,0.327,0.346,26621.46,2026-06-07,0.0,0.0,0.0,0.0312294226340427,0.5966372816798469,0.0399356859730569,0.7629702092222176,0.0621061186302993,1.1865357304068418,0.0589249361646185,1.1257593247366842,0.3374,0.3444326593490339,0.356,0.3532008857102399,0.36685,0.3624735355027197,0.36838,0.370563290265328,0.36385,0.4243170646564952,0.0028985507246377,0.2898550724637684,-0.1540342298288508,-15.403422982885088,0.0328358208955221,3.2835820895522247,29.230769230769184,34.66666666666666,44.52554744525547,0.3559464621939208,0.3645750005720906,-0.0086285383781698,-0.0031578226614657,-0.005470715716704,-1.5811317100300852,0.36685,0.0355946107689301,0.4380392215378603,0.2956607784621397,0.3881107893572868,0.3535592920558104,0.0484285714285714,13.996696944673822,0.0505714285714285,14.616019818331957,0.0469047619047618,13.55628956785026,34910.115000000005,0.7625715354990952,-904662.7600000004,0.9535377967452896,26.94485076868162,-45.308890379312885,34.73020587074008,31.69398907103825,28.77959927140253,-68.30601092896174,True,True,False,465,128,0,0,0,0,0,0,0,-0.03179190751445071,0
1780876800000,0.346,0.357,0.309,0.335,33989.47,2026-06-08,-0.0317919075144507,-0.0323082432326576,0.0317919075144507,0.0335257128872494,0.6405078453683252,0.0400350831339325,0.7648691893143726,0.0615135965357886,1.1752156116858905,0.0590002591708253,1.12719836874969,0.3368,0.3412884395660225,0.3498,0.3498916337629236,0.36765,0.3598570083119844,0.3687999999999999,0.3691686512617367,0.36278,0.4225477923277698,-0.0088757396449704,-0.8875739644970422,-0.1561712846347607,-15.617128463476073,0.0501567398119122,5.015673981191227,39.58333333333336,32.765957446808514,46.68367346938776,0.3527239295487022,0.3623842597889727,-0.0096603302402705,-0.0044583241772267,-0.0052020060630438,-1.5528376307593472,0.36765,0.0346292772391718,0.4369085544783437,0.2983914455216563,0.3767635222540118,0.2642890452600389,0.0451428571428571,13.47547974413646,0.0506428571428571,15.117270788912576,0.0478571428571428,14.28571428571428,35099.83,0.9683656587510536,-938652.2300000004,0.9518354928015896,27.68795745501717,-76.37159459663437,27.410343541210665,25.68306010928964,29.690346083788693,-74.31693989071036,False,True,False,465,128,0,0,0,0,0,0,0,0.017910447761193993,1
1780963200000,0.335,0.35,0.32,0.341,18853.88,2026-06-09,0.0179104477611939,0.0177519454584503,0.0179104477611939,0.0290824716941126,0.5556198415654231,0.0414248637710907,0.7914209111057782,0.0609026569533269,1.1635436273516944,0.0589932836716143,1.1270651020243854,0.3396,0.341192293044015,0.3445,0.3482749730787556,0.36805,0.3580611027584621,0.36942,0.3680639981419698,0.36186,0.4209324318659161,0.0428134556574923,4.281345565749239,-0.1345177664974619,-13.451776649746188,0.0240240240240241,2.4024024024024047,53.19148936170213,38.78504672897196,47.3551637279597,0.3509202480796711,0.360800240545345,-0.0098799924656739,-0.0055426578349161,-0.0043373346307577,-1.271945639518414,0.36805,0.0342521224851687,0.4365542449703376,0.2995457550296624,0.3722551010478879,0.3025669795228551,0.0419999999999999,12.31671554252199,0.0504999999999999,14.809384164222866,0.0479523809523809,14.06228180421728,34815.0065,0.5415446353571699,-919798.3500000004,0.9509003242278066,28.476749162176223,-69.8655117392297,30.96756474429263,28.961748633879807,28.779599271402542,-71.03825136612019,False,False,True,465,128,0,0,0,0,0,0,0,-0.011730205278592365,0
1781049600000,0.341,0.35,0.331,0.337,15695.61,2026-06-10,-0.0117302052785923,-0.011799546931155,0.0117302052785923,0.0304764305104598,0.582251387358153,0.0351431069867131,0.6714081162512414,0.060638789145805,1.1585024399673634,0.0590036163695143,1.127262507940587,0.341,0.3397948620293434,0.3418,0.3462249779735273,0.36775,0.3560552834481325,0.3698599999999999,0.3668458019996046,0.3608599999999999,0.4192698459254055,0.0212121212121212,2.121212121212123,-0.0741758241758241,-7.417582417582409,-0.0174927113702624,-1.7492711370262406,62.50000000000004,20.118343195266263,49.6042216358839,0.3487786714520294,0.3590372597642082,-0.0102585883121788,-0.0064858439303686,-0.0037727443818101,-1.1195087186380284,0.36775,0.0345083895215436,0.4367667790430873,0.2987332209569127,0.3753461810636972,0.277228085500754,0.0369999999999999,10.979228486646878,0.0457857142857142,13.586265366680792,0.0476666666666666,14.14441147378832,34564.566999999995,0.4540953746071809,-935493.9600000004,0.9501269264728333,29.573619361869014,-62.88032454361064,25.323643617033483,32.45033112582784,29.031713289665745,-67.54966887417217,False,False,False,465,128,0,0,0,0,0,0,0,0.03857566765578624,1
1781136000000,0.337,0.37,0.336,0.35,12299.48,2026-06-11,0.0385756676557862,0.0378502241310975,0.0385756676557862,0.0270350527120567,0.5165039568361941,0.036772472804522,0.7025371064919992,0.0609211804224473,1.1638975177323383,0.0592155030687279,1.131310597645104,0.3418,0.3431965746862289,0.3395,0.3469113456147042,0.3685,0.3554785897864056,0.37056,0.3661851822420703,0.3601,0.4178977147444722,0.0115606936416186,1.156069364161851,-0.0616621983914209,-6.166219839142097,0.0447761194029849,4.477611940298495,70.00000000000001,30.718954248366003,51.93798449612402,0.3489665681517171,0.3583678331150076,-0.0094012649632904,-0.007068928136953,-0.0023323368263373,-0.6663819503821066,0.3685,0.0339170815527337,0.4363341631054675,0.3006658368945324,0.368163707492361,0.3636380316859183,0.0369999999999999,10.571428571428568,0.0444285714285714,12.693877551020403,0.0476666666666666,13.619047619047612,34291.662,0.3586726126018622,-923194.4800000004,0.9495347780053476,28.52433172228488,-35.72786012922828,28.66413386251294,42.46575342465753,34.62594439478837,-57.53424657534247,True,False,False,465,128,0,0,0,0,0,0,0,-0.022857142857142687,0
1781222400000,0.35,0.359,0.335,0.342,12384.27,2026-06-12,-0.0228571428571426,-0.023122417420854,0.0228571428571426,0.0294111522565781,0.561899274894319,0.0286411378764333,0.5471881708176412,0.0528090103586226,1.0089147262756375,0.0593278901492977,1.1334577498045562,0.341,0.3427977164574859,0.3392,0.346018373684758,0.3666,0.3541949145686527,0.37112,0.3652367436244578,0.35923,0.4163943052675502,-0.0115606936416183,-1.1560693641618347,-0.0086956521739128,-0.8695652173912891,-0.0999999999999999,-9.999999999999991,45.23809523809528,31.543624161073808,53.03430079155673,0.3478947884360683,0.3571554010324144,-0.009260612596346,-0.0075072650288316,-0.0017533475675143,-0.5126747273433891,0.3666,0.0343011431450148,0.4352022862900296,0.2979977137099703,0.3742623365522623,0.3207056839476267,0.0331428571428571,9.69089390142021,0.0429999999999999,12.573099415204677,0.0476190476190476,13.923698134224448,33224.2465,0.3727479568272526,-935578.7500000003,0.9489330919112994,27.494342261711925,-48.17213908123002,30.10482106580868,43.90243902439028,39.60617452495853,-56.09756097560972,False,True,False,465,128,0,0,0,0,0,0,0,-0.005847953216374324,0
1781308800000,0.342,0.345,0.335,0.34,5119.1,2026-06-13,-0.0058479532163743,-0.0058651194523981,0.0058479532163743,0.0247567455451931,0.4729769595298971,0.0278869452201534,0.5327793403509768,0.047729207665094,0.9118652320838052,0.0593422191453906,1.1337315048905292,0.3419999999999999,0.3418651443049906,0.3394,0.3449241239238929,0.36285,0.3528430179430667,0.37162,0.3642470673053236,0.35823,0.4148810688038715,0.0149253731343284,1.492537313432837,0.0059171597633136,0.5917159763313614,-0.1807228915662649,-18.072289156626496,43.181818181818215,31.756756756756744,50.95367847411444,0.3466802055997501,0.3558846305855688,-0.0092044249858187,-0.007846697020229,-0.0013577279655896,-0.3993317545852022,0.36285,0.0327980663743598,0.4284461327487197,0.2972538672512803,0.3615606049261112,0.3258281468548467,0.0292857142857142,8.613445378151251,0.0423571428571428,12.457983193277304,0.0453333333333333,13.333333333333329,31032.026,0.1649618365233388,-940697.8500000004,0.9486825373814224,26.368012035855635,-55.659494855004645,31.015610082830136,42.27642276422768,42.88153840442515,-57.72357723577232,False,False,False,465,128,0,0,0,0,0,0,0,-0.02941176470588236,0
1781395200000,0.34,0.343,0.314,0.33,16856.29,2026-06-14,-0.0294117647058823,-0.0298529631496811,0.0294117647058823,0.0267011199151299,0.510124179708809,0.0274837256596656,0.5250758414644056,0.0478642419434858,0.9144450583501234,0.0595031245981377,1.1368055992489,0.3398,0.337910096203327,0.3397,0.3422106468468215,0.35855,0.3506674924246794,0.37184,0.3629040449295426,0.35723,0.4131997350400836,-0.032258064516129,-3.2258064516129057,0.0091743119266054,0.9174311926605512,-0.2067307692307691,-20.67307692307692,44.186046511627886,36.71875,48.228882833787466,0.3441140201228654,0.3539672505421933,-0.0098532304193278,-0.0082480037000488,-0.001605226719279,-0.4864323391754615,0.35855,0.0310542394766942,0.4206584789533885,0.2964415210466116,0.3464424986941204,0.2701602061336391,0.0277142857142856,8.39826839826839,0.0380714285714285,11.536796536796531,0.0429523809523809,13.015873015873009,30062.372000000003,0.5607105786595947,-957554.1400000004,0.94784407747014,26.46390624939692,-78.14096016343208,35.30842739571796,34.146341463414664,40.10840108401086,-65.85365853658533,False,True,False,465,128,0,0,0,0,0,0,0,0.05454545454545445,1
1781481600000,0.33,0.365,0.32,0.348,18567.3,2026-06-15,0.0545454545454544,0.0531098253139483,0.0545454545454544,0.0375497287694901,0.7173865608524674,0.0322660745375304,0.6164424884873182,0.0481624525842154,0.9201423646416264,0.0598234276203653,1.1429249798962824,0.342,0.3412733974688847,0.3415,0.3432632565110357,0.3565,0.3504134455270909,0.37222,0.3623195725256297,0.35648,0.4119082592702975,0.032640949554896,3.264094955489601,0.0545454545454544,5.454545454545443,-0.1053984575835476,-10.539845758354764,56.36363636363634,40.87591240875911,51.72413793103448,0.3447118631808861,0.3535252319835122,-0.0088133688026261,-0.0083610767205642,-0.0004522920820618,-0.1299689890982303,0.3565,0.0302820078594896,0.4170640157189794,0.2959359842810206,0.3397700741597723,0.4298263176649274,0.0272857142857142,7.840722495894904,0.0362142857142857,10.406403940886696,0.0428571428571428,12.315270935960587,30066.384500000004,0.6175434894741001,-938986.8400000004,0.9469459499066334,25.40095685311419,-35.53299492385803,32.4796747503934,63.82978723404253,46.75085048722827,-36.170212765957466,True,False,False,465,128,0,0,0,0,0,0,0,-0.03160919540229867,0
1781568000000,0.348,0.353,0.327,0.337,14255.65,2026-06-16,-0.0316091954022986,-0.0321195494221124,0.0316091954022986,0.0358765673482714,0.6854208567834045,0.0303752072353093,0.5803175194017637,0.0373847094287965,0.7142338707752354,0.0600204403971573,1.1466889037119354,0.3394,0.3398489316459231,0.3406,0.3421244825999383,0.35145,0.3491359745245108,0.37238,0.3613266480251532,0.3558,0.4104244860579835,-0.037142857142857,-3.714285714285702,-0.0260115606936415,-2.601156069364148,-0.230593607305936,-23.059360730593603,50.0,46.66666666666668,43.731778425655975,0.343525422691519,0.3523011407254743,-0.0087757180339552,-0.0084440049832424,-0.0003317130507127,-0.0984311723183365,0.35145,0.0236764928946768,0.3988029857893537,0.3040970142106463,0.2694721057866195,0.3474225039971109,0.0267142857142856,7.927087749046198,0.0343571428571428,10.194997880457816,0.0425714285714285,12.632471386180576,28531.286,0.4996497529063358,-953242.4900000005,0.9462521083305796,23.93189959458326,-47.96249549224682,33.47887310618553,52.68817204301078,50.22143358015597,-47.31182795698922,False,False,True,465,128,0,0,0,0,0,0,0,-0.06231454005934722,0
1781654400000,0.337,0.337,0.295,0.316,43649.39,2026-06-17,-0.0623145400593472,-0.0643407167654496,0.0623145400593472,0.0437107939591937,0.8350935460283646,0.035779862762907,0.6835733182741612,0.0370983745683978,0.7087634509483817,0.0607096329464804,1.1598559088788487,0.3342,0.3318992877639488,0.3376,0.3373745766726768,0.3468,0.3459801674269384,0.3721199999999999,0.3595491322654698,0.35499,0.4085541489429694,-0.0760233918128655,-7.602339181286556,-0.0867052023121386,-8.670520231213866,-0.2273838630806846,-22.738386308068453,25.71428571428569,41.79104477611938,34.95440729483282,0.3392907422774392,0.349612167338402,-0.0103214250609628,-0.0088194889987865,-0.0015019360621762,-0.4752962222076869,0.3468,0.0207278099486024,0.3882556198972048,0.3053443801027951,0.2390750859123694,0.128518400202759,0.0299999999999999,9.493670886075948,0.0334999999999999,10.601265822784807,0.0405238095238095,12.82399035563592,29583.728000000003,1.4754526542428998,-996891.8800000004,0.944057354526161,23.681762990855503,-135.3943037068843,33.72279069163794,34.14634146341466,50.22143358015597,-65.85365853658534,False,True,False,465,128,0,0,0,0,0,0,0,-0.02848101265822789,0
1781740800000,0.316,0.316,0.305,0.307,21107.54,2026-06-18,-0.0284810126582278,-0.028894465999715,0.0284810126582278,0.0437073734560808,0.8350281974081476,0.035554509719985,0.6792679544343352,0.0370779264691416,0.7083727905606225,0.0581509947296855,1.1109731943836214,0.3276,0.3235995251759658,0.3348,0.3318519263685537,0.3423,0.3422677705291347,0.3708599999999999,0.3574883818125166,0.3541,0.4065426008270074,-0.0970588235294118,-9.705882352941185,-0.0835820895522388,-8.358208955223887,-0.2267002518891688,-22.67002518891688,25.352112676056294,42.42424242424241,33.827893175074166,0.3343229357732177,0.3464557104985203,-0.0121327747253026,-0.0094821461440897,-0.0026506285812128,-0.8633969319911549,0.3423,0.0189489619213553,0.3801979238427106,0.3044020761572893,0.2214310478685984,0.0342752792144089,0.0267142857142857,8.70172173103769,0.0318571428571428,10.376919497440667,0.0385238095238095,12.548472157592675,29130.3905,0.7245882955122074,-1017999.4200000004,0.9429903035634708,23.939657583299745,-161.92790603483192,36.10524390110483,23.17073170731709,36.668415071247495,-76.82926829268291,False,False,True,465,128,0,0,0,0,0,0,0,-0.016286644951140072,0
1781827200000,0.307,0.314,0.286,0.302,41944.3,2026-06-19,-0.01628664495114,-0.0164207302123275,0.01628664495114,0.0433525225335622,0.8282487800524696,0.0343982166177039,0.6571770057333455,0.0370728704303232,0.7082761950746274,0.0577173218437294,1.1026878855309046,0.322,0.3163996834506439,0.3309,0.3264243033924531,0.3377,0.3384327447644552,0.36914,0.3553123666690033,0.35316,0.4044718702510519,-0.0848484848484849,-8.484848484848492,-0.1143695014662757,-11.436950146627575,-0.233502538071066,-23.350253807106604,24.32432432432428,39.55223880597013,36.190476190476176,0.3293501764234919,0.3431626949060373,-0.0138125184825453,-0.0103482206117808,-0.0034642978707644,-1.1471185002531308,0.3377,0.0167806279288488,0.3712612558576976,0.3041387441423023,0.1987637302795241,-0.0318632912810355,0.0272857142857142,9.03500473036897,0.0302142857142857,10.004730368968776,0.0377619047619047,12.503941974140645,30418.053000000004,1.378927836045259,-1059943.7200000004,0.9408516470528469,24.716055098827702,-188.92839004570823,41.05361303552184,19.04761904761906,25.45489740611692,-80.95238095238095,False,True,False,465,128,0,0,0,0,0,0,0,0.0033112582781456013,1
1781913600000,0.302,0.33,0.299,0.303,18320.64,2026-06-20,0.0033112582781456,0.0033057881344994,0.0033112582781456,0.0240003868441159,0.4585267468354848,0.0347164499027687,0.663256844107756,0.0340318730178299,0.6501780210850873,0.0494072044235549,0.9439233151411704,0.313,0.3119331223004293,0.3275,0.3221653391392798,0.33465,0.3350581976440309,0.3658600000000001,0.3532609011550212,0.3522699999999999,0.4024619744114923,-0.1293103448275862,-12.931034482758616,-0.1008902077151335,-10.08902077151336,-0.1675824175824175,-16.758241758241756,29.230769230769184,31.932773109243684,24.71910112359548,0.3252963031275701,0.3401876804685529,-0.0148913773409828,-0.0112568519576212,-0.0036345253833616,-1.1995133278421155,0.33465,0.0172848427668851,0.3692196855337704,0.3000803144662296,0.2066020351637255,0.0422289860131673,0.0302857142857142,9.99528524281,0.0297857142857142,9.830268741159829,0.0383333333333333,12.651265126512648,27925.2245,0.656060616450908,-1041623.0800000004,0.9399364982086688,25.878518111368223,-119.28731224033248,38.087200282976696,20.23809523809525,20.81881533101045,-79.76190476190474,True,False,False,465,128,0,0,0,0,0,0,0,0.0066006600660066805,1
1782000000000,0.303,0.31,0.3,0.305,8725.14,2026-06-21,0.0066006600660066,0.0065789710980425,0.0066006600660066,0.027953735423461,0.5340553653934909,0.0310168944094627,0.5925769356504127,0.0333325813544904,0.6368180726158046,0.0470069250547258,0.898066042188281,0.3066,0.3096220815336195,0.323,0.3190443683866835,0.33125,0.3321955121541232,0.36368,0.3513683166591328,0.35146,0.4005315147577042,-0.0949554896142433,-9.49554896142434,-0.1285714285714285,-12.857142857142852,-0.1823056300268096,-18.230563002680967,6.122448979591837,33.057851239669404,28.333333333333314,0.3221737949540977,0.3375811856190304,-0.0154073906649326,-0.0120869596990835,-0.0033204309658491,-1.0886658904423343,0.33125,0.0159831325564814,0.3632162651129629,0.299283734887037,0.1930038648329839,0.0894109007224136,0.0275714285714285,9.039812646370027,0.0276428571428571,9.063231850117097,0.0345714285714285,11.334894613583131,26749.120000000003,0.3261841884891913,-1032897.9400000004,0.939497679142844,26.18164103106158,-129.01175722910705,30.72893151233926,22.619047619047635,20.63492063492063,-77.38095238095237,False,False,True,465,128,0,0,0,0,0,0,0,-0.003278688524590123,0
1782086400000,0.305,0.31,0.296,0.304,15830.99,2026-06-22,-0.0032786885245901,-0.0032840752011898,0.0032786885245901,0.0145847429902302,0.2786411235859503,0.0309599095901403,0.5914882422059017,0.0295487882924263,0.5645288076670495,0.0470027603286971,0.8979864752092239,0.3041999999999999,0.3077480543557463,0.3192,0.3163090286800137,0.3292,0.3295102252823019,0.36156,0.3495107354846081,0.35058,0.3986194952007144,-0.0379746835443037,-3.797468354430383,-0.1111111111111111,-11.11111111111112,-0.1188405797101448,-11.884057971014489,7.692307692307679,36.036036036036,29.69432314410477,0.3193778264996212,0.3350936903879911,-0.0157158638883699,-0.0128127405369408,-0.002903123351429,-0.9549747866543056,0.3292,0.0167382323157167,0.3626764646314336,0.2957235353685665,0.2033807085749304,0.1236161691886381,0.0231428571428571,7.612781954887223,0.0252142857142857,8.294172932330826,0.0318571428571428,10.479323308270674,26303.854,0.6018505881305455,-1048728.9300000004,0.9387009404002216,25.48074348805877,-119.56480533757905,33.09607625189379,21.428571428571445,21.428571428571427,-78.57142857142856,False,True,False,465,128,0,0,0,0,0,0,0,-0.042763157894736836,0
1782172800000,0.304,0.306,0.289,0.291,31126.2,2026-06-23,-0.0427631578947368,-0.0437044342347291,0.0427631578947368,0.0200606953672032,0.3832590468530934,0.0324075719151493,0.6191457920909953,0.0305359296993752,0.5833881177662882,0.0472162718769634,0.9020656076113064,0.301,0.3021653695704975,0.3142999999999999,0.3117073871018294,0.32685,0.3258425847792255,0.35906,0.3472161966849759,0.34951,0.3964878648742765,-0.0521172638436482,-5.211726384364825,-0.1441176470588236,-14.411764705882366,-0.1390532544378699,-13.905325443786994,9.67741935483872,28.813559322033854,28.451882845188265,0.315012007038141,0.3318274910999917,-0.0168154840618506,-0.0136132892419228,-0.0032021948199278,-1.1004105910405066,0.32685,0.0186301255752517,0.3641102511505034,0.2895897488494965,0.2279960296803027,0.0189243376917551,0.0218571428571428,7.51104565537556,0.0242857142857142,8.345606283750612,0.0301904761904761,10.374734086074293,25751.258500000004,1.2087253910328304,-1079855.1300000004,0.937120581511114,25.12678299037881,-134.88339021615477,24.782302427660724,5.952380952380956,16.66666666666666,-94.04761904761904,False,True,False,465,128,0,0,0,0,0,0,0,-0.0721649484536081,0
1782259200000,0.291,0.296,0.256,0.27,54641.5,2026-06-24,-0.0721649484536081,-0.0749013081731176,0.0721649484536081,0.0344825838108822,0.6587888386958288,0.0370169275180041,0.7072074072354638,0.0334275642135516,0.6386327175902106,0.0478859380927273,0.9148595626993724,0.2946,0.291443579713665,0.3082999999999999,0.3041242258105877,0.324,0.3205242433716802,0.35592,0.3441881103462477,0.34826,0.3939825196558355,-0.1059602649006621,-10.596026490066215,-0.1818181818181817,-18.18181818181818,-0.1743119266055045,-17.431192660550458,6.976744186046531,25.185185185185148,29.56521739130433,0.308087082878427,0.3272476769444367,-0.0191605940660097,-0.0147227502067401,-0.0044378438592695,-1.6436458738035318,0.324,0.0225528618793637,0.3691057237587274,0.2788942762412726,0.2784303935723913,-0.0985936539766935,0.0215714285714285,7.989417989417992,0.0257857142857142,9.550264550264547,0.0295238095238095,10.934744268077598,26220.75,2.08390301574135,-1134496.6300000004,0.934273388976438,23.442684350923027,-180.9027153389676,16.85750513555149,12.280701754385976,13.220551378446109,-87.71929824561401,False,True,False,465,128,0,0,0,0,0,0,0,0.03333333333333344,1
1782345600000,0.27,0.31,0.254,0.279,27210.88,2026-06-25,0.0333333333333334,0.0327898228229909,0.0333333333333334,0.041762934496981,0.7978797432550101,0.0326713769014837,0.6241857792782234,0.0345368630721616,0.6598258425265059,0.0482419341456369,0.9216608577404536,0.2898,0.28729571980911,0.3014,0.2995561847541172,0.32145,0.3165695535267583,0.35302,0.3416317137045456,0.34718,0.3917050722510659,-0.079207920792079,-7.92079207920791,-0.1982758620689654,-19.827586206896537,-0.1545454545454545,-15.454545454545451,25.531914893617056,22.90076335877862,29.56521739130433,0.3036121470509767,0.3236737749485525,-0.0200616278975757,-0.0157905257449073,-0.0042711021526684,-1.530860986619517,0.32145,0.0246266329942579,0.3707032659885159,0.2721967340114841,0.3064443365283302,0.0690641102876524,0.028,10.035842293906812,0.0273571428571428,9.805427547363031,0.0305714285714285,10.95750128008192,23393.596,1.1631764522222237,-1107285.7500000005,0.93287955302535,23.157592084698685,-133.80736910148653,19.596362151447902,22.522522522522543,13.585201743096476,-77.47747747747745,True,True,False,465,128,0,0,0,0,0,0,0,0.04659498207885293,1
1782432000000,0.279,0.399,0.279,0.292,32271.26,2026-06-26,0.0465949820788529,0.045542020446916,0.0465949820788529,0.0500908482782976,0.9569843126469696,0.0387425147330668,0.740174704689572,0.0343770096539533,0.6567718472597779,0.0487341453436511,0.9310645394747245,0.2872,0.2888638132060733,0.2969,0.2981823329806414,0.31875,0.3142295960480194,0.35062,0.3396853718754041,0.34643,0.3897302334555493,-0.0426229508196721,-4.262295081967217,-0.1335311572700297,-13.35311572700298,-0.1560693641618497,-15.606936416184968,40.67796610169489,31.617647058823493,37.67441860465115,0.301825662889288,0.3213275693968078,-0.0195019065075198,-0.0165328018974298,-0.00296910461009,-1.0168166472910982,0.31875,0.024753256032547,0.3682565120650942,0.2692434879349057,0.310629095310395,0.2298335220543567,0.0411428571428571,14.090019569471629,0.0342142857142857,11.717221135029355,0.0338571428571428,11.594911937377688,23473.5175,1.3747943826484463,-1075014.4900000005,0.931341047292033,20.80077935357784,7.089181908407744,28.23282173488944,26.20689655172412,20.336706942877527,-73.79310344827587,True,False,False,465,128,0,0,0,0,0,0,0,-0.08561643835616428,0
1782518400000,0.292,0.293,0.26,0.267,18432.54,2026-06-27,-0.0856164383561642,-0.0895051438680321,0.0856164383561642,0.0607025339000298,1.1597202817868444,0.042518458942769,0.8123140175245017,0.0384348993100424,0.7342977202846148,0.0498505509390868,0.9523934384274338,0.2798,0.2815758754707155,0.292,0.292512817893252,0.3148,0.3097315392815413,0.3475399999999999,0.3368349649730452,0.34552,0.3872993515369391,-0.1217105263157893,-12.171052631578942,-0.1550632911392404,-15.506329113924048,-0.2283236994219651,-22.83236994219652,26.82926829268291,27.04402515723268,34.76394849785406,0.2964678685986283,0.3173033049970443,-0.020835436398416,-0.017393328797627,-0.0034421076007889,-1.2891788766999837,0.3148,0.026422876850467,0.367645753700934,0.261954246299066,0.3357417643007244,0.0477403892230307,0.0414285714285714,15.5163188871054,0.0358571428571428,13.42964151952916,0.0336666666666666,12.609238451935076,23064.0715,0.7991884693905844,-1093447.0300000005,0.9303937919307704,17.94319494334558,-142.39742558326634,27.387521760139137,8.965517241379317,19.23164543854197,-91.03448275862068,False,True,False,465,128,0,0,0,0,0,0,0,0.07865168539325817,1
1782604800000,0.267,0.299,0.266,0.288,22527.71,2026-06-28,0.0786516853932581,0.0757118217356961,0.0786516853932581,0.0741722957486212,1.4170597205716646,0.0515310364235047,0.984499068527447,0.0431154830238328,0.8237201465777815,0.0510929550868241,0.9761295363418953,0.2792,0.2837172503138103,0.2900999999999999,0.2916923055490244,0.31245,0.3076618688737755,0.3452199999999999,0.3349198682027665,0.3448999999999999,0.3853325675577465,-0.0103092783505154,-1.0309278350515474,-0.0618892508143322,-6.18892508143323,-0.1402985074626866,-14.029850746268668,42.15686274509802,37.64705882352939,41.97530864197529,0.2951651195834547,0.315132689812078,-0.0199675702286232,-0.0179081770838262,-0.0020593931447969,-0.715067064165618,0.31245,0.0266210739631159,0.3656921479262318,0.2592078520737682,0.3408042754119496,0.2703886774639892,0.0447142857142857,15.525793650793648,0.0361428571428571,12.549603174603174,0.0333333333333333,11.574074074074073,22490.9835,1.001632943263686,-1070919.3200000003,0.9292591007538544,17.399069247090058,-95.82360570687416,32.94586595642211,23.448275862068947,19.540229885057443,-76.55172413793106,True,False,False,465,128,0,0,0,0,0,0,0,0.00694444444444442,1
1782691200000,0.288,0.312,0.284,0.29,19300.29,2026-06-29,0.0069444444444444,0.0069204428445737,0.0069444444444444,0.0623891677167021,1.191943375609646,0.0514974215875403,0.9838568579880796,0.0428557622126086,0.8187581874464739,0.050915802234669,0.9727450358536792,0.2832,0.2858115002092069,0.2889,0.29138461363102,0.3098999999999999,0.3059797861238921,0.34324,0.3331583046513322,0.34446,0.3834443608903431,0.0740740740740739,7.407407407407393,-0.0397350993377484,-3.973509933774838,-0.1495601173020528,-14.95601173020529,49.450549450549445,31.168831168831147,41.735537190082624,0.2943704858013847,0.3132710090852573,-0.0189005232838725,-0.0181066463238355,-0.000793876960037,-0.2737506758748408,0.3098999999999999,0.0261813513382534,0.3622627026765068,0.2575372973234931,0.3379328988480596,0.3099792506610974,0.0467142857142857,16.108374384236452,0.0349285714285714,12.04433497536946,0.0323809523809523,11.16584564860427,22513.304,0.85728376430221,-1051619.0300000005,0.9283066627511846,17.109323719249286,-55.91533722950572,32.52441626524697,24.82758620689653,19.080459770114917,-75.17241379310346,True,False,False,465,128,0,0,0,0,0,0,0,-0.055172413793103336,0
1782777600000,0.29,0.29,0.268,0.274,21600.77,2026-06-30,-0.0551724137931033,-0.0567528165924493,0.0551724137931033,0.0684923185691306,1.3085439089254804,0.0539823253162959,1.0313308770672776,0.0441784835476451,0.844028743069741,0.0510644469013052,0.9755848882223014,0.2822,0.2818743334728046,0.286,0.2882237747890163,0.3067499999999999,0.3029340922073309,0.34066,0.330838371018548,0.34418,0.3812766585142485,-0.017921146953405,-1.7921146953405032,-0.0957095709570956,-9.57095709570956,-0.1869436201780415,-18.694362017804156,52.32558139534884,30.188679245283,35.12396694214874,0.291236564908864,0.3103620454493123,-0.0191254805404483,-0.0183104131671581,-0.0008150673732902,-0.2974698442665014,0.3067499999999999,0.0265367173633701,0.3598234347267401,0.2536765652732597,0.346037064233025,0.191465229557685,0.0474285714285714,17.3096976016684,0.0346428571428571,12.643378519290929,0.0319999999999999,11.678832116788318,22808.562,0.9470465520798724,-1073219.8000000005,0.9272138714231152,16.75863356101788,-103.3608116677232,32.18654664775603,13.793103448275874,20.689655172413765,-86.20689655172413,False,True,False,465,128,0,0,0,0,0,0,0,0.06569343065693412,1
1782864000000,0.274,0.314,0.264,0.292,22960.82,2026-07-01,0.0656934306569341,0.0636256958802113,0.0656934306569341,0.0722877177339291,1.3810549081556376,0.0588561049245257,1.12444430574114,0.0461014762843813,0.8807674677199263,0.05186579837681,0.9908946866652004,0.2822,0.2852495556485364,0.2847,0.2889103611910134,0.30385,0.301892750092347,0.3387399999999999,0.3293152975714428,0.34367,0.3795084142526392,0.0,0.0,-0.0426229508196721,-4.262295081967217,-0.1657142857142857,-16.57142857142857,56.84210526315788,42.30769230769229,39.6153846153846,0.2913540164613464,0.3090018939345484,-0.017647877473202,-0.0181779060283668,0.0005300285551648,0.1815166284811237,0.30385,0.024664645483859,0.3531792909677181,0.2545207090322819,0.3246950203568741,0.3798888067562651,0.0488571428571428,16.73189823874755,0.0352142857142857,12.059686888454012,0.0334761904761904,11.464448793215915,23341.629,0.9836854145869596,-1050258.9800000004,0.926078852342647,16.898880054855532,-57.40267121341282,40.76962961607584,26.20689655172412,21.60919540229882,-73.79310344827587,True,True,False,465,128,0,0,0,0,0,0,0,-0.013698630136986356,0
1782950400000,0.292,0.32,0.27,0.288,31428.09,2026-07-02,-0.0136986301369863,-0.0137933221323358,0.0136986301369863,0.0557293125118341,1.0647070205743048,0.0589581078980096,1.1263930698132747,0.0459915551724067,0.8786674278243355,0.0515724288202934,0.9852898691577232,0.2864,0.2861663704323576,0.2831,0.2887448409744655,0.30115,0.300569631035933,0.33708,0.3276950897480856,0.34263,0.3776959749780336,0.0786516853932581,7.865168539325829,-0.0526315789473684,-5.263157894736847,-0.1578947368421054,-15.78947368421054,47.67441860465116,43.70860927152316,40.71146245059286,0.2908380139288316,0.3074461980875449,-0.0166081841587132,-0.0178639616544361,0.0012557774957228,0.4360338526815564,0.30115,0.0231795622319643,0.3475091244639287,0.2547908755360712,0.3078806207134564,0.3581724724953358,0.0479999999999999,16.666666666666664,0.038,13.194444444444445,0.0342380952380952,11.888227513227513,24293.82,1.2936660434629057,-1081687.0700000003,0.9245382966896216,17.733283135728446,-42.98670642315799,48.34887542390773,23.448275862068947,21.14942528735629,-76.55172413793106,True,False,False,465,128,0,0,0,0,0,0,0,-0.06944444444444431,0
1783036800000,0.288,0.289,0.262,0.268,14353.43,2026-07-03,-0.0694444444444443,-0.0719734996250891,0.0694444444444443,0.0537478393487882,1.0268510289482362,0.0614666554992091,1.1743188044412534,0.0480215024779629,0.917449516642722,0.0517072746429162,0.9878660949816316,0.2824,0.2801109136215717,0.2808,0.2849730517063809,0.29755,0.2974677614134632,0.33462,0.3253541057316456,0.3417,0.3755233174752778,-0.0694444444444443,-6.944444444444432,-0.079037800687285,-7.903780068728511,-0.2117647058823529,-21.176470588235293,50.61728395061729,39.7590361445783,36.32958801498125,0.287324473324396,0.3045242574884674,-0.0171997841640714,-0.0177311261563632,0.0005313419922917,0.1982619374222986,0.29755,0.0224064722792848,0.3423629445585697,0.2527370554414302,0.3012128688191545,0.1702961578280283,0.0347142857142857,12.95309168443496,0.0379285714285714,14.152452025586353,0.0343809523809523,12.828713574982228,24755.5365,0.5798068646179411,-1096040.5000000005,0.9238153829236035,19.07051368012011,-107.7265254810949,52.62401556331001,9.65517241379311,19.770114942528707,-90.34482758620688,False,True,False,465,128,0,0,0,0,0,0,0,0.10820895522388052,1
1783123200000,0.268,0.304,0.265,0.297,29106.78,2026-07-04,0.1082089552238805,0.1027451582918428,0.1082089552238805,0.0771778756232664,1.4744812434507069,0.0663256000602298,1.2671488099361454,0.0546111920675789,1.0433453594809006,0.0531561061166009,1.0155459814208114,0.2837999999999999,0.2857406090810478,0.2835,0.287159769577948,0.2959,0.2974232127074191,0.33334,0.3242421799688756,0.34118,0.3739680775541115,0.0241379310344826,2.4137931034482785,0.0999999999999998,9.999999999999988,-0.1,-10.000000000000009,55.05617977528091,48.45360824742268,43.15068493150684,0.2888130158898735,0.3039669050819143,-0.0151538891920408,-0.0172156787634987,0.0020617895714579,0.694205242915133,0.2959,0.02106606150591,0.3380321230118201,0.2537678769881799,0.2847727138345395,0.5130541724623203,0.0355714285714285,11.976911976911971,0.0384999999999999,12.962962962962962,0.0357619047619047,12.041045374378708,25368.061,1.1473789817834323,-1066933.7200000004,0.9223894983564777,19.8538180849503,-41.795135320315175,53.89520046348687,29.65517241379309,20.91954022988503,-70.34482758620692,True,False,False,465,128,0,0,0,0,0,0,0,-0.01683501683501687,0
1783209600000,0.297,0.319,0.279,0.292,18409.07,2026-07-05,-0.0168350168350168,-0.0169783365344179,0.0168350168350168,0.0711080967319704,1.35851828055709,0.0663921222873188,1.2684197153001924,0.0528998421746762,1.010650065684738,0.0531884596564792,1.0161640949322883,0.2874,0.2878270727206986,0.2848,0.2880398114728665,0.2931,0.2969067162590935,0.3319399999999999,0.3229777807021832,0.3407700000000001,0.3723446170762434,0.0656934306569341,6.569343065693416,0.0465949820788529,4.659498207885289,-0.160919540229885,-16.091954022988507,51.086956521739125,46.70050761421319,39.788732394366185,0.2893033211375853,0.3030804676684391,-0.0137771465308538,-0.0165279723169697,0.0027508257861158,0.9420636253821564,0.2931,0.0171307664130099,0.3273615328260199,0.2588384671739801,0.2337873273696342,0.4839470112795909,0.0365714285714285,12.524461839530328,0.0406428571428571,13.918786692759294,0.0362857142857142,12.426614481409,25360.1495,0.7259054210228532,-1085342.7900000005,0.921502316952466,20.79441337947889,1.0624821216952234,57.70197483032765,26.20689655172412,21.839080459770088,-73.79310344827587,True,False,False,465,128,0,0,0,0,0,0,0,-0.03082191780821919,0
1783296000000,0.292,0.315,0.274,0.283,32598.85,2026-07-06,-0.0308219178082191,-0.0313069046250441,0.0308219178082191,0.0668032532656716,1.276274361612845,0.0657117117937198,1.255420491072306,0.0528811818766829,1.0102935611921466,0.0526900215672649,1.006641448608678,0.2855999999999999,0.2862180484804657,0.2839,0.2871234821141635,0.2904,0.2955822670915607,0.3308,0.3214100245339976,0.34039,0.370575063919656,-0.0308219178082191,-3.082191780821921,-0.0308219178082191,-3.082191780821921,-0.1602373887240357,-16.023738872403573,55.2941176470588,44.87804878048779,39.64912280701752,0.2883335794241106,0.3015930256189251,-0.0132594461948145,-0.0158742670925387,0.0026148208977242,0.9239649815279912,0.2904,0.013774117604836,0.3179482352096721,0.2628517647903279,0.189726137807659,0.3656901259975829,0.0384285714285714,13.579000504795552,0.0425714285714285,15.04290762241292,0.036095238095238,12.754501093723706,26277.3095,1.240570310289948,-1117941.6400000006,0.91992242256837,22.275894860960364,-19.46050096339126,55.216469776481865,19.99999999999997,25.28735632183904,-80.00000000000003,False,True,False,465,128,0,0,0,0,0,0,0,-0.03180212014134254,0
1783382400000,0.283,0.295,0.266,0.274,21539.47,2026-07-07,-0.0318021201413425,-0.0323187912551671,0.0318021201413425,0.0679067060885379,1.297355798193079,0.0599851746384337,1.1460151523375424,0.051638352027364,0.9865493302603888,0.0528272664549616,1.0092635085064674,0.2828,0.2821453656536438,0.2846,0.2847373944570428,0.2882999999999999,0.2935268130828407,0.32958,0.3195508078147145,0.33988,0.3686623125984782,-0.0486111111111109,-4.8611111111110965,0.0262172284644195,2.62172284644195,-0.1329113924050632,-13.291139240506322,38.15789473684211,45.771144278606975,38.69863013698629,0.2861284133588628,0.299549097795301,-0.0134206844364381,-0.0153835505613186,0.0019628661248804,0.7163744981315449,0.2882999999999999,0.0128353951409155,0.313970790281831,0.2626292097181688,0.1780838729228659,0.2214733196172584,0.0394285714285714,14.389989572471316,0.0434285714285714,15.84984358706986,0.0362380952380952,13.225582203684391,25171.8135,0.855697981394944,-1139481.1100000006,0.918862477264866,23.41928657656766,-83.10776942355884,56.89319411452191,13.793103448275874,19.999999999999968,-86.20689655172413,False,True,False,465,128,0,0,0,0,0,0,0,-0.02919708029197088,0
1783468800000,0.274,0.279,0.265,0.266,12663.22,2026-07-08,-0.0291970802919708,-0.0296317976063712,0.0291970802919708,0.0608407567937639,1.162361026463743,0.0545559983788592,1.0422908855385058,0.0516551136092598,0.9868695598328702,0.0525685027672887,1.0043198351949305,0.2824,0.2767635771024292,0.2824,0.2813305954648532,0.28625,0.2909052118368558,0.32852,0.3174507760587731,0.33916,0.3666290060077101,-0.0074626865671642,-0.7462686567164185,-0.0763888888888887,-7.638888888888877,-0.1335504885993484,-13.355048859934849,36.25000000000001,48.93617021276596,38.965517241379295,0.2830317343805762,0.2970639794400935,-0.0140322450595172,-0.0151132894609583,0.0010810444014411,0.4064076697147033,0.28625,0.0129650339477206,0.3121800678954413,0.2603199321045586,0.1811707800554853,0.10952666839025,0.0342857142857142,12.889366272824912,0.0415714285714285,15.628356605800208,0.0349047619047619,13.122090941639811,24749.5975,0.511653573356092,-1152144.3300000003,0.9182328744278884,24.746927256270503,-120.31793343268768,63.904592328258815,8.275862068965525,14.022988505747104,-91.72413793103448,False,True,False,465,128,0,0,0,0,0,0,0,0.011278195488721776,1
1783555200000,0.266,0.28,0.26,0.269,18943.36,2026-07-09,0.0112781954887217,0.01121507082014,0.0112781954887217,0.0182205778042284,0.3481036501744552,0.0546926976187128,1.0449025208488898,0.051730715890146,0.9883139393811357,0.0521846689569081,0.9969867005441264,0.2768,0.2741757180682861,0.2803,0.2790886690166981,0.2846,0.2888190011857267,0.32724,0.3155507455582193,0.3381499999999999,0.3646953952874641,-0.0942760942760941,-9.427609427609418,-0.0724137931034482,-7.241379310344816,-0.1092715231788078,-10.927152317880786,50.79365079365079,47.25274725274724,35.636363636363626,0.2808730060143337,0.2949851661482347,-0.0141121601339009,-0.0149130635955468,0.0008009034616458,0.2977336288646393,0.2846,0.0129549827846186,0.3105099655692372,0.2586900344307628,0.1820798704795305,0.1989575312573586,0.0299999999999999,11.15241635687732,0.0389999999999999,14.498141263940514,0.0353333333333333,13.13506815365551,23599.5505,0.8027000344773516,-1133200.9700000004,0.9172928237695328,25.29159997485627,-108.34999523945564,57.29921896980876,6.474820143884898,9.514595220375414,-93.5251798561151,True,True,False,465,128,0,0,0,0,0,0,0,-0.0037174721189591198,0
1783641600000,0.269,0.277,0.267,0.268,15977.62,2026-07-10,-0.0037174721189591,-0.0037243990909824,0.0037174721189591,0.0195888324312892,0.3742441181203952,0.0519214949081726,0.9919587674027992,0.0516986581092936,0.9877014763379154,0.0519671587940559,0.9928311747176444,0.272,0.2721171453788574,0.2797,0.2770725473772984,0.28285,0.2868362391680385,0.32574,0.3136860103752288,0.33728,0.3627802825024483,-0.0821917808219176,-8.21917808219177,-0.021897810218978,-2.189781021897812,-0.1155115511551154,-11.551155115511545,8.571428571428584,42.94117647058823,36.98113207547168,0.27889254355059,0.2929862649520692,-0.0140937214014791,-0.0147491951567333,0.0006554737552541,0.2445797594232042,0.28285,0.0127000828842003,0.3082501657684007,0.2574498342315993,0.1796016670913962,0.2076790731327776,0.0275714285714285,10.287846481876327,0.0311428571428571,11.620469083155646,0.0344761904761904,12.864250177683012,23482.3995,0.6804083202826015,-1149178.5900000003,0.9165032827823368,25.457965055535453,-92.82945736434095,54.23334742488499,13.333333333333346,9.361338515394571,-86.66666666666666,False,False,True,465,128,0,0,0,0,0,0,0,0.003731343283582156,1
1783728000000,0.268,0.276,0.265,0.269,10794.11,2026-07-11,0.0037313432835821,0.0037243990909824,0.0037313432835821,0.0195232216121803,0.3729906251813591,0.0464863797187976,0.8881210375092398,0.0516691522809592,0.9871377682790934,0.0518986995183176,0.9915232620911154,0.2692,0.2710780969192383,0.2774,0.2756048114905169,0.2810499999999999,0.2851375497234634,0.32442,0.3119336177545572,0.33669,0.3609229121201386,-0.0494699646643108,-4.946996466431081,-0.0787671232876711,-7.876712328767112,-0.1180327868852458,-11.803278688524582,12.90322580645163,50.68493150684931,40.40816326530612,0.2773706137735762,0.2912095045852492,-0.013838890811673,-0.0145671342877212,0.0007282434760482,0.2707224818023096,0.2810499999999999,0.0119228882054769,0.3048957764109538,0.2572042235890461,0.1696906344846384,0.2473347105094751,0.0235714285714285,8.76261285183218,0.0295714285714285,10.993096123207645,0.0335238095238095,12.462382722605769,23585.848,0.4576519784236717,-1138384.4800000004,0.9159704280831212,27.261210898051985,-88.55173781545929,55.62155378196477,15.000000000000014,11.602717825739402,-84.99999999999999,False,True,False,465,128,0,0,0,0,0,0,0,0.018587360594795488,1
1783814400000,0.269,0.295,0.265,0.274,39789.55,2026-07-12,0.0185873605947954,0.018416726786231,0.0185873605947954,0.018390259426664,0.3513454130192985,0.047104251052394,0.8999254527629186,0.0519382149161008,0.9922782027057454,0.0480856525862444,0.9186751027405838,0.2692,0.2720520646128255,0.276,0.2753130275831502,0.2795499999999999,0.2840768307021812,0.3223,0.3104460248549991,0.33643,0.3592013619035909,0.0,0.0,-0.0486111111111109,-4.8611111111110965,-0.0986842105263157,-9.86842105263157,33.3333333333334,44.61538461538462,43.15352697095435,0.2768520578084106,0.2899347264678233,-0.0130826686594127,-0.0142702411620595,0.0011875725026468,0.4334206214039588,0.2795499999999999,0.0107089485454818,0.3009678970909637,0.2581321029090362,0.1532312437200054,0.3704354592696802,0.0221428571428571,8.081334723670487,0.0293571428571428,10.714285714285712,0.0344761904761904,12.582551268682652,24783.776,1.6054676252722748,-1098594.9300000004,0.9140380001034104,28.808560268205287,-35.84915695973615,57.97961030209881,23.33333333333336,17.22222222222222,-76.66666666666664,True,False,False,465,128,0,0,0,0,0,0,0,-0.02919708029197088,0
1783900800000,0.274,0.274,0.265,0.266,11635.28,2026-07-13,-0.0291970802919708,-0.0296317976063712,0.0291970802919708,0.018390259426664,0.3513454130192985,0.0423731111006771,0.809537150900358,0.0514907581266332,0.9837295527462008,0.0460841485915635,0.8804364226134668,0.2692,0.2700347097418837,0.2758,0.2736197498407592,0.2783,0.2823552277781639,0.31932,0.3087030434358596,0.33602,0.3573554704245123,0.0,0.0,-0.0074626865671642,-0.7462686567164185,-0.0859106529209621,-8.591065292096209,34.61538461538461,41.1764705882353,42.62295081967213,0.2751825104532706,0.2881617837665031,-0.0129792733132325,-0.0140120475922941,0.0010327742790616,0.3882610071660302,0.2783,0.0107610408419638,0.2998220816839276,0.2567779183160723,0.1546682118859336,0.2142469724667615,0.0175714285714285,6.605800214822772,0.0279999999999999,10.52631578947368,0.0342380952380952,12.87146437522377,23809.230000000003,0.4886877904073335,-1110230.2100000004,0.9134665740996576,30.08681350498387,-89.71882378192721,53.0350158835603,10.000000000000009,16.111111111111107,-89.99999999999999,False,False,False,465,128,0,0,0,0,0,0,0,-0.003759398496240629,0
1783987200000,0.266,0.274,0.26,0.265,16545.98,2026-07-14,-0.0037593984962406,-0.0037664827954768,0.0037593984962406,0.0173105491443361,0.3307175770391473,0.0189028364031812,0.3611381824055479,0.048876456658475,0.93378339332687,0.0460644357440025,0.8800598091896188,0.2684,0.2683564731612558,0.2726,0.2720525225969848,0.27805,0.2807023489421484,0.3162999999999999,0.3069891985458505,0.33558,0.3555263384549917,-0.0148698884758364,-1.4869888475836444,-0.1077441077441077,-10.774410774410766,-0.0185185185185184,-1.8518518518518532,47.368421052631575,46.28099173553719,42.21311475409836,0.2736159703835366,0.2864460960800954,-0.0128301256965588,-0.013775663213147,0.0009455375165882,0.3568066100333023,0.27805,0.0110190027250675,0.3000880054501351,0.2560119945498649,0.1585182913154833,0.2039205741751909,0.0154285714285714,5.822102425876013,0.0274285714285714,10.35040431266846,0.034095238095238,12.866127583108709,21904.454,0.7553705744046394,-1126776.1900000004,0.91265320206276,32.718094520890425,-97.24828017510951,54.04141897105819,8.333333333333341,13.888888888888884,-91.66666666666666,False,True,False,465,128,0,0,0,0,0,0,0,-0.015094339622641506,0
1784073600000,0.265,0.27,0.258,0.261,23270.81,2026-07-15,-0.0150943396226415,-0.0152094186635287,0.0150943396226415,0.0181757133023119,0.3472465150688513,0.0188528559587824,0.3601833073560583,0.0483446701031472,0.9236236254527496,0.0453405336055412,0.8662296782533225,0.267,0.2659043154408372,0.2694999999999999,0.2700429730338967,0.27715,0.2788259347571818,0.31374,0.3051857005137278,0.33511,0.3536542179944437,-0.0261194029850746,-2.611940298507465,-0.1061643835616437,-10.616438356164377,-0.0645161290322581,-6.451612903225811,30.0,35.51401869158879,41.05691056910568,0.2716750518629925,0.2845612000741624,-0.0128861482111699,-0.0135977602127516,0.0007116120015817,0.2726482764681037,0.27715,0.0116541160563574,0.3004582321127149,0.2538417678872851,0.1681994018597501,0.1535558784145193,0.0151428571428571,5.80186097427477,0.0247142857142857,9.469074986316365,0.0327619047619047,12.552453931764273,21707.4505,1.072019489345375,-1150047.0000000005,0.9115068207905296,32.45121853972872,-105.35051747705532,46.36282710369579,4.838709677419359,7.724014336917551,-95.16129032258064,False,True,False,465,128,0,0,0,0,0,0,0,-0.019157088122605415,0
1784160000000,0.261,0.263,0.254,0.256,14923.11,2026-07-16,-0.0191570881226054,-0.0193429628431309,0.0191570881226054,0.0182629006801798,0.3489122275841758,0.0178228223254572,0.3405045424225038,0.0470682496917581,0.8992376477337214,0.0411053373512012,0.7853163674252329,0.2644,0.2626028769605581,0.2668,0.2674897052095519,0.27535,0.2766520362088788,0.3101,0.3032568494618805,0.33433,0.3517201553876014,-0.0483271375464684,-4.832713754646844,-0.0954063604240281,-9.540636042402816,-0.1232876712328766,-12.328767123287664,25.0,35.18518518518519,40.39999999999999,0.2692635054225322,0.2824455556242245,-0.0131820502016923,-0.0135146182105397,0.0003325680088474,0.1299093784560381,0.27535,0.0120143554485676,0.2993787108971353,0.2513212891028646,0.174532129269187,0.0973566771260528,0.0135714285714285,5.301339285714287,0.0217857142857142,8.510044642857139,0.0305238095238095,11.923363095238091,20840.043,0.7160786568434624,-1164970.1100000006,0.9107677674999596,31.29383068807712,-140.0442735640221,37.7050427441191,3.0769230769230798,5.416322029225241,-96.92307692307692,False,True,False,465,128,0,0,0,0,0,0,0,0.015625,1
1784246400000,0.256,0.277,0.255,0.26,24245.21,2026-07-17,0.015625,0.0155041865359652,0.015625,0.0171275878652127,0.3272221067095134,0.0176364184562507,0.3369433015016825,0.043293578646859,0.8271226586782006,0.0404395524440866,0.7725965646347925,0.2616,0.2617352513070387,0.2653999999999999,0.266127940625997,0.275,0.2750661279985094,0.30712,0.3015605023808052,0.33376,0.3499036240286461,-0.0510948905109489,-5.109489051094895,-0.0510948905109489,-5.109489051094895,-0.0262172284644195,-2.62172284644195,33.33333333333333,45.65217391304348,43.56846473029045,0.2678383507421426,0.280782921874282,-0.0129445711321393,-0.0134006087948597,0.0004560376627203,0.1753991010462825,0.275,0.0123671891884726,0.2997343783769454,0.2502656216230546,0.1798863881959662,0.1967783105076668,0.0152857142857142,5.879120879120881,0.0214285714285714,8.241758241758241,0.0258571428571428,9.945054945054943,21130.6765,1.1473939322292876,-1140724.9000000006,0.9095822107941284,31.35575019272108,-88.5172798216276,44.531176290959245,9.23076923076924,5.71546732837054,-90.76923076923076,True,False,False,465,128,0,0,0,0,0,0,0,-0.0038461538461538325,0
1784332800000,0.26,0.263,0.239,0.259,21805.32,2026-07-18,-0.0038461538461538,-0.0038535693159899,0.0038461538461538,0.0135118129758652,0.2581428244433439,0.0154758630228608,0.2956659479046555,0.0390849620019451,0.7467171505751866,0.0403283995200596,0.7704729910029845,0.2602,0.2608235008713591,0.2647,0.2648319514212703,0.27355,0.2735360205700799,0.30436,0.2998914630307702,0.33308,0.3481032699003176,-0.0263157894736841,-2.6315789473684235,-0.0263157894736841,-2.6315789473684235,-0.1006944444444443,-10.069444444444436,17.391304347826093,20.31250000000001,47.511312217194565,0.2664786044741206,0.2791693721058166,-0.012690767631696,-0.0132586405622269,0.0005678729305309,0.2192559577339567,0.27355,0.0124624699757778,0.2984749399515556,0.2486250600484443,0.1822331562899334,0.2081236699410404,0.0171428571428571,6.618863761720907,0.0203571428571428,7.859900717043574,0.0254285714285714,9.817981246552677,21094.557,1.0336941420481125,-1162530.220000001,0.9085026601515888,29.106031407569223,-138.09673038754846,35.3019052040528,25.000000000000018,12.435897435897424,-74.99999999999997,False,True,False,465,128,0,0,0,0,0,0,0,-0.02316602316602323,0
1784419200000,0.259,0.262,0.235,0.253,31772.23,2026-07-19,-0.0231660231660232,-0.0234385729720175,0.0231660231660232,0.0156033235151764,0.2981010771911588,0.0158826953795237,0.3034384691652352,0.0391972892206002,0.7488631590743628,0.0403875587283089,0.7716032260896146,0.2578,0.2582156672475728,0.2631,0.2626806875264939,0.2717,0.2715802090872152,0.30154,0.2980525820842191,0.33248,0.3462197472732435,-0.0452830188679245,-4.528301886792456,-0.0594795539033458,-5.947955390334577,-0.1275862068965516,-12.758620689655164,19.04761904761905,20.00000000000001,44.03669724770641,0.2644049730165636,0.2772309000979784,-0.0128259270814147,-0.0131720978660645,0.0003461707846497,0.1368263970947633,0.2717,0.0126370382940203,0.2969740765880407,0.2464259234119592,0.186043994023119,0.130055722612463,0.0167142857142857,6.606437041219657,0.0194285714285714,7.679277244494638,0.0251428571428571,9.937888198757763,21718.154,1.4629341886055325,-1194302.450000001,0.9069272356403786,28.180099696594876,-148.9722398813307,27.347076048829194,22.50000000000001,18.910256410256405,-77.49999999999999,False,True,False,465,128,0,0,0,0,0,0,0,0.0,0
1784505600000,0.253,0.267,0.24,0.253,25130.27,2026-07-20,0.0,0.0,0.0,0.0156205133762425,0.2984294890257001,0.0159852141683869,0.3053970878763533,0.0374642593277078,0.715753669459973,0.039184213713416,0.7486133518603657,0.2562,0.2564771114983818,0.2616,0.2609205625216768,0.27065,0.2698106653646233,0.29932,0.2962858141193001,0.3319,0.3443735334798153,-0.0306513409961686,-3.065134099616861,-0.0559701492537313,-5.597014925373139,-0.0766423357664234,-7.664233576642341,20.0,23.21428571428575,40.48780487804878,0.2626503617832462,0.2754360186092393,-0.012785656825993,-0.0130948096580502,0.0003091528320571,0.1221947952795089,0.27065,0.0132913703702148,0.2972327407404296,0.2440672592595703,0.1964362884938452,0.1680176778544856,0.0192857142857143,7.622811970638065,0.0184285714285714,7.284020327498592,0.025095238095238,9.91906644080557,21894.629,1.1477824081878711,-1194302.450000001,0.9056927771950638,26.44962973083079,-114.40677966101688,36.773256135405376,30.00000000000003,25.83333333333333,-69.99999999999997,True,False,False,465,128,0,0,0,0,0,0,0,0.11067193675889331,1
1784592000000,0.253,0.318,0.249,0.281,45373.65,2026-07-21,0.1106719367588933,0.1049651806062255,0.1106719367588933,0.0526126957969957,1.0051641418419843,0.0402687018609764,0.7693324688276161,0.0427963071762656,0.8176223005720489,0.0423400212672663,0.8089049705206959,0.2612,0.2646514076655879,0.2628,0.2645713693359174,0.2701,0.2708763162822782,0.29748,0.2956863704152923,0.33167,0.3431184266393065,0.09765625,9.765625000000009,0.0446096654275094,4.460966542750933,-0.0376712328767121,-3.767123287671217,72.72727272727273,54.66666666666667,53.36538461538462,0.2654733830473621,0.2758481653789252,-0.0103747823315631,-0.0125508041927528,0.0021760218611896,0.7743850039820945,0.2701,0.0125693863687391,0.2952387727374784,0.2449612272625216,0.1861441890964708,0.7167965817947359,0.0271428571428571,9.659379766141337,0.0212857142857142,7.574987290289785,0.0273333333333333,9.727164887307234,23015.2705,1.9714584714526815,-1148928.8000000007,0.9035753777339008,26.78856950415709,68.09583858764223,49.141550641812245,55.42168674698799,35.97389558232933,-44.578313253012006,True,False,False,465,128,0,0,0,0,0,0,0,-0.09608540925266906,0
1784678400000,0.281,0.298,0.243,0.254,43029.66,2026-07-22,-0.096085409252669,-0.1010204023152092,0.096085409252669,0.0741641113221641,1.4169033573237515,0.0509116967295549,0.9726666002886052,0.0477527035564437,0.9123141204577516,0.0431487070198763,0.8243548901309441,0.26,0.2611009384437253,0.2608,0.2626493021839325,0.2684,0.2692690480649183,0.29566,0.2940516107569571,0.3311199999999999,0.3413534497862333,-0.0230769230769231,-2.3076923076923097,-0.072992700729927,-7.299270072992707,-0.1180555555555554,-11.805555555555548,48.48484848484849,43.61702127659574,42.056074766355145,0.2637082471939218,0.2742297827582641,-0.0105215355643423,-0.0121449504670707,0.0016234149027283,0.6391397254836052,0.2684,0.0123177236448913,0.2930354472897826,0.2437645527102173,0.1835726325617185,0.2077382068485458,0.0332857142857143,13.104611923509568,0.0242142857142857,9.533183352080991,0.0275714285714285,10.854893138357705,23595.349,1.8236500761230527,-1191958.460000001,0.9015238592450482,25.469521735302788,-38.56071261134602,44.84777156871637,22.891566265060256,36.10441767068274,-77.10843373493974,False,True,False,465,128,0,0,0,0,0,0,0,0.0,0
1784764800000,0.254,0.261,0.241,0.254,22100.87,2026-07-23,0.0,0.0,0.0,0.0741664117667,1.416947307254899,0.0502925485066209,0.9608377900983848,0.0452971488445879,0.8654008135591259,0.0430992887001537,0.823410754458313,0.259,0.2587339589624835,0.2596,0.2610767017868538,0.2677,0.2678148530111166,0.29398,0.2924809593231476,0.33056,0.3396234329912155,-0.0193050193050192,-1.930501930501932,-0.0451127819548872,-4.5112781954887256,-0.0522388059701492,-5.22388059701493,45.16129032258064,41.75824175824176,41.50943396226416,0.2622146707025491,0.272731280331726,-0.0105166096291768,-0.0118192822994919,0.001302672670315,0.5128632560295586,0.2677,0.012732469889072,0.2931649397781442,0.2422350602218558,0.1902498302438862,0.2310027017664828,0.0348571428571428,13.723284589426326,0.0242142857142857,9.533183352080991,0.0261428571428571,10.29246344206974,23982.721,0.9215330487312094,-1191958.460000001,0.9004538591873575,24.81495890682691,-115.07150715071488,44.62262635563317,22.891566265060256,33.734939759036145,-77.10843373493974,False,True,False,465,128,0,0,0,0,0,0,0,-0.007874015748031482,0
1784851200000,0.254,0.277,0.22,0.252,52077.58,2026-07-24,-0.0078740157480314,-0.0079051795071132,0.0078740157480314,0.0733717793473704,1.401765876199985,0.0503119057892497,0.96120761046374,0.0371784384585705,0.7102930694223798,0.0429159559350905,0.8199081868997666,0.2588,0.256489305974989,0.2583,0.2594263923710622,0.26545,0.2663086765338674,0.2924799999999999,0.2908934706915771,0.3298999999999999,0.3378880741126451,-0.0039525691699604,-0.3952569169960477,-0.0490566037735848,-4.905660377358494,-0.1515151515151515,-15.151515151515149,44.44444444444444,41.30434782608696,44.44444444444444,0.260643182902157,0.2711956299367833,-0.0105524470346263,-0.0115659152465188,0.0010134682118924,0.4021699253541557,0.26545,0.0111613760707147,0.2877727521414294,0.2431272478585706,0.1681879988052697,0.1987378636203691,0.0398571428571428,15.816326530612251,0.0275714285714285,10.94104308390023,0.0275714285714285,10.941043083900228,25131.261,2.0722231168583223,-1244036.0400000007,0.8979374193866733,25.230962986350782,-118.58014420410429,36.46763750660765,32.6530612244898,26.145397918203415,-67.3469387755102,True,True,False,465,128,0,0,0,0,0,0,0,-0.0793650793650793,0
1784937600000,0.252,0.252,0.212,0.232,65802.15,2026-07-25,-0.0793650793650793,-0.0826917158451132,0.0793650793650793,0.0818318707593018,1.5633956956791142,0.0557166770905624,1.064465621189858,0.0404841187936146,0.7734480035470124,0.0441572465636139,0.843623011059517,0.2546,0.248326203983326,0.2554,0.2544397755763236,0.2624499999999999,0.2630411835306419,0.29052,0.288583922778459,0.3289499999999999,0.3357909946322856,-0.0830039525691699,-8.300395256916993,-0.111111111111111,-11.11111111111111,-0.2054794520547944,-20.547945205479444,36.36363636363637,33.33333333333333,35.0,0.2562365393787482,0.2682922499414661,-0.0120557105627179,-0.0116638743097586,-0.0003918362529592,-0.1688949366203702,0.2624499999999999,0.0117000899682701,0.2858501799365402,0.2390498200634597,0.1783210511452868,-0.1506360225130392,0.0421428571428571,18.165024630541875,0.0296428571428571,12.777093596059116,0.0276190476190476,11.904761904761903,27500.915,2.3927258420310737,-1309838.1900000006,0.894699593126145,24.227851653467507,-208.90688259109308,32.476639490228834,18.867924528301906,24.80418400595063,-81.1320754716981,False,True,False,465,128,0,0,0,0,0,0,0,0.01724137931034475,1
1785024000000,0.232,0.258,0.223,0.236,29654.57,2026-07-26,0.0172413793103447,0.0170944333593,0.0172413793103447,0.050925843372412,0.9729368715209004,0.0562614537053087,1.0748735638007056,0.0406504628066312,0.7766260014534389,0.043586824397467,0.8327251108771149,0.2455999999999999,0.2442174693222173,0.2533999999999999,0.2510870891079012,0.2601,0.2604658327181999,0.28832,0.2865218081229282,0.32811,0.3338146711999774,-0.1601423487544485,-16.014234875444853,-0.0781250000000001,-7.812500000000007,-0.166077738515901,-16.607773851590103,39.50617283950616,32.72727272727272,37.00000000000001,0.2531232256281716,0.2659002314272834,-0.0127770057991118,-0.0118865006076293,-0.0008905051914825,-0.3773327082553127,0.2601,0.0120695353768482,0.2842390707536965,0.2359609292463036,0.1856137697323831,0.0008092845432006,0.0432857142857142,18.341404358353515,0.03,12.711864406779666,0.0273809523809523,11.602098466505248,27353.701,1.0841154547971406,-1280183.6200000006,0.893265999632543,22.17420781150249,-142.55765199161402,30.01228626773613,22.641509433962256,24.720831728917968,-77.35849056603774,True,False,False,465,128,0,0,0,0,0,0,0,0.04661016949152552,1
1785110400000,0.236,0.265,0.234,0.247,24577.78,2026-07-27,0.0466101694915255,0.0455565316023672,0.0466101694915255,0.046693665369848,0.8920812243120259,0.0584374988947525,1.116446848771621,0.0420183182011477,0.8027588420723315,0.0442267269216725,0.8449504314363832,0.2442,0.2451449795481449,0.2521,0.2503439819973737,0.25875,0.2591833724593237,0.28634,0.2849719332680274,0.32736,0.3320953435646303,-0.0275590551181103,-2.755905511811026,-0.05,-5.000000000000004,-0.0985401459854015,-9.854014598540154,23.437499999999982,41.59292035398229,44.50261780104712,0.2521811909161451,0.2645002142845217,-0.0123190233683765,-0.0119730051597787,-0.0003460182085977,-0.1400883435618562,0.25875,0.0119422954684223,0.2826345909368446,0.2348654090631554,0.184615195647108,0.2540255131212157,0.0438571428571428,17.755928282244074,0.0315714285714285,12.781954887218047,0.0269047619047619,10.892616155774054,27505.6165,0.8935549581300969,-1255605.8400000003,0.8921000609113406,20.92523781119731,-72.67181995057037,34.673087821665135,33.0188679245283,24.84276729559747,-66.98113207547169,True,False,False,465,128,0,0,0,0,0,0,0,-0.044534412955465674,0
1785196800000,0.247,0.252,0.22,0.236,37687.33,2026-07-28,-0.0445344129554656,-0.0455565316023672,0.0445344129554656,0.0497273175285471,0.9500390674248652,0.0598572410642599,1.1435709848348274,0.042631424784737,0.8144722269049409,0.0444160695259202,0.8485678168113333,0.2406,0.2420966530320966,0.2498,0.2477359852705784,0.25725,0.2569754322251024,0.28436,0.2830514652651231,0.32658,0.3301922210982926,-0.0708661417322835,-7.086614173228353,-0.0888030888030888,-8.880308880308888,-0.1127819548872181,-11.278195488721812,31.249999999999982,38.21138211382113,32.369942196531795,0.2496917769290459,0.262389087300483,-0.0126973103714371,-0.0121178662021104,-0.0005794441693267,-0.2455271903926762,0.25725,0.0128344724945359,0.2829189449890719,0.2315810550109282,0.1995641981657674,0.086075703363599,0.0385714285714285,16.34382566585957,0.0328571428571428,13.922518159806302,0.027047619047619,11.460855528652145,28756.822000000004,1.3105526751182728,-1293293.1700000006,0.8902853569275289,18.348594321943203,-132.84096504185104,33.33597915360485,22.641509433962256,26.10062893081759,-77.35849056603774,False,True,False,465,128,0,0,0,0,0,0,0,0.029661016949152463,1
1785283200000,0.236,0.253,0.234,0.243,15120.23,2026-07-29,0.0296610169491524,0.0292296383149383,0.0296610169491524,0.0534953401841104,1.0220270391804709,0.0606614599748059,1.1589355655472688,0.0431975935759171,0.8252888664726993,0.0445760730449643,0.851624679750504,0.2387999999999999,0.2423977686880644,0.2488,0.2468748970395642,0.25595,0.2556444386798545,0.2824,0.281480819543614,0.32591,0.3284654251192238,-0.0357142857142857,-3.5714285714285747,-0.0395256916996047,-3.9525691699604777,-0.0966542750929368,-9.665427509293687,39.99999999999999,42.85714285714285,36.00000000000001,0.2486622727861157,0.2609528586115583,-0.0122905858254426,-0.0121524101267768,-0.0001381756986657,-0.0568624274344654,0.25595,0.0128982862999764,0.2817465725999529,0.230153427400047,0.2015750935725957,0.248997663355797,0.0334285714285714,13.756613756613758,0.0333571428571428,13.727219282774843,0.0272857142857142,11.228689006466787,28565.665500000003,0.5293148167684032,-1278172.9400000006,0.8895682413519717,17.26154121332675,-80.89668615984402,37.27977358844725,29.245283018867923,28.30188679245281,-70.75471698113208,True,False,False,465,128,0,0,0,0,0,0,0,0.016460905349794164,1
1785369600000,0.243,0.258,0.242,0.247,12742.98,2026-07-30,0.0164609053497941,0.0163268932874286,0.0164609053497941,0.034450581501052,0.658177435425,0.0609554666778227,1.1645525557215408,0.0434439882407126,0.8299962299339687,0.044677516470915,0.8535627536820252,0.2417999999999999,0.2439318457920429,0.2482,0.2468976430323707,0.2549,0.2548211588055826,0.2806,0.2801286305213592,0.32523,0.3268520493375271,0.0646551724137929,6.465517241379304,-0.0237154150197628,-2.3715415019762864,-0.0783582089552239,-7.835820895522394,45.61403508771929,46.4,39.41176470588236,0.2484065385113286,0.2599193135292207,-0.011512775017892,-0.0120244831049999,0.0005117080871078,0.2071692660355787,0.2549,0.0127192353296454,0.2803384706592909,0.2294615293407091,0.1995956897551265,0.3447233698556733,0.0328571428571428,13.302486986697517,0.0338571428571428,13.70734528629266,0.0270952380952381,10.969732022363605,28403.933500000003,0.4486343414372519,-1265429.960000001,0.8889703950216816,17.342801245429484,-42.83194759385232,40.30273156510312,33.0188679245283,28.301886792452805,-66.98113207547169,True,False,False,465,128,0,0,0,0,0,0,0,-0.07287449392712542,0
1785456000000,0.247,0.249,0.228,0.229,21442.68,2026-07-31,-0.0728744939271254,-0.0756663330737374,0.0728744939271254,0.0512236810304227,0.9786270519875636,0.0504081150165944,0.9630456851713044,0.0460989774903778,0.8807197283275208,0.0452246699686703,0.8640161065789974,0.2404,0.2389545638613619,0.2429999999999999,0.2436435261173942,0.2529,0.2523620008240986,0.27818,0.2781235861579193,0.32437,0.3249141506445878,-0.0296610169491524,-2.966101694915245,-0.1850533807829182,-18.505338078291818,-0.1486988847583643,-14.869888475836431,47.27272727272727,38.84892086330935,37.43016759776536,0.2454209172018935,0.2576289940085376,-0.0122080768066441,-0.0120612018453287,-0.0001468749613154,-0.0641375376923229,0.2529,0.013505944110586,0.2799118882211722,0.2258881117788278,0.2136171468657348,0.0576021971454228,0.0277142857142857,12.102308172177167,0.0337857142857142,14.753587024329384,0.0276190476190476,12.060719484300272,28936.362,0.741028882621803,-1286872.6400000006,0.8879454811261108,15.458402749188886,-115.04335551522476,35.07047811951561,16.037735849056617,26.100628930817592,-83.96226415094338,False,True,False,465,128,0,0,0,0,0,0,0,-0.08296943231441056,0
1785542400000,0.229,0.233,0.202,0.21,35678.61,2026-08-01,-0.0829694323144105,-0.086614472836771,0.0829694323144105,0.0514044292876246,0.9820802425927502,0.0483086386030235,0.9229352446094478,0.0486540846644482,0.9295349823462188,0.0464256589227023,0.8869609683287023,0.233,0.2293030425742413,0.2385999999999999,0.2375265213687771,0.2497,0.2483275245551368,0.27554,0.2754520729377873,0.32333,0.3226383531471439,-0.1497975708502024,-14.979757085020246,-0.1732283464566929,-17.322834645669296,-0.2335766423357664,-23.35766423357665,31.428571428571445,34.39490445859873,35.26315789473685,0.2399715453246791,0.2541009203782756,-0.0141293750535964,-0.0124748364869823,-0.0016545385666141,-0.7878755079115143,0.2497,0.0156544932175152,0.2810089864350306,0.2183910135649694,0.2507728188628798,-0.1340032770205086,0.0264285714285714,12.585034013605442,0.0342857142857142,16.326530612244902,0.0285714285714285,13.60544217687075,28730.815,1.241823804858999,-1322551.2500000007,0.8861943130063261,16.298738883642663,-211.69590643274836,34.41247482889517,6.896551724137915,18.651051832574257,-93.10344827586208,False,True,False,465,128,0,0,0,0,0,0,0,0.0,0
1785628800000,0.21,0.24,0.208,0.21,37003.87,2026-08-02,0.0,0.0,0.0,0.0522914244051245,0.999026260518538,0.0483086386030235,0.9229352446094478,0.0485514599295061,0.927574339538104,0.0464402330677182,0.8872394069782731,0.2278,0.2228686950494942,0.2341999999999999,0.2325216993017267,0.2469,0.2446772841213142,0.27294,0.2728853249448553,0.32228,0.3204076315257695,-0.1101694915254237,-11.016949152542372,-0.1732283464566929,-17.322834645669296,-0.2105263157894737,-21.052631578947377,18.644067796610173,35.76158940397352,34.22459893048129,0.2353605383516515,0.2508341855354403,-0.0154736471837887,-0.0130745986263436,-0.0023990485574451,-1.1424040749739,0.2469,0.0174865361741805,0.281873072348361,0.211926927651639,0.2832974673824303,-0.0275487328142807,0.026,12.38095238095238,0.0346428571428571,16.496598639455787,0.0286666666666666,13.650793650793652,29999.2445,1.2334933968087096,-1322551.2500000007,0.8843993646909576,15.073693952375352,-161.6300366300365,41.46660330908118,6.896551724137915,9.943613099110792,-93.10344827586208,True,False,False,465,128,0,0,0,0,0,0,0,0.10476190476190483,1
1785715200000,0.21,0.237,0.2,0.232,67709.1,2026-08-03,0.1047619047619048,0.0996298409488413,0.1047619047619048,0.0761592284650592,1.4550200168188328,0.0620481093304492,1.1854274642893308,0.0549953658457622,1.050684989207456,0.0490144841207849,0.9364204042916502,0.2255999999999999,0.2259124633663295,0.2322,0.2324268448832309,0.24525,0.2434699237288081,0.27098,0.2712819788478284,0.32141,0.3186567859581651,-0.045267489711934,-4.526748971193408,-0.0793650793650793,-7.936507936507932,-0.1245283018867924,-12.452830188679243,47.14285714285716,43.930635838150295,41.34615384615385,0.2348435324513974,0.2494390606809633,-0.0145955282295658,-0.013378784546988,-0.0012167436825777,-0.5244584838697335,0.24525,0.0172439920888523,0.2797379841777047,0.2107620158222953,0.2812475773920873,0.3079041104326753,0.0268571428571428,11.576354679802954,0.0353571428571428,15.240147783251231,0.03,12.931034482758625,32557.4005,2.079683849452293,-1254842.1500000006,0.8811578603413276,15.210248574224089,-121.2510711225362,45.62426924372744,27.11864406779661,13.637249172024124,-72.88135593220339,False,True,False,465,128,0,0,0,0,0,0,0,-0.0862068965517242,0
1785801600000,0.232,0.232,0.205,0.212,30698.62,2026-08-04,-0.0862068965517242,-0.0901510969942975,0.0862068965517242,0.0819018541659592,1.5647327267859676,0.0629716764892501,1.2030721900831125,0.057891528763209,1.1060161040543826,0.0495142364442761,0.9459681590258656,0.2186,0.221274975577553,0.2302,0.2287128730862798,0.2428,0.2404727881355883,0.26826,0.2689571953346818,0.32024,0.3165445345999209,-0.1417004048582996,-14.17004048582996,-0.0862068965517242,-8.620689655172422,-0.1877394636015326,-18.773946360153264,31.325301204819297,29.09090909090908,37.44493392070484,0.2313291428434901,0.2466657969268178,-0.0153366540833276,-0.0137703584542559,-0.0015662956290717,-0.7388186929583498,0.2428,0.0183348962651864,0.2794697925303728,0.2061302074696271,0.3020575990969754,0.0800358022957314,0.0261428571428571,12.331536388140162,0.0323571428571428,15.262803234501352,0.0306190476190476,14.442946990116804,32928.791,0.9322729158200798,-1285540.7700000007,0.8796838595212946,16.591498574224094,-133.97320535892803,37.05623755646256,12.24489795918366,15.420031250372707,-87.75510204081634,False,False,True,465,128,0,0,0,0,0,0,0,-0.03301886792452835,0
1785888000000,0.212,0.212,0.203,0.205,18871.9,2026-08-05,-0.0330188679245283,-0.0335762955336043,0.0330188679245283,0.0782339580375792,1.494657669646258,0.0628110227832945,1.2000029053404395,0.0581052363090943,1.1100989809857174,0.0495279655988312,0.9462304541553488,0.2138,0.2158499837183687,0.2271,0.2244014416160472,0.24025,0.2370944273607703,0.26562,0.2664490699974642,0.319,0.3143354902178333,-0.1048034934497817,-10.480349344978174,-0.1313559322033898,-13.135593220338984,-0.1992187500000001,-19.921875000000007,25.58139534883722,33.103448275862064,34.93449781659389,0.2272785054829532,0.2435794415989054,-0.0163009361159521,-0.0142764739865952,-0.0020244621293569,-0.9875425021253458,0.24025,0.0198835425203965,0.2800170850407931,0.2004829149592069,0.3310475341585271,0.0567942688803996,0.0247142857142857,12.055749128919862,0.0290714285714285,14.18118466898955,0.0304761904761904,14.866434378629506,33126.2305,0.5696965732337098,-1304412.6700000006,0.8787678033699002,18.24794192581441,-153.01739826745268,39.60088902732724,6.493506493506462,15.285682840162222,-93.50649350649354,False,True,False,465,128,0,0,0,0,0,0,0,-0.04390243902439017,0
1785974400000,0.205,0.211,0.19,0.196,43136.77,2026-08-06,-0.0439024390243901,-0.0448953199078908,0.0439024390243901,0.0720122047434285,1.3757912398628864,0.0598444125356599,1.1433258961400563,0.0582777989750967,1.1133957860906216,0.049188454058347,0.9397440952819516,0.211,0.2092333224789124,0.2219999999999999,0.2192375431404022,0.2370499999999999,0.2331806723740303,0.26322,0.2636863613383898,0.31767,0.31199196182951,-0.0666666666666665,-6.66666666666666,-0.2064777327935222,-20.647773279352226,-0.2461538461538461,-24.615384615384613,28.571428571428584,31.168831168831176,34.78260869565217,0.222466427716345,0.240055038517505,-0.0175886108011599,-0.0149389013495081,-0.0026497094516518,-1.3518925773733688,0.2370499999999999,0.0216125572661237,0.2802751145322475,0.1938248854677524,0.3646919597742884,0.0251603096461993,0.0254285714285714,12.973760932944604,0.0291428571428571,14.868804664723031,0.031047619047619,15.840621963070944,34070.8085,1.2660917629823782,-1347549.4400000006,0.8766594692164323,19.939583617456098,-160.97113128634095,38.53749790048483,6.896551724137935,8.544985392275997,-93.10344827586206,False,True,False,465,128,0,0,0,0,0,0,0,0.0,0
1786060800000,0.196,0.2,0.19,0.196,23583.56,2026-08-07,0.0,0.0,0.0,0.0720122047434285,1.3757912398628864,0.0595766020803878,1.13820938457622,0.0583139213059759,1.1140859022530696,0.0491151589194226,0.9383437936189768,0.2082,0.2048222149859416,0.218,0.2150125352966927,0.2339,0.229639655957456,0.2609999999999999,0.2610319941977967,0.31593,0.3096948498010273,-0.0666666666666665,-6.66666666666666,-0.1694915254237287,-16.949152542372875,-0.2432432432432432,-24.324324324324323,37.93103448275864,31.57894736842105,34.93449781659389,0.2183946696061381,0.2367917023310231,-0.018397032724885,-0.0156305276245835,-0.0027665051003014,-1.4114821940313769,0.2339,0.0228032776961285,0.279506555392257,0.188293444607743,0.389966270989799,0.084489557761749,0.0238571428571428,12.17201166180758,0.0257857142857142,13.155976676384835,0.0304761904761904,15.549076773566572,34159.7205,0.6903908947381465,-1347549.4400000006,0.8755061225948587,22.459037792539416,-150.7311586051742,41.65213557674168,8.000000000000005,7.130019405881446,-92.0,False,False,False,465,128,0,0,0,0,0,0,0,0.010204081632652962,1
1786147200000,0.196,0.203,0.196,0.198,12506.75,2026-08-08,0.0102040816326529,0.0101523714640179,0.0102040816326529,0.0383283989899593,0.7322630345263473,0.0581919592715681,1.1117558208573957,0.0584617436700187,1.1169100445527047,0.0491641331531634,0.9392794450408376,0.2013999999999999,0.2025481433239611,0.2134999999999999,0.2119193470609304,0.23115,0.2266263553900792,0.25892,0.2585601512618787,0.31403,0.3074828426519364,-0.146551724137931,-14.655172413793103,-0.1851851851851851,-18.518518518518512,-0.217391304347826,-21.73913043478261,40.00000000000002,37.3134328358209,36.123348017621154,0.2152570281282707,0.2339182428990955,-0.0186612147708248,-0.0162366650538318,-0.002424549716993,-1.2245200590873744,0.23115,0.0236782711851676,0.2785065423703352,0.1837934576296647,0.4097472841906573,0.1499955619567613,0.0204285714285714,10.317460317460316,0.0234285714285714,11.83261183261183,0.0296666666666666,14.983164983164984,33196.4465,0.376749662045906,-1335042.6900000006,0.8748993556179626,24.738125127509456,-118.50172899776246,50.22615012158512,10.666666666666677,8.52107279693485,-89.33333333333331,True,False,False,465,128,0,0,0,0,0,0,0,0.010101010101010166,1
1786233600000,0.198,0.212,0.195,0.2,26882.74,2026-08-09,0.0101010101010101,0.0100503358535015,0.0101010101010101,0.0254103537621687,0.4854641269818767,0.0577977389739694,1.104224252646913,0.0586012466435133,1.1195752451190892,0.0492031983626466,0.940025784820073,0.199,0.201698762215974,0.2088,0.2097521930498521,0.2285,0.2240905120195955,0.25686,0.2562636747184178,0.31136,0.3053542545247938,-0.0566037735849055,-5.660377358490558,-0.1902834008097165,-19.028340080971653,-0.2094861660079051,-20.94861660079051,10.0,36.36363636363638,37.5,0.2129097930316136,0.2314057804621255,-0.0184959874305118,-0.0166885295291678,-0.001807457901344,-0.9037289506720144,0.2285,0.0240667930210559,0.2766335860421118,0.1803664139578881,0.4213005342854429,0.203948922743202,0.0182857142857142,9.142857142857142,0.0221428571428571,11.071428571428568,0.0291904761904761,14.595238095238097,33284.06999999999,0.8076758641596418,-1308159.950000001,0.8736052261365259,27.290185707092974,-94.66060299814724,49.30904694912049,13.333333333333345,10.666666666666654,-86.66666666666666,True,True,False,465,128,0,0,0,0,0,0,0,-0.0050000000000000044,0
1786320000000,0.2,0.212,0.196,0.199,31085.03,2026-08-10,-0.005,-0.0050125418235442,0.005,0.0223328020236128,0.4266675835734986,0.0547225970738923,1.0454737491380266,0.0513139769251514,0.9803521526341272,0.0491646498548716,0.9392893166131124,0.1978,0.2007991748106493,0.2057999999999999,0.2077972488589699,0.2244,0.2217009394463007,0.25474,0.2540180403937622,0.30921,0.3032480211482325,-0.0292682926829267,-2.926829268292672,-0.131004366812227,-13.100436681222709,-0.2918149466192171,-29.181494661921715,19.04761904761908,30.327868852459037,36.19909502262444,0.2107698248729039,0.2290053522797458,-0.0182355274068419,-0.0169979291047026,-0.0012375983021392,-0.6219086945423561,0.2244,0.021500061199483,0.2674001223989661,0.1813998776010339,0.3832452976734944,0.2046520034951024,0.0152857142857142,7.681263460157931,0.0210714285714285,10.588657573582196,0.0286666666666666,14.40536013400335,32569.639000000003,0.9544173946785224,-1339244.980000001,0.8721149943623548,30.22208694440909,-86.3976083707025,45.59162822595661,13.23529411764707,12.411764705882344,-86.76470588235293,False,False,False,465,128,0,0,0,0,0,0,0,-0.025125628140703515,0
1786406400000,0.199,0.205,0.192,0.194,30333.99,2026-08-11,-0.0251256281407035,-0.0254466656611642,0.0251256281407035,0.0145186284599049,0.2773780072576382,0.0492407486195252,0.9407431814704356,0.0478068626095476,0.9133488277144604,0.0492250066251366,0.940442431089928,0.1974,0.1985327832070995,0.2042,0.205288658157339,0.2213999999999999,0.2190627547371292,0.25254,0.2516643917287432,0.30705,0.3010844840304961,-0.010204081632653,-1.0204081632653068,-0.0761904761904761,-7.619047619047612,-0.2362204724409449,-23.62204724409449,21.0526315789474,31.89655172413795,35.55555555555557,0.2081898518155341,0.2264123632219868,-0.0182225114064527,-0.0172428455650526,-0.0009796658414001,-0.5049823924742891,0.2213999999999999,0.0213378832867853,0.2640757665735706,0.1787242334264293,0.3855082797973861,0.1789747179729752,0.0132857142857142,6.8483063328424105,0.0197142857142857,10.162002945508098,0.026,13.402061855670103,31934.8555,0.9498709020305416,-1369578.970000001,0.8706556038071697,33.215099366769344,-97.52288132945988,47.246116898359766,5.8823529411764754,10.816993464052276,-94.11764705882352,False,True,False,465,128,0,0,0,0,0,0,0,-0.05670103092783507,0
1786492800000,0.194,0.194,0.18,0.183,50156.77,2026-08-12,-0.056701030927835,-0.0583720062219072,0.056701030927835,0.0282508141503615,0.5397310465016522,0.0515774664076156,0.9853861121283796,0.0487122575796438,0.9306463743305156,0.0494661404044373,0.9450492854749432,0.1948,0.193355188804733,0.2015,0.2012361748560047,0.21785,0.2156282066669264,0.25038,0.2489716704601575,0.30472,0.298745954961216,-0.0663265306122449,-6.632653061224496,-0.1285714285714285,-12.857142857142856,-0.2795275590551181,-27.95275590551181,19.04761904761905,25.00000000000001,34.78260869565217,0.2043144899977596,0.2231966326129508,-0.0188821426151911,-0.0175707049750803,-0.0013114376401108,-0.7166325902244941,0.21785,0.0215340000440541,0.2609180000881084,0.1747819999118916,0.3953913251146051,0.0954072637607501,0.0139999999999999,7.650273224043715,0.0193571428571428,10.577673692427789,0.024047619047619,13.1407754358574,33337.6505,1.504508243614828,-1419735.7400000007,0.8682159521778626,36.62493371633625,-126.96636199713993,39.877812348899525,3.84615384615385,7.654600301659111,-96.15384615384616,False,True,False,465,128,0,0,0,0,0,0,0,0.010928961748633892,1
1786579200000,0.183,0.186,0.17,0.185,44678.84,2026-08-13,0.0109289617486338,0.0108696722369038,0.0109289617486338,0.0284030627657995,0.5426397522154565,0.0331030706217533,0.6324332762235944,0.0490399467309827,0.9369068667764332,0.0486570109602385,0.9295908891487916,0.1921999999999999,0.190570125869822,0.1968,0.1982841430640038,0.2145,0.2127112346034096,0.24868,0.2464629774791652,0.3023,0.2964933497754384,-0.0656565656565657,-6.565656565656572,-0.2025862068965518,-20.258620689655174,-0.2658730158730159,-26.58730158730159,26.08695652173914,23.72881355932205,35.344827586206904,0.2013430299981043,0.2203672524193989,-0.0190242224212945,-0.0178614084643232,-0.0011628139569713,-0.6285480848493923,0.2145,0.0211498413581823,0.2567996827163648,0.1722003172836352,0.3944026360500212,0.151297620861502,0.0132857142857142,7.181467181467179,0.0193571428571428,10.46332046332046,0.0238571428571428,12.895752895752896,32967.7135,1.355230170876121,-1375056.9000000006,0.8660404713693238,40.45099191739445,-133.2096474953619,34.24687089433394,18.987341772151883,9.571949519827385,-81.0126582278481,False,True,False,465,128,0,0,0,0,0,0,0,-0.06486486486486487,0
1786665600000,0.185,0.185,0.164,0.173,32076.68,2026-08-14,-0.0648648648648648,-0.0670642305805458,0.0648648648648648,0.0325398878840272,0.6216736851269706,0.0289178574166473,0.5524748902103007,0.0481242613687891,0.9194127224954032,0.0490020039805795,0.9361819715478108,0.1868,0.184713417246548,0.1929,0.1936870261432758,0.21155,0.2089292122602277,0.24656,0.2435820763775308,0.29979,0.2940477133874772,-0.1350000000000001,-13.500000000000012,-0.1839622641509434,-18.396226415094343,-0.2543103448275863,-25.43103448275863,12.121212121212125,25.00000000000001,25.0,0.1969825638445498,0.2168585670549989,-0.0198760032104491,-0.0182643274135484,-0.0016116757969007,-0.9316045068790504,0.21155,0.0226424728982939,0.2568349457965879,0.1662650542034121,0.4281252261554041,0.0743618621830754,0.0148571428571428,8.587943848059451,0.0193571428571428,11.189099917423617,0.0221428571428571,12.799339388934763,31281.44,1.0254221033302815,-1407133.5800000003,0.864472727999652,44.43313477453732,-136.81159420289848,34.04650918542413,11.842105263157872,11.558533627154516,-88.15789473684212,False,True,False,465,128,0,0,0,0,0,0,0,-0.10982658959537572,0
1786752000000,0.173,0.176,0.151,0.154,41117.15,2026-08-15,-0.1098265895953757,-0.1163389920841497,0.1098265895953757,0.0452003055418802,0.8635506248587596,0.0406555052863258,0.7767223378927391,0.0520825325238988,0.995035386731341,0.0503964634179047,0.9628230816908984,0.1778,0.1744756114976986,0.1878,0.1864712032081348,0.20745,0.2036978587116346,0.2438,0.2400690537463486,0.29721,0.2912742428758688,-0.2261306532663317,-22.613065326633173,-0.248780487804878,-24.8780487804878,-0.347457627118644,-34.7457627118644,4.0,25.00000000000001,25.961538461538467,0.190369861714619,0.2122023769027768,-0.0218325151881577,-0.0189779649684702,-0.0028545502196874,-1.853604038758109,0.20745,0.0252554840319252,0.2579609680638504,0.1569390319361495,0.4869700464097415,-0.0290930074081569,0.0174285714285714,11.317254174397029,0.0189285714285714,12.291280148423002,0.0214285714285714,13.914656771799628,31854.569,1.2907771566458803,-1448250.7300000004,0.8624339196297033,47.615787145830666,-162.4186251793004,34.45269992116012,3.370786516853936,11.40007785072121,-96.62921348314606,False,True,False,465,128,0,0,0,0,0,0,0,-0.11038961038961026,0
1786838400000,0.154,0.16,0.104,0.137,86718.27,2026-08-16,-0.1103896103896102,-0.1169716765855041,0.1103896103896102,0.0497415480556028,0.9503109412625248,0.0483577427729947,0.9238733784595056,0.0533598890019889,1.0194392479795804,0.0512547619779306,0.9792208526559418,0.1664,0.1619837409984657,0.1819,0.1774764389884739,0.20195,0.1973456816914789,0.2412,0.2360271300389122,0.2943699999999999,0.2882190390895423,-0.2938144329896907,-29.381443298969067,-0.3010204081632652,-30.102040816326525,-0.4453441295546558,-44.53441295546558,3.030303030303031,21.70542635658916,24.0,0.1821591137585238,0.206631830465534,-0.0244727167070102,-0.0200769153161782,-0.0043958013908319,-3.208614153891945,0.20195,0.0280159259219786,0.2579818518439572,0.1459181481560427,0.5549081638421117,-0.0795810584743731,0.0229999999999999,16.788321167883208,0.0206428571428571,15.06777893639207,0.0224285714285714,16.371220020855056,34961.5935,2.480386656288993,-1534969.0000000005,0.8580105810631516,53.03721929340181,-220.9592969716105,24.53102277293442,24.81203007518798,13.341640618399907,-75.18796992481201,False,True,False,465,128,0,0,0,0,0,0,0,-0.07299270072992703,0
1786924800000,0.137,0.148,0.125,0.127,46149.81,2026-08-17,-0.072992700729927,-0.0757938393695336,0.072992700729927,0.049499167057177,0.9456802587895792,0.0481525864589898,0.9199538725838544,0.0542061451503968,1.0356069489937052,0.0502602081093768,0.9602199276765828,0.1552,0.1503224939989771,0.175,0.1682989046269332,0.1965,0.1906460929589571,0.2379799999999999,0.2317515562802793,0.2916,0.2850263080612495,-0.3060109289617486,-30.60109289617486,-0.3520408163265306,-35.204081632653065,-0.461864406779661,-46.1864406779661,2.8169014084507182,5.128205128205138,23.17596566523605,0.1736730962572124,0.200733176356976,-0.0270600800997635,-0.0214735482728953,-0.0055865318268681,-4.398843958163935,0.1965,0.0314366530963044,0.2593733061926089,0.1336266938073911,0.6399318696448741,-0.0526987859290444,0.0239999999999999,18.89763779527559,0.0196428571428571,15.466816647919009,0.022047619047619,17.360329958755152,35384.7175,1.304229997031911,-1581118.8100000003,0.8556773126491407,57.84664306290962,-190.20523295399275,9.335535472930204,17.968750000000007,15.38385553068062,-82.03125000000001,False,False,True,465,128,0,0,0,0,0,0,0,0.15748031496062986,1
1787011200000,0.127,0.153,0.125,0.147,71395.68,2026-08-18,0.1574803149606298,0.1462455003201449,0.1574803149606298,0.1124006606205527,2.1474116059565502,0.0785844108600405,1.501353061418325,0.0674213575790702,1.2880832279393952,0.0558044323312872,1.066142182709831,0.1476,0.1492149959993181,0.1699,0.1644263765129453,0.1917,0.1864893222009612,0.23512,0.2284279658143021,0.28918,0.2822928832263938,-0.2054054054054054,-20.540540540540544,-0.2575757575757577,-25.75757575757576,-0.3950617283950617,-39.50617283950618,27.5,22.22222222222221,31.759656652360505,0.1695695429868721,0.196752941071274,-0.0271833980844019,-0.0226155182351966,-0.0045678798492052,-3.1074012579627777,0.1917,0.0312916669587175,0.2542833339174352,0.1291166660825648,0.6529299313243104,0.1428761684462849,0.0261428571428571,17.784256559766764,0.0197142857142857,13.411078717201164,0.0218571428571428,14.868804664723031,38198.490000000005,1.869070740754412,-1509723.1300000006,0.8521384076748915,58.85954628871608,-140.84251575749323,20.41068991961221,39.81481481481482,27.53186496333425,-60.18518518518518,True,False,False,465,128,0,0,0,0,0,0,0,0.19047619047619047,1
1787097600000,0.147,0.202,0.145,0.175,68064.04,2026-08-19,0.1904761904761904,0.1743533871447777,0.1904761904761904,0.1500478664608678,2.8666604636322592,0.1044111789822875,1.9947727735789904,0.0823223672503415,1.5727666179826358,0.0623539168840422,1.1912699093972985,0.148,0.1578099973328787,0.1674,0.1663488535105916,0.1881,0.1853951010389649,0.23314,0.226332751454341,0.2869,0.280168095961385,0.0115606936416186,1.156069364161851,-0.1250000000000001,-12.50000000000001,-0.2914979757085021,-29.149797570850204,45.283018867924525,39.130434782608695,38.132295719844365,0.1704049979119687,0.1951416121030315,-0.0247366141910627,-0.0230397374263698,-0.0016968767646929,-0.9696438655388094,0.1881,0.0286225895331226,0.2453451790662453,0.1308548209337546,0.6086675073497645,0.3855798845100965,0.0322857142857142,18.448979591836736,0.0231428571428571,13.224489795918364,0.0236666666666666,13.523809523809522,40964.543,1.6615354405393952,-1441659.0900000003,0.8489492125018653,56.41541944267535,-44.59292958013457,31.02092646848644,65.74074074074073,41.174768518518505,-34.25925925925927,True,False,False,465,128,0,0,0,0,0,0,0,0.1657142857142857,1
1787184000000,0.175,0.22,0.172,0.204,61872.67,2026-08-20,0.1657142857142857,0.1533340199207023,0.1657142857142857,0.1451190525583417,2.7724956062421846,0.1181213748782473,2.25670569838903,0.0902468405816347,1.724163468399373,0.066220616161324,1.265143095363791,0.158,0.1732066648885858,0.1679,0.1731945165086658,0.18685,0.1871669961781111,0.2313799999999999,0.2254569572739171,0.28506,0.2786596945615734,0.3246753246753247,32.467532467532465,0.0251256281407032,2.51256281407034,-0.109170305676856,-10.9170305676856,62.60162601626016,52.531645569620245,42.18181818181818,0.1755734597716658,0.1957977889842884,-0.0202243292126226,-0.0224766557836204,0.0022523265709978,1.104081652449914,0.18685,0.0272556609282229,0.2413613218564459,0.1323386781435541,0.5834768194428246,0.6573067705564363,0.0368571428571428,18.067226890756302,0.0250714285714285,12.289915966386555,0.0251904761904761,12.348272642390288,42986.0425,1.4393665106528477,-1379786.4200000006,0.8461810390284391,52.41109043834634,32.807602871297064,42.157406439084006,86.20689655172413,63.920817369093214,-13.793103448275874,True,False,False,465,128,0,0,0,0,0,0,0,0.10784313725490202,1
1787270400000,0.204,0.279,0.203,0.226,123577.39,2026-08-21,0.107843137254902,0.1024150054280695,0.107843137254902,0.1064488402928731,2.033702238256532,0.1213590795088383,2.3185619585035626,0.0913235282851005,1.7447335580914456,0.0681016497878425,1.3010801923388398,0.1758,0.1908044432590572,0.1710999999999999,0.1827955135070902,0.18765,0.1908653774944815,0.2301399999999999,0.225478253067231,0.28361,0.2776168454726387,0.6496350364963503,64.96350364963503,0.1649484536082475,16.49484536082474,0.0761904761904763,7.619047619047627,78.57142857142857,58.33333333333333,48.25174825174825,0.1833313890375634,0.198034989800267,-0.0147036007627036,-0.020922044779437,0.0062184440167334,2.7515239012094748,0.18765,0.0281897237715885,0.2440294475431772,0.1312705524568228,0.6009000537508894,0.8401062059949269,0.0447142857142857,19.785082174462705,0.0297857142857142,13.179519595448795,0.0278095238095238,12.305099030762747,47380.9815,2.608164417193426,-1256209.0300000007,0.8410368937648447,50.16458861737645,137.59859772129715,57.254156655042,69.71428571428571,73.88730766891685,-30.28571428571429,True,False,False,465,128,0,0,0,0,0,0,0,-0.0663716814159293,0
1787356800000,0.226,0.237,0.21,0.211,38772.94,2026-08-22,-0.0663716814159293,-0.0686768657962195,0.0663716814159293,0.1036113081383201,1.979491262561894,0.1220901647972235,2.3325293233264657,0.0928033636772197,1.7730057735606228,0.0680414980844873,1.299930995659835,0.1926,0.1975362955060381,0.1739,0.1879236019603465,0.1877,0.1927829605902451,0.229,0.2249104784337061,0.2818099999999999,0.2762975972720112,0.6614173228346456,66.14173228346456,0.1530054644808742,15.30054644808743,0.0047619047619047,0.4761904761904766,79.83870967741935,53.36787564766839,44.55782312925171,0.1875880984163998,0.1989953609261731,-0.0114072625097733,-0.0190190883255043,0.0076118258157309,3.6075003866023674,0.1877,0.0282323069885798,0.2441646139771597,0.1312353860228403,0.601647458467338,0.7063239111970637,0.045,21.32701421800948,0.0312142857142857,14.793500338524035,0.0276190476190476,13.089596027984651,47469.435,0.8167980090767881,-1294981.970000001,0.8393967559429918,48.40791978198282,88.90836498198449,52.71209915619528,61.142857142857125,72.35467980295563,-38.85714285714287,False,False,True,465,128,0,0,0,0,0,0,0,-0.08056872037914686,0
1787443200000,0.211,0.218,0.188,0.194,19577.96,2026-08-23,-0.0805687203791468,-0.0839999744127383,0.0805687203791468,0.1286073906348967,2.457040748127649,0.1262691243005205,2.4123682325344555,0.0914721662748882,1.7475732828990576,0.0669978829150897,1.279992755843949,0.202,0.1963575303373587,0.1748,0.1890284016039199,0.1858,0.1928988691054599,0.22694,0.223698302801804,0.28014,0.2746678174634078,0.3197278911564627,31.972789115646272,0.0486486486486485,4.864864864864869,-0.1637931034482759,-16.379310344827587,75.57251908396947,48.5576923076923,41.36807817589577,0.1885745448138767,0.1986253341909011,-0.0100507893770243,-0.0172254285358083,0.007174639158784,3.698267607620629,0.1858,0.0263070933000478,0.2384141866000956,0.1331858133999044,0.5663529235747641,0.5779257509227091,0.0412857142857142,21.281296023564067,0.0321428571428571,16.568483063328426,0.0275238095238095,14.187530682376044,45062.878,0.4344587134448004,-1314559.9300000006,0.8385461508393425,45.95466062773134,37.29071537290728,49.120926938691895,51.42857142857142,60.76190476190473,-48.57142857142857,False,True,False,465,128,0,0,0,0,0,0,0,-0.010309278350515427,0
1787529600000,0.194,0.197,0.16,0.192,48331.68,2026-08-24,-0.0103092783505154,-0.0103627870355465,0.0103092783505154,0.1088446927418268,2.079474935023955,0.1237493355898636,2.36422773681184,0.0894834445287122,1.709578807286735,0.0669834108945,1.2797162682788004,0.2053999999999999,0.1949050202249058,0.1767,0.189568692221389,0.1848,0.1928132625239875,0.22494,0.222455232096747,0.27844,0.2730307084771812,0.0971428571428572,9.714285714285724,0.1098265895953758,10.982658959537584,-0.0943396226415094,-9.43396226415094,69.91150442477877,48.32535885167464,43.6426116838488,0.1891015379194342,0.1981345686952788,-0.0090330307758445,-0.0155869489838155,0.0065539182079709,3.413499066651561,0.1848,0.0256301631512673,0.2360603263025346,0.1335396736974654,0.5547654361746169,0.5702297519284812,0.0432857142857142,22.544642857142865,0.0336428571428571,17.52232142857143,0.0275238095238095,14.33531746031746,45944.531,1.0519571959500469,-1362891.6100000006,0.8364002910890342,42.60101147576286,-9.846972721224288,45.97134611869811,50.28571428571428,54.285714285714256,-49.71428571428572,False,True,False,465,128,0,0,0,0,0,0,0,-0.171875,0
1787616000000,0.192,0.193,0.155,0.159,74074.51,2026-08-25,-0.171875,-0.18859116980755,0.171875,0.1029330530621504,1.9665332175261756,0.1320950669156922,2.523672709913737,0.0971324792012158,1.8557134095160643,0.0708963671141799,1.3544731918889454,0.1964,0.1829366801499372,0.1772,0.1840107481811364,0.1825,0.1895929518074173,0.22246,0.2199667916090032,0.27663,0.270772509015185,-0.2205882352941176,-22.05882352941176,0.0324675324675325,3.24675324675325,-0.224390243902439,-22.439024390243897,43.22033898305085,42.61603375527426,41.63934426229508,0.1844705320856751,0.1952357117548877,-0.0107651796692126,-0.0146225951208949,0.0038574154516823,2.426047453888284,0.1825,0.0257855528706444,0.2340711057412888,0.1309288942587112,0.5651628026442609,0.2721592385677173,0.0447142857142857,28.12219227313567,0.0354285714285714,22.282120395327944,0.028047619047619,17.64001197963462,48704.6615,1.5208915885802838,-1436966.1200000006,0.8330687284169564,39.65296777081659,-48.60889031020146,43.88959784151017,31.428571428571423,44.38095238095236,-68.57142857142857,False,True,False,465,128,0,0,0,0,0,0,0,0.0062893081761006275,1
1787702400000,0.159,0.167,0.156,0.16,24238.38,2026-08-26,0.0062893081761006,0.0062696130135953,0.0062893081761006,0.0702474831595715,1.3420762813427618,0.1251623347383517,2.391223047639357,0.0968109627197896,1.8495708457632436,0.0708515171258597,1.3536163340652103,0.1832,0.1752911200999581,0.1795,0.179645157602748,0.1807,0.1867745754448061,0.22018,0.2176151527102438,0.27488,0.2685788362733163,-0.2920353982300885,-29.20353982300885,0.167883211678832,16.788321167883204,-0.183673469387755,-18.367346938775512,25.55555555555557,44.93392070484582,41.830065359477125,0.1807058348417251,0.1926256590323034,-0.0119198241905783,-0.0140820409348316,0.0021622167442533,1.3513854651583177,0.1807,0.0260487397412612,0.2327974794825224,0.1286025205174776,0.5766184779471213,0.3013339589015587,0.0381428571428571,23.83928571428572,0.0352142857142857,22.00892857142857,0.0281428571428571,17.589285714285715,47759.742,0.5075065103994909,-1412727.7400000007,0.8319727518158617,35.83882075278607,-66.55210123418222,45.596919204285456,32.0,37.90476190476189,-68.0,False,False,True,465,128,0,0,0,0,0,0,0,0.2124999999999999,1
1787788800000,0.16,0.21,0.16,0.194,51181.18,2026-08-27,0.2124999999999999,0.1926843438295011,0.2124999999999999,0.1422566867747854,2.7178101847316123,0.1332424126941808,2.545592720233686,0.1084379075578372,2.071703314996033,0.0773433909698781,1.4776434097076985,0.1798,0.1815274133999721,0.1862,0.1822551289477029,0.1806,0.1874627111167293,0.21874,0.216689068285644,0.27363,0.2671019235557035,-0.0805687203791468,-8.056872037914687,0.5275590551181102,52.75590551181103,-0.010204081632653,-1.0204081632653068,34.31372549019608,51.73745173745174,44.0251572327044,0.1827510910199212,0.1927274620669476,-0.0099763710470263,-0.0132609069572706,0.0032845359102442,1.6930597475485645,0.1806,0.0259906865910922,0.2325813731821845,0.1286186268178155,0.5756519732246344,0.6288923241122896,0.0384285714285714,19.808541973490428,0.0376428571428571,19.40353460972018,0.0295238095238095,15.21845851742759,49139.623,1.041546045235227,-1361546.5600000008,0.8297628708253219,32.49248410136467,19.25314714905329,51.93117205357062,51.42857142857142,38.28571428571427,-48.57142857142857,True,False,False,465,128,0,0,0,0,0,0,0,-0.020618556701030966,0
1787875200000,0.194,0.195,0.168,0.19,45413.06,2026-08-28,-0.0206185567010309,-0.020834086902842,0.0206185567010309,0.1371286928931027,2.6198399991828456,0.129289977337986,2.47008154877947,0.1085771310232758,2.074363175568504,0.0773509541717115,1.4777879044758393,0.179,0.1843516089333147,0.1905,0.1836632873208478,0.1802,0.1877043576770408,0.2171599999999999,0.215642438151811,0.2722,0.2655750473234241,-0.0206185567010309,-2.0618556701030943,0.2925170068027212,29.25170068027212,-0.0404040404040404,-4.040404040404043,38.46153846153846,53.38645418326694,46.35761589403974,0.1838663077860872,0.1925254278397663,-0.0086591200536791,-0.0123405495765523,0.0036814295228731,1.9375944857227256,0.1802,0.0257694229251924,0.2317388458503849,0.128661154149615,0.5720182669299111,0.5950739179186217,0.0314285714285714,16.54135338345864,0.0380714285714285,20.03759398496241,0.0303333333333333,15.964912280701752,50784.9385,0.8942229988129254,-1406959.6200000008,0.8278035735596224,29.52214302375716,10.266491917868027,50.9210771522808,49.14285714285713,44.19047619047617,-50.85714285714285,False,False,True,465,128,0,0,0,0,0,0,0,0.05263157894736836,1
1787961600000,0.19,0.228,0.175,0.2,39089.0,2026-08-29,0.0526315789473683,0.0512932943875504,0.0526315789473683,0.1384612981194908,2.645299386285246,0.1174802689736625,2.244457387279896,0.1091317046026319,2.084958288925413,0.0777658814913527,1.4857150797869692,0.1806,0.1895677392888765,0.193,0.1866335987170573,0.1802,0.1888753712316083,0.2158,0.2150290092018744,0.27077,0.2642764436101948,0.0416666666666667,4.166666666666671,0.142857142857143,14.2857142857143,0.0,0.0,53.57142857142858,59.50413223140496,49.18032786885246,0.1863484142805353,0.1930790998516355,-0.0067306855711001,-0.0112185767754618,0.0044878912043617,2.2439456021808546,0.1802,0.0257694229251924,0.2317388458503849,0.128661154149615,0.5720182669299111,0.6920881198763991,0.0351428571428571,17.571428571428573,0.0400714285714285,20.03571428571429,0.0325238095238095,16.26190476190476,51395.2515,0.760556644031599,-1367870.6200000008,0.8261700573106795,27.92633898402944,65.28644977544086,55.90609468207679,54.85714285714285,51.80952380952379,-45.14285714285714,True,False,False,465,128,0,0,0,0,0,0,0,0.08999999999999986,1
1788048000000,0.2,0.25,0.188,0.218,57167.77,2026-08-30,0.0899999999999998,0.0861776962410522,0.0899999999999998,0.0911890449779847,1.7421642581165762,0.1091565895657541,2.0854337154783105,0.1107084860865893,2.115082656878533,0.0788666698881309,1.5067456125782646,0.1924,0.1990451595259176,0.1944,0.1923365807685014,0.1811499999999999,0.1916491454000266,0.21478,0.2151455186454504,0.2696,0.2633600175703566,0.371069182389937,37.10691823899371,0.0686274509803921,6.8627450980392215,0.0954773869346732,9.54773869346733,63.0,66.66666666666666,53.5031847133758,0.1912178890066068,0.194925092455218,-0.0037072034486112,-0.0097163021100917,0.0060090986614805,2.756467275908492,0.1811499999999999,0.0268274702105404,0.2348049404210808,0.1274950595789191,0.5923813460787284,0.8433980143375743,0.0397142857142857,18.217562254259505,0.0405,18.577981651376145,0.0346666666666666,15.902140672782874,52699.3885,1.0847900066240803,-1310702.8500000008,0.8238633884473137,26.50957065753504,116.44070932107093,64.1423784159254,60.38961038961038,54.79653679653677,-39.610389610389625,True,False,False,465,128,0,0,0,0,0,0,0,-0.1009174311926605,0
1788134400000,0.218,0.222,0.191,0.196,36490.62,2026-08-31,-0.1009174311926605,-0.1063804035585717,0.1009174311926605,0.1180279690047116,2.254921181680785,0.1087416832536911,2.0775069415164,0.1132497567972622,2.1636335656351915,0.0800554547138086,1.5294573147831405,0.1996,0.1980301063506117,0.1914,0.1930026569924102,0.18125,0.192063512504786,0.21322,0.2143947139895165,0.26776,0.262026069060076,0.2250000000000001,22.500000000000004,-0.1327433628318584,-13.27433628318584,0.0103092783505154,1.0309278350515472,70.7865168539326,63.52941176470588,50.0,0.1919535983902057,0.195004715236313,-0.0030511168461072,-0.0083832650572948,0.0053321482111876,2.7204837812181646,0.18125,0.0268815628462209,0.2350131256924419,0.127486874307558,0.5932482835028079,0.6371758041411046,0.0388571428571428,19.825072886297377,0.0410714285714285,20.954810495626823,0.0353809523809523,18.05150631681244,53007.22,0.6884084847309481,-1347193.470000001,0.8223622826835455,25.183547290441727,64.97064579256359,63.594548604086135,46.103896103896105,53.783549783549766,-53.896103896103895,False,False,True,465,128,0,0,0,0,0,0,0,-0.030612244897959218,0
1788220800000,0.196,0.2,0.184,0.19,32426.98,2026-09-01,-0.0306122448979592,-0.0310905870700311,0.0306122448979592,0.0748306957388915,1.429638434723898,0.1072199461446884,2.0484341948701954,0.112632999369547,2.151850431523492,0.080064928571293,1.5296383125762387,0.1988,0.1953534042337411,0.1893,0.1924567193574265,0.1816,0.1918669875043302,0.2116999999999999,0.2134380585350651,0.2655099999999999,0.2605997193170629,-0.0206185567010309,-2.0618556701030943,-0.0995260663507108,-9.952606635071088,0.0382513661202186,3.825136612021861,65.95744680851064,58.92116182572614,48.82352941176471,0.1916530447917125,0.1946339955891787,-0.0029809507974661,-0.0073028022053291,0.0043218514078629,2.274658635717337,0.1816,0.0269510277121214,0.2355020554242428,0.1276979445757571,0.5936349716326307,0.5779191065524936,0.0357142857142857,18.79699248120301,0.0402142857142857,21.165413533834588,0.0355238095238095,18.696741854636592,52120.7305,0.6221512954427989,-1379620.450000001,0.8210094076107365,24.04516953916075,27.22772277227724,58.25845154730117,33.582089552238806,46.69186534858175,-66.4179104477612,False,True,False,465,128,0,0,0,0,0,0,0,0.0052631578947368585,1
1788307200000,0.19,0.195,0.17,0.191,28580.91,2026-09-02,0.0052631578947368,0.0052493558861437,0.0052631578947368,0.0741040794205285,1.4157564494533863,0.1039138459056874,1.9852712384917333,0.1126316442188636,2.151824541406038,0.0800748589277831,1.529828031770595,0.199,0.1939022694891607,0.189,0.1921918612924399,0.1819,0.1917844172658225,0.21022,0.2125581346675142,0.26326,0.259221420907872,0.0052631578947368,0.5263157894736846,-0.0154639175257732,-1.5463917525773208,0.0324324324324325,3.243243243243246,47.540983606557376,53.73831775700935,48.67256637168142,0.1915525763622183,0.194364810730721,-0.0028122343685026,-0.0064046886379638,0.0035924542694611,1.88086610966552,0.1819,0.0270241607299947,0.2359483214599894,0.1278516785400105,0.5942641172071407,0.5841839279572862,0.0377142857142857,19.74569932685116,0.0379285714285714,19.85789080029918,0.036047619047619,18.87309897781102,51315.834,0.5569608398062866,-1351039.540000001,0.8198104772947337,25.23339907714914,7.897181790027865,52.37181595087653,29.032258064516125,36.23941457355033,-70.96774193548387,False,True,False,465,128,0,0,0,0,0,0,0,0.2251308900523561,1
1788393600000,0.191,0.26,0.185,0.234,70815.89,2026-09-03,0.2251308900523561,0.2030476873110716,0.2251308900523561,0.1252987487484022,2.393829233642003,0.1250305941970141,2.388706148131102,0.1211755629381287,2.3150558793430727,0.0863262871496328,1.6492614002516148,0.2057999999999999,0.2072681796594405,0.1931999999999999,0.1997933410574508,0.18495,0.1958049489547918,0.20968,0.2133989921346831,0.26171,0.2587219562314432,0.1699999999999999,17.0,0.21875,21.875000000000007,0.3526011560693642,35.26011560693643,72.0,56.57894736842106,54.59317585301838,0.1980829492295693,0.1973007506765935,0.0007821985529758,-0.0049673111997759,0.0057495097527517,2.4570554498938995,0.18495,0.0293122482034307,0.2435744964068614,0.1263255035931385,0.6339496772842548,0.9183404805696476,0.0412857142857142,17.643467643467645,0.0398571428571428,17.032967032967033,0.0388571428571428,16.605616605616603,53252.7945,1.3298060818198,-1280223.650000001,0.8170499507372148,28.40824436608839,119.51338199513386,53.641547621170496,63.70967741935484,42.10800834536991,-36.29032258064516,True,False,False,465,128,0,0,0,0,0,0,0,-0.06410256410256421,0
1788480000000,0.234,0.234,0.208,0.219,26875.8,2026-09-04,-0.0641025641025642,-0.0662493855412007,0.0641025641025642,0.1281605614179615,2.4485040879245,0.109710916027014,2.0960241076506203,0.118969912884181,2.2729169942299725,0.0867767863206372,1.657868174828808,0.206,0.211178786439627,0.1992,0.203285460865187,0.1882,0.1980140014352878,0.20894,0.213618639502741,0.25952,0.2579353356037282,0.0045871559633028,0.4587155963302756,0.3773584905660376,37.73584905660377,0.422077922077922,42.20779220779221,59.04761904761904,48.41628959276018,53.196930946291566,0.2013009570404048,0.1989081024783273,0.0023928545620775,-0.0034952780474052,0.0058881326094827,2.688645027161072,0.1882,0.029303493594532,0.2468069871890641,0.1295930128109358,0.6228160168869726,0.7627673036718323,0.0411428571428571,18.786692759295505,0.0362857142857142,16.56881930854534,0.0390952380952381,17.851706892802785,52540.727,0.5115231846715786,-1307099.4500000011,0.8159984229286846,29.45821193613074,92.29287090558768,39.35814497923633,60.95238095238095,51.23143881208396,-39.04761904761905,False,False,True,465,128,0,0,0,0,0,0,0,0.15525114155251152,1
1788566400000,0.219,0.275,0.216,0.253,49659.44,2026-09-05,0.1552511415525115,0.1443177589110195,0.1552511415525115,0.1254319401537113,2.396373851867513,0.1149801046174126,2.196691814321794,0.1179740339844736,2.253890754565969,0.0894802730149352,1.7095182156011035,0.2174,0.2251191909597513,0.2085,0.2123244679806075,0.194,0.2032507632033557,0.2087999999999999,0.2151630065864052,0.25796,0.2578376004330017,0.2908163265306123,29.081632653061224,0.58125,58.12499999999999,0.8467153284671531,84.67153284671531,64.46280991735537,58.75000000000001,58.45410628019324,0.2092546559572657,0.2029149097021549,0.0063397462551107,-0.001528273186902,0.0078680194420127,3.1098891075149213,0.194,0.0301050791308766,0.2542101582617533,0.1337898417382467,0.6207232810490029,0.9899505474101866,0.042,16.600790513833992,0.0385714285714285,15.24562394127612,0.0407142857142857,16.09260304912479,50687.7855,0.9797121635941268,-1257440.0100000012,0.8141549855745764,31.24568554626445,156.07048032826458,48.3183065115281,81.66666666666666,68.77624167946747,-18.333333333333343,True,False,False,465,128,0,0,0,0,0,0,0,0.04743083003952564,1
1788652800000,0.253,0.275,0.233,0.265,53551.19,2026-09-06,0.0474308300395256,0.0463403372587019,0.0474308300395256,0.1161303961497062,2.2186681031891653,0.10037102504705,1.9175857410252544,0.1150747865362046,2.198500709840429,0.0896912065799108,1.7135480957015736,0.2324,0.2384127939731675,0.2156,0.2219018374386789,0.2009,0.2091316428982741,0.20892,0.2171173984914706,0.25664,0.2579794383108543,0.3947368421052633,39.47368421052632,0.365979381443299,36.5979381443299,1.0866141732283467,108.66141732283464,81.08108108108107,65.1063829787234,59.43396226415094,0.2178308627330709,0.2075138052797731,0.0103170574532978,0.0008407929411379,0.0094762645121598,3.5759488725131674,0.2009,0.0297531953171686,0.2604063906343373,0.1413936093656626,0.5923981148266535,1.0385976137747126,0.0391428571428571,14.770889487870624,0.0394285714285714,14.878706199460916,0.040047619047619,15.112309074573227,51057.8545,1.0488335345152429,-1203888.8200000012,0.8122141564281312,34.9028826443728,168.13294232649076,55.22790615679624,91.66666666666666,78.09523809523807,-8.33333333333334,False,False,False,465,128,0,0,0,0,0,0,0,0.0037735849056603765,1
1788739200000,0.265,0.275,0.253,0.266,42327.52,2026-09-07,0.0037735849056603,0.0037664827954768,0.0037735849056603,0.116351854457922,2.222899058226909,0.0991324126751493,1.8939220848864344,0.1121599133816309,2.142812136415104,0.0896040403478565,1.7118827871764497,0.2474,0.247608529315445,0.2232,0.2299196851771009,0.20685,0.2145476769079623,0.20918,0.21903436326263,0.25536,0.2581382702970815,0.3926701570680628,39.26701570680628,0.4000000000000001,40.00000000000001,0.8095238095238098,80.95238095238098,85.84905660377358,65.81196581196582,61.2590799031477,0.2252414992356754,0.2118461159997899,0.0133953832358854,0.0033517110000874,0.010043672235798,3.7758166299992615,0.20685,0.0303007295378995,0.2674514590757991,0.1462485409242009,0.5859459422363945,0.9880245533858872,0.0378571428571428,14.232008592910857,0.0383571428571428,14.419978517722882,0.04,15.037593984962408,49604.4465,0.8533009233355723,-1161561.3000000012,0.8107088976002498,40.14302552426722,162.20611467335743,62.67480123724043,92.5,88.61111111111109,-7.500000000000005,False,False,False,465,128,0,0,0,0,0,0,0,-0.007518796992481258,0
1788825600000,0.266,0.274,0.252,0.264,28137.58,2026-09-08,-0.0075187969924812,-0.0075472056353829,0.0075187969924812,0.0820007004808463,1.5666211829802887,0.099993050461754,1.9103645467125148,0.1063824176988604,2.032433236379736,0.0896185448577467,1.7121598954488115,0.2534,0.2530723528769634,0.2295999999999999,0.2361161060539917,0.2113,0.2192574219643469,0.2093999999999999,0.2207977215714642,0.25436,0.2582543505873201,0.1282051282051282,12.82051282051282,0.32,32.0,0.5085714285714287,50.85714285714288,84.11214953271028,75.86206896551724,63.888888888888886,0.23120434550711,0.2157093666664721,0.0154949788406378,0.0057803645681975,0.0097146142724403,3.6797781335001214,0.2113,0.0318716174676248,0.2750432349352497,0.1475567650647502,0.6033434447255063,0.9133772003690476,0.0387142857142857,14.664502164502172,0.0372142857142857,14.096320346320349,0.0397142857142857,15.043290043290044,47608.1235,0.5910247649227343,-1189698.8800000013,0.8097104028764993,45.58241205337664,136.53048369931165,65.17959397411478,90.7563025210084,91.640989729225,-9.243697478991605,False,True,False,465,128,0,0,0,0,0,0,0,0.015151515151515138,1
1788912000000,0.264,0.279,0.256,0.268,43856.95,2026-09-09,0.0151515151515151,0.0150378773645405,0.0151515151515151,0.0661176666730195,1.2631762481514006,0.0979810069861565,1.871924510085212,0.1011708436017026,1.9328662530563945,0.0883207476547459,1.6873655146994848,0.2632,0.2580482352513089,0.2346,0.2419131776805387,0.2145,0.2238995722534567,0.20914,0.222648791319214,0.25331,0.2584473442304698,0.223744292237443,22.3744292237443,0.2293577981651378,22.93577981651377,0.3137254901960786,31.37254901960786,74.99999999999999,76.2135922330097,67.1018276762402,0.236865215429093,0.2195827469134001,0.0172824685156929,0.0080807853576966,0.0092016831579963,3.4334638649239984,0.2145,0.0342260288761956,0.2829520577523913,0.1460479422476086,0.6382476247309218,0.890784453796285,0.0384285714285714,14.339019189765464,0.0380714285714285,14.20575692963753,0.0380952380952381,14.214641080312726,46707.3375,0.9389734535821056,-1145841.930000001,0.8081736170930643,51.364724978546704,127.73780975219822,70.06712637121746,90.7563025210084,91.33753501400558,-9.243697478991605,True,False,False,465,128,0,0,0,0,0,0,0,-0.07835820895522394,0
1788998400000,0.268,0.278,0.242,0.247,40718.34,2026-09-10,-0.0783582089552239,-0.0815986438828795,0.0783582089552239,0.0464053303271124,0.8865725910552802,0.0949763221071204,1.814520086073273,0.1010759711895952,1.9310537181680787,0.0879508040328572,1.6802977517272084,0.262,0.2543654901675393,0.2397,0.2428380544658953,0.21555,0.2260996129912227,0.209,0.2236037406819483,0.25233,0.2582206520731105,-0.0237154150197628,-2.3715415019762864,0.2602040816326529,26.0204081632653,0.0929203539823009,9.292035398230084,68.9189189189189,63.73056994818651,65.22842639593908,0.2384244130553864,0.2216136545494446,0.0168107585059418,0.0098267799873456,0.0069839785185961,2.827521667447842,0.21555,0.0349126353239877,0.2853752706479754,0.1457247293520245,0.6478800338480675,0.7252049989075973,0.0328571428571428,13.30248698669752,0.0370714285714285,15.008675534991331,0.0375238095238095,15.191825718141514,42564.385,0.9566293510407822,-1186560.2700000014,0.8067230871120332,54.67832026059308,93.30245126423472,62.61134169312184,71.17117117117115,84.22792540439596,-28.82882882882885,False,True,False,465,128,0,0,0,0,0,0,0,0.0,0
1789084800000,0.247,0.255,0.245,0.247,13312.51,2026-09-11,0.0,0.0,0.0,0.0372284771137517,0.7112490565873086,0.0933880825951596,1.7841768128025128,0.099545318224657,1.9018106343334,0.0879508040328572,1.6802977517272084,0.2584,0.2519103267783595,0.2453999999999999,0.2435947718357325,0.21735,0.2280901260396777,0.20886,0.2245212410498578,0.25142,0.2579984493428147,-0.0679245283018868,-6.792452830188685,0.3,30.0,0.1706161137440758,17.061611374407583,42.5,65.07936507936506,63.36898395721924,0.2397437341237884,0.223494124582819,0.0162496095409694,0.0111113458980704,0.005138263642899,2.080268681335628,0.21735,0.035587216806075,0.2885244336121502,0.1461755663878498,0.6549292257846808,0.7082910849812399,0.0305714285714285,12.377096587622912,0.0358571428571428,14.517061885482944,0.0343809523809523,13.919413919413923,41291.3635,0.3224042238275808,-1186560.2700000014,0.8062447821821763,57.81697816988375,70.77826725403814,65.0205328426967,70.64220183486236,77.52322517568062,-29.35779816513764,False,False,True,465,128,0,0,0,0,0,0,0,-0.012145748987854255,0
1789171200000,0.247,0.257,0.235,0.244,15862.31,2026-09-12,-0.0121457489878542,-0.0122201113347753,0.0121457489878542,0.0360558607305326,0.6888462520418764,0.0940644519744521,1.7970988316499783,0.0973322199630613,1.8595294514129868,0.0879637357738826,1.6805448122925986,0.254,0.249273551185573,0.2507,0.2436684496837811,0.21985,0.229605352131137,0.2087,0.2252851139518596,0.25059,0.257721238140834,-0.0827067669172932,-8.27067669172933,0.2774869109947644,27.748691099476435,0.2577319587628865,25.77319587628865,16.129032258064512,62.08791208791208,59.88538681948424,0.2403985442585902,0.225013078317425,0.0153854659411651,0.0119661699066893,0.0034192960344758,1.4013508338015672,0.21985,0.0356167834477017,0.2910835668954035,0.1486164331045965,0.6480197124894562,0.6695127806491908,0.0252857142857143,10.362997658079632,0.0336428571428571,13.788056206088998,0.0341428571428571,13.992974238875885,41105.581,0.3858918816887663,-1202422.5800000017,0.8056721925734188,58.861461700672,56.95652173913045,60.87853732612115,67.8899082568807,69.90109375430472,-32.11009174311929,True,True,False,465,128,0,0,0,0,0,0,0,-0.09426229508196715,0
1789257600000,0.244,0.244,0.216,0.221,28353.18,2026-09-13,-0.0942622950819671,-0.0990055237754489,0.0942622950819671,0.0491137581383047,0.9383170317332952,0.0713473660407462,1.3630895142827435,0.1002852151826931,1.915946345868605,0.088273077354874,1.6864547748992105,0.2454,0.2398490341237153,0.2494,0.2395469133776391,0.2213,0.2287857947853144,0.20848,0.225117070267051,0.2495,0.2569940484358494,-0.1628787878787879,-16.28787878787879,-0.0555555555555555,-5.55555555555556,0.1510416666666667,15.104166666666666,7.547169811320757,50.80213903743315,52.47813411078717,0.2374141528341917,0.224715813256875,0.0126983395773166,0.0121126038408148,0.0005857357365018,0.265038794797224,0.2213,0.0350084200398531,0.2913168400797063,0.1512831599202936,0.6327775877063382,0.4978576582457986,0.0232857142857143,10.536522301228189,0.0312142857142857,14.124111182934715,0.034047619047619,15.406162464986,40106.656,0.7069445031767295,-1230775.7600000014,0.8046182295111691,56.35208727228349,12.967200610221177,53.621211062774506,46.78899082568806,61.77370030581036,-53.21100917431194,False,True,False,465,128,0,0,0,0,0,0,0,-0.045248868778280604,0
1789344000000,0.221,0.226,0.195,0.211,31565.43,2026-09-14,-0.0452488687782806,-0.0463045680416863,0.0452488687782806,0.0407399597365428,0.7783358378986049,0.069799668366941,1.333520791742393,0.0917202752010153,1.7523133972770806,0.0885050222857711,1.6908860765819695,0.2339999999999999,0.2302326894158102,0.2486,0.2343565654907956,0.2239,0.2270919095676654,0.20798,0.2245634596670076,0.2481499999999999,0.256083230419223,-0.2126865671641792,-21.268656716417915,-0.0365296803652968,-3.652968036529684,0.3270440251572326,32.70440251572326,6.557377049180332,54.285714285714285,47.73413897280967,0.2333504370135468,0.2236998270896991,0.0096506099238477,0.0116202050574214,-0.0019695951335736,-0.9334574092766188,0.2239,0.0319339779446751,0.2877679558893502,0.1600320441106497,0.5705042955725791,0.3990103893230201,0.0245714285714285,11.645226811103594,0.0312142857142857,14.79350033852404,0.0337619047619047,16.000902730760554,37981.202000000005,0.8310803328446529,-1262341.190000001,0.8034163137888,52.88228367915109,-31.4232902033272,53.95809707345068,37.61467889908255,50.76452599388375,-62.38532110091746,False,True,False,465,128,0,0,0,0,0,0,0,-0.07582938388625582,0
1789430400000,0.211,0.215,0.185,0.195,49337.25,2026-09-15,-0.0758293838862558,-0.0788585749123195,0.0758293838862558,0.0402506274438562,0.7689871575733903,0.0464509587023137,0.887444319939499,0.0940789783710878,1.7973763580680246,0.0889227934574193,1.6988675836094067,0.2235999999999999,0.2184884596105401,0.2428,0.227200826310651,0.22565,0.2240355372278877,0.20694,0.2234041083048299,0.2466399999999999,0.2548736032064819,-0.2105263157894736,-21.052631578947363,-0.2292490118577075,-22.92490118577075,0.21875,21.875000000000004,0.0,51.35135135135135,47.59036144578314,0.2274503697806935,0.2215739139719436,0.0058764558087499,0.0104714552076871,-0.0045949993989372,-2.35640994817293,0.22565,0.0290793379350254,0.283808675870051,0.167491324129949,0.5154768523824594,0.2364967518476179,0.0257142857142857,13.18681318681319,0.0322142857142857,16.52014652014653,0.0333809523809523,17.11843711843712,39236.1455,1.25744385365275,-1311678.440000001,0.8015085276523173,49.62204391891133,-71.343481138319,52.40240595610611,22.935779816513755,35.77981651376144,-77.06422018348624,False,True,False,465,128,0,0,0,0,0,0,0,0.01538461538461533,1
1789516800000,0.195,0.217,0.187,0.198,34031.48,2026-09-16,0.0153846153846153,0.0152674721307883,0.0153846153846153,0.0449158012929022,0.8581151788139928,0.0417936738800883,0.7984670183446783,0.0816843283432506,1.5605769017783495,0.088727687240075,1.6951400845608575,0.2138,0.2116589730736934,0.2360999999999999,0.2218915851632598,0.2258499999999999,0.2215559622538032,0.2061799999999999,0.2224078687612456,0.24527,0.2537473400406478,-0.1983805668016194,-19.838056680161937,-0.2528301886792453,-25.28301886792453,0.0206185567010308,2.0618556701030943,5.454545454545453,51.87165775401069,50.62893081761006,0.2229195436605868,0.21982769812217,0.0030918455384167,0.008995533273833,-0.0059036877354162,-2.981660472432454,0.2258499999999999,0.0288631526162673,0.2835763052325346,0.1681236947674653,0.511191545118748,0.2587754846961548,0.0267142857142857,13.492063492063494,0.0325714285714285,16.450216450216455,0.0342857142857142,17.31601731601732,38378.660500000005,0.886729228082361,-1277646.9600000014,0.8002046484726554,48.24851069617915,-68.56754921928038,57.19529934885693,13.829787234042564,24.793415316546277,-86.17021276595744,True,False,False,465,128,0,0,0,0,0,0,0,0.1515151515151516,1
1789603200000,0.198,0.247,0.188,0.228,51966.53,2026-09-17,0.1515151515151516,0.1410785982599056,0.1515151515151516,0.0992561856256155,1.8962867637848249,0.0704949230340016,1.34680361350606,0.0877917588986914,1.6772591987054293,0.0911927448980408,1.7422349449899952,0.2105999999999999,0.2171059820491289,0.2323,0.2230022060426671,0.22775,0.2221696801343933,0.20588,0.2226271680259796,0.24414,0.2532374681150933,-0.0655737704918032,-6.557377049180323,-0.1428571428571429,-14.285714285714288,0.1999999999999999,20.000000000000004,38.82352941176471,48.27586206896551,55.20231213872832,0.2237011523281888,0.2204330538168241,0.0032680985113647,0.0078500463213393,-0.0045819478099746,-2.0096262324450267,0.22775,0.027602202429334,0.2829544048586681,0.172545595141332,0.4847807232374799,0.5022643120656768,0.03,13.157894736842104,0.0314285714285714,13.78446115288221,0.0347142857142857,15.22556390977444,38706.334,1.3425846529407823,-1225680.430000001,0.7982916469167675,44.889046104973545,-19.62209302325591,55.59053529398576,45.74468085106383,27.503415967206703,-54.255319148936174,True,False,False,465,128,0,0,0,0,0,0,0,0.1271929824561404,1
1789689600000,0.228,0.296,0.219,0.257,64241.08,2026-09-18,0.1271929824561404,0.119730455940779,0.1271929824561404,0.1014671556323639,1.9385272864534715,0.0833802926890562,1.5929782551099465,0.091100729814074,1.7404769992791562,0.0928646510647859,1.7741766674560122,0.2178,0.2304039880327526,0.2316,0.2291836231258186,0.2306,0.2254868534549273,0.20608,0.2239751222238102,0.24334,0.2533119770785469,0.16289592760181,16.289592760180994,-0.0265151515151514,-2.6515151515151536,0.2849999999999999,28.5,55.85585585585586,60.10638297872341,64.32748538011695,0.2288240519700059,0.2231417164970593,0.0056823354729465,0.0074165041516608,-0.0017341686787142,-0.6747738049471854,0.2306,0.027528740961946,0.285657481923892,0.1755425180761079,0.4775150210224809,0.7397494316621097,0.0395714285714285,15.397443023902166,0.0350714285714285,13.646470261256258,0.0370952380952381,14.43394478413934,39963.938,1.6074762201863089,-1161439.3500000013,0.7960919309176981,44.127681863349146,76.39979068550504,63.658458002584496,64.86486486486488,41.47977764999041,-35.13513513513512,True,False,False,465,128,0,0,0,0,0,0,0,,0
