timestamp,open,high,low,close,volume,date,return,log_return,abs_return,volatility_5,volatility_5_annualized,volatility_10,volatility_10_annualized,volatility_20,volatility_20_annualized,volatility_50,volatility_50_annualized,sma_5,ema_5,sma_10,ema_10,sma_20,ema_20,sma_50,ema_50,sma_100,ema_100,momentum_5,roc_5,momentum_10,roc_10,momentum_20,roc_20,rsi_6,rsi_14,rsi_24,ema_12,ema_26,macd,macd_signal,macd_hist,macd_hist_pct,bb_mid,bb_std,bb_upper,bb_lower,bb_width,bb_pct,atr_7,atr_7_pct,atr_14,atr_14_pct,atr_21,atr_21_pct,volume_sma,volume_ratio,obv,vwap,adx,cci,mfi,stoch_k,stoch_d,williams_r,higher_high,lower_low,inside_bar
1746576000000,1.765,1.81,1.734,1.768,12087.12,2025-05-07,,,,,,,,,,,,,1.768,,1.768,,1.768,,1.768,,1.768,,,,,,,,,,1.768,1.768,0.0,0.0,0.0,0.0,,,,,,,,,,,,,,,,1.7706666666666666,,,,,,,False,False,False
1746662400000,1.768,2.078,1.681,1.877,33668.64,2025-05-08,0.06165158371040724,0.05982579338892008,0.06165158371040724,,,,,,,,,,1.8334,,1.82795,,1.825225,,1.8235899999999998,,1.823045,,,,,,,,,,1.8270416666666667,1.8245961538461537,0.002445512820512974,0.0013586182336183187,0.0010868945868946552,0.05790594495975787,,,,,,,,,,,,,,,33668.64,1.8501367294522046,,,,,,,True,True,False
1746748800000,1.877,1.998,1.784,1.916,25043.97,2025-05-09,0.02077783697389446,0.020564921944296984,0.02077783697389446,,,,,,,,,,1.8725263157894734,,1.8633455149501659,,1.858557035803497,,1.8556335155312627,,1.8546517449418354,,,,,,,,,,1.8617621247113163,1.8574366683095118,0.004325456401804484,0.002574535515661829,0.001750920886142655,0.09138417986130767,,,,,,,,,,,,,,,58712.61,1.867539031292916,,,,,,,False,False,True
1746835200000,1.916,1.97,1.78,1.931,29255.62,2025-05-10,0.007828810020876986,0.007798323897708746,0.007828810020876986,,,,,,,,,,1.8968153846153841,,1.8856346534653463,,1.8794701995012468,,1.875620399840064,,1.8743151994800522,,,,,,,,,,1.883617816091954,1.878001761163504,0.005616054928449854,0.003604860519993815,0.002011194408456039,0.10415299888431066,,,,,,,,,,,,,,,87968.23,1.8751786045090708,,,,,,,False,True,False
1746921600000,1.931,1.991,1.875,1.882,18519.02,2025-05-11,-0.025375453133091752,-0.02570296228318959,0.025375453133091752,,,,,,,,,1.8748,1.8911279620853079,,1.8845912433089544,,1.8800821367137601,,1.8770003926778451,,1.8759142465148688,,,,,,,,,,1.8831782612418069,1.878928969240819,0.004249292000987781,0.0037965643161010157,0.00045272768488676535,0.02405566869749019,,,,,,,,,,,,,,,69449.20999999999,1.8815541158402669,,,,,,,True,False,False
1747008000000,1.882,1.989,1.822,1.884,31504.0,2025-05-12,0.0010626992561104665,0.0010621349909833693,0.0010626992561104665,0.031895173295724076,0.6093564302122023,,,,,,,1.8980000000000001,1.8885233082706767,,1.8844376769989997,,1.8809086269093374,,1.8782866994087832,,1.8773301425646107,0.06561085972850678,6.561085972850672,,,,,77.1028037383177,,,1.883377986991563,1.8799446562567925,0.003433330734770479,0.003698107820163994,-0.00026477708539351507,-0.014053985424284241,,,,,,,,,,,,,,,100953.20999999999,1.885076358705122,,,,,,,False,True,False
1747094400000,1.884,1.984,1.835,1.945,25183.03,2025-05-13,0.03237791932059464,0.03186480091623845,0.03237791932059464,0.021894160300769218,0.4182873452253358,,,,,,,1.9116,1.9085191840699371,,1.899030763995217,,1.893026719183272,,1.888998130261335,,1.88758685922086,0.036228023441662316,3.6228023441662263,,,,,82.18181818181816,,,1.8971287235954235,1.8915144119035598,0.00561431169186366,0.0041830479004235826,0.0014312637914400779,0.07358682732339732,,,,,,,0.187,9.61439588688946,,,,,,,126136.23999999999,1.8902860653477225,,,,,,,False,False,True
1747180800000,1.945,2.2,1.85,2.077,42668.9,2025-05-14,0.06786632390745506,0.06566256782356568,0.06786632390745506,0.03520420162362945,0.6725753276506368,,,,,,,1.9438,1.966959714512292,,1.9395196228685694,,1.9248274251995472,,1.9159171086284374,,1.9129536662281201,0.08402922755741127,8.40292275574113,,,,,83.55704697986573,,,1.9346650866059834,1.9214007361682224,0.013264350437760974,0.006365455674077824,0.006898894763683151,0.3321567050401132,,,,,,,0.22614285714285715,10.887956530710504,,,,,,,168805.13999999998,1.9200556277855811,,,,,,,True,False,False
1747267200000,2.077,2.192,1.92,2.0,24606.4,2025-05-15,-0.03707270101107363,-0.03777736433402991,0.03707270101107363,0.042928995462470275,0.8201573067205642,,,,,,,1.9576,1.9782672787022066,,1.952678036465898,,1.9368854737735095,,1.9268226488977063,,1.923417088483008,0.03573278094251675,3.5732780942516804,,,,,62.50000000000001,,,1.9475906579392,1.9330508725527815,0.014539785386418425,0.008253766390687322,0.006286018995731103,0.31430094978655515,,,,,,,0.20828571428571435,10.414285714285718,,,,,,,144198.74,1.931953959600066,,,,,,,False,False,True
1747353600000,2.0,2.059,1.861,2.01,26112.71,2025-05-16,0.004999999999999893,0.004987541511038968,0.004999999999999893,0.03903846190533514,0.7458287674768388,,,,,,,1.9832,1.9890315208961658,1.9289999999999998,1.964718868295613,,1.9478958878979737,,1.9367155863201606,,1.932875181906573,0.06801275239107318,6.801275239107326,,,,,61.93353474320239,,,1.9594172040046804,1.9436691032186564,0.015748100786024066,0.00993293234075736,0.005815168445266706,0.2893118629485924,,,,,,,0.2060000000000001,10.248756218905479,,,,,,,170311.44999999998,1.9363000326212023,,,,,,,False,True,False
1747440000000,2.01,2.088,1.923,1.944,19526.29,2025-05-17,-0.03283582089552228,-0.033387016032736944,0.03283582089552228,0.04439037405260383,0.8480769054829168,0.03658312492817734,0.6989196203937761,,,,,1.9951999999999999,1.9738454474325955,1.9465999999999997,1.9604862625289037,,1.947339972647974,,1.9375180081796115,,1.9339906645964722,0.031847133757961776,3.184713375796181,0.09954751131221706,9.954751131221716,,,58.90804597701151,,,1.9565962274068687,1.943712020636025,0.012884206770843676,0.01057865432266681,0.002305552448176866,0.11859837696383056,,,,,,,0.20242857142857154,10.412992357436808,,,,,,,150785.15999999997,1.939599858685749,,,,,,,True,False,False
1747526400000,1.944,2.07,1.9,1.973,25253.0,2025-05-18,0.014917695473251058,0.01480752100223099,0.014917695473251058,0.04255010332271285,0.8129185825544534,0.03196315993595142,0.610655313149973,,,,,2.0008,1.9735614426988028,1.9562000000000002,1.9629864843729474,,1.9508355908242467,,1.9411676552983939,,1.937610815325112,0.014395886889460252,1.4395886889460168,0.051145444858817335,5.114544485881731,,,61.866666666666696,,,1.9595127643226458,1.9473105103743458,0.01220225394829999,0.01092733543111364,0.001274918517186351,0.06461827253858848,,,,,,,0.21014285714285721,10.650930417782929,,,,,,,176038.15999999997,1.942935474628414,,,,,,,False,True,False
1747612800000,1.973,2.049,1.8,1.913,22608.75,2025-05-19,-0.030410542321338108,-0.030882536582362514,0.030410542321338108,0.024145594821439596,0.461300941346983,0.03330713566050386,0.6363319333147841,,,,,1.968,1.9532700331813706,1.9559000000000002,1.953175674523801,,1.9458842729189192,,1.9384437154695522,,1.9354822631151913,-0.07896003851709188,-7.896003851709192,-0.0015657620041753528,-0.15657620041753087,,,45.72192513368983,,,1.951436381440364,1.9432910402727002,0.008145341167663744,0.010338568790027626,-0.0021932276223638816,-0.11464859500072565,,,,,,,0.22185714285714292,11.597341498021061,,,,,,,153429.40999999997,1.9414372192643017,,,,,,,False,True,False
1747699200000,1.913,2.0,1.82,1.89,26484.09,2025-05-20,-0.012023000522739191,-0.01209586138656485,0.012023000522739191,0.021108771648236508,0.4032825160871081,0.03340238943724155,0.6381517541641316,,,,,1.9459999999999997,1.93210753023391,1.9517999999999998,1.9409528648703263,,1.938822610074626,,1.9340136671485992,,1.9317944952980497,-0.05500000000000005,-5.500000000000005,-0.021232522009321686,-2.1232522009321673,,,14.716981132075446,59.07738095238094,,1.9409757272346408,1.937305822245848,0.003669904988792938,0.008943479347214255,-0.0052735743584213166,-0.2790250983291702,,,,,,,0.22628571428571434,11.972789115646263,0.20664285714285716,10.933484504913078,,,,,126945.31999999998,1.9386535315850937,,,47.048661310286825,40.269749518304394,,-59.7302504816956,False,False,True
1747785600000,1.89,1.96,1.8,1.848,22501.51,2025-05-21,-0.022222222222222143,-0.022472855852058514,0.022222222222222143,0.019366337291633694,0.36999335444580955,0.03316758291042506,0.633665781768095,,,,,1.9136,1.9040075159929646,1.9484000000000001,1.9231761529636058,,1.9276924761844836,,1.9265383929860098,,1.9253926197028985,-0.08059701492537297,-8.0597014925373,-0.018065887353878707,-1.8065887353878751,,,16.956521739130423,55.602240896358545,,1.9254007012339347,1.9276451198633298,-0.002244418629395062,0.006624300914992716,-0.008868719544387779,-0.47990906625474994,,,,,,,0.19914285714285715,10.77612863327149,0.21264285714285716,11.506648113790972,,,,,104443.80999999998,1.934602321835018,,,44.313212303267186,32.177263969171484,,-67.82273603082851,False,True,False
1747872000000,1.848,1.985,1.82,1.91,20810.42,2025-05-22,0.03354978354978355,0.03299926883904609,0.03354978354978355,0.02673431446571885,0.5107583607073501,0.03497044442163516,0.6681094025771797,,,,,1.9068,1.9060080563623365,1.951,1.9206798188265162,,1.9255819364508207,,1.9251665032118812,,1.924279621136109,-0.017489711934156382,-1.7489711934156396,0.013800424628450214,1.3800424628450119,,,32.2695035460993,52.47376311844077,,1.9228556139273527,1.9257992953744256,-0.00294368144707291,0.004655281472405072,-0.007598962919477982,-0.39785146175277397,,,,,,,0.18385714285714286,9.62602842183994,0.1960714285714286,10.265519820493644,,,,,125254.22999999998,1.9330843673145053,,,42.43472498598593,30.952380952380913,34.4664648132856,-69.04761904761908,True,False,False
1747958400000,1.91,2.399,1.9,1.93,61900.5,2025-05-23,0.010471204188481575,0.01041676085825558,0.010471204188481575,0.026044462332039973,0.4975787541990141,0.03350556399944479,0.6401229014073198,,,,,1.8981999999999999,1.9140134961031545,1.9495,1.922432217465693,,1.9260965897959332,,1.9255506494880745,,1.9246726120999447,-0.021794221996959018,-2.1794221996959022,-0.007712082262210873,-0.7712082262210861,,,47.03389830508474,51.08024691358024,,1.9240229586327395,1.9262257035781252,-0.0022027449453856374,0.0032520788753815284,-0.005454823820767165,-0.2826333585889723,,,,,,,0.22685714285714284,11.754256106587713,0.21642857142857144,11.213915618060696,,,,,187154.72999999998,1.9520421150723781,,,48.40341044069101,24.232633279483025,29.12075940034514,-75.76736672051697,True,False,False
1748044800000,1.93,1.967,1.88,1.885,8224.63,2025-05-24,-0.023316062176165775,-0.02359218201682007,0.023316062176165775,0.02439561754342671,0.466077618743573,0.02394360018320445,0.4574418392020991,,,,,1.8925999999999998,1.9043357824122324,1.9302999999999997,1.9154375323480337,,1.9214089265033152,,1.9224525808224242,,1.9220741568971,-0.01463669628855202,-1.4636696288552025,-0.09244102070293692,-9.24410207029369,,,32.5396825396825,46.60766961651917,,1.9177071669427497,1.9221526767476276,-0.004445509804877901,0.0016843188861157888,-0.00612982869099369,-0.3251898509810976,,,,,,,0.21571428571428572,11.443728685107995,0.2090714285714286,11.091322470632816,,,,,178930.09999999998,1.9513271416393503,,,50.995308110919005,14.190317195325536,23.125110475729826,-85.80968280467445,False,True,False
1748131200000,1.885,1.929,1.8,1.885,15947.5,2025-05-25,0.0,0.0,0.0,0.0238340070668986,0.4553480656549612,0.02197062303792949,0.41974816376763496,,,,,1.8916,1.897887612884084,1.9187999999999998,1.9097784403341826,,1.9173327001502976,,1.9196937882725398,,1.9197520057076973,-0.002645502645502562,-0.26455026455025893,-0.057499999999999996,-5.75,,,42.708333333333314,50.23847376788554,,1.9124555969121346,1.9185706211139428,-0.006115024201808206,0.00010164148337505125,-0.006216665685183257,-0.32979658807338236,,,,,,,0.20985714285714288,11.133004926108375,0.21000000000000002,11.140583554376658,,,,,178930.09999999998,1.9487337579468933,,,46.5619861716706,14.190317195325536,17.537755890044696,-85.80968280467445,False,True,False
1748217600000,1.885,2.049,1.826,1.955,30937.27,2025-05-26,0.037135278514588865,0.036462372537355014,0.037135278514588865,0.02494395677126289,0.4765536249819327,0.025735051309790525,0.4916674649190305,,,,,1.9129999999999998,1.9169308020888243,1.9133,1.9181518631985517,1.9211500000000001,1.9214804647482726,,1.922207878743154,,1.9218690927611124,0.0579004329004329,5.790043290043289,-0.02736318407960181,-2.736318407960185,,,63.59832635983269,55.093256814921105,,1.9192410868548815,1.9220061884339432,-0.002765101579061735,-0.0004783944885672844,-0.0022867070904944507,-0.11696711460329672,1.9211500000000001,0.06528099183328052,2.051711983666561,1.7905880163334391,0.1359206555100445,0.6296319152382389,0.20614285714285716,10.544391669711363,0.21400000000000002,10.946291560102303,,,26142.1685,1.183424014729306,209867.36999999997,1.9484142083380223,,16.691212567501513,54.712791523661274,25.876460767946586,18.08569838619922,-74.12353923205342,True,False,False
1748304000000,1.955,2.151,1.941,1.977,25150.77,2025-05-27,0.011253196930946396,0.011190350751150869,0.011253196930946396,0.021830474546402093,0.41707063059655136,0.023647390599474634,0.45178276305089843,0.030273585313626783,0.5783760353140726,,,1.9264,1.9369578832040588,1.9166,1.9290121023067226,1.9316,1.9275044198229567,,1.925988571312705,,1.9250522440314717,0.0350785340314137,3.507853403141371,0.016975308641975273,1.697530864197538,0.11821266968325794,11.821266968325796,79.45205479452056,52.43161094224925,,1.928401451144361,1.9270896661769241,0.0013117849674368909,-0.00011702555727053892,0.0014288105247074298,0.07227165021281891,1.9316,0.05546492490517625,2.0425298498103523,1.8206701501896474,0.11485799317700608,0.7046338297474342,0.2104285714285714,10.643832646867548,0.2183571428571429,11.044873184478648,0.2079047619047619,10.516174097357709,26795.351000000002,0.9386243904772883,235018.13999999996,1.9518374020447253,,102.26067777919128,54.86583495671165,29.549248747913197,23.205342237061775,-70.4507512520868,True,False,False
1748390400000,1.977,2.023,1.902,1.911,14640.1,2025-05-28,-0.033383915022761834,-0.03395387893034395,0.033383915022761834,0.02806230423937613,0.5361295697091396,0.025556938743915583,0.48826462912594076,0.02848985541484572,0.5442979234472304,,,1.9225999999999999,1.928304098828938,1.9103999999999999,1.9256970709765895,1.9332999999999998,1.9257371055309054,,1.9249842632778844,,1.924270549244827,-0.00984455958549213,-0.984455958549218,-0.031424227065382726,-3.142422706538269,0.018114011720831158,1.8114011720831131,50.22421524663679,35.979729729729726,,1.9256546892520219,1.9256292002004984,2.548905152344183e-05,-8.831075768813298e-05,0.00011379980921157481,0.005954987399873093,1.9332999999999998,0.054210214613309285,2.0417204292266184,1.8248795707733811,0.11216099852751116,0.3971596028577388,0.20485714285714288,10.719892352545415,0.202,10.570381998953428,0.21004761904761904,10.991502828237522,25843.924,0.566481312977085,220378.03999999995,1.951668162049055,,-0.8446133671177759,46.77953481614351,18.530884808013354,24.652198107957712,-81.46911519198665,False,True,False
1748476800000,1.911,1.95,1.82,1.842,18401.67,2025-05-29,-0.03610675039246469,-0.0367747274250209,0.03610675039246469,0.03096282477976651,0.5915439368255082,0.026291293271353027,0.5022944526732371,0.02926969141738808,0.5591966693563448,,,1.9140000000000001,1.8995335022880506,1.9032999999999998,1.9103272921596774,1.9296,1.9168753806236352,,1.9195742494272523,,1.919852310135592,-0.022811671087533125,-2.2811671087533116,-0.03711447987454253,-3.7114479874542576,-0.03862212943632559,-3.86221294363256,33.82352941176474,36.47260273972602,,1.9125026867779247,1.9181628030822757,-0.005660116304351037,-0.001209288954350647,-0.00445082735000039,-0.24163014929426654,1.9296,0.05785590084993832,2.0453118016998766,1.8138881983001234,0.11993345947333811,0.12147335572904956,0.19985714285714287,10.850007755545215,0.19185714285714286,10.415697223514812,0.19733333333333333,10.712993123416576,25511.809,0.7213000849920128,201976.36999999994,1.9491028080633894,,-96.41909237262337,47.88630256663724,7.011686143572628,18.36393989983306,-92.98831385642737,False,True,False
1748563200000,1.842,1.871,1.75,1.75,18912.68,2025-05-30,-0.04994571118349622,-0.05123614989769244,0.04994571118349622,0.036772475343808717,0.702537155005002,0.03011929953298875,0.5754284096137695,0.031088355970427407,0.593942206855653,,,1.887,1.8496860404270163,1.8893,1.880938878157172,1.92055,1.8994003614391388,,1.9087990659512768,,1.9110297020526135,-0.07161803713527848,-7.161803713527852,-0.07407407407407407,-7.407407407407403,-0.09373381667529779,-9.373381667529781,28.840125391849526,30.480480480480495,49.224137931034484,1.8870402283785523,1.9033741361801522,-0.016333907801599823,-0.004248565300549952,-0.01208534250104987,-0.6905910000599926,1.92055,0.07041790666405366,2.061385813328107,1.7797141866718926,0.14666195967624612,-0.10549229620546535,0.14585714285714285,8.33469387755102,0.18635714285714286,10.648979591836735,0.1929047619047619,11.02312925170068,24994.662000000004,0.7566687639144709,183063.68999999994,1.9440977854341377,,-178.68632975640958,49.202165671379326,0.0,8.514190317195327,-100.0,False,True,False
1748649600000,1.75,1.822,1.582,1.759,25860.87,2025-05-31,0.005142857142857116,0.005129677819998404,0.005142857142857116,0.02712185041311975,0.5181622245866153,0.029850437147206914,0.5702918009457639,0.030754536560196836,0.5875645959780563,,,1.8478,1.8194561631172057,1.8803999999999998,1.8586202920695813,1.9143999999999999,1.884835863472459,,1.8995065074226904,,1.9033787582683732,-0.10025575447570345,-10.025575447570342,-0.04816017316017329,-4.8160173160173265,-0.06535600425079702,-6.5356004250797035,30.792682926829258,34.8111658456486,49.61505560307955,1.8670345562801314,1.8908511798801158,-0.023816623599984377,-0.00817701823601441,-0.015639605363969966,-0.8891191224542334,1.9143999999999999,0.07883053108776418,2.0720610621755284,1.7567389378244715,0.16471067924731347,0.007170642339739683,0.16771428571428568,9.534638187281733,0.1917142857142857,10.899049784780313,0.19528571428571434,11.102087224884274,25361.754500000003,1.0196798490419894,208924.55999999994,1.9348785211130133,,-216.03196382495852,42.8229645699394,21.664626682986516,9.558770942186381,-78.33537331701348,False,True,False
1748736000000,1.759,1.825,1.588,1.685,32176.1,2025-06-01,-0.04206935758953945,-0.042979901951096,0.04206935758953945,0.021325848375744846,0.4074297611429724,0.028690408723935565,0.5481294890374576,0.03194911876366477,0.6103870569300974,,,1.7894,1.774636258769077,1.8579,1.8268809006493258,1.90445,1.8642804625782428,,1.8864967741258214,,1.8927142919876743,-0.14769853313100656,-14.76985331310066,-0.11780104712041883,-11.780104712041878,-0.1056263269639065,-10.56263269639065,9.33734939759033,27.981651376146772,41.53439153439153,1.8386605998493368,1.873219049160443,-0.03455844931110619,-0.013469299389360114,-0.021089149921746073,-1.2515815977297373,1.90445,0.09397394655743131,2.0923978931148626,1.7165021068851374,0.1973776083539737,-0.08380542703366488,0.18314285714285708,10.869012293344634,0.19649999999999995,11.661721068249255,0.20104761904761906,11.931609439027836,25395.3595,1.2670070687520687,176748.45999999993,1.9233601444536264,,-199.57729468599024,42.519569249374236,12.607099143206854,11.423908608731123,-87.39290085679315,True,False,False
1748822400000,1.685,1.78,1.639,1.701,15161.15,2025-06-02,0.00949554896142435,0.00945074960939968,0.00949554896142435,0.02787929231164014,0.5326331317391222,0.02860672906250258,0.5465307913505256,0.03093046872780402,0.5909257753207308,,,1.7474,1.7500904071491812,1.8349999999999997,1.803891494027186,1.89225,1.8476122692357864,,1.8754825474269117,,1.88361612236853,-0.10989010989010983,-10.989010989010987,-0.1186528497409326,-11.865284974093258,-0.12544987146529563,-12.544987146529563,7.668711656441701,32.62295081967213,40.324032403240324,1.8172466337549589,1.8586365452934066,-0.04138991153844773,-0.019066956122686152,-0.02232295541576158,-1.3123430579518858,1.89225,0.10376130249152067,2.099772604983041,1.6847273950169586,0.2193395217154618,0.03920682516579651,0.1714285714285714,10.078105316200553,0.18878571428571428,11.09851347946586,0.19980952380952383,11.746591640771536,24894.2655,0.6090217845551619,191909.60999999993,1.9184796001800757,28.869101401727132,-159.88195926540737,47.73639896517096,14.56548347613219,16.279069767441854,-85.43451652386781,False,False,True
1748908800000,1.701,1.796,1.657,1.672,14681.88,2025-06-03,-0.017048794826572733,-0.01719579875121496,0.017048794826572733,0.02687213865554163,0.5133914881567174,0.028403567016063908,0.5426493859032296,0.025591759786725617,0.48892988421473604,,,1.7134,1.7240599659925315,1.8137,1.7798238793809675,1.8719999999999999,1.8298070840072045,,1.863639158256591,,1.8738437281611653,-0.09229098805646041,-9.229098805646045,-0.11299734748010615,-11.299734748010614,-0.1949927780452576,-19.49927780452576,8.65051903114184,32.3051948051948,38.48888888888889,1.7946911845964446,1.8429990112602783,-0.04830782666383371,-0.024926464167821266,-0.023381362496012442,-1.3984068478476341,1.8719999999999999,0.1053160656510228,2.0826321313020455,1.6613678686979543,0.2250343283141513,0.02523862631100481,0.16128571428571428,9.646274777853725,0.18585714285714286,11.115857826384143,0.19933333333333333,11.921850079744816,23494.914500000003,0.6248960812349412,177227.72999999992,1.9139939735033888,27.38192535714725,-136.09117146451587,53.7933881408096,11.015911872705002,12.72949816401468,-88.984088127295,True,False,False
1748995200000,1.672,1.8,1.62,1.674,23170.84,2025-06-04,0.0011961722488038617,0.0011954574047737313,0.0011961722488038617,0.02123584207195856,0.40571019312359563,0.028460088060185622,0.5437292189349721,0.024920147213866522,0.47609874402657737,,,1.6982,1.707373180126926,1.7925999999999997,1.760525873681087,1.8557,1.8141065061074686,,1.8528071775373496,,1.8648521591435472,-0.04342857142857148,-4.342857142857147,-0.11193633952254645,-11.193633952254647,-0.16300000000000003,-16.300000000000004,12.162162162162119,34.895833333333314,40.352504638218925,1.7759760025945095,1.828975452175459,-0.0529994495809496,-0.030549762883738552,-0.022449686697211046,-1.3410804478620697,1.8557,0.10960315977004938,2.0749063195400987,1.636493680459901,0.2362518936682641,0.08555026976135588,0.16971428571428568,10.138248847926265,0.18728571428571428,11.187916026625704,0.19123809523809523,11.424020026170565,23423.1365,0.989228748250688,200398.56999999992,1.9069549217266368,26.022484084691587,-125.40086776080005,54.032758773428235,11.26070991432067,12.280701754385953,-88.73929008567933,True,True,False
1749081600000,1.674,1.712,1.4,1.481,40264.82,2025-06-05,-0.1152927120669055,-0.12249843678162171,0.1152927120669055,0.0502088299308744,0.9592383489545371,0.0385778828694077,0.7370294173506883,0.03424658039617007,0.6542799997886525,,,1.6425999999999998,1.6319150598966814,1.7451999999999999,1.7095792189794088,1.82925,1.780724227205545,,1.831943486547853,,1.84800587376834,-0.15804434337691864,-15.80443433769186,-0.24245524296675192,-24.24552429667519,-0.26318407960199,-26.318407960198993,8.359133126934964,19.66053748231967,34.12135539795115,1.7302908117142726,1.8003552981953468,-0.07006448648107422,-0.038462503101141264,-0.03160198337993295,-2.1338273720413876,1.82925,0.1319576786222327,2.0931653572444655,1.5653346427555346,0.28855034275737645,-0.15977592898736676,0.1957142857142857,13.215009163692484,0.1977857142857143,13.354876049001637,0.19314285714285712,13.041381306067326,24130.742000000002,1.668610936207432,160133.7499999999,1.8868052110869558,25.924707317330565,-192.30635231113058,45.891585272310685,8.108108108108125,10.128243298377932,-91.89189189189187,False,True,False
1749168000000,1.481,1.606,1.4,1.547,17077.92,2025-06-06,0.044564483457123494,0.04360003630526727,0.044564483457123494,0.06015029418226096,1.1491697567929535,0.0433588286326426,0.8283692579062351,0.036381143665505024,0.6950607737886612,,,1.6149999999999998,1.6036099415218656,1.7022,1.6799604886849384,1.8093999999999997,1.757417542362248,,1.8162197969811102,,1.835106193692492,-0.08189910979228499,-8.189910979228493,-0.21750126454223573,-21.75012645422358,-0.20421810699588483,-20.42181069958848,22.10526315789471,24.568393094289505,34.37990580847722,1.7019324126929025,1.7796863655585666,-0.07775395286566411,-0.0463285832424932,-0.03142536962317091,-2.031374894839749,1.8093999999999997,0.14317100559158372,2.0957420111831673,1.5230579888168323,0.316504931118788,0.04180666868308819,0.20785714285714288,13.436143688244531,0.17685714285714285,11.43226521377782,0.19352380952380951,12.509619232308308,24008.3235,0.7113333007196442,177211.66999999993,1.8786003789474854,26.165329717775553,-164.4525278085298,30.53671154549376,19.57390146471372,12.980906495714171,-80.42609853528629,False,False,False
1749254400000,1.547,1.6,1.462,1.503,16773.77,2025-06-07,-0.028442146089204923,-0.028854460820091642,0.028442146089204923,0.0585947791366346,1.119451683573664,0.04325974438645283,0.8264762560407598,0.03606447130555147,0.6890107568466293,,,1.5754,1.570073216615818,1.6614,1.6477334442947658,1.7858999999999998,1.7321605139653522,,1.7992073918960922,,1.8211944137557874,-0.1164021164021165,-11.64021164021165,-0.21350078492935642,-21.350078492935644,-0.23821591485048155,-23.82159148504816,23.99999999999997,24.601063829787222,25.801011804384473,1.6711807880614797,1.7572822473392355,-0.08610145927775581,-0.05428946571044499,-0.03181199356731082,-2.1165664382775,1.7858999999999998,0.15313080064201062,2.092161601284021,1.4796383987159785,0.34297732379642915,0.038139945043839024,0.1932857142857143,12.859994297120048,0.18050000000000002,12.009314703925485,0.19223809523809524,12.790292431010993,23584.362,0.7112242425722604,160437.89999999994,1.8709745956841313,26.499735472759358,-139.09938052413438,34.7072706209763,13.715046604527295,13.799018725783048,-86.28495339547271,False,False,True
1749340800000,1.503,1.534,1.45,1.503,12152.33,2025-06-08,0.0,0.0,0.0,0.05951680492642646,1.1370669615538742,0.043536328352011294,0.8317603852832629,0.0359269450066244,0.6863833205948334,,,1.5416,1.5477154431963487,1.6275,1.621383211252578,1.7654,1.7095022946980647,,1.7833583123684578,,1.8081534356109252,-0.10107655502392343,-10.107655502392348,-0.18403908794788282,-18.403908794788283,-0.21432305279665453,-21.432305279665453,20.359281437125716,24.601063829787222,27.592425608656427,1.6452020000120156,1.736833332272465,-0.0916313322604494,-0.06176257566660662,-0.029868756593842777,-1.987275887813891,1.7654,0.16238433940565386,2.090168678811308,1.4406313211886923,0.36792645158185994,0.09602015662283754,0.17142857142857149,11.405759908753925,0.17728571428571427,11.795456705636347,0.18814285714285714,12.51782149985743,23061.541,0.5269522101753737,160437.89999999994,1.8652539794541179,27.418941508862115,-131.46392002056956,35.473454076313274,13.715046604527295,15.667998224589434,-86.28495339547271,False,True,False
1749427200000,1.503,1.579,1.468,1.509,29426.63,2025-06-09,0.003992015968063978,0.003984069014874513,0.003992015968063978,0.05977355291650546,1.1419721250169514,0.04264147867803328,0.8146643062666645,0.03608931184387087,0.6894853346648626,,,1.5086,1.5348102821700809,1.6034,1.600927630853373,1.74635,1.6897494903201267,,1.7688851412073137,,1.7961471596794973,-0.09856630824372759,-9.856630824372763,-0.1377142857142858,-13.771428571428576,-0.20158730158730165,-20.158730158730158,23.79421221864949,17.58720930232556,27.33031674208145,1.6241760613283438,1.7186268943066905,-0.09445083297834667,-0.06830354379382364,-0.026147289184523026,-1.7327560758464564,1.74635,0.16920286018485892,2.084755720369718,1.4079442796302821,0.3875577294009997,0.14931148365239144,0.1671428571428572,11.076398750355018,0.1692857142857143,11.218403862539054,0.18157142857142855,12.032566505727539,23208.668,1.2679155046726507,189864.52999999994,1.8529170258620602,28.333056477299518,-106.88836104513085,33.532660163784996,14.513981358189081,13.981358189081226,-85.48601864181093,True,False,False
1749513600000,1.509,1.6,1.469,1.494,27714.41,2025-06-10,-0.009940357852882609,-0.009990093075086186,0.009940357852882609,0.026874680132396588,0.5134400430038552,0.04215919895879045,0.8054503651679042,0.0359846108640362,0.6874850252537729,,,1.5111999999999999,1.5212068454377374,1.5769,1.5814689110489883,1.72865,1.6705279340352246,,1.7545778577722357,,1.784262376810821,0.008777852802160702,0.8777852802160634,-0.15065378055713474,-15.065378055713468,-0.1915584415584416,-19.15584415584416,22.2222222222222,14.537444933920682,28.652751423149894,1.6040909518802506,1.7007808564922082,-0.09668990461195759,-0.07398311986721634,-0.02270678474474125,-1.5198651100897755,1.72865,0.17637348977308615,2.0813969795461724,1.3759030204538276,0.4081184502891533,0.16739615984538034,0.16600000000000006,11.111111111111116,0.16364285714285717,10.953337158156437,0.17923809523809525,11.99719512972525,23469.313000000002,1.1808786222246896,162150.11999999994,1.8421506584629015,30.20141953079581,-95.05921636145462,32.38263748197116,15.088282504012849,14.439103488909742,-84.91171749598715,True,False,False
1749600000000,1.494,1.529,1.469,1.477,15459.94,2025-06-11,-0.011378848728246238,-0.011444083161382733,0.011378848728246238,0.012591806282653464,0.2405661212491339,0.04110219630838718,0.7852563578865291,0.03449864832251451,0.6590957507596256,,,1.4971999999999999,1.5064712235452533,1.5561,1.5624607108778215,1.707,1.6515805420828762,,1.740313471498522,,1.7724079359857237,-0.04524886877828049,-4.524886877828044,-0.12344213649851632,-12.344213649851628,-0.22670157068062824,-22.670157068062817,48.648648648648646,15.664556962025287,26.19961612284068,1.5844905862019412,1.6830970562496428,-0.09860647004770162,-0.0789093885689074,-0.019697081478794218,-1.3335871007985252,1.707,0.17948904086175782,2.065978081723516,1.3480219182764843,0.4205952920017759,0.17964617937712204,0.14885714285714288,10.078344133862077,0.15928571428571425,10.784408550149916,0.17447619047619045,11.812876809491566,23201.788999999997,0.6663253424121736,146690.17999999993,1.835921605666599,33.12476364617785,-98.11855848377941,32.73433550340502,14.000000000000032,14.534087954067322,-85.99999999999997,False,False,False
1749686400000,1.477,1.494,1.36,1.376,21506.77,2025-06-12,-0.06838185511171302,-0.07083226403809093,0.06838185511171302,0.02937301103403368,0.5611705878607631,0.0438056546992445,0.836905857922351,0.036235397415905625,0.6922762955997744,,,1.4718,1.4629808024223703,1.5235999999999998,1.5285385366455544,1.6793,1.624671542004863,,1.7218170073377737,,1.7573960899034855,-0.08449767132401864,-8.449767132401863,-0.19106407995296892,-19.106407995296895,-0.28704663212435233,-28.70466321243524,3.2786885245901516,14.90963855421684,25.20775623268696,1.5523486303906584,1.6589488765961293,-0.10660024620547093,-0.08444899826112023,-0.022151247944350694,-1.609829065723161,1.6793,0.1858970003438523,2.0510940006877045,1.3075059993122955,0.4427964040823016,0.09211283743284125,0.12342857142857144,8.970099667774088,0.15957142857142856,11.596760797342192,0.173,12.57267441860465,21182.1025,1.0153274444781861,125183.40999999993,1.8256451366955104,36.82188591553616,-122.41710371707792,33.00548097479425,3.1311154598825435,10.739799321298475,-96.86888454011746,False,True,False
1749772800000,1.376,1.43,1.27,1.362,18118.69,2025-06-13,-0.010174418604650959,-0.010226531783831089,0.010174418604650959,0.028218319670970698,0.5391102403445686,0.04391219984039177,0.8389413999858474,0.03621730817892554,0.6919307012125219,,,1.4436,1.4293205280988899,1.4926,1.4982440232929912,1.6531500000000001,1.5990846178746734,,1.7037575104234726,,1.7426882982473482,-0.09381237524950081,-9.381237524950087,-0.18540669856459324,-18.54066985645932,-0.2774535809018567,-27.745358090185672,3.9215686274509807,16.894197952218406,25.418994413407802,1.5230128838320993,1.6357046709421743,-0.11269178711007499,-0.09009872943416804,-0.022593057675906955,-1.6588148073353122,1.6531500000000001,0.19211928175238618,2.0373885635047726,1.2689114364952276,0.46485626047820516,0.12113381157747359,0.11685714285714284,8.579819593035449,0.16235714285714287,11.920495070274805,0.15685714285714286,11.516677155443675,21676.805500000002,0.8358560951243483,107064.71999999993,1.8162491589863123,40.65373133725528,-127.1259885169537,33.639559958880355,16.576576576576592,11.235897345486388,-83.4234234234234,False,True,False
1749859200000,1.362,1.42,1.287,1.348,19919.02,2025-06-14,-0.01027900146842875,-0.010332195237205301,0.01027900146842875,0.025916894661831454,0.4951415772817414,0.04346221942332971,0.8303445361888071,0.036058820798730004,0.6889028040653826,,,1.4114,1.4022136817220376,1.46,1.470916020000144,1.6262999999999999,1.5746793940715058,,1.6860956039444535,,1.7282578613677573,-0.1066931742876076,-10.669317428760756,-0.19474313022700107,-19.47431302270011,-0.2848806366047745,-28.488063660477447,3.5928143712574894,15.228426395939081,26.09942638623326,1.4960478924864082,1.6132783236850012,-0.117230431198593,-0.09552597154232179,-0.021704459656271213,-1.6101231199014254,1.6262999999999999,0.19550611782055127,2.0173122356411026,1.2352877643588973,0.4808611395697014,0.14412878340789015,0.1161428571428571,8.615938957185245,0.15471428571428572,11.477320898685884,0.15904761904761905,11.798784795817436,21875.3815,0.9105678911245503,87145.69999999992,1.806292314518171,45.267100783774076,-113.67848839113215,34.903588172626385,14.054054054054069,11.253915363504403,-85.94594594594594,False,False,True
1749945600000,1.348,1.408,1.201,1.228,15410.68,2025-06-15,-0.08902077151335319,-0.09323518276516465,0.08902077151335319,0.038004807601984304,0.7260808297395703,0.03748013682784415,0.7160570086741561,0.03729094376621347,0.7124424803068923,,,1.3582,1.3441424492295282,1.4346999999999999,1.4267350421729579,1.58995,1.5410483884691006,,1.6635877909553443,,1.7102691166070538,-0.17804551539491298,-17.8045515394913,-0.1708305199189737,-17.083051991897374,-0.37186700767263425,-37.18670076726343,0.0,14.128728414442676,19.112318840579704,1.4547580163161478,1.5833621177156505,-0.12860410139950273,-0.1021424769981866,-0.026461624401316136,-2.1548554072733013,1.58995,0.1987332184242566,1.9874164368485132,1.1924835631514867,0.4999735046366405,0.0446785357904945,0.13371428571428565,10.888785481619353,0.15257142857142858,12.424383434155423,0.16276190476190472,13.254226772142077,21099.052000000003,0.7303967969745748,71735.01999999993,1.7976918454368325,50.07963950013647,-129.44295689609913,37.72254828443761,4.507512520868099,11.71271438383292,-95.49248747913191,False,True,False
1750032000000,1.228,1.382,1.185,1.255,18912.0,2025-06-16,0.021986970684038987,0.02174874285879639,0.021986970684038987,0.04591934680187938,0.8772878888424332,0.0337980197387329,0.6457102604611601,0.037871834062787206,0.7235403738402858,,,1.3138,1.3144282976948318,1.4055,1.3955021434982122,1.5538500000000002,1.513348186499069,,1.643709614006695,,1.6941584195896742,-0.15030467163168593,-15.030467163168598,-0.1887524240465417,-18.875242404654173,-0.3651997976732424,-36.51997976732424,9.215017064846393,15.586419753086389,19.621962196219613,1.4239933945367536,1.5579561648073113,-0.1339627702705577,-0.10850721246742656,-0.025455557803131135,-2.028331299054274,1.5538500000000002,0.19011389245729327,1.9340777849145867,1.1736222150854136,0.48940088800667564,0.10701188622086989,0.1459999999999999,11.63346613545816,0.15657142857142856,12.475811041548093,0.1615238095238095,12.870423069626256,20787.1135,0.9097944262439324,90647.01999999993,1.7874151140835974,54.26972156809883,-125.22012312807288,31.877377377376376,11.382113821138185,9.981226798686784,-88.61788617886181,False,True,False
1750118400000,1.255,1.3,1.077,1.113,40924.14,2025-06-17,-0.11314741035856568,-0.12007650029033937,0.11314741035856568,0.05781173480451324,1.1044916426140077,0.04489576923192298,0.8577324668263525,0.04301197977823957,0.8217427198472443,,,1.2611999999999999,1.2472855290977816,1.3665,1.3441268856781647,1.51395,1.474641388013447,,1.6181314329454444,,1.673908453330671,-0.1911337209302325,-19.11337209302325,-0.25948103792415167,-25.948103792415168,-0.41758241758241765,-41.75824175824176,6.4593301435406545,13.272010512483561,18.046357615894024,1.3761052934213978,1.5236422821930782,-0.14753698877168042,-0.11631383184200694,-0.03122315692967348,-2.8053150880209774,1.51395,0.19489200113207122,1.9037340022641422,1.1241659977358576,0.5149232170998281,-0.014323314542153518,0.15914285714285706,14.298549608522649,0.16257142857142856,14.606597355923501,0.16214285714285714,14.568091387498397,22101.3155,1.8516608208230863,49722.87999999993,1.7619935822369721,58.90654498571213,-166.14161670223453,24.766485183005543,4.979253112033199,6.956293151346494,-95.0207468879668,False,True,False
1750204800000,1.113,1.251,1.113,1.188,17036.31,2025-06-18,0.06738544474393526,0.06521214864704536,0.06738544474393526,0.07554375792666805,1.443261468693148,0.053837686517488666,1.0285675566960655,0.04767237049933231,0.9107793595566093,,,1.2264,1.227523685535642,1.335,1.3157351006949132,1.48125,1.4469680662048754,,1.59758525198774,,1.657228296001149,-0.12775330396475781,-12.77533039647578,-0.20958083832335328,-20.958083832335326,-0.35504885993485347,-35.504885993485345,26.0204081632653,20.86330935251796,22.837100545596243,1.3471440318868293,1.497836942145082,-0.1506929102582526,-0.12319011550087187,-0.027502794757380725,-2.315050063752586,1.48125,0.1917942634013966,1.8648385268027932,1.0976614731972067,0.5179254370333073,0.11775446929521585,0.1702857142857142,14.33381433381433,0.15957142857142856,13.43193843193843,0.16295238095238093,13.716530383197048,22033.0475,0.7732162334783693,66759.18999999993,1.7523558137064907,63.598209487439284,-142.04474511628973,30.501266545163446,17.48031496062992,11.2805606312671,-82.51968503937009,False,False,True
1750291200000,1.188,1.345,1.162,1.21,31013.99,2025-06-19,0.0185185185185186,0.018349138668196617,0.0185185185185186,0.0779688317658462,1.489592439336932,0.054801161057059275,1.046974711928917,0.04790932626413998,0.9153063930868132,,,1.1987999999999999,1.2216824569194122,1.3051,1.2965077230084474,1.45425,1.4241201960767809,,1.5792283631113921,,1.6420957547395767,-0.10237388724035612,-10.237388724035617,-0.19814446653412854,-19.814446653412855,-0.3085714285714286,-30.85714285714286,30.999999999999986,29.5625942684766,19.838056680161927,1.3260313883853518,1.4757690393167902,-0.14973765093143832,-0.128499911679787,-0.021237739251651316,-1.7551850621199436,1.45425,0.18997032316709522,1.8341906463341906,1.0743093536658095,0.5225245265039581,0.17856821538230325,0.17728571428571424,14.651711924439196,0.15035714285714283,12.426210153482879,0.16547619047619047,13.675718221172767,22638.113,1.369990069401986,97773.17999999993,1.7372318011889651,66.48915522008629,-102.39820949501255,41.56544482167849,25.141776937618143,15.867115003427088,-74.85822306238185,True,False,False
1750377600000,1.21,1.289,1.188,1.188,14872.28,2025-06-20,-0.018181818181818188,-0.01834913866819654,0.018181818181818188,0.06780524467891812,1.2954173806840414,0.05468751402497685,1.0448034884296158,0.04762126155660625,0.9098029245768487,,,1.1907999999999999,1.2104549711458945,1.2745000000000002,1.2767766834877048,1.4257,1.401380894467099,,1.5608486589385462,,1.6269434955584154,-0.032573289902280145,-3.257328990228016,-0.20481927710843373,-20.481927710843376,-0.3246162592382035,-32.46162592382035,30.392156862745082,21.001615508885294,18.056680161943305,1.3047842418048137,1.453763424941277,-0.1489791831364633,-0.13259594437850808,-0.01638323875795522,-1.3790605015113822,1.4257,0.18459061389150364,1.7948812277830073,1.0565187722169926,0.5178946872175175,0.17807138864098432,0.16885714285714282,14.213564213564212,0.14285714285714282,12.025012025012023,0.1645238095238095,13.84880551547218,22088.6835,0.673298614650348,82900.89999999994,1.7300495698260048,66.1526033315135,-97.51344012438278,42.36362448356195,21.22370936902485,21.28193375575764,-78.77629063097515,False,False,True
1750464000000,1.188,1.221,1.08,1.107,19584.23,2025-06-21,-0.06818181818181812,-0.07061756721395329,0.06818181818181812,0.07085918275502036,1.3537627857046897,0.05646734392268886,1.078807090880653,0.04865369394417789,0.9295275176459341,,,1.1612,1.1759699804901307,1.2375,1.2459051711070765,1.3967999999999998,1.3730610430752692,,1.5396913469305558,,1.6098262428059409,-0.1179282868525896,-11.792828685258957,-0.25050778605280977,-25.050778605280982,-0.34302670623145404,-34.3026706231454,33.60433604336043,19.817073170731703,17.83999999999999,1.2743418962868098,1.4273099000886902,-0.15296800380188036,-0.13667049824066296,-0.016297505561217396,-1.4722227245905506,1.3967999999999998,0.1870869766769064,1.7709739533538127,1.022626046646187,0.5357588106440621,0.1127469624723322,0.16999999999999996,15.356820234869012,0.14307142857142852,12.924248290101945,0.1598095238095238,14.436271346840451,21459.09,0.9126309643139574,63316.66999999994,1.7193483624177237,66.5095066525134,-120.5853868503174,36.333936368753434,5.736137667304019,17.36720799131567,-94.26386233269598,False,True,False
1750550400000,1.107,1.2,0.98,1.046,30496.34,2025-06-22,-0.05510388437217706,-0.056680288083768675,0.05510388437217706,0.055412202680269515,1.0586486457488777,0.05553317046088087,1.0609597319524415,0.04876346794353479,0.9316247469589098,,,1.1477999999999997,1.1326466534307722,1.2045,1.2095558627068996,1.3640500000000002,1.3416275956365382,,1.5168457663177068,,1.5915046776227955,-0.060197663971248816,-6.019766397124883,-0.2398255813953487,-23.982558139534873,-0.38506760728982947,-38.506760728982954,24.0694789081886,18.131101813110178,17.954911433172285,1.239198697754763,1.3982851581539244,-0.1590864603991613,-0.14115381564901158,-0.017932644750149718,-1.714401983761923,1.3640500000000002,0.1883586933709753,1.7407673867419509,0.9873326132580496,0.5523512873310371,0.07786657691769523,0.17185714285714285,16.42993717563507,0.15278571428571425,14.606664845670577,0.15899999999999997,15.200764818355639,22225.8495,1.372111333697279,32820.32999999994,1.7017759018537209,67.5296503489681,-131.49782077176573,35.05382339745822,10.645161290322589,12.535002775550486,-89.35483870967741,False,True,False
1750636800000,1.046,1.185,1.031,1.153,16269.91,2025-06-23,0.10229445506692159,0.0973938756441908,0.10229445506692159,0.06844257797204753,1.307593616152522,0.06881050753632922,1.3146229006082448,0.05623922014243683,1.0744487921784627,,,1.1408,1.139431102311122,1.1836,1.199272304151307,1.3381,1.3235145932540564,,1.500126818264978,,1.5774340433088563,-0.02946127946127941,-2.9461279461279397,-0.15345080763582974,-15.345080763582972,-0.31040669856459324,-31.040669856459324,55.434782608695656,28.239608801955995,26.25298329355607,1.2259329914804937,1.3796525103523856,-0.15371951887189184,-0.14366701233974666,-0.010052506532145178,-0.8718565942883936,1.3381,0.1792296086911395,1.696559217382279,0.9796407826177211,0.5357734360395768,0.24181163292196767,0.16571428571428573,14.37244455457812,0.15585714285714283,13.5175319043489,0.1596190476190476,13.843802915789038,22305.250999999997,0.729420619386888,49090.23999999995,1.6934715075309097,68.27199584809604,-102.73929691502016,30.637315667521904,27.903225806451616,14.761508254692743,-72.09677419354838,False,False,True
1750723200000,1.153,1.221,1.129,1.147,11850.11,2025-06-24,-0.005203816131829964,-0.00521740313968829,0.005203816131829964,0.06729255276027718,1.2856224153316016,0.06886275415607483,1.3156210708769454,0.056149093524087146,1.0727269255525798,,,1.1282,1.14195406821335,1.1635,1.1897677388469914,1.31175,1.3065780751290568,,1.484008965889719,,1.5637900052908043,-0.05206611570247932,-5.206611570247929,-0.14910979228486654,-14.910979228486651,-0.31481481481481477,-31.481481481481477,43.143812709030115,28.553770086526583,25.598086124401902,1.2137860699152276,1.3620128028120202,-0.14822673289679256,-0.14457897272107273,-0.0036477601757198275,-0.3180261705073956,1.31175,0.16545722137538504,1.6426644427507702,0.9808355572492299,0.5045388873653823,0.2510685864441367,0.14700000000000002,12.816041848299914,0.15307142857142855,13.345373022792376,0.15738095238095237,13.721094366255656,21739.214500000002,0.5451029520868843,37240.12999999995,1.6880127588040785,67.48892634977281,-76.21941717313386,25.17909235690564,30.41894353369764,22.989110210157282,-69.58105646630236,True,False,False
1750809600000,1.147,1.188,1.062,1.074,16487.03,2025-06-25,-0.06364428945074108,-0.06575984206056071,0.06364428945074108,0.07178580526634142,1.371465883926406,0.06620164669946764,1.2647806843038891,0.05246710245237916,1.0023825848986925,,,1.1054,1.1193027121067085,1.1481,1.168718134922217,1.2913999999999999,1.2842781522610347,1.63406,1.4654143458897084,,1.5484470082998434,-0.09595959595959591,-9.595959595959586,-0.12540716612377845,-12.540716612377844,-0.274814314652262,-27.481431465226198,30.57142857142857,26.705202312138724,25.61851556264962,1.192275449394246,1.3402137382851755,-0.14793828889092953,-0.14525084554433343,-0.0026874433465960967,-0.25022749968306296,1.2913999999999999,0.16854529299115323,1.6284905859823064,0.9543094140176934,0.5220544927711113,0.17753475024157017,0.1452857142857143,13.527533918595372,0.15778571428571425,14.691407289172648,0.1548095238095238,14.414294581892348,20550.325,0.8022758764155797,20753.099999999948,1.6797851683267429,67.00903492032647,-94.07965300614077,25.518739204789043,18.287937743190678,25.53670236111331,-81.71206225680933,False,True,False
1750896000000,1.074,1.2,1.066,1.143,21816.58,2025-06-26,0.06424581005586583,0.06226638872600057,0.06424581005586583,0.07304628800586135,1.3955473728519086,0.06981470307914672,1.3338080295157686,0.05380308355064967,1.027906467942847,0.04432180617281581,0.8467669179789314,1.1126,1.127201808079398,1.1369,1.1640419424202484,1.2711999999999999,1.2707409075370781,1.6215600000000001,1.4508814688310996,,1.5358908053768592,0.03252032520325199,3.2520325203252063,-0.08924302788844618,-8.924302788844612,-0.2611506140917905,-26.115061409179052,44.33249370277079,36.01440576230492,28.637059724349143,1.1846930984406627,1.325311107299875,-0.14061800885921216,-0.14432426762765965,0.00370625876844749,0.3242571101003928,1.2711999999999999,0.16030779604774126,1.5918155920954824,0.9505844079045174,0.5044298176455043,0.30007210634687315,0.1382857142857143,12.098487689038869,0.15778571428571425,13.804524434445693,0.14633333333333332,12.802566345873432,20787.258,1.04951696851985,42569.67999999995,1.6697721733947892,65.91200534455463,-74.77760849265246,33.00917384691425,36.222222222222236,28.309701166370186,-63.777777777777764,True,False,False
1750982400000,1.143,1.202,1.103,1.174,14258.78,2025-06-27,0.02712160979877498,0.026760336593230936,0.02712160979877498,0.06381465592626835,1.2191772896140356,0.0594651046789124,1.136079229712001,0.05442905068649259,1.0398655532812713,0.043480023792011165,0.830684688174856,1.1381999999999999,1.1428012053971386,1.143,1.1658525515565732,1.25475,1.2614766019495258,1.6075,1.4384736962982967,,1.5248072532292556,0.12237093690248546,12.237093690248555,0.05480682839173401,5.4806828391734,-0.21889554224883567,-21.889554224883565,59.654178674351584,38.94117647058822,30.963302752293558,1.1830477286390082,1.3138941812361653,-0.1308464525971571,-0.14162867999902332,0.010782227401866212,0.9184180069732719,1.25475,0.1519310352550926,1.5586120705101854,0.9508879294898148,0.48433882528023153,0.36712721356696365,0.13799999999999998,11.754684838160136,0.15342857142857141,13.068873205159406,0.14123809523809522,12.030502149752573,20661.5085,0.6901132122081018,56828.45999999995,1.66370257285407,64.32567676956651,-58.477370058847036,38.61888819894724,44.090909090909086,32.867023018774,-55.90909090909092,True,False,False
1751068800000,1.174,1.221,1.16,1.174,9706.01,2025-06-28,0.0,0.0,0.0,0.04700892789348147,0.8981043063689802,0.05554107724681477,1.0611107908856057,0.05442905068649259,1.0398655532812713,0.04329436297339309,0.827137643215594,1.1423999999999999,1.1532008036029249,1.1416,1.1673339414403385,1.2383,1.253103888271067,1.5926600000000002,1.4266879118095752,,1.5141782119627258,0.018213356461404873,1.8213356461404948,-0.011784511784511786,-1.1784511784511795,-0.21889554224883567,-21.889554224883565,72.37762237762237,39.59330143540669,30.857580398162312,1.1816555715472512,1.3033532387965838,-0.12169766724933262,-0.13764244831966452,0.015944781070331898,1.358158523878356,1.2383,0.1410595618878776,1.5204191237757552,0.9561808762242447,0.4556555338379314,0.38604104688218616,0.12657142857142858,10.781211973716234,0.14828571428571427,12.63081041615965,0.13757142857142854,11.718179605743488,20539.192499999997,0.47256044754437165,56828.45999999995,1.6598564706187233,62.92801737763346,-40.10219313354001,43.96739043044079,45.32710280373831,41.88007803895655,-54.67289719626168,True,False,False
1751155200000,1.174,1.35,1.161,1.198,17877.94,2025-06-29,0.020442930153321992,0.020236778287352916,0.020442930153321992,0.04708402309391777,0.8995389981588526,0.0556149372109884,1.0625218835198154,0.05478834575623855,1.0467298759505133,0.04342987136335291,0.8297265273707018,1.1526,1.1681338690732428,1.1404,1.1729096981480789,1.22275,1.2478321959515315,1.5779999999999998,1.4165510616473396,,1.504697902501417,0.04446381865736693,4.446381865736699,-0.00991735537190086,-0.9917355371900836,-0.2060967528164347,-20.60967528164347,61.08374384236453,47.97297297297297,37.55496921723833,1.1841704029310132,1.2954250466196273,-0.11125464368861415,-0.13236485654061833,0.02111021285200418,1.7621212731222187,1.22275,0.12598407376373102,1.474718147527462,0.970781852472538,0.4121335473767524,0.4508866492791464,0.12214285714285718,10.195564035296927,0.147,12.270450751252087,0.14257142857142857,11.900787025995708,19961.757999999998,0.8956094949152275,74706.39999999995,1.6536801629450213,58.733086531417904,-2.9445225189051456,50.36990549232461,54.228855721393046,47.882289205346815,-45.77114427860696,True,False,False
1751241600000,1.198,1.217,1.16,1.181,11023.9,2025-06-30,-0.014190317195325486,-0.014291962478032296,0.014190317195325486,0.029901714674500195,0.571271456729159,0.05548108751676403,1.0599646887022383,0.05479621231394988,1.0468801663245642,0.0433702720056705,0.8285878832409594,1.174,1.1724225793830476,1.1397,1.1743806857993924,1.2071,1.2414412260900662,1.56398,1.406163081800446,,1.4950899511350633,0.09962756052141519,9.962756052141525,-0.005892255892255838,-0.5892255892255804,-0.2095046854082998,-20.950468540829984,57.943925233644876,44.93150684931508,33.18014705882352,1.183682598750215,1.2868243131155181,-0.10314171436530306,-0.12652020077123854,0.023378486405935484,1.9795500767091856,1.2071,0.10878172253597881,1.4246634450719577,0.9895365549280424,0.36047294353733356,0.4400174969849195,0.10828571428571432,9.168985121567681,0.13700000000000004,11.600338696020325,0.13999999999999999,11.854360711261641,19127.232500000002,0.5763457938831453,63682.49999999995,1.64951213445325,54.35900379490005,-30.009744278528455,52.11660006172598,54.32432432432432,51.293427616485225,-45.67567567567568,False,True,False
1751328000000,1.181,1.189,1.05,1.072,23154.83,2025-07-01,-0.09229466553767995,-0.09683547456661504,0.09229466553767995,0.04790313607856774,0.9151881297575101,0.05920987580196021,1.1312030888644606,0.057789739997350806,1.1040714324131902,0.04493845942955428,0.8585480619069145,1.1598000000000002,1.1389483862507561,1.1362,1.1557657704931386,1.18685,1.2252443519004967,1.5477400000000001,1.3914978778750609,,1.4826547186954402,-0.06211723534558178,-6.211723534558176,-0.031616982836494945,-3.161698283649496,-0.27420446851726477,-27.42044685172647,49.6,47.05882352941177,31.30962705984389,1.166499173613088,1.2706946834800248,-0.10419550986693671,-0.12205524588499864,0.017859736018061928,1.6660201509386126,1.18685,0.09234960747074089,1.3715492149414819,1.002150785058518,0.31124272644644546,0.1890890953803249,0.11500000000000002,10.727611940298507,0.13100000000000003,12.220149253731345,0.14038095238095236,13.095238095238093,19511.977000000003,1.186698303303658,40527.66999999995,1.6394820806093522,49.473735385509464,-92.28776101204092,56.003170458690505,24.86486486486488,44.47268163686075,-75.13513513513513,False,True,False
1751414400000,1.072,1.19,1.022,1.116,21486.81,2025-07-02,0.04104477611940305,0.04022480131050901,0.04104477611940305,0.051032603429065584,0.9749765195393788,0.05733926986948376,1.0954652127043574,0.05757869549737076,1.1000394329024366,0.04512240795881761,0.862062393623987,1.1481999999999999,1.1312989241664686,1.1432,1.1485355524938052,1.17385,1.2148053651860529,1.5311599999999999,1.3794634854830274,,1.471980559931366,-0.049403747870527925,-4.9403747870527965,0.06692160611854692,6.69216061185469,-0.18895348837209291,-18.895348837209287,44.00000000000002,44.594594594594604,33.834586466165405,1.158729501108138,1.2590914655110759,-0.10036196440293788,-0.1177165766022753,0.017354612199337427,1.5550727777184072,1.17385,0.08204701797076264,1.3379440359415253,1.0097559640584748,0.2795826314120633,0.3237291207201012,0.12100000000000002,10.842293906810037,0.13314285714285717,11.930363543266772,0.14552380952380953,13.039767878477553,19510.979,1.1012676503828949,62014.47999999995,1.6305937812078422,44.898799080524384,-85.0451023527438,56.54177489368327,36.75675675675678,38.64864864864866,-63.24324324324322,True,True,False
1751500800000,1.116,1.201,1.101,1.142,18952.83,2025-07-03,0.023297491039426355,0.023030247274699114,0.023297491039426355,0.053082140075621516,1.0141328621920724,0.04749940872681708,0.9074749295324844,0.05802197242836597,1.1085082267779938,0.04397782620298792,0.8401951898827896,1.1418000000000001,1.1348659494445308,1.1421,1.1473472597457757,1.16285,1.2078505665264045,1.5124600000000001,1.3691366508196539,,1.46246268431657,-0.027257240204429323,-2.7257240204429327,-0.009540329575021822,-0.9540329575021788,-0.16152716593245242,-16.15271659324524,42.72727272727271,44.92537313432835,34.92193919474116,1.1561555722446515,1.2503169482338181,-0.09416137598916663,-0.11300552519892658,0.01884414920975995,1.6501006313274915,1.16285,0.06924272714991657,1.301335454299833,1.0243645457001669,0.23818283407117524,0.4247213358781422,0.1161428571428572,10.17012759569678,0.12721428571428575,11.13960470352765,0.1439047619047619,12.601117504795264,19552.685999999998,0.9693210436663282,80967.30999999995,1.6235609651409393,44.04042405324259,-38.33767827020398,53.97955534449989,43.78378378378375,35.13513513513514,-56.21621621621625,True,False,False
1751587200000,1.142,1.189,1.068,1.106,16952.19,2025-07-04,-0.031523642732048884,-0.03203120813367526,0.031523642732048884,0.05209489107896731,0.9952714965943994,0.04854258778246401,0.9274048374068639,0.05827626813710146,1.1133665394717867,0.04391745357924937,0.8390417725257879,1.1234,1.1252439662959612,1.138,1.1398295219272325,1.15075,1.1981239980548077,1.49458,1.3577420216135487,,1.4522730968877564,-0.07679465776293815,-7.679465776293812,-0.03574542284219695,-3.574542284219697,-0.17952522255192882,-17.952522255192875,36.718750000000014,44.005847953216374,34.329563812600966,1.1484389258415668,1.2395115544265949,-0.09107262858502807,-0.10861893747311423,0.017546308888086157,1.586465541418278,1.15075,0.05482976045523845,1.2604095209104769,1.041090479089523,0.19058791381355975,0.2959593493184575,0.11928571428571434,10.78532678894343,0.12864285714285717,11.631361405321623,0.14204761904761906,12.843365194178938,19404.3445,0.8736285835370527,64015.11999999995,1.6170945477151528,43.42313408700631,-67.22789849858444,53.82070404445937,34.05405405405407,38.1981981981982,-65.94594594594592,False,True,False
1751673600000,1.106,1.2,1.081,1.151,19013.49,2025-07-05,0.04068716094032543,0.03988122663960247,0.04068716094032543,0.05771553676222125,1.1026537815965758,0.045038115215028214,0.860451983015082,0.05598171608863042,1.0695291841381553,0.04446626597586286,0.8495268186409451,1.1174,1.1338293108642075,1.1457000000000002,1.141860529927203,1.1469,1.1936249018003564,1.4773999999999998,1.3488258976944958,,1.4437361025688535,-0.025402201524132084,-2.540220152413211,0.07169459962756042,7.169459962756047,-0.06270358306188917,-6.270358306188922,41.516245487364614,53.39506172839507,37.12480252764612,1.1488329547284075,1.2328897469825664,-0.08405679225415885,-0.10370650090103602,0.019649708646877165,1.7071858077217346,1.1469,0.05173607109775014,1.2503721421955003,1.0434278578044998,0.18043794959543163,0.5198120958598376,0.1275714285714286,11.083529849820035,0.12707142857142859,11.040089363286585,0.14138095238095238,12.283314715981962,19584.484999999997,0.9708445231008119,83028.60999999996,1.610364219629027,41.118286674655614,-27.839308666283667,61.5995855034317,46.21621621621622,41.35135135135135,-53.78378378378379,True,False,False
1751760000000,1.151,1.194,1.083,1.134,20957.82,2025-07-06,-0.014769765421372871,-0.014879924434185418,0.014769765421372871,0.03318431035404817,0.6339853591297931,0.04078117746852885,0.7791233015625129,0.055765321389538464,1.06539496921689,0.04435100109020699,0.847324686092523,1.1298,1.133886207242806,1.1447999999999998,1.1404313357664178,1.14085,1.187933639796135,1.4612,1.3395972364238742,,1.435033568216743,0.057835820895522305,5.7835820895522225,-0.007874015748031593,-0.78740157480316,-0.09641434262948212,-9.641434262948207,41.516245487364586,57.28476821192052,39.76311336717427,1.1465508760407925,1.225496978779141,-0.07894610273834846,-0.0987544151972591,0.01980831245891064,1.746764767099704,1.14085,0.04507569656757959,1.231001393135159,1.0506986068648407,0.1580425001273773,0.46200835194121637,0.11642857142857145,10.267069790879317,0.11928571428571431,10.519022423784332,0.13680952380952383,12.06433190560175,19686.775999999998,1.0645633393705503,62070.78999999996,1.6030560153927702,37.21282058431557,-32.26972082135397,63.61432655200929,34.14634146341459,38.13887057789496,-65.85365853658541,False,False,True
1751846400000,1.134,1.16,1.127,1.15,14959.22,2025-07-07,0.014109347442680775,0.01401073706959837,0.014109347442680775,0.02918442367112502,0.5575676313513354,0.04001946754023117,0.7645708538156027,0.04951277488094636,0.9459402358976567,0.044341976257927816,0.8471522669139246,1.1366,1.139257471495269,1.1423999999999999,1.1421710997733203,1.1427,1.184313603500294,1.4447400000000001,1.3314827414113808,,1.4270909722186644,0.03046594982078843,3.046594982078836,-0.020442930153321992,-2.0442930153321996,0.03324348607367478,3.324348607367468,71.19565217391303,49.70760233918128,41.047297297297284,1.1470815273486925,1.2198568553192497,-0.07277532797055719,-0.09355859265587078,0.020783264685313593,1.8072404074185735,1.1427,0.04462958659902505,1.2319591731980502,1.05344082680195,0.156225034038768,0.5408921556096116,0.11299999999999999,9.826086956521738,0.11064285714285715,9.621118012422363,0.129,11.217391304347828,18388.530000000002,0.8135082032114583,77030.00999999995,1.598070564652126,32.60997762563847,-14.352554375316256,63.46331863151757,39.024390243902396,39.7956493078444,-60.975609756097604,False,False,True
1751932800000,1.15,1.602,1.132,1.531,89930.06,2025-07-08,0.3313043478260871,0.2861591743003881,0.3313043478260871,0.14977913348493324,2.861526327335915,0.11258318291408974,2.1508986894783297,0.087911000892159,1.6795373137919059,0.06540646890264384,1.2495888338265784,1.2144,1.2698383143312315,1.1781000000000001,1.2128674919771947,1.15985,1.2173917786243704,1.4370999999999998,1.3399913139935482,,1.4299632858298008,0.340630472854641,34.0630472854641,0.30408858603066435,30.40885860306644,0.2887205387205387,28.872053872053872,89.82725527831094,71.62162162162163,55.89941972920696,1.2061474950064293,1.2430866116473804,-0.036939116640951175,-0.0822346885677246,0.04529557192677343,2.958561197045946,1.15985,0.09751829787815475,1.3548865957563097,0.9648134042436906,0.3363134814955547,1.451488100376139,0.1602857142857143,10.46934776523281,0.13764285714285715,8.99038910142764,0.14076190476190478,9.194115268576407,22033.217500000002,4.0815672971957,166960.06999999995,1.5872223467005118,31.1489615271128,342.39765106269414,74.22972575199763,87.75862068965515,53.64311746565738,-12.241379310344856,True,False,False
1752019200000,1.531,1.65,1.34,1.573,45155.71,2025-07-09,0.02743305029392551,0.02706350740059404,0.02743305029392551,0.14211372190575583,2.7150788447439003,0.1125264453840524,2.1498147204889766,0.08794704157574787,1.6802258700850634,0.06552738783330699,1.2518989867531922,1.3077999999999999,1.3708922095546971,1.2155999999999998,1.2783463029762545,1.178,1.2513152938756464,1.43076,1.349894187247651,,1.4338864298393237,0.4222423146473777,42.22423146473778,0.3130217028380635,31.302170283806348,0.30000000000000004,30.0,90.13035381750467,79.11318553092183,61.71079429735235,1.2625876252790933,1.2677033343781963,-0.005115709099102972,-0.0668108829923206,0.06169517389321763,3.922134386091394,1.178,0.13421820411475255,1.4464364082295051,0.9095635917704948,0.45574941974449096,1.2357422240247804,0.18057142857142858,11.479429661247844,0.1507857142857143,9.58586867677777,0.14895238095238095,9.46931856022765,22740.303499999998,1.9857127236670347,212115.77999999994,1.5852387423751106,30.526039627595157,327.2062929810288,81.37624173336849,87.73885350318473,71.50728814558076,-12.261146496815282,True,False,False
1752105600000,1.573,1.621,1.409,1.576,36988.99,2025-07-10,0.001907183725365691,0.0019053673595467579,0.001907183725365691,0.14578947192403974,2.78530395023954,0.11189753006880492,2.137799310262114,0.08764495952551023,1.6744546006187622,0.06546222029642955,1.2506539627092976,1.3928,1.4392614730367097,1.2551,1.3324652740889886,1.1974,1.2822839544455231,1.42532,1.3594722307986429,,1.4377547561657218,0.3692441355343181,36.9244135534318,0.33446232006773924,33.44623200677392,0.3265993265993268,32.65993265993267,96.6269841269841,77.37041719342605,61.07660455486543,1.3108058414195216,1.2906946569303335,0.02011118448918814,-0.0494264607661159,0.06953764525530404,4.412287135488835,1.1974,0.16109049434532438,1.5195809886906488,0.8752190113093512,0.5381342720739082,1.0875579461386586,0.19657142857142856,12.472806381435822,0.15635714285714286,9.921138506163887,0.15033333333333335,9.538917089678511,23846.139000000003,1.551152159265699,249104.76999999993,1.5840435700782352,30.409074024942793,242.80246297220805,82.64582092458684,88.21656050955417,87.90467823413137,-11.783439490445836,False,False,True
1752192000000,1.576,2.62,1.5,1.993,90121.6,2025-07-11,0.26459390862944154,0.23475104979497022,0.26459390862944154,0.1573011912588135,3.0052350393232583,0.12341909685534914,2.357918534647745,0.10108939728423708,1.931310223346049,0.07537303307326536,1.439999774948662,1.5646,1.6238409820249138,1.3472,1.4525627096107234,1.2417000000000002,1.350062894693717,1.4269800000000001,1.3862248886205224,,1.4527572238898976,0.7574955908289245,75.74955908289243,0.8591417910447761,85.91417910447761,0.8003613369467029,80.0361336946703,98.0593607305936,84.79184367034836,75.52204176334108,1.4157604975614109,1.3430430633252721,0.07271743423613874,-0.024997671951777448,0.09771510618791619,4.9029155136937375,1.2417000000000002,0.23826237196573197,1.7182247439314642,0.7651752560685363,0.7675360295263974,1.2883116349862154,0.3392857142857143,17.023869256684108,0.2292857142857143,11.504551645043366,0.19885714285714287,9.977779370654433,27373.0075,3.2923528771911528,339226.36999999994,1.6090530838735242,32.337603713937675,341.82521997486003,87.20178994759146,60.76345431789737,78.90628944354542,-39.23654568210262,True,False,False
1752278400000,1.993,2.311,1.661,1.883,70228.83,2025-07-12,-0.055193176116407505,-0.05677479155564239,0.055193176116407505,0.17218062577993937,3.289506236701734,0.12951290459483072,2.4743405680413617,0.1010935456111749,1.9313894770209152,0.07581756579116564,1.4484925605993533,1.7112000000000003,1.71022732135008,1.4239000000000002,1.5308241485028904,1.28355,1.4008810133109932,1.4260400000000002,1.407139741367103,,1.464298880663493,0.6373913043478263,63.73913043478262,0.6872759856630823,68.72759856630822,0.8001912045889101,80.019120458891,88.64809081527346,77.54467754467755,69.75554292211484,1.487644488169771,1.3832716895435602,0.10437279862621085,0.0008764304794361196,0.10349636814677474,5.496355185702323,1.28355,0.2730479955882058,1.8296459911764116,0.7374540088235884,0.8509150265691428,1.0488503941483365,0.41514285714285715,22.046885668765647,0.2713571428571429,14.410894469311891,0.22309523809523812,11.84786182130845,29359.632,2.392020104339182,268997.5399999999,1.6231665024045367,34.57503903636197,217.36913479793876,71.32487381117133,53.87984981226532,67.61995487990562,-46.12015018773467,False,False,True
1752364800000,1.883,1.943,1.68,1.766,47024.58,2025-07-13,-0.06213489113117365,-0.06414914749324709,0.06213489113117365,0.13363685522150762,2.553128534137163,0.1349213188028895,2.5776681764031406,0.10193689049599108,1.9475015584222164,0.07628005127406304,1.4573283333437237,1.7582,1.7288182142334065,1.4863000000000002,1.5735834449075365,1.3142,1.4356928032271592,1.4236600000000001,1.4222047355454448,,1.4723358386091825,0.15349444807315482,15.349444807315487,0.5464098073555168,54.64098073555168,0.5316565481352993,53.16565481352992,78.78504672897196,70.57971014492755,64.99460625674219,1.5304689122340724,1.4117740122327818,0.11869490000129068,0.02444013044227198,0.09425476955901871,5.337189669253608,1.3142,0.29140993011292715,1.8970198602258543,0.7313801397741457,0.8869576323631932,0.8875983222542541,0.43685714285714283,24.737097557029607,0.27664285714285713,15.664940948066656,0.22514285714285717,12.748746157579681,30897.365499999996,1.521960828666768,221972.9599999999,1.6278147050314355,39.15186077501227,135.33806253473884,63.24819095631753,46.558197747183975,53.73383395911555,-53.44180225281602,False,False,True
1752451200000,1.766,1.81,1.503,1.61,39899.11,2025-07-14,-0.08833522083805201,-0.09248292318539655,0.08833522083805201,0.14489950722320943,2.768301198503887,0.13991589914456598,2.673089499848969,0.1049214704512704,2.004521878405106,0.07732614080187122,1.4773138457106691,1.7655999999999998,1.689212142822243,1.5367000000000002,1.580204643163113,1.33735,1.45231013918201,1.41816,1.4300666682161425,,1.4759781458364931,0.023521932612841745,2.35219326128418,0.45569620253164556,45.56962025316456,0.4036617262423714,40.366172624237144,54.67455621301776,64.12113232389731,60.61368209255534,1.5427045848770928,1.4265303205914461,0.1161742642856467,0.04278696098467108,0.07338730330097562,4.558217596333889,1.33735,0.2957860668936607,1.9289221337873215,0.7457778662126786,0.8846930628292091,0.7304452698392497,0.47600000000000003,29.565217391304348,0.29450000000000004,18.29192546583851,0.23242857142857143,14.436557231588287,32299.815499999997,1.2352736194421916,182073.84999999992,1.6281083133569692,42.64836427151577,79.42837711918668,59.468475292359955,36.795994993742184,45.744680851063826,-63.20400500625782,False,True,False
1752537600000,1.61,1.82,1.5,1.681,24186.57,2025-07-15,0.04409937888198745,0.04315467543010681,0.04409937888198745,0.14538036161347023,2.7774879087306803,0.13990577103868737,2.672896002657849,0.10305806707924343,1.9689216069691782,0.0774015204164596,1.4787539712252875,1.7866,1.686474761881494,1.5897,1.59853108621896,1.3677,1.4741098889298927,1.41268,1.4405440855606124,,1.4813667313460424,0.06662436548223338,6.662436548223349,0.46046915725456117,46.04691572545613,0.5651769087523277,56.51769087523277,56.17848970251716,70.56043214044564,64.50960566228514,1.5639809801508497,1.4454665489505238,0.1185144312003259,0.057932457520000404,0.060581973680325495,3.6039246686689763,1.3677,0.2984713862685211,1.9646427725370421,0.7707572274629577,0.872914780342242,0.762420465087848,0.4545714285714286,27.041726863261665,0.30742857142857144,18.288433755417692,0.24328571428571427,14.472677827823574,32684.7925,0.7399946014648862,206260.41999999993,1.6286263055388792,46.867997357107484,75.83242091683,63.00582643747716,41.23904881101377,41.531080517313306,-58.76095118898623,True,True,False
1752624000000,1.681,1.972,1.65,1.904,28223.68,2025-07-16,0.13265913146936348,0.12456808194269502,0.13265913146936348,0.09231230385357132,1.763624088802724,0.14052167119911452,2.6846627587010063,0.10546346255848496,2.014876623074254,0.07964456483406908,1.5216072746530245,1.7688000000000001,1.7589831745876854,1.6667,1.654070924777664,1.4057499999999998,1.5150854136316436,1.41122,1.4598461353600094,,1.4924032657517685,-0.044656297039638804,-4.4656297039638835,0.6790123456790125,67.90123456790124,0.6657917760279963,66.57917760279965,64.9908592321755,73.73493975903614,70.04672897196262,1.616291967988043,1.47957646520494,0.13671550278310307,0.07368906864682698,0.0630264341362761,3.310211876905257,1.4057499999999998,0.31629348047260447,2.038336960945209,0.7731630390547909,0.8999992330716118,0.8938193724824147,0.4562857142857144,23.96458583433374,0.31842857142857145,16.72418967587035,0.25261904761904763,13.26780712284914,33005.1475,0.8551296430352265,234484.09999999992,1.6318917987681836,51.18333407342571,105.17122574235208,64.1381463662918,53.86597938144328,43.96700772873308,-46.13402061855672,True,False,False
1752710400000,1.904,1.913,1.69,1.726,38689.64,2025-07-17,-0.0934873949579832,-0.09815034370793736,0.0934873949579832,0.09879753071843787,1.8875241740868238,0.14841252981767408,2.8354174009326965,0.10905468211857434,2.0834867764336553,0.08063816084267324,1.5405898997437397,1.7374000000000003,1.7479887830584544,1.7243000000000002,1.6671489454003656,1.4333500000000001,1.5351874350670163,1.40752,1.4709040360779517,,1.4984650888855189,-0.0833775889537971,-8.337758895379714,0.5008695652173913,50.08695652173915,0.4701873935264056,47.01873935264055,34.3859649122807,66.11479028697572,62.95793758480326,1.6331702276099782,1.4979019298711451,0.1352682977388331,0.08600491576223827,0.049263381976594814,2.8541936255269302,1.4333500000000001,0.31907815821931745,2.071506316438635,0.7951936835613652,0.89044032014321,0.7292933505956616,0.4578571428571429,26.527065055454397,0.32721428571428574,18.957953981128952,0.25685714285714284,14.881642112233074,34226.6905,1.130393836938456,195794.4599999999,1.6348598005584267,54.37324876013013,79.75615555217746,58.77135076793824,42.39690721649484,45.833978469650624,-57.60309278350516,False,False,True
1752796800000,1.726,1.801,1.681,1.683,24324.18,2025-07-18,-0.024913093858632607,-0.025228677452567176,0.024913093858632607,0.09556037409213508,1.8256783835795154,0.11166917490678241,2.133436591017406,0.10949045812943328,2.0918122654312246,0.08054886613791155,1.538883926804639,1.7208,1.7263258553723,1.7395,1.6700309565799423,1.4588,1.5492742806128612,1.40434,1.479695496102011,,1.5032244995504094,-0.04699886749716875,-4.699886749716872,0.09928151534944485,9.92815153494449,0.43356047700170364,43.35604770017037,37.30964467005075,65.86036283672347,61.92170818505339,1.6408363851987904,1.5116628685534788,0.12917351664531163,0.09463863666624248,0.03453487997906915,2.0519833617985235,1.4588,0.317599151530088,2.093998303060176,0.8236016969398241,0.8708504292023251,0.6764803203345147,0.315,18.71657754010695,0.3271428571428571,19.43807826160767,0.25785714285714284,15.321280027162379,34957.599,0.6958195269646522,171470.2799999999,1.6359669216245218,57.48679462193383,60.31450925710745,57.41284347262847,39.11630929174789,45.126398629895334,-60.88369070825211,False,True,False
1752883200000,1.683,1.8,1.681,1.728,18641.19,2025-07-19,0.026737967914438387,0.02638675517319481,0.026737967914438387,0.08392021372373393,1.6032934319938352,0.11166055894475058,2.133271983293915,0.10949105196805628,2.091823610702187,0.08028662408871745,1.5338737994895486,1.7444,1.7268839035815335,1.7550000000000001,1.6805707864036348,1.4853,1.5663061243608374,1.4039,1.4899648651833919,,1.50898725521987,0.0732919254658384,7.329192546583843,0.09853782581055315,9.853782581055311,0.44240400667779634,44.24040066777964,47.34636871508379,65.86036283672347,64.72972972972973,1.654246229459899,1.5277419044970404,0.12650432496285857,0.10101177475511434,0.025492550207744227,1.4752633222074205,1.4853,0.31680329277927294,2.118906585558546,0.8516934144414542,0.853169845227962,0.6915226305500372,0.23914285714285718,13.839285714285717,0.3271428571428571,18.931878306878307,0.26061904761904764,15.082120811287481,34995.7615,0.5326699349005449,190111.4699999999,1.6369384167700547,61.662621580103085,57.92923892324139,57.86484644530033,41.964866623292124,41.159361043844946,-58.03513337670787,False,False,False
1752969600000,1.728,1.9,1.715,1.832,29961.67,2025-07-20,0.06018518518518534,0.05844359587007479,0.06018518518518534,0.0855111465095027,1.633688160188448,0.11244295564448756,2.1482196512542404,0.10940472985840792,2.090174429112985,0.08069796418752465,1.5417324410428739,1.7746,1.761922602387691,1.7806000000000002,1.7081033787029871,1.51785,1.5916242186585974,1.4053599999999997,1.5040805028195359,,1.51722055221465,0.08982748364069004,8.982748364069007,0.1624365482233503,16.243654822335024,0.5512277730736663,55.12277730736663,66.71686746987953,68.3105981112277,65.27716186252772,1.6815930623827187,1.5503499263285778,0.13124313605414084,0.10705804734093399,0.024185088713206848,1.3201467638213344,1.51785,0.31733549820505885,2.1525209964101175,0.8831790035898822,0.8362763071583064,0.747490433450499,0.228,12.445414847161572,0.3324285714285714,18.14566437928883,0.26042857142857145,14.215533374922021,35942.65,0.8335965767688247,220073.1399999999,1.6396764154338286,67.13802231803837,70.25946687480786,61.42623521794118,47.22036168787676,42.76717920097226,-52.77963831212325,True,False,False
1753056000000,1.832,1.899,1.775,1.803,29692.65,2025-07-21,-0.015829694323144183,-0.015956322030758387,0.015829694323144183,0.058096297019965264,1.1099281961067071,0.07274065726166959,1.3897083056828095,0.10629848220887764,2.0308296510952224,0.08047900564954263,1.5375492440483904,1.7544,1.7756150682584613,1.7616,1.7253573139544267,1.5544,1.6117652613355467,1.4077200000000003,1.5163914921488206,,1.5244636147999726,-0.05304621848739499,-5.304621848739495,-0.09533366783743114,-9.533366783743109,0.6819029850746268,68.19029850746267,59.80707395498391,67.01406982803545,63.959165557035064,1.7002711099965404,1.5691188511740863,0.13115225882245407,0.1118768898451032,0.019275368977350868,1.0690720453328268,1.5544,0.3051440384646678,2.1646880769293357,0.9441119230706644,0.7852394196208643,0.7036743051337581,0.20185714285714287,11.195626337057286,0.3389285714285714,18.79803502099675,0.26361904761904764,14.621134088688168,36269.541000000005,0.8186662742712955,190380.4899999999,1.6424578531160394,72.61342305597366,66.667896928651,62.76532075007308,45.094086021505376,44.759771444224754,-54.905913978494624,False,False,True
1753142400000,1.803,1.829,1.656,1.748,25520.15,2025-07-22,-0.030504714364947283,-0.030979666987836472,0.030504714364947283,0.039018615129119874,0.7454495953496451,0.07135236375769337,1.3631849955309516,0.1071465644962687,2.0470322404456334,0.08062462221698705,1.540331244663185,1.7588000000000001,1.7664100455056408,1.7480999999999998,1.729474166764394,1.5859999999999999,1.6247458386570068,1.4086599999999998,1.5259115330473243,,1.5300979001697,0.012746234067207318,1.2746234067207427,-0.07169410515135421,-7.169410515135423,0.5663082437275984,56.63082437275985,32.8193832599119,56.81104833647207,62.43500866551127,1.7076140351821871,1.582404768573272,0.12520926660891507,0.11454336528988225,0.01066590131903282,0.6101774209973009,1.5859999999999999,0.28968767210294166,2.1653753442058834,1.0066246557941165,0.7306120355685795,0.6398057421843211,0.18085714285714286,10.346518470088265,0.3177142857142857,18.17587446878065,0.2652380952380953,15.173804075405908,36471.208,0.6997341574208346,164860.3399999999,1.6437506686259513,73.8609813224631,41.79573394050109,55.09204517668377,31.874999999999993,41.396482569794046,-68.125,False,True,False
1753228800000,1.748,1.77,1.514,1.556,25911.52,2025-07-23,-0.10983981693363842,-0.11635385147714383,0.10983981693363842,0.06446692066428839,1.2316387899366084,0.07695981602110308,1.4703152206009233,0.11147100660344827,2.1296505908981627,0.0821597454835134,1.5696597334897875,1.7334,1.696273363670426,1.7271,1.6979334041456084,1.6067,1.6181959496227656,1.4063400000000001,1.5271459590064316,,1.5307472598294871,-0.07546048722519305,-7.546048722519311,-0.11891279728199322,-11.891279728199319,0.36252189141856417,36.252189141856405,31.83760683760684,49.51233505450374,57.229402261712444,1.6842887478468582,1.5804440139360936,0.10384473391076465,0.11240363895498734,-0.008558905044222687,-0.5500581647958025,1.6067,0.2704435148729629,2.147587029745926,1.0658129702540742,0.6732893878706987,0.4531325422761426,0.17142857142857143,11.017260374586852,0.3138571428571429,20.170767535806096,0.26942857142857146,17.315460888725674,36819.1425,0.7037513163159625,138948.81999999992,1.6433637339269165,73.02669690528964,1.0702500222968234,49.46634312978465,12.138728323699423,29.702604781734934,-87.86127167630057,False,True,False
1753315200000,1.556,1.715,1.515,1.685,17420.97,2025-07-24,0.08290488431876608,0.0796471380481252,0.08290488431876608,0.07698561478660573,1.470808105323788,0.07662425110773424,1.463904261932694,0.11157742578894024,2.131683726582243,0.0829600831567034,1.5849501632666585,1.7248,1.6925155757802839,1.7346,1.6955818758125947,1.63565,1.6245605842755557,1.4065599999999998,1.533610459208194,,1.5345940761795644,-0.02488425925925919,-2.4884259259259216,0.04658385093167694,4.658385093167698,0.5235081374321879,52.350813743218794,50.18050541516246,52.915997859818084,59.73724884080371,1.6843981714580865,1.5882066654918119,0.09619150596627457,0.10916121228563389,-0.012969706319359314,-0.7697155085673184,1.63565,0.2436911926361343,2.1230323852722686,1.1482676147277315,0.5959494821902833,0.5506275990795517,0.16814285714285715,9.978804578211106,0.31300000000000006,18.575667655786354,0.2741904761904762,16.272431821393248,36842.5815,0.47284878775392003,156369.78999999992,1.6433210759758137,72.2342027641021,0.9435699162295286,47.93036766295654,16.517857142857146,20.177195155518856,-83.48214285714285,False,False,True
1753401600000,1.685,1.77,1.5,1.625,21074.7,2025-07-25,-0.035608308605341255,-0.03625774802262425,0.035608308605341255,0.06894962864402632,1.3172808056388106,0.07650513921822658,1.461628632478881,0.1123711767447233,2.1468483172997463,0.08138698015543414,1.5548960726266163,1.6834,1.6700103838535225,1.7289999999999999,1.6827488061143059,1.6593499999999999,1.6246024473422123,1.4094399999999998,1.5373465907443642,,1.5368371338782276,-0.1129912663755459,-11.29912663755459,-0.03331350386674603,-3.3313503866746017,0.4118158123370981,41.181581233709814,40.94903339191564,37.83068783068783,60.89011421819614,1.675259976885248,1.590937884712766,0.0843220921724821,0.10419338817522966,-0.019871296002747563,-1.2228489847844655,1.6593499999999999,0.21549411397505788,2.0903382279501157,1.228361772049884,0.5194663307320527,0.46014972362078566,0.18957142857142859,11.665934065934067,0.2522857142857143,15.525274725274723,0.2812857142857143,17.309890109890112,36945.642,0.5704245171866279,135295.0899999999,1.6432027325285208,67.64872094941471,-11.40754616900495,33.56107650786545,15.413070283600494,14.689885250052356,-84.58692971639951,True,True,False
1753488000000,1.625,1.768,1.609,1.716,12402.62,2025-07-26,0.05600000000000005,0.054488185284069776,0.05600000000000005,0.0774564139783392,1.4798027112524523,0.06455766417718757,1.2333724423163113,0.11224116538869278,2.144364453830397,0.08151686547508696,1.5573775281743505,1.666,1.6853402559023487,1.7102,1.6887944782574569,1.68845,1.6333096013222315,1.4128200000000002,1.5446380451847896,,1.5412601815088955,-0.048252911813643884,-4.825291181364391,-0.09873949579831931,-9.873949579831931,0.5132275132275133,51.32275132275134,39.56834532374099,44.40723375753516,61.600928074245935,1.6815276810763606,1.6002199555546823,0.08130772552167831,0.09961625557982264,-0.018308530058144326,-1.0669306560690166,1.68845,0.1766049635709463,2.0416599271418927,1.3352400728581073,0.4183836384161719,0.5389994701209693,0.1952857142857143,11.380286380286382,0.21721428571428578,12.658175158175162,0.2831904761904762,16.502941502941503,36517.882,0.33963141673988656,147697.7099999999,1.6435262720973276,63.07731053996124,4.671483377506655,42.593694878685,45.762711864406775,25.89787976362147,-54.23728813559322,False,False,True
1753574400000,1.716,1.719,1.6,1.653,15658.94,2025-07-27,-0.036713286713286664,-0.03740418222688336,0.036713286713286664,0.07796729578672086,1.4895630944969458,0.058454831871063616,1.11677799481908,0.11310378742135344,2.1608448246241485,0.08159460459762745,1.558862732025099,1.6470000000000002,1.6745601706015656,1.7029,1.682286390836892,1.7136,1.6351853890648504,1.4158199999999999,1.549053610988421,,1.544005325150575,-0.05434782608695654,-5.4347826086956506,-0.04229432213209727,-4.229432213209731,0.43739130434782614,43.739130434782616,37.288135593220346,46.07366226546212,59.740754860846366,1.6771388021306157,1.604136703521977,0.07300209860863882,0.09429342412539625,-0.02129132551675743,-1.2880414710682049,1.7136,0.12381539739297173,1.9612307947859435,1.4659692052140565,0.28901820119741306,0.377640420182022,0.18585714285714292,11.243626307147183,0.20692857142857143,12.518364877711521,0.2835714285714286,17.154956356408263,36552.868,0.428391556033305,132038.7699999999,1.6436290556126372,58.67885195232374,-33.743128435782374,46.709448827189206,32.415254237288146,31.197012128431805,-67.58474576271186,False,True,False
1753660800000,1.653,1.797,1.62,1.704,24375.65,2025-07-28,0.030852994555353952,0.03038660956823691,0.030852994555353952,0.05403281019284642,1.0322953892794935,0.05876561845983416,1.1227155642605489,0.08706079785071263,1.6632942074921582,0.08167342081937945,1.5603685138273897,1.6765999999999999,1.6843734470677105,1.705,1.686234320006263,1.72225,1.641740779413625,1.41984,1.5553577516134733,,1.5479173176354808,0.0951156812339331,9.51156812339331,0.012477718360071277,1.2477718360071246,0.11299804049640771,11.299804049640763,46.2457337883959,53.52323838080959,61.33434420015163,1.6812712980415574,1.6115464479988755,0.06972485004268192,0.08937970926440267,-0.01965485922172075,-1.1534541796784477,1.72225,0.11619578532079536,1.9546415706415907,1.4898584293584094,0.26986972929782627,0.46073437614450646,0.19342857142857145,11.351441985244804,0.19764285714285715,11.59875922199866,0.2904285714285714,17.0439302481556,33275.1475,0.7325482178553829,156414.4199999999,1.64435499855091,55.439578101317416,-14.264880138547174,55.77800909164572,43.220338983050844,40.46610169491526,-56.779661016949156,True,False,False
1753747200000,1.704,1.899,1.678,1.838,55751.75,2025-07-29,0.07863849765258224,0.07569959552637139,0.07863849765258224,0.05280059590535,1.008753968371586,0.06323478615987849,1.2080988932824288,0.08838232311494656,1.6885419122148282,0.08232462949906097,1.5728098381837345,1.7071999999999998,1.7355822980451405,1.716,1.7138280813239766,1.7355,1.6604363083995128,1.42642,1.5668404367046773,,1.5549772415764949,0.09080118694362027,9.08011869436202,0.06365740740740744,6.365740740740747,0.16846789574062315,16.84678957406231,76.70454545454545,55.61918396564066,62.5962596259626,1.7053834254431064,1.6283469505500234,0.07703647489308296,0.08691106237227313,-0.009874587479190164,-0.5372463263977237,1.7355,0.11335528683141412,1.9622105736628284,1.5087894263371717,0.2612625452755152,0.7260591518603837,0.20028571428571432,10.896937665164,0.19057142857142859,10.36841287113322,0.2785714285714286,15.156225711176743,33804.9495,1.6492185559987302,212166.1699999999,1.648456562346321,52.16921217377772,45.799674938747565,59.932037665218445,71.61016949152544,49.0819209039548,-28.389830508474557,True,False,False
1753833600000,1.838,1.91,1.716,1.802,34240.0,2025-07-30,-0.019586507072905324,-0.019780864747349126,0.019586507072905324,0.04903787277669129,0.9368672439353297,0.060910208134194045,1.163687892459596,0.08863287975983887,1.6933287901941991,0.08237644741445022,1.5737998180672068,1.7426000000000001,1.7577215320300938,1.7129999999999999,1.7298593398919782,1.7468,1.673921289114104,1.4325800000000002,1.5763806232467956,,1.5609620442296617,0.1089230769230769,10.892307692307696,-0.01637554585152845,-1.63755458515284,0.1434010152284264,14.340101522842637,63.44827586206896,45.78512396694215,62.16314639475601,1.720247523960002,1.641228715567291,0.0790188083927108,0.08533261156722205,-0.0063138031745112455,-0.3503775346565619,1.7468,0.10774414137205143,1.9622882827441028,1.531311717255897,0.24672347463258865,0.6280812100246568,0.19142857142857145,10.623117171396862,0.18142857142857144,10.0681782146821,0.27304761904761904,15.15247608477353,33667.5,1.0170045295908516,177926.1699999999,1.6509402316477209,47.38527165333162,41.63266363553919,60.5443104458942,73.12348668280873,62.651331719128336,-26.876513317191282,True,False,False
1753920000000,1.802,1.9,1.646,1.666,50004.26,2025-07-31,-0.07547169811320764,-0.07847161544149532,0.07547169811320764,0.06013342416147963,1.1488474554984722,0.06539105300948278,1.2492943136012746,0.0673244268319247,1.2862313686153908,0.08316030788666308,1.588775451361418,1.7326000000000001,1.7271476880200625,1.6993000000000003,1.7182485504492198,1.73045,1.6731667427041745,1.4363599999999999,1.5800114774062093,,1.5634956631111385,-0.029137529137529206,-2.9137529137529166,-0.07598447032723243,-7.598447032723239,-0.16407425990968394,-16.407425990968395,54.011741682974545,47.43150684931507,59.002093510118634,1.7119017462334731,1.6430660788331704,0.06883566740030278,0.08203322271855647,-0.013197555318253687,-0.7921701871700894,1.73045,0.09209118764629894,1.914632375292598,1.546267624707402,0.21287223010499923,0.3250375479803298,0.19914285714285712,11.9533527696793,0.18364285714285716,11.022980620819759,0.2750476190476191,16.509460927228037,31661.632999999994,1.5793329421764193,127921.90999999989,1.6528451211889903,41.87581108991422,-3.2559062934285863,58.9047723858352,40.48780487804877,61.74048701746097,-59.51219512195123,False,True,False
1754006400000,1.666,1.747,1.6,1.605,19831.31,2025-08-01,-0.03661464585834329,-0.037301787162671705,0.03661464585834329,0.06012021044719701,1.1485950078415665,0.0656740875174809,1.2547016802840487,0.06674692620077625,1.2751982345490183,0.0827041604624227,1.5800607670576687,1.723,1.6864317920133751,1.685,1.6976579043739781,1.7165500000000002,1.6666735981301057,1.4409399999999999,1.5810225536572775,,1.5644924832989193,-0.029038112522686066,-2.9038112522686053,-0.08180778032036617,-8.180778032036615,-0.14763674986723319,-14.763674986723316,38.46153846153846,46.711635750421586,51.45326001571092,1.6954553157162142,1.640242878892312,0.0552124368239022,0.07666906551974956,-0.021456628695847357,-1.3368616009873742,1.7165500000000002,0.08877438879127086,1.894098777582542,1.5390012224174585,0.2068670036789394,0.18586097432256016,0.18157142857142855,11.312861593235423,0.18557142857142855,11.562082777036046,0.22871428571428576,14.250111259457057,29141.757,0.6805118167720635,108090.59999999989,1.6528262368213513,36.56112187592758,-79.23266455473444,59.7195280195041,25.609756097560975,46.40701588613948,-74.39024390243902,False,True,False
1754092800000,1.605,1.653,1.36,1.51,44804.43,2025-08-02,-0.05919003115264798,-0.061014105755146236,0.05919003115264798,0.060392158783999644,1.1537905735210425,0.058369312004136725,1.115144140055551,0.06661934913928166,1.2727608782114772,0.08319091377680048,1.5893601760714762,1.6842,1.6276211946755832,1.6804000000000001,1.663538284666108,1.7037499999999999,1.6517500700611956,1.4439,1.5781524416522341,,1.563189217127336,-0.11384976525821588,-11.384976525821594,-0.029562982005141403,-2.956298200514141,-0.14496036240090604,-14.496036240090602,36.06237816764132,41.18122977346279,48.787995382839554,1.6669237169104856,1.6305842014915652,0.03633951541892033,0.06860315547567412,-0.03226364005675379,-2.136664904420781,1.7037499999999999,0.09912186810609781,1.9019937362121955,1.5055062637878043,0.23271458396149156,0.011333866829935393,0.20071428571428568,13.292336802270574,0.198,13.112582781456956,0.2117142857142857,14.020813623462628,29030.749499999998,1.5433438947210096,63286.16999999989,1.6500378967552691,32.922335635677605,-193.62815026153112,52.05261164939396,27.272727272727266,31.123429416112334,-72.72727272727273,False,True,False
1754179200000,1.51,1.71,1.494,1.559,26405.5,2025-08-03,0.032450331125827736,0.03193493924880643,0.032450331125827736,0.04170676587013603,0.7968066431458861,0.05210971523985565,0.9955547117905063,0.06416353458522892,1.2258426070346475,0.08324821747698713,1.5904549617263442,1.6283999999999998,1.6047474631170555,1.6678000000000002,1.6445313234846457,1.7012,1.6429155340393404,1.44812,1.5773793913009797,,1.5630894365132668,-0.15179542981501637,-15.17954298150164,-0.07477744807121667,-7.477744807121669,-0.031677018633540444,-3.1677018633540466,35.81213307240705,38.44199830651989,49.67863894139886,1.650320062358146,1.625276041658776,0.025044020699370062,0.0598913284997539,-0.03484730780038384,-2.235234624784082,1.7012,0.10226673071202999,1.90573346142406,1.4966665385759401,0.2404578667106277,0.15237961796095467,0.21457142857142855,13.763401447814532,0.2002142857142857,12.842481444149179,0.20947619047619048,13.436574116497143,28356.069,0.931211586486124,89691.6699999999,1.6493397143263118,29.634730240733006,-110.79554130401588,51.17763966928653,36.181818181818166,29.6881005173688,-63.81818181818183,True,False,False
1754265600000,1.559,1.718,1.43,1.595,21988.61,2025-08-04,0.02309172546504179,0.02282914616116852,0.02309172546504179,0.048598957224225484,0.9284817740795809,0.05177457307008654,0.9891518296274093,0.06357873328151058,1.214669993814671,0.08213787251769905,1.5692418510646566,1.587,1.6014983087447037,1.6648,1.6355256281764967,1.6969,1.6383515908245434,1.4554600000000002,1.5780897971794878,,1.5638464557972516,-0.1148723640399556,-11.487236403995563,-0.01846153846153853,-1.8461538461538478,-0.05116002379536,-5.1160023795359955,20.581113801452773,41.245791245791246,41.21024734982331,1.6418092810195606,1.6230311687070325,0.018778112312528128,0.05166868524670926,-0.032890572934181135,-2.062104886155557,1.6969,0.10493401435388618,1.9067680287077724,1.4870319712922277,0.24735462161326222,0.2572283862686649,0.23042857142857143,14.446932377966862,0.21192857142857144,13.287057769816391,0.2085714285714286,13.076578593819976,28246.170999999995,0.7784633888961447,111680.2799999999,1.648708565758671,26.64742779683169,-106.28852204646364,44.51531496329292,42.72727272727272,35.39393939393938,-57.27272727272729,True,True,False
1754352000000,1.595,1.648,1.556,1.596,13500.81,2025-08-05,0.0006269592476488839,0.0006267627908091106,0.0006269592476488839,0.03910415516570609,0.747083835453974,0.04785484592781758,0.9142655477228335,0.0553197312804556,1.0568819821360205,0.08212070747755768,1.5689139134332157,1.573,1.599665539163136,1.6528000000000003,1.6283391502419202,1.6814999999999998,1.6343176589399497,1.4622799999999998,1.5788110843636727,,1.564606260024582,-0.042016806722688926,-4.201680672268898,-0.0699300699300699,-6.993006993006986,-0.1617647058823528,-16.176470588235286,22.751322751322775,43.29805996472663,43.34106728538283,1.6347616975625536,1.6210270386866505,0.013734658875903083,0.04408187996103346,-0.030347221085130376,-1.9014549552086701,1.6814999999999998,0.09507863781324158,1.8716572756264829,1.4913427243735167,0.22617576643054788,0.27518609341053224,0.21199999999999997,13.283208020050122,0.20614285714285716,12.916219119226637,0.19771428571428573,12.38811313999284,27510.027500000004,0.4907595966597997,125181.0899999999,1.6484339217517525,24.394421756597758,-80.65080475857228,49.473638040507396,42.90909090909092,40.606060606060595,-57.09090909090908,False,False,True
1754438400000,1.596,1.63,1.52,1.603,12775.84,2025-08-06,0.004385964912280604,0.0043763745997987815,0.004385964912280604,0.035738525122090074,0.6827835637552547,0.04669305253170858,0.8920695160558101,0.05149203546778213,0.983753956314584,0.08024704938173355,1.5331177257742308,1.5726,1.6007770261087575,1.6478000000000002,1.623732031971897,1.67535,1.6313347256666955,1.47208,1.5797842021732988,,1.5655100629542822,-0.0012461059190030932,-0.12461059190031164,-0.030248033877797953,-3.024803387779797,-0.07126303592120509,-7.12630359212051,37.34939759036145,52.47629083245522,46.01466992665036,1.6298752815193858,1.6196905779585435,0.010184703560842223,0.03730244467276384,-0.02711774111192162,-1.6916869065453286,1.67535,0.09602207805335562,1.8673941561067111,1.4833058438932887,0.229258550281089,0.31163186251864405,0.19999999999999996,12.476606363069243,0.19571428571428567,12.209250512432044,0.18761904761904763,11.704245016784007,26214.3375,0.4873607810992744,137956.9299999999,1.6480937131273372,22.496969640505426,-84.63967843812769,51.194769015798414,44.18181818181817,43.27272727272727,-55.81818181818182,False,True,False
1754524800000,1.603,1.7,1.57,1.616,13636.25,2025-08-07,0.008109794135995108,0.008077086471487832,0.008109794135995108,0.013497037083339016,0.2578605314130013,0.04544791916818409,0.8682812765469465,0.05126174699364113,0.9793543011937138,0.07982186432375141,1.5249945766472655,1.5938,1.6058513507391716,1.639,1.622326207965967,1.672,1.6298741431029835,1.48064,1.5812396841475937,,1.566694188141244,0.07019867549668879,7.019867549668881,-0.05164319248826288,-5.164319248826283,-0.03980986333927505,-3.9809863339275076,52.736318407960226,45.85834333733494,50.15772870662461,1.6277406224420488,1.6194169886612544,0.00832363378079437,0.03150668248874033,-0.023183048707945957,-1.4345945982639825,1.672,0.09690581428431302,1.865811628568626,1.478188371431374,0.23183209158926554,0.3555298244651739,0.18228571428571422,11.280056577086276,0.19071428571428564,11.801626591230546,0.18319047619047618,11.336044318717585,25679.941,0.5310078399323426,151593.1799999999,1.647984281640738,19.877001116298526,-42.29693679776267,50.69099666461103,46.54545454545456,44.545454545454554,-53.454545454545446,True,False,False
1754611200000,1.616,1.667,1.545,1.579,16143.09,2025-08-08,-0.022896039603960472,-0.023162224825398675,0.022896039603960472,0.01663865201630924,0.31788100043214046,0.034983088516574626,0.6683509676718145,0.05106105275292668,0.975520043108579,0.07993612954049455,1.5271776105479264,1.5977999999999999,1.5969009004927812,1.6131,1.6144487155579044,1.6645500000000002,1.6250285889054017,1.48802,1.581149760691971,,1.5669817428354198,0.012828736369467686,1.282873636946762,-0.14091403699673566,-14.091403699673563,-0.08622685185185186,-8.622685185185187,74.12587412587406,47.16049382716049,47.269807280513916,1.620242064007699,1.6164209763715984,0.003821087636100673,0.02596956351390968,-0.022148475877809007,-1.4026900492595953,1.6645500000000002,0.09809419479577818,1.8607383895915566,1.4683616104084438,0.23572543881716543,0.2819697685013207,0.17871428571428566,11.318194155432911,0.18014285714285713,11.408667330136614,0.18328571428571425,11.607708314484753,25555.036,0.6316989731495585,135450.0899999999,1.6476465458666443,20.182102681054854,-63.71282581237813,51.41224160050514,39.818181818181806,43.5151515151515,-60.181818181818194,False,True,False
1754697600000,1.579,1.635,1.552,1.585,15182.36,2025-08-09,0.0037998733375554927,0.003792672055738976,0.0037998733375554927,0.012419035568781036,0.23726534139525457,0.03538535356398552,0.6760362306116557,0.048884426797561685,0.9339356626203171,0.0798484939571478,1.5255033350789515,1.5958,1.592933933661854,1.5914000000000001,1.6090944036101382,1.6522,1.6212160592218257,1.49596,1.581304203728169,,1.5674012866167575,-0.006269592476489061,-0.6269592476489034,-0.12042175360710328,-12.042175360710326,-0.13482532751091714,-13.482532751091709,62.99999999999997,40.96551724137932,40.33918837068444,1.6148202073117548,1.6140919409637668,0.0007282663479879492,0.020921304077587063,-0.020193037729599114,-1.274008689564613,1.6522,0.09120976402026296,1.8346195280405257,1.469780471959474,0.22082015257296436,0.31580919345139696,0.14871428571428566,9.38260477692654,0.17471428571428568,11.022983325822441,0.18157142857142855,11.45561063542136,24816.070499999998,0.611795489539732,150632.4499999999,1.6472937547773385,20.487204245811178,-65.01615990460927,47.68732340115188,40.9090909090909,42.424242424242415,-59.09090909090911,False,False,True
1754784000000,1.585,1.701,1.563,1.62,17234.1,2025-08-10,0.02208201892744488,0.021841741915048854,0.02208201892744488,0.016304543965993193,0.3114978750934536,0.0288360958168808,0.5509128370400536,0.049219942633124174,0.9403456836583728,0.07909310012988344,1.5110715562728507,1.6006,1.6019559557745693,1.5868,1.6110772393259143,1.64305,1.6211002362759002,1.50622,1.5828550010893319,,1.568621764383463,0.015037593984962516,1.5037593984962419,-0.02761104441776696,-2.7611044417767,-0.10149750415973369,-10.149750415973369,62.626262626262644,47.63271162123387,46.48541114058356,1.6156170985809661,1.6145298457979744,0.00108725278299171,0.016954493816695206,-0.015867241033703496,-0.9794593230681169,1.64305,0.08419493358929461,1.8114398671785892,1.4746601328214106,0.20497229807807346,0.4315576394642747,0.13757142857142854,8.49206349206349,0.17607142857142857,10.868606701940035,0.17933333333333334,11.069958847736626,24193.143000000004,0.7123547362159599,167866.5499999999,1.6471591003864794,20.00377453775555,-23.88500218627014,52.12172034583719,47.27272727272729,42.666666666666664,-52.72727272727271,True,False,False
1754870400000,1.62,1.667,1.563,1.59,21754.99,2025-08-11,-0.01851851851851849,-0.01869213301215252,0.01851851851851849,0.018867748348503712,0.36046782606218764,0.02695811360638619,0.5150340372862854,0.048954721268088905,0.9352786365940584,0.07864229874679242,1.50245900794185,1.598,1.5979706371830462,1.5853,1.607245013980444,1.63515,1.6181381289468653,1.5171000000000001,1.5831411022945527,,1.5691161340632067,-0.008109794135994997,-0.8109794135994948,-0.009345794392523255,-0.9345794392523303,-0.09038901601830662,-9.03890160183066,47.65625000000001,41.56804733727813,46.88963210702341,1.6116760061300086,1.6127117790519185,-0.0010357729219099276,0.013356440467542665,-0.014392213389452593,-0.9051706534246914,1.63515,0.08118806951504269,1.7975261390300854,1.4727738609699148,0.19860702569193686,0.36097095216793346,0.11128571428571428,6.999101527403413,0.17085714285714285,10.745732255166217,0.17838095238095236,11.218927822701406,24004.885000000002,0.9062734522577384,146111.5599999999,1.64680547896766,20.36275011211916,-42.940793754066355,45.80111696395489,41.81818181818183,43.333333333333336,-58.181818181818166,False,False,False
1754956800000,1.59,1.64,1.503,1.59,30083.92,2025-08-12,0.0,0.0,0.0,0.018172548068668998,0.34718604336501074,0.01750735387118133,0.3344775260661473,0.04208513549130602,0.8040353846084006,0.07754634586001524,1.4815208574394092,1.5928,1.595313758122031,1.5933,1.6041095568840626,1.6368500000000001,1.6154581597443267,1.52584,1.583415520588801,,1.5695974720406185,-0.016089108910891103,-1.6089108910891103,0.052980132450331174,5.298013245033117,0.02185089974293053,2.185089974293061,44.62809917355378,27.121771217712194,45.24137931034483,1.6083412356972797,1.611028532524512,-0.002687296827232233,0.010147693007566384,-0.012834989834798617,-0.807232065081674,1.6368500000000001,0.0797873984246189,1.796424796849238,1.4772752031507623,0.19497791104772924,0.35320363577130937,0.11771428571428573,7.403414195867026,0.16485714285714284,10.368373764600177,0.17666666666666667,11.11111111111111,24213.504999999997,1.242443834546052,146111.5599999999,1.6459804887409142,21.65423956436702,-73.50827956678181,31.938443713297744,41.81818181818183,43.63636363636365,-58.181818181818166,False,True,False
1755043200000,1.59,1.969,1.563,1.769,44224.56,2025-08-13,0.11257861635220112,0.10668039894550795,0.11257861635220112,0.051579353397032346,0.985422163010566,0.03783877590662972,0.7229087986536972,0.04547696436680367,0.8688361842874229,0.07887962520741937,1.506993123605737,1.6308,1.653209172081354,1.6143,1.6340896375212228,1.64105,1.6300819198546472,1.53828,1.590834701326494,,1.574178493318668,0.12032932235592142,12.032932235592144,0.13470173187940992,13.470173187940986,0.049851632047477556,4.985163204747765,76.65505226480832,47.5912408759124,47.93442622950818,1.633057970290514,1.6227358705703154,0.010322099720198485,0.010182574350101685,0.00013952537009680015,0.007887245341820247,1.64105,0.08452559562517103,1.810101191250342,1.4719988087496578,0.20602808110702547,0.8784356651191036,0.16000000000000006,9.044657998869422,0.18,10.175240248728096,0.1838095238095238,10.390589248701176,25553.6845,1.730652971003066,190336.1199999999,1.648066705518175,21.016196290613493,122.36914035807057,33.884148968595994,67.15927750410506,50.26521371348957,-32.840722495894944,True,False,False
1755129600000,1.769,1.889,1.645,1.69,19978.52,2025-08-14,-0.04465799886941768,-0.04568588624266605,0.04465799886941768,0.060159864088689965,1.1493525895985626,0.04175821172395339,0.7977895148030081,0.04592830556936021,0.8774590458548314,0.07855561856277905,1.5008029853515101,1.6518000000000002,1.6654727813875692,1.6238,1.644255157991503,1.6442999999999999,1.6357886606103504,1.5506,1.5947960525523603,1.59233,1.5768309332823427,0.06624605678233442,6.624605678233437,0.059561128526645746,5.9561128526645755,0.040000000000000036,3.9999999999999964,66.86930091185411,51.91082802547772,46.41269841269841,1.6418182830404264,1.6277206647376612,0.014097618302765236,0.010965583140793897,0.003132035161971339,0.1853275243770023,1.6442999999999999,0.08512350160981545,1.8145470032196307,1.474052996780369,0.20707535512939346,0.6342167531167753,0.17628571428571435,10.431107354184281,0.17928571428571427,10.608622147083684,0.1859047619047619,11.000281769512538,25498.875500000002,0.7835059236239652,170357.59999999992,1.6487874164235539,21.35221750385438,84.36922292344009,37.31529993014417,54.18719211822658,54.388217146837825,-45.81280788177342,False,False,True
1755216000000,1.69,1.746,1.571,1.572,14624.74,2025-08-15,-0.06982248520710055,-0.07237983492796725,0.06982248520710055,0.07036156311607955,1.3442557758515998,0.04829912147579654,0.9227534201490769,0.046886391811975583,0.8957632578188967,0.07901784537567602,1.5096338162124612,1.6422,1.6343151875917128,1.6214,1.631117856517785,1.6371000000000002,1.6297133025979138,1.55918,1.5938860852074015,1.59037,1.5767206414015784,-0.029629629629629672,-2.9629629629629655,-0.015037593984962405,-1.5037593984962419,-0.08391608391608385,-8.391608391608386,48.52607709750568,47.59124087591242,44.62759462759463,1.631077008221344,1.6235914700252498,0.007485538196094099,0.010269574151740514,-0.002784035955646415,-0.17710152389608236,1.6371000000000002,0.08482917819762648,1.8067583563952532,1.4674416436047473,0.2072669432475144,0.3081438445379704,0.1838571428571429,11.695747001090515,0.18128571428571427,11.532170119956378,0.1813809523809524,11.538228522961349,25609.9815,0.5710562500796807,155732.85999999993,1.648679865326128,21.122804115532173,-19.715907226978782,37.97244398992449,34.8111658456486,52.052545155993414,-65.18883415435141,False,True,False
1755302400000,1.572,1.638,1.54,1.578,10515.38,2025-08-16,0.003816793893129722,0.0038095284166676487,0.003816793893129722,0.06992370072169561,1.3358904265527536,0.04829306696086902,0.9226377488038018,0.04623957674521946,0.8834058733196308,0.07897858411745262,1.5088837309273042,1.6398,1.6155434583944752,1.6189,1.621460064411181,1.63335,1.6247880446384568,1.56726,1.5932523931758176,1.58738,1.5767497614156116,-0.007547169811320753,-0.7547169811320761,-0.015595757953836498,-1.5595757953836502,-0.04537205081669693,-4.537205081669689,44.90291262135922,55.70469798657719,50.75757575757576,1.622911314323873,1.620213007369477,0.0026983069543959903,0.008755320712074197,-0.006057013757678207,-0.3838411760252349,1.63335,0.08574213175501988,1.8048342635100398,1.4618657364899603,0.2099785881899651,0.3386149292446316,0.18600000000000003,11.787072243346008,0.16735714285714284,10.605649103747963,0.17847619047619048,11.310278230430322,25352.8035,0.4147620203028039,166248.23999999993,1.6484247029126267,21.106007273338502,-58.29216429245185,42.22258909898706,27.45825602968462,38.81887133118659,-72.54174397031538,False,True,False
1755388800000,1.578,1.64,1.53,1.588,16942.18,2025-08-17,0.006337135614702172,0.006317140401261497,0.006337135614702172,0.06997243932788602,1.336821576316586,0.0482609876978021,0.9220248753434491,0.04566326113078919,0.8723953789658704,0.07896939758066067,1.508708222388327,1.6393999999999997,1.606362305596317,1.6161,1.6153764163299986,1.62755,1.6212843045065832,1.57554,1.5930430176372137,1.5841,1.577005077192023,-0.0012578616352201255,-0.1257861635220127,-0.017326732673267342,-1.7326732673267342,-0.068075117370892,-6.807511737089195,49.74489795918368,52.603231597845614,46.3615903975994,1.6175403427085746,1.6178259972703366,-0.00028565456176199433,0.006947125657118371,-0.0072327802188803655,-0.45546474929977115,1.62755,0.0846276519447672,1.7968053038895344,1.4582946961104657,0.2079878392547502,0.38316466577079156,0.182,11.460957178841308,0.15978571428571425,10.062072688017269,0.17804761904761904,11.21206669065611,24981.129999999997,0.6781991046842157,183190.41999999993,1.6480221849744612,20.163154351760827,-53.7516781860673,40.24383825688337,29.3135435992579,30.527655158197035,-70.68645640074209,True,True,False
1755475200000,1.588,1.594,1.5,1.551,20371.61,2025-08-18,-0.023299748110831353,-0.02357547863054233,0.023299748110831353,0.03244004909767353,0.619766267791904,0.04828175626025597,0.9224216581720042,0.04163663199646787,0.795466737370829,0.07908047200898141,1.5108302963617726,1.5957999999999999,1.587908203730878,1.6133,1.603671613350798,1.6132000000000002,1.6145903592673847,1.5826000000000002,1.5913681456853332,1.5803,1.5764166133535027,-0.12323346523459577,-12.32334652345958,-0.017732742241925337,-1.7732742241925286,-0.15614798694232868,-15.614798694232867,45.45454545454543,46.05734767025089,47.17557251908397,1.6073033666155785,1.6128742688242552,-0.005570902208676731,0.004443520083750458,-0.010014422292427189,-0.6456751961590709,1.6132000000000002,0.07016041769065197,1.753520835381304,1.4728791646186963,0.17396582616080325,0.2783650595045999,0.18057142857142858,11.64225845076909,0.14592857142857144,9.408676429953026,0.1740952380952381,11.224709097049523,23212.123,0.8776280394516263,162818.80999999994,1.6472552170618304,19.323880962365724,-91.57572943270632,40.54102415759343,10.874200426439216,22.54866668512724,-89.12579957356078,False,True,False
1755561600000,1.551,1.561,1.414,1.437,29113.27,2025-08-19,-0.07350096711798837,-0.07634227709751387,0.07350096711798837,0.03866086692080197,0.7386148254264907,0.05338722512652605,1.0199615039055574,0.04412201920692071,0.8429499933548823,0.07986059704617997,1.5257345642702402,1.5452,1.5376054691539187,1.5985,1.5733676836292372,1.59495,1.5976765300348854,1.5877200000000002,1.5852223852984568,1.57585,1.5732706749200367,-0.14970414201183424,-14.970414201183427,-0.09337539432176656,-9.33753943217665,-0.2025527192008879,-20.255271920088788,4.395604395604408,38.152011922503725,39.534883720930246,1.581102848043051,1.5998425133183651,-0.018739665275314232,-0.00019311698837197266,-0.01854654828694226,-1.2906435829465734,1.59495,0.06580151574002398,1.7265530314800481,1.463346968519952,0.1650246483965617,-0.10010015811811442,0.182,12.66527487821851,0.14985714285714286,10.428472015110845,0.17057142857142857,11.869967193558006,22955.7865,1.2682323038681338,133705.53999999995,1.6453347371920612,18.12155766169747,-182.26124038597519,33.939790960731,4.144144144144167,14.777296056613757,-95.85585585585584,False,True,False
1755648000000,1.437,1.54,1.415,1.489,15916.9,2025-08-20,0.036186499652052895,0.035547146604984065,0.036186499652052895,0.041231699867231554,0.7877305199042587,0.054460434272633154,1.0404651358526076,0.042479904086185606,0.811577428023727,0.07866574764504902,1.5029069985140149,1.5286000000000002,1.5214036461026126,1.5854000000000001,1.5580281047786884,1.5861,1.5873261286979727,1.59606,1.5813938293349459,1.5719,1.5713743452284292,-0.05279898218829515,-5.279898218829514,-0.08086419753086416,-8.08641975308642,-0.1062424969987994,-10.624249699879943,20.178041543026737,42.03910614525141,43.797276853252654,1.5669331788242904,1.5916296040091262,-0.024696425184835835,-0.005093778627926438,-0.0196026465569094,-1.3164974181940494,1.5861,0.06762037998617049,1.7213407599723412,1.450859240027659,0.1705324506302769,0.14101059466148194,0.14185714285714285,9.527007579391729,0.15092857142857147,10.136237167801978,0.1672857142857143,11.234769260289742,21251.4185,0.7489805915779222,149622.43999999994,1.6443653714324673,17.977583018383033,-164.00734255859922,38.81021217528892,13.513513513513542,9.510619361365636,-86.48648648648646,False,False,True
1755734400000,1.489,1.588,1.448,1.53,30431.06,2025-08-21,0.027535258562793707,0.027162981702472052,0.027535258562793707,0.044469253242956454,0.8495838902986335,0.05532678128330077,1.0570166722512577,0.042369146709567415,0.8094614113145537,0.07857781694738558,1.501227084893936,1.519,1.5242690974017419,1.5794000000000001,1.552932085725607,1.5823500000000001,1.5818663753979114,1.6043399999999999,1.5793501106843377,1.56775,1.570445812708764,-0.03041825095057038,-3.0418250950570367,-0.037735849056603765,-3.7735849056603805,-0.04672897196261683,-4.67289719626168,41.92307692307692,44.22043010752687,43.3689024390244,1.5612511512147806,1.5870632369200017,-0.02581208570522109,-0.009237440043562382,-0.016574645661658706,-1.0833101739646214,1.5823500000000001,0.06858976062910771,1.7195295212582156,1.4451704787417847,0.17338707777446888,0.30919163618649464,0.127,8.30065359477124,0.15164285714285716,9.911297852474323,0.16185714285714287,10.57889822595705,21781.406,1.3971118301545824,180053.49999999994,1.6429980299129543,18.3885846278904,-97.9571570435524,41.85190960372115,20.90090090090091,12.852852852852868,-79.09909909909909,True,False,False
1755820800000,1.53,1.76,1.5,1.679,26688.43,2025-08-22,0.09738562091503278,0.09293064269105976,0.09738562091503278,0.06455581578580943,1.233337128848616,0.06374305566614885,1.217809368565162,0.045506524077548925,0.8694009217682582,0.07954400111257581,1.5196860074515635,1.5372,1.5758460649344945,1.5883,1.5758535246934595,1.5908,1.5911173838112112,1.6150799999999998,1.5833105930971516,1.56377,1.5728755953806905,0.05730478589420662,5.7304785894206525,0.055974842767295474,5.597484276729557,0.11192052980132461,11.192052980132452,62.53101736972704,55.841121495327116,44.00904295403165,1.5793663589847877,1.5938750405207707,-0.014508681535982948,-0.010291688342082526,-0.004216993193900422,-0.25116100023230625,1.5908,0.06960989040435037,1.7300197808087008,1.4515802191912992,0.17503115515300577,0.816765331361906,0.13914285714285715,8.287245809580533,0.16150000000000003,9.61882072662299,0.16723809523809524,9.960577441220682,20875.606,1.2784505513277076,206741.92999999993,1.6430303985500245,19.422474677254844,69.49834698864471,49.07457923155632,47.74774774774775,27.387387387387395,-52.25225225225224,True,False,False
1755907200000,1.679,1.711,1.551,1.668,30197.88,2025-08-23,-0.006551518761167441,-0.0065730741588488325,0.006551518761167441,0.0626157883516105,1.196272956760368,0.05190499772436829,0.9916435891487612,0.045160584606916125,0.862791757461803,0.07935252893862742,1.516027936704608,1.5606,1.606564043289663,1.5782,1.5926074292999546,1.59625,1.5984396716665148,1.62632,1.5866747093008977,1.56045,1.5749992958655008,0.07543520309477758,7.543520309477756,-0.05709440361786322,-5.709440361786319,0.06991661321359843,6.991661321359846,59.90099009900988,54.81997677119628,44.85407066052227,1.593002303924883,1.5993670271958078,-0.006364723270924744,-0.009506295327829498,0.003141572056904754,0.18834364849548885,1.59625,0.0712370948608303,1.7387241897216605,1.4537758102783394,0.17851112259565932,0.7517999931783143,0.14800000000000005,8.872901678657078,0.16700000000000004,10.011990407673864,0.16090476190476194,9.646568459518102,21065.225,1.4335417732305258,176544.04999999993,1.6430336889495598,20.456364726619285,58.5269719052205,46.709484300390905,45.76576576576576,38.13813813813814,-54.23423423423424,False,False,True
1755993600000,1.668,1.68,1.56,1.612,28058.03,2025-08-24,-0.033573141486810454,-0.03414965985211837,0.033573141486810454,0.04948314600940988,0.9453741771017603,0.051067426174920216,0.9756418071647955,0.04569619027358721,0.8730244893556873,0.07948156042750538,1.518493079838293,1.5956000000000001,1.6083760288597755,1.5703999999999998,1.5961333512463312,1.5971,1.5997311528806164,1.63554,1.5876801954086426,1.5564700000000002,1.5758232759797066,0.12178148921363952,12.178148921363956,-0.0461538461538461,-4.615384615384607,0.01065830721003147,1.0658307210031426,57.21040189125298,49.54648526077098,47.79050736497546,1.5959250264285423,1.6003030000425267,-0.004377973613984398,-0.008480630985038044,0.004102657371053645,0.2545072810827323,1.5971,0.07132276524438513,1.7397455304887703,1.4544544695112296,0.17863068122067546,0.5522273636928747,0.14942857142857147,9.26976249556895,0.16571428571428573,10.280042538107056,0.15633333333333335,9.698097601323408,21368.696,1.313043622315559,148486.01999999993,1.6427769106109502,21.849251361041837,20.27143102559701,40.08795030559235,35.6756756756757,43.06306306306306,-64.3243243243243,False,False,True
1756080000000,1.612,1.632,1.401,1.451,56074.64,2025-08-25,-0.09987593052109178,-0.10522267018238572,0.09987593052109178,0.07304442109330839,1.395511705537665,0.05604298014753396,1.070699632340071,0.051014039472513484,0.9746218556474376,0.08091198933740618,1.545821385790038,1.588,1.5559173525731838,1.5583,1.5697454691959494,1.58985,1.5855660690843083,1.6418800000000002,1.5822562450347992,1.55154,1.57305038949717,-0.025520483546004002,-2.552048354600405,-0.07697201017811706,-7.697201017811704,-0.09085213032581452,-9.085213032581455,51.48936170212766,43.139190523198415,44.17549167927383,1.5736288683191686,1.5892413618934005,-0.01561249357423189,-0.00990700350290177,-0.0057054900713301195,-0.39321089395796827,1.58985,0.07845365712183133,1.7467573142436628,1.4329426857563372,0.1973863122227415,0.05754134002836061,0.169,11.647139903514818,0.1747857142857143,12.045879688884513,0.15361904761904763,10.587115618128713,23497.3875,2.3864201924575656,92411.37999999993,1.6398773830664488,20.968792030773105,-128.51732448589937,36.79480262484489,8.802816901408457,30.081419447616636,-91.19718309859154,False,True,False
1756166400000,1.451,1.515,1.44,1.507,13041.01,2025-08-26,0.038594073053066724,0.03786794574230749,0.038594073053066724,0.07435641841569632,1.4205773791869583,0.057809255137377114,1.1044442686398903,0.05185966023865308,0.9907774177003709,0.08102451259609858,1.5479711396288685,1.5834,1.5396115683821225,1.5512000000000001,1.5583372020674342,1.58505,1.5780834849480019,1.64902,1.5792712093030727,1.5468800000000003,1.5715866445274334,-0.015032679738562149,-1.5032679738562176,-0.04499366286438544,-4.499366286438541,-0.05988771054273245,-5.9887710542732435,51.89873417721516,46.11786716557529,49.88308651597817,1.5633782731163932,1.583148309207074,-0.01977003609068073,-0.011879610020485175,-0.007890426070195557,-0.5235850079758166,1.58505,0.08051640891932252,1.7460828178386452,1.424017182161355,0.2031895748886724,0.2576580940221568,0.15871428571428572,10.531803962460899,0.17035714285714287,11.30438904161532,0.1528095238095238,10.13998167282839,23510.646,0.5546853114967577,105452.38999999993,1.6391860149602304,18.947221175014796,-120.70417145044027,38.61704262791627,18.66197183098589,21.046821469356676,-81.33802816901411,False,False,True
1756252800000,1.507,1.59,1.5,1.509,20395.03,2025-08-27,0.0013271400132714994,0.0013262601413535377,0.0013271400132714994,0.05155910960245622,0.9850354058582381,0.057740278264439435,1.103126467332752,0.05181350871632528,0.989895694104334,0.06628089189520896,1.2662946616427384,1.5493999999999999,1.5294077122547485,1.5433,1.549366801690264,1.5797,1.5715040247861096,1.64858,1.576485156492128,1.54284,1.5702029240020148,-0.10125074449076843,-10.12507444907684,-0.049748110831234316,-4.974811083123437,-0.06621287128712883,-6.6212871287128845,47.58620689655171,35.426008968609864,47.97734627831715,1.555012384891639,1.5776549236194457,-0.022642538727806638,-0.014032195761973575,-0.008610342965833063,-0.5705992687762136,1.5797,0.08189473345961543,1.743489466919231,1.4159105330807693,0.20736781277360358,0.2841741556101884,0.15371428571428572,10.186500047335038,0.14778571428571427,9.793619236959197,0.15185714285714286,10.063428950108872,23848.585,0.855188263790074,125847.41999999993,1.6384386597498746,19.810165387245906,-61.73675792642753,33.08144644057299,22.13114754098358,16.53197875779264,-77.86885245901641,True,False,False
1756339200000,1.509,1.55,1.433,1.495,14904.38,2025-08-28,-0.009277667329357087,-0.009320972943061992,0.009277667329357087,0.05139528423623526,0.9819055266312771,0.05737722559918294,1.0961903559020805,0.05161566424512495,0.98611588078932,0.06619401621212048,1.2646349040478129,1.5148,1.517938474836499,1.5376999999999998,1.5394819286545227,1.5755000000000001,1.5642178463875536,1.64702,1.5732558959851264,1.53889,1.5685440984274495,-0.10371702637889679,-10.371702637889678,-0.03610573823339769,-3.6105738233397697,-0.05319822672577568,-5.319822672577572,19.3333333333333,38.210399032648134,45.881383855024716,1.5457797102434316,1.571531388934097,-0.025751678690665303,-0.016376092347732917,-0.009375586342932386,-0.6271295212663803,1.5755000000000001,0.08405793741286817,1.7436158748257364,1.4073841251742638,0.21341272589747545,0.2605818008458636,0.1504285714285714,10.062111801242233,0.1387142857142857,9.278547539417104,0.15123809523809525,10.11626055104316,23786.6495,0.6265859342653534,110943.03999999992,1.6376927343738652,20.982065496521468,-94.34755200672417,33.899334613234544,26.18384401114209,22.325654461037185,-73.81615598885791,False,True,False
1756425600000,1.495,1.512,1.431,1.445,11853.22,2025-08-29,-0.03344481605351168,-0.03401688527825424,0.03344481605351168,0.051387193420276936,0.9817509518094331,0.05308198848668017,1.0141299660894143,0.05208519736795035,0.9950862985054586,0.06637301456030316,1.2680546626881304,1.4814,1.4936256498909994,1.5385,1.5223033961702503,1.5685,1.5528636518588033,1.6444,1.568175214146964,1.53486,1.5658250976642945,-0.10359801488833753,-10.35980148883375,0.005567153792623625,0.5567153792623526,-0.08832807570977907,-8.832807570977911,17.109144542772825,41.63372859025032,44.0221694378464,1.530275139366421,1.5621573500899026,-0.03188221072348174,-0.01947731602290491,-0.012404894700576832,-0.8584702214932063,1.5685,0.08891421057460759,1.7463284211492152,1.3906715788507849,0.22674966037515482,0.15275516927529947,0.12485714285714285,8.640632723677705,0.13199999999999998,9.134948096885811,0.14928571428571433,10.331191300049435,23620.1925,0.5018257154339448,99089.81999999992,1.6369833482805678,21.76653697365297,-109.2590808363042,34.33906540612044,12.256267409470764,20.190419653865472,-87.74373259052923,False,True,False
1756512000000,1.445,1.518,1.4,1.438,12770.59,2025-08-30,-0.004844290657439521,-0.004856062265540612,0.004844290657439521,0.026017642277982096,0.4970663577856986,0.051699072965404845,0.9877094021527904,0.05174051886069091,0.9885012248704256,0.05432310748695764,1.0378415112961308,1.4788000000000001,1.4750837665939995,1.5333999999999999,1.5069755059562864,1.5594,1.541924157137383,1.6332999999999998,1.5630205524203615,1.53014,1.5630180725189762,-0.008959338387319216,-0.8959338387319173,-0.03425117528542654,-3.4251175285426565,-0.11234567901234582,-11.234567901234577,19.999999999999957,40.78947368421052,43.46793349168646,1.5160789640247923,1.5529592888344164,-0.03688032480962411,-0.02295791778026871,-0.013922407029355401,-0.9681785138633799,1.5594,0.09260294413871674,1.7446058882774333,1.3741941117225664,0.23753480605031865,0.17225664062541574,0.11885714285714284,8.265448042916749,0.13342857142857142,9.278760182793562,0.15095238095238098,10.497383932710777,23397.017,0.5458212899533303,86319.22999999992,1.636179091228937,20.671098798382864,-105.55555555555544,34.21114701271128,10.555555555555562,16.331888992056133,-89.44444444444444,True,True,False
1756598400000,1.438,1.49,1.391,1.438,17541.24,2025-08-31,0.0,0.0,0.0,0.014161907829854636,0.27056286918972045,0.050657881419557876,0.9678174655998233,0.051645454573914576,0.9866850242217067,0.0538423633842842,1.028656908110735,1.465,1.4627225110626663,1.5242,1.4944345048725276,1.5517999999999998,1.5320265370709933,1.6244,1.558071895655109,1.52522,1.5602786008724576,-0.04578633045786329,-4.578633045786328,-0.060130718954248374,-6.013071895424842,-0.09559748427672965,-9.559748427672963,44.96124031007746,39.999999999999986,42.879999999999995,1.5040668156742742,1.5444427395902258,-0.04037592391595157,-0.026441519007421258,-0.013934404908530314,-0.9690128587295073,1.5517999999999998,0.09612962739529524,1.7440592547905904,1.3595407452094093,0.24778870317127286,0.20404545642301788,0.11585714285714285,8.056824955295053,0.13264285714285715,9.224120802702167,0.14909523809523811,10.368236307040203,23186.3295,0.7565337152652817,86319.22999999992,1.635012507969753,20.06673334085965,-104.09165302782324,28.95874527100129,12.737127371273694,11.849650112100003,-87.26287262872631,False,True,False
1756684800000,1.438,1.465,1.3,1.406,41825.5,2025-09-01,-0.022253129346314293,-0.02250446591038175,0.022253129346314293,0.013677865036451747,0.26131524460642747,0.035704445223408765,0.6821324682051573,0.05179979437154966,0.9896336819152893,0.053255196966987245,1.0174391094592843,1.4444,1.4438150073751108,1.4969,1.478355503985777,1.5426,1.5200239205392763,1.6172,1.5520546811197584,1.5204300000000002,1.5569050750721132,-0.06825712392312788,-6.82571239231279,-0.16259678379988096,-16.259678379988095,-0.11572327044025166,-11.572327044025167,1.904761904761898,40.26845637583892,43.05220883534136,1.4889796132213873,1.5341865550797227,-0.0452069418583354,-0.030194603577617864,-0.01501233828071754,-1.0677338748732248,1.5426,0.10096450653050194,1.7445290130610038,1.3406709869389961,0.26180346565668855,0.1617623244691132,0.10642857142857144,7.569599674862834,0.13771428571428573,9.794757163178218,0.152,10.81081081081081,23773.4085,1.7593396420206213,44493.72999999992,1.631597440459638,19.570111059011648,-129.45496923869146,27.498385514877768,23.04347826086954,15.44538706256626,-76.95652173913045,False,True,False
1756771200000,1.406,1.452,1.352,1.381,10800.83,2025-09-02,-0.017780938833570348,-0.01794091896131803,0.017780938833570348,0.013476669463723938,0.2574714085866259,0.035515758629314026,0.6785276158865814,0.04383267486822497,0.8374220775258945,0.05186908838158153,0.9909575421181047,1.4216,1.4228766715834071,1.4682,1.4606545032603369,1.5232,1.5067834581349928,1.61262,1.5452887367514194,1.5153900000000002,1.5530665794569884,-0.07625418060200673,-7.625418060200675,-0.172062350119904,-17.206235011990405,-0.21933295647258333,-21.933295647258333,0.0,45.731707317073166,41.93037974683545,1.4723673649948539,1.522838207472306,-0.05047084247745204,-0.0342498513575966,-0.016220991119855435,-1.1745829920242894,1.5232,0.09205639004093538,1.7073127800818708,1.3390872199181294,0.24174472174615375,0.11382365760604168,0.11,7.965242577842144,0.13435714285714287,9.728974862935761,0.15023809523809525,10.87893520913072,22102.222,0.4886762064013292,33692.89999999992,1.63074774007694,19.28117129975646,-120.50435437764502,32.03871647859795,17.608695652173907,17.796433761439044,-82.3913043478261,False,False,True
1756857600000,1.381,1.42,1.315,1.384,22336.59,2025-09-03,0.0021723388848660097,0.0021699827683227275,0.0021723388848660097,0.010894825970104887,0.2081453579001661,0.03558560535416803,0.6798620356912468,0.043208076615271346,0.8254891446583491,0.05144989435091769,0.9829488514073434,1.4094,1.409917781055605,1.4454,1.446717320848881,1.5078999999999998,1.4950897243226622,1.60668,1.538911236626378,1.50968,1.5493847445967832,-0.04221453287197241,-4.221453287197243,-0.1414392059553351,-14.14392059553351,-0.18106508875739646,-18.10650887573965,2.5641025641024697,41.35090609555188,40.422077922077904,1.458772385738128,1.5125528926552576,-0.053780506917129545,-0.03815598246951236,-0.015624524447617187,-1.128939627718005,1.5078999999999998,0.08822393755605759,1.684347875112115,1.3314521248878846,0.2340312688004712,0.14890481134648503,0.11214285714285713,8.10280759702725,0.13292857142857142,9.604665565648226,0.1359047619047619,9.819708230112854,22220.125500000002,1.005241397038914,56029.48999999992,1.6288475511703426,18.962485073730388,-133.16790736145558,26.94015677916107,18.260869565217362,19.637681159420264,-81.73913043478264,False,True,False
1756944000000,1.384,1.386,1.3,1.302,20302.03,2025-09-04,-0.059248554913294726,-0.06107631340910025,0.059248554913294726,0.024700164003744498,0.47189597069834627,0.025708746709604397,0.4911649162381075,0.042483861745113066,0.8116530389913702,0.048210430291279534,0.9210589774480611,1.3821999999999999,1.3739451873704034,1.4304999999999999,1.4204050806937891,1.4944000000000002,1.4767001255581507,1.59464,1.529546600996674,1.50293,1.5440079632580912,-0.09457579972183583,-9.45757997218358,-0.10268780151619572,-10.268780151619573,-0.1717557251908397,-17.17557251908397,2.0134228187918666,32.40740740740739,38.785046728971956,1.4346535571228776,1.496954973473386,-0.062301416350508454,-0.04298506924572065,-0.0193163471047878,-1.483590407433779,1.4944000000000002,0.09801364029670025,1.6904272805934006,1.2983727194065997,0.26234914426311623,0.009251979067454494,0.10771428571428568,8.272986614000436,0.12907142857142856,9.913320166776387,0.12838095238095237,9.860288201302026,22503.989999999998,0.9021524627410518,35727.45999999992,1.6268539349959854,19.547590026484347,-159.8245113877536,18.510512963190408,0.4347826086956526,12.101449275362304,-99.56521739130434,False,True,False
1757030400000,1.302,1.362,1.3,1.327,12110.31,2025-09-05,0.019201228878648058,0.019019211563692785,0.019201228878648058,0.029500834212905912,0.5636126462642018,0.02206991576059766,0.4216451485706376,0.04285653388212572,0.8187729301718965,0.046666872605149665,0.8915693492611906,1.3599999999999999,1.358296791580269,1.4125,1.4034223387490679,1.4818500000000001,1.4624428997492944,1.58666,1.5215428318497826,1.49709,1.539300502994241,-0.07719054242002776,-7.71905424200278,-0.11944260119442596,-11.944260119442598,-0.1590621039290241,-15.906210392902414,16.7664670658682,16.41221374045797,39.954163483575236,1.4180914713883348,1.484364663397532,-0.06627319200919723,-0.04764269379842296,-0.018630498210774275,-1.4039561575564639,1.4818500000000001,0.10270308507640337,1.6872561701528068,1.2764438298471934,0.277229368900775,0.12306390337543555,0.10499999999999998,7.912584777694046,0.11492857142857141,8.660781569598448,0.12300000000000001,9.2690278824416,22583.7365,0.5362403161230649,47837.76999999992,1.6256786338228235,21.93146238828165,-142.85275602640868,13.577706299526866,6.569343065693409,8.421665079868804,-93.43065693430658,False,False,False
1757116800000,1.327,1.376,1.304,1.329,11817.32,2025-09-06,0.0015071590052750938,0.0015060243810378574,0.0015071590052750938,0.03006581541807824,0.5744065970331401,0.022082440098842773,0.42188442571683943,0.04278655186576142,0.8174359256265561,0.046576770325310886,0.8898479476219056,1.3446000000000002,1.3485311943868459,1.3945,1.3898910044307973,1.4689,1.4497339948972285,1.57958,1.5139366504653253,1.49196,1.5347471532893981,-0.05476529160739685,-5.476529160739684,-0.11928429423459241,-11.928429423459242,-0.1630982367758187,-16.309823677581868,17.751479289940747,17.08737864077665,30.565371024734972,1.4043850911584073,1.4728552787048605,-0.06847018754645329,-0.05180819254803404,-0.01666199499841925,-1.2537242286244734,1.4689,0.10491896622481864,1.6787379324496374,1.2590620675503628,0.2857075804338448,0.16664749703064966,0.09842857142857138,7.406213049553904,0.10864285714285711,8.174782328281198,0.12176190476190477,9.161919094199005,22327.4935,0.5292721281051991,59655.08999999992,1.6245663224167035,23.977063145140683,-121.81641646127434,18.36302419535791,7.6315789473684,4.878568207252482,-92.3684210526316,True,False,False
1757203200000,1.329,1.39,1.305,1.317,17829.32,2025-09-07,-0.009029345372460473,-0.009070356969964265,0.009029345372460473,0.02981366062500166,0.5695891864755797,0.022086476695621554,0.42196154479001446,0.04263647892997847,0.8145687862141979,0.046374793503057975,0.8859891858508843,1.3317999999999999,1.3380207962578972,1.3767,1.376638094534082,1.4572,1.437092610521242,1.5713599999999999,1.5061591374954733,1.48763,1.5300412756798527,-0.04634322954380887,-4.634322954380887,-0.11906354515050177,-11.906354515050177,-0.15087040618955516,-15.087040618955513,20.13422818791939,18.68365180467086,32.48826291079811,1.3909412309666314,1.4613096155447696,-0.07036838457813821,-0.05552023095405844,-0.01484815362407977,-1.127422446779026,1.4572,0.10827528269233792,1.6737505653846758,1.2406494346153243,0.29721461073932987,0.17628807675714944,0.09642857142857138,7.321835340058572,0.10614285714285711,8.059442455797807,0.12057142857142858,9.155005965939909,22200.379,0.8031088117910059,41825.76999999992,1.62290998641775,26.063341236143625,-107.30977752851007,25.2358141596942,5.1204819277108164,6.440467980257537,-94.87951807228919,True,False,False
1757289600000,1.317,1.36,1.304,1.333,14919.73,2025-09-08,0.012148823082763771,0.012075618435427543,0.012148823082763771,0.031062629926549217,0.5934507114774732,0.021958659258135744,0.4195195960756093,0.039844355531234596,0.761225343581183,0.04549959588854615,0.8692685589032121,1.3215999999999999,1.3363471975052648,1.3655000000000002,1.368703895527784,1.452,1.4271789920056348,1.56138,1.4993225492212863,1.4833699999999999,1.5257905788764603,-0.03684971098265888,-3.6849710982658914,-0.07750865051903122,-7.75086505190312,-0.07237299930410579,-7.237299930410583,32.857142857142804,31.901840490797483,37.5908618899273,1.3820271954256957,1.4518045686431873,-0.06977737321749156,-0.05837165940674725,-0.011405713810744303,-0.855642446417427,1.452,0.11173841633122852,1.675476832662457,1.228523167337543,0.3078193287361667,0.233753162280272,0.08085714285714281,6.065802164826917,0.09364285714285712,7.024970528346371,0.11876190476190475,8.90937019969278,21490.701999999997,0.6942411653188435,56745.49999999991,1.6215145489286977,28.3651213469125,-98.018811286772,29.973805627417306,11.379310344827557,8.043790406635585,-88.62068965517244,False,True,False
1757376000000,1.333,1.42,1.328,1.35,18511.56,2025-09-09,0.012753188297074391,0.012672551253766585,0.012753188297074391,0.011125318083653628,0.21254890354645847,0.022907593610910968,0.43764896142978205,0.03896653414145294,0.7444545894773644,0.04554444423792783,0.8701253854150715,1.3312000000000002,1.3408981316701765,1.3567,1.3653031872499695,1.44505,1.4198285872882204,1.55232,1.4934286328845303,1.48002,1.5220050181747407,0.03686635944700467,3.6866359447004644,-0.061196105702364334,-6.11961057023643,-0.0933512424445937,-9.335124244459369,38.96103896103902,22.64808362369338,38.29568788501026,1.377099934587415,1.4442630259660083,-0.06716309137859322,-0.06012994580111753,-0.00703314557747569,-0.5209737464796806,1.44505,0.11362286417424235,1.6722957283484847,1.2178042716515152,0.3145160767426522,0.2908651557704107,0.07971428571428565,5.9047619047619,0.09485714285714283,7.026455026455023,0.1161428571428571,8.6031746031746,21620.434999999998,0.8562066396906447,75257.05999999991,1.6200011015538915,28.700957635224828,-64.26682149538712,36.76350708924916,17.24137931034484,11.247057194294399,-82.75862068965516,True,False,False
1757462400000,1.35,1.441,1.322,1.405,16250.35,2025-09-10,0.040740740740740744,0.03993271033537101,0.040740740740740744,0.01856236948482501,0.3546335710635336,0.02730455578957489,0.5216528059026355,0.03963800987884869,0.7572831154276667,0.045835874344753724,0.8756931497882344,1.3468,1.3622654211134508,1.3534,1.3725207895682185,1.4388,1.4184163366162947,1.5454600000000003,1.4899391538168891,1.4770599999999998,1.519489732382663,0.05877920120572733,5.877920120572726,-0.02294853963838661,-2.294853963838659,-0.0816993464052288,-8.169934640522875,90.5511811023622,34.705882352941174,41.02060843964671,1.38139225234582,1.4413544881494516,-0.05996223580363158,-0.06009640380162032,0.0001341679979887378,0.009549323700266035,1.4388,0.11213225274319423,1.6630645054863886,1.2145354945136115,0.31173826172697877,0.4246425556137516,0.08171428571428566,5.815963396034566,0.09692857142857139,6.898830706659885,0.11585714285714283,8.24605998983223,20911.3995,0.777104851351532,91507.40999999992,1.6188079214858146,30.5516999485231,-41.71171348259395,35.13671735020981,41.99999999999999,23.540229885057457,-58.00000000000001,True,True,False
1757548800000,1.405,1.412,1.35,1.376,12090.56,2025-09-11,-0.020640569395017905,-0.02085656327455728,0.020640569395017905,0.02355206385595751,0.4499615481731873,0.02717597433853546,0.5191962607297834,0.031847554379063295,0.6084466720867973,0.04326972085055084,0.8266668561197291,1.3561999999999999,1.366843614075634,1.3504,1.3731533732830923,1.4236499999999999,1.414376674475898,1.5418599999999998,1.4854441075432516,1.4741,1.516410318572308,0.03536493604213686,3.536493604213689,-0.02133712660028453,-2.1337126600284515,-0.1804645622394283,-18.046456223942833,68.70229007633581,33.239436619718276,41.3452027695351,1.3805626750614188,1.4365131598453404,-0.05595048478392162,-0.05926721999808024,0.0033167352141586226,0.24104180335455105,1.4236499999999999,0.09748321043025773,1.6186164208605154,1.2286835791394843,0.2738965628637875,0.3777994698018021,0.07828571428571422,5.689368770764116,0.09299999999999996,6.758720930232556,0.1121428571428571,8.14991694352159,20181.506,0.5990910688231096,79416.84999999992,1.6178898130222505,30.87735292879203,-43.518234753294585,35.72595357395383,34.86238532110085,31.367921543815225,-65.13761467889914,False,False,True
1757635200000,1.376,1.58,1.373,1.523,32090.59,2025-09-12,0.10683139534883712,0.10150133440187276,0.10683139534883712,0.04795398503017352,0.9161595976138921,0.043003556826896286,0.8215817995877804,0.04112289642572847,0.7856518330730444,0.04434173984607931,0.8471477502719007,1.3974,1.4188957427170894,1.3646,1.4003982145045042,1.4163999999999999,1.424721778663099,1.5386200000000003,1.4869253868496495,1.4725899999999998,1.516551504625986,0.15641609719058458,15.641609719058463,0.10282404055032579,10.282404055032577,-0.08693045563549162,-8.693045563549163,85.14492753623185,58.628318584070776,54.11877394636014,1.4024761096769411,1.4429199050378874,-0.04044379536094622,-0.05550253507065225,0.015058739709706025,0.9887550695801723,1.4163999999999999,0.08261158323268575,1.5816231664653713,1.2511768335346285,0.2333001503323516,0.8225939869102497,0.09899999999999995,6.500328299409058,0.10199999999999997,6.697307944845697,0.1096190476190476,7.197573711033986,20276.141499999998,1.5826773550579138,111507.43999999992,1.6166216955192918,31.37294161979989,69.34067374492071,45.91812702327607,79.64285714285708,52.168414154652645,-20.35714285714291,True,False,False
1757721600000,1.523,1.57,1.443,1.443,17403.75,2025-09-13,-0.05252790544977004,-0.05395779412129078,0.05252790544977004,0.06103554184141881,1.166082389573991,0.04744988313606686,0.9065287444497481,0.042054627995517554,0.8034525397197395,0.0446740513824679,0.8534965532601958,1.4194,1.4269304951447264,1.3705,1.4081439936855398,1.40795,1.4264625655398577,1.5349800000000002,1.4851932739715004,1.47221,1.5149781938980817,0.08252063015753941,8.252063015753947,0.0426300578034684,4.263005780346833,-0.10483870967741937,-10.483870967741938,68.3139534883721,50.476190476190496,47.8544776119403,1.408710554344335,1.442925838266086,-0.03421528392175088,-0.0512450848408709,0.017029800919120014,1.180166383861401,1.40795,0.06908764456528667,1.5461252891305735,1.2697747108694266,0.19627868763886988,0.626831650653824,0.10685714285714283,7.4052074052074035,0.1026428571428571,7.1131571131571105,0.10804761904761902,7.487707487707486,19743.427499999998,0.8814958800846511,94103.68999999992,1.615908359483231,32.48736413299121,77.58082865426259,45.01128439538519,51.07142857142857,55.19222367846216,-48.92857142857142,False,False,True
1757808000000,1.443,1.449,1.34,1.397,28624.4,2025-09-14,-0.031878031878031954,-0.032397199516909135,0.031878031878031954,0.06502401869690805,1.2422821329053977,0.043983730120215454,0.8403079840630464,0.03630995587860802,0.6937007330296387,0.044094492682941896,0.8424240998526786,1.4288,1.4169536634298174,1.3800000000000001,1.406117813015434,1.4052499999999999,1.4236566012405716,1.5286,1.48171629821763,1.47071,1.5124585724007777,0.034814814814814854,3.4814814814814765,0.07296466973886329,7.296466973886326,-0.03721571330117168,-3.7215713301171633,58.55614973262033,46.40980735551664,43.82544103992572,1.4069089305984883,1.439523782012382,-0.03261485141389375,-0.047519038155474716,0.014904186741580963,1.066870919225552,1.4052499999999999,0.0683681019805398,1.5419862039610794,1.2685137960389203,0.1946076555219065,0.46983242271977893,0.11028571428571425,7.894467736987419,0.10335714285714281,7.398507004806214,0.10752380952380948,7.6967651770801355,18370.9155,1.5581368277481873,65479.28999999991,1.613954676705278,31.960055546851162,-17.17362257329242,43.292857425509816,34.64285714285713,55.11904761904759,-65.35714285714288,False,True,False
1757894400000,1.397,1.475,1.351,1.376,24004.58,2025-09-15,-0.015032211882605728,-0.015146340763672994,0.015032211882605728,0.0628594443657386,1.2009279983741015,0.04433812353270945,0.8470786607019789,0.035172487822691154,0.6719694363344477,0.04386380888291375,0.8380168920413394,1.423,1.403302442286545,1.3849,1.4006418470126105,1.3987,1.4191178690055388,1.52306,1.4775493561054123,1.4694399999999999,1.5095487953401623,-0.020640569395017905,-2.064056939501789,0.0369253956292388,3.6925395629238835,-0.08692767086927666,-8.692767086927672,53.439153439153415,47.32142857142857,34.03582718651211,1.402153710505153,1.4348181344213593,-0.032664423916206387,-0.044548115307620574,0.011883691391414188,0.8636403627481242,1.3987,0.06425860581317551,1.5272172116263512,1.270182788373649,0.1837666570763582,0.41168498089579714,0.11999999999999998,8.720930232558139,0.1004285714285714,7.2985880398671075,0.1024285714285714,7.44393687707641,18919.094,1.2688017724315974,41474.70999999991,1.6123821139892467,32.799760798321124,-6.3018455404795946,55.576311212719105,27.142857142857086,37.6190476190476,-72.85714285714292,True,False,False
1757980800000,1.376,1.499,1.373,1.42,16799.21,2025-09-16,0.03197674418604657,0.0314761321020175,0.03197674418604657,0.06349570287572599,1.2130837001394852,0.045150083114309285,0.8625911267272567,0.03607137015777487,0.6891425592332925,0.043881650176591715,0.838357749478456,1.4318,1.4088682948576967,1.394,1.404161511192145,1.39425,1.4192018816203276,1.51738,1.4752814300777082,1.46861,1.5076422007950931,0.03197674418604657,3.197674418604654,0.06847253574115864,6.847253574115875,-0.058979456593770685,-5.897945659377069,52.04359673024521,53.367875647668384,37.37270875763747,1.4048992935049758,1.433720455469084,-0.028821161964108333,-0.041402724638917726,0.012581562674809393,0.8860255404795347,1.39425,0.05909214481593819,1.5124342896318763,1.2760657103681237,0.16953098745831283,0.6089400295090267,0.12485714285714287,8.792756539235414,0.10228571428571427,7.203219315895372,0.10485714285714286,7.3843058350100605,18739.303,0.8964693083835615,58273.91999999991,1.6114493044072968,34.62960322591841,44.56078257877423,56.65542263495782,42.85714285714281,34.880952380952344,-57.14285714285718,True,False,False
1758067200000,1.42,1.42,0.598,1.224,170755.07,2025-09-17,-0.13802816901408443,-0.14853268752303495,0.13802816901408443,0.06251090257679161,1.194269116846062,0.06463295855877481,1.234810939456729,0.04714620972550628,0.9007270720871663,0.04631550315363483,0.8848564453156458,1.3719999999999999,1.3472455299051311,1.3847,1.3714048727935046,1.3806999999999998,1.4006111983736067,1.5051,1.4653807474278735,1.46576,1.5016121190629275,-0.19632304661851607,-19.632304661851606,-0.07061503416856485,-7.061503416856491,-0.18127090301003357,-18.127090301003353,35.767790262172284,39.63730569948187,32.70944741532975,1.3770686329604676,1.4181850910482687,-0.04111645808780118,-0.04134547132869441,0.0002290132408932291,0.018710232099120025,1.3806999999999998,0.06549736836818976,1.5116947367363793,1.2497052632636203,0.18975119393985593,-0.09811563389508889,0.22528571428571428,18.405695611577965,0.15349999999999997,12.540849673202612,0.1397142857142857,11.414565826330533,26531.8375,6.4358554133312476,-112481.1500000001,1.5851276327853476,36.9025209836408,-359.60615803760135,39.988025851998266,63.74745417515274,44.582484725050875,-36.25254582484725,False,True,False
1758153600000,1.224,1.47,1.1,1.33,43200.34,2025-09-18,0.08660130718954262,0.08305475814352818,0.08660130718954262,0.08356959796264687,1.596594927283695,0.07086263213003206,1.3538286859217572,0.05131048322590083,0.9802854056036636,0.04812749366193755,0.9194744753692954,1.3494,1.3414970199367542,1.3843999999999999,1.3638767141037638,1.37495,1.3938863132217756,1.49566,1.4600476283861976,1.4641199999999999,1.4979690467738038,-0.0783090783090783,-7.8309078309078295,-0.0022505626406600365,-0.22505626406600837,-0.07958477508650519,-7.9584775086505175,30.425963488843834,51.75879396984925,44.329896907216494,1.3698273048115408,1.4116526612336147,-0.041825356422073856,-0.041441448347370305,-0.00038390807470355115,-0.02886526877470309,1.37495,0.06459711171643602,1.504144223432872,1.2457557765671279,0.1879257041097815,0.32603711371292315,0.2692857142857143,20.247046186895812,0.17378571428571427,13.066595059076262,0.15176190476190474,11.41066953097028,28099.1935,1.5374227733618047,-69280.8100000001,1.5815947046812577,37.97710246279704,-85.06306092594755,48.04618507745261,74.54175152749491,60.38211618659682,-25.45824847250509,True,False,False
1758240000000,1.33,1.346,1.25,1.252,12390.49,2025-09-19,-0.05864661654135339,-0.06043666955575562,0.05864661654135339,0.08588490397612006,1.640828786561958,0.07322535636833032,1.3989684691132873,0.05280815433985928,1.0088983720601274,0.04768084417757937,0.9109412489522091,1.3204,1.3116646799578362,1.3745999999999998,1.3435354933575963,1.36565,1.3803733144365578,1.48738,1.4518533647802843,1.4618700000000002,1.4927549247124776,-0.1037938439513243,-10.379384395132428,-0.07259259259259265,-7.259259259259265,-0.12934631432545196,-12.9346314325452,30.549898167006106,45.583038869257955,38.29201101928375,1.351700027145764,1.399826201494084,-0.04812617434832012,-0.042778393547560356,-0.0053477808007597605,-0.42713904159423005,1.36565,0.06832374558326537,1.5022974911665308,1.2290025088334693,0.20012080865013837,0.08414896962324736,0.25342857142857145,20.24189867640347,0.17621428571428568,14.074623459607484,0.1524761904761905,12.178609462954512,28080.1885,0.4412538042613211,-81671.3000000001,1.5805361268710036,35.893698919733204,-92.99865358722842,45.14710497256299,66.59877800407331,68.29599456890698,-33.40122199592668,False,False,True
1758326400000,1.252,1.299,1.166,1.219,22614.67,2025-09-20,-0.02635782747603832,-0.02671142217877229,0.02635782747603832,0.0859157779862327,1.6414186336969505,0.07161874261628465,1.3682741564786034,0.052990763443684454,1.0123871140901346,0.04756211604971633,0.908672951254322,1.2890000000000001,1.2807764533052242,1.356,1.3208926763834619,1.3547,1.36500441029271,1.4796599999999998,1.4426836566737746,1.4603,1.4869598813290024,-0.11409883720930214,-11.40988372093022,-0.13238434163701063,-13.238434163701063,-0.15229485396383857,-15.229485396383858,31.380753138075335,43.750000000000014,37.05357142857143,1.3312846383517611,1.3864313149607939,-0.05514667660903272,-0.04525205015985496,-0.009894626449177761,-0.8117002829514158,1.3547,0.07347330342233115,1.5016466068446623,1.2077533931553377,0.2169433924037238,0.03826766431072209,0.25428571428571434,20.860189851166062,0.18057142857142858,14.813078635884214,0.15319047619047618,12.566897144419704,28333.860000000004,0.7981499873296471,-104285.9700000001,1.578272193869814,34.525760975324665,-134.55657492354734,41.38785389567221,63.23828920570266,68.12627291242363,-36.76171079429735,False,True,False
1758412800000,1.219,1.246,1.152,1.175,17278.07,2025-09-21,-0.03609515996718626,-0.036762702903012236,0.03609515996718626,0.08067760972144476,1.5413435695144355,0.07199717184907764,1.3755040368195763,0.053291731024387994,1.018137091645883,0.04712906663035552,0.9003995537141825,1.24,1.2455176355368163,1.3359,1.2943667352228074,1.34315,1.346908734001513,1.4729600000000003,1.4321440694590175,1.4584300000000001,1.4803651010302001,-0.17253521126760551,-17.253521126760557,-0.1460755813953487,-14.607558139534873,-0.16429587482219055,-16.429587482219052,29.940119760479064,42.21491228070177,36.086956521739125,1.3072408478337667,1.3707693538068613,-0.06352850597309456,-0.04890734132250303,-0.014621164650591531,-1.2443544383482152,1.34315,0.0825770931662646,1.5083041863325293,1.1779958136674709,0.24592068843022627,-0.009069747894367335,0.25214285714285717,21.458966565349545,0.18121428571428572,15.422492401215804,0.15295238095238092,13.017223910840931,27106.4885,0.6374145437539798,-121564.0400000001,1.5763813502616675,33.62849695148706,-148.798430603237,37.37624066267687,58.75763747454176,62.86490156143924,-41.24236252545825,False,True,False
1758499200000,1.175,1.207,1.12,1.15,22995.77,2025-09-22,-0.021276595744680993,-0.02150620522096373,0.021276595744680993,0.05649631288836169,1.0793605421927266,0.05834688778656846,1.1147157259804494,0.05333271113292696,1.0189200155202096,0.04689502011609229,0.8959281013375882,1.2252,1.2136784236912108,1.2986,1.2681182379095495,1.3316,1.3281555042043658,1.4647799999999997,1.421036878740605,1.45645,1.4733905683401913,-0.06045751633986929,-6.045751633986933,-0.24491135915955353,-24.491135915955354,-0.16727009413468508,-16.727009413468508,21.99170124481327,40.06514657980457,36.888888888888886,1.2830499481650421,1.3544156987559766,-0.07136575059093442,-0.05339902317618946,-0.017966727414744955,-1.5623241230213005,1.3316,0.09255632708902727,1.5167126541780545,1.1464873458219453,0.27803042081414026,0.00948788237533414,0.24685714285714289,21.46583850931677,0.18342857142857144,15.950310559006214,0.14923809523809523,12.977225672877847,27716.2355,0.8296859073808924,-144559.81000000008,1.573686640069087,34.087652320887265,-153.44104257788095,36.93005549833644,56.21181262729124,59.40257976917855,-43.78818737270877,False,True,False
1758585600000,1.15,1.402,1.101,1.234,28063.31,2025-09-23,0.07304347826086954,0.07049898310803736,0.07304347826086954,0.050654859746494155,0.9677597366169987,0.06514944663424904,1.2446784302836356,0.056298061252796044,1.075572950013436,0.048023862170304424,0.9174945985016068,1.206,1.2204522824608073,1.2776999999999998,1.261914921925991,1.3241,1.3191883059578926,1.45756,1.4136748958971626,1.4565099999999997,1.4683432627225264,-0.07218045112781957,-7.218045112781961,-0.14483714483714494,-14.483714483714488,-0.10838150289017334,-10.838150289017335,51.35135135135135,44.12955465587044,41.51414309484193,1.2755038022929717,1.345495830714639,-0.0699920284216673,-0.056717624225285125,-0.013274404196382171,-1.0757215718299977,1.3241,0.0941504395271651,1.5124008790543302,1.13579912094567,0.2844209335463033,0.2607552326561267,0.27185714285714285,22.03056263023848,0.19835714285714284,16.074322759898124,0.1588095238095238,12.86949139461295,28002.5715,1.0021690329404214,-116496.50000000009,1.5711223812114716,35.05094003853154,-67.0008212273101,37.986908403961685,64.76578411405295,59.91174473862865,-35.23421588594705,True,True,False
1758672000000,1.234,1.334,1.159,1.164,10614.8,2025-09-24,-0.05672609400324158,-0.058398576173950084,0.05672609400324158,0.05023596249994524,0.9597567159587919,0.06638742329474348,1.268329941173092,0.05617092358071345,1.073143988198824,0.048592997197123386,0.9283679079216757,1.1884000000000001,1.2016348549738716,1.2544,1.2441122088485288,1.3172,1.3044084563049958,1.4489200000000002,1.4038488390714505,1.4556,1.4619347116392931,-0.07028753993610226,-7.028753993610231,-0.16678596993557626,-16.67859699355763,-0.10599078341013835,-10.599078341013835,25.149700598802383,37.986041874376866,39.229559748427675,1.258349371169965,1.3320514346157155,-0.07370206344575059,-0.0601145120693783,-0.01358755137637229,-1.1673154103412622,1.3172,0.10068533578483882,1.5185706715696776,1.1158293284303222,0.30575565072832933,0.1196069695606339,0.1794285714285714,15.414825724104075,0.20235714285714287,17.384634266077565,0.16214285714285714,13.929798723613157,27518.21,0.38573729904670395,-127111.30000000009,1.5700842652626894,34.85598436566217,-78.8029204748398,34.6535848697542,57.63747454175152,59.53835709436524,-42.362525458248484,False,False,True
1758758400000,1.164,1.203,1.098,1.114,26583.81,2025-09-25,-0.04295532646048095,-0.04390520780415364,0.04295532646048095,0.05182274539097689,0.9900721605257751,0.06692472606733461,1.278595096230053,0.05653383379695797,1.080077378144943,0.04886419060555536,0.9335490507148814,1.1674000000000002,1.1724232366492477,1.2282,1.2204554436033317,1.30655,1.2862743054090326,1.4391399999999999,1.3924433139864305,1.45561,1.454617439333791,-0.08613617719442168,-8.613617719442164,-0.19040697674418594,-19.040697674418592,-0.16051243406179339,-16.051243406179342,27.45098039215688,37.207031250000014,38.68217054263567,1.2361417756042474,1.3158991867218486,-0.07975741111760115,-0.06404309187902293,-0.015714319238578217,-1.4106211165689602,1.30655,0.11039139697601562,1.5273327939520314,1.0857672060479688,0.3379630231556867,0.0639379397430882,0.1415714285714286,12.708386765837396,0.20542857142857146,18.440625801487563,0.16304761904761905,14.636231512353595,28241.885000000002,0.9412902148705725,-153695.1100000001,1.5669198306508019,35.81701585530364,-121.26688281393021,33.84344711350212,52.54582484725052,58.316361167684995,-47.454175152749485,False,True,False
1758844800000,1.114,1.162,1.063,1.112,22071.45,2025-09-26,-0.0017953321364452268,-0.0017969456767016304,0.0017953321364452268,0.050892194970954895,0.9722940197136952,0.06489646497465616,1.2398452224634624,0.056511944928527465,1.0796591919007572,0.048825551364243526,0.9328108490461341,1.1548,1.1522821577661653,1.1974,1.2007362720390828,1.2956999999999999,1.2696767424099398,1.42906,1.381409376437656,1.4548500000000002,1.44742083422302,-0.05361702127659573,-5.36170212765957,-0.21690140845070416,-21.69014084507041,-0.16328066215199388,-16.32806621519939,30.54545454545456,26.621160409556325,39.38437253354381,1.2170430408950959,1.3007952923660295,-0.08375225147093368,-0.06798492379740513,-0.01576732767352855,-1.4179251504971715,1.2956999999999999,0.11843945821878103,1.5325789164375618,1.0588210835624379,0.3656385219380443,0.11224915504791128,0.142,12.769784172661868,0.19771428571428573,17.78006166495375,0.1648095238095238,14.821000342583075,28754.5915,0.7675800228287021,-175766.5600000001,1.5641703020287765,38.50655039157097,-120.61741410537131,26.674509943287006,52.880658436214,54.35465260840534,-47.119341563786,False,True,False
1758931200000,1.112,1.14,1.051,1.098,15483.39,2025-09-27,-0.01258992805755399,-0.012669852741051778,0.01258992805755399,0.05055568318110525,0.9658649709957005,0.050566351486337945,0.9660687886809888,0.05652313878659707,1.0798730502588967,0.0487756948716171,0.9318583420919294,1.1444,1.1341881051774436,1.1847999999999999,1.1820569498501534,1.28475,1.253326567461576,1.4194400000000003,1.370260177852822,1.45373,1.440090142655519,-0.045217391304347654,-4.521739130434767,-0.1029411764705882,-10.294117647058815,-0.16628701594533024,-16.62870159453302,34.285714285714306,28.782287822878246,38.81064162754305,1.198728726910581,1.2857731878052974,-0.08704446089471629,-0.07179683121686739,-0.0152476296778489,-1.3886730125545446,1.28475,0.12623364927992378,1.5372172985598476,1.0322827014401526,0.3930216751272193,0.13015012030215314,0.1357142857142857,12.36013531095498,0.195,17.759562841530055,0.1656190476190476,15.083701968947869,28637.295000000002,0.5406722248033552,-191249.95000000013,1.5621936391408013,40.602870006556216,-114.1368600340648,27.105849907622712,55.493895671476146,53.64012631831355,-44.50610432852386,False,True,False
1759017600000,1.098,1.104,1.01,1.104,31772.63,2025-09-28,0.005464480874316946,0.005449604767564685,0.005464480874316946,0.026905911570844942,0.5140367187976134,0.03846149700428233,0.7348058685195721,0.05642036918098622,1.077909639700543,0.04878313814878716,0.9320005457025942,1.1184,1.124125403451629,1.1622,1.1678647771501223,1.2733,1.2391049825217455,1.40982,1.3597869184019404,1.4528900000000002,1.4330474162829856,-0.10534846029173406,-10.534846029173412,-0.16992481203007515,-16.992481203007518,-0.17179294823705915,-17.179294823705916,39.82300884955757,31.047865459249692,41.76372712146423,1.1841550766162052,1.2723083154672712,-0.08815323885106596,-0.07506811274370713,-0.013085126107358833,-1.1852469300143869,1.2733,0.13188595551899518,1.5370719110379905,1.0095280889620097,0.414312276820844,0.17907879323887488,0.1357142857142857,12.292960662525878,0.19392857142857145,17.565993788819874,0.16604761904761905,15.040545203588682,29479.940000000002,1.0777711894936013,-159477.32000000012,1.55798586274319,44.212777745476686,-112.43167484232654,27.398327406867054,56.15982241953385,54.844792175741325,-43.84017758046615,False,True,False
1759104000000,1.104,1.12,1.0,1.02,23537.32,2025-09-29,-0.07608695652173925,-0.07913732055872398,0.07608695652173925,0.03373079460423275,0.6444259260698797,0.04084158343488794,0.7802773559293856,0.0581820353766769,1.1115662251117122,0.04959697486558927,0.9475488743455565,1.0896000000000001,1.0894169356344194,1.139,1.1409802722137314,1.2568,1.2182378319217495,1.39782,1.3464230982247154,1.4520200000000003,1.4244020271983016,-0.12371134020618546,-12.371134020618548,-0.18530351437699677,-18.53035143769968,-0.24444444444444446,-24.44444444444445,2.654867256637175,28.708133971291886,37.82712133227598,1.1589004494438357,1.2536185641642126,-0.09471811472037683,-0.07899811313904109,-0.01572000158133574,-1.541176625621151,1.2568,0.142037281984994,1.540874563969988,0.9727254360300119,0.4520600954328262,0.08320801994609867,0.14042857142857143,13.767507002801121,0.19364285714285717,18.984593837535016,0.1690952380952381,16.577964519140988,29731.227999999996,0.7916699572584087,-183014.64000000013,1.5547505572213922,46.02740451727079,-113.20923773043928,21.56328833803819,46.836847946725854,52.83018867924528,-53.163152053274146,True,True,False
1759190400000,1.02,1.044,1.0,1.0,21834.17,2025-09-30,-0.019607843137254943,-0.019802627296179754,0.019607843137254943,0.03231253104225908,0.6173300387639411,0.04077205830018344,0.7789490800958997,0.056835844723964135,1.0858472888038146,0.049601927623923646,0.9476434966606747,1.0668,1.0596112904229462,1.1171,1.1153474954475946,1.2365499999999998,1.1974532680228156,1.38602,1.332799834435008,1.45156,1.4155289932227724,-0.10233393177737893,-10.23339317773789,-0.1796554552912224,-17.965545529122238,-0.2882562277580071,-28.825622775800714,3.4090909090909207,24.13793103448276,37.13838936669274,1.1344542264519477,1.234831774473128,-0.10037754802118037,-0.08327400011546897,-0.017103547905711405,-1.7103547905711405,1.2365499999999998,0.14851881858432855,1.533587637168657,0.9395123628313427,0.4804296424223157,0.1018181361547672,0.10371428571428574,10.371428571428574,0.18778571428571428,18.77857142857143,0.16680952380952382,16.680952380952384,30010.419,0.7275529875141029,-204848.8100000001,1.5515990199284264,47.8060085030873,-117.96946021791548,17.12295594614322,46.10091743119266,49.699195932484116,-53.89908256880733,False,False,False
1759276800000,1.0,1.044,0.999,1.044,34333.54,2025-10-01,0.04400000000000004,0.04305948946044701,0.04400000000000004,0.043606464593108824,0.8331003362879944,0.04468961717540046,0.8537939373166129,0.058335289768326457,1.114494146153058,0.05013463656520504,0.9578208866936948,1.0532,1.0544075269486308,1.104,1.1023752235480302,1.21995,1.1828386656748409,1.3751,1.321443881791048,1.45047,1.4077699583409171,-0.06115107913669071,-6.115107913669069,-0.11148936170212764,-11.148936170212766,-0.24127906976744173,-24.127906976744175,29.411764705882348,36.363636363636374,39.58810068649887,1.120538191612932,1.220695927664358,-0.10015773605142608,-0.08665074730266041,-0.013506988748765672,-1.2937728686557157,1.21995,0.15065068518718697,1.521251370374374,0.9186486296256262,0.4939569168808129,0.20801659517615514,0.08514285714285717,8.155446086480572,0.1322857142857143,12.671045429666123,0.1632857142857143,15.640394088669954,31122.568000000007,1.1031718205258638,-170515.2700000001,1.546847364993564,44.739913385236164,-100.68169900367054,33.0201755549279,9.554140127388544,34.16396850176901,-90.44585987261145,False,True,False
1759363200000,1.044,1.044,1.009,1.013,39103.63,2025-10-02,-0.029693486590038454,-0.03014326419390079,0.029693486590038454,0.04435192024540562,0.8473422465279361,0.0449860286141699,0.8594568699029307,0.05124466350111087,0.9790279215271956,0.0471495097758666,0.9007901194607748,1.0362,1.0406050179657538,1.0903,1.0861251829029321,1.1944500000000002,1.1666635492573776,1.35998,1.3093167812963922,1.44913,1.3995344691613256,-0.07741347905282348,-7.741347905282348,-0.11913043478260876,-11.913043478260871,-0.33486539724228503,-33.4865397242285,25.125628140703498,22.90598290598291,37.933634992458515,1.1039938544414556,1.205310883084235,-0.10131702864277936,-0.08958400357068422,-0.011733025072095143,-1.1582453180745456,1.1944500000000002,0.1393973778353414,1.4732447556706831,0.9156552443293174,0.46681695453251754,0.17458139669181538,0.07514285714285719,7.417853617261323,0.10835714285714289,10.696657735157245,0.16200000000000003,15.99210266535045,31473.22,1.2424413517269601,-209618.9000000001,1.541467968351227,42.888827691706226,-96.70753547320567,19.165140953157874,3.473945409429257,19.709667656003482,-96.52605459057074,False,False,False
1759449600000,1.013,1.033,0.835,0.965,91096.9,2025-10-03,-0.047384007897334546,-0.048543402909697345,0.047384007897334546,0.04449769395030491,0.8501272492495907,0.03473162927373506,0.6635468455828738,0.05107970226523388,0.9758763415409264,0.047191972920422806,0.9016013766984279,1.0084,1.0154033453105025,1.0634000000000001,1.0641024223751243,1.17055,1.147457491145065,1.34548,1.2957806365115783,1.44804,1.3904790273941112,-0.12590579710144933,-12.590579710144938,-0.21799027552674233,-21.799027552674232,-0.33125433125433135,-33.125433125433126,21.459227467811147,24.14414414414415,35.814296241709656,1.0826101845271052,1.1875099043935167,-0.10489971986641144,-0.09264714682982966,-0.012252573036581782,-1.2696966877286822,1.17055,0.13546157932670327,1.4414731586534066,0.8996268413465934,0.4628989084676547,0.12064889354298197,0.08928571428571433,9.252405625462625,0.11564285714285716,11.983715766099188,0.1615714285714286,16.743153219837158,35157.877499999995,2.591080761345733,-300715.8000000001,1.5275424498731465,42.644056300078844,-130.06984291336516,16.08850252555692,22.927689594356263,11.985258377058017,-77.07231040564373,False,True,False
1759536000000,0.965,1.0,0.883,0.905,37760.95,2025-10-04,-0.062176165803108696,-0.06419315763905968,0.062176165803108696,0.04084928843573149,0.7804245597638115,0.03534416275213922,0.6752492812562946,0.051934688933462515,0.9922108389020261,0.04700633034994012,0.8980546803693029,0.9854,0.9786022302070018,1.0375,1.0351747092160088,1.14595,1.1243662952007876,1.3321399999999999,1.2804193513196789,1.44566,1.3803724160087676,-0.11274509803921573,-11.274509803921568,-0.22250859106529197,-22.2508591065292,-0.3521832498210451,-35.21832498210451,15.331010452961678,23.024054982817873,31.64464023494861,1.0552855407534014,1.1665830569996696,-0.11129751624626816,-0.09637722071311737,-0.014920295533150787,-1.648651440127159,1.14595,0.13684046608330178,1.4196309321666036,0.8722690678333964,0.4776489937023493,0.05979761159735932,0.09328571428571433,10.307813733228102,0.11450000000000002,12.65193370165746,0.16109523809523812,17.800578795053937,35614.705,1.0602628886017726,-338476.7500000001,1.521815103904122,41.36675205122453,-128.24249203942756,15.823316074982287,12.345679012345691,12.9157713387104,-87.65432098765432,False,False,True
1759622400000,0.905,1.0,0.885,0.921,41213.46,2025-10-05,0.017679558011049812,0.01752509255538081,0.017679558011049812,0.044827004826436,0.8564187247041604,0.036949461343950156,0.7059184677899738,0.052615588740566745,1.0052194114513038,0.04712955457055603,0.9004088757986239,0.9696,0.9594014868046679,1.0182,1.0144156711767334,1.1232,1.1049980718205803,1.319,1.2662921755243632,1.4431299999999998,1.3708189918426137,-0.07899999999999996,-7.899999999999996,-0.17324955116696594,-17.324955116696593,-0.33066860465116266,-33.06686046511627,27.39726027397262,27.075812274368246,33.13565604151225,1.034626226791146,1.1483915682769947,-0.11376534148584883,-0.09985484486766368,-0.01391049661818515,-1.5103687967627741,1.1232,0.1343814680205904,1.3919629360411807,0.8544370639588192,0.478566481554809,0.12383205999614062,0.09628571428571432,10.45447494958896,0.11600000000000002,12.595005428881652,0.1613809523809524,17.52236182203609,36475.149,1.1299051855826552,-297263.2900000001,1.5157500250880478,39.81051702160015,-116.45538347513228,23.548838808981202,15.16754850088185,16.813639035861264,-84.83245149911815,False,False,False
1759708800000,0.921,1.0,0.894,0.987,31298.91,2025-10-06,0.07166123778501632,0.06921000317817477,0.07166123778501632,0.05464079041385265,1.0439108350924702,0.04661484392988932,0.8905753428160347,0.05530042479448916,1.056513132239537,0.048467201395193095,0.9259645825003274,0.9582,0.9686009912031119,1.0057,1.0094310036900545,1.10155,1.0937601577042193,1.3069799999999998,1.255315428984506,1.44126,1.362844760578877,-0.054597701149425304,-5.4597701149425335,-0.11241007194244612,-11.241007194244613,-0.30492957746478866,-30.492957746478872,47.54716981132076,36.30252100840336,28.864353312302853,1.0272991149770652,1.136436545308765,-0.10913743033169987,-0.10171136196047091,-0.007426068371228958,-0.7523878795571386,1.10155,0.11791945288382916,1.3373889057676585,0.8657110942323417,0.4281946453046314,0.2571435475687556,0.0942857142857143,9.552757273122017,0.11735714285714287,11.89028803010566,0.16052380952380954,16.263810488734503,37200.134000000005,0.8413655176618449,-265964.3800000001,1.511421962640222,37.85040907123056,-95.97569194567242,29.83260044427368,26.80776014109348,18.106995884773667,-73.19223985890652,False,False,False
1759795200000,0.987,0.989,0.917,0.917,13058.86,2025-10-07,-0.07092198581560283,-0.07356256717701673,0.07092198581560283,0.061089274849637276,1.1671089572545923,0.050353336789616,0.9619991486143328,0.04924621435727588,0.9408476042435401,0.049229755613447126,0.9405331603842051,0.9390000000000001,0.9514006608020745,0.9875999999999999,0.9926253666554984,1.0862,1.076925853562651,1.2943,1.242020097213247,1.43845,1.3535908943081671,-0.0947680157946692,-9.476801579466917,-0.1648451730418944,-16.48451730418944,-0.2508169934640523,-25.081699346405223,28.178694158075587,22.719449225473326,29.093799682034984,1.0103300203650951,1.1201818705939708,-0.10985185022887567,-0.10333945961415185,-0.00651239061472382,-0.7101843636558146,1.0862,0.12108005181436361,1.3283601036287274,0.8440398963712729,0.4458849265857618,0.15064435168186802,0.0982857142857143,10.718180401931766,0.101,11.014176663031625,0.15795238095238096,17.22490522926728,29315.3235,0.44546191004851105,-279023.2400000001,1.5095733872293382,41.812379918550725,-97.82271438506373,23.46671496227019,16.432865731462936,19.46939145781275,-83.56713426853706,False,False,True
1759881600000,0.917,0.99,0.832,0.891,50469.3,2025-10-08,-0.028353326063249806,-0.028763044785655622,0.028353326063249806,0.05938776062622285,1.1346015736601567,0.049831780741439076,0.952034834304892,0.04334000751340006,0.8280096809279914,0.04843504855151749,0.9253503032844198,0.9242000000000001,0.931267107201383,0.9663,0.974148027263589,1.06425,1.0592186261706695,1.28338,1.2282266334637382,1.4355499999999999,1.3439985979317315,-0.0766839378238342,-7.668393782383415,-0.19293478260869568,-19.29347826086957,-0.33007518796992485,-33.007518796992485,28.67132867132868,24.581005586592184,29.563812600969314,0.9919715556934378,1.1032053237482495,-0.11123376805481178,-0.10491832130228383,-0.006315446752527945,-0.7088043493297357,1.06425,0.11415035099192432,1.2925507019838485,0.8359492980161513,0.4290358505686608,0.12056621268677348,0.11442857142857144,12.842712842712844,0.0997857142857143,11.199294532627867,0.12633333333333335,14.178825289936404,29678.771499999995,1.7005185002350927,-329492.5400000001,1.5020867802004612,45.77102007073669,-111.73454793495733,21.853192267237418,15.902964959568743,19.714530277375047,-84.09703504043125,True,True,False
1759968000000,0.891,0.958,0.839,0.902,23185.41,2025-10-09,0.012345679012345734,0.012270092591814401,0.012345679012345734,0.053462585029545595,1.021401252831182,0.04652709757937102,0.8888989511432185,0.04282097299934381,0.8180935404602849,0.04810381193266282,0.919022036566775,0.9236000000000001,0.921511404800922,0.9545,0.9610302041247543,1.04675,1.0442454211969974,1.27164,1.2154084593548604,1.4338499999999998,1.3348418567360367,-0.0033149171270718814,-0.3314917127071826,-0.11568627450980395,-11.568627450980392,-0.2795527156549521,-27.955271565495206,37.34939759036145,28.714859437751002,30.70032573289903,0.9781297778943808,1.0883011346590605,-0.1101713567646797,-0.105968928394763,-0.0042024283699167025,-0.465901149658171,1.04675,0.11062638640225776,1.2680027728045156,0.8254972271954846,0.42274234115980985,0.17288545547880727,0.12642857142857142,14.016471333544503,0.10078571428571433,11.173582515045934,0.11438095238095239,12.680815119839512,30218.517499999998,0.7672583540870264,-306307.1300000001,1.4986828282949953,49.460495459204985,-106.13047179891552,22.293913949814538,21.212121212121236,17.849317301050966,-78.78787878787877,False,False,True
1760054400000,0.902,0.96,0.687,0.732,76912.32,2025-10-10,-0.188470066518847,-0.20883400610131211,0.188470066518847,0.09790388371841822,1.8704510721239378,0.07300705277324687,1.394797784785312,0.05774766392744598,1.1032675702263683,0.05409708394247881,1.0335233375420476,0.8858,0.8583409365339479,0.9277000000000001,0.9193883488293435,1.0224,1.0145077575768358,1.25568,1.1964157136370939,1.43001,1.3223643911309733,-0.2052117263843649,-20.52117263843649,-0.268,-26.8,-0.39950779327317476,-39.95077932731748,25.905292479108624,21.471471471471475,24.593796159527344,0.9402636582181683,1.0619083087532342,-0.1216446505350659,-0.10910407282282358,-0.012540577712242318,-1.7131936765358358,1.0224,0.12355795571736063,1.2695159114347212,0.7752840885652788,0.48340358261878175,-0.08757851389248321,0.13714285714285712,18.73536299765808,0.11321428571428571,15.466432474629196,0.12280952380952381,16.777257351027846,32933.4,2.335389604474485,-383219.4500000001,1.4856987980843226,51.99765074832597,-161.95398804094458,20.67765015261945,9.933774834437074,15.682953668709013,-90.06622516556293,True,True,False
1760140800000,0.732,0.822,0.675,0.735,112913.3,2025-10-11,0.004098360655737654,0.004089985251525066,0.004098360655737654,0.0818583138959326,1.5639008910950962,0.06963945543229655,1.3304599279237943,0.05798505558555265,1.1078029314863564,0.051765337459870754,0.9889753835419862,0.8353999999999999,0.817227291022632,0.8968,0.8858631944967351,1.0004,0.9878879675299672,1.2368000000000001,1.178288379080544,1.42594,1.3102181542685947,-0.25531914893617025,-25.53191489361702,-0.29597701149425293,-29.597701149425294,-0.37446808510638296,-37.4468085106383,23.121387283237,22.29007633587787,28.940568475452196,0.9086846338768029,1.0376927516688388,-0.12900811779203591,-0.11308488181666604,-0.015923235975369876,-2.1664266633156295,1.0004,0.13371155128622608,1.2678231025724522,0.7329768974275478,0.5346323522040228,0.0037825875045782217,0.1414285714285714,19.241982507288625,0.11735714285714285,15.966958211856172,0.12347619047619048,16.799481697440882,37715.1615,2.99384373576128,-270306.15000000014,1.4661913071911141,54.509187136545556,-170.43945671823275,18.244557289940516,13.483146067415715,14.876347371324671,-86.51685393258428,False,True,False
1760227200000,0.735,0.949,0.72,0.83,49062.41,2025-10-12,0.12925170068027203,0.12155520157780686,0.12925170068027203,0.1142237529687825,2.182241736364193,0.0863815282726433,1.6503167804248606,0.06707117389915954,1.281392978128538,0.05563666493552612,1.0629369911142525,0.818,0.8214848606817546,0.8785000000000001,0.8757062500427831,0.9843999999999999,0.9728510163958971,1.22004,1.164606370123637,1.4231800000000001,1.300296321716906,-0.09487459105779728,-9.487459105779724,-0.18065153010858837,-18.065153010858833,-0.27826086956521734,-27.82608695652174,29.066666666666663,31.586021505376337,28.26086956521739,0.8965793055880288,1.0223080288015858,-0.125728723213557,-0.11561365009604425,-0.010115073117512738,-1.2186835081340648,0.9843999999999999,0.13401351070930217,1.2524270214186042,0.7163729785813956,0.5445490073518983,0.21196933954122077,0.15771428571428567,19.001721170395864,0.127,15.301204819277109,0.1299047619047619,15.651176133103844,39018.4935,1.2574142566524258,-221243.74000000014,1.4590368365968307,54.0302716871052,-101.65693545841877,25.119338555919285,34.83146067415728,19.41612719200335,-65.16853932584272,True,False,False
1760313600000,0.83,0.99,0.81,0.91,39006.16,2025-10-13,0.09638554216867479,0.09201889872025219,0.09638554216867479,0.12360372233036741,2.361445799395306,0.09237588953427538,1.76483889152686,0.06884445979633404,1.315271557624852,0.05762291198877638,1.1008841877846134,0.8218,0.8509899071211698,0.873,0.8819414773077318,0.9681999999999998,0.9668652046458944,1.2060000000000002,1.1546052032554561,1.42077,1.2922392945291548,0.021324354657688005,2.132435465768801,-0.05699481865284972,-5.699481865284968,-0.2625607779578606,-26.25607779578606,49.090909090909086,42.56756756756757,35.15625,0.8986440278052603,1.0139888782080986,-0.11534485040283826,-0.11555989015740306,0.00021503975456479973,0.023630742259868102,0.9681999999999998,0.12122601770421128,1.2106520354084225,0.7257479645915773,0.5008304800835006,0.3799762602488384,0.16828571428571423,18.492935635792772,0.13128571428571426,14.427001569858708,0.13433333333333333,14.761904761904763,39565.636000000006,0.9858595474112939,-182237.58000000013,1.4540893330259461,53.01686630476778,-51.185757006745895,30.66779194417461,63.68563685636857,37.33341453264718,-36.31436314363144,True,False,False
1760400000000,0.91,0.936,0.858,0.884,45774.56,2025-10-14,-0.02857142857142858,-0.028987536873252298,0.02857142857142858,0.12481790321754734,2.3846426926739213,0.09053029066036404,1.7295787745498175,0.06818352955614422,1.3026445031157814,0.05621078328339261,1.0739055067492547,0.8182,0.8619932714141133,0.8709,0.8823157541608715,0.9541999999999999,0.9589732796010267,1.19466,1.143976280984988,1.41827,1.2838189488100138,-0.019955654101995624,-1.9955654101995581,-0.023204419889502836,-2.320441988950278,-0.24054982817869408,-24.054982817869412,49.090909090909086,42.22520107238606,35.37117903930131,0.8963911004506002,1.0043600323882234,-0.10796893193762314,-0.1140416985134471,0.006072766575823965,0.6869645447764666,0.9541999999999999,0.11333490194993205,1.180869803899864,0.7275301961001358,0.47509914881547705,0.345149202072341,0.16914285714285712,19.133807369101486,0.1337142857142857,15.126050420168067,0.12371428571428573,13.994828700711057,41323.623999999996,1.1077092367310284,-228012.14000000013,1.44828423005332,51.79822778574903,-53.47867149378254,29.72072903717239,56.63956639566394,51.71888797539659,-43.36043360433605,False,False,True
1760486400000,0.884,0.898,0.826,0.836,17392.1,2025-10-15,-0.05429864253393668,-0.05582844955294184,0.05429864253393668,0.07978681535537362,1.5243249670466124,0.09195212611139875,1.7567429027004495,0.06850636548504424,1.3088122748771949,0.056165071433688055,1.0730321830868903,0.8390000000000001,0.8533288476094089,0.8623999999999998,0.873894707949804,0.9403,0.9472615376220613,1.1812399999999998,1.1318802427640318,1.41513,1.2745898379608362,0.14207650273224037,14.207650273224044,-0.09229098805646041,-9.229098805646045,-0.24955116696588875,-24.955116696588878,42.18009478672985,36.13333333333333,35.248041775456926,0.8871001619197222,0.9918888708760749,-0.10478870895635273,-0.11219110060202823,0.007402391645675507,0.8854535461334339,0.9403,0.10969388026878155,1.159687760537563,0.720912239462437,0.46663354362982673,0.2622930291452105,0.15685714285714283,18.76281613123718,0.13564285714285715,16.225222146274778,0.11880952380952381,14.211665527455002,40864.038499999995,0.42560893730559696,-245404.24000000014,1.4459559989414976,54.83789928167091,-79.2042681196436,24.724845837209486,43.63143631436312,54.652213188798534,-56.36856368563687,False,True,False
1760572800000,0.836,0.877,0.755,0.794,23869.44,2025-10-16,-0.05023923444976064,-0.051545151837565764,0.05023923444976064,0.08742502619625099,1.6702527802630767,0.08857692779999803,1.6922598295023765,0.06898307360265031,1.3179197706761456,0.056423132910494715,1.0779624406786645,0.8507999999999999,0.8335525650729393,0.8431,0.8593683974134758,0.9244000000000001,0.9326651995052474,1.1669399999999999,1.118610498950676,1.4077600000000001,1.2646933380109824,0.08027210884353742,8.027210884353748,-0.19554204660587637,-19.554204660587633,-0.28597122302158273,-28.59712230215828,60.54421768707484,35.61103810775296,34.73413379073757,0.8727770600858974,0.9772303837547013,-0.10445332366880389,-0.11064354521538337,0.006190221546579486,0.7796248799218496,0.9244000000000001,0.1064965529464425,1.137393105892885,0.7114068941071151,0.4608245475830483,0.1938868057410772,0.15728571428571428,19.809283915077362,0.14185714285714285,17.86613889888449,0.11961904761904762,15.065371236655873,40953.938,0.5828362586279248,-269273.6800000001,1.442551559816274,57.518760799699415,-108.83114960396779,25.62961538988337,33.240223463687165,44.50374205790474,-66.75977653631284,False,True,False
1760659200000,0.794,0.918,0.749,0.835,44861.75,2025-10-17,0.05163727959697728,0.05034826360371971,0.05163727959697728,0.0674550750127668,1.288727398605682,0.08890026860085104,1.6984372468289086,0.0705477979532572,1.3478137874200442,0.05711813167395086,1.0912403734108347,0.8518000000000001,0.8340350433819594,0.8349,0.8549377797019346,0.9112499999999999,0.9233637512412066,1.15374,1.107472762628528,1.4003800000000002,1.2558519078082975,0.006024096385542244,0.6024096385542175,-0.08942202835332613,-8.942202835332614,-0.23952641165755928,-23.952641165755928,65.06024096385542,41.37931034482757,32.23508459483527,0.8669652046880597,0.9666947650061174,-0.09972956031805769,-0.10846074823591824,0.008731187917860553,1.0456512476479705,0.9112499999999999,0.09996992968941222,1.1111898593788243,0.7113101406211755,0.4388254801181332,0.3093176612284955,0.14242857142857143,17.057313943541487,0.13978571428571426,16.740804106073565,0.12295238095238097,14.724836042201314,42422.856,1.0574900944905736,-224411.9300000001,1.4365023086038362,56.729392420768896,-78.42039800995029,35.29484173049363,49.23076923076921,42.03414300293983,-50.76923076923079,True,True,False
1760745600000,0.835,0.918,0.751,0.788,30954.43,2025-10-18,-0.05628742514970053,-0.05793363499297628,0.05628742514970053,0.04562838861386319,0.8717291404654703,0.09012435440270652,1.7218233732366963,0.07113064357120447,1.3589490373158266,0.057400548331030504,1.0966359360683853,0.8273999999999999,0.8186900289213064,0.8246,0.8427672743015829,0.89545,0.9104719645408029,1.1406,1.094927367657087,1.3925,1.2462327682875436,-0.13406593406593403,-13.406593406593407,-0.1156004489337823,-11.560044893378224,-0.28623188405797106,-28.623188405797105,42.605633802816904,42.10526315789473,32.90909090909091,0.8548167116591145,0.9534580753018806,-0.0986413636427661,-0.10649687131728781,0.007855507674521714,0.9968918368682378,0.89545,0.09260298676552238,1.0806559735310448,0.7102440264689552,0.41366011174503275,0.20991756380366183,0.1452857142857143,18.437273386511965,0.14335714285714282,18.192530819434367,0.12666666666666668,16.074450084602372,42381.945999999996,0.7303683035224481,-255366.3600000001,1.4322958091420344,56.59536290534827,-85.4159971654348,35.97392912071078,34.76923076923077,39.08007448789571,-65.23076923076923,False,False,False
1760832000000,0.788,0.832,0.772,0.813,14984.89,2025-10-19,0.031725888324873,0.03123301968993137,0.031725888324873,0.05271020222871129,1.0070269996042553,0.09082603171809621,1.7352288995244014,0.0702779930284816,1.3426591715698468,0.05770504434420111,1.102453324231765,0.8131999999999999,0.8167933526142042,0.8157,0.837355042610386,0.8851000000000001,0.9011889197333833,1.1280999999999999,1.083856935906556,1.3807000000000003,1.2373321548182676,-0.08031674208144801,-8.031674208144803,-0.09866962305986704,-9.866962305986705,-0.2029411764705883,-20.29411764705883,28.820960698689916,42.79999999999999,35.999999999999986,0.8483833714038602,0.9430537439922118,-0.09467037258835154,-0.10413157157150056,0.009461198983149025,1.1637391123184533,0.8851000000000001,0.08946442986196863,1.0640288597239373,0.7061711402760629,0.4043133199049536,0.298523278717473,0.12114285714285715,14.900720435775789,0.13942857142857143,17.149885784572135,0.12504761904761905,15.381010952966673,41954.3245,0.3571715235219673,-240381.4700000001,1.4302361575306557,56.58943460810344,-89.00169204737729,29.92465419706157,42.46153846153844,42.15384615384614,-57.53846153846156,False,False,True
1760918400000,0.813,0.875,0.776,0.8,18075.28,2025-10-20,-0.01599015990159891,-0.01611938187988319,0.01599015990159891,0.048255256370527556,0.9219153784896145,0.06518208374201115,1.2453019613519254,0.0702535277589518,1.3421917632517721,0.05769464166216759,1.102254581270571,0.806,0.8111955684094694,0.8225,0.8305632166812249,0.8751,0.8915518792276798,1.11534,1.0727113073900174,1.36987,1.2283539886764578,-0.04306220095693769,-4.306220095693771,0.09289617486338808,9.289617486338807,-0.19999999999999996,-19.999999999999996,30.55555555555553,36.58536585365854,35.63535911602209,0.8409397758032606,0.9324571426044395,-0.09151736680117883,-0.10160873061743624,0.010091363816257401,1.261420477032175,0.8751,0.08709154288509341,1.049283085770187,0.7009169142298132,0.3980872717865087,0.2844222369011042,0.10957142857142858,13.696428571428573,0.13892857142857143,17.366071428571427,0.12404761904761905,15.505952380952378,41766.38,0.43277104695211793,-258456.7500000001,1.4278144374366326,56.26334861264813,-68.85475222132995,27.618013143419702,39.68253968253969,38.971102971102965,-60.317460317460316,True,False,False
1761004800000,0.8,0.831,0.783,0.812,26511.08,2025-10-21,0.014999999999999902,0.014888612493750559,0.014999999999999902,0.0423845742903633,0.8097561548318072,0.06514923724196849,1.2446744298497325,0.06940313700937722,1.3259450707932705,0.05777358946800859,1.1037628769833525,0.8096,0.8114637122729796,0.8301999999999999,0.8271880863755476,0.8634999999999999,0.883975509399657,1.10346,1.0624749951130088,1.3603300000000003,1.2198127047573786,0.02267002518891692,2.26700251889169,0.10476190476190483,10.476190476190487,-0.2222222222222222,-22.22222222222222,43.33333333333334,41.78403755868545,36.808118081180815,0.8364875026027561,0.9235343696578324,-0.08704686705507636,-0.09869635790496427,0.011649490849887909,1.4346663608236339,0.8634999999999999,0.07843099548413493,1.0203619909682697,0.7066380090317301,0.36331671330230414,0.3358429608023484,0.10528571428571429,12.96622097114708,0.1372142857142857,16.898311048557353,0.12423809523809523,15.300258034248179,41375.257,0.6407471982590949,-231945.6700000001,1.4242489028206116,50.9753526195489,-69.91959064327484,27.08447738801179,43.4920634920635,41.878713878713874,-56.5079365079365,False,False,True
1761091200000,0.812,0.918,0.795,0.89,47381.22,2025-10-22,0.09605911330049266,0.09172112256450761,0.09605911330049266,0.05676395318190779,1.0844738028213519,0.059065314392935005,1.12844124702296,0.07313355974365021,1.3972146970612604,0.05964340771155359,1.1394857043675504,0.8206,0.8376424748486531,0.8362,0.8386084343072662,0.85735,0.8845492704350973,1.09364,1.055703427089048,1.35313,1.2130515872005787,0.06586826347305386,6.586826347305395,0.07228915662650603,7.228915662650609,-0.12142152023691999,-12.142152023691994,72.22222222222226,49.927641099855286,40.7439446366782,0.8447201945100288,0.9210503366969466,-0.0763301421869178,-0.09422311476135499,0.017892972574437185,2.0104463566783353,0.85735,0.0705141083307804,0.9983782166615607,0.7163217833384392,0.32898633384629555,0.6157569767699519,0.11257142857142856,12.64847512038523,0.1347142857142857,15.136436597110754,0.12795238095238096,14.376672017121455,41789.1365,1.1338166798445333,-184564.4500000001,1.4185787926939597,45.21896689694303,3.7048665620094297,36.109384344314485,68.25396825396825,50.47619047619048,-31.746031746031743,True,False,False
1761177600000,0.89,0.909,0.802,0.839,19813.04,2025-10-23,-0.05730337078651693,-0.059010756258979426,0.05730337078651693,0.05707984287086475,1.090508866854989,0.053391143364061165,1.0200363617285573,0.07347721367644666,1.4037801962286627,0.06004900953458031,1.1472347163160217,0.8308,0.8380949832324354,0.8291000000000001,0.8386796280695814,0.8510499999999999,0.8802112445023124,1.08274,1.0471957864683992,1.34471,1.2053889259995278,0.06472081218274095,6.472081218274103,-0.07802197802197808,-7.802197802197809,-0.13056994818652845,-13.05699481865285,50.8849557522124,45.6908344733242,41.941228851291186,0.8438401645854087,0.9149725213397603,-0.07113235675435159,-0.08960496315995432,0.018472606405602734,2.2017409303459754,0.8510499999999999,0.0658654729453651,0.9827809458907301,0.7193190541092697,0.30957275340045876,0.45426283505929094,0.11042857142857142,13.161927464668825,0.13385714285714284,15.954367444236334,0.13138095238095235,15.659231511436515,38224.9435,0.5183275156443331,-204377.4900000001,1.4161669358149902,39.55270953337308,-13.504388926401237,36.421333669212125,52.06349206349204,54.60317460317459,-47.93650793650795,False,False,True
1761264000000,0.839,0.861,0.777,0.81,20622.1,2025-10-24,-0.0345649582836709,-0.03517645880072159,0.0345649582836709,0.059549144215483595,1.1376848028037945,0.05369513949106531,1.0258441995801364,0.07258731035521318,1.3867786171485605,0.05972101588005066,1.1409684063448124,0.8301999999999999,0.8287299888216236,0.8217000000000001,0.8334651502387485,0.8463,0.8735244590646803,1.0729,1.0378840354699128,1.33377,1.197294690344375,-0.0036900369003688427,-0.36900369003688704,-0.08371040723981893,-8.371040723981896,-0.10497237569060769,-10.49723756906077,55.288461538461554,56.61016949152544,41.6077738515901,0.8386339854184207,0.9071967640462728,-0.0685627786278521,-0.08539652625353389,0.016833747625681794,2.0782404476150362,0.8463,0.06519210478513965,0.9766842095702793,0.7159157904297208,0.30812763693791634,0.36079602691293045,0.09828571428571427,12.134038800705465,0.12035714285714286,14.85890652557319,0.12595238095238093,15.549676660787767,37368.001000000004,0.5518652175159168,-224999.5900000001,1.4135287737480369,35.852544664105906,-54.41211260941567,40.24253620401434,42.85714285714287,54.39153439153438,-57.14285714285713,False,True,False
1761350400000,0.81,0.828,0.77,0.797,11916.54,2025-10-25,-0.016049382716049387,-0.016179568876269416,0.016049382716049387,0.05955328474903236,1.137763907586172,0.051293860493301514,0.979967828743266,0.0724743297505787,1.3846201257277753,0.05960530137143906,1.1387576837618822,0.8296000000000001,0.8181533258810824,0.8178000000000001,0.8268351229226124,0.8401000000000002,0.8662364151007276,1.0622999999999998,1.0284278893426775,1.3244799999999999,1.1891055094127954,-0.003750000000000031,-0.37500000000000033,-0.046650717703349165,-4.66507177033492,-0.1346362649294245,-13.463626492942455,45.91836734693879,55.16666666666667,38.78292461398728,0.8322287568925076,0.899034026230674,-0.06680526933816633,-0.08167827487046038,0.01487300553229405,1.866123655243921,0.8401000000000002,0.06359071431718052,0.9672814286343612,0.7129185713656392,0.30277688045318646,0.3305570221108694,0.08271428571428567,10.378203979207736,0.11399999999999999,14.303638644918443,0.12314285714285711,15.450797633984582,35903.155,0.33190787829091906,-236916.13000000012,1.4119700898172272,32.25902904527384,-73.63571669350901,48.89558340891817,28.518518518518544,41.14638447971782,-71.48148148148145,False,True,False
1761436800000,0.797,0.89,0.751,0.85,31631.46,2025-10-26,0.06649937264742767,0.06438167069414692,0.06649937264742767,0.06668656592709644,1.2740450531395575,0.05276335086093213,1.008042402797098,0.07219695146840285,1.379320821087605,0.060526705489199216,1.1563610847146033,0.8371999999999999,0.8287688839207216,0.8234,0.8310469187548646,0.8332499999999999,0.864690089806294,1.05272,1.0214238047494992,1.3161500000000002,1.1821726766782836,0.046798029556650134,4.679802955665015,0.07052896725440805,7.052896725440798,-0.13880445795339413,-13.880445795339414,60.593220338983045,51.792114695340494,42.742653606411395,0.8349627942936609,0.8954018701436071,-0.06043907584994612,-0.07743043506635754,0.016991359216411414,1.9989834372248723,0.8332499999999999,0.05351426273238128,0.9402785254647625,0.7262214745352373,0.2568941505304833,0.5782501670805261,0.09399999999999997,11.058823529411761,0.10757142857142857,12.65546218487395,0.12428571428571426,14.621848739495796,35919.7825,0.8806139068353211,-205284.67000000013,1.4080845187365918,31.14661812962623,-18.483165567511175,46.64649589883009,41.90871369294605,37.76145835620248,-58.09128630705395,True,True,False
1761523200000,0.85,0.887,0.81,0.85,21571.69,2025-10-27,0.0,0.0,0.0,0.04694429179706824,0.8968694354808983,0.05050455329511739,0.9648881358954848,0.07050552082112455,1.3470060839447533,0.06053422034371734,1.1565046558085827,0.8291999999999999,0.8358459226138143,0.8249000000000001,0.8344929335267074,0.8299,0.8632910335960007,1.04338,1.0146949221682657,1.30737,1.175385942455121,-0.0449438202247191,-4.494382022471914,0.017964071856287456,1.7964071856287442,-0.07306434023991282,-7.306434023991281,58.482142857142854,43.723849372384926,44.65116279069767,0.8372762105561752,0.8920387635109664,-0.054762552954791266,-0.07289685864404429,0.01813430568925302,2.133447728147414,0.8299,0.04997567829508164,0.9298513565901633,0.7299486434098367,0.24087566355021883,0.6005489104185813,0.09085714285714283,10.689075630252098,0.10021428571428571,11.789915966386555,0.12290476190476188,14.459383753501399,36345.424,0.5935187329221967,-205284.67000000013,1.40554897367599,29.959988953866624,25.570868801513413,43.779743401296436,54.010695187165744,41.47930913287678,-45.989304812834256,False,False,True
1761609600000,0.85,0.905,0.832,0.9,34882.61,2025-10-28,0.05882352941176472,0.05715841383994862,0.05882352941176472,0.0453277491790652,0.865985432128445,0.048595353040463606,0.928412916245494,0.07143724330790079,1.3648066170607316,0.061190183592935446,1.1690368160883806,0.8413999999999999,0.8572306150758763,0.8361000000000001,0.8464033092491242,0.8303499999999999,0.8667871257209909,1.0347199999999999,1.0101929806746657,1.2980500000000001,1.1697629764245148,0.07270560190703224,7.270560190703225,0.14213197969543145,14.213197969543145,0.010101010101010166,1.010101010101011,52.55102040816326,51.593625498007974,49.76525821596245,0.8469260243167657,0.892628485566999,-0.04570246125023336,-0.06745797916528211,0.021755517915048747,2.4172797683387497,0.8303499999999999,0.05059152727067854,0.931533054541357,0.7291669454586428,0.2437118192120362,0.844178184359574,0.09442857142857142,10.49206349206349,0.09985714285714284,11.095238095238093,0.12295238095238092,13.661375661375658,35566.0895,0.9807828324786733,-170402.0600000001,1.4017155739447864,29.017743970170866,93.24975208953119,55.30731837363309,89.34911242603549,61.75617376871575,-10.650887573964503,True,False,False
1761696000000,0.9,0.918,0.848,0.871,32283.14,2025-10-29,-0.03222222222222226,-0.032752786471807994,0.03222222222222226,0.04469577157813545,0.8539115170157703,0.050244560216595124,0.9599209751047502,0.07182452816490517,1.372205683864707,0.06124004453129484,1.1699894079781945,0.8535999999999999,0.8618204100505841,0.8419000000000001,0.8508754348401927,0.8288,0.8671883518517844,1.0251400000000002,1.004729650336048,1.28873,1.1636664451732168,0.07530864197530862,7.530864197530857,0.07134071340713422,7.134071340713414,-0.03436807095343686,-3.4368070953436836,59.19540229885059,53.6231884057971,47.680890538033395,0.8506297128834177,0.8910263734255182,-0.04039666054210045,-0.06204571544064578,0.02164905489854533,2.4855401720488324,0.8288,0.04872111830019829,0.9262422366003966,0.7313577633996033,0.23514053233686447,0.7165385436146087,0.08685714285714285,9.972117434804002,0.09971428571428571,11.448253239298015,0.11876190476190475,13.635121097807664,36020.976,0.8962316845606848,-202685.20000000013,1.3982172402024466,28.860729261522813,99.37315634218272,58.138921685077946,72.18934911242602,71.84971890854241,-27.810650887573985,True,False,False
1761782400000,0.871,0.878,0.786,0.809,32408.55,2025-10-30,-0.07118254879448904,-0.07384305979401105,0.07118254879448904,0.058931146559135505,1.125877974157334,0.055889923156417304,1.067775482630611,0.05924661149364518,1.1319049232686502,0.06150959425650264,1.1751391482474947,0.8560000000000001,0.8442136067003894,0.8428000000000001,0.8432617194147031,0.8326499999999999,0.8616466039441179,1.01322,0.9970475172635742,1.2793400000000001,1.1564335208111847,0.01505646173149322,1.5056461731493112,0.011249999999999982,1.1250000000000009,0.10519125683060127,10.519125683060118,49.7584541062802,51.491053677932406,41.71322160148976,0.8442251416705833,0.8849503383918556,-0.04072519672127228,-0.05778161169677108,0.0170564149754988,2.1083331242890977,0.8326499999999999,0.04342358684790677,0.9194971736958134,0.7458028263041864,0.20860427237329857,0.36384128006954425,0.08471428571428571,10.471481546883277,0.09757142857142856,12.060745188062862,0.11747619047619046,14.521160751074222,33795.7875,0.9589523546388733,-235093.75000000012,1.3943872683855352,28.56794491226076,-26.123422591566346,56.68923129942542,35.502958579881685,65.68047337278105,-64.49704142011832,False,True,False
1761868800000,0.809,0.825,0.769,0.781,23946.8,2025-10-31,-0.034610630407911014,-0.03522376721880574,0.034610630407911014,0.04875720379833041,0.9315050706328187,0.05685123834059428,1.0861413834365927,0.05996191033051122,1.1455706883587577,0.06159476802448842,1.1767663908000379,0.8422000000000001,0.8231424044669263,0.8397,0.831941406793848,0.8349500000000001,0.8539659748562912,1.00132,0.9885682143366888,1.27159,1.1487816080848947,-0.08117647058823518,-8.117647058823524,-0.03817733990147787,-3.817733990147786,0.0625850340136056,6.25850340136055,46.3963963963964,44.48979591836735,43.41085271317829,0.8344981967981846,0.8772503046748353,-0.042752107876650736,-0.054775710932747024,0.012023603056096288,1.5395138356077194,0.8349500000000001,0.03896891473713799,0.912887829474276,0.7570121705257241,0.18668861482550084,0.15389079755033014,0.08071428571428571,10.334735686848362,0.08949999999999998,11.459667093469909,0.10714285714285712,13.718675690506673,29347.4625,0.8159751460624576,-259040.5500000001,1.3914296707417477,29.142426201782563,-114.59878068874644,47.02352117976295,17.964071856287436,41.885459849531706,-82.03592814371257,False,True,False
1761955200000,0.781,0.848,0.75,0.848,21799.25,2025-11-01,0.08578745198463511,0.08230548595221714,0.08578745198463511,0.06729434744183779,1.285656702674674,0.054934017555043034,1.0495129317589604,0.05585745302689046,1.0671551416770269,0.06085192659726055,1.1625744252599102,0.8417999999999999,0.8314282696446176,0.8355,0.8348611510131483,0.83585,0.853397786765318,0.9878199999999999,0.9830514526097918,1.26322,1.1426547670465703,-0.0023529411764705577,-0.23529411764705901,-0.04719101123595515,-4.71910112359551,0.02168674698795181,2.168674698795183,49.57627118644068,55.88235294117647,47.99627213420317,0.8365753972907718,0.8750836131857095,-0.03850821589493769,-0.051522211925185156,0.013013996030247464,1.5346693431895595,0.83585,0.03905633582943884,0.9139626716588777,0.7577373283411223,0.18690595599420398,0.5777722726797754,0.08642857142857142,10.192048517520215,0.08457142857142855,9.973045822102424,0.1048095238095238,12.359613656783466,27984.3045,0.778981303608957,-237241.3000000001,1.3888676859006845,30.022778342638905,-52.54495825305112,54.88944709121264,58.3333333333333,37.26678792316747,-41.6666666666667,True,True,False
1762041600000,0.848,0.883,0.817,0.826,32968.69,2025-11-02,-0.025943396226415172,-0.026285862270925085,0.025943396226415172,0.059400163013599405,1.134838520938286,0.05235473387784615,1.0002357862965778,0.05157247165059587,0.9852906874295031,0.06058651547827786,1.1575037529515206,0.827,0.829618846429745,0.8342,0.8332500326471214,0.83165,0.8507884737009024,0.97548,0.9768879749667937,1.25523,1.1362082540244647,-0.08222222222222231,-8.222222222222229,-0.015494636471990453,-1.549463647199048,-0.09230769230769242,-9.230769230769239,45.34883720930232,51.282051282051285,46.494464944649444,0.8349484130921914,0.871447786484679,-0.036499373392487655,-0.04851764421864566,0.012018270826158008,1.4549964680578702,0.83165,0.034965057745680254,0.9015801154913605,0.7617198845086395,0.1681719845881333,0.4596025263200225,0.076,9.200968523002421,0.08499999999999998,10.29055690072639,0.09704761904761904,11.749106422229907,27682.431,1.1909607938695848,-270209.9900000001,1.3852141560541258,31.299717689806354,21.99074074074049,61.562891276643604,45.2380952380952,40.511833475905306,-54.7619047619048,True,False,False
1762128000000,0.826,0.855,0.752,0.755,30608.19,2025-11-03,-0.08595641646489094,-0.08987702427195325,0.08595641646489094,0.06746497045807319,1.2889164508228108,0.05827447784946679,1.1133323360745515,0.05454625128859908,1.042104667640556,0.0614746004183594,1.174470591908494,0.8038000000000001,0.8047458976198301,0.8286999999999999,0.8190227539840084,0.8251999999999999,0.841665761796032,0.9626399999999999,0.9681802456239081,1.24562,1.128451863906582,-0.13318025258323762,-13.318025258323765,-0.06790123456790131,-6.790123456790129,-0.1459276018099548,-14.592760180995477,24.014336917562716,46.01769911504425,51.16751269035533,0.8226486572318533,0.8628220168298089,-0.04017335959795554,-0.04684878729450764,0.006675427696552105,0.8841626088148483,0.8251999999999999,0.036657159852093286,0.8985143197041865,0.7518856802958134,0.17768860810515405,0.021239504893126555,0.07971428571428572,10.558183538315989,0.08528571428571427,11.296121097445598,0.09338095238095238,12.368338063702303,26924.1125,1.1368319011443737,-300818.1800000001,1.3815286630659727,31.186828691227753,-122.92268563103464,54.639616367602265,2.976190476190478,35.51587301587299,-97.02380952380952,False,True,False
1762214400000,0.755,0.85,0.7,0.747,31700.44,2025-11-04,-0.01059602649006619,-0.010652564116207361,0.01059602649006619,0.06267763420362843,1.1974545201041273,0.05819009083773747,1.111720124479183,0.053391939044379784,1.0200515631797,0.06147090238975911,1.1743999411712867,0.7914,0.7854972650798867,0.8237,0.8059277078050978,0.8207500000000001,0.8326499748475894,0.95006,0.9595005343747491,1.23656,1.120694743773712,-0.07663782447466017,-7.663782447466014,-0.06273525721455464,-6.273525721455463,-0.10645933014354059,-10.645933014354064,25.96899224806201,44.20677361853832,50.6060606060606,0.811010402273106,0.8542426010908409,-0.04323219881773499,-0.04612546959915312,0.002893270781418128,0.3873187123719047,0.8207500000000001,0.040479852038433926,0.9017097040768679,0.7397902959231323,0.19728225178645825,0.04452649721905115,0.09071428571428572,12.143813348632627,0.09257142857142855,12.392426850258174,0.0968095238095238,12.959775610378019,27639.529499999997,1.1469240096869233,-332518.6200000001,1.3776217999999079,30.15751664523152,-166.33644683460724,54.122040751358455,21.55963302752295,23.257972913936204,-78.44036697247705,False,True,False
1762300800000,0.747,0.883,0.718,0.836,41606.25,2025-11-05,0.11914323962516726,0.11256342795188425,0.11914323962516726,0.08421599997037595,1.6089444203013297,0.06707435186114241,1.2814536930069707,0.05886945527699473,1.1246993638669314,0.06388190745766956,1.2204621283174024,0.8023999999999999,0.8023315100532579,0.8222999999999999,0.8113953972950801,0.8228500000000001,0.8329690248656498,0.93838,0.9546541702160515,1.2278799999999999,1.1149083436457037,0.07042253521126751,7.042253521126753,-0.016470588235294126,-1.6470588235294132,0.052896725440805925,5.289672544080595,54.73684210526315,45.27972027972027,50.30487804878049,0.8148549557695515,0.8528912962730827,-0.03803634050353122,-0.04450764378002874,0.006471303276497524,0.7740793392939622,0.8228500000000001,0.04010679821624714,0.9030635964324943,0.7426364035675058,0.19496529484716352,0.5819686473668251,0.10428571428571429,12.474367737525633,0.09557142857142857,11.431989063568011,0.10123809523809524,12.109820004556846,28526.370000000003,1.458518907242667,-290912.3700000001,1.3729540540200162,30.071689754636765,-34.98528434444181,52.97226192158417,62.38532110091741,28.973714868210276,-37.61467889908259,True,False,False
1762387200000,0.836,1.35,0.832,0.945,110944.88,2025-11-06,0.13038277511961716,0.12255631440904106,0.13038277511961716,0.09505431028123237,1.8160100480476122,0.07867362510480756,1.5030574971713855,0.064566831377895,1.2335475814399122,0.0640539156881589,1.2237483409467018,0.8218,0.8498876733688386,0.8318,0.8356871432414292,0.82835,0.8436386416523775,0.9328,0.9542753345273931,1.2189500000000002,1.1114567738094367,0.11438679245283012,11.438679245283016,0.11176470588235299,11.176470588235292,0.1317365269461077,13.173652694610777,72.40437158469945,58.41269841269841,51.72754195459032,0.8348772702665445,0.859714168046363,-0.024836897779818567,-0.04057349457998671,0.015736596800168146,1.6652483386421317,0.82835,0.048520505703105295,0.9253910114062106,0.7313089885937895,0.23429953861582803,1.1010345435895488,0.16514285714285717,17.475434618291764,0.12492857142857143,13.219954648526077,0.12009523809523809,12.7084908037289,31830.5265,3.485486801482847,-179967.4900000001,1.3658311493456383,32.66038109573577,379.9138641986626,69.17934677240245,37.692307692307686,40.54575394024934,-62.30769230769232,True,False,False
1762473600000,0.945,1.248,0.876,1.1,43982.02,2025-11-07,0.16402116402116418,0.1518805312927193,0.16402116402116418,0.10665525144785216,2.0376457178353324,0.09142727000481903,1.746715540863749,0.071425988685496,1.3645915978015986,0.0671296187991983,1.2825095663759676,0.8766,0.933258448912559,0.8518000000000001,0.8837440262884422,0.8439499999999999,0.868054009336136,0.9282,0.959993519099354,1.21193,1.1112241565927174,0.33171912832929795,33.1719128329298,0.22222222222222232,22.22222222222223,0.3959390862944163,39.59390862944163,77.75330396475772,69.17989417989418,59.45709281961472,0.8756653825332313,0.8775131302295411,-0.0018477476963097983,-0.03282834520325133,0.03098059750694153,2.8164179551765023,0.8439499999999999,0.07678711172010988,0.9975242234402196,0.6903757765597801,0.3639415212754779,1.3336359913279006,0.21028571428571427,19.116883116883113,0.1455,13.227272727272727,0.12976190476190474,11.796536796536794,32481.906,1.354046772994171,-135985.47000000012,1.3633654510995818,33.43996189687788,298.32001841075714,75.40419603140818,61.53846153846154,53.87203011056221,-38.46153846153845,False,False,True
1762560000000,1.1,1.28,1.003,1.256,62059.42,2025-11-08,0.14181818181818162,0.1326218882416819,0.14181818181818162,0.06886158007348038,1.3155986400604736,0.09601079008066167,1.834283568957701,0.07650759222169903,1.4616754970444192,0.06959403807045433,1.3295922304441403,0.9768000000000001,1.040838965941706,0.8903000000000001,0.9514269305996345,0.8661,0.9050012468462808,0.92828,0.9716084308903777,1.20783,1.1141621965131536,0.6635761589403975,66.35761589403974,0.4420206659012629,44.20206659012629,0.5448954489544897,54.48954489544896,86.56462585034015,75.52836484983314,66.80000000000001,0.9341784006050439,0.9055492116746013,0.02862918893044253,-0.020536838376512552,0.04916602730695508,3.9144926199805004,0.8661,0.11943811434335172,1.1049762286867035,0.6272237713132965,0.5516135058000312,1.3161130183266805,0.2358571428571429,18.778434940855327,0.16114285714285717,12.829845313921751,0.135,10.748407643312103,34835.6325,1.7814925565080524,-73926.05000000012,1.3611963404967249,34.323239993185744,288.65741807623186,80.5987892465956,85.53846153846153,61.589743589743584,-14.46153846153847,True,False,False
1762646400000,1.256,1.4,1.08,1.357,67556.37,2025-11-09,0.08041401273885351,0.07734431280672517,0.08041401273885351,0.0309574291306486,0.5914408530938513,0.08790538248987212,1.6794299743669312,0.07684811418823057,1.4681811600803467,0.07032753051455991,1.3436055839125072,1.0988,1.1462259772944707,0.9451,1.0251674886724282,0.89395,0.9480487474671608,0.93104,0.9867303499046634,1.20535,1.119087855924229,0.8165997322623828,81.65997322623828,0.6773794808405438,67.73794808405438,0.6962499999999998,69.62499999999999,98.70550161812298,76.76874340021119,71.50496562261269,0.9992278774350389,0.9389900296044822,0.060237847830556746,-0.004381901135098689,0.06461974896565544,4.761956445516245,0.89395,0.1609421193767327,1.2158342387534655,0.5720657612465346,0.7201392443726504,1.2192803254257112,0.2721428571428572,20.054742604484684,0.17407142857142857,12.827666070112645,0.14738095238095236,10.860792364108502,37309.687,1.8106924885218147,-6369.680000000124,1.3601532074664746,36.050313153825435,255.1994582077161,82.74018170964524,93.85714285714288,80.31135531135531,-6.142857142857133,True,False,False
1762732800000,1.357,1.62,1.2,1.278,56603.35,2025-11-10,-0.05821665438467205,-0.05998002489738901,0.05821665438467205,0.08922011471457422,1.7045478982515718,0.09088863640505479,1.7364249603893458,0.0792794633082742,1.514632019796729,0.07065723097802024,1.3499045024225511,1.1872,1.1901506515296472,0.9948,1.0711370361865324,0.9172499999999999,0.9794726764915069,0.9331,0.9981588786910468,1.20303,1.1223096367611247,0.528708133971292,52.87081339712919,0.6363636363636362,63.63636363636363,0.5738916256157636,57.38916256157635,88.53410740203194,70.85769980506822,66.44394951744619,1.0421158962911878,0.9641018923315229,0.07801400395966496,0.012097279883854046,0.06591672407581091,5.15780313582245,0.9172499999999999,0.18094281591591227,1.2791356318318243,0.5553643681681754,0.7890665180306885,0.9984309520302369,0.3174285714285715,24.837916387212168,0.19857142857142862,15.537670467247935,0.16266666666666668,12.728221178925406,38814.3005,1.458311737448418,-62973.03000000012,1.3602147233373774,38.870944525384985,220.79461776711207,84.42666080793485,62.826086956521735,80.74056378404204,-37.173913043478265,True,False,False
1762819200000,1.278,1.295,1.154,1.158,29625.25,2025-11-11,-0.09389671361502361,-0.0986019768045397,0.09389671361502361,0.11696497020867268,2.234612618197889,0.10111146538080446,1.931731833738982,0.08176088122994928,1.5620394426251607,0.07192458943563788,1.3741173517578662,1.2298000000000002,1.1794337676864315,1.0257999999999998,1.0869303023344357,0.9306500000000002,0.9964752788340443,0.93326,1.0044304213574249,1.19902,1.1230328809258399,0.22539682539682548,22.539682539682538,0.36556603773584895,36.556603773584904,0.30112359550561796,30.112359550561784,72.3611111111111,61.770072992700726,63.02816901408451,1.0599442199386977,0.9784647220424836,0.08147949789621411,0.025973723486326063,0.05550577440988805,4.793244767693269,0.9306500000000002,0.18858092636710225,1.3078118527342046,0.5534881472657958,0.8105342561311005,0.8013958044163855,0.3161428571428572,27.30076486553171,0.20342857142857146,17.567234147545033,0.1670952380952381,14.429640595443704,37926.502,0.7811226566583968,-92598.28000000012,1.3593500832524907,40.949823430524795,116.16588317699643,78.70306433799806,49.782608695652165,68.82194616977225,-50.217391304347835,False,True,False
1762905600000,1.158,1.309,0.954,1.088,42589.62,2025-11-12,-0.060449050086355705,-0.06235323071705253,0.060449050086355705,0.10298054252547957,1.9674405024491513,0.10401185950773986,1.9871437857296845,0.08191284434550898,1.5649426938714488,0.07173566902295864,1.3705080323415055,1.2274,1.1489558451242876,1.052,1.0871247928190837,0.9430999999999999,1.0051919189931569,0.9303400000000001,1.0077092989922232,1.19395,1.122323288389441,-0.010909090909090868,-1.090909090909092,0.3171912832929784,31.719128329297835,0.296781883194279,29.678188319427907,60.49926578560941,59.542656112576964,59.38566552901025,1.0642604937942828,0.9865784499556189,0.07768204383866384,0.03631538755679362,0.041366656281870216,3.8020823788483646,0.9430999999999999,0.19042221785451488,1.3239444357090298,0.5622555642909701,0.8076438038575545,0.6902351543225719,0.34328571428571436,31.551995798319332,0.2237857142857143,20.56853991596639,0.17814285714285716,16.373424369747898,39065.331,1.0902152601753203,-135187.9000000001,1.357456939983834,40.35691652411545,69.3815987933635,72.99913936815449,42.173913043478265,51.59420289855072,-57.82608695652173,True,True,False
1762992000000,1.088,1.2,0.951,0.993,31386.83,2025-11-13,-0.08731617647058831,-0.09136576337071543,0.08731617647058831,0.07126964100426125,1.3616045795457068,0.10418491231105848,1.990449954894866,0.08444236264534724,1.613269073134374,0.0723569247946489,1.3823771071941782,1.1747999999999998,1.0969705634161917,1.0758,1.0700111941247048,0.95225,1.004030783845158,0.9269200000000001,1.0071321865281293,1.18792,1.1197050257625685,-0.20939490445859876,-20.939490445859875,0.31523178807947017,31.523178807947016,0.22592592592592586,22.592592592592585,41.38486312399355,57.86324786324787,56.237879767291524,1.0532973409028545,0.9870541205257798,0.06624322037707475,0.04230095412084985,0.0239422662562249,2.411104356115297,0.95225,0.18807217959295,1.3283943591859,0.5761056408141001,0.790011780910265,0.5541680328374409,0.3048571428571429,30.700618616026475,0.23500000000000001,23.66565961732125,0.1849047619047619,18.620821944084785,39603.5675,0.7925253198465013,-166574.7300000001,1.3556856436196032,39.94079412115749,36.20677943074511,72.3184969838851,31.84782608695652,41.26811594202898,-68.15217391304348,False,True,False
1763078400000,0.993,1.085,0.9,1.009,28222.52,2025-11-14,0.0161127895266866,0.01598435630843616,0.0161127895266866,0.04370065666183858,0.8348998732343311,0.10329503201317922,1.9734488156753287,0.0841553172542499,1.6077850786375831,0.07213364611551973,1.3781113740189679,1.1052,1.067647042277461,1.1019999999999999,1.0589182497383949,0.9628500000000001,1.0045040425287082,0.9248200000000001,1.0072054679347746,1.18198,1.1174647005409146,-0.2564480471628593,-25.64480471628593,0.35073627844712174,35.07362784471217,0.2659974905897111,26.599749058971124,24.32432432432431,59.84455958549223,56.350741457124435,1.0464823653793383,0.9886797418493848,0.05780262352995347,0.045401288002670584,0.012401335527282883,1.2290719055780857,0.9628500000000001,0.18480751722008865,1.3324650344401774,0.5932349655598228,0.7677520578286904,0.5624298198122528,0.27814285714285714,27.56619000424749,0.24421428571428572,24.203596205578368,0.18971428571428572,18.802208693189865,40418.8665,0.6982511496209327,-138352.2100000001,1.35385412497872,40.26591543436944,12.1372753184193,71.32723913776621,33.58695652173912,35.8695652173913,-66.41304347826087,False,True,False
1763164800000,1.009,1.116,0.993,0.999,23005.53,2025-11-15,-0.009910802775024652,-0.009960241705055311,0.009910802775024652,0.04838481999172271,0.9243906879969446,0.09963943073697845,1.9036086513566886,0.08343186048458204,1.5939634564601373,0.07214816176623619,1.3783886951365167,1.0493999999999999,1.0447646948516407,1.1183,1.048024022513232,0.9702999999999999,1.0039798480000235,0.92256,1.0068835421353703,1.17581,1.1150683858251302,-0.21830985915492962,-21.83098591549296,0.19497607655502391,19.497607655502396,0.17529411764705882,17.529411764705884,4.102564102564074,56.857402361489555,53.67498314227917,1.0391773860902092,0.9894442056868493,0.049733180403359833,0.04626766648280844,0.0034655139205513955,0.346898290345485,0.9702999999999999,0.18301340186761902,1.336326803735238,0.6042731962647618,0.7544611022059943,0.5392047791406553,0.25614285714285717,25.639925639925643,0.24600000000000002,24.624624624624627,0.19280952380952382,19.30025263358597,39987.57,0.575317029767,-161357.7400000001,1.3525329352386732,40.311276752328354,24.35069593915918,71.58357551995746,32.5,32.644927536231876,-67.5,True,False,False
1763251200000,0.999,1.04,0.991,0.998,30971.65,2025-11-16,-0.0010010010010009784,-0.0010015023370895213,0.0010010010010009784,0.04350901567328323,0.8312385772888383,0.09218698546216632,1.7612298842966545,0.0834393023419245,1.5941056329450336,0.07212422833709443,1.3779314476147888,1.0174,1.0291764632344271,1.1236,1.0389287456926444,0.9777000000000001,1.0034103386645832,0.9205600000000002,1.0065350194579337,1.17,1.112701324520013,-0.13816925734024177,-13.816925734024174,0.05608465608465618,5.608465608465614,0.1741176470588235,17.41176470588236,5.128205128205096,57.96296296296297,55.54780181437543,1.0328424036147923,0.9900779684363988,0.042764435178393456,0.04556702022192545,-0.0028025850435319938,-0.28082014464248434,0.9777000000000001,0.18087276714513315,1.3394455342902665,0.6159544657097338,0.7399929104843332,0.5280583975139153,0.21742857142857147,21.786430002862872,0.2447857142857143,24.5276266819353,0.18852380952380954,18.89016127493082,40457.568,0.765534151731513,-192329.3900000001,1.350624968891954,39.82869448233369,9.929331782807099,67.14056216786676,32.391304347826086,32.82608695652173,-67.6086956521739,False,True,False
1763337600000,0.998,1.077,0.995,1.009,45669.34,2025-11-17,0.011022044088176308,0.010961744042144938,0.011022044088176308,0.04211175913775342,0.8045440286595866,0.0746591027127695,1.4263601545628968,0.08268639285987774,1.5797213174876714,0.07213612764043426,1.3781587834858917,1.0015999999999998,1.022450975489618,1.1145,1.0334871555667091,0.9831499999999999,1.0039426873649742,0.9186600000000001,1.0066317249439674,1.16424,1.110605413209468,-0.07261029411764719,-7.261029411764722,-0.08272727272727287,-8.27272727272729,0.12111111111111095,12.111111111111098,13.300492610837367,62.45098039215686,57.031802120141336,1.0291743415202088,0.9914796008296732,0.03769474069053558,0.04399256431564748,-0.006297823625111901,-0.6241648786037562,0.9831499999999999,0.18004861185685286,1.3432472237137056,0.6230527762862941,0.7325377078039075,0.5358930842806942,0.16914285714285712,16.76341497947048,0.24328571428571433,24.11156732266743,0.18876190476190477,18.707820095332487,40996.9045,1.1139704462321052,-146660.0500000001,1.3479910688412788,41.993700887646526,14.86346886226613,71.62697112764023,33.58695652173912,32.82608695652173,-66.41304347826087,True,False,False
1763424000000,1.009,1.15,1.005,1.083,31191.3,2025-11-18,0.07333994053518333,0.07077522664738164,0.07333994053518333,0.032614318949363126,0.6230956886335655,0.06157382643713531,1.1763663023354243,0.08329225196277507,1.5912962393960774,0.07198381392240512,1.3752488339888302,1.0195999999999998,1.0426339836597454,1.0972,1.0424894909182165,0.99375,1.0114719552577527,0.9199200000000001,1.0096277374647082,1.15887,1.1100477073141104,0.0906344410876132,9.063444108761326,-0.1377388535031847,-13.773885350318475,0.24339839265212393,24.339839265212397,48.79227053140094,65.4696132596685,59.68834688346884,1.0374552120555613,0.9982588915631281,0.03919632049243327,0.04303331555100464,-0.0038369950585713727,-0.35429317253659953,0.99375,0.17933763364700103,1.352425267294002,0.635074732705998,0.7218621731703185,0.6244161615510037,0.16971428571428573,15.670755836960826,0.24292857142857147,22.431077694235594,0.19219047619047622,17.74611968517786,40942.31249999999,0.7618353262288251,-115468.7500000001,1.3465059610678722,45.70245219606493,35.391709450465825,75.40200348561329,40.46563192904656,35.48129759953725,-59.53436807095345,True,False,False
1763510400000,1.083,1.085,1.003,1.01,21743.38,2025-11-19,-0.06740535549399806,-0.06978463716568538,0.06740535549399806,0.05033793876093152,0.9617049696893748,0.05392756668163184,1.0302847148209442,0.08309263016101034,1.5874824702283086,0.07261454450506126,1.3872989248508396,1.0198,1.031755989106497,1.0625,1.036582310751268,1.0038,1.011331769042345,0.92012,1.0096423415134361,1.15307,1.1080272759729726,0.0009910802775026095,0.09910802775025887,-0.2557111274871039,-25.57111274871039,0.2484548825710753,24.845488257107533,54.5945945945946,58.13084112149534,55.347593582887704,1.0332313332777825,0.9991286035256026,0.03410272975217987,0.04124719839123969,-0.00714446863905982,-0.7073731325801802,1.0038,0.17399171184132414,1.3517834236826483,0.6558165763173518,0.6933321850620606,0.5089084703150317,0.13071428571428573,12.942008486562942,0.23700000000000004,23.46534653465347,0.19276190476190477,19.085337105139086,40409.054,0.5380818863020155,-137212.1300000001,1.345301232538854,48.70019244087894,8.90324344646097,71.8070928629235,22.588832487309645,32.2138069793651,-77.41116751269035,False,True,False
1763596800000,1.01,1.15,1.003,1.057,57649.62,2025-11-20,0.046534653465346576,0.045484376034932536,0.046534653465346576,0.05345367901339891,1.0212311036316075,0.05741755507516461,1.0969608494588536,0.08255617358053313,1.5772334816489844,0.07264479779814342,1.387876913203616,1.0314,1.0401706594043312,1.0404,1.040294617887401,1.0176,1.0156811243824155,0.9203800000000001,1.011500179021068,1.14774,1.1069972010200342,0.05805805805805808,5.8058058058058,-0.17292644757433495,-17.292644757433496,0.3533930857874519,35.33930857874519,61.111111111111136,55.55555555555556,56.70771224886585,1.0368880512350467,1.003415374668118,0.03347267656692865,0.039692294026377486,-0.006219617459448837,-0.5884217085571275,1.0176,0.16615953019217672,1.3499190603843534,0.6852809396156466,0.6531428073591851,0.559280379455862,0.11614285714285717,10.987971347479393,0.2105,19.914853358561967,0.1953809523809524,18.484479884669103,42094.19499999999,1.3695384838693319,-79562.5100000001,1.342527518838891,47.48182763680682,23.111942272091795,69.46053263061481,24.3279569892473,29.127473801867833,-75.6720430107527,True,False,False
1763683200000,1.057,1.177,1.013,1.086,40987.44,2025-11-21,0.027436140018921584,0.02706651462364322,0.027436140018921584,0.0531704118812908,1.0158192926714524,0.051996094155230314,0.9933839840166768,0.08106676276068578,1.548778327889927,0.07257230423893732,1.3864919256996562,1.049,1.055447106269554,1.0332000000000001,1.048604687362419,1.0295,1.0223781601705229,0.92184,1.0144227599736357,1.1409099999999999,1.106573498764014,0.08817635270541091,8.81763527054109,-0.062176165803108696,-6.217616580310867,0.2806603773584906,28.06603773584907,68.51063829787236,49.20634920634921,56.11038107752957,1.0444437356604244,1.0095327556876632,0.03491097997276116,0.03873603121565422,-0.0038250512428930628,-0.3522146632498216,1.0295,0.16184023961269767,1.3531804792253954,0.7058195207746047,0.6288110329779414,0.5872774288631971,0.1131428571428572,10.418310970797164,0.1956428571428572,18.01499605367009,0.20052380952380955,18.464439182671228,43053.6045,0.9520094885435202,-38575.070000000094,1.3407457005849766,46.09999156092757,30.28615622583143,69.34193573399916,25.833333333333336,24.25004093663009,-74.16666666666666,True,False,False
1763769600000,1.086,1.35,1.052,1.24,30957.63,2025-11-22,0.14180478821362796,0.13261015810520177,0.14180478821362796,0.07602296188072373,1.4524166473805167,0.06564630986943952,1.2541709890633663,0.08513171844872904,1.6264391972656986,0.0747404213725017,1.4279137453756703,1.0952000000000002,1.116964737513036,1.0483999999999998,1.0834038351147066,1.0502,1.0431040497201043,0.92734,1.023271891636614,1.13641,1.1092648957827036,0.22893954410307238,22.893954410307245,0.13970588235294112,13.970588235294109,0.5012106537530268,50.12106537530268,81.18556701030928,49.09090909090909,61.20218579234973,1.07452931478959,1.0266044069424693,0.04792490784712067,0.04057380654194751,0.007351101305173156,0.59283075041719,1.0502,0.16091534224063808,1.3720306844812762,0.7283693155187239,0.6128940858527445,0.7948755497101184,0.13814285714285718,11.140552995391708,0.1971428571428572,15.898617511520744,0.21004761904761907,16.939324116743474,42953.0515,0.7207317971343665,-7617.440000000093,1.3400684780706442,45.14937513688354,96.04412923561871,67.55173893967157,47.22222222222221,32.46117084826761,-52.77777777777779,True,False,False
1763856000000,1.24,1.39,1.124,1.349,39420.04,2025-11-23,0.0879032258064516,0.08425219760867332,0.0879032258064516,0.07767278150044671,1.4839364069581586,0.058251767439455794,1.1128984543005087,0.08215194311742556,1.5695106694949812,0.07488869112224193,1.4307464349670536,1.1484,1.1943098250086905,1.0839999999999999,1.131694046912033,1.0799,1.072236997419238,0.93622,1.03604965691949,1.13418,1.1140988986236393,0.2456140350877194,24.56140350877193,0.35850956696878145,35.85095669687814,0.7867549668874172,78.67549668874172,84.97942386831276,49.54954954954955,65.93860684769776,1.1167555740527302,1.0504855665533928,0.06627000749933742,0.0457130467334255,0.020556960765911923,1.5238666246042938,1.0799,0.15835965062909493,1.39661930125819,0.7631806987418102,0.5865715367315305,0.9248241249127872,0.16914285714285718,12.53838822408133,0.1932857142857143,14.328073705390237,0.2195714285714286,16.27660701048396,43393.64399999999,0.9084288934112104,31802.599999999908,1.3397143592674314,43.66046323020932,128.31152250239393,65.53843819605234,62.3611111111111,45.13888888888888,-37.63888888888891,True,False,False
1763942400000,1.349,1.58,1.246,1.487,53374.82,2025-11-24,0.10229799851742039,0.09739709025239926,0.10229799851742039,0.04542916991018155,0.8679230724757654,0.06181102845308,1.180898040486995,0.08290585982560163,1.5839142279805247,0.07599658269668565,1.4519126737771026,1.2437999999999998,1.2918732166724605,1.1318,1.1962951292916633,1.1168999999999998,1.111738235825808,0.94754,1.0537394562176934,1.13327,1.1216153312525057,0.47227722772277225,47.22772277227724,0.4737363726461845,47.37363726461846,0.9906291834002678,99.06291834002678,86.72727272727273,61.034846884899686,69.56762749445676,1.173716254967695,1.0828199747597542,0.09089628020794072,0.054749693428328555,0.03614658677961216,2.4308397296309456,1.1168999999999998,0.1628699513496339,1.4426399026992676,0.791160097300732,0.5832928690111341,1.0680912853063738,0.2051428571428572,13.795753674704587,0.18714285714285714,12.585262753386491,0.2305714285714286,15.505812277836489,44477.363,1.2000446159544127,85177.41999999991,1.3406024983640337,41.460454298189866,188.17809924705062,65.50331145888057,86.32352941176471,65.30228758169933,-13.67647058823529,True,False,False
1764028800000,1.487,1.7,1.4,1.612,67499.42,2025-11-25,0.0840618695359785,0.08071497660641855,0.0840618695359785,0.04117168849694112,0.7865840042846924,0.060301798370001644,1.15206424023557,0.08146175779249958,1.5563246973768072,0.07621373471628011,1.4560613572862529,1.3548,1.3985821444483069,1.1930999999999998,1.2718778330568155,1.1557,1.1593822134377347,0.96004,1.0756385351136053,1.13351,1.1314963332795893,0.5250709555345319,52.50709555345318,0.6136136136136137,61.36136136136137,0.9282296650717705,92.82296650717706,100.0,73.84453781512607,70.51557465091301,1.2411445234342036,1.1220185015784596,0.11912602185574395,0.06762495911381164,0.05150106274193231,3.1948550088047334,1.1557,0.1835492476579241,1.5227984953158482,0.7886015046841517,0.6352833699331112,1.121495328668405,0.2272857142857143,14.099610067352003,0.19849999999999998,12.313895781637715,0.23771428571428577,14.746543778801847,45772.021499999995,1.474687326186806,152676.8399999999,1.3432106175061154,40.74304771905009,216.26557611982028,74.80101227932394,89.00000000000001,79.22821350762527,-10.999999999999984,True,False,False
1764115200000,1.612,1.633,1.254,1.345,64000.0,2025-11-26,-0.16563275434243185,-0.18108163103063424,0.16563275434243185,0.12273702797930744,2.3448876270677776,0.09074393383243008,1.7336604216210634,0.08994612089903316,1.718418226930212,0.07944263052896423,1.5177493251709766,1.4065999999999999,1.3807214296322046,1.2278,1.2851727725010307,1.1757,1.1770600978962482,0.9686,1.0862047470123837,1.13145,1.1357968292597178,0.23848987108655595,23.848987108655606,0.3476953907815632,34.769539078156306,0.42328042328042326,42.32804232804233,67.51824817518248,61.18363794604003,62.31608922638823,1.257122289059711,1.1385356521186176,0.11858663694109328,0.07781729467926797,0.04076934226182531,3.031177863332737,1.1757,0.18115945288176796,1.5380189057635358,0.8133810942364641,0.6163458463273555,0.7336339579675316,0.2697142857142857,20.053106744556555,0.2002142857142857,14.885820499203398,0.24790476190476193,18.431580810762966,43424.777500000004,1.4738129631176577,88676.83999999991,1.3439279756936735,42.30958249622626,114.88498413010039,70.15077293358544,55.625,76.9828431372549,-44.375,False,True,False
1764201600000,1.345,1.45,1.317,1.34,16334.25,2025-11-27,-0.0037174721189590088,-0.003724399090982328,0.0037174721189590088,0.11236652357196548,2.1467594185590317,0.09127922139384212,1.743887076122507,0.08356589000672954,1.596524086885362,0.07927112273749522,1.5144726734157359,1.4266,1.3671476197548031,1.2609,1.295141359319025,1.1877,1.192578183829962,0.97758,1.0961602333527747,1.13048,1.1399085899658197,0.08064516129032273,8.064516129032265,0.32804757185332023,32.804757185332036,0.21818181818181825,21.818181818181813,65.91478696741854,66.3833805476865,64.3312101910828,1.269872706127448,1.153458939245782,0.11641376688166605,0.0855365891197476,0.03087717776191845,2.304266997158093,1.1877,0.1838105718281457,1.5553211436562915,0.8200788563437086,0.6190471392713505,0.7071426013276231,0.26771428571428574,19.97867803837953,0.19192857142857145,14.323027718550108,0.2295714285714286,17.13219616204691,42042.389,0.38851859726620197,72342.58999999991,1.343995840816199,43.476254676896396,83.7053001841186,71.24292312781013,55.000000000000014,66.54166666666667,-44.99999999999999,False,False,True
1764288000000,1.34,1.442,1.184,1.421,39386.96,2025-11-28,0.060447761194029725,0.058691235152143466,0.060447761194029725,0.1088959472439957,2.0804541509129657,0.09073025159954753,1.7333990229288745,0.07882369406398622,1.5059245606108251,0.07957560221759924,1.520289745715322,1.441,1.385098413169869,1.2947,1.318024748533748,1.19595,1.2143326425370116,0.98796,1.1089024064968152,1.1298000000000001,1.1455666564208458,0.05337286879169767,5.33728687916976,0.3120960295475532,31.209602954755315,0.13136942675159236,13.136942675159238,62.48275862068966,68.32740213523132,65.94134342478714,1.2931230590309175,1.1732767981787982,0.11984626085211936,0.09239852346622196,0.027447737385897397,1.9315789856366923,1.19595,0.1906143737331596,1.5771787474663193,0.8147212525336809,0.6375329193801065,0.7951639947088234,0.28114285714285714,19.784859756710567,0.1971428571428572,13.873529707449487,0.22414285714285714,15.77360008042626,40908.765999999996,0.9628000023271297,111729.5499999999,1.344028290928807,44.0076768421064,66.84585806547943,68.70712938059401,60.648801128349795,57.091267042783265,-39.3511988716502,False,True,False
1764374400000,1.421,1.5,1.35,1.393,21355.97,2025-11-29,-0.019704433497536922,-0.019901154317294913,0.019704433497536922,0.0976726310525724,1.8660329961464117,0.08609555527668405,1.6448532740084156,0.0772253899087284,1.4753890025998644,0.07429211947501556,1.4193489496501008,1.4222000000000001,1.3877322754465793,1.333,1.3316566124367029,1.1977499999999999,1.2313485813601288,1.00118,1.1200463108710297,1.12843,1.1505455945427059,-0.06321452589105592,-6.321452589105587,0.3792079207920791,37.92079207920792,0.026529108327192352,2.652910832719236,53.41614906832298,67.25043782837128,63.565513882123724,1.3084887422569302,1.189552592868863,0.11893614938806718,0.09770604865059102,0.021230100737476165,1.5240560471985762,1.1977499999999999,0.1923770625894021,1.5825041251788041,0.8129958748211956,0.6424614905928688,0.7537334718753995,0.25999999999999995,18.664752333094036,0.19907142857142857,14.290841964926674,0.2180952380952381,15.656513861826138,38598.746,0.553281445982727,90373.5799999999,1.3442746191068355,44.61154332033162,88.79345035237473,68.98878282862448,56.69957686882935,57.44945933239305,-43.30042313117065,True,False,False
1764460800000,1.393,1.429,1.276,1.351,19532.01,2025-11-30,-0.03015075376884424,-0.030614635819606863,0.03015075376884424,0.08270201773244333,1.5800198302588928,0.08845013608128127,1.6898374771175388,0.07628099665382976,1.4573463947988066,0.07455792253127012,1.4244271099095558,1.37,1.375488183631053,1.3624,1.335173591993666,1.2014,1.2427439545742982,1.0134999999999998,1.1291055226270774,1.12515,1.1545779146529909,-0.16191066997518622,-16.191066997518615,0.2781456953642385,27.814569536423843,0.05712050078247266,5.712050078247258,37.5912408759124,64.91969568892645,60.22155085599194,1.315028935755864,1.2015116613989925,0.11351727435687153,0.10086829379184713,0.012648980565024406,0.9362679914895934,1.2014,0.1946587837865622,1.5907175675731244,0.8120824324268756,0.6481064883854244,0.6921310678741732,0.24385714285714283,18.050121603045362,0.2065,15.284974093264248,0.21014285714285716,15.554615628634874,36745.179,0.5315529963808313,70841.5699999999,1.344299295728436,44.682875225254314,62.76505513146732,69.4661208502072,50.49645390070921,55.948277299296116,-49.50354609929078,False,True,False
1764547200000,1.351,1.395,1.182,1.31,33554.47,2025-12-01,-0.030347890451517312,-0.030817921765001543,0.030347890451517312,0.03799961900512008,0.7259817017356659,0.09039170991495109,1.7269311931261948,0.07317936500228478,1.398089805298727,0.07296319135146433,1.3939598134987592,1.363,1.3536587890873688,1.3847999999999998,1.330596575267545,1.209,1.2491492922391638,1.0231000000000001,1.1362010825256021,1.12157,1.1577033881267857,-0.026022304832713727,-2.6022304832713696,0.20626151012891336,20.62615101289134,0.1312607944732298,13.126079447322983,17.456896551724128,62.40725474031328,55.60897435897436,1.314255253331885,1.2095478354594738,0.10470741787241122,0.10163611860795994,0.00307129926445128,0.23445032553063203,1.209,0.19583881664589264,1.6006776332917854,0.8173223667082148,0.6479365315000584,0.62893256011476,0.22657142857142856,17.295528898582333,0.2158571428571429,16.47764449291167,0.20028571428571432,15.28898582333697,36941.64,0.9083102428587362,37287.099999999904,1.3440338838554338,43.22341961099345,35.57923326021111,63.10153485770474,44.04591104734579,50.41398060562812,-55.95408895265421,False,True,False
1764633600000,1.31,1.316,1.2,1.281,21088.04,2025-12-02,-0.022137404580152786,-0.0223861142984631,0.022137404580152786,0.0387663630153822,0.7406303254834651,0.08074063699822608,1.542547703946607,0.07175985418348797,1.3709700891846406,0.07207706182953108,1.377030332753054,1.3512,1.3294391927249125,1.3889,1.3215790161279912,1.21865,1.2521826929805513,1.0305199999999999,1.1418807471871875,1.11826,1.1601820692430307,-0.04402985074626875,-4.402985074626878,0.03306451612903216,3.3064516129032198,0.1773897058823528,17.73897058823528,35.84070796460175,58.476027397260275,50.716332378223484,1.309139060511595,1.214840588895034,0.09429847161656091,0.10016858920968014,-0.005870117593119228,-0.45824493310844877,1.21865,0.1943118153354236,1.6072736306708473,0.8300263693291527,0.6377936744280102,0.5802190024991153,0.20028571428571432,15.635106501617043,0.2137857142857143,16.68897067023531,0.1990952380952381,15.542173153414375,35866.561,0.5879582377580053,16199.059999999903,1.3437660127747428,40.78741306181312,20.225354102645596,58.87594874337717,39.88522238163558,44.80919577656352,-60.11477761836442,False,False,True
1764720000000,1.281,1.388,1.271,1.36,13471.06,2025-12-03,0.06167056986729125,0.05984367683336351,0.06167056986729125,0.039309167572661424,0.7510005919893041,0.07818038840877589,1.4936342233250002,0.06872004156050204,1.3128945505668579,0.07223723791264815,1.380090492524209,1.339,1.339626128483275,1.3900000000000001,1.3285646495592656,1.2369999999999999,1.2624510079417064,1.0400399999999999,1.1504362897227511,1.11735,1.1641978786022207,-0.04292751583391974,-4.292751583391973,0.0081541882876206,0.8154188287620548,0.3695871097683787,36.95871097683788,53.33333333333333,64.90630323679727,50.08705745792222,1.316963820432888,1.2255931388187857,0.09137068161410222,0.09840900769056457,-0.007038326076462348,-0.5175239762104668,1.2369999999999999,0.1891409944709873,1.6152819889419745,0.8587180110580253,0.6116119465512929,0.6625771297544746,0.16285714285714287,11.974789915966387,0.21628571428571433,15.903361344537817,0.1877619047619048,13.806022408963587,34970.7725,0.3852091056896155,29670.1199999999,1.3437570812770732,38.81255769910729,46.55542036039175,61.87552789534654,51.21951219512197,45.050215208034444,-48.78048780487803,True,False,False
1764806400000,1.36,1.386,1.262,1.279,12165.41,2025-12-04,-0.059558823529411886,-0.06140617715125513,0.059558823529411886,0.04575425411854462,0.8741337975560094,0.07200542365139183,1.3756616872814305,0.07088604405485442,1.3542759701174527,0.07233829881440385,1.3820212583412466,1.3161999999999998,1.31941741898885,1.3692,1.3195528950939446,1.2505,1.2640271024244099,1.0489,1.1554790494376281,1.11507,1.166504414873308,-0.08183776022972011,-8.18377602297201,-0.13987895090786828,-13.98789509078683,0.26759167492566904,26.759167492566903,26.333333333333343,59.18874172185429,50.028985507246375,1.311123232673982,1.2295492029346458,0.08157402973933614,0.0950420121003189,-0.013467982360982761,-1.0530087850651104,1.2505,0.18149191659540662,1.6134838331908132,0.8875161668091867,0.5805419163387657,0.5392579467651085,0.16157142857142862,12.63263710488105,0.21464285714285714,16.7820842175807,0.18180952380952384,14.214974496444398,34167.917,0.35604775087694107,17504.7099999999,1.3436888278744648,38.00202557210491,28.519038701622996,56.680714696618665,38.719068413391554,43.274600996716366,-61.280931586608446,False,True,False
1764892800000,1.279,1.372,1.251,1.309,15462.75,2025-12-05,0.023455824863174435,0.023184964331057316,0.023455824863174435,0.04787179423505659,0.9145893446779887,0.06520353293193074,1.2457117475499546,0.07067740488199332,1.3502899243167827,0.07181246211622563,1.3719751623283618,1.3077999999999999,1.3159449459925667,1.3389000000000002,1.3176341868950456,1.266,1.2683102355292106,1.0592,1.1615006784578463,1.11307,1.169366523451651,-0.031088082901554404,-3.108808290155443,-0.1879652605459058,-18.79652605459058,0.3103103103103102,31.031031031031027,36.09271523178809,59.22249793217534,54.6177370030581,1.3107965814933693,1.2354344476089119,0.07536213388445745,0.09110603645714663,-0.015743902572689178,-1.2027427481045971,1.266,0.17186469586337635,1.6097293917267528,0.9222706082732472,0.5430164166299412,0.5625492044540996,0.14200000000000004,10.84797555385791,0.2115714285714286,16.16282876787079,0.1787619047619048,13.656371639564918,33790.778,0.45760266306978786,32967.459999999905,1.3436066104542845,36.82301353824846,24.897111476370714,54.9636335298897,39.66049382716048,43.199691478558,-60.33950617283952,False,True,False
1764979200000,1.309,1.333,1.255,1.311,12320.28,2025-12-06,0.0015278838808250317,0.0015267178537998873,0.0015278838808250317,0.045793479409516134,0.8748831956877837,0.03978398123380057,0.760071894248274,0.0706476145349715,1.3497207805360703,0.07160512510287124,1.3680139942501364,1.308,1.3142966306617112,1.3355000000000001,1.3164279710959463,1.28165,1.2723759273856015,1.06872,1.1673645192927276,1.11123,1.1722105094705912,0.0007633587786257667,0.07633587786258701,-0.025278810408921992,-2.5278810408921957,0.31362725450901796,31.362725450901795,42.36641221374046,53.358561967833495,57.11550733886407,1.3108278766482355,1.2410318963280056,0.06979598032022993,0.0868440252297633,-0.017048044909533364,-1.3003848138469385,1.28165,0.16001883935139866,1.6016876787027972,0.9616123212972026,0.49941509570131826,0.5458539758802211,0.13171428571428576,10.046856271112567,0.1958571428571429,14.93952271984309,0.17661904761904765,13.472086012131781,32858.2095,0.3749528713668954,45287.7399999999,1.3435196161129654,33.91426482228899,13.494574718622212,50.64937584653921,32.46527777777776,36.94828000610992,-67.53472222222224,False,False,True
1765065600000,1.311,1.37,1.28,1.322,20432.3,2025-12-07,0.008390541571319687,0.008355536647931837,0.008390541571319687,0.043936240147784494,0.8394006894136931,0.03990494677665895,0.7623829376996274,0.07066010201733272,1.3499593535515992,0.07093583472566521,1.3552272195476354,1.3162,1.3168644204411408,1.3336999999999999,1.3174410672603198,1.2973000000000001,1.2771020295414885,1.0794,1.1734297711590642,1.11,1.1752174317504507,0.032006245120999255,3.200624512099934,-0.013432835820895495,-1.3432835820895532,0.3102081268582757,31.020812685827572,52.58620689655172,48.59228362877998,61.092380310182065,1.3125466648561994,1.2470295340277686,0.0655171308284308,0.08257864634949681,-0.01706151552106601,-1.2905836248915286,1.2973000000000001,0.14670166647781718,1.5907033329556346,1.0038966670443656,0.45232919595411153,0.5420922280452329,0.12271428571428578,9.282472444348395,0.18328571428571433,13.86427490814783,0.1785714285714286,13.507672357899288,31596.357500000002,0.6466663127229143,65720.0399999999,1.343455734508275,31.324245851219878,21.958423897898857,48.60614023793076,27.02702702702705,33.05093287732176,-72.97297297297295,True,False,False
1765152000000,1.322,1.35,1.271,1.31,16870.32,2025-12-08,-0.009077155824508298,-0.009118604216434345,0.009077155824508298,0.031638116442579696,0.6044453659285466,0.03364462828829775,0.6427797209153924,0.06953503439636781,1.3284649668335178,0.07094879257380747,1.355474778888793,1.3062,1.314576280294094,1.3226,1.3160881459402618,1.30865,1.280235169586437,1.08934,1.178786412836305,1.10872,1.1779223635961262,-0.03676470588235292,-3.676470588235297,-0.07811400422237857,-7.811400422237861,0.20960295475530932,20.96029547553094,56.744186046511636,39.37575030012005,60.17579445571332,1.312154870262938,1.251694013270041,0.06046085699289705,0.07815508847817687,-0.01769423148527982,-1.3507046935328106,1.30865,0.137757710644833,1.584165421289666,1.033134578710334,0.42106815617570165,0.5024499536063729,0.10357142857142865,7.906215921483102,0.16507142857142862,12.600872410032718,0.17842857142857146,13.620501635768814,30880.308500000003,0.5463131950252375,48849.71999999991,1.3433664737704563,30.570781084481638,5.8743380122370805,38.91817353703383,24.710424710424732,28.067576505076506,-75.28957528957527,False,True,False
1765238400000,1.31,1.379,1.27,1.338,21129.06,2025-12-09,0.021374045801526798,0.02114882449297661,0.021374045801526798,0.013647209583766,0.2607295730052128,0.03449850459670952,0.6590930048819769,0.06699387668905542,1.2799162170030318,0.07084444223016052,1.3534811683726637,1.318,1.3223841868627293,1.3171,1.3200721194056688,1.32505,1.2857365820088107,1.1000999999999999,1.1850311429918523,1.10772,1.1811340813746751,0.04612978889757646,4.6129788897576365,-0.03948312993539116,-3.9483129935391195,0.3247524752475248,32.47524752475248,43.29268292682927,31.385869565217405,61.32264529058116,1.3161310440686398,1.2580870496811811,0.058043994387458664,0.07413286966003323,-0.016088875272574563,-1.202457045782852,1.32505,0.1185120358089388,1.5620740716178776,1.0880259283821225,0.3577586832464851,0.5273179004807528,0.10257142857142863,7.666026051676281,0.1514285714285715,11.3175314969037,0.17671428571428574,13.207345718556482,30849.592500000006,0.6849056434051761,69978.77999999991,1.343318147603446,30.038941129564762,10.607462226333498,28.09962893091894,34.589800443459005,28.77575072697026,-65.41019955654099,True,True,False
1765324800000,1.338,1.338,1.191,1.207,25937.05,2025-12-10,-0.09790732436472349,-0.10303801959064228,0.09790732436472349,0.0475709163505405,0.9088410807654956,0.04528514123688878,0.865171408536142,0.07121863032691494,1.3606300219233902,0.07255072786310346,1.3860797096181463,1.2976,1.2839227912418194,1.3027,1.2995135522410017,1.33255,1.2782378599102249,1.1079999999999999,1.185892807331313,1.1057299999999999,1.181652906569042,-0.07792207792207784,-7.792207792207782,-0.1065877128053293,-10.658771280532932,0.14191106906338713,14.191106906338707,33.17757009345799,38.500000000000014,56.42286416717886,1.2993416526734645,1.254302823583168,0.04503882909029655,0.0683140615460859,-0.023275232455789344,-1.9283539731391335,1.33255,0.10458362305125286,1.5417172461025057,1.123382753897494,0.3139353061461196,0.19988130947980257,0.10685714285714291,8.853118712273647,0.1348571428571429,11.172919872174225,0.17980952380952384,14.897226496232296,29263.964,0.8863136244973511,44041.72999999991,1.3429152063631327,28.44655624172533,-84.96423387026266,32.36408760907197,7.861635220125826,22.387286791336518,-92.13836477987417,False,True,False
1765411200000,1.207,1.229,1.091,1.177,40283.01,2025-12-11,-0.024855012427506207,-0.025169113837254776,0.024855012427506207,0.04671564066393874,0.8925010617161304,0.045047112027116684,0.8606238668686885,0.07146972045767942,1.365427092136038,0.07165055253160854,1.3688818840575507,1.2708,1.2482818608278796,1.2894,1.277238360924456,1.3371,1.2685961589634753,1.11374,1.1855440151326722,1.10369,1.1815596012938916,-0.10221205186880233,-10.221205186880237,-0.10152671755725196,-10.15267175572519,0.08379373848987104,8.379373848987106,19.158878504672956,36.960000000000015,55.10328068043743,1.28051985995447,1.2485766882287386,0.03194317172573147,0.06103988358201501,-0.02909671185628354,-2.4721080591574798,1.3371,0.09481611011237666,1.5267322202247533,1.1474677797752466,0.28364702748448634,0.07786709502676195,0.10885714285714296,9.24869523000365,0.13521428571428576,11.488044665614762,0.1793809523809524,15.24052271715823,29228.7425,1.378198531804781,3758.7199999999066,1.3417903372086524,27.475372864085607,-181.62558490844074,30.40667458179317,21.026894865525687,21.159443509703504,-78.97310513447431,False,True,False
1765497600000,1.177,1.55,1.14,1.277,45970.58,2025-12-12,0.08496176720475779,0.0815447487722625,0.08496176720475779,0.06676689814316628,1.275579797972623,0.053670622633708406,1.0253758056780087,0.06678202024714427,1.2758687053634654,0.07182520610889934,1.3722186359665294,1.2618,1.2578545738852531,1.2890000000000001,1.277195022574555,1.33895,1.2693965247766967,1.1225,1.1891310643959356,1.10262,1.1834729981574617,-0.03403933434190631,-3.4039334341906313,-0.0031225604996096834,-0.3122560499609683,0.029838709677419306,2.9838709677419293,44.55128205128205,38.81987577639752,55.80143540669856,1.2799783430383977,1.2506821188236636,0.0292962242147341,0.05469115170855882,-0.025394927493824722,-1.9886395844811844,1.33895,0.09316848066526529,1.5252869613305307,1.1526130386694695,0.27833296438333105,0.3337688895492096,0.15014285714285722,11.757467278219046,0.14607142857142863,11.43863966886677,0.19109523809523812,14.964388261177614,29979.389999999996,1.5334061166688184,49729.29999999991,1.3416504366611768,25.351439353697504,-15.56111309594709,44.51699321800545,40.52287581699345,23.13713530088165,-59.47712418300656,True,False,False
1765584000000,1.277,1.5,1.115,1.241,70856.4,2025-12-13,-0.028191072826938002,-0.028596070827931943,0.028191072826938002,0.06759356132270221,1.2913731758420395,0.049764102415616004,0.9507418417055443,0.06406341779282733,1.223929878401494,0.07174841590852815,1.37075156124837,1.248,1.2522363825901688,1.2771000000000001,1.2706141093791812,1.33355,1.2666920938449127,1.13112,1.1911654345779137,1.1020100000000002,1.1846260204019885,-0.05267175572519078,-5.26717557251908,-0.08750000000000002,-8.75,-0.08005930318754628,-8.005930318754624,37.98219584569733,38.343558282208605,57.06422018348624,1.2739816748786443,1.2499649248072824,0.024016750071361948,0.04855627138111945,-0.0245395213097575,-1.9773989774180094,1.33355,0.09565204209997281,1.5248540841999456,1.1422459158000544,0.28690950350559874,0.2581076212066929,0.1940000000000001,15.632554391619669,0.16285714285714295,13.12305744215495,0.1952380952380953,15.732320325390434,31551.208000000002,2.2457587043893845,-21127.100000000086,1.3410331367545727,22.48285870009132,-59.386517655451044,32.45805656780301,32.67973856209153,31.409836414870217,-67.32026143790847,False,True,False
1765670400000,1.241,1.388,1.09,1.09,32679.33,2025-12-14,-0.12167606768734895,-0.12973980998141788,0.12167606768734895,0.08058859386663939,1.53964292399627,0.05978458838346716,1.142182957317223,0.06441850378174208,1.2307137866943663,0.07408014874724075,1.415299254582175,1.1984,1.1981575883934459,1.2582,1.2377751804011483,1.3137,1.2498642753797198,1.13698,1.1871976111876628,1.09964,1.1827298743072565,-0.18535127055306422,-18.53512705530643,-0.14777169663799827,-14.777169663799834,-0.26698049764626763,-26.698049764626763,26.890756302520998,32.85151116951381,50.94882116158713,1.2456768018203914,1.2381156706674346,0.007561131152956868,0.04035724333548693,-0.03279611218253006,-3.008817631424776,1.3137,0.10303964489968365,1.5197792897993674,1.1076207102006328,0.3137387376103635,-0.042752258651967696,0.22371428571428575,20.52424639580603,0.17321428571428577,15.891218872870253,0.19676190476190478,18.051550895587592,30516.433499999996,1.0708764508801465,-53806.43000000009,1.3402701007909152,20.738840581162318,-161.11647361647377,31.628744889618815,0.0,24.400871459694986,-100.0,False,True,False
1765756800000,1.09,1.151,0.92,1.0,45041.99,2025-12-15,-0.0825688073394496,-0.0861776962410524,0.0825688073394496,0.07796507768305248,1.4895207176858631,0.061734247849675794,1.1794311491186324,0.06188185376315255,1.1822511561360098,0.07471377994379771,1.4274047615949492,1.157,1.1321050589289638,1.2273,1.1945433294191214,1.2831,1.2260676777196815,1.13998,1.1798555480154242,1.09635,1.179069140513095,-0.17149958574979296,-17.149958574979294,-0.23605805958747128,-23.60580595874713,-0.3796526054590571,-37.96526054590571,18.587360594795513,30.864197530864203,47.611111111111114,1.2078803707711003,1.22047747221941,-0.012597101448309722,0.0297663743787276,-0.042363475827037325,-4.236347582703733,1.2831,0.10063582076503852,1.484371641530077,1.0818283584699229,0.31372713199295,-0.20327840983424098,0.2454285714285714,24.54285714285714,0.17450000000000004,17.450000000000003,0.1918571428571429,19.18571428571429,29393.562000000005,1.5323760352692195,-98848.42000000009,1.3380902860843777,19.213224169299657,-303.015103382935,31.4589108344979,12.698412698412692,15.126050420168065,-87.30158730158732,False,True,False
1765843200000,1.0,1.079,0.975,1.032,14018.84,2025-12-16,0.03200000000000003,0.031498667059371016,0.03200000000000003,0.08365562531547721,1.5982384775517957,0.06389262953180921,1.220666973256216,0.05279854115855071,1.0087147124891052,0.07479860531065662,1.4290253479533093,1.1280000000000001,1.0987367059526425,1.1994,1.164989996797463,1.26745,1.2075850417429865,1.1436199999999999,1.1740565472601245,1.0935000000000001,1.176123501142213,-0.12319456244689886,-12.31945624468989,-0.21281464530892447,-21.281464530892443,-0.23271375464684008,-23.27137546468401,30.06833712984053,34.68634686346864,43.80214541120382,1.180821852190931,1.2065161775259423,-0.02569432533501126,0.018674234435979827,-0.044368559770991085,-4.299279047576656,1.26745,0.11395866055631676,1.4953673211126335,1.0395326788873664,0.3596470410866441,-0.016525025063022468,0.24471428571428572,23.712624584717606,0.17364285714285718,16.82585825027686,0.1825238095238096,17.686415651531938,26894.503999999997,0.5212529667771527,-84829.58000000009,1.3374286452789825,18.036836836668545,-223.14793965323088,35.28328435205583,17.777777777777775,10.15873015873015,-82.22222222222221,False,False,True
1765929600000,1.032,1.157,1.01,1.026,38962.13,2025-12-17,-0.005813953488372103,-0.00583092031079321,0.005813953488372103,0.06117067858641144,1.1686641734619703,0.06330315253915071,1.2094050311244653,0.05278372225887917,1.0084315978084042,0.07443546430190016,1.4220875487224407,1.0778,1.0744911373017618,1.1698,1.1397190882888335,1.25175,1.190291228240783,1.14614,1.1682496923887,1.09043,1.1731173684367113,-0.196554424432263,-19.655442443226303,-0.22390317700453854,-22.39031770045386,-0.23432835820895526,-23.432835820895527,31.807228915662634,27.432432432432435,39.746031746031754,1.1570031057000185,1.193144608416823,-0.036141502716804386,0.007711087005422982,-0.043852589722227366,-4.274131551874012,1.25175,0.1245729019278961,1.500895803855792,1.0026041961442078,0.3980759797975508,0.04695203269273986,0.24471428571428572,23.851294903926483,0.1757857142857143,17.133110554163185,0.1714761904761905,16.71307899378075,28025.897999999997,1.3902187897779403,-123791.71000000008,1.335815251637541,16.547075198530646,-154.3739952162493,38.30625230003119,16.825396825396822,15.767195767195757,-83.17460317460318,True,False,False
1766016000000,1.026,1.058,1.0,1.02,13728.41,2025-12-18,-0.005847953216374324,-0.005865119452398134,0.005847953216374324,0.0631473141391035,1.2064277426719996,0.06339123578590355,1.211087859190805,0.05000942819080105,0.9554287840594785,0.07425724955065319,1.4186827606805594,1.0335999999999999,1.0563274248678411,1.1408,1.1179519813272272,1.2317,1.1740730160249384,1.14912,1.1624352903738595,1.08713,1.1700519671407492,-0.17808219178082196,-17.808219178082197,-0.22137404580152675,-22.137404580152673,-0.2821956368754398,-28.219563687543985,9.968847352024937,30.5263157894737,33.81843381843382,1.1359257048230926,1.1803190815090794,-0.04439337668598675,-0.002709805732858968,-0.04168357095312778,-4.086624603247822,1.2317,0.12811840740420513,1.4879368148084102,0.9754631851915898,0.41607017099685023,0.08690557373988327,0.2332857142857143,22.871148459383754,0.17107142857142862,16.771708683473392,0.16790476190476195,16.461251167133522,26742.970499999996,0.5133464885660328,-137520.12000000008,1.335171670453561,15.426256325561285,-150.14623891783194,38.44727268586951,15.87301587301587,16.82539682539682,-84.12698412698413,False,True,False
1766102400000,1.02,1.102,0.971,1.043,15099.74,2025-12-19,0.022549019607843057,0.022298548722455604,0.022549019607843057,0.04500871989973684,0.859890386304983,0.06348334111920197,1.2128475291127034,0.050697904523228636,0.9685821059218152,0.07345176592589682,1.4032940176370556,1.0242,1.051884949911894,1.1113,1.1043243483586405,1.2142,1.1615898716399142,1.1538,1.1577510205027233,1.08351,1.1675089480340366,-0.04311926605504601,-4.311926605504601,-0.2204783258594919,-22.047832585949187,-0.25125628140703526,-25.125628140703522,17.857142857142833,29.787234042553195,28.784489187173747,1.121629442542617,1.1701472974304412,-0.04851785488782423,-0.011871415563852024,-0.036646439323972206,-3.513560817255245,1.2142,0.12882815972000275,1.4718563194400054,0.9565436805599945,0.42440507237688263,0.16777449826946034,0.19342857142857145,18.545404739076844,0.17178571428571435,16.470346527872902,0.1618571428571429,15.518422133954257,26430.159000000003,0.5713071949359063,-122420.38000000008,1.334495757682409,14.941218459282089,-119.39427692470902,37.877395801102374,19.523809523809504,17.40740740740739,-80.4761904761905,True,True,False
1766188800000,1.043,1.085,1.022,1.033,8472.21,2025-12-20,-0.009587727708533111,-0.009633985881133934,0.009587727708533111,0.01917429013683776,0.36632429870518596,0.057747667756351324,1.1032676433775022,0.05054240295188206,0.9656112525726396,0.07324241517618163,1.3992943771796764,1.0308,1.0455899666079294,1.0939,1.0913562850207057,1.1983000000000001,1.1493432171965114,1.15884,1.1528582887388548,1.0800800000000002,1.1648172480652401,0.03299999999999992,3.299999999999992,-0.14415907207953615,-14.415907207953616,-0.23538119911176913,-23.53811991117691,32.93413173652689,29.129129129129126,35.608856088560884,1.1079941436899068,1.1599882381181663,-0.05199409442825953,-0.01989595133673353,-0.032098143091526005,-3.1072742586182,1.1983000000000001,0.13066634890759962,1.4596326978151994,0.9369673021848008,0.43617240726896317,0.18373647579896094,0.14742857142857144,14.271884939842346,0.17071428571428576,16.526068316968615,0.15771428571428575,15.267597842622049,25877.169,0.3274009610556703,-130892.59000000008,1.3341280815598002,15.544351077669834,-99.14720730505455,40.249763424402076,17.936507936507915,17.777777777777757,-82.06349206349208,False,False,True
1766275200000,1.033,1.051,0.9,0.94,38347.67,2025-12-21,-0.09002904162633107,-0.09434259385558896,0.09002904162633107,0.042423523456714025,0.8105002776101087,0.06259535207734765,1.1958825222887888,0.05336081980864136,1.0194570310157052,0.07366166360802151,1.4073041072234465,1.0124,1.010393311071953,1.0702,1.0638369604714866,1.1798,1.1294057679374825,1.1606800000000002,1.1445100280112954,1.07425,1.1603193024467975,-0.08914728682170547,-8.91472868217055,-0.20135938827527622,-20.135938827527617,-0.2824427480916031,-28.244274809160313,32.352941176470566,24.46524064171122,32.93515358361775,1.0821488908145365,1.143692812710945,-0.06154392189640845,-0.02822554544866852,-0.033318376447739925,-3.54450813273829,1.1798,0.1398866458394475,1.459573291678895,0.900026708321105,0.4742724049481184,0.07143871997040664,0.12642857142857142,13.449848024316108,0.1750714285714286,18.624620060790278,0.15761904761904763,16.767983789260388,26116.829,1.4683126347383135,-169240.26000000007,1.3319984123031732,15.948640045886586,-127.8793169546561,34.0142550481238,6.153846153846142,14.538054538054512,-93.84615384615385,False,True,False
1766361600000,0.94,0.998,0.911,0.929,29519.13,2025-12-22,-0.011702127659574346,-0.01177113645021094,0.011702127659574346,0.04208991185255359,0.8041266368619073,0.05088093106640898,0.9720788231195049,0.053339050357845086,1.0190411262422179,0.07356821763981702,1.4055188245076307,0.993,0.9832622073813019,1.0353999999999999,1.0393211494766708,1.1622,1.1103195043224676,1.16274,1.136057801403065,1.06911,1.1556922186454988,-0.09454191033138404,-9.454191033138398,-0.2725137039937352,-27.251370399373524,-0.2747853239656517,-27.478532396565175,15.436241610738207,24.49799196787147,27.67695099818512,1.0585875229969155,1.1277896410724202,-0.06920211807550469,-0.03642085997403576,-0.03278125810146893,-3.5286607213637167,1.1622,0.14837030487406014,1.4589406097481201,0.8654593902518797,0.5106532606231634,0.10706422993815204,0.10585714285714286,11.394740888820545,0.17564285714285716,18.906658465323698,0.15161904761904763,16.320672510123533,26538.383499999996,1.1123183143389275,-198759.39000000007,1.3302978142908888,14.599476527268125,-118.97204873553808,33.6211873128907,4.461538461538465,9.5172975172975,-95.53846153846153,False,False,True
1766448000000,0.929,0.934,0.88,0.887,33531.68,2025-12-23,-0.0452099031216362,-0.046263756504259054,0.0452099031216362,0.04270939580193514,0.8159618610969017,0.05109465468467017,0.9761620071131512,0.05058423868975405,0.966410523222421,0.07276150027697513,1.3901065109310984,0.9663999999999999,0.951174804920868,1.0,1.011626395026367,1.13855,1.089050980099343,1.1653799999999999,1.1262898817207188,1.0640100000000001,1.1503186440714717,-0.13039215686274508,-13.039215686274511,-0.28525382755842066,-28.525382755842067,-0.3477941176470588,-34.779411764705884,12.432432432432392,20.367936925098533,27.32974910394266,1.0321894425358515,1.109953371024183,-0.07776392848833136,-0.04468947367689489,-0.03307445481143647,-3.728799866001857,1.13855,0.1528130867225865,1.444176173445173,0.8329238265548269,0.5368691290591947,0.08846783774373625,0.09871428571428573,11.129006281204704,0.1717142857142857,19.358995007247543,0.1486666666666667,16.760616309658026,27541.414500000003,1.2175002848891439,-232291.07000000007,1.328156736502347,12.469057195356255,-124.63196827019009,27.92803490165943,1.0447761194029859,3.88672024492919,-98.955223880597,False,True,False
1766534400000,0.887,0.894,0.847,0.88,16192.36,2025-12-24,-0.007891770011273946,-0.007923074837327322,0.007891770011273946,0.03547352269125411,0.677720699422945,0.04040434716356497,0.7719239686948232,0.04976430255508981,0.9507456653648225,0.0727500657435609,1.3898880544769558,0.9338,0.9274498699472454,0.9790000000000001,0.9876943232033912,1.1186,1.069141362945384,1.16804,1.1166305551646696,1.05905,1.1449136074990227,-0.15627996164908908,-15.627996164908911,-0.19266055045871566,-19.266055045871568,-0.3119624706802189,-31.196247068021886,12.365591397849428,24.332810047095748,28.214616096207223,1.0087756821457206,1.092919787685442,-0.0841441055397214,-0.052580400049460206,-0.0315637054902612,-3.5867847148024086,1.1186,0.15941452089971217,1.4374290417994244,0.7997709582005756,0.5700501373134711,0.12581827763654058,0.08442857142857144,9.594155844155845,0.16457142857142856,18.7012987012987,0.14533333333333337,16.51515151515152,27742.762,0.5836607040063279,-248483.43000000005,1.3270664615796472,10.4980203641431,-121.25435540069675,28.96794464121494,4.694167852062592,3.400160811001341,-95.30583214793741,False,True,False
1766620800000,0.88,0.97,0.851,0.95,22392.72,2025-12-25,0.07954545454545459,0.0765400771223344,0.07954545454545459,0.06233422953397954,1.1908937831024726,0.04495917533832026,0.8589438387881747,0.053613866629022615,1.0242914837309924,0.0716996164211227,1.3698192483505576,0.9172,0.9349665799648302,0.974,0.9808408098936837,1.10065,1.057794566473549,1.17032,1.110095438679716,1.0543500000000001,1.141017051229196,-0.0803484995159729,-8.034849951597286,-0.050000000000000044,-5.000000000000004,-0.27425515660809774,-27.42551566080978,30.042918454935617,33.2348596750369,33.783783783783775,0.9997332695079174,1.0823331365731863,-0.0825998670652689,-0.05858429345262195,-0.024015573612646945,-2.5279551171207313,1.10065,0.1570411528364814,1.4147323056729628,0.7865676943270371,0.5707214930685738,0.2601743280679049,0.09314285714285715,9.804511278195491,0.16321428571428573,17.180451127819552,0.1450952380952381,15.273182957393486,28089.260499999997,0.7971986304160625,-226090.71000000005,1.3257326158044827,8.11365462558462,-89.15093791066305,35.10202465219311,14.651493598862016,6.796812523442523,-85.34850640113798,True,False,False
1766707200000,0.95,0.999,0.906,0.957,18189.21,2025-12-26,0.007368421052631691,0.007341406858367855,0.007368421052631691,0.04617130345790967,0.8821015139970395,0.04340343435466345,0.8292214490288745,0.05372156372069001,1.0263490337782741,0.06938492452668918,1.3255971218000735,0.9206,0.9423110533098868,0.9664999999999999,0.9765061171857412,1.0829499999999999,1.0481950839516112,1.17056,1.1040911796640274,1.05168,1.1373390261023704,0.018085106382978777,1.808510638297874,-0.07267441860465118,-7.267441860465122,-0.2700228832951945,-27.002288329519452,33.47826086956522,22.60273972602738,35.11029411764706,0.9931589203528532,1.0730492003905845,-0.07989028003773124,-0.06284549076964381,-0.017044789268087432,-1.7810647093090315,1.0829499999999999,0.15195202670926522,1.3868540534185303,0.7790459465814694,0.5612522340247111,0.2927799932524359,0.0877142857142857,9.165547096581578,0.14057142857142857,14.688759516345723,0.14376190476190476,15.022142608349506,28382.707000000002,0.6408553630913357,-207901.50000000006,1.3247368832038817,9.085368513726438,-69.22682559518081,28.355434766664033,16.84532924961715,12.063663566847245,-83.15467075038285,True,False,False
1766793600000,0.957,1.046,0.92,1.029,25999.85,2025-12-27,0.07523510971786829,0.0725393443810953,0.07523510971786829,0.0542449233044458,1.0363478045865686,0.05055716080157687,0.9658932008951728,0.05717017334299817,1.092234628101942,0.0662341906852959,1.2654024362801308,0.9405999999999999,0.9712073688732579,0.9667999999999999,0.9860504595156063,1.0683,1.046366980718013,1.16914,1.101146184203564,1.04867,1.1351740105211094,0.10764262648008605,10.764262648008597,0.0029239766081869956,0.2923976608187029,-0.22163388804841155,-22.163388804841162,71.29186602870814,32.9032258064516,34.69010175763181,0.9986729326062604,1.0697862966123426,-0.07111336400608215,-0.06449906541693148,-0.006614298589150663,-0.6427889785374795,1.0683,0.14145339571001955,1.3512067914200392,0.7853932085799609,0.5296392238510514,0.43054249457438726,0.09671428571428571,9.398861585450508,0.12207142857142857,11.863112591975566,0.14604761904761906,14.193160257300203,28661.084499999997,0.9071481576351377,-181901.65000000005,1.323491897795343,9.860354150576041,-43.613707165109,40.94964355680637,33.641404805914966,21.712742551464704,-66.35859519408504,True,False,False
1766880000000,1.029,1.042,0.921,0.922,24558.25,2025-12-28,-0.10398445092322628,-0.1097975122774556,0.10398445092322628,0.07485263956921721,1.4300576710136157,0.06064737842718767,1.158666537957766,0.060835231733357406,1.162255470332888,0.06465941373274728,1.235316364845801,0.9475999999999999,0.9548049125821719,0.9570000000000001,0.9744049214218596,1.0489,1.0345225063632624,1.16246,1.0941202859278887,1.0453700000000001,1.130914777134035,0.03945885005636973,3.945885005636982,-0.09607843137254901,-9.6078431372549,-0.2961832061068702,-29.61832061068702,48.85245901639344,35.41666666666666,33.87533875338754,0.9868770968206818,1.0588391633882717,-0.07196206656758986,-0.06599166564706316,-0.005970400920526697,-0.6475489067816375,1.0489,0.13290871422066403,1.314717428441328,0.7830825715586719,0.5068498969231159,0.26130233306351913,0.09242857142857143,10.024790827393863,0.10942857142857143,11.86860861481252,0.14752380952380956,16.00041318045657,29045.481,0.8455101845275002,-206459.90000000005,1.3221930060382623,9.944740710378756,-59.44952003127385,42.80015675701614,24.19354838709679,24.893427480876294,-75.80645161290322,False,False,True
1766966400000,0.922,1.19,0.921,1.006,40289.76,2025-12-29,0.09110629067245113,0.08719212710309063,0.09110629067245113,0.08169893067335958,1.5608558789033666,0.06796451155891158,1.2984601701539096,0.06492717363727436,1.2404319106390091,0.0649615580886756,1.241088824660651,0.9728,0.9718699417214479,0.9532999999999999,0.9801494811633398,1.0323,1.0318060771856732,1.15544,1.0906643248631795,1.0432400000000002,1.1284194145453166,0.14318181818181808,14.318181818181818,-0.03547459252157237,-3.547459252157231,-0.24813153961136025,-24.813153961136027,67.14697406340059,50.52631578947368,36.95090439276485,0.9898190819251924,1.0549251512385347,-0.06510606931334229,-0.06581454638031899,0.000708477066976701,0.07042515576309155,1.0323,0.11433565544161563,1.2609713108832312,0.8036286891167688,0.4430326666341785,0.4424938793187095,0.11842857142857142,11.772223800056802,0.11214285714285714,11.147401306447032,0.15657142857142856,15.563760295370631,30003.515999999996,1.3428346197825618,-166170.14000000004,1.3205349329641436,12.307215893860715,-7.407914711958835,55.908547106004754,46.355685131195344,34.73021277473569,-53.644314868804656,True,False,False
1767052800000,1.006,1.218,1.0,1.028,31043.13,2025-12-30,0.021868787276341894,0.02163309535542585,0.021868787276341894,0.07685714590301655,1.4683537107490532,0.06827660508737106,1.3044227086430764,0.06205891259720178,1.1856338604108363,0.06458048348884295,1.2338084046533486,0.9884000000000001,0.990579961147632,0.9528000000000001,0.9888495754972779,1.02335,1.0314435936441642,1.15044,1.088206720273905,1.0417699999999999,1.1264137341378677,0.0821052631578949,8.210526315789481,-0.004840271055179035,-0.48402710551789874,-0.14830157415078715,-14.830157415078709,70.44198895027625,49.64285714285714,38.0186282811177,0.9956930693213166,1.0529306955691065,-0.05723762624778983,-0.06409916235381316,0.00686153610602333,0.6674646017532423,1.02335,0.10669103203076714,1.2367320640615342,0.8099679359384657,0.4170265579939107,0.5108959485898006,0.14185714285714285,13.799332962757086,0.12028571428571429,11.700944969427459,0.16176190476190477,15.735593848434315,30258.819999999996,1.0259200457916073,-135127.01000000004,1.31946368706291,14.866070088834856,31.130055740929947,58.30693135093881,48.787061994609175,39.7787651709671,-51.21293800539082,True,False,False
1767139200000,1.028,1.073,0.973,0.99,19547.75,2025-12-31,-0.03696498054474706,-0.037665502886474786,0.03696498054474706,0.08088785724148394,1.5453603427447982,0.06214838384055617,1.1873432061150149,0.062309732445858,1.1904257668910563,0.06342356701795876,1.2117055465119195,0.9949999999999999,0.9903866407650881,0.9578000000000001,0.989058743588682,1.014,1.0274965847255109,1.1470799999999999,1.0843552051834568,1.04017,1.1236896039254485,0.034482758620689724,3.448275862068969,0.05319148936170226,5.319148936170218,-0.15887850467289721,-15.887850467289724,56.06060606060607,46.95945945945946,36.25827814569535,0.9948172125026525,1.0482691625160967,-0.05345195001344416,-0.06196971988573936,0.008517769872295203,0.8603807951813336,1.014,0.10053331471916051,1.215066629438321,0.812933370561679,0.3965811231525069,0.4403182913369465,0.1494285714285714,15.093795093795093,0.11692857142857142,11.81096681096681,0.15952380952380954,16.113516113516116,29222.056999999993,0.6689381928178432,-154674.76000000004,1.3185966535855425,16.358832927452944,-18.399084233743967,49.59069851507362,38.544474393531004,44.562407173111836,-61.455525606468996,False,True,False
1767225600000,0.99,1.032,0.967,1.015,29212.39,2026-01-01,0.025252525252525082,0.02493894834725193,0.025252525252525082,0.07347445855417413,1.4037275596915535,0.06201546861892471,1.1848038643712573,0.059028718791014914,1.1277420890299703,0.06294404914102592,1.2025443703364038,0.9922000000000001,0.998591093843392,0.9663999999999999,0.993775335663467,1.0009000000000001,1.0263064337992278,1.14562,1.0816352092292987,1.0379800000000001,1.1215194778092625,-0.013605442176870763,-1.3605442176870761,0.0925726587728739,9.25726587728739,-0.20516836335160538,-20.516836335160534,58.33333333333332,49.590834697217666,37.919737919737905,0.9979222567330137,1.0458047800840544,-0.04788252335104071,-0.05915228057879964,0.011269757227758935,1.1103209091388115,1.0009000000000001,0.07928356835137447,1.1594671367027491,0.8423328632972512,0.31684910920721143,0.5444606628245791,0.1417142857142857,13.961998592540464,0.11742857142857142,11.569317382125265,0.15604761904761905,15.374149659863948,28384.1475,1.0291797560592582,-125462.37000000004,1.317279250109376,17.920367158560985,-13.914095583787025,47.40279441213802,45.283018867924504,44.20485175202155,-54.716981132075496,False,True,False
1767312000000,1.015,1.039,0.983,1.005,20885.47,2026-01-02,-0.009852216748768461,-0.00990107098271157,0.009852216748768461,0.04798070859354011,0.9166701505751389,0.059432029099079485,1.1354473216465606,0.05886902739152397,1.1246911891264908,0.061676998239463696,1.1783373968512774,1.0088000000000001,1.0007273958955947,0.9782,0.9958161837246547,0.9891,1.0242772496278048,1.1458599999999999,1.0786297115809484,1.03639,1.1191934004608446,0.09002169197396936,9.002169197396945,0.13303269447576094,13.303269447576085,-0.19016921837228062,-19.016921837228058,45.8041958041958,46.82274247491638,36.15960099750622,0.9990111403125501,1.0427822037549093,-0.04377106344235915,-0.05607603715151155,0.0123049737091524,1.224375493448,0.9891,0.055732349105729176,1.1005646982114583,0.8776353017885417,0.22538610496705758,0.5713230298701218,0.1364285714285714,13.574982231698648,0.11207142857142857,11.151385927505332,0.1391904761904762,13.84979862591803,25885.601000000002,0.8068373610487158,-146347.84000000003,1.316357089851703,18.7147968321046,6.1535794765122995,48.209662554305964,42.58760107816709,42.138364779874195,-57.41239892183291,True,False,False
1767398400000,1.005,1.15,0.986,1.022,26317.44,2026-01-03,0.01691542288557235,0.016773950270473827,0.01691542288557235,0.0264869726605538,0.5060329021547288,0.05892448483150916,1.1257507020297366,0.05271991555603758,1.0072125724622596,0.06168081592403459,1.1784103336125933,1.012,1.0078182639303963,0.9924,1.0005768775928994,0.9856999999999999,1.0240603687108645,1.14612,1.0764087999021785,1.03547,1.1172534417861406,0.015904572564612307,1.5904572564612343,0.16136363636363638,16.136363636363637,-0.062385321100917435,-6.238532110091748,75.51020408163264,49.0909090909091,41.505968778696044,1.0025478879567733,1.0412427812419909,-0.03869489328521758,-0.05259980837825275,0.013904915093035174,1.3605592067549093,0.9856999999999999,0.051137688233782216,1.0879753764675644,0.8834246235324354,0.20751826411192953,0.6774620698243642,0.14185714285714282,13.880346659211625,0.11928571428571424,11.671792004473017,0.12866666666666665,12.589693411611218,25567.5065,1.0293315071612479,-120030.40000000002,1.315366892087012,20.451848661863924,80.21688088495173,50.84489595559944,47.16981132075473,45.01347708894877,-52.83018867924527,True,False,False
1767484800000,1.022,1.062,1.01,1.049,16966.03,2026-01-04,0.02641878669275921,0.02607583763264735,0.02641878669275921,0.027342582458342177,0.5223793043893518,0.054879766081886064,1.048476458819617,0.04947341287819089,0.9451882258909172,0.06174981959951906,1.1797286469816688,1.0162,1.0215455092869308,1.0023,1.0093810816669175,0.9881499999999999,1.0264355716908473,1.1471200000000001,1.075333880517295,1.03484,1.1158913331929332,0.020428015564202262,2.0428015564202244,0.10421052631578953,10.421052631578945,0.04899999999999993,4.899999999999993,65.46762589928055,60.1113172541744,44.106813996316745,1.0096943667326543,1.0418173900432195,-0.03212302331056516,-0.048504451364715234,0.016381428054150077,1.5616232654099216,0.9881499999999999,0.05299878350143847,1.0941475670028769,0.8821524329971229,0.21453740222208573,0.7870348901420939,0.13199999999999998,12.583412774070544,0.1122142857142857,10.697262699169276,0.11695238095238095,11.148940033592083,24163.7085,0.7021285660684079,-103064.37000000002,1.3147026906978525,24.562790966416603,60.32793154548498,53.64219263521442,54.447439353099725,48.0682839173405,-45.55256064690028,False,False,True
1767571200000,1.049,1.1,1.02,1.043,18979.64,2026-01-05,-0.0057197330791229906,-0.005736153395524746,0.0057197330791229906,0.017244143128347,0.32944889188504595,0.05514036086826908,1.0534551152228904,0.04904968302668561,0.9370928784446558,0.061759467104997974,1.1799129623150446,1.0268000000000002,1.028697006191287,1.0109,1.0154936122729326,0.9887,1.0280131362917582,1.1480199999999998,1.0740658121120028,1.03429,1.1144368928500838,0.05353535353535355,5.353535353535347,0.08986415882967602,8.986415882967604,0.010658914728681967,1.0658914728682072,56.09756097560972,60.67415730337078,38.20564516129032,1.0148183103122461,1.0419049907813713,-0.027086680469125213,-0.044220897185597234,0.01713421671647202,1.6427820437652945,0.9887,0.05353218412173065,1.0957643682434612,0.8816356317565387,0.21657604580451353,0.7535857675661212,0.105,10.067114093959733,0.11171428571428572,10.710861525818382,0.10976190476190475,10.52367255627083,24411.748499999998,0.7774797450498067,-122044.01000000002,1.3140011708023829,28.900429636342405,76.8780989802602,60.714711048564894,52.83018867924527,51.48247978436657,-47.16981132075473,True,False,False
1767657600000,1.043,1.06,0.96,1.001,32218.7,2026-01-06,-0.04026845637583898,-0.04110167568555192,0.04026845637583898,0.026000639084273445,0.4967415122260132,0.05196974606751377,0.9928806045076517,0.049924104249009005,0.9537986724403952,0.062045060667271404,1.1853692196611008,1.0239999999999998,1.0194646707941912,1.0081,1.0128584100414904,0.9874499999999999,1.0254404566448663,1.1478599999999999,1.071200327458657,1.0332599999999998,1.1121737679490895,-0.01379310344827589,-1.3793103448275876,-0.027210884353741527,-2.7210884353741522,-0.024366471734892925,-2.4366471734892916,54.330708661417276,60.67415730337078,37.975951903807605,1.0126924164180544,1.038874991444616,-0.026182575026561627,-0.04061323275379011,0.014430657727228485,1.4416241485742745,0.9874499999999999,0.05290356171474687,1.0932571234294937,0.8816428765705062,0.21430375903487514,0.5640316056273338,0.08814285714285716,8.805480234051666,0.11499999999999999,11.48851148851149,0.10957142857142856,10.946196660482373,24074.576999999997,1.338287272918648,-154262.71000000002,1.312603424410226,32.246695962789794,15.156523548927932,60.3181981238182,41.50943396226413,49.59568733153637,-58.49056603773587,False,True,False
1767744000000,1.001,1.019,0.93,0.95,27231.88,2026-01-07,-0.05094905094905089,-0.052292794720634,0.05094905094905089,0.03413025255170879,0.6520575594407674,0.04212544734856722,0.8048055415599918,0.051202491604264204,0.9782222285692205,0.061606688558441224,1.1769941322814323,1.0130000000000001,0.9963097805294607,1.0109,1.0014296082157648,0.9839499999999999,1.0182556512499712,1.1452,1.0664471205346966,1.03256,1.1089387976080791,-0.05472636815920395,-5.472636815920392,0.030368763557483636,3.0368763557483636,-0.06862745098039225,-6.8627450980392215,28.75816993464055,56.055363321799305,42.20489977728284,1.0030474292768152,1.0322916587055508,-0.029244229428735613,-0.03833943208877921,0.0090952026600436,0.9573897536888001,0.9839499999999999,0.05295228736176444,1.0898545747235286,0.878045425276471,0.21526413887601775,0.33971419512033035,0.08657142857142856,9.112781954887218,0.11799999999999998,12.421052631578945,0.1068095238095238,11.243107769423558,24749.750500000002,1.100289071600944,-181494.59000000003,1.3112760149905311,35.95103319137403,-39.638856701428985,58.26448084204698,26.97547683923705,40.438366493582144,-73.02452316076294,False,True,False
1767830400000,0.95,0.96,0.9,0.951,32589.98,2026-01-08,0.001052631578947416,0.0010520779508038345,0.001052631578947416,0.03155958631166327,0.6029450498839949,0.02894766158999575,0.5530442981426118,0.050878123282809024,0.9720251804891478,0.060850772011567876,1.162552366931224,0.9987999999999999,0.9812065203529738,1.0054,0.9922605885401711,0.9793499999999999,1.0118503511308088,1.14402,1.0619195510212016,1.03207,1.1057887631449501,-0.06947162426614484,-6.947162426614488,-0.05467196819085496,-5.467196819085491,-0.08820709491850431,-8.820709491850428,31.25000000000003,50.09823182711198,46.97156983930778,0.9950401324649975,1.0262700543235685,-0.031229921858571097,-0.03691753004273759,0.005687608184166491,0.5980660551174019,0.9793499999999999,0.05152952653832499,1.08240905307665,0.87629094692335,0.210464191712156,0.3624574981350026,0.08585714285714284,9.028090731560761,0.11378571428571428,11.964849031095088,0.10690476190476189,11.241299884833007,25624.2625,1.2718407017567823,-148904.61000000002,1.309566784948951,38.41092623950237,-73.02609085228546,51.06908288380699,16.037735849056585,28.174215550185917,-83.96226415094341,False,True,False
1767916800000,0.951,0.99,0.9,0.907,15083.89,2026-01-09,-0.04626708727655093,-0.04737161243025363,0.04626708727655093,0.02424046294618743,0.4631133943254096,0.029866154238756423,0.5705920755581991,0.051767359610582514,0.9890140166770893,0.06083753865669782,1.1622995440414223,0.9703999999999999,0.9564710135686493,0.9933,0.976758663351049,0.97305,1.0018646034038992,1.14102,1.0558439761018148,1.0307000000000002,1.1018245558904538,-0.1353670162059103,-13.53670162059103,-0.11770428015564205,-11.770428015564201,-0.12197483059051295,-12.197483059051297,16.37426900584792,45.42124542124542,42.387332521315464,0.9814954967011517,1.0174352354393803,-0.035939738738228644,-0.036721971781835804,0.0007822330436071598,0.08624399598755896,0.97305,0.05232135017572959,1.0776927003514591,0.8684072996485408,0.21508185674211844,0.18440225750023415,0.0907142857142857,10.001575051189162,0.11357142857142856,12.521656953850998,0.10495238095238094,11.571376069722264,25954.8465,0.5811588983968755,-163988.5,1.3087711185962256,39.565078618451764,-71.67493503425482,46.76282478930183,2.2012578616352223,15.071490183309612,-97.79874213836479,True,False,False
1768003200000,0.907,0.922,0.885,0.89,18213.88,2026-01-10,-0.018743109151047377,-0.01892098738895105,0.018743109151047377,0.02176321038837186,0.4157855506617756,0.028709837372648317,0.5485006728499324,0.047931548564884144,0.915730949546407,0.06074409217741109,1.160514251561394,0.9398,0.9343140090457661,0.9832999999999998,0.9609843609235854,0.9705499999999999,0.9912108316509868,1.1371,1.0493399838410225,1.02947,1.0976009819370707,-0.14669223394055597,-14.669223394055603,-0.101010101010101,-10.1010101010101,-0.05319148936170204,-5.319148936170206,0.6211180124223716,35.84521384928718,41.82692307692308,0.967419266439436,1.0079955883248766,-0.04057632188544058,-0.03749284180255676,-0.0030834800828838174,-0.34645843627908063,0.9705499999999999,0.05510418362186646,1.0807583672437329,0.860341632756267,0.22710497603159643,0.13455587804028368,0.07257142857142858,8.154093097913323,0.1072142857142857,12.046548956661315,0.10371428571428569,11.65329052969502,24948.157,0.7300691590164357,-182202.38,1.307730128586137,40.92292066291602,-106.98496905393458,40.702596511127176,1.501501501501503,6.580165070731096,-98.49849849849849,False,True,False
1768089600000,0.89,0.922,0.87,0.893,14503.25,2026-01-11,0.003370786516853963,0.003365118150313555,0.003370786516853963,0.025554722120495355,0.48822228059495926,0.02645120252711241,0.5053495147148813,0.04788347679385779,0.9148125396504958,0.057094365277391014,1.0907863170421033,0.9182,0.9205426726971774,0.9711000000000001,0.948623568028388,0.96875,0.9818574191126705,1.1301599999999998,1.0432087260948666,1.02875,1.0935219979468773,-0.10789210789210779,-10.789210789210777,-0.12019704433497524,-12.019704433497527,-0.038751345532830994,-3.8751345532831034,2.5316455696202524,46.2532299741602,42.340168878166466,0.9559701485256766,0.9994773965595753,-0.043507248033898716,-0.038695723048825154,-0.004811524985073562,-0.538804589593904,0.96875,0.05708523175227834,1.0829204635045566,0.8545795364954434,0.23570676336424592,0.1682592078774527,0.07257142857142858,8.126699728043514,0.10228571428571429,11.454167333226684,0.09899999999999999,11.086226203807389,24197.363,0.5993731631004585,-167699.13,1.306896914473158,42.24213756986229,-103.64994214789098,41.962094181352995,6.609195402298856,3.4373182551451866,-93.39080459770113,False,True,False
1768176000000,0.893,0.95,0.86,0.88,20287.54,2026-01-12,-0.014557670772676334,-0.014664673404246853,0.014557670772676334,0.019918621141848166,0.38054472258889027,0.02644261228457209,0.5051853983615856,0.046869941705632814,0.8954489789784997,0.05551191147038079,1.0605535795092196,0.9042,0.9070284484647849,0.9585999999999999,0.9361465556595903,0.9683999999999999,0.9721567125303922,1.12078,1.0368081050750184,1.0285,1.0892657336642864,-0.0736842105263158,-7.368421052631574,-0.1243781094527362,-12.437810945273622,-0.007891770011273946,-0.7891770011273964,3.100775193798455,30.06329113924049,40.04884004884005,0.9442824333678802,0.9906272190005371,-0.04634478563265687,-0.0402255355655915,-0.006119250067065374,-0.6953693258028834,0.9683999999999999,0.057631679884561665,1.0836633597691232,0.8531366402308767,0.23804907015514928,0.1165303519823283,0.07399999999999998,8.409090909090908,0.0895,10.170454545454545,0.09914285714285713,11.266233766233764,23535.156,0.8620100074968698,-187986.67,1.3057417136505194,40.62162140223018,-100.96436058700232,37.669966100845535,5.586592178770955,4.565763027523764,-94.41340782122904,True,True,False
1768262400000,0.88,0.939,0.876,0.924,27354.12,2026-01-13,0.050000000000000044,0.04879016416943205,0.050000000000000044,0.0356299665959188,0.6807095560248847,0.03205763287479376,0.6124602161122762,0.04808670753387248,0.9186952574867189,0.05387994664002558,1.0293749352034862,0.8987999999999999,0.9126856323098567,0.9488,0.9339380909942102,0.9705999999999999,0.967570358956018,1.10952,1.0323840726576354,1.02853,1.085971824522423,-0.028391167192428957,-2.8391167192428934,-0.09589041095890405,-9.589041095890408,0.050000000000000044,5.000000000000004,39.344262295082004,34.61538461538461,43.61078546307152,0.9411620590035911,0.985691869426298,-0.044529810422706984,-0.0410863905370146,-0.0034434198856923837,-0.372664489793548,0.9705999999999999,0.0548523376654926,1.080304675330985,0.8608953246690147,0.22605537879865067,0.287611604248383,0.06871428571428569,7.436611008039576,0.07842857142857142,8.487940630797771,0.09957142857142853,10.776128633271485,24093.244,1.1353439993385699,-160632.55000000002,1.3042561735756695,38.37088417243173,-86.08752449379514,35.94598031835831,22.068965517241406,11.421584366103732,-77.9310344827586,False,False,True
1768348800000,0.924,0.942,0.841,0.843,44932.61,2026-01-14,-0.08766233766233777,-0.09174511363982883,0.08766233766233777,0.04961232941837079,0.9478422226645545,0.03764135283324758,0.7191370361326955,0.048708516240121624,0.9305748961393059,0.053362059383864985,1.0194807130671004,0.8859999999999999,0.8894570882065711,0.9282,0.9174038926316265,0.9652499999999999,0.9557065152458015,1.09414,1.0249569476207139,1.02709,1.0811297809712728,-0.07056229327453145,-7.056229327453148,-0.19637750238322205,-19.63775023832221,-0.11263157894736842,-11.263157894736842,23.267326732673283,30.70866141732283,44.23305588585018,0.9260602037722694,0.9751221012836758,-0.04906189751140644,-0.042681491931892974,-0.006380405579513464,-0.7568689892661286,0.9652499999999999,0.061751518199966604,1.0887530363999331,0.8417469636000667,0.25589854731920897,0.005072897138640374,0.07042857142857141,8.354516183697676,0.07849999999999999,9.311981020166073,0.10214285714285712,12.116590408405353,25220.2385,1.781609242117199,-205565.16000000003,1.3016076405240664,36.98781242521432,-126.16152167134376,33.82301229988248,0.6472491909385121,9.434268962316951,-99.35275080906149,True,True,False
1768435200000,0.843,0.869,0.82,0.842,22116.06,2026-01-15,-0.0011862396204033177,-0.0011869437595287257,0.0011862396204033177,0.04977115406200452,0.9508765632206332,0.03787208615082087,0.7235451899754065,0.048633362954594896,0.9291390946353391,0.04851199466169497,0.9268203566552459,0.8764,0.8736380588043807,0.9080999999999999,0.9036940939713306,0.9595,0.9448773233175314,1.08408,1.0177818881534968,1.02634,1.0763649057115587,-0.053932584269662964,-5.393258426966297,-0.19271332694151488,-19.271332694151482,-0.12016718913270641,-12.016718913270637,29.559748427672957,25.770308123249322,44.765342960288805,0.9131278647303817,0.9652612048603564,-0.052133340129974726,-0.04457186157150933,-0.007561478558465395,-0.898037833546959,0.9595,0.06763407736528568,1.0947681547305714,0.8242318452694286,0.28195550751552145,0.06567752316116889,0.06885714285714285,8.17780794027825,0.07735714285714286,9.187309127926707,0.09880952380952379,11.735097839610901,25416.581000000002,0.8701429983836142,-227681.22000000003,1.3002200417904044,35.27470078461899,-143.9231204070097,34.95184254105315,6.666666666666673,9.794293791615523,-93.33333333333333,False,True,False
1768521600000,0.842,0.93,0.82,0.876,24113.81,2026-01-16,0.04038004750593838,0.03958607669406484,0.04038004750593838,0.054759999643031305,1.0461883242180863,0.04160291152941812,0.7948225087524106,0.04615911098877685,0.8818685772013254,0.04899273226030298,0.936004835580646,0.873,0.8744253725362539,0.8956,0.8986588041583614,0.95185,0.938317578239617,1.0748,1.0122216077118233,1.02619,1.0723729500114225,-0.01903695408734607,-1.9036954087346043,-0.12487512487512475,-12.487512487512479,-0.14868804664723023,-14.868804664723026,46.02272727272727,33.07086614173231,49.33171324422843,0.9074158855410922,0.9586492637397616,-0.051233378198669355,-0.04590416489694134,-0.005329213301728017,-0.608357682845664,0.95185,0.06801104786415058,1.0878720957283012,0.8158279042716988,0.28580573772821605,0.22118500456165804,0.07171428571428573,8.18656229615134,0.08121428571428571,9.271037181996086,0.09961904761904761,11.372037399434658,25322.279000000002,0.952276451894397,-203567.41000000003,1.2988209276072467,34.713382257299465,-96.34813817855544,34.95878359174925,16.969696969696987,8.094537609100717,-83.030303030303,True,False,False
1768608000000,0.876,1.2,0.864,0.957,70358.2,2026-01-17,0.09246575342465757,0.08843730051656286,0.09246575342465757,0.06818992005995676,1.302766593519692,0.05060452023073815,0.9667980015188608,0.04532705761171564,0.8659722197527833,0.05009280202788605,0.9570216389804461,0.8884000000000001,0.9019502483575025,0.8962999999999999,0.9092662943113866,0.9536,0.9400968565025241,1.06552,1.010055977232936,1.02674,1.0700746045186653,0.08749999999999991,8.749999999999995,0.007368421052631691,0.7368421052631585,0.037960954446854656,3.796095444685457,62.59842519685037,42.69662921348314,54.29208472686734,0.9150442108424626,0.9585270960549956,-0.04348288521253307,-0.04541990896005969,0.00193702374752662,0.20240582523789133,0.9536,0.06765189537159509,1.0889037907431902,0.8182962092568098,0.2837747289076976,0.5125643190827271,0.11442857142857144,11.957008508732647,0.09350000000000001,9.770114942528737,0.1096190476190476,11.454445937204556,27612.2765,2.5480767585389055,-133209.21000000002,1.2960438207639144,34.76893753004463,41.764757171505615,42.67937605790039,36.05263157894737,19.896331738437002,-63.94736842105263,True,False,False
1768694400000,0.957,1.088,0.917,0.929,24857.07,2026-01-18,-0.02925809822361536,-0.029694652639115637,0.02925809822361536,0.06833583311455742,1.305554258513653,0.05155870410986407,0.9850276589331427,0.04074929002757478,0.7785140928584806,0.050161863593605534,0.9583410583409088,0.8894,0.910966832238335,0.8940999999999999,0.9128542408002255,0.9497500000000001,0.9390400130260861,1.05624,1.0068772025367316,1.02871,1.067264590624166,0.005411255411255311,0.5411255411255417,-0.023133543638275356,-2.3133543638275404,-0.07654075546719674,-7.654075546719677,59.107806691449824,36.547085201793735,48.77192982456142,0.9171912553282376,0.9563399037490024,-0.03914864842076471,-0.0441656568522007,0.0050170084314359945,0.5400439646325074,0.9497500000000001,0.06669717503684526,1.0831443500736906,0.8163556499263096,0.28090413282166987,0.42222309270018854,0.13142857142857142,14.147316623097032,0.102,10.979547900968782,0.11199999999999999,12.055974165769642,26840.642,0.9260981909449111,-158066.28000000003,1.2949781068464246,32.671834123732246,15.290017698469322,41.91146840353405,28.684210526315812,27.235513024986716,-71.31578947368419,False,False,True
1768780800000,0.929,0.935,0.88,0.888,18234.64,2026-01-19,-0.04413347685683533,-0.045136995821668476,0.04413347685683533,0.05546764688692427,1.0597079058297005,0.05135524886407218,0.9811406519200686,0.04128261434347041,0.788703239606998,0.050333265853669616,0.961615693921489,0.8984,0.9033112214922233,0.8921999999999999,0.9083352879274572,0.94275,0.9341790594045244,1.04698,1.0022151979754046,1.03024,1.0636943007439652,0.053380782918149405,5.338078291814952,-0.02094818081587657,-2.094818081587653,-0.13618677042801552,-13.618677042801558,43.23308270676691,33.8877338877339,46.11923509561305,0.9127002929700472,0.951277688644433,-0.038577395674385784,-0.04304800461663772,0.004470608942251937,0.5034469529562993,0.94275,0.06538620086194596,1.073522401723892,0.811977598276108,0.277427529512367,0.29066684071614307,0.12642857142857145,14.237451737451739,0.10021428571428571,11.285392535392536,0.10180952380952382,11.465036465036468,26200.2175,0.6959728483170035,-176300.92000000004,1.2940120408640503,29.564117802492753,-61.88974873411668,36.86196196271527,17.89473684210528,27.54385964912282,-82.10526315789473,False,True,False
1768867200000,0.888,0.9,0.852,0.853,12198.38,2026-01-20,-0.0394144144144144,-0.04021219550049093,0.0394144144144144,0.06011954993856452,1.1485823888418614,0.05255385241631205,1.004039940632523,0.04138131172019227,0.7905888503416668,0.05043495378702845,0.9635584391604842,0.9006000000000001,0.8865408143281489,0.8885,0.8982743264861013,0.9359,0.9264477204135745,1.03784,0.9963634364887661,1.03047,1.0594985266062535,0.013064133016627011,1.306413301662709,-0.04157303370786525,-4.15730337078652,-0.1383838383838384,-13.83838383838384,52.27272727272727,34.38818565400845,39.671361502347416,0.9035156325131168,0.9439978598399102,-0.04048222732679341,-0.04253484915866886,0.002052621831875455,0.24063561921165944,0.9359,0.06732317971038394,1.0705463594207678,0.8012536405792321,0.2877366372919497,0.19215654861882037,0.12428571428571432,14.57042371462067,0.0965,11.31301289566237,0.09371428571428571,10.986434433093283,25832.749,0.4722060358345912,-188499.30000000005,1.2933149172786211,27.491127950814377,-89.92493681867924,39.19869337403989,8.684210526315796,18.42105263157896,-91.3157894736842,False,True,False
1768953600000,0.853,0.909,0.853,0.884,24028.93,2026-01-21,0.036342321219226204,0.03569751514596426,0.036342321219226204,0.059533105657555006,1.1373783865848106,0.054011991526175585,1.0318976492112175,0.04190172058598209,0.8005312477623756,0.05076045342513208,0.9697771010147775,0.9022,0.8856938762187659,0.8876,0.8956789943977194,0.92935,0.9224050803741664,1.0299,0.9919568932985167,1.03021,1.0560040340054249,0.009132420091324311,0.9132420091324209,-0.01007838745800671,-1.0078387458006728,-0.1290640394088669,-12.90640394088669,58.400000000000006,42.73127753303965,47.551546391752574,0.9005132275110989,0.9395535739167725,-0.039040346405673665,-0.04183594860806983,0.0027956022023961635,0.3162445930312402,0.92935,0.06557219805600246,1.060494396112005,0.7982056038879951,0.2822282156604185,0.32709897889472717,0.1178571428571429,13.332255979314809,0.09414285714285715,10.649644473173886,0.09161904761904761,10.364145658263304,25573.576,0.9395999214188895,-164470.37000000005,1.2919922950478009,25.920098945107046,-68.42507645259936,46.0307143521822,16.842105263157908,14.473684210526324,-83.15789473684208,True,False,False
1769040000000,0.884,0.999,0.852,0.852,31296.63,2026-01-22,-0.03619909502262442,-0.036870535808327685,0.03619909502262442,0.03335361786982423,0.6372199746769432,0.05509602840255387,1.0526081446546398,0.042438164607798035,0.810779996408813,0.049974206199826544,0.9547558688667566,0.8812000000000001,0.874462584145844,0.8847999999999999,0.8877373590526796,0.9216999999999999,0.9156998346242154,1.01974,0.9864682274180143,1.02989,1.0519423913464783,-0.10971786833855801,-10.971786833855798,-0.03181818181818186,-3.1818181818181848,-0.15223880597014916,-15.223880597014919,45.16129032258064,39.7938144329897,39.364640883977906,0.8930496540478529,0.9330681239847558,-0.040018469936902945,-0.041472452873836455,0.0014539829369335094,0.1706552742879706,0.9216999999999999,0.06520582796039702,1.052111655920794,0.7912883440792058,0.2829807007069417,0.23276928542977635,0.1318571428571429,15.476190476190482,0.10035714285714288,11.77900737759893,0.09552380952380954,11.211714732841495,26094.134,1.199374158192029,-195767.00000000006,1.2903615818033771,26.440392423147,-42.55148005148002,54.71100588878734,8.421052631578954,11.315789473684214,-91.57894736842105,True,True,False
1769126400000,0.852,0.966,0.852,0.895,22638.54,2026-01-23,0.050469483568075235,0.04923719144553975,0.050469483568075235,0.04599625574602908,0.8787572321572956,0.0551453135659599,1.053549736379415,0.044080269199644015,0.8421523605858241,0.05008304773264554,0.9568352834315396,0.8744,0.8813083894305627,0.8819000000000001,0.8890578392249198,0.9153500000000001,0.9137284218028535,1.01206,0.9828811374771278,1.03048,1.048818064377787,-0.03659849300322926,-3.659849300322931,-0.031385281385281405,-3.1385281385281414,-0.12426614481409004,-12.426614481409,35.238095238095255,48.760330578512395,41.07382550335571,0.8933497072712603,0.9302482629439139,-0.036898555672653655,-0.040557673433599895,0.00365911776094624,0.40883997329008265,0.9153500000000001,0.06097046308190515,1.0372909261638104,0.7934090738361899,0.2664356282598137,0.41655795703625065,0.13242857142857145,14.796488427773347,0.10207142857142859,11.404628890662412,0.09828571428571428,10.98164405426975,25910.189,0.8737311796529158,-173128.46000000005,1.2892004779229198,26.787457252269228,-33.251955332519486,59.64780991624745,19.736842105263175,15.000000000000007,-80.26315789473682,False,False,False
1769212800000,0.895,0.895,0.8,0.825,36879.69,2026-01-24,-0.07821229050279332,-0.08144033194017442,0.07821229050279332,0.05465983649753826,1.0442747100103638,0.05356925713954824,1.0234392206312546,0.046225329664579796,0.8831336832261945,0.05092493057910579,0.9729194326292704,0.8618,0.8625389262870419,0.8801,0.8774109593658435,0.9041500000000001,0.9052780959168362,1.00238,0.9766895534372368,1.0307899999999999,1.0443628815246782,-0.07094594594594605,-7.094594594594601,-0.02135231316725983,-2.1352313167259807,-0.21353670162059102,-21.353670162059103,29.365079365079367,43.947858472998135,39.382239382239376,0.8828343676910664,0.922452095305808,-0.03961772761474158,-0.04036968426982823,0.0007519566550866497,0.0911462612226242,0.9041500000000001,0.055451519840600476,1.015053039681201,0.7932469603187992,0.2453200015068316,0.14315676005129024,0.09800000000000002,11.878787878787882,0.10621428571428572,12.874458874458874,0.09500000000000001,11.515151515151517,26905.872000000003,1.370692984787856,-210008.15000000005,1.2870101546079562,27.1583066843956,-116.74688387017144,57.216297288743775,6.24999999999998,11.469298245614029,-93.75000000000003,False,True,False
1769299200000,0.825,0.84,0.8,0.8,20538.95,2026-01-25,-0.030303030303030165,-0.030771658666753545,0.030303030303030165,0.05371964520045216,1.0263123805005954,0.054373343533663916,1.0388012696208493,0.046406137169864546,0.8865880057644157,0.05100353193427466,0.9744211094112544,0.8512000000000001,0.8416926175246946,0.8759,0.8633362394811447,0.892,0.8952516105913898,0.99216,0.969760371901115,1.03044,1.0394992492317374,-0.06213364595545123,-6.213364595545127,-0.04988123515439424,-4.988123515439422,-0.23298178331735364,-23.298178331735368,31.35593220338984,41.681574239713775,36.164736164736176,0.8700906188155176,0.9133815697139931,-0.043290950898475455,-0.04095393759555768,-0.002337013302917773,-0.29212666286472166,0.892,0.0497562479546767,0.9915124959093534,0.7924875040906466,0.22312218813756368,0.03774649525521205,0.07928571428571429,9.910714285714286,0.10535714285714286,13.169642857142858,0.09442857142857143,11.803571428571429,26983.8375,0.7611574891821817,-230547.10000000006,1.2857273415481671,28.038475672853455,-158.4502564537321,56.62759094742704,0.0,8.662280701754378,-100.0,False,False,False
1769385600000,0.8,0.844,0.8,0.805,16527.23,2026-01-26,0.006250000000000089,0.006230549750636163,0.006250000000000089,0.048434027714571136,0.925330800221944,0.05232560537693308,0.9996792870680189,0.04608751228322454,0.8805006858524166,0.05098992803991654,0.9741612073744732,0.8353999999999999,0.8294617450164631,0.8688,0.8527296504845728,0.8822000000000001,0.8866562191064694,0.98182,0.9632990200824925,1.03061,1.0348324088854917,-0.08936651583710398,-8.936651583710402,-0.08105022831050224,-8.105022831050222,-0.1958041958041956,-19.580419580419566,38.34951456310682,43.194192377495476,37.04663212435234,0.8600766774592841,0.905353305279583,-0.045276627820298954,-0.04181847564050594,-0.003458152179793013,-0.4295841217134177,0.8822000000000001,0.04634265966972688,0.9748853193394539,0.7895146806605463,0.21012314518126,0.08353706633269392,0.07771428571428571,9.653948535936111,0.10207142857142859,12.679680567879329,0.09271428571428571,11.517302573203194,26199.264000000003,0.6308280263140216,-214019.87000000005,1.2847066483608818,30.11818993087957,-147.1881158102166,56.057121019301995,1.2500000000000016,2.4999999999999867,-98.75,True,False,False
1769472000000,0.805,0.852,0.781,0.808,23759.18,2026-01-27,0.003726708074534235,0.003719781102532082,0.003726708074534235,0.04788900557601596,0.9149181668853155,0.03949756177754811,0.7545998582199036,0.04513162406173864,0.862238467023067,0.05101953392144968,0.9747268269469725,0.8266,0.8223078300109754,0.8539,0.844596986760105,0.8751000000000001,0.8791651506201185,0.9717800000000001,0.9572087168429306,1.03056,1.0303185969626607,-0.05164319248826288,-5.164319248826283,-0.15569487983281083,-15.569487983281077,-0.1494736842105262,-14.947368421052623,28.651685393258447,38.62745098039216,35.88390501319262,0.8520648809270865,0.8981419493236725,-0.046077068396585985,-0.04267019419172195,-0.0034068742048640327,-0.4216428471366377,0.8751000000000001,0.046286180727262156,0.9676723614545244,0.7825276385454758,0.21156978963438303,0.1375808127517489,0.08099999999999997,10.02475247524752,0.10264285714285713,12.70332390381895,0.09133333333333334,11.303630363036303,26025.629,0.9129147272482828,-190260.69000000006,1.2832387657169306,32.321731554673725,-133.755998767226,49.85456365305085,6.443914081145592,2.5646380270485243,-93.55608591885441,True,True,False
1769558400000,0.808,0.839,0.786,0.815,13965.47,2026-01-28,0.00866336633663356,0.008626054719767228,0.00866336633663356,0.03724220998307964,0.7115114226874265,0.03990929728390723,0.7624660540239013,0.04523589426598787,0.8642305464781527,0.05090005458116273,0.9724441773558783,0.8106,0.8198718866739836,0.8425,0.8392157164400859,0.8683,0.8730541838943776,0.9613200000000001,0.9516317763285624,1.03071,1.0260343191842602,-0.08938547486033532,-8.938547486033526,-0.1227125941872983,-12.271259418729827,-0.14300736067297581,-14.300736067297585,37.90849673202613,46.78899082568807,34.14634146341464,0.8463625915536885,0.8919832864034738,-0.04562069484978526,-0.04326029432333462,-0.0023604005264506386,-0.28961969649701086,0.8683,0.044504405459057164,0.9573088109181143,0.7792911890818857,0.20501856712683245,0.2005914389248803,0.08057142857142853,9.886064855390005,0.0992142857142857,12.173531989482909,0.08961904761904761,10.996202161846332,25094.4035,0.5565173127147652,-176295.22000000006,1.2823796070754754,35.263924412264224,-118.91433418150973,54.162999842320055,8.114558472553682,5.269490851233084,-91.88544152744632,False,False,True
1769644800000,0.815,0.816,0.711,0.762,31586.38,2026-01-29,-0.06503067484662572,-0.06724155755421639,0.06503067484662572,0.032011265543317374,0.6115743694882446,0.04224142901228246,0.8070213681340103,0.04628188375216158,0.8842141475523552,0.04992559172851523,0.9538270906964593,0.7979999999999999,0.8005812577826558,0.8299000000000001,0.8251764952691611,0.86105,0.8624775949520322,0.95242,0.9441950719750222,1.0302099999999998,1.0207812269426915,-0.0763636363636363,-7.63636363636363,-0.14189189189189189,-14.18918918918919,-0.15986769570011028,-15.986769570011027,9.20245398773001,41.80327868852459,32.10191082802548,0.8333837313146596,0.8823548948074146,-0.04897116349275499,-0.0444024681572187,-0.004568695335536291,-0.5995663169995132,0.86105,0.04940858118523397,0.9598671623704679,0.7622328376295321,0.22952711775266918,-0.0011781234349715743,0.07457142857142852,9.786276715410567,0.1032142857142857,13.545181852268465,0.09176190476190477,12.042244719410073,25919.528,1.2186325306541077,-207881.60000000006,1.2802406609081882,37.59741594841357,-174.37574624928646,53.26744734877985,10.429447852760745,8.329306802153333,-89.57055214723925,False,True,False
1769731200000,0.762,0.788,0.703,0.756,28981.38,2026-01-30,-0.007874015748031482,-0.007905179507113261,0.007874015748031482,0.03094375482409587,0.5911796058339809,0.04133143607603099,0.7896359774979026,0.04620854529735535,0.8828130183406199,0.04986577991413683,0.9526843875872392,0.7892,0.7857208385217705,0.8202,0.8125989506747682,0.8543499999999999,0.8523368716232468,0.9440000000000001,0.9368147165988711,1.02887,1.0155137671658527,-0.05500000000000005,-5.500000000000005,-0.11371629542790151,-11.37162954279015,-0.15056179775280898,-15.056179775280901,15.151515151515085,36.95652173913043,33.644859813084125,0.821478541881635,0.8729952729602725,-0.05151673107863741,-0.045825320741502445,-0.005691410337134967,-0.7528320551765829,0.8543499999999999,0.0541355754224227,0.9626211508448453,0.7460788491551545,0.2534585377066668,0.04581622513213449,0.0704285714285714,9.315948601662884,0.10142857142857142,13.416477702191987,0.09152380952380954,12.106324011085917,26457.903000000002,1.095377059927992,-236862.98000000007,1.2782408564601515,38.521226286780866,-162.03893676195693,46.768944701665006,10.663983903420533,9.735996742911645,-89.33601609657946,False,True,False
1769817600000,0.756,0.766,0.622,0.675,53014.85,2026-01-31,-0.1071428571428571,-0.11332868530700312,0.1071428571428571,0.050590802594599804,0.9665359264484195,0.04744089824448856,0.9063570883371684,0.05122490970840034,0.9786505258473654,0.0499903469015206,0.9550642365396398,0.7632,0.748813892347847,0.7993,0.7875809596429921,0.84345,0.8354476457543352,0.93196,0.9265472636612034,1.02723,1.008740333034299,-0.16149068322981364,-16.149068322981368,-0.23642533936651577,-23.64253393665158,-0.24412094064949608,-24.412094064949606,9.677419354838662,19.347826086956516,32.349165596919136,0.7989433815921527,0.8583289564308323,-0.05938557483867957,-0.048537371560937875,-0.010848203277741691,-1.6071412263321025,0.84345,0.06648266493487723,0.9764153298697544,0.7104846701302456,0.3152891810297099,-0.13343579926062094,0.0774285714285714,11.470899470899466,0.08771428571428573,12.994708994708995,0.09661904761904762,14.313932980599647,28383.483,1.8678063576623065,-289877.8300000001,1.2742019034061451,39.51910218146153,-196.8209715203966,28.22510598102957,11.373390557939922,10.822274104707057,-88.62660944206007,False,True,False
1769904000000,0.675,0.7,0.6,0.645,41309.44,2026-02-01,-0.04444444444444451,-0.0454623740767574,0.04444444444444451,0.0461100424071162,0.8809311232649859,0.047717101914520374,0.9116339520438366,0.05171754737344932,0.9880623552228958,0.05015416975296084,0.9581940677217826,0.7306,0.7142092615652315,0.7786000000000001,0.7616571487988117,0.8317,0.8173097747300826,0.9200400000000001,0.915505978405568,1.0255800000000002,1.0015055304166696,-0.2017326732673268,-20.173267326732677,-0.24295774647887325,-24.29577464788732,-0.2670454545454545,-26.704545454545453,5.5555555555555,19.264069264069263,31.064356435643575,0.7752597844241291,0.8425268114961981,-0.067267027072069,-0.052283302663164104,-0.014983724408904893,-2.3230580478922316,0.8317,0.07922791905569532,0.9901558381113906,0.6732441618886094,0.38104085153634876,-0.0891231343232503,0.08599999999999998,13.33333333333333,0.08264285714285713,12.812846068660019,0.0989047619047619,15.33407161314138,29434.577999999998,1.4034323848638157,-331187.2700000001,1.270884326164219,40.70598072434789,-198.78511769172354,27.990805182520717,11.278195488721813,11.10518998336075,-88.7218045112782,False,True,False
1769990400000,0.645,0.7,0.622,0.685,24548.72,2026-02-02,0.0620155038759691,0.06016852146645291,0.0620155038759691,0.06385939661525711,1.2200320592769762,0.04987441227129158,0.9528493085391139,0.05256455057241189,1.0042443286178275,0.04864269097168864,0.9293173061516867,0.7046,0.7044728410434876,0.7575999999999999,0.747719485380846,0.81975,0.8047088438033891,0.91194,0.9064663582927114,1.02446,0.9952107831735805,-0.1595092024539876,-15.95092024539876,-0.23463687150837986,-23.463687150837984,-0.2586580086580086,-25.865800865800864,21.65898617511519,27.982646420824295,36.194029850746276,0.7613736637434939,0.8308581587833189,-0.06948449503982501,-0.055723541138496285,-0.013760953901328726,-2.008898379756018,0.81975,0.08252902200853532,0.9848080440170706,0.6546919559829294,0.402703370581447,0.09181026043764383,0.09085714285714284,13.263816475495304,0.08428571428571427,12.30448383733055,0.09833333333333333,14.355231143552311,29294.307999999997,0.8380030687190154,-306638.55000000005,1.2689943140838422,42.406405772352215,-151.65078113525502,33.50634375832274,21.303258145363426,14.651614730675044,-78.69674185463657,False,False,False
1770076800000,0.685,0.7,0.613,0.624,29671.75,2026-02-03,-0.089051094890511,-0.09326846989279768,0.089051094890511,0.06770653856919401,1.293531603105599,0.051252384144270115,0.9791754242076433,0.05266845188992863,1.0062293605017845,0.04885346670607649,0.933344170903011,0.677,0.6776485606956584,0.7375,0.7252250334934194,0.8088,0.7874984777268524,0.9044199999999999,0.8953890460755779,1.0222,0.9878286801237061,-0.18110236220472442,-18.11023622047244,-0.24363636363636365,-24.36363636363636,-0.25978647686832734,-25.97864768683274,14.760147601476021,26.48870636550309,34.316037735849065,0.7402392539368025,0.8155353321952781,-0.07529607825847562,-0.05963804856249215,-0.01565802969598347,-2.5092996307665816,0.8088,0.09312956452961006,0.9950591290592201,0.6225408709407798,0.460581426951583,0.003916933002398677,0.09314285714285712,14.926739926739923,0.08707142857142856,13.953754578754577,0.09947619047619045,15.941697191697187,28531.265000000003,1.0399731662791676,-336310.30000000005,1.2666374365716973,43.44260399147726,-147.83586284429458,32.56950408408588,6.015037593984967,12.865497076023395,-93.98496240601504,False,True,False
1770163200000,0.624,0.655,0.6,0.61,24067.31,2026-02-04,-0.022435897435897467,-0.022691411202070765,0.022435897435897467,0.06642545217077024,1.2690564818294412,0.0512448150033796,0.9790308159739757,0.05261922789313795,1.0052889373635547,0.048544759658744316,0.9274463310449376,0.6477999999999999,0.6550990404637722,0.7184999999999999,0.7042750274037067,0.7972,0.7705938608004648,0.89598,0.8841971245100196,1.0198,0.9803156053175005,-0.19312169312169314,-19.312169312169313,-0.23750000000000004,-23.750000000000007,-0.2755344418052257,-27.55344418052256,17.24137931034484,20.851063829787236,33.527357392316645,0.7202024456388328,0.8003104927628265,-0.08010804712399366,-0.06373204827479247,-0.016375998849201198,-2.684589975278885,0.7972,0.10273040855611551,1.002660817112231,0.5917391828877689,0.5154561392680157,0.04443868511984025,0.09342857142857143,15.316159250585482,0.08699999999999998,14.26229508196721,0.0972857142857143,15.948477751756442,28628.827500000003,0.8406669815590596,-360377.61000000004,1.2646653992492891,44.308278575358806,-141.80069556919923,26.184236017648573,2.506265664160403,9.941520467836257,-97.4937343358396,False,True,False
1770249600000,0.61,0.629,0.532,0.562,54118.3,2026-02-05,-0.07868852459016384,-0.08195710727366576,0.07868852459016384,0.060183308548454335,1.1498004953734524,0.052417434552132186,1.0014336809968383,0.052799732291620584,1.0087374690544524,0.049522257871556556,0.946121408178879,0.6252000000000001,0.6240660269758481,0.6942,0.6784068406030327,0.7815,0.750727778819446,0.8867,0.8715617324335094,1.0164199999999999,0.9719981426471894,-0.16740740740740734,-16.74074074074074,-0.30186335403726705,-30.186335403726705,-0.35844748858447484,-35.84474885844748,14.59854014598541,20.16460905349794,32.214765100671144,0.6958636078482432,0.7826578636579263,-0.08679425580968314,-0.0683444897817706,-0.01844976602791254,-3.2828765174221597,0.7815,0.11348475436676678,1.0084695087335336,0.5545304912664664,0.5808560684159529,0.01645487267257346,0.09228571428571429,16.420945602440263,0.08342857142857141,14.844941535332989,0.09957142857142857,17.71733604473818,30129.052000000003,1.7962164889887673,-414495.91000000003,1.2599515677901576,47.521288830622574,-146.9915122428121,16.629006507473193,6.912442396313372,5.144581884819573,-93.08755760368663,False,True,False
1770336000000,0.562,0.649,0.53,0.61,39598.35,2026-02-06,0.08540925266903909,0.08195710727366581,0.08540925266903909,0.07968765361888634,1.522430484731082,0.06403178668266947,1.223325566890447,0.052022186780472914,0.99388248292199,0.05135444708471543,0.9811253339469659,0.6182000000000001,0.6193773513172321,0.6744,0.665969233220663,0.7641500000000001,0.7373251332175805,0.8785000000000001,0.8613042452351232,1.01381,0.9648010373901308,-0.054263565891472965,-5.426356589147292,-0.24504950495049516,-24.50495049504951,-0.36259143155694884,-36.25914315569488,36.514522821576755,20.977596741344172,32.51670378619153,0.6826538220254367,0.7698683922682388,-0.0872145702428021,-0.0721185058739769,-0.015096064368825199,-2.474764650627082,0.7641500000000001,0.11175361762660213,0.9876572352532044,0.5406427647467958,0.5849826218758208,0.15515657731310473,0.09714285714285713,15.925058548009366,0.08378571428571427,13.735362997658077,0.09999999999999998,16.393442622950815,28591.059500000003,1.38499064716367,-374897.56000000006,1.2566524122311953,50.13925208619157,-117.03462598565426,17.484370211108526,21.917808219178074,10.445505426550609,-78.08219178082193,True,True,False
1770422400000,0.61,0.619,0.563,0.568,17924.12,2026-02-07,-0.06885245901639347,-0.07133753844620562,0.06885245901639347,0.0718193223263392,1.372106226458553,0.06408030146438924,1.224252440493772,0.05309666128684579,1.0144102895429739,0.05183566831555368,0.9903190526531512,0.5948,0.6022515675448213,0.6496999999999999,0.6481566453623606,0.7461,0.7211989300539867,0.8690000000000001,0.8498019408947806,1.0113999999999999,0.9569126227530873,-0.1708029197080293,-17.080291970802932,-0.3030674846625767,-30.306748466257673,-0.3885898815931109,-38.858988159311096,34.78260869565216,22.24622030237579,33.9930151338766,0.6650147724830617,0.7549151780178989,-0.08990040553483714,-0.07567488580614895,-0.014225519728688185,-2.5044929099803146,0.7461,0.11287435958902642,0.9718487191780528,0.5203512808219471,0.6051433297897141,0.10553486051114921,0.08457142857142856,14.88933601609658,0.08099999999999999,14.26056338028169,0.08666666666666666,15.258215962441312,28244.412,0.634607652657099,-392821.68000000005,1.2551406275146584,53.221917259173814,-112.3779837585104,18.7406723641011,11.801242236024823,13.543830950505415,-88.19875776397518,False,False,True
1770508800000,0.568,0.76,0.543,0.65,61334.02,2026-02-08,0.14436619718309873,0.13485094416853158,0.14436619718309873,0.09856099643468366,1.8830051929408398,0.08383842114435451,1.6017307869589148,0.06461767660058941,1.2345189780555426,0.056287732979083294,1.0753756286212144,0.6,0.6181677116965476,0.6385,0.6484918007510223,0.7342000000000001,0.7144180795726491,0.86134,0.8419664547679352,1.01009,0.9508116682166945,0.04166666666666674,4.1666666666666705,-0.14698162729658792,-14.69816272965879,-0.26801801801801806,-26.8018018018018,44.06779661016948,35.576923076923066,39.787234042553195,0.6627048074856676,0.7471436833459373,-0.08443887586026966,-0.0774276838169731,-0.00701119204329656,-1.0786449297379324,0.7342000000000001,0.1096259669584731,0.9534519339169463,0.5149480660830539,0.597253974167655,0.3079834496878475,0.10128571428571428,15.582417582417582,0.09364285714285714,14.406593406593405,0.08885714285714286,13.67032967032967,30399.381,2.0176075295743683,-331487.66000000003,1.2505343859025158,52.01437918985665,-60.63632076780114,30.259544019415387,37.267080745341616,23.66204373351483,-62.732919254658384,True,True,False
1770595200000,0.65,0.75,0.6,0.648,38199.96,2026-02-09,-0.003076923076923088,-0.003081666537408112,0.003076923076923088,0.09724346825480851,1.8578338524076208,0.0838826234136625,1.6025752701282978,0.06436163315561862,1.229627274907858,0.05502041731580024,1.0511635968705138,0.6076,0.6281118077976985,0.6277,0.6484023824326546,0.7239500000000001,0.7080925481847731,0.8554999999999999,0.83435981903144,1.00809,0.9447926948107659,0.06229508196721323,6.2295081967213175,-0.1428571428571428,-14.285714285714285,-0.2403282532239156,-24.032825322391556,55.08474576271186,34.81624758220502,37.44493392070484,0.6604425294109496,0.7397997067983209,-0.07935717738737125,-0.07781358253105274,-0.0015435948563185115,-0.23820908276520236,0.7239500000000001,0.10749662173394957,0.9389432434678993,0.5089567565321009,0.5939450057818886,0.32336654218777755,0.11157142857142857,17.217813051146383,0.1012142857142857,15.619488536155202,0.09338095238095237,14.410640799529686,31699.46,1.2050665847304654,-369687.62000000005,1.2477717555275867,51.04206578690941,-45.04381472630018,32.85729029354728,36.64596273291926,28.571428571428555,-63.35403726708074,False,False,True
1770681600000,0.648,0.657,0.589,0.599,37232.32,2026-02-10,-0.0756172839506174,-0.07862909823682547,0.0756172839506174,0.09650405037299158,1.843707293610731,0.08043924384398442,1.5367895958198292,0.06483006811067626,1.2385767121582525,0.05589265640045942,1.067827701184715,0.615,0.6184078718651324,0.6201000000000001,0.6394201310812628,0.7097,0.6977027816909782,0.8489,0.8251298961832838,1.00582,0.9379199048186685,0.06583629893238419,6.58362989323842,-0.11259259259259269,-11.259259259259268,-0.32239819004524894,-32.23981900452489,47.97047970479704,31.438721136767313,29.566210045662103,0.6509898325784959,0.7293700988827674,-0.07838026630427153,-0.0779269192856965,-0.00045334701857502324,-0.07568397638982025,0.7097,0.10399650803854844,0.9176930160770969,0.5017069839229031,0.5861434861972576,0.23388529555490747,0.10885714285714287,18.173145719055572,0.101,16.861435726210352,0.09433333333333332,15.748469671675014,32359.6295,1.1505793043767698,-406919.94000000006,1.2448702659418232,50.289698146562536,-72.98618815339192,32.49608412152787,22.33009708737863,32.08104685521316,-77.66990291262137,False,True,False
1770768000000,0.599,0.61,0.558,0.589,25858.55,2026-02-11,-0.016694490818030094,-0.016835414463862688,0.016694490818030094,0.08875444257701846,1.695651244555437,0.07955586652821518,1.5199126958990585,0.06467735348815043,1.235659103391536,0.05564198052032685,1.0630385452192774,0.6108,0.6086052479100882,0.6144999999999999,0.6302528345210332,0.69655,0.6873501358156406,0.84294,0.8158697787771249,1.00416,0.9309854696423814,-0.03442622950819674,-3.442622950819675,-0.0868217054263567,-8.682170542635665,-0.30868544600938974,-30.868544600938968,55.79399141630899,30.03533568904595,30.186480186480182,0.6414529352587273,0.7189723137761245,-0.07751937851739721,-0.07784541113203665,0.00032603261463944044,0.05535358482842793,0.69655,0.10165756502256564,0.8998651300451312,0.49323486995486876,0.5837775609651317,0.23550910850528825,0.10842857142857143,18.40892553965559,0.10092857142857145,17.135580887703135,0.09414285714285714,15.983507154984236,32087.7255,0.8058704566018554,-432778.49000000005,1.2427776154312138,49.28304854671433,-87.75805686612246,32.12117581465664,20.629370629370612,26.535143483222825,-79.37062937062939,False,True,False
1770854400000,0.589,0.602,0.563,0.571,19873.02,2026-02-12,-0.03056027164685915,-0.031036973995576558,0.03056027164685915,0.08323736743260216,1.5902476719194265,0.07603630582528181,1.4526715830833414,0.06278312699695018,1.199469957090647,0.055744602624028174,1.0649991377576065,0.6113999999999999,0.5960701652733921,0.6031,0.6194795918808453,0.68035,0.6762691704998591,0.8367600000000001,0.8062669213210487,1.0024,0.9238316326376368,0.005281690140845008,0.5281690140845076,-0.16642335766423366,-16.642335766423372,-0.3620111731843576,-36.20111731843576,40.39408866995074,32.01506591337099,31.017964071856284,0.6306140221419999,0.7080114016404448,-0.07739737949844494,-0.07775580480531831,0.0003584253068733695,0.06277150733333967,0.68035,0.09388754471511641,0.8681250894302328,0.4925749105697672,0.5519955594333293,0.20882719232939392,0.10014285714285716,17.538153615211414,0.09621428571428572,16.850137603202406,0.089,15.586690017513135,31949.4495,0.6220144732071206,-452651.51000000007,1.2411613256904581,48.26329042472273,-89.49158165381105,33.403830704069534,15.891472868217024,19.616980194988745,-84.10852713178298,False,False,True
1770940800000,0.571,0.61,0.568,0.607,16415.73,2026-02-13,0.06304728546409821,0.06113958140348818,0.06304728546409821,0.050308332183059364,0.9611393368133373,0.07489720987653407,1.4309091855392855,0.06387070152499791,1.220248039274315,0.05526806474013838,1.0558948942692385,0.6028,0.5997134435155947,0.6014,0.6172105751752371,0.66945,0.6696721066427264,0.8299000000000001,0.7984524376191421,1.00011,0.9175358177768269,-0.06615384615384623,-6.615384615384621,-0.027243589743589758,-2.7243589743589767,-0.26424242424242417,-26.424242424242422,59.898477157360404,36.72014260249555,35.28708133971291,0.6269810956586154,0.7005290755904036,-0.07354797993178819,-0.0769142398306123,0.003366259898824109,0.5545732946991943,0.66945,0.08872279419927973,0.8468955883985594,0.49200441160144054,0.5301234995849112,0.32403056462657326,0.08914285714285716,14.68580842551189,0.09314285714285715,15.344787008707932,0.08557142857142856,14.097434690515415,30926.251500000002,0.5308024478815352,-436235.7800000001,1.2398649118653495,47.57208472114079,-71.83342012513117,37.93449836167498,32.627118644067785,23.049320713885134,-67.37288135593222,True,False,False
1771027200000,0.607,0.61,0.53,0.542,51687.59,2026-02-14,-0.10708401976935744,-0.11326278961985199,0.10708401976935744,0.0648090447717147,1.2381750618313527,0.08211163213376026,1.5687405292334162,0.06716796791125833,1.283242225133142,0.056986160056741945,1.0887190592042573,0.5816,0.5804756290103965,0.5946,0.6035359251433758,0.65655,0.6575128583910326,0.8216000000000001,0.7883953622696707,0.9960799999999999,0.9100739984154887,-0.1635802469135802,-16.358024691358022,-0.11147540983606552,-11.147540983606548,-0.3225,-32.25,20.000000000000014,37.79816513761468,30.34482758620689,0.6139070809419053,0.688786181098446,-0.07487910015654076,-0.076507211895798,0.0016281117392572403,0.3003896197891587,0.65655,0.08748983399591653,0.831529667991833,0.4815703320081669,0.5330276993125674,0.17267625629125552,0.09257142857142857,17.079599367422244,0.08857142857142859,16.341591987348448,0.08485714285714285,15.656299420137056,32483.683499999996,1.5911862335439884,-487923.3700000001,1.2356011748581406,44.53550018156277,-98.38008050902462,38.89229515646168,5.2173913043478315,17.911994272210872,-94.78260869565217,False,True,False
1771113600000,0.542,0.596,0.45,0.526,113651.79,2026-02-15,-0.029520295202952074,-0.029964788701936394,0.029520295202952074,0.06042957416298293,1.1545053933328335,0.07886810947469322,1.5067731158409188,0.0669879815822097,1.2798035911448833,0.05571052022249087,1.0643479943905123,0.567,0.562317086006931,0.591,0.5894384842082167,0.6426000000000001,0.6449878242585482,0.8115399999999999,0.7781052330350485,0.9903400000000001,0.902443044647659,-0.12186978297161932,-12.186978297161929,-0.06405693950177938,-6.405693950177942,-0.346583850931677,-34.6583850931677,18.55670103092784,38.79472693032015,30.91334894613584,0.6003829146431505,0.6767279454579306,-0.07634503081478006,-0.07647477567959442,0.0001297448648143601,0.02466632410919393,0.6426000000000001,0.0847748721459956,0.8121497442919913,0.47305025570800885,0.5276991730220704,0.1561481101404772,0.08242857142857142,15.670831070070612,0.09185714285714286,17.46333514394351,0.0899047619047619,17.092160057939527,37339.9115,3.043708070920307,-601575.1600000001,1.2259124461784756,42.23566664432925,-128.71735871422098,35.017187101946746,24.516129032258068,20.786879660224553,-75.48387096774192,False,True,False
1771200000000,0.526,0.553,0.467,0.51,44187.2,2026-02-16,-0.03041825095057038,-0.030890487019338445,0.03041825095057038,0.060317146320869715,1.1523574624251889,0.07255399676208044,1.3861421618454117,0.06681471910297014,1.2764934161268569,0.05417690508501477,1.0350483183289585,0.5512,0.544878057337954,0.5810000000000001,0.5749951234430863,0.6276999999999999,0.6321318409958245,0.8033,0.76759118940586,0.98288,0.8946463291512392,-0.1341256366723259,-13.412563667232591,-0.16393442622950816,-16.393442622950815,-0.3688118811881188,-36.881188118811885,22.36024844720498,32.74161735700197,26.72309552599758,0.5864778508518966,0.6643777272724537,-0.07789987642055707,-0.07675979582778696,-0.0011400805927701124,-0.22354521426864948,0.6276999999999999,0.08024114970054123,0.7881822994010824,0.46721770059891743,0.5113343935035288,0.13329289136791245,0.07328571428571429,14.369747899159663,0.09242857142857143,18.123249299719888,0.0919047619047619,18.020541549953315,38361.3125,1.151868826177415,-645762.3600000001,1.22214265460523,40.26598991208578,-134.07401296189357,29.476167061154996,19.35483870967742,16.362786348761095,-80.64516129032259,False,False,True
1771286400000,0.51,0.6,0.488,0.511,33277.34,2026-02-17,0.0019607843137254832,0.0019588644853329716,0.0019607843137254832,0.06156524690216052,1.1762023905498808,0.07017861011854794,1.3407604637415562,0.0666766201229258,1.273855038817678,0.05220104705382211,0.9972996036463178,0.5391999999999999,0.533585371558636,0.5753,0.5633596464534343,0.6125,0.6205954751866946,0.7934,0.757528685987105,0.97442,0.8870248756190469,-0.10507880910682998,-10.507880910683003,-0.10035211267605626,-10.035211267605625,-0.3730061349693251,-37.30061349693251,24.34210526315792,37.36017897091723,29.287598944591025,0.5748658737977588,0.653016414138258,-0.07815054034049917,-0.0770379447303294,-0.0011125956101697698,-0.21772908222500387,0.6125,0.07117472940071284,0.7548494588014257,0.47015054119857436,0.46481455935159405,0.14348301407457312,0.07957142857142856,15.571708135308915,0.09421428571428571,18.437237908862173,0.09385714285714286,18.367346938775512,39326.905999999995,0.8461723380934163,-612485.0200000001,1.2194205811242527,37.501491182384505,-104.67028449268216,34.91857228278984,19.67741935483871,21.182795698924725,-80.3225806451613,True,False,False
1771372800000,0.511,0.518,0.471,0.492,18136.48,2026-02-18,-0.03718199608610573,-0.03789087371139638,0.03718199608610573,0.04021673002155819,0.7683395482296993,0.04538095115478899,0.8670018544474807,0.0659956874872046,1.2608458390785535,0.052084145646991334,0.9950662054047495,0.5162000000000001,0.5197235810390907,0.5595,0.5503851652800826,0.599,0.6083482870736723,0.78268,0.7471156931034264,0.9665599999999999,0.8791778788391146,-0.18945634266886324,-18.945634266886323,-0.24307692307692308,-24.30769230769231,-0.35433070866141736,-35.43307086614173,24.18300653594774,36.94690265486726,29.52127659574468,0.5621172778288728,0.6410892723474172,-0.07897199451854442,-0.07742475468797241,-0.0015472398305720059,-0.3144796403601638,0.599,0.06679741564494597,0.7325948312898919,0.46540516871010806,0.44605953686107486,0.09953540504940236,0.07885714285714286,16.027874564459932,0.09364285714285714,19.033101045296167,0.09357142857142857,19.018583042973287,38654.411,0.46919561133656906,-630621.5000000001,1.2178615651270293,34.408120984049575,-143.6975516913228,35.55902994503343,13.548387096774187,17.526881720430097,-86.45161290322582,False,True,False
1771459200000,0.492,0.517,0.481,0.485,17265.13,2026-02-19,-0.014227642276422814,-0.014329825554824968,0.014227642276422814,0.015750940193957806,0.3009212898793918,0.044875245002782435,0.8573403519791942,0.06595158866704691,1.260003332302412,0.05197249610782707,0.9929331439540662,0.5048,0.5081490540260605,0.5431999999999999,0.5384969534109767,0.58545,0.5966008311618908,0.7725799999999999,0.7368365484014122,0.9598299999999998,0.8713481972890151,-0.10516605166051674,-10.516605166051669,-0.2515432098765432,-25.154320987654327,-0.3584656084656085,-35.84656084656085,0.8064516129032171,40.632603406326034,28.77984084880636,0.5502530812398154,0.6295271040228536,-0.07927402278303819,-0.07779460830698558,-0.0014794144760526123,-0.3050339125881675,0.58545,0.06045918588516002,0.7063683717703201,0.46453162822967997,0.4130783901966694,0.08463714599630454,0.07842857142857143,16.17083946980854,0.08928571428571429,18.409425625920473,0.09028571428571429,18.615611192930782,38068.5985,0.45352680897879655,-647886.6300000001,1.2163850213631962,28.13689715557384,-135.46740895383908,40.98526276321319,11.290322580645155,14.83870967741934,-88.70967741935485,False,False,True
1771545600000,0.485,0.615,0.471,0.528,41966.38,2026-02-20,0.08865979381443312,0.0849473927687784,0.08865979381443312,0.05088992549515071,0.9722506614393359,0.054411808303511375,1.0395361380169499,0.06684761673484106,1.2771219245012568,0.05366714413785686,1.0253093491080771,0.5052000000000001,0.5147660360173737,0.5361,0.5365884164271627,0.5781,0.5900674186702806,0.7628400000000001,0.7286468048847864,0.95423,0.8645285803130964,0.0038022813688212143,0.3802281368821296,-0.11853088480801333,-11.853088480801329,-0.21777777777777785,-21.77777777777778,43.13725490196078,39.90147783251232,32.36775818639798,0.5468295302798438,0.6220065777974132,-0.07517704751756937,-0.07727109614910234,0.002094048631532966,0.3966001196085162,0.5781,0.057880002909845435,0.6938600058196909,0.4623399941803091,0.40048436540284005,0.2836040191720607,0.093,17.613636363636363,0.09107142857142858,17.248376623376625,0.09309523809523809,17.631673881673883,37516.175,1.1186209681557353,-605920.2500000001,1.2130365254702709,23.6925235642914,-68.14213697282696,40.78416962782119,25.161290322580648,16.666666666666654,-74.83870967741935,True,True,False
1771632000000,0.528,0.534,0.475,0.483,42080.26,2026-02-21,-0.08522727272727282,-0.08907963005368888,0.08522727272727282,0.06381519761921403,1.2191876386432317,0.0592787347721447,1.132518637642662,0.0685501229132271,1.3096482593688152,0.05466688015877395,1.0444092789693225,0.4997999999999999,0.5041773573449158,0.5255,0.5268450679858604,0.5700000000000001,0.579870521654061,0.7524,0.7190135121443565,0.9491300000000001,0.8569510762430192,-0.05294117647058827,-5.294117647058829,-0.17996604414261463,-17.99660441426146,-0.25116279069767444,-25.116279069767444,33.587786259541986,39.60880195599023,30.048076923076934,0.5370096025444833,0.6117097942549303,-0.07470019171044706,-0.0767569152613713,0.002056723550924233,0.42582268135077295,0.5700000000000001,0.05934200606831686,0.6886840121366338,0.45131598786336635,0.4164351303039779,0.13348054032820256,0.09000000000000001,18.633540372670808,0.09128571428571429,18.899733806566104,0.08904761904761906,18.436360051266888,37554.716,1.120505344788122,-648000.5100000001,1.2095116871960154,19.398794012490246,-113.84681645251597,39.426050805574874,10.645161290322571,15.698924731182784,-89.35483870967744,False,False,True
1771718400000,0.483,0.489,0.462,0.474,16677.57,2026-02-22,-0.018633540372670843,-0.018809331957496227,0.018633540372670843,0.0635786650099679,1.2146686894886796,0.05911894625839511,1.129465882373876,0.0662920715360717,1.266508248381522,0.054499591631781336,1.0412132361487196,0.49239999999999995,0.49411823822994383,0.5158,0.517236873806613,0.55945,0.5697876148298627,0.7414400000000001,0.7094050579449895,0.94378,0.8493457682768306,-0.07240704500978479,-7.24070450097848,-0.169877408056042,-16.9877408056042,-0.3080291970802921,-30.802919708029208,35.483870967741936,23.809523809523824,31.725888324873097,0.5273158175376398,0.6015090687527913,-0.07419325121515152,-0.07624418245212734,0.00205093123697582,0.4326859149738017,0.55945,0.05650940769373176,0.6724688153874635,0.4464311846125365,0.4040354469120154,0.12196560056371604,0.07300000000000002,15.400843881856547,0.07771428571428572,16.395418927064497,0.08557142857142856,18.053044002411088,37161.158500000005,0.4487903680397907,-664678.0800000001,1.2080807768282267,18.15067275866485,-128.65006063998499,29.75800573571034,7.999999999999989,14.602150537634392,-92.00000000000001,False,True,False
1771804800000,0.474,0.582,0.436,0.45,65975.26,2026-02-23,-0.050632911392405,-0.051959738930710986,0.050632911392405,0.06510683971480857,1.2438644262306755,0.05261811361186686,1.0052676490497616,0.06460487832310884,1.2342744673075958,0.05442844527450843,1.0398539869015544,0.484,0.4794121588199625,0.5001,0.505011987659956,0.55075,0.5583792705603499,0.72946,0.6992322280028197,0.93829,0.8414153240689397,-0.08536585365853655,-8.536585365853655,-0.258649093904448,-25.864909390444808,-0.27884615384615385,-27.884615384615387,29.251700680272123,22.346368715083813,31.017369727047154,0.5154210763780029,0.5902861747692961,-0.07486509839129318,-0.07596836563996051,0.0011032672486673278,0.24517049970385063,0.55075,0.059370269894704834,0.6694905397894096,0.4320094602105903,0.4311957867976748,0.07575567628931347,0.08157142857142859,18.12698412698413,0.07742857142857143,17.206349206349206,0.08880952380952382,19.73544973544974,38976.333999999995,1.692700498718017,-730653.3400000001,1.202584048485602,16.969106457591064,-97.45254803384181,31.419333385977964,6.334841628959281,8.326667639760604,-93.66515837104072,True,True,False
1771891200000,0.45,0.529,0.44,0.483,49979.37,2026-02-24,0.07333333333333325,0.07076907088820716,0.07333333333333325,0.07648803365294791,1.4613018311130967,0.05350004995281468,1.0221170191852242,0.06745414492697993,1.2887096293416738,0.05584344578434069,1.066887533683864,0.48360000000000003,0.480608105879975,0.49420000000000003,0.5010098080854186,0.5444,0.551200292411744,0.7182600000000001,0.6907524666568915,0.9331400000000001,0.8342981037149231,-0.004123711340206171,-0.4123711340206189,-0.10885608856088569,-10.88560885608857,-0.20819672131147537,-20.81967213114754,47.20496894409938,33.04093567251462,37.33509234828496,0.5104332184736948,0.5823390507111265,-0.07190583223743163,-0.07515585895945474,0.003250026722023111,0.6728833793008512,0.5444,0.05949117581626447,0.6633823516325289,0.42541764836747104,0.4371137091569762,0.2419785406930314,0.07828571428571429,16.208222419402546,0.07892857142857143,16.341319136350194,0.08890476190476192,18.406783003056297,40271.937,1.2410470844747301,-680673.9700000001,1.1984449439475564,16.086228306330565,-94.0500804043189,31.279632137734865,26.25698324022346,13.530608289727567,-73.74301675977655,False,False,True
1771977600000,0.483,0.575,0.474,0.5,65481.87,2026-02-25,0.035196687370600444,0.03459144476961908,0.035196687370600444,0.06396999438383542,1.2221450266788292,0.054800248424593315,1.0469572761101367,0.06609773981398291,1.262795546044053,0.05613145999004176,1.0723900373576702,0.47800000000000004,0.48707207058665,0.4915999999999999,0.5008262066153425,0.5413,0.5463240740868152,0.7082400000000001,0.683271921718479,0.92805,0.8276601585766137,-0.053030303030303094,-5.303030303030307,-0.049429657794676896,-4.942965779467685,-0.11032028469750899,-11.032028469750898,54.385964912280706,37.24928366762178,40.26845637583893,0.5088281079392802,0.5762398617687197,-0.06741175382943942,-0.07360703793345168,0.0061952841040122525,1.2390568208024506,0.5413,0.0601376491235479,0.6615752982470958,0.4210247017529042,0.4443942296216361,0.3283105483756419,0.08600000000000001,17.200000000000003,0.08242857142857142,16.485714285714284,0.0910952380952381,18.219047619047622,40840.1155,1.6033713224929542,-615192.1000000001,1.1933357856279398,16.082703647273544,-45.11278195488725,40.324019355317105,35.754189944134076,22.78200493777226,-64.24581005586592,True,False,False
1772064000000,0.5,0.505,0.463,0.488,23069.26,2026-02-26,-0.02400000000000002,-0.024292692569044587,0.02400000000000002,0.050142022833104725,0.9579620011437783,0.054489479353146936,1.041020041336676,0.06277077520883176,1.1992339765099869,0.05588112318853207,1.0676073594802267,0.479,0.4873813803911,0.4894,0.4984941690489166,0.5351999999999999,0.5407694003642606,0.6990000000000001,0.675614144170391,0.9221,0.8209161092934901,0.010351966873705987,1.0351966873706013,-0.04313725490196085,-4.313725490196082,-0.19999999999999996,-20.0,35.71428571428571,37.90087463556852,36.262203626220355,0.5056237836409294,0.5697035757109421,-0.06407979207001269,-0.07170158876076388,0.0076217966907511925,1.5618435841703264,0.5351999999999999,0.05897867589670042,0.6531573517934007,0.41724264820659906,0.4407972787496295,0.2999276887689482,0.08685714285714285,17.798594847775178,0.08264285714285714,16.935011709601874,0.08847619047619049,18.130366900858707,40013.661,0.5765345990210693,-638261.3600000001,1.191472425646867,16.739345966557742,-80.33260032985147,40.36363916674458,29.050279329608937,30.35381750465548,-70.94972067039107,False,True,False
1772150400000,0.488,0.496,0.437,0.451,35054.25,2026-02-27,-0.07581967213114749,-0.07884806635046877,0.07581967213114749,0.06154957092278224,1.175902901384374,0.05905114120972597,1.1281704687379535,0.06313717790911594,1.2062340902699962,0.05657591979393958,1.0808814299883007,0.4744,0.4752542535940667,0.48339999999999994,0.4898588655854772,0.52935,0.5322199336629013,0.6890000000000001,0.6668056854350887,0.9165099999999999,0.8135717109755143,-0.048523206751054815,-4.852320675105478,-0.11741682974559686,-11.741682974559687,-0.20598591549295764,-20.598591549295765,37.87878787878788,27.32558139534885,37.51803751803752,0.4972201246192479,0.5609107182498317,-0.06369059363058382,-0.07009938973472787,0.006408796104144049,1.4210190918279486,0.52935,0.06131049107445808,0.6519709821489161,0.40672901785108384,0.46328887181983996,0.18051960346864457,0.0747142857142857,16.56636046879949,0.08385714285714285,18.593601520430784,0.08561904761904762,18.984267764755568,40870.167499999996,0.8576977327044232,-673315.6100000001,1.1885641118126369,17.08021084805046,-104.18941048034934,36.44689193950592,8.379888268156432,24.3947858472998,-91.62011173184356,False,True,False
1772236800000,0.451,0.454,0.427,0.442,32096.88,2026-02-28,-0.019955654101995624,-0.02015745742498028,0.019955654101995624,0.057693465862837724,1.1022321176559156,0.05844590489399147,1.1166074451615868,0.05170217515044717,0.9877686693148066,0.056384591543651205,1.077226108899009,0.4728,0.46416950239604443,0.4784,0.481157253660845,0.51895,0.5236275590283384,0.6797,0.6579897176169445,0.9103600000000001,0.8061948273831543,-0.01777777777777778,-1.7777777777777792,-0.10162601626016254,-10.162601626016258,-0.32000000000000006,-32.0,37.87878787878788,32.638888888888886,37.7906976744186,0.4887247208316713,0.5521025168970272,-0.06337779606535587,-0.06875507100085347,0.005377274935497597,1.2165780397053387,0.51895,0.05727631548721716,0.6335026309744344,0.4043973690255657,0.44147848915862536,0.16412818568447535,0.07014285714285713,15.869424692954102,0.08007142857142857,18.115707821590174,0.08423809523809524,19.058392587804352,39408.3105,0.8144698311793905,-705412.4900000001,1.185847515044494,18.68213904842968,-126.40559303803653,38.24466162549693,7.978723404255327,15.136297000673553,-92.02127659574467,False,True,False
1772323200000,0.442,0.455,0.427,0.433,39696.44,2026-03-01,-0.020361990950226283,-0.020572154075208317,0.020361990950226283,0.03928664255486189,0.7505702521284879,0.05853746605708233,1.1183567187262675,0.05158705347699146,0.9855692728316267,0.056388583290932964,1.0773023711237466,0.4628,0.4537796682640296,0.4732,0.47240138935887316,0.5082,0.5149963629304005,0.6705600000000002,0.6491665351018944,0.9038299999999999,0.7987860991489981,-0.10351966873705998,-10.351966873706003,-0.10721649484536078,-10.72164948453608,-0.33179012345679015,-33.17901234567901,42.73504273504273,33.45195729537366,40.06163328197226,0.4801516868575679,0.543280108237093,-0.06312842137952512,-0.0676297410765878,0.004501319697062675,1.0395657498990012,0.5082,0.051683856789459554,0.611567713578919,0.4048322864210809,0.4067993450567457,0.1362500562490127,0.07028571428571428,16.2322665786869,0.07164285714285715,16.54569449026724,0.07523809523809524,17.37600351919059,39483.1345,1.0054024459481554,-745108.9300000002,1.1825029671291807,21.405483426463597,-127.7906081601233,44.48369372935102,3.1914893617021303,6.516700344704617,-96.80851063829788,True,False,False
1772409600000,0.433,0.448,0.423,0.437,34492.54,2026-03-02,0.009237875288683695,0.009195467093100394,0.009237875288683695,0.03080530413074796,0.5885345090515722,0.04817320109884627,0.9203477147253137,0.05012718412370317,0.9576785079987168,0.05642891738848862,1.0780729529755668,0.4502,0.4481864455093531,0.4641,0.4659647731118053,0.5001,0.5075681378894094,0.66144,0.6408462277834027,0.8957999999999999,0.7916042194380423,-0.126,-12.6,-0.17234848484848486,-17.234848484848488,-0.27045075125208673,-27.04507512520868,23.863636363636374,36.43122676579925,35.70247933884298,0.4735129658025575,0.5354075076261985,-0.061894541823641014,-0.06648270122599845,0.0045881594023574335,1.049922060036026,0.5001,0.04934614579949445,0.598792291598989,0.4014077084010111,0.39469022835028567,0.18031951139410743,0.053000000000000005,12.128146453089245,0.0672857142857143,15.39718862373325,0.0692857142857143,15.854854527623411,39346.1455,0.876643431311461,-710616.3900000001,1.1796120342317813,24.00590933179189,-124.40191387559811,45.812843689256034,7.291666666666672,6.1539598108746985,-92.70833333333333,False,True,False
1772496000000,0.437,0.443,0.424,0.426,23349.25,2026-03-03,-0.02517162471395884,-0.02549384882621976,0.02517162471395884,0.030789028856602996,0.5882235703756244,0.04218938319596642,0.8060270342094452,0.05018302260726044,0.9587453007291855,0.05645624132326124,1.0785949760164206,0.4378,0.4407909636729021,0.45840000000000003,0.4586984507278407,0.49194999999999994,0.4997997438047031,0.65236,0.6324208358596188,0.88657,0.7843469025804964,-0.12704918032786883,-12.704918032786885,-0.11801242236024845,-11.801242236024843,-0.27674023769100164,-27.67402376910017,4.878048780487802,34.767025089605724,37.63066202090593,0.4662032787560102,0.5273032478013306,-0.061099969045320446,-0.06540615478986285,0.004306185744542404,1.0108417240709868,0.49194999999999994,0.047309145660852106,0.5865682913217042,0.3973317086782957,0.384666292597639,0.15149444637629036,0.043000000000000003,10.093896713615024,0.06064285714285716,14.235412474849099,0.06695238095238094,15.716521350324166,39220.6805,0.5953300580799459,-733965.6400000001,1.1776546593490997,27.130612290494696,-125.19144765055441,39.96581167843852,1.5625000000000013,4.015218676122923,-98.4375,False,False,True
1772582400000,0.426,0.447,0.411,0.429,72393.1,2026-03-04,0.007042253521126751,0.00701757265864654,0.007042253521126751,0.016561048129634444,0.31639838025897826,0.042499387454170014,0.8119496572464189,0.05026848516030366,0.9603780605125042,0.05580334288169953,1.0661213688046833,0.43339999999999995,0.4368606424486014,0.45389999999999997,0.45329873241368784,0.48484999999999995,0.4930569110613976,0.6424599999999999,0.6244435030056658,0.87599,0.7772935356250877,-0.04878048780487809,-4.878048780487809,-0.09493670886075944,-9.493670886075947,-0.24868651488616456,-24.868651488616457,9.589041095890423,38.02281368821293,27.676767676767682,0.46047969740893163,0.5200215257413863,-0.05954182833245464,-0.06423328949838121,0.004691461165926572,1.0935806913581754,0.48484999999999995,0.045439693985276024,0.575729387970552,0.3939706120294479,0.37487630389007753,0.19272460319551668,0.03371428571428573,7.858807858807864,0.059857142857142866,13.952713952713955,0.0661904761904762,15.429015429015433,41846.684499999996,1.7299602313774707,-661572.5400000002,1.1716343820186668,30.33207219477456,-120.68079640333971,36.636450792703414,8.823529411764714,5.892565359477118,-91.17647058823529,True,True,False
1772668800000,0.429,0.468,0.422,0.44,32656.2,2026-03-05,0.025641025641025772,0.02531780798429,0.025641025641025772,0.02143598179127048,0.4095338570922104,0.041039243151082996,0.78405363950498,0.047932177266837434,0.9157429608803593,0.05503421394775365,1.0514271811538827,0.433,0.43790709496573427,0.45289999999999997,0.45088078106574464,0.4765,0.4880038719126928,0.6344,0.617210385103733,0.8642699999999999,0.770598830743454,-0.004524886877828038,-0.4524886877828058,-0.022222222222222254,-2.222222222222224,-0.2751235584843492,-27.51235584843492,38.29787234042553,41.57303370786517,29.365079365079367,0.45732897473063444,0.5140940053156564,-0.05676503058502197,-0.06273963771570937,0.005974607130687398,1.3578652569744087,0.4765,0.03622081402209123,0.5489416280441825,0.4040583719558175,0.30405720060517305,0.248073027998912,0.03428571428571431,7.7922077922077975,0.060571428571428575,13.766233766233768,0.06652380952380953,15.11904761904762,42658.708,0.7655224813653522,-628916.3400000002,1.169002042910896,33.492286662240936,-85.50777900281747,38.02458116967251,14.215686274509814,8.200571895424831,-85.78431372549018,True,False,False
1772755200000,0.44,0.44,0.42,0.43,30145.18,2026-03-06,-0.022727272727272707,-0.02298951822469872,0.022727272727272707,0.021996515658946992,0.4202428415975929,0.0317778980395231,0.607115889588445,0.042829459071469754,0.8182556666406083,0.05503658864882465,1.0514725497541417,0.4324,0.43527139664382286,0.4476,0.44708427541742746,0.47090000000000004,0.48247969363529314,0.62616,0.6098687629975461,0.85512,0.7638388345107817,-0.006928406466512715,-0.6928406466512709,-0.10973084886128359,-10.973084886128364,-0.2066420664206643,-20.664206642066425,37.5,29.059829059829056,31.827956989247326,0.45312451707976764,0.5078648197362887,-0.05474030265652108,-0.06113977070387171,0.006399468047350629,1.4882483831047975,0.47090000000000004,0.03416045728773468,0.5392209145754694,0.4025790854245307,0.29017164822879316,0.20067730903381958,0.02871428571428574,6.677740863787382,0.051714285714285727,12.026578073089704,0.06547619047619048,15.227021040974531,41581.5875,0.7249646252683354,-659061.5200000003,1.1665446070649501,34.15842254334497,-101.32025516640898,30.7930780648653,11.111111111111121,11.383442265795203,-88.88888888888887,False,True,False
1772841600000,0.43,0.436,0.41,0.423,23687.97,2026-03-07,-0.016279069767441867,-0.016413029641330144,0.016279069767441867,0.02193068731483054,0.41898519284912356,0.02730042275520536,0.5215738443918763,0.04262410006224133,0.8143322882781486,0.054519588908812186,1.041595283589958,0.42960000000000004,0.4311809310958819,0.4399,0.4427053162506225,0.46575000000000005,0.47681496090812203,0.6171,0.6025405394089568,0.84595,0.7570743819716416,-0.03203661327231122,-3.2036613272311243,-0.15400000000000003,-15.400000000000002,-0.19581749049429664,-19.581749049429664,39.130434782608695,34.69387755102041,32.03463203463204,0.4484899759905726,0.501578536792458,-0.0530885608018854,-0.05952952872347445,0.006440967921589054,1.522687451912306,0.46575000000000005,0.03316604954026268,0.5320820990805254,0.3994179009194747,0.28483993163940025,0.17775782319128222,0.0285714285714286,6.754474839581229,0.04935714285714286,11.668355285376563,0.06290476190476191,14.87110210514466,37083.396499999995,0.6387756310293746,-682749.4900000002,1.1646067569146323,34.44122509111567,-103.31384015594551,32.132621275373296,7.558139534883729,10.961645640168209,-92.44186046511628,False,True,False
1772928000000,0.423,0.427,0.385,0.405,27612.94,2026-03-08,-0.04255319148936165,-0.04348511193973878,0.04255319148936165,0.026559315774033893,0.507415015397129,0.02849090279778033,0.5443179336700996,0.043014951118879534,0.8217994872304633,0.05249499115150224,1.002915397747312,0.42539999999999994,0.42245395406392133,0.4316,0.43584980420505476,0.4605,0.46997544082163395,0.6060599999999999,0.5947938142085281,0.83579,0.7500872542725449,-0.04929577464788726,-4.929577464788724,-0.17008196721311464,-17.00819672131147,-0.2058823529411764,-20.588235294117645,23.333333333333357,33.17073170731709,32.034632034632054,0.44179921045356135,0.49442457110370425,-0.052625360650142894,-0.05814869510880814,0.005523334458665249,1.3637862860901848,0.4605,0.034090436998354096,0.5286808739967082,0.39231912600329183,0.29611671659808103,0.09299436376629934,0.03057142857142859,7.548500881834219,0.05042857142857144,12.451499118165788,0.057952380952380964,14.309229864785422,36254.6835,0.7616378722489744,-710362.4300000002,1.1623080264844,35.30648161590973,-122.98219337660186,31.71775081905413,10.152284263959402,9.607178303318072,-89.8477157360406,False,True,False
1773014400000,0.405,0.42,0.393,0.397,20389.08,2026-03-09,-0.019753086419753152,-0.019950786419348793,0.019753086419753152,0.02497358460595978,0.4771196639690366,0.020170988845474087,0.38536620079678446,0.042955617661735,0.8206659231233641,0.0524621223279211,1.0022874397545154,0.41900000000000004,0.41396930270928084,0.4262,0.4287862034404994,0.4548,0.4630253988386209,0.5954200000000001,0.5870371580828782,0.82583,0.7430803311613726,-0.07459207459207451,-7.4592074592074535,-0.11973392461197341,-11.973392461197337,-0.22309197651663404,-22.309197651663403,24.561403508771946,35.978835978835974,25.80645161290323,0.43490702422993655,0.48720793620673797,-0.05230091197680142,-0.05697913848240681,0.0046782265056053846,1.178394585794807,0.4548,0.03472690447965041,0.5242538089593008,0.38534619104069917,0.3054257210171541,0.08389611119909818,0.030857142857142868,7.772580064771503,0.04192857142857144,10.561353004677944,0.055142857142857146,13.889888449082404,35610.2705,0.5725617838258208,-730751.5100000001,1.1606143805701643,35.783809510315955,-117.09140332993546,20.997760579911812,6.315789473684218,8.008737757509104,-93.68421052631578,False,False,True
1773100800000,0.397,0.411,0.386,0.396,25722.88,2026-03-10,-0.0025188916876573986,-0.002522069432709835,0.0025188916876573986,0.014427783976089428,0.27564242583128695,0.020207355314222172,0.3860609812066695,0.04256967623513369,0.8132925225212012,0.0523288197757953,0.999740698072054,0.4102,0.40797953513952057,0.42160000000000003,0.42282507554222676,0.45,0.45664202752065675,0.58558,0.5795454714545872,0.81628,0.7361929083222253,-0.09999999999999998,-9.999999999999996,-0.10407239819004521,-10.407239819004522,-0.19512195121951215,-19.512195121951216,20.00000000000003,22.292993630573264,30.270270270270274,0.4289213281945617,0.4804517927836737,-0.051530464589112035,-0.05588940370374786,0.004358939114635828,1.100742200665613,0.45,0.035928291154257413,0.5218565823085148,0.3781434176914852,0.3193625880378437,0.12425154199407891,0.031714285714285716,8.008658008658008,0.03735714285714287,9.433621933621936,0.05100000000000001,12.87878787878788,35989.5905,0.7147311109305343,-756474.3900000001,1.1584725203214978,36.28113571352451,-115.22877754718849,22.35488147453613,5.789473684210533,7.419182473951373,-94.21052631578947,False,True,False
1773187200000,0.396,0.405,0.382,0.396,19107.63,2026-03-11,0.0,0.0,0.0,0.017005380974079543,0.32488734733267016,0.020156382442657612,0.38508714586279913,0.042613068089293694,0.8141215227309218,0.05224551174267789,0.998149100334122,0.4034,0.40398635675968037,0.41790000000000005,0.41794778908000374,0.44555,0.4508665963282131,0.57644,0.5723475790247362,0.80714,0.72944244161282,-0.07906976744186045,-7.906976744186041,-0.08545034642032323,-8.545034642032327,-0.18350515463917516,-18.350515463917517,0.0,12.857142857142875,31.638418079096056,0.4238565084723214,0.47419610442903354,-0.05033959595671211,-0.05477944215434072,0.004439846197628605,1.1211732822294458,0.44555,0.03686458148986636,0.5192791629797328,0.37182083702026725,0.33095797544487826,0.1639728568896091,0.02985714285714286,7.53968253968254,0.03178571428571429,8.026695526695528,0.049857142857142864,12.59018759018759,36081.7155,0.5295654526182382,-756474.3900000001,1.1568823218366016,38.740914740467716,-111.39522685549433,7.630580930545605,11.382113821138223,7.829125659677646,-88.61788617886178,False,True,False
1773273600000,0.396,0.402,0.379,0.392,15893.49,2026-03-12,-0.010101010101010055,-0.010152371464017962,0.010101010101010055,0.017223147713255615,0.3290477750429367,0.019145631644840677,0.36577677898435884,0.035860121791239895,0.6851066648574758,0.05174452381663961,0.9885777394463907,0.3972,0.3999909045064536,0.41340000000000005,0.4132300092472758,0.43875000000000003,0.44526025382076406,0.5666,0.5652750958648166,0.7982499999999999,0.7227468275899284,-0.07328605200945615,-7.328605200945621,-0.10297482837528604,-10.2974828375286,-0.25757575757575757,-25.757575757575758,0.0,13.63636363636364,32.74853801169591,0.41895550716888735,0.4681075041006921,-0.04915199693180472,-0.053653953109833515,0.0045019561780287945,1.1484582086808148,0.43875000000000003,0.03321837633476013,0.5051867526695203,0.37231324733047977,0.3028455962143374,0.14816161144607012,0.026571428571428572,6.778425655976676,0.03042857142857144,7.7623906705539385,0.04923809523809525,12.560738581146747,34778.070999999996,0.45699745681696957,-772367.8800000001,1.1555588879375909,41.28301066235458,-115.63467208761415,7.836346397474486,11.111111111111121,9.427566205486613,-88.88888888888887,False,True,False
1773360000000,0.392,0.404,0.385,0.386,21982.93,2026-03-13,-0.015306122448979553,-0.015424470325631639,0.015306122448979553,0.008339327150737574,0.1593226215085778,0.018558944660676757,0.35456813989005376,0.03173899624924353,0.6063726719287121,0.051652687975011255,0.9868232181556195,0.3934,0.3953272696709691,0.40940000000000004,0.40827909847504384,0.43390000000000006,0.4396164201235483,0.55728,0.558244672174601,0.78851,0.7160652851074133,-0.04691358024691361,-4.691358024691362,-0.09389671361502339,-9.389671361502343,-0.20082815734989645,-20.08281573498964,0.0,17.821782178217845,31.988472622478383,0.4138854291429047,0.46202546675965506,-0.04814003761675034,-0.05255117001121688,0.004411132394466541,1.1427804130742334,0.43390000000000006,0.033497682559306706,0.5008953651186134,0.36690463488138664,0.3088055548219101,0.14251258340637124,0.02642857142857143,6.8467801628423395,0.027571428571428584,7.142857142857145,0.043285714285714295,11.213915618060698,33773.2045,0.6508985547995602,-794350.8100000002,1.1537375025204109,43.556755981377705,-107.65090349865429,13.030023787486215,7.865168539325848,10.119464490525052,-92.13483146067415,True,False,False
1773446400000,0.386,0.402,0.382,0.392,30155.55,2026-03-14,0.015544041450777257,0.01542447032563173,0.015544041450777257,0.011764428693041343,0.22475909459437646,0.01957573424360194,0.37399387759599395,0.032204232714166295,0.6152610021108808,0.05098931387873016,0.9741494738414825,0.3924,0.39421817978064605,0.40570000000000006,0.4053192623886722,0.4298,0.43508152296892455,0.54722,0.5517252485205782,0.77964,0.7096356164314385,-0.012594458438287215,-1.2594458438287164,-0.08624708624708621,-8.624708624708619,-0.17299578059071719,-17.299578059071724,24.0,24.489795918367363,35.02994011976048,0.4105184400439963,0.45683839514763525,-0.046319955103638955,-0.051304927029701304,0.00498497192606235,1.2716765117505993,0.4298,0.033349189211352916,0.49649837842270583,0.3631016215772942,0.31036937376782603,0.21663479012608255,0.02557142857142857,6.52332361516035,0.027071428571428583,6.905976676384842,0.04142857142857143,10.568513119533527,34447.1035,0.8754161289642248,-764195.2600000001,1.1512541486022274,45.0335772863408,-97.86748641803449,19.9644298582445,14.606741573033716,11.194340407823551,-85.39325842696628,False,True,False
1773532800000,0.392,0.42,0.388,0.398,18993.11,2026-03-15,0.015306122448979664,0.015190165493975238,0.015306122448979664,0.014197509292791349,0.27124303418410084,0.017742020011348603,0.3389608163790166,0.03106856405938641,0.5935640829261418,0.05033832757643416,0.9617123979991227,0.3928,0.3954787865204307,0.40149999999999997,0.4039884874089137,0.4272,0.4315499493528364,0.53868,0.5456967854177283,0.7705299999999999,0.7034527997090737,0.005050505050504972,0.5050505050505054,-0.09545454545454546,-9.545454545454541,-0.11555555555555552,-11.555555555555554,52.17391304347826,31.57894736842107,36.936936936936945,0.40859252619107383,0.4524799955069191,-0.04388746931584525,-0.0498214354869301,0.0059339661710848465,1.490946274141921,0.4272,0.03371646482064798,0.494632929641296,0.35976707035870403,0.31569723614838946,0.28348857038151065,0.02414285714285714,6.066044508255562,0.027357142857142865,6.87365398420675,0.04166666666666668,10.469011725293134,32097.996000000003,0.5917226109692331,-745202.1500000001,1.1497188232414959,42.84265948275528,-69.06683219532394,25.770259975662626,21.348314606741585,14.606741573033704,-78.6516853932584,True,False,False
1773619200000,0.398,0.444,0.393,0.395,40170.98,2026-03-16,-0.007537688442211032,-0.007566240383315813,0.007537688442211032,0.01473212160480758,0.28145678806395125,0.01715655030491484,0.3277754333430921,0.02489563126759056,0.47563036753062654,0.05028374126798211,0.9606695280404489,0.3926,0.3953191910136205,0.398,0.4023542169709294,0.42279999999999995,0.4280690017954234,0.53058,0.5397870868520687,0.76137,0.6973333617181657,-0.002525252525252486,-0.2525252525252527,-0.08139534883720922,-8.139534883720925,-0.1821946169772256,-18.21946169772256,47.99999999999999,27.659574468085125,27.303754266211612,0.40650136831552397,0.448222218061826,-0.041720849746302024,-0.04820131833880449,0.006480468592502467,1.6406249601272067,0.42279999999999995,0.03173508767083665,0.48627017534167327,0.35932982465832664,0.3002373478792494,0.2809995021256308,0.027571428571428573,6.9801084990958415,0.02921428571428572,7.396021699819169,0.03714285714285715,9.403254972875228,31607.576500000003,1.2709288230307692,-785373.1300000001,1.146529602795464,38.96961995397805,-41.26138130135455,35.44989405338296,17.977528089887652,17.977528089887638,-82.02247191011234,True,False,False
1773705600000,0.395,0.405,0.385,0.387,16315.99,2026-03-17,-0.020253164556962022,-0.02046107187134006,0.020253164556962022,0.016935041603673647,0.3235435155479513,0.01740561890196429,0.33253388220834285,0.02261500299997536,0.4320590256567342,0.05021867515419745,0.9594264416820213,0.39160000000000006,0.3925461273424136,0.39440000000000003,0.3995625411580331,0.41715,0.42415766829109725,0.52222,0.5337954162171994,0.7520200000000001,0.6911768437653052,-0.012755102040816313,-1.2755102040816337,-0.0851063829787233,-8.510638297872335,-0.22599999999999998,-22.599999999999998,36.36363636363636,28.571428571428584,31.25,0.4035011578054433,0.44368723894600093,-0.040186081140557606,-0.04659827089915512,0.006412189758597517,1.6568965784489706,0.41715,0.026968353773732235,0.4710867075474645,0.36321329245253553,0.2585962246072851,0.22050574301863063,0.026857142857142864,6.93983019564415,0.029285714285714293,7.567368032484313,0.03385714285714286,8.748615725359912,29149.2825,0.5597389918602628,-801689.1200000001,1.1452100270998327,35.9643739684365,-84.1330286874842,36.24693291598683,8.988764044943826,16.104868913857675,-91.01123595505616,False,True,False
1773792000000,0.387,0.402,0.36,0.367,62320.75,2026-03-18,-0.05167958656330751,-0.053062844975211555,0.05167958656330751,0.028021846195961108,0.5353566198750012,0.019491198997910252,0.37237883399475086,0.02415194126599072,0.46142218999988593,0.05044581774371818,0.963765994761611,0.38780000000000003,0.38403075156160904,0.3906,0.39364207912929977,0.41109999999999997,0.41871408083480216,0.5134000000000001,0.5272543983469251,0.74259,0.6847459274768117,-0.049222797927461204,-4.922279792746118,-0.09382716049382722,-9.382716049382724,-0.24795081967213117,-24.795081967213115,24.48979591836735,21.296296296296305,29.962546816479403,0.39788559506614435,0.4380067027276229,-0.04012110766147853,-0.045302838251619806,0.005181730590141279,1.4119156921365883,0.41109999999999997,0.023599509361579948,0.45829901872315987,0.36390098127684006,0.22962305387088255,0.032829270681842423,0.029571428571428582,8.057609964966916,0.02971428571428572,8.096535616971586,0.031047619047619053,8.459841702348516,31111.857,2.0031189395091396,-864009.8700000001,1.1401057628944584,33.34741490410901,-125.65157750342944,38.02174449141027,6.481481481481485,11.14925787210431,-93.5185185185185,False,True,False
1773878400000,0.367,0.373,0.321,0.358,42093.54,2026-03-19,-0.02452316076294281,-0.024828861653869997,0.02452316076294281,0.02449671478376724,0.4680090788082992,0.01982203075360028,0.37869936581249575,0.019502205123358592,0.372589105726197,0.05035414684488814,0.9620146246985769,0.381,0.37535383437440606,0.38670000000000004,0.38716170110579073,0.40645,0.41293178742196374,0.50426,0.5206169503348821,0.7327899999999999,0.6782642779189296,-0.08673469387755106,-8.673469387755109,-0.09823677581863988,-9.823677581863988,-0.20620842572062092,-20.620842572062088,23.07692307692308,11.320754716981128,31.746031746031747,0.39174934967135294,0.432080280303204,-0.04033093063185106,-0.04430845672766606,0.003977526095815004,1.1110408088868726,0.40645,0.024470121415867806,0.45539024283173557,0.3575097571682644,0.2408180235292685,0.0050085860160229735,0.03371428571428572,9.417398244213889,0.030142857142857145,8.41979249800479,0.03152380952380953,8.805533386538976,31463.8215,1.3378393975442557,-906103.4100000001,1.136581771294383,32.923745436321894,-192.75913374111445,28.646040469014352,30.08130081300811,15.183848779811129,-69.91869918699189,False,True,False
1773964800000,0.358,0.37,0.335,0.35,37773.68,2026-03-20,-0.022346368715083775,-0.02259983191724092,0.022346368715083775,0.01617231540397008,0.3089716519630937,0.019969777558889797,0.38152206456417637,0.0195652916820353,0.37379437273738975,0.049849376521117816,0.9523710012036395,0.37140000000000006,0.36690255624960405,0.3821,0.38040502817746513,0.40185000000000004,0.40693828385796704,0.49601999999999996,0.513926069560874,0.72422,0.6717527367324798,-0.12060301507537696,-12.0603015075377,-0.11616161616161624,-11.616161616161627,-0.20814479638009054,-20.814479638009058,11.111111111111114,11.538461538461547,20.704845814977986,0.38532637279883714,0.4260002595398607,-0.04067388674102357,-0.04358154273033757,0.002907655989314001,0.8307588540897146,0.40185000000000004,0.02603292449758188,0.4539158489951638,0.3497841510048363,0.25913076518682965,0.0020728462065771917,0.036,10.285714285714285,0.031214285714285715,8.918367346938776,0.03038095238095239,8.68027210884354,31747.6615,1.1898098384348719,-943877.0900000002,1.1334500973306119,33.88462979006339,-170.56766209308563,37.108452263067456,23.5772357723577,20.046672688949087,-76.4227642276423,False,False,True
1774051200000,0.35,0.35,0.315,0.334,17970.76,2026-03-21,-0.045714285714285596,-0.04679216150675882,0.045714285714285596,0.014648991011263235,0.2798685803043027,0.0220217090818712,0.42072416126673484,0.020947759364734926,0.40020638073003845,0.05003780068180127,0.9559708397389326,0.3592,0.35593503749973604,0.3759,0.3719677503270169,0.39690000000000003,0.39999178063339863,0.48757999999999996,0.5068701250239962,0.7157899999999999,0.6650532096207125,-0.15443037974683538,-15.443037974683543,-0.15656565656565657,-15.656565656565654,-0.22863741339491916,-22.86374133949191,0.0,10.619469026548686,13.274336283185846,0.3774300077528622,0.41918542549972265,-0.04175541774686048,-0.04321631773364216,0.0014608999867816788,0.4373952056232571,0.39690000000000003,0.029036999990066606,0.4549739999801332,0.33882600001986685,0.2926379439664055,-0.041550435836327594,0.03814285714285714,11.420017108639861,0.031857142857142855,9.538066723695465,0.030761904761904768,9.210151126318793,30661.377500000002,0.5861041305140318,-961847.8500000002,1.131933599865801,35.43904391526404,-199.19799498746892,38.09469068570279,14.728682170542648,22.795739585302808,-85.27131782945735,False,True,False
1774137600000,0.334,0.335,0.287,0.302,45290.14,2026-03-22,-0.09580838323353302,-0.10071397560183087,0.09580838323353302,0.029638130434143664,0.5662356868879153,0.03308453732708589,0.6320791981261359,0.027352074639294052,0.5225606522518053,0.049635839115154595,0.9482913747909507,0.34219999999999995,0.33795669166649067,0.3669,0.3592463411766502,0.39015,0.39065923009688436,0.48012,0.4988359803314207,0.70604,0.6578520746071539,-0.21963824289405687,-21.96382428940569,-0.22959183673469397,-22.959183673469393,-0.30892448512585813,-30.892448512585812,0.0,9.448818897637807,12.19512195121952,0.3658253911754988,0.4105050236106793,-0.04467963243518053,-0.043508980673949836,-0.0011706517612306913,-0.3876330335200964,0.39015,0.034417368626319896,0.4589847372526398,0.3213152627473602,0.35286293606376923,-0.14030171043196288,0.04042857142857143,13.386944181646172,0.032285714285714286,10.690633869441816,0.03171428571428572,10.501419110690637,31201.2575,1.4515485473622338,-1007137.9900000002,1.1280182716400284,37.473361923180796,-227.2828756418846,37.41762205946498,9.554140127388541,15.953352690096283,-90.44585987261145,False,True,False
1774224000000,0.302,0.4,0.301,0.343,33986.65,2026-03-23,0.13576158940397365,0.1273034297910704,0.13576158940397365,0.08695832447361922,1.6613364563716837,0.06090931740010676,1.1636708750087525,0.04382412022272152,0.8372586412530333,0.05380391253773585,1.0279223057188904,0.3374,0.3396377944443271,0.3626,0.3562924609627138,0.386,0.3861202558019429,0.47408,0.4927247492340281,0.6970599999999999,0.6516072115016805,-0.06539509536784727,-6.539509536784732,-0.1113989637305699,-11.13989637305699,-0.19483568075117363,-19.483568075117365,32.53968253968256,33.125000000000014,28.400000000000006,0.36231379253311435,0.4055046514912764,-0.04319085895816205,-0.04344535633079228,0.0002544973726302316,0.07419748473184594,0.386,0.034868172789613114,0.45573634557922627,0.31626365442077375,0.3613282154364055,0.191695918083717,0.0472857142857143,13.785922532278219,0.03742857142857143,10.912119950020823,0.03523809523809524,10.273497153963627,31733.127500000002,1.0710148251224214,-973151.3400000002,1.1252466145607036,36.89161096619532,-102.56733476196483,44.04139668795768,35.668789808917225,19.98387070228279,-64.33121019108277,True,False,False
1774310400000,0.343,0.44,0.343,0.392,54684.42,2026-03-24,0.1428571428571428,0.13353139262452257,0.1428571428571428,0.10951515460389935,2.0922840909134046,0.07782694535306539,1.4868817032269226,0.055541973636159314,1.0611279163799872,0.05715775395713334,1.09199735606815,0.3442,0.35709186296288475,0.36260000000000003,0.3627847407876749,0.38415000000000005,0.3866802314398531,0.46822,0.4887747490186329,0.6900800000000001,0.6464582565786631,0.09497206703910632,9.497206703910624,0.0,0.0,-0.08624708624708621,-8.624708624708619,58.06451612903226,49.03846153846154,41.379310344827594,0.3668809013741737,0.4045043069363498,-0.03762340556217614,-0.04228096617706906,0.004657560614892919,1.1881532180849284,0.38415000000000005,0.03341804586560673,0.4509860917312135,0.3173139082687866,0.3479687191524845,0.5587257557755573,0.05828571428571429,14.868804664723031,0.04257142857142858,10.860058309037903,0.038952380952380954,9.936831875607385,30847.6935,1.772723137306846,-918466.9200000002,1.1210763701570485,35.75466547441111,12.76819797288395,53.776479270319804,66.87898089171975,37.367303609341825,-33.121019108280244,True,False,False
1774396800000,0.392,0.403,0.349,0.361,22653.08,2026-03-25,-0.07908163265306134,-0.08238388145758174,0.07908163265306134,0.11799277989467996,2.2542488946775934,0.08174079223721074,1.5616556429577875,0.05758847496725132,1.100226269412166,0.05689149171325664,1.086910423041492,0.3464,0.3583945753085898,0.3589,0.36246024246264313,0.3802,0.384234495112248,0.46296,0.4837639622990965,0.68369,0.6407967606575646,0.03142857142857136,3.142857142857146,-0.09296482412060314,-9.29648241206031,-0.17954545454545456,-17.95454545454546,50.847457627118644,42.67782426778243,38.46153846153846,0.36597614731660844,0.40128176568175383,-0.0353056183651454,-0.04088589661468433,0.005580278249538932,1.5457834486257431,0.3802,0.03105445132940757,0.4423089026588151,0.31809109734118485,0.32671700504374085,0.34543278678201755,0.060000000000000005,16.62049861495845,0.0447857142857143,12.406015037593988,0.039809523809523815,11.027568922305766,30347.5375,0.7464552931189229,-941120.0000000001,1.1193141439357952,31.554626707208165,-33.36980306345745,53.50184295326721,47.13375796178344,49.893842887473454,-52.86624203821656,False,False,True
1774483200000,0.361,0.371,0.331,0.349,19150.03,2026-03-26,-0.03324099722991691,-0.03380603613045377,0.03324099722991691,0.11660165471648988,2.227671485465841,0.08216842912201112,1.5698256341703438,0.05777444620715105,1.1037792449616868,0.056962730083407104,1.0882714301922147,0.34940000000000004,0.35526305020572657,0.3543,0.3600129256512535,0.37615000000000004,0.38087882891108155,0.4577399999999999,0.4784790886208735,0.6768599999999999,0.635009732693052,0.04491017964071853,4.491017964071843,-0.11645569620253171,-11.645569620253173,-0.18837209302325586,-18.837209302325586,49.72375690607735,41.29554655870446,36.25000000000001,0.3633644323448225,0.39740904229786284,-0.03404460995304032,-0.03951763928235553,0.005473029329315211,1.5682032462221236,0.37615000000000004,0.029458757968637544,0.4350675159372751,0.317232484062725,0.3132660690537023,0.26959313738800045,0.05828571428571429,16.70077773229636,0.046000000000000006,13.180515759312323,0.03952380952380953,11.324873789057174,29797.78,0.6426663328610386,-960270.0300000001,1.1177899080365647,27.103144965086027,-78.67974212294571,53.34689091943932,39.4904458598726,51.16772823779191,-60.5095541401274,False,True,False
1774569600000,0.349,0.354,0.314,0.333,35070.84,2026-03-27,-0.04584527220630363,-0.04692943222198324,0.04584527220630363,0.10653444211681683,2.035337658806668,0.0829388530688205,1.5845445630071624,0.0583496375204463,1.1147682595724226,0.05633516515184014,1.0762818190093442,0.3556,0.34784203347048437,0.3489,0.35510148462375285,0.37165000000000004,0.37631894044335945,0.45316,0.4727740134490045,0.6699299999999999,0.62902033920867,0.10264900662251675,10.264900662251666,-0.13953488372093026,-13.95348837209302,-0.21276595744680848,-21.276595744680847,49.72375690607735,39.688715953307394,35.69230769230771,0.3586929812148498,0.3926380021275854,-0.033945020912735546,-0.038403115608431536,0.00445809469569599,1.3387671758846815,0.37165000000000004,0.02879194880155946,0.429233897603119,0.3140661023968811,0.30988240335325673,0.1644027097090194,0.059000000000000004,17.71771771771772,0.0475,14.264264264264265,0.04047619047619048,12.155012155012153,30366.923500000004,1.154902636086925,-995340.8700000001,1.1149537915760805,23.579243601261815,-108.83002207505542,47.44544334396106,29.29936305732486,38.641188959660276,-70.70063694267515,False,True,False
1774656000000,0.333,0.339,0.317,0.321,13067.15,2026-03-28,-0.03603603603603611,-0.03670136685042804,0.03603603603603611,0.0875215944570501,1.6720977142951559,0.08225116249366243,1.5714062530163815,0.058178216545285426,1.11149326644042,0.05478274758642976,1.0466229230664899,0.3512,0.3388946889803229,0.3443,0.3489012146921614,0.36745,0.3710504699249442,0.44738,0.4668220784496037,0.66294,0.6229119267286277,-0.06413994169096215,-6.413994169096215,-0.12534059945504084,-12.534059945504083,-0.20740740740740748,-20.740740740740744,55.900621118012424,36.50190114068442,33.83233532934132,0.35289406102794985,0.3873314834514005,-0.03443742242345066,-0.037609976971435366,0.0031725545479847073,0.988334750150999,0.36745,0.029780733793265027,0.4270114675865301,0.3078885324134699,0.32418814851832944,0.11006669343298106,0.057142857142857155,17.801513128615937,0.047642857142857147,14.842011570983535,0.04028571428571429,12.550066755674234,29639.634,0.4408674547060871,-1008408.0200000001,1.1138915468547952,20.234623773546836,-113.41719077568135,42.4950791876248,21.656050955414027,30.148619957537147,-78.34394904458597,False,False,True
1774742400000,0.321,0.33,0.31,0.325,42744.75,2026-03-29,0.012461059190031154,0.012384059199721622,0.012461059190031154,0.0328193410360942,0.6270126301007514,0.08237684245242818,1.573807365257179,0.058340097843355136,1.114586004297502,0.05424451432594468,1.0363399910632758,0.3378,0.33426312598688196,0.34099999999999997,0.34455553929358657,0.36385,0.36666471088447333,0.44252,0.46126041672988216,0.6557599999999999,0.6170041487977768,-0.17091836734693877,-17.091836734693878,-0.0921787709497206,-9.21787709497206,-0.18136020151133503,-18.136020151133504,42.74193548387096,36.015325670498086,32.415902140672785,0.3486026670236499,0.38271433652902026,-0.03411166950537037,-0.03691031547822237,0.0027986459728520027,0.8611218378006161,0.36385,0.030366662815141308,0.4245833256302826,0.3031166743697174,0.3338371616340943,0.1801591251852281,0.05314285714285715,16.351648351648354,0.046785714285714285,14.395604395604394,0.03923809523809524,12.073260073260073,30757.417500000003,1.389737938824025,-965663.2700000001,1.110419127285589,19.131373194964887,-108.17307692307689,36.55900459760201,24.203821656050973,25.05307855626327,-75.79617834394902,False,True,False
1774828800000,0.325,0.358,0.313,0.338,26186.03,2026-03-30,0.040000000000000036,0.03922071315328133,0.040000000000000036,0.03699777159745242,0.70684143388719,0.08341381896062194,1.5936187736288518,0.05933208035605614,1.1335378035922703,0.05004007411043822,0.9560142735320558,0.3332,0.3355087506579213,0.3398,0.343363623058389,0.36095,0.36393473841928536,0.43628,0.4564266652239007,0.64881,0.6114714822574912,-0.06371191135734067,-6.371191135734063,-0.03428571428571414,-3.4285714285714164,-0.1464646464646464,-14.646464646464644,19.318181818181827,39.483394833948346,36.06060606060607,0.3469714874815499,0.3794021634527605,-0.03243067597121063,-0.036014387576820024,0.0035837116056093923,1.0602697058015953,0.36095,0.029900668888875687,0.42075133777775137,0.3011486622222486,0.3313552446474657,0.3081146605340797,0.04542857142857143,13.440405748098055,0.04635714285714286,13.715131022823332,0.0400952380952381,11.862496477881095,30780.575,0.8507323206275386,-939477.2400000001,1.108346147313772,19.725327263495227,-65.62374649017248,33.59712334914123,33.33333333333336,26.39773531493277,-66.66666666666664,True,False,False
1774915200000,0.338,0.39,0.338,0.37,45955.69,2026-03-31,0.09467455621301757,0.09045711015525118,0.09467455621301757,0.057591903828847844,1.1002917777209869,0.0867011674515263,1.6564234783629532,0.0634902841119132,1.2129801748022024,0.05224820756143707,0.9982006038791994,0.33740000000000003,0.34700583377194755,0.34340000000000004,0.3482066006841365,0.35964999999999997,0.36451238237935346,0.43072000000000005,0.4530373777179819,0.64311,0.6066832248252219,0.06017191977077374,6.01719197707737,0.10778443113772451,10.778443113772447,-0.06565656565656575,-6.565656565656572,55.0561797752809,47.11864406779661,42.53521126760563,0.3505143355613114,0.37870570690069716,-0.028191371339385762,-0.034449784329333176,0.006258412989947414,1.6914629702560575,0.35964999999999997,0.028843087286431538,0.41733617457286304,0.3019638254271369,0.32079062740365955,0.5897095367879439,0.039,10.54054054054054,0.04864285714285715,13.146718146718147,0.041380952380952386,11.184041184041185,32122.978000000003,1.4306173605697454,-893521.55,1.1048736189678552,19.461428600581787,9.680828577467548,41.20285208260121,54.2483660130719,37.261840334152055,-45.751633986928105,True,False,False
1775001600000,0.37,0.375,0.33,0.355,35579.57,2026-04-01,-0.04054054054054057,-0.041385216162854364,0.04054054054054057,0.056269364041980886,1.075024690570628,0.08049308723368481,1.5378182723356817,0.06406843370085294,1.2240257071897693,0.05157809851789413,0.9853981885782931,0.3418,0.34967055584796497,0.3487,0.3494417641961117,0.3578,0.36360644120036745,0.42584000000000005,0.4491927675678919,0.63737,0.6016926110130623,0.06606606606606591,6.606606606606595,0.17549668874172175,17.549668874172184,-0.0943877551020409,-9.438775510204088,53.2608695652174,47.93103448275862,42.89772727272727,0.3512044377826481,0.3769497286117402,-0.025745290829092105,-0.032708885629284964,0.00696359480019286,1.961576000054327,0.3578,0.027827665144072162,0.41345533028814435,0.30214466971185566,0.31109743034177945,0.4748451766838541,0.03771428571428571,10.623742454728369,0.048857142857142856,13.762575452716296,0.04242857142857143,11.951710261569417,33107.282,1.0746750518511305,-929101.12,1.1021616606553641,19.089845669744758,-18.506220392261067,43.932760427113124,44.44444444444444,44.008714596949886,-55.55555555555556,False,True,False
1775088000000,0.355,0.429,0.305,0.328,133840.39,2026-04-02,-0.07605633802816891,-0.07910418109127196,0.07605633802816891,0.06700770232286023,1.2801803553659938,0.07399006742976064,1.4135782534281898,0.06608759244741934,1.2626016808780638,0.05243185726193203,1.0017092264806684,0.34320000000000006,0.3424470372319766,0.3472,0.3455432616150005,0.35490000000000005,0.36021535156223716,0.42062,0.44444010158069697,0.63178,0.5962657205625204,0.02180685358255463,2.1806853582554537,-0.04373177842565601,-4.373177842565601,-0.15025906735751293,-15.025906735751294,47.572815533980574,45.12987012987013,40.700808625336926,0.3476345242776253,0.373323822788617,-0.025689298510991665,-0.0313049682056263,0.005615669694634638,1.7120944190959262,0.35490000000000005,0.02775627003611951,0.41041254007223904,0.29938745992776106,0.31283482711884464,0.25771240187356936,0.04971428571428571,15.156794425087107,0.054,16.46341463414634,0.04723809523809524,14.401858304297328,38700.155,3.458394158886444,-1062941.51,1.0921419056201895,18.370920875852438,-12.547348484848522,60.72085112488484,26.797385620915055,41.83006535947711,-73.20261437908495,True,True,False
1775174400000,0.328,0.335,0.29,0.3,72931.78,2026-04-03,-0.08536585365853666,-0.08923113372794275,0.08536585365853666,0.07805953308259739,1.4913252855603594,0.05772693123331322,1.102871472661126,0.06816724924361554,1.3023334681816479,0.05342705867490216,1.02072252277873,0.33819999999999995,0.3282980248213177,0.338,0.33726266859409126,0.3503,0.3544805561753574,0.4152,0.4387757742122879,0.62598,0.590391396428196,-0.07692307692307698,-7.692307692307699,-0.23469387755102045,-23.469387755102048,-0.23469387755102045,-23.469387755102048,41.17647058823528,42.3780487804878,37.939698492462306,0.3403061359272214,0.3678924285079352,-0.027586292580713767,-0.030561233080643797,0.0029749404999300302,0.9916468333100101,0.3503,0.028884707299740523,0.40806941459948104,0.29253058540051896,0.3298282306564718,0.06464852250336052,0.050428571428571434,16.809523809523814,0.054714285714285715,18.23809523809524,0.04847619047619048,16.15873015873016,40838.9665,1.785838042693857,-1135873.29,1.0864632778354513,17.250111106161423,-132.83171755172918,51.56244909549433,8.496732026143796,26.57952069716774,-91.50326797385621,False,True,False
1775260800000,0.3,0.314,0.28,0.307,40499.24,2026-04-04,0.023333333333333428,0.023065272930996188,0.023333333333333428,0.07552063272557788,1.4428196623466645,0.05610916542930146,1.0719641003727884,0.06835458270633414,1.3059124689615809,0.05258604291909184,1.0046549393246058,0.332,0.3211986832142118,0.3326,0.3317603652133474,0.34575,0.34995859844437094,0.40919999999999995,0.4336080883253433,0.61955,0.5847724885624352,-0.09171597633136097,-9.171597633136102,-0.14958448753462605,-14.958448753462603,-0.22864321608040206,-22.864321608040207,42.62295081967213,45.7680250783699,39.01234567901235,0.33518211501534123,0.36338187824805473,-0.028199763232713504,-0.030088939111057745,0.001889175878344241,0.6153667356170166,0.34575,0.028132908244936437,0.4020158164898729,0.2894841835101271,0.3254711004475655,0.1556523799225903,0.052142857142857144,16.98464402047464,0.05464285714285715,17.798976268031648,0.04914285714285714,16.007445323406237,41914.273,0.9662398295683191,-1095374.05,1.0833132522725561,16.21175731813913,-143.1468856144467,50.061320834003624,16.874999999999982,17.389705882352924,-83.12500000000001,False,True,False
1775347200000,0.307,0.32,0.301,0.309,30107.07,2026-04-05,0.006514657980456029,0.0064935293105483115,0.006514657980456029,0.0484190545073179,0.925044737499034,0.056054869351792824,1.0709267752685032,0.06846144692358415,1.3079541069654608,0.05082798377541635,0.971067266545426,0.3198,0.3171324554761412,0.32860000000000006,0.32762211699273874,0.34145,0.346057779544907,0.40454,0.42872148893396705,0.61307,0.5793047825087415,-0.16486486486486485,-16.486486486486488,-0.1146131805157593,-11.461318051575926,-0.21772151898734182,-21.772151898734183,36.936936936936924,51.21107266435987,39.70223325062035,0.33115409732067336,0.35935359097039343,-0.028199493649720075,-0.02971105001879021,0.0015115563690701363,0.4891768184692997,0.34145,0.026747306800028802,0.39494461360005756,0.2879553863999424,0.313337903646552,0.1966984354480406,0.052,16.828478964401295,0.05257142857142858,17.013407304669446,0.04852380952380953,15.703498227770075,41411.0775,0.7270293800010396,-1065266.98,1.0810165481125054,16.113099070309612,-103.36034739579398,55.66949596752008,18.124999999999982,14.498910675381234,-81.87500000000001,True,False,False
1775433600000,0.309,0.312,0.301,0.308,16098.47,2026-04-06,-0.003236245954692518,-0.0032414939241709557,0.003236245954692518,0.05008613265720861,0.9568942208325626,0.05468811632056322,1.0448149952706365,0.06843363288004917,1.3074227204098494,0.05075719256635496,0.9697148023953147,0.3104,0.31408830365076085,0.3261,0.32405445935769533,0.3375,0.3424332291120587,0.40018,0.4239873057371784,0.60586,0.5739257909918208,-0.13239436619718303,-13.239436619718306,-0.07507507507507516,-7.507507507507513,-0.2041343669250646,-20.413436692506462,11.25,42.97188755020079,40.201005025125625,0.32759192850210817,0.35554962126885864,-0.027957692766750475,-0.029360378568382268,0.001402685801631793,0.4554174680622704,0.3375,0.025469279741063795,0.38843855948212763,0.2865614405178724,0.3018581302644599,0.21043547069337085,0.047142857142857146,15.306122448979592,0.046285714285714284,15.0278293135436,0.04661904761904762,15.136054421768709,41400.2015,0.38885003977577254,-1081365.45,1.0797893156810827,17.883677566368128,-102.09790209790225,51.68705605886568,17.499999999999982,17.49999999999996,-82.50000000000001,False,False,False
1775520000000,0.308,0.343,0.301,0.334,26016.34,2026-04-07,0.0844155844155845,0.08104121000312603,0.0844155844155845,0.06098970423913677,1.1652066634120073,0.0604073979485929,1.154081717351799,0.07071499899691848,1.3510081588739484,0.05236001791176095,1.0003367376227734,0.3116,0.3207255357671739,0.3274,0.325862739474478,0.33585000000000004,0.34163006443471977,0.39665999999999996,0.4204583866587315,0.5999800000000001,0.5691690473221074,0.018292682926829285,1.8292682926829285,0.04049844236760136,4.049844236760128,-0.08991825613079008,-8.991825613079012,38.46153846153849,37.16814159292036,43.0622009569378,0.32857778565562995,0.35395335302671155,-0.025375567371081598,-0.028563416328922137,0.0031878489578405396,0.9544457957606405,0.33585000000000004,0.02450837665611579,0.38486675331223164,0.28683324668776844,0.29189669978997523,0.4811289010900445,0.04571428571428572,13.686911890504705,0.042357142857142864,12.681779298545766,0.04766666666666667,14.271457085828343,39584.981,0.657227547993518,-1055349.1099999999,1.0778627813093302,19.799269190780766,-37.65227021040983,48.35908237700476,36.241610738255034,23.955536912751644,-63.758389261744966,True,False,False
1775606400000,0.334,0.334,0.309,0.317,23542.54,2026-04-08,-0.050898203592814384,-0.052239219099419816,0.050898203592814384,0.04896650426323927,0.9355037504003219,0.062882212525777,1.2013629834608688,0.07139219240951936,1.3639459208556652,0.05270550905232292,1.006937336595252,0.31500000000000006,0.31948369051144926,0.3266,0.3242513322973002,0.3338,0.3392843440123655,0.39277999999999996,0.41640118936063175,0.59309,0.5641696896926629,0.05666666666666664,5.666666666666672,-0.024615384615384595,-2.4615384615384635,-0.11452513966480438,-11.452513966480442,43.20987654320988,39.62264150943396,40.55944055944056,0.32679658786245613,0.35121606761731056,-0.024419479754854423,-0.027734629014108596,0.0033151492592541736,1.0457884098593608,0.3338,0.024271707592914474,0.3823434151858289,0.28525658481417104,0.29085329649987385,0.3269590228078521,0.04285714285714287,13.519603424966206,0.04028571428571429,12.708427219468229,0.04685714285714286,14.781433077963047,38657.431000000004,0.6090042558699774,-1078891.65,1.076114057535936,21.60388934938323,-52.631578947368354,48.584322767689976,24.83221476510066,26.191275167785204,-75.16778523489934,False,False,True
1775692800000,0.317,0.328,0.311,0.327,19867.5,2026-04-09,0.03154574132492116,0.031058397019972803,0.03154574132492116,0.049574572148391734,0.9471208710344606,0.06232837353188093,1.1907819043394685,0.07166818102779979,1.369218676004392,0.05282957014673702,1.0093075204760378,0.31900000000000006,0.3219891270076329,0.3255,0.32475109006142744,0.33265,0.33811440648737834,0.38948,0.41289525566326774,0.58608,0.5594678108668183,0.06514657980456029,6.514657980456032,-0.03254437869822491,-3.254437869822488,-0.06571428571428561,-6.571428571428561,71.42857142857143,44.76190476190477,42.201834862385326,0.32682788203746294,0.34942228483083404,-0.022594402793371104,-0.0267065837699611,0.004112180976589996,1.2575476992629957,0.33265,0.02400718094330042,0.38066436188660085,0.28463563811339915,0.288677961139942,0.44116343758411264,0.027571428571428587,8.431629532546967,0.038642857142857145,11.817387505460902,0.0451904761904762,13.819717489442262,37762.122,0.5261224461909211,-1059024.15,1.0746484667674088,24.634866992429846,-41.86494448221175,52.09337219890414,31.543624161073826,30.872483221476486,-68.45637583892618,False,False,True
1775779200000,0.327,0.341,0.302,0.313,65552.03,2026-04-10,-0.042813455657492394,-0.04375698035710022,0.042813455657492394,0.05586348328305,1.0672703495591904,0.05324318613210206,1.0172096427809991,0.07157582939157929,1.3674543004717743,0.05306576052239948,1.0138199312671543,0.3198,0.3189927513384219,0.3198,0.322614528232077,0.3316,0.33572255825048514,0.38604,0.40897778960808245,0.57931,0.5545817094568767,0.012944983818770295,1.2944983818770237,-0.15405405405405403,-15.405405405405403,-0.0628742514970061,-6.287425149700604,54.285714285714285,45.192307692307686,41.6289592760181,0.324700515570161,0.34672433780631523,-0.022023822236154234,-0.025770031463199724,0.0037462092270454904,1.1968719575225208,0.3316,0.024401035353403638,0.38040207070680726,0.28279792929319275,0.29434300788182904,0.3094343156897485,0.02671428571428573,8.534915563669562,0.03857142857142858,12.323140118667279,0.04538095238095239,14.498706830975205,40141.1855,1.6330367223459308,-1124576.18,1.0698317181463977,28.718992445889917,-49.30119951579188,49.64919254898173,22.147651006711396,26.17449664429527,-77.8523489932886,True,True,False
1775865600000,0.313,0.324,0.309,0.311,33760.45,2026-04-11,-0.006389776357827448,-0.006410278360919054,0.006389776357827448,0.05598050067026919,1.069505963602968,0.05253560019251959,1.0036912323865923,0.06803865413722318,1.2998766621236444,0.05122605902205798,0.9786724834539638,0.32039999999999996,0.3163285008922813,0.3154,0.3205027958262448,0.33205,0.33336802889329603,0.38170000000000004,0.4051355185912608,0.5722700000000001,0.5497529323166258,0.009740259740259827,0.9740259740259749,-0.12394366197183093,-12.394366197183095,0.0298013245033113,2.9801324503311286,51.42857142857142,47.474747474747474,43.39622641509434,0.3225927439439824,0.34407809056139155,-0.02148534661740914,-0.02491309449404161,0.00342774787663247,1.102169735251598,0.33205,0.023904359875447305,0.37985871975089464,0.2842412802491054,0.28796096823306505,0.2798518752470242,0.02400000000000002,7.717041800643094,0.03807142857142858,12.241616903996329,0.044428571428571435,14.285714285714288,39564.701,0.8532972358365604,-1158336.63,1.0673617928002594,32.8715143818166,-64.48014279339576,48.085455210948325,20.805369127516766,24.83221476510064,-79.19463087248324,False,False,True
1775952000000,0.311,0.315,0.297,0.304,33358.14,2026-04-12,-0.022508038585209,-0.022765210773012433,0.022508038585209,0.03281643362753074,0.6269570841381391,0.047783222064838586,0.9128971757419627,0.06066271274263218,1.1589594996429835,0.05008330203322713,0.9568401418373292,0.3144,0.3122190005948542,0.31300000000000006,0.3175022874942003,0.3301,0.3305710737606012,0.37811999999999996,0.4011694151045486,0.56526,0.5448812202763438,-0.08982035928143717,-8.98203592814372,-0.07317073170731714,-7.317073170731714,-0.1137026239067056,-11.370262390670563,47.368421052631575,44.77611940298507,43.60189573459716,0.3197323217987543,0.3411093431123877,-0.021377021313633393,-0.02420587985795997,0.002828858544326577,0.930545573791637,0.3301,0.024546197047118187,0.3791923940942364,0.2810076059057636,0.2974395279868911,0.2341747078997697,0.02385714285714288,7.847744360902263,0.037928571428571436,12.476503759398499,0.04300000000000001,14.144736842105269,39533.2755,0.8437990421512125,-1191694.7699999998,1.0649070529420932,36.128485300209114,-87.37757235611326,48.94836778857177,16.10738255033555,19.686800894854553,-83.89261744966446,False,True,False
1776038400000,0.304,0.313,0.298,0.309,18140.73,2026-04-13,0.016447368421052655,0.016313575491523787,0.016447368421052655,0.02972193012341453,0.5678366777034701,0.03919677344208129,0.7488533051395947,0.05020637833664037,0.959191511312461,0.05017716867969717,0.9586334616001235,0.31279999999999997,0.3111460003965694,0.31389999999999996,0.3159564170407093,0.32595,0.3285166857834011,0.37482,0.3975549241062175,0.55813,0.5402053024485685,-0.025236593059936974,-2.5236593059936934,0.030000000000000027,3.0000000000000027,-0.21173469387755106,-21.173469387755105,27.272727272727266,42.48704663212435,45.1073985680191,0.31808119536817675,0.3387308732522021,-0.02064967788402533,-0.023494639463173046,0.002844961579147716,0.9206995401772543,0.32595,0.02015329410196201,0.36625658820392404,0.285643411796076,0.2473176143821078,0.2897366069010293,0.02442857142857145,7.905686546463252,0.035785714285714296,11.581137309292652,0.03900000000000001,12.621359223300974,37706.091,0.4811087418210495,-1173554.0399999998,1.063581082045184,39.017466344448145,-81.02952113040391,48.10066640088789,19.463087248322132,18.791946308724793,-80.53691275167787,False,False,True
1776124800000,0.309,0.32,0.3,0.31,50723.36,2026-04-14,0.003236245954692629,0.00323102058144654,0.003236245954692629,0.02302198319867678,0.43983437143549486,0.03858536547002376,0.737172372234734,0.04760635106267256,0.9095180599902263,0.04980502790972092,0.9515237221725735,0.3094,0.3107640002643796,0.3142,0.31487343212421676,0.3234,0.32675319189926766,0.37201999999999996,0.3941213938999453,0.55074,0.5356419961869431,-0.051987767584097955,-5.198776758409791,0.009771986970684043,0.9771986970684049,-0.1412742382271468,-14.127423822714679,41.02564102564102,31.481481481481495,47.02970297029703,0.31683793454230336,0.3366026604186983,-0.01976472587639494,-0.022748656745817428,0.002983930869422488,0.9625583449749961,0.3234,0.01865588661161532,0.36071177322323067,0.28608822677676937,0.2307468968659904,0.3204320132437841,0.021285714285714304,6.866359447004614,0.033500000000000016,10.806451612903231,0.03533333333333334,11.397849462365595,39109.604999999996,1.2969540346930122,-1122830.6799999997,1.0599142422506105,41.79313894770696,-64.7321428571429,47.807998835669736,20.134228187919447,18.568232662192354,-79.86577181208055,True,False,False
1776211200000,0.31,0.4,0.294,0.318,70694.63,2026-04-15,0.02580645161290329,0.025479085300984968,0.02580645161290329,0.0189693347577769,0.36240863168625004,0.039331700402322756,0.7514310810955305,0.04769255092983973,0.9111649061401044,0.04869660814241333,0.9303473922520292,0.3104,0.3131760001762531,0.31510000000000005,0.31544189901072284,0.32184999999999997,0.3259195545755279,0.36872,0.39113623804822306,0.54349,0.5313278191098945,0.015974440894568787,1.5974440894568702,0.029126213592232997,2.9126213592233037,-0.0888252148997134,-8.882521489971339,37.83783783783784,38.06451612903227,52.10526315789473,0.31701671384348745,0.3352246855728644,-0.018207971729376937,-0.021840519742529332,0.003632548013152395,1.1423106959598728,0.32184999999999997,0.017679232538778074,0.3572084650775561,0.28649153492244384,0.21972014961973677,0.4455575914911001,0.032857142857142876,10.332434860736752,0.037857142857142874,11.90476190476191,0.03780952380952382,11.889787361485478,41686.83500000001,1.6958502606398398,-1052136.0499999998,1.0550469041107935,45.9554486955866,63.51075522059982,56.78715854404499,25.503355704697977,21.700223713646498,-74.49664429530202,True,True,False
1776297600000,0.318,0.333,0.307,0.327,30220.46,2026-04-16,0.028301886792452935,0.027908788117076658,0.028301886792452935,0.020787994050785522,0.3971540686928127,0.03998515662910047,0.7639153447788566,0.04711110073717179,0.9000563158068505,0.048583767743053785,0.9281915794492603,0.3136,0.3177840001175021,0.317,0.31754337191786414,0.32155,0.32602245413976333,0.36526000000000003,0.388621088908329,0.5367500000000001,0.52727764291216,0.05144694533762073,5.144694533762062,0.06168831168831179,6.168831168831175,-0.018018018018018056,-1.8018018018018032,71.875,49.63503649635037,47.701149425287355,0.3185526040214125,0.33461544960450224,-0.016062845583089735,-0.020684984910641416,0.004622139327551681,1.4134982653063244,0.32155,0.017530349622783697,0.3566106992455674,0.28648930075443263,0.21807307880931345,0.5777223517681132,0.03414285714285716,10.44124071647008,0.030857142857142878,9.436435124508526,0.03714285714285716,11.358671909130628,41444.316,0.7291822598785319,-1021915.5899999999,1.0529431007043935,47.334085650205274,-4.667731236948533,41.299487827048154,39.16666666666666,28.268083519761337,-60.83333333333334,False,False,True
1776384000000,0.327,0.34,0.315,0.32,24865.17,2026-04-17,-0.021406727828746197,-0.021639175103481182,0.021406727828746197,0.020355371492503497,0.3888888263221325,0.02985669143033938,0.5704112888572357,0.0466309025243308,0.89088214183206,0.04856698542455377,0.9278709537045109,0.3168,0.3185226667450014,0.3156,0.3179900315691616,0.3215,0.32544888707883346,0.36190000000000005,0.38593006319280276,0.53045,0.5231690775039219,0.05263157894736836,5.263157894736847,-0.041916167664670656,-4.191616766467069,-0.0031152647975077885,-0.3115264797507791,62.16216216216216,58.62068965517242,38.23529411764706,0.31877528032581054,0.3335328237078695,-0.01475754338205898,-0.01949949660492493,0.0047419532228659515,1.48186038214561,0.3215,0.017533426722517044,0.3565668534450341,0.28643314655496593,0.21814527804064743,0.4786122812194828,0.03214285714285716,10.044642857142863,0.029428571428571446,9.196428571428577,0.03642857142857144,11.383928571428575,42034.217000000004,0.5915459303072065,-1046780.7599999999,1.0512274300251547,50.30310458307964,8.626001232285754,50.43972963965719,33.33333333333332,32.6677852348993,-66.66666666666669,True,False,False
1776470400000,0.32,0.326,0.31,0.322,32944.82,2026-04-18,0.006250000000000089,0.006230549750636163,0.006250000000000089,0.02011709768663259,0.38433661165277266,0.024914795495281035,0.4759964995865639,0.04657033097211623,0.8897249239518602,0.04757990921325029,0.9090128891663285,0.3194,0.31968177783000096,0.3161,0.318719116738405,0.32134999999999997,0.3251204216427541,0.35932000000000003,0.3834229995449836,0.52416,0.5191816714237578,0.04207119741100329,4.207119741100327,0.015772870662460692,1.577287066246058,-0.009230769230769265,-0.9230769230769239,78.125,56.75675675675676,42.96028880866427,0.31927139104491664,0.3326785404702474,-0.013407149425330778,-0.018281027169006103,0.004873877743675325,1.513626628470598,0.32134999999999997,0.017514730642404424,0.3563794612848088,0.28632053871519114,0.2180143848439946,0.5092779046002903,0.032285714285714306,10.026619343389536,0.028142857142857164,8.740017746228933,0.03614285714285716,11.224489795918371,41544.2205,0.793006093350578,-1013835.94,1.0489490488631874,53.36432907287555,-18.618324350808525,50.985398533856085,26.41509433962266,32.97169811320752,-73.58490566037734,False,True,False
1776556800000,0.322,0.378,0.308,0.314,58040.83,2026-04-19,-0.024844720496894457,-0.025158559636154987,0.024844720496894457,0.025207833624790798,0.4815949851899662,0.02380281068210066,0.45475205956025394,0.045933292950808544,0.8775543296436131,0.04761495592885869,0.9096824557278829,0.3202,0.3177878518866673,0.31479999999999997,0.31786109551324043,0.32015,0.3240613338672537,0.35676,0.3807005265267796,0.51823,0.5151148090795419,0.012903225806451646,1.2903225806451626,-0.03975535168195721,-3.975535168195722,-0.07100591715976334,-7.100591715976337,57.14285714285714,52.136752136752136,43.5897435897436,0.31846040780723717,0.3312949448798555,-0.012834537072618335,-0.01719172914972855,0.004357192077110213,1.3876407888886029,0.32015,0.017131918502644332,0.35441383700528867,0.2858861629947113,0.214048645980251,0.41025523500110733,0.03971428571428574,12.647861692447687,0.031785714285714306,10.122838944495003,0.03852380952380954,12.268729147710044,43136.9605,1.3455011509213775,-1071876.77,1.04504577368931,55.76253473195077,51.4477445010562,54.01745381997538,18.867924528301895,26.205450733752603,-81.1320754716981,True,True,False
1776643200000,0.314,0.326,0.3,0.31,33112.28,2026-04-20,-0.01273885350318471,-0.012820688429061434,0.01273885350318471,0.02212689874108689,0.42273380688428985,0.019905590482510643,0.3802957721918003,0.039824997201869355,0.760855503217956,0.04757934096548512,0.9090020328080185,0.3186,0.3151919012577782,0.3145,0.316431805419924,0.31715,0.32272215921322955,0.3543,0.3779279544639646,0.51243,0.5110493484607136,-0.02515723270440251,-2.5157232704402537,-0.009584664536741228,-0.9584664536741222,-0.16216216216216217,-16.216216216216218,50.0,50.83333333333333,45.593869731800766,0.3171588066061237,0.3297175415554183,-0.012558734949294603,-0.01626513030964176,0.003706395360347156,1.1956114065635988,0.31715,0.012596052013154693,0.3423421040263094,0.2919578959736906,0.15886554643739173,0.3580904557925594,0.04128571428571431,13.317972350230423,0.032857142857142876,10.599078341013831,0.03761904761904763,12.135176651305686,42494.79,0.779207992320941,-1104989.05,1.0427717941758348,58.66067568056179,-49.7198879551822,52.27717402129141,15.094339622641517,20.125786163522005,-84.90566037735849,False,True,False
1776729600000,0.31,0.323,0.302,0.315,31049.21,2026-04-21,0.016129032258064502,0.01600034134644112,0.016129032258064502,0.017810935483176672,0.3402774446196028,0.020466875163712296,0.3910191009694397,0.039405248373970164,0.7528362131208962,0.04763308437109046,0.9100287991304171,0.3162,0.3151279341718521,0.3149,0.316171477161756,0.31515,0.3219867154786363,0.35186,0.37546018949561943,0.50665,0.5071636406645218,-0.03669724770642202,-3.6697247706422047,0.012861736334405238,1.2861736334405156,-0.11267605633802813,-11.26760563380281,45.714285714285715,40.4040404040404,48.818897637795274,0.31682668251287394,0.3286273532920519,-0.011800670779177957,-0.015372238403549,0.003571567624371042,1.133830991863823,0.31515,0.008904611460668736,0.33295922292133745,0.2973407770786625,0.11302061190758347,0.4957886989044237,0.04142857142857145,13.151927437641728,0.031357142857142875,9.954648526077104,0.03614285714285716,11.473922902494335,42268.272000000004,0.7345748603112991,-1073939.84,1.0406561426771337,61.460516278594,-34.67600700525438,52.63044404969602,19.81132075471699,17.92452830188678,-80.18867924528301,False,False,True
1776816000000,0.315,0.329,0.313,0.315,25584.67,2026-04-22,0.0,0.0,0.0,0.01606635528681881,0.3069472867673472,0.01869852442003665,0.35723480744833364,0.0357049334023275,0.682141794850304,0.04755323923797679,0.9085033600041625,0.31520000000000004,0.31508528944790143,0.31599999999999995,0.315958481314164,0.3145,0.32132131400448044,0.34964,0.3730891997815647,0.501,0.5033550166085777,-0.015625,-1.5625000000000013,0.03618421052631593,3.6184210526315828,-0.03963414634146345,-3.963414634146345,26.92307692307692,48.78048780487806,47.99999999999999,0.3165456544339702,0.327617919714861,-0.01107226528089078,-0.014512243779017359,0.003439978498126578,1.0920566660719295,0.3145,0.008376030965747388,0.33125206193149476,0.29774793806850525,0.10653139543080925,0.5149235360412552,0.028571428571428588,9.070294784580504,0.030714285714285732,9.750566893424043,0.034761904761904786,11.035525321239614,36855.486,0.6941889193918105,-1073939.84,1.0389355488713212,64.32165141732578,21.17310443490705,57.26033188062352,19.81132075471699,18.238993710691812,-80.18867924528301,True,False,False
1776902400000,0.315,0.321,0.31,0.314,9792.18,2026-04-23,-0.0031746031746031633,-0.003179652917379684,0.0031746031746031633,0.015235184247142711,0.29106778635087854,0.018238192532767684,0.3484401790906734,0.02977011819513307,0.5687573095209858,0.04752265606909791,0.9079190693831392,0.3136,0.31472352629860095,0.3165,0.3156023938024978,0.31520000000000004,0.32062404600405375,0.3473399999999999,0.3707719744853589,0.4949,0.49960212508288965,-0.024844720496894457,-2.4844720496894435,0.016181229773462702,1.61812297734628,0.046666666666666634,4.666666666666671,35.0,41.0958904109589,44.95798319327731,0.3161540152902824,0.32660918492116586,-0.010455169630883443,-0.013700828949390575,0.003245659318507132,1.033649464492717,0.31520000000000004,0.007654376113474271,0.3305087522269486,0.2998912477730515,0.09713675270906441,0.4608067338797335,0.026428571428571444,8.416742493175619,0.030285714285714305,9.645131938125575,0.029380952380952396,9.356991204124968,33698.506,0.2905820216480814,-1083732.02,1.038275537546281,66.16394772205732,-16.741405082212392,54.54643158394334,18.867924528301895,19.49685534591194,-81.1320754716981,False,True,False
1776988800000,0.314,0.325,0.312,0.315,19171.23,2026-04-24,0.0031847133757962887,0.0031796529173798056,0.0031847133757962887,0.01049204677079867,0.200450272102157,0.018237735046829233,0.34843143883409156,0.029373349782285257,0.5611770596370224,0.047331534850629416,0.9042677036312126,0.31379999999999997,0.3148156841990673,0.317,0.3154928676565891,0.3156,0.32008842257509623,0.34484000000000004,0.36858483662105196,0.48962000000000006,0.4959434962465503,0.0031847133757962887,0.3184713375796181,0.016129032258064502,1.6129032258064528,0.026058631921824116,2.6058631921824125,31.578947368421055,51.66666666666666,36.71497584541064,0.3159764744763928,0.3257492452973745,-0.009772770820981658,-0.012915217323708794,0.003142446502727136,0.9976020643578211,0.3156,0.007408387849500698,0.3304167756990014,0.3007832243009986,0.09389591697719529,0.4797526799288584,0.024714285714285727,7.845804988662135,0.028428571428571445,9.024943310657601,0.027857142857142872,8.84353741496599,32632.105499999998,0.58749595547857,-1064560.79,1.0369909963765085,66.79115512675833,-3.8818565400845184,63.92222638670173,19.81132075471699,19.49685534591194,-80.18867924528301,True,False,False
1777075200000,0.315,0.329,0.312,0.319,40747.32,2026-04-25,0.012698412698412653,0.012618463959211464,0.012698412698412653,0.008296007379287033,0.1584949984370879,0.01672498611643208,0.3195304110990356,0.029459215995645636,0.562817531339872,0.04733491797793195,0.9043323381875735,0.3156,0.31621045613271154,0.31710000000000005,0.31613052808266384,0.3161,0.3199847632822299,0.34262,0.3666403318489064,0.48439,0.49243671341869766,0.029032258064516148,2.9032258064516157,0.003144654088050425,0.3144654088050317,0.032362459546925626,3.23624595469256,66.66666666666666,56.45161290322581,40.81632653061225,0.3164416322492555,0.32524930120127193,-0.008807668952016456,-0.012093707649370327,0.0032860386973538706,1.0301061747190816,0.3161,0.007275770894384697,0.3306515417887694,0.3015484582112306,0.09206922991945198,0.5996457984348498,0.024857142857142873,7.7922077922077975,0.028571428571428588,8.956560680698617,0.027047619047619067,8.478877444394692,33164.118,1.2286568272371965,-1023813.4700000001,1.0342859869644678,67.4646160004695,18.98678023245464,71.41374002561464,23.58490566037737,20.754716981132066,-76.41509433962263,True,False,False
1777161600000,0.319,0.344,0.318,0.329,45406.53,2026-04-26,0.03134796238244508,0.030866647980527264,0.03134796238244508,0.013928120441314671,0.266096367403118,0.01730644232826448,0.33063911642826493,0.030142754514389424,0.5758765164042388,0.047579460313029794,0.9090043129396579,0.3184,0.32047363742180773,0.3173,0.31847043206763404,0.31715000000000004,0.3208433572553509,0.34074,0.3651642394008316,0.47892,0.48919767093852073,0.04444444444444451,4.444444444444448,0.006116207951070374,0.6116207951070342,0.06818181818181834,6.818181818181825,95.23809523809524,69.23076923076923,50.27932960893855,0.31837368882629313,0.32552713074191886,-0.0071534419156257245,-0.011105654502621408,0.003952212586995683,1.201280421579235,0.31715000000000004,0.007555235201479681,0.3322604704029594,0.30203952959704067,0.09528910864234194,0.8921122137163631,0.01857142857142858,5.644811115935738,0.029142857142857158,8.858011289622237,0.0273809523809524,8.322477927341156,34629.52099999999,1.3112087227542075,-978406.9400000001,1.0313388806878099,69.34377844728144,117.96391058443311,78.71945287395133,33.018867924528315,25.471698113207538,-66.98113207547168,True,False,False
1777248000000,0.329,0.339,0.32,0.329,33149.76,2026-04-27,0.0,0.0,0.0,0.013928120441314671,0.266096367403118,0.015490743391224547,0.2959502369430711,0.023407696079783474,0.4472034056821139,0.047253949475672796,0.9027854371239296,0.32120000000000004,0.3233157582812052,0.3182,0.32038489896442784,0.3169,0.32162018037388895,0.33922,0.3637460330082384,0.47263999999999995,0.4860228727689844,0.04444444444444451,4.444444444444448,0.028124999999999956,2.8125000000000027,-0.014970059880239583,-1.4970059880239532,93.75,66.66666666666666,59.602649006622514,0.32000850592994035,0.3257843803165918,-0.005775874386651447,-0.010039698479427416,0.004263824092775969,1.295995164977498,0.3169,0.007033004898124757,0.3309660097962495,0.3028339902037505,0.08877254525875355,0.9301148717821273,0.017571428571428578,5.340859748154583,0.029428571428571443,8.944854537559708,0.027761904761904783,8.438268924591119,34986.191999999995,0.9475098061543824,-978406.9400000001,1.029199788019106,71.69876631903192,102.36289127212457,72.74297104839341,33.018867924528315,29.87421383647798,-66.98113207547168,False,False,True
1777334400000,0.329,0.353,0.322,0.329,21459.8,2026-04-28,0.0,0.0,0.0,0.01330349283568349,0.25416287375345537,0.015465963909106085,0.29547682560191885,0.02018381509175535,0.38561124588791806,0.04719422865149072,0.9016444723799694,0.3242,0.32521050552080344,0.3189,0.3219512809708955,0.3175,0.3223230203382805,0.33786,0.36238344262380495,0.46663999999999994,0.4829110426289994,0.047770700636942776,4.777070063694272,0.021739130434782705,2.173913043478263,0.03785488958990535,3.78548895899054,93.75,66.10169491525424,57.638888888888886,0.32139181270994954,0.3260225743672149,-0.0046307616572653365,-0.008957911114995,0.004327149457729664,1.3152429962704144,0.3175,0.007535879091819265,0.33257175818363854,0.30242824181636146,0.09494020903079395,0.8815082440907284,0.019,5.775075987841944,0.030214285714285725,9.183673469387758,0.027238095238095252,8.279056303372418,34882.055,0.6152103137272159,-978406.9400000001,1.0278324639393952,74.66524428550987,133.05581251927228,71.24140476804511,33.018867924528315,33.018867924528315,-66.98113207547168,True,False,False
1777420800000,0.329,0.391,0.324,0.37,46028.54,2026-04-29,0.12462006079027343,0.11744525487289813,0.12462006079027343,0.052403317318820065,1.0011639716331113,0.039659737178270205,0.75769821490027,0.03360760742748431,0.642072438362653,0.05051171253457036,0.965024912973184,0.33520000000000005,0.340140337013869,0.3245,0.3306874117034599,0.31965,0.32686368506796804,0.33734,0.36268213132836985,0.46146,0.4806734420759783,0.17460317460317465,17.46031746031746,0.17834394904458595,17.8343949044586,0.13149847094801226,13.149847094801217,100.0,78.26086956521738,66.66666666666666,0.3288699953699573,0.32928016145112843,-0.00041016608117111497,-0.007248362108230223,0.006838196027059108,1.8481610883943536,0.31965,0.013865045030093214,0.34738009006018644,0.29191990993981354,0.17350283159822588,1.40785857331726,0.026285714285714284,7.104247104247103,0.027428571428571438,7.413127413127415,0.029238095238095254,7.902187902187907,36190.107,1.271854211428554,-932378.4,1.0250313397118207,75.51833855965677,273.99165507649536,69.84091855751564,76.9230769230769,47.65360425737782,-23.07692307692309,True,False,False
1777507200000,0.37,0.4,0.345,0.388,39792.78,2026-04-30,0.048648648648648596,0.04750233398500326,0.048648648648648596,0.05124926544544739,0.9791158415502956,0.03925850732155227,0.7500327292508482,0.03272570235688168,0.6252236656462965,0.05098083322878125,0.9739874512517058,0.34900000000000003,0.35609355800924597,0.3323,0.34110788230283084,0.3234,0.3326861912519711,0.33718000000000004,0.36367498949822835,0.45681,0.478836925930581,0.21630094043887138,21.630094043887148,0.25161290322580654,25.161290322580648,0.23961661341853047,23.961661341853038,100.0,80.1980198019802,70.0,0.3379669191591947,0.33362977912141956,0.0043371400377751335,-0.004931261679029152,0.009268401716804285,2.3887633290732695,0.3234,0.02051802801651518,0.36443605603303036,0.2823639439669697,0.2537789488746465,1.287112679006028,0.03257142857142858,8.394698085419735,0.02950000000000001,7.603092783505157,0.031047619047619063,8.001963672066768,34902.1445,1.1401242121383113,-892585.62,1.0226865697827503,77.17082400524568,273.5689138088412,77.24255087471195,87.99999999999999,65.98064828253506,-12.000000000000007,True,False,False
1777593600000,0.388,0.499,0.38,0.467,99853.0,2026-05-01,0.20360824742268036,0.18532391804562381,0.20360824742268036,0.08795726357526443,1.6804211611116173,0.06895959980625424,1.317471304425694,0.0537152660059311,1.0262287161067445,0.05845600899601032,1.1168004837596097,0.3766,0.39306237200616395,0.34750000000000003,0.3639973582477707,0.33120000000000005,0.3454779825613072,0.3386799999999999,0.36772695294856844,0.45263999999999993,0.47860235627334885,0.4194528875379939,41.94528875379939,0.4825396825396826,48.25396825396826,0.5016077170418007,50.16077170418007,100.0,92.48554913294797,76.28458498023714,0.3578181623654724,0.3435090547420643,0.014309107623408146,-0.001083187818541691,0.015392295441949836,3.2959947413168815,0.33120000000000005,0.037870416172190405,0.40694083234438083,0.25545916765561927,0.4573721759926375,1.3964781333702558,0.047714285714285716,10.217191801774243,0.03621428571428572,7.754665035178955,0.034857142857142864,7.464056286326095,38206.772,2.613489566718696,-792732.62,1.0175163902080013,78.17472845015148,385.6317093311315,81.64366956925652,83.91959798994976,82.9475583043422,-16.08040201005024,True,False,False
1777680000000,0.467,0.63,0.405,0.414,106201.14,2026-05-02,-0.11349036402569601,-0.12046328384358301,0.11349036402569601,0.12078776040517314,2.3076469223539355,0.08429134133656753,1.6103838150813532,0.06101944188160122,1.1657748002735648,0.06075947362489156,1.160808113702894,0.3936,0.40004158133744266,0.35740000000000005,0.3730887476572669,0.3367,0.35200388898403984,0.33924,0.36954158321463093,0.44826,0.4773221650721151,0.25835866261398155,25.835866261398166,0.3142857142857143,31.428571428571423,0.36184210526315796,36.18421052631579,72.25130890052355,70.53571428571428,66.78200692041521,0.3664615220015536,0.34873060624265656,0.017730915758897015,0.0026796328969460517,0.015051282861950963,3.6355755705195567,0.3367,0.0415237408314067,0.4197474816628134,0.2536525183371866,0.49330253437964594,0.9653964121022408,0.07742857142857143,18.70255348516218,0.05114285714285715,12.353347135955833,0.044857142857142866,10.83505866114562,41848.922,2.537727017197719,-898933.76,1.0124445308258232,79.27286324272214,307.99220272904523,89.45008407664344,34.54545454545454,68.82168417846808,-65.45454545454545,True,False,False
1777766400000,0.414,0.486,0.401,0.41,37617.55,2026-05-03,-0.009661835748792313,-0.009708814126960938,0.009661835748792313,0.12191321945361912,2.3291487872835424,0.08460577043306212,1.616390974535178,0.0613156669654192,1.171434172553534,0.06075905106892318,1.1608000407824532,0.4098,0.40336105422496177,0.367,0.37979988444685475,0.34175,0.35752732812841703,0.3396,0.3711281886092402,0.4434099999999999,0.4759880961800925,0.24620060790273546,24.62006079027354,0.30573248407643305,30.573248407643305,0.3268608414239482,32.68608414239482,70.76923076923075,71.8181818181818,64.6643109540636,0.37315974938593,0.35326907985431527,0.019890669531614724,0.006121840223879788,0.013768829307734936,3.3582510506670578,0.34175,0.04404289177372112,0.42983578354744223,0.25366421645255777,0.5154983675051484,0.8874064420579351,0.08585714285714285,20.94076655052265,0.05221428571428572,12.735191637630663,0.048047619047619054,11.71893147502904,42822.763,0.8784475210065265,-936551.31,1.0105013127519558,79.80642730646142,154.47338618346552,82.16035149176614,33.33333333333333,50.599461956245854,-66.66666666666667,False,True,False
1777852800000,0.41,0.522,0.404,0.416,51000.44,2026-05-04,0.014634146341463428,0.014528100562909808,0.014634146341463428,0.1149765307499103,2.1966235356790316,0.0842779657823154,1.6101282754761717,0.06124444504049657,1.1700734795884478,0.06075626628406813,1.1607468375425007,0.41899999999999993,0.4075740361499745,0.37710000000000005,0.3863817236383357,0.34704999999999997,0.36309615402094875,0.33996000000000004,0.3728878683555432,0.43932000000000004,0.4747993774920065,0.12432432432432439,12.43243243243243,0.3206349206349206,32.063492063492056,0.3419354838709676,34.19354838709677,71.6417910447761,73.87387387387386,68.72727272727272,0.37975055717270995,0.357915814679925,0.021834742492784942,0.00926442067766082,0.012570321815124122,3.0217119747894525,0.34704999999999997,0.046339110456470343,0.43972822091294067,0.25437177908705927,0.534091461823603,0.871985992614002,0.09999999999999999,24.038461538461537,0.05878571428571429,14.131181318681321,0.05295238095238096,12.728937728937732,42836.617,1.1905804793128272,-885550.8700000001,1.007955281063365,81.19207478090382,145.80893642490955,87.39186664141785,34.756097560975604,34.21162847992114,-65.2439024390244,True,False,False
1777939200000,0.416,0.45,0.41,0.427,31564.01,2026-05-05,0.02644230769230771,0.026098752967361288,0.02644230769230771,0.11444327885188348,2.186435772471955,0.08405375466862913,1.6058447281637611,0.061249697618788485,1.170173829955812,0.060830261446952784,1.162160513144458,0.42679999999999996,0.41404935743331633,0.38789999999999997,0.3937668647950019,0.3525,0.3691822345903822,0.3406,0.3750099137397241,0.43559,0.4738522025445301,0.10051546391752564,10.051546391752572,0.3385579937304075,33.855799373040746,0.3427672955974843,34.27672955974842,66.66666666666666,74.56140350877192,70.42253521126759,0.38701970222306226,0.3630331617406748,0.023986540482387464,0.01220884463860615,0.011777695843781313,2.7582425863656472,0.3525,0.04907191285838727,0.4506438257167745,0.25435617428322543,0.5568444012299265,0.8795450169987954,0.1012857142857143,23.72030779524925,0.06014285714285715,14.084978253596523,0.053904761904761914,12.624066019850567,40880.085999999996,0.7721121232474902,-853986.8600000001,1.0063398974573168,82.85758647605978,99.96689837802057,82.0361428349187,36.5625,34.88397696476963,-63.4375,False,False,True
1778025600000,0.427,0.449,0.418,0.424,41722.76,2026-05-06,-0.007025761124121788,-0.007050557996666799,0.007025761124121788,0.0555614823556209,1.0615006299419705,0.08498877508529872,1.6237082681418833,0.06140148101324456,1.1730736476352364,0.06075443128570545,1.1607117799480065,0.4182,0.4173662382888776,0.39740000000000003,0.3992637984686379,0.35734999999999995,0.3744029741532029,0.34134,0.3769310944680987,0.43178,0.4728643630554092,-0.09207708779443258,-9.207708779443262,0.2887537993920972,28.875379939209715,0.29663608562691124,29.663608562691124,61.53846153846152,73.59307359307358,71.42857142857142,0.3927089788041296,0.36754922383396105,0.025159754970168535,0.01479902670491863,0.010360728265249905,2.443567987087242,0.35734999999999995,0.05116770671554969,0.4596854134310993,0.2550145865689006,0.572746122463128,0.8256448465167647,0.09614285714285715,22.675202156334233,0.06121428571428572,14.437331536388143,0.05033333333333334,11.871069182389938,41455.201,1.0064541720591345,-895709.6200000001,1.0042232909166982,84.45717367936216,88.39190628327998,82.72970949051522,35.62499999999999,35.64786585365851,-64.375,False,False,True
1778112000000,0.424,0.448,0.401,0.412,23744.59,2026-05-07,-0.028301886792452824,-0.028710105882431367,0.028301886792452824,0.0215290542086802,0.41131200313011296,0.08651116933179982,1.6527935693823652,0.06163416112007917,1.1775189948345612,0.06040954150158002,1.1541226698741163,0.4178,0.41557749219258505,0.40569999999999995,0.40157947147434014,0.36195,0.37798364328146933,0.34224,0.3783063462672433,0.42782,0.47165832974858346,-0.004830917874396157,-0.48309178743961395,0.2522796352583585,25.227963525835857,0.28749999999999987,28.749999999999993,19.101123595505626,70.24793388429751,67.94425087108013,0.39567682821887884,0.37084187392033624,0.0248349542985426,0.016806212223643424,0.008028742074899176,1.9487238045871786,0.36195,0.05176513254470233,0.46548026508940465,0.25841973491059533,0.5720694299732265,0.7417167576880962,0.09499999999999999,23.058252427184463,0.06378571428571429,15.481969486823857,0.051333333333333335,12.459546925566343,41399.172000000006,0.5735522923018846,-919454.2100000001,1.0030047837561882,85.72108720253857,66.31560921311751,80.54003082780304,31.446540880503136,34.544680293501024,-68.55345911949686,False,True,False
1778198400000,0.412,0.428,0.409,0.421,24850.23,2026-05-08,0.02184466019417486,0.021609484332855127,0.02184466019417486,0.022850718221796032,0.43656235864644954,0.08605779044726164,1.6441317779553593,0.06162405532527261,1.1773259238958746,0.060317986666973265,1.1523735172149545,0.41999999999999993,0.4173849947950567,0.4149,0.4051104766608238,0.3669,0.38208043915942463,0.3434999999999999,0.37998060790187055,0.42388,0.4706545431572196,0.02682926829268295,2.682926829268295,0.27963525835866254,27.96352583586625,0.3074534161490683,30.745341614906824,57.77777777777777,71.19999999999999,68.81355932203388,0.3995727008005898,0.37455729066698,0.025015410133609806,0.0184480518056367,0.006567358327973106,1.5599425957180775,0.3669,0.05247244891120488,0.4718448978224098,0.2619551021775902,0.5720626755105467,0.7577543126086476,0.08071428571428572,19.172039362063117,0.06421428571428571,15.252799457074993,0.05104761904761905,12.125325189458207,40994.442500000005,0.6061853384150789,-894603.9800000001,1.0017327935094316,87.07756155391873,57.98022150223403,76.92463470680065,34.27672955974842,33.782756813417166,-65.72327044025158,False,False,True
1778284800000,0.421,0.434,0.401,0.404,30224.38,2026-05-09,-0.040380047505938155,-0.041217955721231256,0.040380047505938155,0.029609592648922274,0.5656904732667997,0.0811821561173164,1.5509829148728753,0.062250060409383225,1.1892857342349352,0.06053814205648817,1.1565795800258678,0.4176,0.41292332986337116,0.4183,0.40490857181340134,0.3714,0.38416801638233655,0.34458000000000005,0.3809225452273952,0.4203,0.4693338111719857,-0.028846153846153744,-2.884615384615374,0.09189189189189206,9.189189189189198,0.2866242038216562,28.662420382165614,44.82758620689659,66.1596958174905,64.14473684210526,0.4002538237543452,0.37673823209905666,0.023515591655288548,0.019461559775567072,0.004054031879721476,1.0034732375548205,0.3714,0.05154803585008987,0.47449607170017977,0.26830392829982025,0.5551753995701656,0.6581049571646442,0.053285714285714283,13.189533239038187,0.06535714285714286,16.177510608203676,0.051857142857142866,12.835926449787838,39603.62,0.7631721544646676,-924828.3600000001,1.0001764303825575,88.08854804405875,44.91643085010551,72.1536167941673,27.564102564102573,31.095791001451357,-72.43589743589743,True,True,False
1778371200000,0.404,0.408,0.376,0.389,22843.15,2026-05-10,-0.03712871287128716,-0.037835534342703814,0.03712871287128716,0.02588791806036247,0.49458798008798704,0.08136778585738727,1.5545293660773267,0.06304393482090412,1.2044526835709979,0.06040453412290854,1.1540270040389229,0.41,0.40494888657558076,0.4184,0.40201610421096473,0.37534999999999996,0.3846282052983045,0.34568000000000004,0.3812393082825941,0.41662999999999994,0.4677420502545781,-0.08899297423887587,-8.899297423887582,0.002577319587628857,0.2577319587628868,0.2548387096774194,25.48387096774194,29.85074626865675,61.19402985074626,60.0,0.39852246625367677,0.37764651120283066,0.020875955050846107,0.01974443883062288,0.0011315162202232276,0.290878205712912,0.37534999999999996,0.04958488203392167,0.4745197640678433,0.2761802359321566,0.528412223619786,0.5688213798243077,0.045714285714285714,11.751744399559309,0.0657857142857143,16.91149467499082,0.050047619047619056,12.865711837434205,39090.1635,0.5843707970164924,-947671.5100000001,0.9989617345495483,87.26051018753428,12.539045069165581,68.04097093165835,22.258064516129032,28.03296554665999,-77.74193548387096,False,True,False
1778457600000,0.389,0.42,0.38,0.403,31489.95,2026-05-11,0.03598971722365052,0.035357218328236815,0.03598971722365052,0.035784741109339796,0.6836665189518957,0.04427142617990591,0.8458044095658542,0.06324858901945839,1.2083625965444347,0.05877949070180846,1.1229805930713386,0.4058,0.4042992577170539,0.41200000000000003,0.4021949943544257,0.37975,0.38637790003179934,0.34769999999999995,0.3820926690603127,0.41391000000000006,0.4664592455329331,-0.04952830188679236,-4.952830188679236,-0.1370449678800857,-13.704496788008566,0.2793650793650795,27.936507936507944,32.85714285714289,63.12056737588653,63.09148264984227,0.3992113175992649,0.3795245474100292,0.019686770189235703,0.019732905102345447,-4.6134913109743825e-05,-0.011447869258000948,0.37975,0.047820800363132215,0.4753916007262644,0.28410839927373555,0.5037082329230517,0.6215475265127767,0.03457142857142857,8.57851825593761,0.06728571428571428,16.69620701878766,0.05071428571428571,12.58419000354484,39112.2005,0.8051183415261947,-916181.5600000002,0.9973225732987911,86.49429666403687,21.291460916314392,72.45067171529304,26.298701298701303,25.373622792977617,-73.7012987012987,True,False,False
1778544000000,0.403,0.409,0.387,0.388,16439.72,2026-05-12,-0.037220843672456594,-0.03793122232340956,0.037220843672456594,0.03714672368422609,0.7096871595092932,0.029162815635797392,0.5571548104160465,0.06422819213136684,1.2270778877191444,0.056100552469476296,1.0717995500063755,0.40099999999999997,0.39886617181136924,0.40940000000000004,0.3996140862899846,0.3834,0.38653238574305654,0.3486,0.38232432918016,0.41134,0.4649046659118446,-0.058252427184465994,-5.825242718446594,-0.0628019323671497,-6.280193236714967,0.2317460317460318,23.174603174603178,28.04878048780489,59.93265993265993,60.0,0.3974864995070703,0.38015235871299025,0.017334140794080077,0.019253152240692375,-0.0019190114466122975,-0.494590579023788,0.3834,0.04534011817134566,0.47408023634269136,0.2927197636573087,0.47303201013401847,0.5253638509642611,0.03199999999999999,8.247422680412367,0.06664285714285714,17.1759941089838,0.050761904761904765,13.082965144820816,38654.953,0.4252940108347823,-932621.2800000001,0.9964613434504649,85.61326623155526,7.50334052831743,69.8745286514384,20.915032679738562,23.15726616485628,-79.08496732026144,False,False,True
1778630400000,0.388,0.415,0.371,0.371,28950.96,2026-05-13,-0.04381443298969079,-0.04480327701583837,0.04381443298969079,0.03393203789450799,0.6482706737321448,0.0315323288134429,0.6024242961116896,0.06537717249605424,1.2490291267645734,0.052781110179562545,1.0083816941031303,0.391,0.3895774478742462,0.40549999999999997,0.3944115251463511,0.38625,0.3850531109103845,0.34818,0.3818802376868964,0.40819999999999995,0.4630440751505154,-0.11876484560570066,-11.87648456057007,-0.09512195121951217,-9.512195121951216,0.18152866242038224,18.152866242038215,26.43678160919542,50.18315018315018,58.40707964601769,0.39341165342905954,0.3794744062157314,0.013937247213328119,0.018189971235219524,-0.004252724021891405,-1.1462867983534784,0.38625,0.04244733579144373,0.4711446715828874,0.30135532841711254,0.4395840599761162,0.41018281998352185,0.03385714285714284,9.125914516750093,0.06499999999999999,17.520215633423177,0.05209523809523809,14.041843152355279,39612.892,0.7308469172106898,-961572.2400000001,0.9949280620433508,84.27734724857746,-13.027470971396179,64.8244621467874,9.122807017543867,18.778846998661223,-90.87719298245614,True,True,False
1778716800000,0.371,0.41,0.35,0.391,40413.89,2026-05-14,0.0539083557951483,0.05250549737793068,0.0539083557951483,0.046704430262203674,0.8922868872917061,0.03686642339619796,0.704332030025699,0.06606685664281987,1.2622055238874383,0.052049182198741245,0.9943982296638421,0.3884,0.39005163191616415,0.403,0.3937912478470145,0.39005,0.3856194812998717,0.34878,0.38223787554294364,0.40587,0.461616638292483,-0.03217821782178221,-3.2178217821782207,-0.060096153846153744,-6.009615384615377,0.2412698412698413,24.12698412698413,34.69387755102042,50.545454545454554,61.408450704225345,0.39304062982458887,0.3803281539034553,0.01271247592113356,0.01709447217240233,-0.004381996251268772,-1.1207151537771796,0.39005,0.03899456777285226,0.46803913554570453,0.3120608644542955,0.39989301651431625,0.5060905919353553,0.0357142857142857,9.134088417975882,0.06535714285714285,16.71538180489587,0.054428571428571416,13.920350748995247,40675.025,0.9935799670682439,-921158.3500000001,0.9927935330080679,82.13959340350654,-24.188790560472,58.79245345926121,14.642857142857155,14.893565613379842,-85.35714285714285,False,True,False
1778803200000,0.391,0.397,0.353,0.361,17087.39,2026-05-15,-0.07672634271099754,-0.07982960165248495,0.07672634271099754,0.055839738970825954,1.0668167151111019,0.041104925861773584,0.7853085059307549,0.0690359571195716,1.3189301088483023,0.053019296059371585,1.012932228947437,0.3828,0.38036775461077604,0.39640000000000003,0.38782920278392097,0.39215,0.38327476879512207,0.34902,0.3814050174138723,0.40338,0.4596231050279447,-0.07197943444730082,-7.197943444730083,-0.15456674473067922,-15.456674473067917,0.1316614420062696,13.166144200626952,30.630630630630634,26.54867256637168,56.05263157894736,0.38811130215926753,0.37889643879949514,0.009214863359772396,0.015518550409876344,-0.0063036870501039476,-1.7461736980897362,0.39215,0.035981391389409575,0.4641127827788192,0.3201872172211808,0.3670166149627397,0.28356868094066817,0.03928571428571427,10.88246933122279,0.05999999999999999,16.620498614958446,0.0559047619047619,15.48608363012795,39492.0285,0.4326794709975457,-938245.7400000001,0.9918758535306927,78.21416157924205,-57.78223112892438,48.51356549010255,3.928571428571432,9.231411862990798,-96.07142857142857,False,False,True
1778889600000,0.361,0.393,0.35,0.362,23887.14,2026-05-16,0.0027700831024930483,0.00276625349289011,0.0027700831024930483,0.05015538285574479,0.9582172440179281,0.04145476101773305,0.7919920972008725,0.06883066116680182,1.3150079351777937,0.05256765196764826,1.004303580690622,0.37460000000000004,0.37424516974051736,0.3902,0.3831329840959353,0.3938,0.3812486003384437,0.3496,0.3806440361064977,0.40137999999999996,0.45768890472678336,-0.10173697270471471,-10.173697270471473,-0.14622641509433965,-14.622641509433961,0.10030395136778103,10.030395136778107,36.08247422680412,35.05747126436782,56.16797900262466,0.3840941787501495,0.37764485074027293,0.006449328009876576,0.013704705929876392,-0.007255377919999816,-2.004248044198844,0.3938,0.03361171474981804,0.46102342949963604,0.3265765705003639,0.3414089867934792,0.2634753222448123,0.04071428571428571,11.247040252565114,0.04699999999999999,12.983425414364639,0.05714285714285714,15.785319652722968,38416.059,0.6218008984211524,-914358.6000000001,0.9905934054563214,73.79548240235303,-69.55659441847278,30.811214698868895,6.976744186046516,8.516057585825015,-93.02325581395348,False,True,False
1778976000000,0.362,0.366,0.335,0.34,11555.41,2026-05-17,-0.06077348066298338,-0.06269859421556394,0.06077348066298338,0.05316723366358605,1.0157585729074603,0.04382466838094564,0.8372691138012005,0.07047482155231607,1.3464195752376893,0.053056499167340176,1.0136429933271864,0.365,0.3628301131603449,0.383,0.37529062335121977,0.39435,0.37732016221097286,0.34998000000000007,0.37905015187009927,0.3986799999999999,0.4553571675720601,-0.12371134020618557,-12.371134020618554,-0.17475728155339798,-17.475728155339795,0.033434650455927084,3.3434650455927075,20.000000000000014,31.770833333333357,53.23383084577114,0.37731045894243415,0.37485634327802975,0.0024541156644043993,0.011454587876781993,-0.009000472212377594,-2.6471977095228216,0.39435,0.03256939958727772,0.45948879917455543,0.3292112008254445,0.33036033561331535,0.0828139243528596,0.04057142857142857,11.932773109243696,0.04314285714285714,12.6890756302521,0.05738095238095237,16.87675070028011,37336.3415,0.30949497288051103,-925914.0100000001,0.9899537079973365,69.95334853388026,-119.80160244181602,33.15553337054982,2.6737967914438525,4.526370802020581,-97.32620320855615,False,True,False
1779062400000,0.34,0.351,0.323,0.335,18831.61,2026-05-18,-0.014705882352941235,-0.0148150857851407,0.014705882352941235,0.05216632782944014,0.9966362937958594,0.04158509612675755,0.7944821459624867,0.07059423718928436,1.3487010077785893,0.05309135922981596,1.014308993885649,0.3578,0.3535534087735633,0.3744,0.36796505546917985,0.39465,0.3732896705718326,0.35018,0.37732269444719163,0.39635,0.45297259048297256,-0.09703504043126676,-9.70350404312668,-0.20427553444180513,-20.427553444180514,0.01823708206686936,1.8237082066869317,22.105263157894754,28.795811518324626,52.463054187192114,0.37080115756667503,0.37190402155373053,-0.0011028639870555024,0.008943097504014494,-0.010045961491069996,-2.9987944749462674,0.39465,0.03195766113571578,0.45856532227143154,0.33073467772856846,0.32390889279833546,0.033366977743754925,0.038857142857142854,11.599147121535179,0.03671428571428571,10.959488272921106,0.05780952380952381,17.256574271499645,37204.932,0.5061589683862344,-944745.6200000001,0.9888966767968322,68.89992697305912,-143.59086438640597,21.15422895786483,9.448818897637803,6.366453291709372,-90.5511811023622,False,True,False
1779148800000,0.335,0.341,0.313,0.319,30195.17,2026-05-19,-0.047761194029850795,-0.048939429040221916,0.047761194029850795,0.03281805413683683,0.626988043924961,0.042014651989224286,0.8026887991918812,0.06531005745669384,1.2477468957379847,0.05325795087017382,1.0174917227057891,0.34340000000000004,0.3420356058490422,0.3659,0.35906231811114714,0.3921,0.36811922575546757,0.34980000000000006,0.37503552933978346,0.39304,0.4503182856858753,-0.18414322250639392,-18.414322250639387,-0.21039603960396047,-21.039603960396043,-0.13783783783783776,-13.783783783783782,22.340425531914903,22.448979591836746,50.0,0.36283174871026347,0.3679852051423422,-0.005153456432078707,0.0061237867167958536,-0.011277243148874561,-3.5351859400860692,0.3921,0.03582839215221101,0.463756784304422,0.320443215695578,0.3655025978292375,-0.01007033534638338,0.039714285714285716,12.44961934617107,0.03585714285714286,11.240483654276758,0.05766666666666666,18.077324973876696,36413.2635,0.8292354789896819,-974940.7900000002,0.9871778823501534,67.94210999169734,-156.68044077134982,21.717209260371078,4.411764705882357,5.511460131654651,-95.58823529411764,False,True,False
1779235200000,0.319,0.344,0.319,0.333,24550.35,2026-05-20,0.043887147335423204,0.04295138719559926,0.043887147335423204,0.04168802124591745,0.7964485276030232,0.04646560700810766,0.8877241754287447,0.06511081903868304,1.2439404511065502,0.05188573628376481,0.9912755998427287,0.3378,0.3390237372326948,0.3603,0.3543237148182113,0.38935,0.3647745375882802,0.34906,0.3733870767799728,0.38988999999999996,0.4479939649076204,-0.07756232686980602,-7.7562326869806,-0.14395886889460152,-14.395886889460153,-0.14175257731958757,-14.17525773195876,17.04545454545456,28.019323671497602,50.473933649289094,0.3582422489086845,0.3653937084651311,-0.007151459556446582,0.0034687374621473663,-0.010620197018593949,-3.189248353932116,0.38935,0.03819241451280459,0.46573482902560914,0.3129651709743908,0.3923710236322546,0.1311440326644721,0.037,11.11111111111111,0.03542857142857142,10.639210639210637,0.055666666666666656,16.71671671671671,35651.14200000001,0.6886273096104465,-950390.4400000002,0.9858030343060586,66.71316771055953,-127.12654767647528,15.859276581556372,14.814814814814827,9.558466139444976,-85.18518518518518,True,False,False
1779321600000,0.333,0.367,0.333,0.343,20704.4,2026-05-21,0.03003003003003002,0.02958795718549608,0.03003003003003002,0.04618478058586349,0.882358994165067,0.04578002141463318,0.8746260810565618,0.04383630354066428,0.8374914032155065,0.05174306186931552,0.9885498089819814,0.33399999999999996,0.3403491581551299,0.3543,0.3522648575785365,0.38315,0.36270077210368207,0.34881999999999996,0.3721954264123235,0.38733000000000006,0.44591383575369464,-0.05248618784530379,-5.248618784530376,-0.14888337468982626,-14.888337468982629,-0.26552462526766596,-26.552462526766597,36.76470588235296,33.17073170731709,51.620370370370374,0.35589728753811767,0.3637349152454914,-0.007837627707373729,0.0012074644282431468,-0.009045092135616876,-2.6370531007629374,0.38315,0.03484140760951892,0.45283281521903784,0.31346718478096214,0.36373647510916274,0.21190888403550973,0.03328571428571429,9.704289879216994,0.03449999999999999,10.058309037900871,0.05466666666666666,15.93780369290573,31693.712000000007,0.6532652281310564,-929686.0400000002,0.9846757173572306,63.853839379533085,-88.04418453541267,21.816765445041526,24.79338842975209,14.673322650149737,-75.20661157024792,True,False,False
1779408000000,0.343,0.36,0.335,0.335,17757.58,2026-05-22,-0.023323615160349864,-0.02359991534087349,0.023323615160349864,0.038213459644946414,0.730067121423175,0.04523964170968547,0.8643021412894684,0.03724766868094281,0.7116157109636703,0.05067546939837038,0.9681534834632306,0.333,0.33856610543675325,0.34900000000000003,0.34912579256425713,0.3792,0.3600626033319028,0.34896,0.37073678188900844,0.3847900000000001,0.44371644453587333,-0.014705882352941235,-1.4705882352941189,-0.13659793814432986,-13.65979381443299,-0.1908212560386473,-19.082125603864725,32.00000000000003,28.921568627450995,50.68181818181819,0.35268232022456114,0.36160640300508423,-0.00892408278052309,-0.0008188450135101013,-0.008105237767012989,-2.4194739603023847,0.3792,0.03562908333018824,0.45045816666037647,0.3079418333396235,0.37583421234375786,0.18986010957409585,0.03057142857142856,9.125799573560762,0.03492857142857141,10.426439232409376,0.05019047619047618,14.982231698649606,27271.534000000003,0.6511397562014664,-947443.6200000001,0.9837054619035326,61.0033244036775,-88.62254646517292,22.578048808450262,18.181818181818198,19.263340475461685,-81.8181818181818,False,False,True
1779494400000,0.335,0.38,0.322,0.38,33732.58,2026-05-23,0.13432835820895517,0.12604072089536497,0.13432835820895517,0.07059479784448619,1.3487117190811804,0.0634509217043833,1.2122281570622584,0.04926601548191451,0.941225904198587,0.05247037492531587,1.0024451054063628,0.342,0.35237740362450215,0.3499,0.3547392848253013,0.37770000000000004,0.36196140301457874,0.35056,0.37110004542815556,0.38287999999999994,0.44245412595876005,0.13432835820895517,13.432835820895516,0.0242587601078168,2.425876010781673,-0.07317073170731703,-7.317073170731701,70.4081632653061,44.827586206896555,51.126126126126124,0.35688504019001327,0.3629688916713745,-0.006083851481361258,-0.0018718463070803329,-0.004212005174280924,-1.1084224142844539,0.37770000000000004,0.03488794091164976,0.44747588182329956,0.3079241181767005,0.3694777962578741,0.5164813395395309,0.032714285714285696,8.609022556390974,0.0367142857142857,9.661654135338342,0.04223809523809523,11.115288220551376,27077.285499999998,1.2457888365508427,-913711.0400000002,0.9819200816839515,56.94142605943415,-46.391752577319615,32.47960553291341,62.61682242990656,35.197343013825595,-37.383177570093444,True,True,False
1779580800000,0.38,0.435,0.356,0.415,48963.51,2026-05-24,0.09210526315789469,0.0881072675102668,0.09210526315789469,0.0603128316818454,1.1522750313623713,0.0677802737694062,1.2949403121276724,0.053556625807418046,1.0231978993697484,0.05381725617961734,1.028177235639087,0.3612,0.37325160241633476,0.3523,0.3656957784934283,0.37765000000000004,0.36701269796557123,0.35272000000000003,0.37282161265574254,0.38095999999999997,0.44191022362041693,0.30094043887147337,30.094043887147325,0.0613810741687979,6.1381074168797864,-0.0024038461538461453,-0.2403846153846156,81.24999999999999,55.15873015873015,52.928416485900215,0.36582580323770353,0.3668230478438659,-0.0009972446061623508,-0.0016969259668967367,0.0006996813607343859,0.1685979182492496,0.37765000000000004,0.03483083177455567,0.4473116635491114,0.3079883364508887,0.36892182470070883,0.7680814532491623,0.039571428571428556,9.535283993115314,0.04007142857142857,9.655765920826163,0.04195238095238094,10.109007458405046,26975.439000000002,1.815114482474224,-864747.5300000001,0.9795179098528957,53.17669928186029,50.5747126436781,44.531585989402714,83.60655737704916,54.80173266292462,-16.393442622950836,True,False,False
1779667200000,0.415,0.435,0.388,0.416,36249.37,2026-05-25,0.002409638554216942,0.0024067400305650593,0.002409638554216942,0.0649660633473502,1.2411748975067736,0.06107975029529302,1.1669269908993458,0.05322923972016787,1.0169431969551153,0.05382177688568192,1.0282636036071808,0.3778,0.38750106827755654,0.3578,0.3748420005855323,0.3771,0.37167815530218345,0.35486000000000006,0.3745148831083138,0.3797,0.44139691280935206,0.24924924924924907,24.924924924924913,0.152354570637119,15.23545706371191,-0.025761124121779888,-2.5761124121779884,92.92035398230088,52.71966527196652,43.34203655352481,0.37354491043190297,0.3704657850406171,0.003079125391285853,-0.0007417156952602185,0.0038208410865460717,0.9184714150351134,0.3771,0.034089510657154355,0.4452790213143087,0.3089209786856913,0.3615965065728385,0.7852783689917536,0.042285714285714274,10.164835164835162,0.04057142857142856,9.75274725274725,0.03857142857142857,9.271978021978022,27209.707000000002,1.332221989747997,-828498.1600000001,0.9777859106169213,48.95984657457101,79.67939651107957,45.48258991805243,84.4262295081967,76.88320310505078,-15.573770491803293,False,False,False
1779753600000,0.416,0.418,0.386,0.389,18487.05,2026-05-26,-0.06490384615384603,-0.06710591664281686,0.06490384615384603,0.08266685155580952,1.5793479813976525,0.06622777057708562,1.2652797802849955,0.055169587498398176,1.0540134892074888,0.05476701026004848,1.0463222618681365,0.387,0.3880007121850377,0.36050000000000004,0.3774161822972537,0.37535,0.3733278547972136,0.35648,0.3750829270242276,0.37833,0.44035888025074243,0.13411078717201153,13.41107871720116,0.07458563535911611,7.458563535911609,-0.08254716981132071,-8.25471698113207,72.22222222222223,50.199203187250994,46.498599439775916,0.37592261651930253,0.37183868985242347,0.0040839266668790675,0.00022341277716763893,0.0038605138897114285,0.9924200230620638,0.37535,0.032412270256185934,0.44017454051237187,0.31052545948762816,0.3454085014646162,0.6052842017244602,0.04285714285714284,11.017260374586847,0.04128571428571427,10.613294160851998,0.038190476190476184,9.817603133798505,26047.9215,0.7097322525330859,-846985.2100000002,0.9768827981170927,44.7254368916125,49.98135024244675,45.1970758213888,62.29508196721313,76.77595628415298,-37.70491803278687,False,True,False
1779840000000,0.389,0.471,0.386,0.438,44957.62,2026-05-27,0.12596401028277637,0.11863956675799986,0.12596401028277637,0.08631908212463717,1.64912374844235,0.07051551585928591,1.3471970388807046,0.06181345848221139,1.1809444661283637,0.05627411755529608,1.0751155063149995,0.4076000000000001,0.4046671414566918,0.37029999999999996,0.3884314218795712,0.37665000000000004,0.3794871067212885,0.35856,0.37755026370445155,0.37761,0.44031214901390997,0.30746268656716413,30.746268656716406,0.2882352941176469,28.8235294117647,0.06310679611650483,6.310679611650491,78.7878787878788,61.83745583038869,53.48258706467662,0.38547298320864065,0.37673952764113344,0.008733455567507209,0.0019254213352355536,0.006808034232271655,1.554345715130515,0.37665000000000004,0.03441889780800551,0.44548779561601104,0.30781220438398904,0.36552659294310896,0.9456127585942812,0.051428571428571414,11.741682974559684,0.0442142857142857,10.094585779517283,0.040761904761904756,9.306370950206565,27108.572999999997,1.6584281289907812,-802027.5900000002,0.97482649129293,43.379091902003765,130.6328290222873,55.953322381407766,79.11392405063292,75.27841184201422,-20.886075949367076,True,False,False
1779926400000,0.438,0.439,0.386,0.409,22600.55,2026-05-28,-0.06621004566210054,-0.06850375433364447,0.06621004566210054,0.0885369637096414,1.6914963166281682,0.07565867847383986,1.4454570226640693,0.06364613796181738,1.215957758423771,0.0566356954983766,1.0820234432180593,0.41340000000000005,0.40611142763779456,0.37770000000000004,0.3921711633560128,0.37605,0.38229785846211817,0.3604,0.3787835869294048,0.37659,0.4396918366485255,0.07631578947368411,7.631578947368413,0.22089552238805954,22.089552238805954,-0.028503562945368155,-2.8503562945368195,69.89247311827957,53.08219178082191,49.17647058823529,0.38909252425346513,0.37912919226030906,0.009963331993156077,0.003533003466819659,0.006430328526336418,1.572207463651936,0.37605,0.03370221763751384,0.4434544352750277,0.3086455647249723,0.3584865591013307,0.7444201176491975,0.054142857142857125,13.237862382116658,0.043714285714285706,10.688089416695771,0.041047619047619034,10.036092676679472,26996.089,0.837178674288709,-824628.1400000002,0.9737601384608718,43.840902642560145,83.08605341246297,58.44228579279536,60.759493670886066,67.389499896244,-39.24050632911393,False,False,False
1780012800000,0.409,0.434,0.39,0.397,30174.29,2026-05-29,-0.02933985330073341,-0.02977887535561124,0.02933985330073341,0.07925278877248843,1.514122403506098,0.07395892239804853,1.4129832284328099,0.0633206745217181,1.20973978813138,0.056743204457889385,1.084077399005574,0.4098,0.403074285091863,0.3855,0.39304913365491956,0.37570000000000003,0.38369806241810694,0.3618,0.3794979561990784,0.37564,0.4388460931650077,-0.04337349397590351,-4.337349397590352,0.24451410658307204,24.451410658307214,-0.017326732673267342,-1.7326732673267342,55.555555555555564,56.569343065693445,46.47887323943662,0.39030905898370133,0.3804529557965826,0.009856103187118714,0.00479762341087947,0.005058479776239244,1.2741762660552252,0.37570000000000003,0.03343194186469348,0.442563883729387,0.3088361162706131,0.3559429530443809,0.6592788125066579,0.05685714285714284,14.321698452680817,0.043714285714285706,11.011155091759623,0.04223809523809523,10.639318699772097,26993.584500000004,1.1178319055774157,-854802.4300000003,0.9723317914177307,45.594492967579036,73.85204612630606,56.051820097154106,53.16455696202533,64.3459915611814,-46.83544303797466,False,False,True
1780099200000,0.397,0.407,0.388,0.394,16191.05,2026-05-30,-0.007556675062972307,-0.007585371389256612,0.007556675062972307,0.07910050804408847,1.511213084275017,0.07424873935490162,1.4185201736190156,0.06272658554882336,1.1983897342409344,0.056349550710171684,1.076556654715369,0.40540000000000004,0.40004952339457533,0.3916,0.3932220184449342,0.37595,0.3846791993306682,0.36341999999999997,0.38006666389828125,0.37473000000000006,0.4379576804451639,-0.05288461538461531,-5.28846153846153,0.18318318318318316,18.318318318318315,0.01285347043701801,1.2853470437018006,41.322314049586794,55.79710144927537,46.47887323943662,0.3908768960631319,0.3814564405523914,0.0094204555107405,0.0057221898308516764,0.0036982656798888233,0.9386461116469094,0.37595,0.033555100012430956,0.4430602000248619,0.3088397999751381,0.35701662468339884,0.6344803024973338,0.05128571428571427,13.016678752719358,0.04199999999999998,10.659898477157356,0.04157142857142856,10.551124002900648,26660.979499999998,0.6072938918091888,-870993.4800000003,0.9715539217832205,47.41980380697439,46.12782109997112,56.984234974074404,51.26582278481015,55.0632911392405,-48.73417721518985,False,True,False
1780185600000,0.394,0.398,0.309,0.364,68177.21,2026-05-31,-0.07614213197969555,-0.07919704166119328,0.07614213197969555,0.08123792966584853,1.5520484670214307,0.07992592294000223,1.5269826137193174,0.06455582304372598,1.2333372675109167,0.05751652111980621,1.098851593086922,0.4004,0.38803301559638353,0.3937,0.3879089241822189,0.374,0.3827097517753665,0.36448,0.379436598541811,0.37309,0.43649257177129436,-0.06426735218509005,-6.426735218509003,0.06122448979591821,6.122448979591826,-0.09677419354838712,-9.677419354838717,32.66666666666667,54.22535211267605,44.5945945945946,0.3867419889764962,0.3801633708818438,0.006578618094652378,0.005893475483611818,0.0006851426110405599,0.18822599204410986,0.374,0.033029492403353664,0.44005898480670735,0.30794101519329264,0.35325660324442437,0.4243100690295149,0.0527142857142857,14.481946624803765,0.04614285714285712,12.676609105180528,0.044285714285714275,12.16640502354788,28495.3425,2.392573803947084,-939170.6900000003,0.9680789838169803,46.110090732555435,-46.01990049751234,49.898194655690716,33.95061728395062,46.12699901026201,-66.0493827160494,False,True,False
1780272000000,0.364,0.411,0.34,0.373,32247.23,2026-06-01,0.024725274725274637,0.024424552007074794,0.024725274725274637,0.04163882138709014,0.7955085656199361,0.07922585472716914,1.5136078292927913,0.06432092292393224,1.2288495070235603,0.05744822315528895,1.097546762306944,0.3874,0.383022010397589,0.3975,0.38519821069454274,0.37324999999999997,0.3817850135110459,0.3658600000000001,0.3791841828720905,0.37199,0.4352347881008308,-0.14840182648401823,-14.840182648401825,0.11343283582089536,11.343283582089544,-0.038659793814433074,-3.8659793814433026,43.93939393939393,56.59722222222222,44.5945945945946,0.38462783682626606,0.37963275081652204,0.004995086009744021,0.005713797588838259,-0.0007187115790942382,-0.19268406946226224,0.37324999999999997,0.03286475475741916,0.4389795095148383,0.30752049048516167,0.3522009886930385,0.4980982666549221,0.05614285714285712,15.051704327843732,0.049214285714285703,13.194178475679813,0.04576190476190475,12.268607174773392,29285.718,1.1011247871744172,-906923.4600000003,0.9664961444442002,42.32910427715037,0.43066322136099183,55.34255482479977,39.506172839506185,41.57420430275564,-60.493827160493815,True,False,False
1780358400000,0.373,0.382,0.33,0.345,24736.31,2026-06-02,-0.07506702412868638,-0.07803400261245584,0.07506702412868638,0.04365581363375054,0.8340431483856439,0.07099806042939476,1.3564160399481555,0.0658025072566697,1.2571551359563324,0.058544672888111854,1.11849440503976,0.3746,0.370348006931726,0.394,0.3778894451137168,0.37195,0.37828167889094627,0.36658,0.377843626473709,0.3706999999999999,0.43344725710195825,-0.15647921760391204,-15.647921760391197,-0.0921052631578948,-9.210526315789481,-0.07008086253369283,-7.008086253369279,8.108108108108112,54.33333333333332,43.51648351648351,0.378531246545302,0.3770673618671498,0.0014638846781522274,0.004863815006701053,-0.003399930328548826,-0.9854870517532829,0.37195,0.033467148070938924,0.43888429614187785,0.30501570385812216,0.3599101822388915,0.2986831747444148,0.05899999999999998,17.101449275362317,0.05092857142857141,14.76190476190476,0.04719047619047618,13.678398895790197,29074.985500000003,0.8507763486244903,-931659.7700000004,0.9652420835953184,38.45251324228595,-52.19605346912801,55.697299253104816,22.22222222222221,31.89300411522632,-77.77777777777779,False,True,False
1780444800000,0.345,0.381,0.327,0.338,42178.11,2026-06-03,-0.020289855072463614,-0.02049852154834082,0.020289855072463614,0.04401484964521287,0.8409025217533266,0.06179514546523811,1.1805945964303441,0.06458754149312829,1.2339432476358858,0.05864394359460359,1.1203909692243026,0.3628,0.35956533795448403,0.3863,0.3706368187294046,0.3693,0.3744453285203799,0.36713999999999997,0.37628113108571104,0.36957999999999996,0.4315564829976882,-0.1486146095717884,-14.86146095717884,-0.18554216867469875,-18.55421686746987,-0.13554987212276215,-13.554987212276211,10.11235955056182,50.85324232081911,44.29530201342282,0.37229567015371706,0.3741734832103237,-0.0018778130566066142,0.00351548939403952,-0.005393302450646134,-1.5956516126171993,0.3693,0.03397382893689991,0.4372476578737998,0.3013523421262002,0.3679808170798798,0.26967565196924115,0.054571428571428555,16.145393068469986,0.052999999999999985,15.680473372781059,0.04766666666666666,14.1025641025641,29163.196500000002,1.4462787026792485,-973837.8800000004,0.9631028212011956,34.68684229351641,-56.39412997903559,48.94220851872893,17.901234567901252,26.543209876543198,-82.09876543209876,False,True,False
1780531200000,0.338,0.344,0.31,0.327,45251.67,2026-06-04,-0.03254437869822491,-0.03308572458576545,0.03254437869822491,0.042082772910787054,0.803990247570963,0.06145979056007034,1.1741876499631625,0.06274633745786015,1.1987670939332282,0.05876845810186692,1.12276981554541,0.3494,0.3487102253029894,0.3774,0.36270285168769467,0.36760000000000004,0.36992672580415326,0.36732,0.37434853743390395,0.36802,0.4294852743979917,-0.1700507614213198,-17.00507614213198,-0.2139423076923076,-21.394230769230763,-0.09418282548476442,-9.418282548476448,10.227272727272734,47.27891156462585,41.44144144144144,0.36532710551468367,0.37067915112066985,-0.005352045605986178,0.00174198239403438,-0.007094028000020558,-2.1694275229420668,0.36760000000000004,0.03523813723498502,0.4380762744699701,0.29712372553002997,0.38344001343835726,0.21195980274681175,0.05185714285714284,15.858453473132366,0.052999999999999985,16.207951070336385,0.046428571428571416,14.198339886413278,30571.410500000005,1.4801956880596003,-1019089.5500000004,0.960743760887381,31.999340393416084,-98.97678079496272,42.95385080234635,11.111111111111123,17.07818930041151,-88.88888888888887,False,True,False
1780617600000,0.327,0.339,0.288,0.33,83753.96,2026-06-05,0.00917431192660545,0.009132483563272472,0.00917431192660545,0.038839790438911864,0.7420331544402751,0.06018333966631209,1.14980108987929,0.0627943006025123,1.1996834285251743,0.05865713719433664,1.1206430325932781,0.3426,0.34247348353532625,0.3715,0.35675687865356837,0.366,0.366124180489472,0.36738,0.3726093788646171,0.36632,0.4275145385191585,-0.0934065934065933,-9.340659340659334,-0.15167095115681228,-15.167095115681233,-0.0883977900552485,-8.839779005524855,13.63636363636364,49.134948096885815,43.28703703703703,0.35989216620473236,0.36766588066728667,-0.007773714462554315,-0.00016115697728335965,-0.007612557485270956,-2.306835601597259,0.366,0.03621863434319935,0.4384372686863987,0.2935627313136013,0.39583206932458315,0.2515091288446139,0.052857142857142846,16.017316017316013,0.05485714285714285,16.623376623376622,0.04676190476190475,14.170274170274165,33564.7515,2.495295101469767,-935335.5900000004,0.9563688091307703,28.679716421618192,-104.72301920105937,38.58911072552801,22.950819672131168,17.32105511704783,-77.04918032786883,False,True,False
1780704000000,0.33,0.365,0.328,0.346,30672.83,2026-06-06,0.04848484848484835,0.04734612059719821,0.04848484848484835,0.04624400230104617,0.8834904234449826,0.0424257928674444,0.8105436346412345,0.0622353916707726,1.189005488377275,0.058924906559159204,1.1257587591251776,0.3372,0.34364898902355084,0.3623,0.35480108253473774,0.3663,0.36420759187142704,0.3679,0.3715658736735869,0.36489999999999995,0.4258998025976646,-0.07238605898123329,-7.238605898123331,-0.21004566210045672,-21.00456621004567,0.01764705882352935,1.7647058823529262,37.837837837837824,43.46153846153845,47.09976798143852,0.35775490986554276,0.36606100061785796,-0.008306090752315198,-0.001790143732289728,-0.00651594702002547,-1.8832216820882863,0.3663,0.03601622441421087,0.43833244882842176,0.29426755117157827,0.3932975639007466,0.35909128226118076,0.055428571428571424,16.01981833195706,0.053357142857142846,15.42113955408753,0.04647619047619046,13.432424993118634,34520.6225,0.8885364103732487,-904662.7600000005,0.9548495485625224,27.01938207511363,-44.28518926865112,38.118531216260685,31.69398907103825,21.918639951426826,-68.30601092896174,True,False,False
1780790400000,0.346,0.367,0.327,0.346,26621.46,2026-06-07,0.0,0.0,0.0,0.03122942263404277,0.5966372816798469,0.03993568597305692,0.7629702092222176,0.06210611863029934,1.1865357304068418,0.058924936164618545,1.1257593247366842,0.33740000000000003,0.3444326593490339,0.356,0.35320088571023994,0.36685,0.3624735355027197,0.36838,0.370563290265328,0.36385,0.4243170646564952,0.0028985507246377384,0.2898550724637684,-0.15403422982885084,-15.403422982885088,0.03283582089552217,3.2835820895522247,29.230769230769184,34.66666666666666,44.52554744525547,0.3559464621939208,0.36457500057209064,-0.008628538378169848,-0.0031578226614657526,-0.005470715716704095,-1.5811317100300852,0.36685,0.035594610768930175,0.43803922153786035,0.2956607784621397,0.3881107893572868,0.3535592920558104,0.04842857142857142,13.996696944673822,0.05057142857142856,14.616019818331955,0.046904761904761894,13.55628956785026,34910.115000000005,0.7625715354990952,-904662.7600000005,0.9535377967452895,26.94485076868162,-45.308890379312885,34.73020587074008,31.69398907103825,28.779599271402535,-68.30601092896174,True,True,False
1780876800000,0.346,0.357,0.309,0.335,33989.47,2026-06-08,-0.03179190751445071,-0.032308243232657664,0.03179190751445071,0.03352571288724948,0.6405078453683252,0.04003508313393257,0.7648691893143726,0.06151359653578861,1.1752156116858903,0.0590002591708253,1.12719836874969,0.3368,0.34128843956602256,0.3498,0.3498916337629236,0.36765000000000003,0.35985700831198447,0.36879999999999996,0.3691686512617367,0.36278000000000005,0.4225477923277698,-0.00887573964497046,-0.8875739644970422,-0.1561712846347607,-15.617128463476071,0.050156739811912265,5.015673981191227,39.58333333333336,32.765957446808514,46.683673469387756,0.3527239295487022,0.3623842597889727,-0.00966033024027052,-0.004458324177226707,-0.0052020060630438136,-1.5528376307593472,0.36765000000000003,0.03462927723917188,0.43690855447834376,0.2983914455216563,0.37676352225401183,0.26428904526003894,0.04514285714285714,13.475479744136459,0.050642857142857135,15.117270788912576,0.04785714285714284,14.28571428571428,35099.83,0.9683656587510537,-938652.2300000004,0.9518354928015895,27.687957455017166,-76.37159459663437,27.410343541210665,25.68306010928964,29.690346083788693,-74.31693989071036,False,True,False
1780963200000,0.335,0.35,0.32,0.341,18853.88,2026-06-09,0.017910447761193993,0.01775194545845032,0.017910447761193993,0.029082471694112683,0.5556198415654231,0.041424863771090725,0.7914209111057782,0.06090265695332697,1.1635436273516944,0.05899328367161432,1.1270651020243854,0.3396,0.34119229304401505,0.3445,0.34827497307875566,0.36805000000000004,0.35806110275846215,0.36942,0.36806399814196983,0.36186,0.42093243186591617,0.042813455657492394,4.281345565749239,-0.13451776649746194,-13.451776649746188,0.02402402402402415,2.4024024024024047,53.19148936170213,38.785046728971956,47.3551637279597,0.3509202480796711,0.36080024054534504,-0.009879992465673948,-0.005542657834916156,-0.004337334630757792,-1.271945639518414,0.36805000000000004,0.03425212248516878,0.4365542449703376,0.29954575502966246,0.3722551010478879,0.3025669795228551,0.04199999999999999,12.31671554252199,0.05049999999999998,14.809384164222866,0.047952380952380934,14.06228180421728,34815.0065,0.5415446353571699,-919798.3500000004,0.9509003242278066,28.476749162176226,-69.8655117392297,30.96756474429263,28.961748633879807,28.779599271402546,-71.03825136612019,False,False,True
1781049600000,0.341,0.35,0.331,0.337,15695.61,2026-06-10,-0.011730205278592365,-0.011799546931155055,0.011730205278592365,0.03047643051045984,0.582251387358153,0.0351431069867131,0.6714081162512414,0.06063878914580509,1.1585024399673634,0.05900361636951438,1.1272625079405867,0.341,0.3397948620293434,0.3418,0.34622497797352736,0.36775,0.3560552834481325,0.36985999999999997,0.36684580199960465,0.36085999999999996,0.4192698459254055,0.021212121212121238,2.121212121212123,-0.07417582417582413,-7.417582417582409,-0.017492711370262426,-1.7492711370262406,62.500000000000036,20.118343195266263,49.6042216358839,0.3487786714520294,0.35903725976420825,-0.010258588312178851,-0.006485843930368695,-0.003772744381810156,-1.1195087186380284,0.36775,0.03450838952154366,0.43676677904308736,0.2987332209569127,0.37534618106369727,0.27722808550075406,0.036999999999999984,10.979228486646878,0.04578571428571427,13.586265366680792,0.04766666666666665,14.14441147378832,34564.566999999995,0.4540953746071809,-935493.9600000004,0.9501269264728331,29.573619361869014,-62.88032454361064,25.323643617033483,32.45033112582784,29.031713289665742,-67.54966887417217,False,False,False
1781136000000,0.337,0.37,0.336,0.35,12299.48,2026-06-11,0.03857566765578624,0.03785022413109753,0.03857566765578624,0.027035052712056716,0.5165039568361941,0.036772472804522095,0.7025371064919992,0.06092118042244733,1.1638975177323383,0.05921550306872793,1.1313105976451039,0.3418,0.34319657468622894,0.3395,0.3469113456147042,0.3685,0.3554785897864056,0.37056000000000006,0.36618518224207036,0.3601,0.41789771474447224,0.011560693641618602,1.156069364161851,-0.06166219839142095,-6.166219839142097,0.04477611940298498,4.477611940298495,70.00000000000001,30.718954248366003,51.93798449612402,0.34896656815171717,0.3583678331150076,-0.009401264963290412,-0.0070689281369530396,-0.0023323368263373726,-0.6663819503821066,0.3685,0.03391708155273376,0.4363341631054675,0.30066583689453247,0.36816370749236105,0.36363803168591835,0.036999999999999984,10.571428571428568,0.044428571428571415,12.693877551020405,0.04766666666666665,13.619047619047613,34291.662,0.35867261260186223,-923194.4800000004,0.9495347780053476,28.52433172228488,-35.72786012922828,28.66413386251294,42.46575342465753,34.62594439478837,-57.53424657534247,True,False,False
1781222400000,0.35,0.359,0.335,0.342,12384.27,2026-06-12,-0.022857142857142687,-0.02312241742085404,0.022857142857142687,0.029411152256578126,0.561899274894319,0.028641137876433367,0.5471881708176412,0.05280901035862261,1.0089147262756377,0.05932789014929779,1.1334577498045562,0.341,0.34279771645748597,0.33920000000000006,0.346018373684758,0.3666,0.3541949145686527,0.37112,0.36523674362445785,0.35923,0.4163943052675502,-0.01156069364161838,-1.1560693641618347,-0.008695652173912882,-0.8695652173912891,-0.09999999999999998,-9.999999999999993,45.23809523809528,31.543624161073808,53.03430079155673,0.34789478843606836,0.3571554010324144,-0.00926061259634603,-0.007507265028831638,-0.001753347567514391,-0.5126747273433891,0.3666,0.03430114314501484,0.43520228629002966,0.2979977137099703,0.3742623365522623,0.3207056839476267,0.03314285714285712,9.69089390142021,0.04299999999999999,12.573099415204675,0.04761904761904761,13.923698134224447,33224.2465,0.37274795682725265,-935578.7500000005,0.9489330919112994,27.494342261711925,-48.17213908123002,30.10482106580868,43.90243902439028,39.60617452495853,-56.09756097560972,False,True,False
1781308800000,0.342,0.345,0.335,0.34,5119.1,2026-06-13,-0.005847953216374324,-0.005865119452398134,0.005847953216374324,0.024756745545193155,0.47297695952989716,0.027886945220153486,0.5327793403509768,0.047729207665094094,0.9118652320838052,0.05934221914539069,1.1337315048905292,0.34199999999999997,0.34186514430499065,0.33940000000000003,0.34492412392389293,0.36285,0.3528430179430667,0.37162,0.36424706730532364,0.35823,0.41488106880387154,0.014925373134328401,1.492537313432837,0.00591715976331364,0.5917159763313614,-0.18072289156626498,-18.072289156626496,43.181818181818215,31.756756756756744,50.95367847411444,0.3466802055997501,0.35588463058556885,-0.009204424985818749,-0.007846697020229061,-0.0013577279655896876,-0.3993317545852022,0.36285,0.032798066374359856,0.42844613274871973,0.2972538672512803,0.3615606049261112,0.32582814685484673,0.029285714285714255,8.613445378151251,0.042357142857142836,12.457983193277304,0.045333333333333316,13.333333333333327,31032.026,0.16496183652333882,-940697.8500000004,0.9486825373814224,26.368012035855635,-55.659494855004645,31.015610082830136,42.276422764227675,42.88153840442515,-57.72357723577232,False,False,False
1781395200000,0.34,0.343,0.314,0.33,16856.29,2026-06-14,-0.02941176470588236,-0.02985296314968116,0.02941176470588236,0.02670111991512999,0.510124179708809,0.027483725659665635,0.5250758414644056,0.04786424194348585,0.9144450583501234,0.05950312459813777,1.1368055992489,0.3398,0.33791009620332707,0.3397,0.3422106468468215,0.35855000000000004,0.35066749242467943,0.37184000000000006,0.3629040449295426,0.35723,0.41319973504008367,-0.032258064516129004,-3.2258064516129057,0.00917431192660545,0.9174311926605512,-0.20673076923076916,-20.673076923076916,44.186046511627886,36.71875,48.228882833787466,0.34411402012286546,0.3539672505421933,-0.00985323041932784,-0.008248003700048818,-0.001605226719279023,-0.4864323391754615,0.35855000000000004,0.03105423947669423,0.4206584789533885,0.2964415210466116,0.3464424986941204,0.27016020613363917,0.02771428571428569,8.39826839826839,0.038071428571428555,11.536796536796531,0.04295238095238093,13.015873015873009,30062.372000000003,0.5607105786595947,-957554.1400000005,0.9478440774701399,26.463906249396917,-78.14096016343208,35.308427395717956,34.146341463414664,40.10840108401086,-65.85365853658533,False,True,False
1781481600000,0.33,0.365,0.32,0.348,18567.3,2026-06-15,0.05454545454545445,0.05310982531394833,0.05454545454545445,0.03754972876949016,0.7173865608524674,0.03226607453753048,0.6164424884873182,0.04816245258421549,0.9201423646416265,0.059823427620365334,1.1429249798962824,0.342,0.3412733974688847,0.3415,0.34326325651103573,0.3565,0.3504134455270909,0.37222,0.36231957252562974,0.35648,0.4119082592702975,0.03264094955489605,3.264094955489601,0.05454545454545445,5.454545454545443,-0.1053984575835476,-10.539845758354764,56.36363636363634,40.875912408759106,51.72413793103448,0.34471186318088615,0.35352523198351227,-0.00881336880262612,-0.008361076720564279,-0.00045229208206184167,-0.12996898909823038,0.3565,0.030282007859489698,0.4170640157189794,0.2959359842810206,0.3397700741597723,0.4298263176649274,0.027285714285714264,7.840722495894904,0.0362142857142857,10.406403940886696,0.042857142857142844,12.315270935960589,30066.384500000004,0.6175434894741001,-938986.8400000004,0.9469459499066334,25.40095685311419,-35.53299492385803,32.4796747503934,63.829787234042534,46.75085048722827,-36.170212765957466,True,False,False
1781568000000,0.348,0.353,0.327,0.337,14255.65,2026-06-16,-0.03160919540229867,-0.03211954942211243,0.03160919540229867,0.035876567348271465,0.6854208567834045,0.03037520723530936,0.5803175194017637,0.03738470942879655,0.7142338707752354,0.060020440397157315,1.1466889037119354,0.33940000000000003,0.33984893164592317,0.3406,0.34212448259993833,0.35145,0.34913597452451084,0.37238,0.3613266480251532,0.35580000000000006,0.41042448605798354,-0.03714285714285703,-3.714285714285702,-0.026011560693641522,-2.6011560693641482,-0.23059360730593603,-23.059360730593603,50.0,46.66666666666668,43.731778425655975,0.34352542269151903,0.3523011407254743,-0.008775718033955271,-0.008444004983242477,-0.0003317130507127942,-0.09843117231833655,0.35145,0.023676492894676868,0.3988029857893537,0.3040970142106463,0.2694721057866195,0.3474225039971109,0.02671428571428569,7.927087749046198,0.03435714285714284,10.194997880457816,0.04257142857142855,12.632471386180576,28531.286,0.49964975290633584,-953242.4900000005,0.9462521083305795,23.93189959458326,-47.96249549224682,33.47887310618553,52.68817204301078,50.221433580155974,-47.31182795698922,False,False,True
1781654400000,0.337,0.337,0.295,0.316,43649.39,2026-06-17,-0.06231454005934722,-0.06434071676544965,0.06231454005934722,0.04371079395919378,0.8350935460283646,0.03577986276290701,0.6835733182741612,0.037098374568397846,0.7087634509483817,0.06070963294648045,1.1598559088788487,0.3342,0.3318992877639488,0.3376,0.33737457667267684,0.3468,0.3459801674269384,0.37211999999999995,0.35954913226546986,0.35499,0.4085541489429694,-0.07602339181286555,-7.602339181286556,-0.08670520231213863,-8.670520231213866,-0.2273838630806846,-22.738386308068453,25.714285714285694,41.79104477611938,34.95440729483282,0.3392907422774392,0.34961216733840206,-0.010321425060962841,-0.00881948899878655,-0.0015019360621762907,-0.4752962222076869,0.3468,0.020727809948602433,0.38825561989720486,0.30534438010279513,0.23907508591236948,0.12851840020275904,0.02999999999999999,9.493670886075947,0.03349999999999999,10.601265822784807,0.04052380952380951,12.82399035563592,29583.728000000003,1.4754526542428998,-996891.8800000005,0.944057354526161,23.681762990855503,-135.3943037068843,33.72279069163794,34.14634146341466,50.221433580155974,-65.85365853658534,False,True,False
1781740800000,0.316,0.316,0.305,0.307,21107.54,2026-06-18,-0.02848101265822789,-0.028894465999715003,0.02848101265822789,0.0437073734560808,0.8350281974081476,0.03555450971998503,0.6792679544343352,0.037077926469141695,0.7083727905606225,0.05815099472968552,1.1109731943836214,0.3276,0.32359952517596585,0.3348,0.33185192636855376,0.3423,0.3422677705291347,0.37085999999999997,0.35748838181251663,0.3541,0.4065426008270074,-0.09705882352941186,-9.705882352941185,-0.08358208955223889,-8.358208955223887,-0.22670025188916887,-22.67002518891688,25.352112676056294,42.42424242424241,33.827893175074166,0.33432293577321776,0.34645571049852036,-0.012132774725302609,-0.009482146144089763,-0.0026506285812128456,-0.8633969319911549,0.3423,0.018948961921355322,0.3801979238427106,0.30440207615728937,0.22143104786859844,0.03427527921440895,0.026714285714285708,8.70172173103769,0.03185714285714285,10.376919497440667,0.03852380952380951,12.548472157592675,29130.3905,0.7245882955122074,-1017999.4200000005,0.9429903035634708,23.939657583299745,-161.92790603483192,36.10524390110483,23.17073170731709,36.668415071247495,-76.82926829268291,False,False,True
1781827200000,0.307,0.314,0.286,0.302,41944.3,2026-06-19,-0.016286644951140072,-0.01642073021232752,0.016286644951140072,0.04335252253356228,0.8282487800524696,0.034398216617703904,0.6571770057333455,0.037072870430323285,0.7082761950746274,0.05771732184372947,1.1026878855309046,0.322,0.3163996834506439,0.3309,0.3264243033924531,0.3377,0.33843274476445523,0.36914,0.35531236666900334,0.35316000000000003,0.40447187025105197,-0.08484848484848495,-8.484848484848492,-0.11436950146627578,-11.436950146627575,-0.23350253807106602,-23.350253807106604,24.32432432432428,39.55223880597013,36.190476190476176,0.32935017642349196,0.3431626949060373,-0.013812518482545333,-0.010348220611780878,-0.003464297870764455,-1.1471185002531308,0.3377,0.016780627928848813,0.37126125585769765,0.30413874414230235,0.19876373027952413,-0.031863291281035565,0.027285714285714285,9.03500473036897,0.0302142857142857,10.004730368968776,0.03776190476190475,12.503941974140645,30418.053000000004,1.378927836045259,-1059943.7200000004,0.9408516470528469,24.716055098827706,-188.92839004570826,41.053613035521835,19.04761904761906,25.454897406116917,-80.95238095238095,False,True,False
1781913600000,0.302,0.33,0.299,0.303,18320.64,2026-06-20,0.0033112582781456013,0.0033057881344994103,0.0033112582781456013,0.024000386844115932,0.4585267468354848,0.03471644990276875,0.663256844107756,0.03403187301782991,0.6501780210850873,0.049407204423554986,0.9439233151411703,0.313,0.3119331223004293,0.3275,0.3221653391392798,0.33465,0.33505819764403094,0.3658600000000001,0.35326090115502123,0.35226999999999997,0.4024619744114923,-0.1293103448275862,-12.931034482758616,-0.10089020771513357,-10.089020771513361,-0.16758241758241754,-16.758241758241756,29.230769230769184,31.932773109243684,24.71910112359548,0.3252963031275701,0.34018768046855297,-0.014891377340982892,-0.011256851957621283,-0.0036345253833616094,-1.1995133278421155,0.33465,0.017284842766885185,0.3692196855337704,0.3000803144662296,0.20660203516372555,0.04222898601316736,0.030285714285714298,9.995285242809999,0.029785714285714276,9.830268741159827,0.03833333333333332,12.651265126512648,27925.2245,0.656060616450908,-1041623.0800000004,0.9399364982086688,25.878518111368226,-119.28731224033248,38.087200282976696,20.23809523809525,20.81881533101045,-79.76190476190474,True,False,False
1782000000000,0.303,0.31,0.3,0.305,8725.14,2026-06-21,0.0066006600660066805,0.0065789710980425605,0.0066006600660066805,0.02795373542346109,0.5340553653934909,0.031016894409462765,0.5925769356504127,0.0333325813544904,0.6368180726158046,0.04700692505472584,0.898066042188281,0.3066,0.30962208153361953,0.323,0.3190443683866835,0.33125,0.33219551215412324,0.36368,0.3513683166591328,0.35146,0.40053151475770427,-0.09495548961424338,-9.49554896142434,-0.12857142857142856,-12.857142857142852,-0.18230563002680966,-18.230563002680967,6.122448979591837,33.057851239669404,28.333333333333314,0.32217379495409776,0.33758118561903044,-0.015407390664932685,-0.012086959699083565,-0.0033204309658491204,-1.0886658904423345,0.33125,0.015983132556481473,0.36321626511296295,0.299283734887037,0.19300386483298396,0.0894109007224136,0.02757142857142858,9.039812646370027,0.027642857142857136,9.063231850117095,0.03457142857142856,11.334894613583133,26749.120000000003,0.32618418848919134,-1032897.9400000004,0.9394976791428441,26.18164103106158,-129.01175722910705,30.72893151233926,22.619047619047635,20.63492063492063,-77.38095238095237,False,False,True
1782086400000,0.305,0.31,0.296,0.304,15830.99,2026-06-22,-0.003278688524590123,-0.0032840752011898846,0.003278688524590123,0.014584742990230264,0.27864112358595033,0.030959909590140347,0.5914882422059017,0.029548788292426336,0.5645288076670495,0.04700276032869717,0.8979864752092239,0.30419999999999997,0.3077480543557463,0.3192,0.31630902868001376,0.32920000000000005,0.32951022528230195,0.36156,0.34951073548460815,0.35058,0.39861949520071444,-0.03797468354430378,-3.797468354430383,-0.11111111111111116,-11.11111111111112,-0.11884057971014483,-11.884057971014487,7.692307692307679,36.036036036036,29.69432314410477,0.3193778264996212,0.33509369038799114,-0.01571586388836993,-0.01281274053694084,-0.0029031233514290895,-0.9549747866543057,0.32920000000000005,0.016738232315716788,0.3626764646314336,0.2957235353685665,0.20338070857493043,0.1236161691886381,0.023142857142857156,7.612781954887223,0.02521428571428571,8.294172932330826,0.03185714285714285,10.479323308270674,26303.854,0.6018505881305455,-1048728.9300000004,0.9387009404002217,25.480743488058774,-119.56480533757905,33.09607625189379,21.428571428571445,21.428571428571427,-78.57142857142856,False,True,False
1782172800000,0.304,0.306,0.289,0.291,31126.2,2026-06-23,-0.042763157894736836,-0.04370443423472918,0.042763157894736836,0.020060695367203268,0.3832590468530934,0.03240757191514937,0.6191457920909953,0.030535929699375214,0.5833881177662882,0.04721627187696345,0.9020656076113063,0.301,0.30216536957049756,0.31429999999999997,0.31170738710182944,0.32685,0.32584258477922556,0.35906,0.3472161966849759,0.34951,0.39648786487427656,-0.05211726384364823,-5.211726384364825,-0.14411764705882368,-14.411764705882366,-0.13905325443786998,-13.905325443786994,9.677419354838719,28.813559322033854,28.451882845188265,0.31501200703814103,0.3318274910999917,-0.016815484061850683,-0.013613289241922809,-0.003202194819927874,-1.1004105910405066,0.32685,0.018630125575251746,0.36411025115050344,0.2895897488494965,0.2279960296803027,0.018924337691755153,0.021857142857142877,7.51104565537556,0.024285714285714282,8.345606283750612,0.030190476190476184,10.374734086074291,25751.258500000004,1.2087253910328304,-1079855.1300000004,0.937120581511114,25.126782990378814,-134.88339021615477,24.782302427660724,5.952380952380956,16.66666666666666,-94.04761904761905,False,True,False
1782259200000,0.291,0.296,0.256,0.27,54641.5,2026-06-24,-0.0721649484536081,-0.0749013081731176,0.0721649484536081,0.034482583810882234,0.6587888386958288,0.03701692751800412,0.7072074072354638,0.03342756421355162,0.6386327175902106,0.047885938092727315,0.9148595626993725,0.2946,0.291443579713665,0.30829999999999996,0.30412422581058773,0.324,0.32052424337168023,0.35592,0.3441881103462477,0.34826,0.39398251965583553,-0.10596026490066213,-10.596026490066217,-0.18181818181818177,-18.18181818181818,-0.17431192660550454,-17.431192660550458,6.976744186046531,25.185185185185148,29.56521739130433,0.308087082878427,0.32724767694443674,-0.01916059406600973,-0.014722750206740192,-0.004437843859269536,-1.6436458738035318,0.324,0.022552861879363714,0.3691057237587274,0.2788942762412726,0.27843039357239135,-0.09859365397669358,0.02157142857142858,7.989417989417992,0.025785714285714283,9.550264550264549,0.029523809523809518,10.934744268077598,26220.75,2.08390301574135,-1134496.6300000004,0.9342733889764379,23.442684350923027,-180.90271533896762,16.85750513555149,12.280701754385976,13.220551378446109,-87.71929824561401,False,True,False
1782345600000,0.27,0.31,0.254,0.279,27210.88,2026-06-25,0.03333333333333344,0.03278982282299097,0.03333333333333344,0.041762934496981,0.7978797432550101,0.0326713769014837,0.6241857792782234,0.03453686307216164,0.6598258425265059,0.04824193414563691,0.9216608577404535,0.2898,0.28729571980911,0.3014,0.29955618475411727,0.32145,0.3165695535267583,0.35302,0.34163171370454565,0.34718000000000004,0.39170507225106593,-0.07920792079207906,-7.92079207920791,-0.1982758620689654,-19.827586206896537,-0.15454545454545454,-15.454545454545451,25.531914893617056,22.90076335877862,29.56521739130433,0.3036121470509767,0.3236737749485525,-0.020061627897575762,-0.01579052574490731,-0.004271102152668453,-1.530860986619517,0.32145,0.02462663299425795,0.3707032659885159,0.27219673401148414,0.3064443365283302,0.06906411028765246,0.028000000000000008,10.035842293906812,0.027357142857142858,9.805427547363031,0.030571428571428565,10.957501280081921,23393.595999999998,1.1631764522222237,-1107285.7500000005,0.9328795530253499,23.157592084698685,-133.80736910148653,19.596362151447906,22.522522522522546,13.585201743096475,-77.47747747747745,True,True,False
1782432000000,0.279,0.399,0.279,0.292,32271.26,2026-06-26,0.04659498207885293,0.04554202044691601,0.04659498207885293,0.05009084827829763,0.9569843126469696,0.038742514733066884,0.740174704689572,0.034377009653953364,0.6567718472597779,0.048734145343651114,0.9310645394747243,0.2872,0.2888638132060733,0.2969,0.2981823329806414,0.31875,0.3142295960480194,0.35062000000000004,0.3396853718754041,0.34643,0.38973023345554936,-0.042622950819672156,-4.262295081967217,-0.13353115727002973,-13.35311572700298,-0.1560693641618497,-15.606936416184968,40.67796610169489,31.617647058823493,37.67441860465115,0.301825662889288,0.32132756939680784,-0.019501906507519817,-0.01653280189742981,-0.0029691046100900065,-1.0168166472910982,0.31875,0.024753256032547095,0.3682565120650942,0.26924348793490577,0.31062909531039506,0.22983352205435673,0.04114285714285715,14.090019569471627,0.03421428571428572,11.717221135029355,0.03385714285714285,11.594911937377688,23473.517499999998,1.3747943826484463,-1075014.4900000005,0.931341047292033,20.80077935357784,7.089181908407744,28.23282173488944,26.206896551724117,20.336706942877527,-73.79310344827587,True,False,False
1782518400000,0.292,0.293,0.26,0.267,18432.54,2026-06-27,-0.08561643835616428,-0.08950514386803211,0.08561643835616428,0.060702533900029804,1.1597202817868444,0.04251845894276903,0.8123140175245017,0.038434899310042465,0.7342977202846148,0.049850550939086864,0.9523934384274338,0.2798,0.28157587547071555,0.292,0.29251281789325206,0.3148,0.30973153928154135,0.34753999999999996,0.3368349649730452,0.34552,0.3872993515369391,-0.12171052631578938,-12.171052631578942,-0.15506329113924044,-15.506329113924048,-0.22832369942196518,-22.83236994219652,26.82926829268291,27.04402515723268,34.76394849785406,0.2964678685986283,0.3173033049970443,-0.020835436398416007,-0.01739332879762705,-0.0034421076007889566,-1.2891788766999837,0.3148,0.026422876850467007,0.36764575370093405,0.261954246299066,0.33574176430072444,0.047740389223030776,0.041428571428571426,15.5163188871054,0.03585714285714286,13.42964151952916,0.03366666666666666,12.609238451935076,23064.071500000002,0.7991884693905844,-1093447.0300000005,0.9303937919307703,17.94319494334558,-142.39742558326634,27.387521760139137,8.965517241379317,19.231645438541975,-91.03448275862068,False,True,False
1782604800000,0.267,0.299,0.266,0.288,22527.71,2026-06-28,0.07865168539325817,0.07571182173569617,0.07865168539325817,0.07417229574862129,1.4170597205716646,0.05153103642350479,0.984499068527447,0.04311548302383282,0.8237201465777815,0.051092955086824134,0.9761295363418951,0.2792,0.28371725031381034,0.29009999999999997,0.2916923055490244,0.31245,0.3076618688737755,0.34521999999999997,0.3349198682027665,0.34489999999999993,0.38533256755774653,-0.010309278350515427,-1.0309278350515474,-0.061889250814332275,-6.18892508143323,-0.14029850746268668,-14.029850746268668,42.15686274509802,37.64705882352939,41.97530864197529,0.2951651195834547,0.315132689812078,-0.019967570228623277,-0.017908177083826297,-0.0020593931447969796,-0.715067064165618,0.31245,0.026621073963115926,0.36569214792623184,0.2592078520737682,0.34080427541194963,0.27038867746398926,0.044714285714285706,15.525793650793648,0.03614285714285714,12.549603174603174,0.033333333333333326,11.574074074074073,22490.9835,1.0016329432636861,-1070919.3200000005,0.9292591007538545,17.399069247090058,-95.82360570687415,32.94586595642211,23.448275862068947,19.540229885057443,-76.55172413793106,True,False,False
1782691200000,0.288,0.312,0.284,0.29,19300.29,2026-06-29,0.00694444444444442,0.006920442844573757,0.00694444444444442,0.06238916771670214,1.191943375609646,0.05149742158754035,0.9838568579880796,0.042855762212608686,0.8187581874464739,0.05091580223466909,0.9727450358536793,0.2832,0.2858115002092069,0.2889,0.29138461363102,0.30989999999999995,0.3059797861238921,0.34324,0.3331583046513322,0.34446000000000004,0.38344436089034317,0.07407407407407396,7.407407407407393,-0.039735099337748436,-3.973509933774838,-0.14956011730205288,-14.95601173020529,49.450549450549445,31.168831168831147,41.735537190082624,0.29437048580138475,0.31327100908525735,-0.018900523283872595,-0.018106646323835556,-0.0007938769600370384,-0.27375067587484087,0.30989999999999995,0.026181351338253417,0.3622627026765068,0.2575372973234931,0.33793289884805966,0.30997925066109744,0.04671428571428571,16.108374384236452,0.034928571428571434,12.04433497536946,0.03238095238095238,11.16584564860427,22513.304,0.85728376430221,-1051619.0300000005,0.9283066627511846,17.109323719249286,-55.91533722950572,32.52441626524697,24.82758620689653,19.080459770114913,-75.17241379310346,True,False,False
1782777600000,0.29,0.29,0.268,0.274,21600.77,2026-06-30,-0.055172413793103336,-0.056752816592449365,0.055172413793103336,0.06849231856913064,1.3085439089254804,0.05398232531629599,1.0313308770672776,0.04417848354764515,0.844028743069741,0.05106444690130522,0.9755848882223014,0.2822,0.2818743334728046,0.286,0.28822377478901634,0.30674999999999997,0.3029340922073309,0.34066,0.33083837101854807,0.34418,0.3812766585142485,-0.017921146953405076,-1.7921146953405032,-0.09570957095709565,-9.570957095709561,-0.18694362017804156,-18.694362017804153,52.32558139534884,30.188679245282998,35.12396694214874,0.291236564908864,0.31036204544931234,-0.019125480540448325,-0.01831041316715811,-0.0008150673732902139,-0.2974698442665014,0.30674999999999997,0.0265367173633701,0.35982343472674017,0.25367656527325977,0.346037064233025,0.19146522955768505,0.04742857142857142,17.3096976016684,0.03464285714285715,12.643378519290929,0.031999999999999994,11.678832116788318,22808.561999999998,0.9470465520798725,-1073219.8000000005,0.9272138714231152,16.75863356101788,-103.36081166772321,32.18654664775603,13.793103448275874,20.689655172413765,-86.20689655172413,False,True,False
1782864000000,0.274,0.314,0.264,0.292,22960.82,2026-07-01,0.06569343065693412,0.06362569588021134,0.06569343065693412,0.07228771773392911,1.3810549081556376,0.058856104924525705,1.12444430574114,0.046101476284381326,0.8807674677199263,0.05186579837681,0.9908946866652004,0.2822,0.2852495556485364,0.2847,0.2889103611910134,0.30385,0.301892750092347,0.33873999999999993,0.3293152975714428,0.34367,0.3795084142526392,0.0,0.0,-0.042622950819672156,-4.262295081967217,-0.1657142857142857,-16.57142857142857,56.84210526315788,42.30769230769229,39.6153846153846,0.29135401646134645,0.30900189393454847,-0.01764787747320201,-0.018177906028366893,0.0005300285551648812,0.1815166284811237,0.30385,0.024664645483859056,0.3531792909677181,0.2545207090322819,0.3246950203568741,0.37988880675626513,0.04885714285714284,16.73189823874755,0.03521428571428571,12.059686888454012,0.03347619047619047,11.464448793215915,23341.629,0.9836854145869596,-1050258.9800000004,0.926078852342647,16.898880054855532,-57.40267121341282,40.76962961607584,26.206896551724117,21.60919540229882,-73.79310344827587,True,True,False
1782950400000,0.292,0.32,0.27,0.288,31428.09,2026-07-02,-0.013698630136986356,-0.013793322132335873,0.013698630136986356,0.055729312511834196,1.0647070205743048,0.05895810789800967,1.1263930698132747,0.04599155517240672,0.8786674278243355,0.0515724288202934,0.9852898691577233,0.2864,0.2861663704323576,0.2831,0.2887448409744655,0.30115,0.300569631035933,0.33708,0.32769508974808564,0.34263000000000005,0.3776959749780336,0.07865168539325817,7.865168539325829,-0.052631578947368474,-5.263157894736847,-0.15789473684210542,-15.78947368421054,47.67441860465116,43.70860927152316,40.71146245059286,0.29083801392883163,0.3074461980875449,-0.01660818415871329,-0.017863961654436173,0.0012557774957228825,0.4360338526815564,0.30115,0.023179562231964365,0.3475091244639287,0.25479087553607127,0.30788062071345645,0.35817247249533585,0.04799999999999999,16.666666666666664,0.038,13.194444444444445,0.034238095238095234,11.888227513227513,24293.82,1.2936660434629055,-1081687.0700000005,0.9245382966896215,17.733283135728446,-42.98670642315799,48.34887542390773,23.448275862068947,21.149425287356294,-76.55172413793106,True,False,False
1783036800000,0.288,0.289,0.262,0.268,14353.43,2026-07-03,-0.06944444444444431,-0.0719734996250891,0.06944444444444431,0.05374783934878829,1.0268510289482362,0.0614666554992091,1.1743188044412534,0.04802150247796291,0.917449516642722,0.051707274642916225,0.9878660949816316,0.2824,0.28011091362157176,0.28080000000000005,0.2849730517063809,0.29755,0.2974677614134632,0.33462,0.3253541057316456,0.3417,0.37552331747527784,-0.06944444444444431,-6.944444444444432,-0.07903780068728505,-7.903780068728511,-0.21176470588235297,-21.176470588235293,50.61728395061729,39.7590361445783,36.32958801498125,0.287324473324396,0.30452425748846745,-0.017199784164071474,-0.017731126156363235,0.0005313419922917603,0.1982619374222986,0.29755,0.022406472279284852,0.3423629445585697,0.25273705544143027,0.30121286881915454,0.17029615782802837,0.0347142857142857,12.95309168443496,0.03792857142857142,14.152452025586351,0.03438095238095237,12.828713574982228,24755.536500000002,0.5798068646179411,-1096040.5000000005,0.9238153829236037,19.07051368012011,-107.7265254810949,52.62401556331001,9.65517241379311,19.770114942528707,-90.34482758620689,False,True,False
1783123200000,0.268,0.304,0.265,0.297,29106.78,2026-07-04,0.10820895522388052,0.10274515829184287,0.10820895522388052,0.07717787562326649,1.4744812434507069,0.06632560006022985,1.2671488099361454,0.054611192067578966,1.0433453594809006,0.05315610611660094,1.0155459814208114,0.28379999999999994,0.28574060908104787,0.2835,0.287159769577948,0.2959,0.2974232127074191,0.33334,0.32424217996887567,0.34118000000000004,0.3739680775541115,0.024137931034482696,2.4137931034482785,0.09999999999999987,9.999999999999988,-0.10000000000000009,-10.000000000000009,55.05617977528091,48.45360824742268,43.15068493150684,0.2888130158898735,0.3039669050819143,-0.015153889192040804,-0.01721567876349875,0.002061789571457945,0.694205242915133,0.2959,0.02106606150591007,0.3380321230118201,0.2537678769881799,0.2847727138345395,0.5130541724623203,0.03557142857142855,11.976911976911971,0.03849999999999999,12.962962962962962,0.03576190476190476,12.041045374378708,25368.060999999998,1.1473789817834323,-1066933.7200000004,0.9223894983564775,19.8538180849503,-41.795135320315175,53.89520046348687,29.65517241379309,20.91954022988503,-70.34482758620692,True,False,False
1783209600000,0.297,0.319,0.279,0.292,18409.07,2026-07-05,-0.01683501683501687,-0.016978336534417906,0.01683501683501687,0.07110809673197045,1.35851828055709,0.06639212228731889,1.2684197153001924,0.05289984217467627,1.010650065684738,0.053188459656479274,1.0161640949322885,0.2874,0.2878270727206986,0.28480000000000005,0.2880398114728665,0.2931,0.2969067162590935,0.33193999999999996,0.3229777807021832,0.3407700000000001,0.37234461707624344,0.06569343065693412,6.569343065693416,0.04659498207885293,4.659498207885289,-0.16091954022988508,-16.091954022988507,51.086956521739125,46.70050761421319,39.788732394366185,0.2893033211375853,0.30308046766843916,-0.013777146530853879,-0.016527972316969775,0.0027508257861158965,0.9420636253821564,0.2931,0.01713076641300995,0.32736153282601993,0.2588384671739801,0.23378732736963426,0.48394701127959094,0.03657142857142855,12.524461839530327,0.04064285714285713,13.918786692759294,0.03628571428571428,12.426614481409,25360.1495,0.7259054210228532,-1085342.7900000005,0.9215023169524661,20.794413379478886,1.0624821216952234,57.70197483032765,26.206896551724117,21.839080459770088,-73.79310344827587,True,False,False
1783296000000,0.292,0.315,0.274,0.283,32598.85,2026-07-06,-0.03082191780821919,-0.03130690462504414,0.03082191780821919,0.06680325326567162,1.276274361612845,0.06571171179371987,1.255420491072306,0.052881181876682955,1.0102935611921466,0.05269002156726493,1.006641448608678,0.28559999999999997,0.2862180484804657,0.2839,0.2871234821141635,0.2904,0.29558226709156077,0.3308,0.3214100245339976,0.34039,0.37057506391965606,-0.03082191780821919,-3.082191780821921,-0.03082191780821919,-3.082191780821921,-0.1602373887240357,-16.023738872403573,55.2941176470588,44.87804878048779,39.64912280701752,0.28833357942411064,0.30159302561892515,-0.013259446194814506,-0.01587426709253872,0.0026148208977242147,0.9239649815279912,0.2904,0.013774117604836034,0.3179482352096721,0.2628517647903279,0.189726137807659,0.3656901259975829,0.03842857142857141,13.579000504795552,0.04257142857142856,15.04290762241292,0.03609523809523808,12.754501093723706,26277.309499999996,1.2405703102899481,-1117941.6400000006,0.9199224225683701,22.275894860960364,-19.46050096339126,55.216469776481865,19.999999999999975,25.28735632183904,-80.00000000000003,False,True,False
1783382400000,0.283,0.295,0.266,0.274,21539.47,2026-07-07,-0.03180212014134254,-0.03231879125516717,0.03180212014134254,0.06790670608853791,1.297355798193079,0.05998517463843378,1.1460151523375424,0.05163835202736409,0.9865493302603887,0.05282726645496167,1.0092635085064674,0.2828,0.28214536565364384,0.2846,0.2847373944570428,0.28829999999999995,0.2935268130828407,0.32958,0.31955080781471457,0.33988,0.3686623125984782,-0.04861111111111094,-4.8611111111110965,0.02621722846441954,2.62172284644195,-0.13291139240506322,-13.291139240506322,38.15789473684211,45.771144278606975,38.69863013698629,0.28612841335886285,0.29954909779530103,-0.01342068443643818,-0.015383550561318612,0.001962866124880433,0.7163744981315449,0.28829999999999995,0.012835395140915551,0.31397079028183106,0.26262920971816883,0.1780838729228659,0.22147331961725847,0.03942857142857141,14.389989572471315,0.043428571428571414,15.84984358706986,0.036238095238095236,13.225582203684391,25171.8135,0.855697981394944,-1139481.1100000006,0.918862477264866,23.41928657656766,-83.10776942355884,56.89319411452191,13.793103448275874,19.999999999999968,-86.20689655172413,False,True,False
1783468800000,0.274,0.279,0.265,0.266,12663.22,2026-07-08,-0.02919708029197088,-0.02963179760637123,0.02919708029197088,0.06084075679376396,1.162361026463743,0.05455599837885922,1.0422908855385058,0.05165511360925985,0.9868695598328702,0.052568502767288756,1.0043198351949305,0.2824,0.2767635771024292,0.2824,0.28133059546485323,0.28625,0.29090521183685586,0.32852,0.31745077605877314,0.33916,0.3666290060077101,-0.007462686567164201,-0.7462686567164185,-0.07638888888888873,-7.638888888888877,-0.13355048859934848,-13.355048859934849,36.25000000000001,48.93617021276596,38.965517241379295,0.28303173438057627,0.2970639794400935,-0.014032245059517223,-0.015113289460958334,0.001081044401441111,0.4064076697147033,0.28625,0.012965033947720668,0.31218006789544134,0.26031993210455867,0.1811707800554853,0.10952666839025003,0.03428571428571427,12.889366272824912,0.04157142857142856,15.628356605800208,0.0349047619047619,13.122090941639811,24749.5975,0.511653573356092,-1152144.3300000005,0.9182328744278885,24.746927256270506,-120.31793343268767,63.904592328258815,8.275862068965525,14.022988505747103,-91.72413793103448,False,True,False
1783555200000,0.266,0.28,0.26,0.269,18943.36,2026-07-09,0.011278195488721776,0.011215070820140003,0.011278195488721776,0.018220577804228488,0.3481036501744552,0.05469269761871284,1.0449025208488898,0.05173071589014607,0.9883139393811357,0.052184668956908146,0.9969867005441265,0.27680000000000005,0.27417571806828617,0.2803,0.2790886690166981,0.2846,0.28881900118572673,0.32724000000000003,0.3155507455582193,0.33814999999999995,0.36469539528746414,-0.09427609427609418,-9.427609427609418,-0.0724137931034482,-7.241379310344816,-0.10927152317880784,-10.927152317880786,50.79365079365079,47.25274725274724,35.636363636363626,0.28087300601433374,0.2949851661482347,-0.014112160133900986,-0.014913063595546866,0.0008009034616458799,0.29773362886463933,0.2846,0.012954982784618601,0.3105099655692372,0.2586900344307628,0.1820798704795305,0.19895753125735863,0.02999999999999999,11.15241635687732,0.038999999999999986,14.498141263940514,0.03533333333333333,13.13506815365551,23599.5505,0.8027000344773516,-1133200.9700000004,0.9172928237695327,25.29159997485627,-108.34999523945565,57.299218969808756,6.474820143884898,9.514595220375414,-93.5251798561151,True,True,False
1783641600000,0.269,0.277,0.267,0.268,15977.62,2026-07-10,-0.0037174721189591198,-0.0037243990909824397,0.0037174721189591198,0.019588832431289255,0.3742441181203952,0.05192149490817266,0.9919587674027992,0.05169865810929369,0.9877014763379154,0.05196715879405592,0.9928311747176443,0.272,0.27211714537885745,0.2797,0.2770725473772984,0.28285,0.2868362391680385,0.32574000000000003,0.31368601037522886,0.33728,0.36278028250244837,-0.08219178082191769,-8.21917808219177,-0.021897810218978075,-2.189781021897812,-0.11551155115511547,-11.551155115511543,8.571428571428584,42.94117647058823,36.98113207547168,0.27889254355059007,0.2929862649520692,-0.014093721401479131,-0.014749195156733319,0.0006554737552541875,0.24457975942320428,0.28285,0.012700082884200348,0.3082501657684007,0.2574498342315993,0.1796016670913962,0.20767907313277767,0.027571428571428563,10.287846481876329,0.031142857142857132,11.620469083155646,0.03447619047619047,12.864250177683012,23482.3995,0.6804083202826015,-1149178.5900000005,0.9165032827823367,25.457965055535453,-92.82945736434095,54.23334742488499,13.333333333333346,9.361338515394571,-86.66666666666666,False,False,True
1783728000000,0.268,0.276,0.265,0.269,10794.11,2026-07-11,0.003731343283582156,0.003724399090982494,0.003731343283582156,0.019523221612180314,0.3729906251813591,0.04648637971879766,0.8881210375092398,0.05166915228095925,0.9871377682790934,0.05189869951831762,0.9915232620911154,0.2692,0.2710780969192383,0.2774,0.2756048114905169,0.28104999999999997,0.28513754972346345,0.32442,0.3119336177545572,0.33669,0.36092291212013866,-0.04946996466431086,-4.946996466431081,-0.0787671232876711,-7.876712328767112,-0.11803278688524588,-11.803278688524582,12.90322580645163,50.68493150684931,40.408163265306115,0.2773706137735762,0.29120950458524925,-0.013838890811673055,-0.014567134287721268,0.000728243476048213,0.2707224818023096,0.28104999999999997,0.011922888205476915,0.3048957764109538,0.25720422358904615,0.16969063448463842,0.2473347105094751,0.02357142857142857,8.76261285183218,0.02957142857142856,10.993096123207643,0.03352380952380952,12.462382722605767,23585.847999999998,0.4576519784236717,-1138384.4800000004,0.9159704280831211,27.261210898051985,-88.55173781545929,55.62155378196477,15.000000000000014,11.602717825739402,-84.99999999999999,False,True,False
1783814400000,0.269,0.295,0.265,0.274,39789.55,2026-07-12,0.018587360594795488,0.018416726786231068,0.018587360594795488,0.018390259426664,0.3513454130192985,0.047104251052394096,0.8999254527629186,0.05193821491610085,0.9922782027057454,0.0480856525862444,0.9186751027405838,0.2692,0.27205206461282555,0.276,0.2753130275831502,0.27954999999999997,0.2840768307021812,0.3223,0.31044602485499917,0.33643,0.3592013619035909,0.0,0.0,-0.04861111111111094,-4.8611111111110965,-0.09868421052631571,-9.86842105263157,33.3333333333334,44.61538461538462,43.15352697095435,0.27685205780841066,0.28993472646782337,-0.01308266865941271,-0.014270241162059558,0.0011875725026468473,0.4334206214039588,0.27954999999999997,0.010708948545481883,0.3009678970909637,0.2581321029090362,0.15323124372000543,0.3704354592696802,0.022142857142857138,8.081334723670487,0.02935714285714285,10.714285714285712,0.034476190476190466,12.582551268682652,24783.776,1.6054676252722748,-1098594.9300000004,0.9140380001034103,28.808560268205287,-35.84915695973615,57.97961030209881,23.333333333333357,17.22222222222222,-76.66666666666664,True,False,False
1783900800000,0.274,0.274,0.265,0.266,11635.28,2026-07-13,-0.02919708029197088,-0.02963179760637123,0.02919708029197088,0.018390259426664,0.3513454130192985,0.04237311110067712,0.809537150900358,0.05149075812663329,0.9837295527462007,0.046084148591563595,0.8804364226134668,0.2692,0.2700347097418837,0.2758,0.27361974984075926,0.2783,0.28235522777816396,0.31932000000000005,0.30870304343585964,0.33602,0.3573554704245123,0.0,0.0,-0.007462686567164201,-0.7462686567164185,-0.08591065292096212,-8.591065292096209,34.61538461538461,41.1764705882353,42.622950819672134,0.2751825104532706,0.2881617837665031,-0.012979273313232509,-0.01401204759229415,0.0010327742790616403,0.3882610071660302,0.2783,0.010761040841963831,0.29982208168392765,0.25677791831607233,0.15466821188593363,0.21424697246676153,0.01757142857142857,6.6058002148227715,0.02799999999999999,10.52631578947368,0.034238095238095234,12.87146437522377,23809.230000000003,0.48868779040733357,-1110230.2100000004,0.9134665740996577,30.08681350498387,-89.71882378192721,53.0350158835603,10.000000000000009,16.111111111111107,-89.99999999999999,False,False,False
1783987200000,0.266,0.274,0.26,0.265,16545.98,2026-07-14,-0.003759398496240629,-0.0037664827954768934,0.003759398496240629,0.01731054914433617,0.33071757703914734,0.0189028364031812,0.3611381824055479,0.048876456658475065,0.9337833933268699,0.04606443574400253,0.8800598091896188,0.2684,0.2683564731612558,0.2726,0.27205252259698487,0.27805,0.2807023489421484,0.31629999999999997,0.30698919854585055,0.33558,0.3555263384549917,-0.014869888475836479,-1.4869888475836444,-0.1077441077441077,-10.774410774410766,-0.01851851851851849,-1.8518518518518534,47.368421052631575,46.280991735537185,42.213114754098356,0.27361597038353663,0.28644609608009547,-0.012830125696558836,-0.013775663213147087,0.0009455375165882511,0.35680661003330233,0.27805,0.011019002725067542,0.3000880054501351,0.25601199454986495,0.1585182913154833,0.20392057417519097,0.015428571428571434,5.822102425876013,0.02742857142857142,10.35040431266846,0.03409523809523808,12.866127583108709,21904.453999999998,0.7553705744046394,-1126776.1900000004,0.9126532020627599,32.718094520890425,-97.24828017510953,54.04141897105819,8.333333333333341,13.888888888888884,-91.66666666666666,False,True,False
1784073600000,0.265,0.27,0.258,0.261,23270.81,2026-07-15,-0.015094339622641506,-0.015209418663528795,0.015094339622641506,0.01817571330231199,0.3472465150688513,0.01885285595878246,0.3601833073560583,0.04834467010314726,0.9236236254527497,0.045340533605541286,0.8662296782533225,0.267,0.2659043154408372,0.26949999999999996,0.27004297303389674,0.27715,0.27882593475718187,0.31374,0.3051857005137278,0.33511,0.3536542179944437,-0.026119402985074647,-2.611940298507465,-0.1061643835616437,-10.616438356164375,-0.06451612903225812,-6.451612903225811,30.0,35.51401869158879,41.05691056910568,0.27167505186299257,0.28456120007416247,-0.012886148211169901,-0.013597760212751652,0.0007116120015817507,0.2726482764681037,0.27715,0.011654116056357447,0.3004582321127149,0.25384176788728513,0.16819940185975016,0.1535558784145193,0.015142857142857149,5.80186097427477,0.02471428571428571,9.469074986316363,0.03276190476190475,12.552453931764271,21707.4505,1.072019489345375,-1150047.0000000005,0.9115068207905295,32.45121853972872,-105.35051747705532,46.36282710369579,4.8387096774193585,7.724014336917551,-95.16129032258064,False,True,False
1784160000000,0.261,0.263,0.254,0.256,14923.11,2026-07-16,-0.019157088122605415,-0.019342962843130987,0.019157088122605415,0.018262900680179866,0.3489122275841758,0.017822822325457278,0.3405045424225038,0.04706824969175813,0.8992376477337214,0.041105337351201296,0.7853163674252329,0.2644,0.2626028769605581,0.26680000000000004,0.2674897052095519,0.27535,0.2766520362088788,0.31010000000000004,0.30325684946188053,0.33433,0.3517201553876014,-0.048327137546468446,-4.832713754646844,-0.09540636042402817,-9.540636042402816,-0.12328767123287665,-12.328767123287664,25.0,35.18518518518519,40.39999999999999,0.2692635054225322,0.2824455556242245,-0.01318205020169233,-0.013514618210539788,0.0003325680088474576,0.12990937845603812,0.27535,0.012014355448567651,0.2993787108971353,0.25132128910286466,0.17453212926918701,0.09735667712605282,0.013571428571428576,5.301339285714287,0.02178571428571428,8.510044642857139,0.030523809523809516,11.923363095238091,20840.043,0.7160786568434624,-1164970.1100000006,0.9107677674999595,31.29383068807712,-140.0442735640221,37.7050427441191,3.0769230769230793,5.416322029225241,-96.92307692307692,False,True,False
1784246400000,0.256,0.277,0.255,0.26,24245.21,2026-07-17,0.015625,0.015504186535965254,0.015625,0.0171275878652127,0.3272221067095134,0.01763641845625077,0.3369433015016825,0.043293578646859024,0.8271226586782006,0.040439552444086674,0.7725965646347925,0.2616,0.26173525130703873,0.26539999999999997,0.26612794062599704,0.275,0.2750661279985094,0.30712,0.3015605023808052,0.33376,0.34990362402864617,-0.051094890510948954,-5.1094890510948945,-0.051094890510948954,-5.1094890510948945,-0.02621722846441954,-2.62172284644195,33.33333333333333,45.65217391304348,43.56846473029045,0.26783835074214263,0.280782921874282,-0.01294457113213937,-0.013400608794859705,0.0004560376627203346,0.17539910104628254,0.275,0.012367189188472679,0.2997343783769454,0.25026562162305466,0.17988638819596628,0.19677831050766686,0.015285714285714291,5.879120879120881,0.02142857142857143,8.241758241758241,0.025857142857142853,9.945054945054943,21130.676499999998,1.1473939322292876,-1140724.9000000006,0.9095822107941283,31.35575019272108,-88.5172798216276,44.531176290959245,9.230769230769239,5.71546732837054,-90.76923076923076,True,False,False
1784332800000,0.26,0.263,0.239,0.259,21805.32,2026-07-18,-0.0038461538461538325,-0.0038535693159899662,0.0038461538461538325,0.0135118129758652,0.25814282444334397,0.01547586302286086,0.29566594790465556,0.039084962001945146,0.7467171505751866,0.04032839952005966,0.7704729910029845,0.26020000000000004,0.26082350087135914,0.26470000000000005,0.2648319514212703,0.27355,0.2735360205700799,0.30436,0.2998914630307702,0.33308,0.3481032699003176,-0.02631578947368418,-2.6315789473684235,-0.02631578947368418,-2.6315789473684235,-0.10069444444444431,-10.069444444444436,17.391304347826093,20.312500000000014,47.511312217194565,0.26647860447412064,0.27916937210581666,-0.01269076763169602,-0.013258640562226968,0.000567872930530948,0.21925595773395673,0.27355,0.012462469975777823,0.29847493995155566,0.24862506004844437,0.18223315628993345,0.20812366994104042,0.01714285714285715,6.618863761720907,0.02035714285714286,7.859900717043574,0.02542857142857143,9.817981246552675,21094.557,1.0336941420481123,-1162530.2200000007,0.9085026601515889,29.106031407569223,-138.09673038754846,35.3019052040528,25.000000000000018,12.435897435897425,-74.99999999999997,False,True,False
1784419200000,0.259,0.262,0.235,0.253,31772.23,2026-07-19,-0.02316602316602323,-0.023438572972017582,0.02316602316602323,0.015603323515176447,0.29810107719115886,0.015882695379523706,0.30343846916523526,0.03919728922060022,0.7488631590743628,0.040387558728308966,0.7716032260896146,0.2578,0.2582156672475728,0.2631,0.26268068752649393,0.2717,0.2715802090872152,0.30154000000000003,0.29805258208421914,0.33248000000000005,0.3462197472732435,-0.04528301886792452,-4.528301886792456,-0.059479553903345805,-5.947955390334577,-0.12758620689655165,-12.758620689655164,19.04761904761905,20.000000000000014,44.03669724770641,0.2644049730165636,0.2772309000979784,-0.012825927081414779,-0.01317209786606453,0.00034617078464975123,0.13682639709476332,0.2717,0.012637038294020365,0.2969740765880407,0.24642592341195926,0.18604399402311902,0.130055722612463,0.01671428571428573,6.606437041219657,0.019428571428571434,7.679277244494638,0.025142857142857144,9.937888198757765,21718.154,1.4629341886055325,-1194302.4500000007,0.9069272356403786,28.180099696594873,-148.9722398813307,27.347076048829194,22.500000000000014,18.910256410256405,-77.49999999999999,False,True,False
1784505600000,0.253,0.267,0.24,0.253,25130.27,2026-07-20,0.0,0.0,0.0,0.01562051337624251,0.2984294890257001,0.015985214168386903,0.3053970878763533,0.03746425932770783,0.715753669459973,0.03918421371341605,0.7486133518603657,0.25620000000000004,0.25647711149838187,0.2616,0.26092056252167684,0.27065,0.2698106653646233,0.29932,0.29628581411930016,0.3319,0.3443735334798153,-0.03065134099616862,-3.065134099616861,-0.05597014925373134,-5.597014925373139,-0.07664233576642343,-7.664233576642341,20.0,23.21428571428575,40.48780487804878,0.2626503617832462,0.2754360186092393,-0.012785656825993086,-0.013094809658050243,0.0003091528320571576,0.12219479527950892,0.27065,0.01329137037021481,0.2972327407404296,0.24406725925957037,0.19643628849384528,0.16801767785448565,0.019285714285714302,7.622811970638065,0.018428571428571437,7.284020327498592,0.02509523809523809,9.91906644080557,21894.629,1.1477824081878711,-1194302.4500000007,0.9056927771950638,26.44962973083079,-114.40677966101687,36.773256135405376,30.00000000000003,25.833333333333332,-69.99999999999997,True,False,False
1784592000000,0.253,0.318,0.249,0.281,45373.65,2026-07-21,0.11067193675889331,0.10496518060622556,0.11067193675889331,0.05261269579699575,1.0051641418419845,0.04026870186097641,0.7693324688276161,0.04279630717626566,0.8176223005720489,0.04234002126726638,0.8089049705206959,0.2612,0.2646514076655879,0.26280000000000003,0.26457136933591746,0.2701,0.2708763162822782,0.29748,0.29568637041529233,0.33167,0.3431184266393065,0.09765625,9.765625000000009,0.04460966542750944,4.460966542750933,-0.037671232876712146,-3.7671232876712173,72.72727272727273,54.66666666666667,53.36538461538462,0.2654733830473621,0.27584816537892526,-0.010374782331563137,-0.012550804192752823,0.0021760218611896857,0.7743850039820945,0.2701,0.012569386368739199,0.2952387727374784,0.24496122726252162,0.18614418909647085,0.7167965817947359,0.02714285714285716,9.659379766141337,0.021285714285714297,7.574987290289785,0.02733333333333333,9.727164887307234,23015.270500000002,1.9714584714526817,-1148928.8000000007,0.9035753777339007,26.78856950415709,68.09583858764223,49.141550641812245,55.42168674698799,35.97389558232933,-44.578313253012006,True,False,False
1784678400000,0.281,0.298,0.243,0.254,43029.66,2026-07-22,-0.09608540925266906,-0.10102040231520922,0.09608540925266906,0.07416411132216413,1.4169033573237517,0.05091169672955492,0.9726666002886052,0.04775270355644372,0.9123141204577517,0.043148707019876345,0.8243548901309441,0.26,0.2611009384437253,0.26080000000000003,0.2626493021839325,0.2684,0.26926904806491836,0.29566,0.2940516107569571,0.33111999999999997,0.34135344978623333,-0.023076923076923106,-2.3076923076923097,-0.07299270072992703,-7.299270072992707,-0.11805555555555547,-11.805555555555548,48.48484848484849,43.61702127659574,42.056074766355145,0.2637082471939218,0.27422978275826415,-0.010521535564342377,-0.012144950467070734,0.0016234149027283575,0.6391397254836052,0.2684,0.012317723644891318,0.29303544728978265,0.24376455271021738,0.18357263256171855,0.2077382068485458,0.0332857142857143,13.104611923509568,0.024214285714285723,9.533183352080993,0.02757142857142857,10.854893138357705,23595.349,1.8236500761230532,-1191958.4600000007,0.9015238592450482,25.469521735302788,-38.56071261134602,44.84777156871637,22.891566265060256,36.10441767068274,-77.10843373493974,False,True,False
1784764800000,0.254,0.261,0.241,0.254,22100.87,2026-07-23,0.0,0.0,0.0,0.07416641176670001,1.416947307254899,0.050292548506620904,0.9608377900983849,0.04529714884458799,0.8654008135591259,0.043099288700153754,0.823410754458313,0.259,0.2587339589624835,0.2596,0.2610767017868538,0.2677,0.2678148530111166,0.29398,0.29248095932314766,0.33056,0.3396234329912155,-0.019305019305019266,-1.9305019305019322,-0.045112781954887216,-4.5112781954887256,-0.052238805970149294,-5.22388059701493,45.16129032258064,41.75824175824176,41.50943396226416,0.26221467070254917,0.27273128033172606,-0.010516609629176887,-0.011819282299491966,0.001302672670315079,0.5128632560295586,0.2677,0.012732469889072078,0.2931649397781442,0.24223506022185584,0.1902498302438862,0.2310027017664828,0.03485714285714287,13.723284589426326,0.024214285714285723,9.533183352080993,0.02614285714285714,10.29246344206974,23982.720999999998,0.9215330487312094,-1191958.4600000007,0.9004538591873575,24.81495890682691,-115.07150715071488,44.62262635563317,22.891566265060256,33.734939759036145,-77.10843373493974,False,True,False
1784851200000,0.254,0.277,0.22,0.252,52077.58,2026-07-24,-0.007874015748031482,-0.007905179507113261,0.007874015748031482,0.07337177934737041,1.401765876199985,0.050311905789249704,0.9612076104637401,0.0371784384585705,0.7102930694223798,0.042915955935090594,0.8199081868997666,0.25880000000000003,0.25648930597498903,0.25830000000000003,0.2594263923710622,0.26545,0.2663086765338674,0.29247999999999996,0.2908934706915771,0.32989999999999997,0.33788807411264515,-0.0039525691699604515,-0.39525691699604776,-0.049056603773584895,-4.905660377358494,-0.1515151515151515,-15.151515151515147,44.444444444444436,41.30434782608696,44.444444444444436,0.260643182902157,0.27119562993678337,-0.010552447034626378,-0.01156591524651885,0.0010134682118924723,0.4021699253541557,0.26545,0.011161376070714706,0.28777275214142944,0.2431272478585706,0.16818799880526972,0.19873786362036913,0.039857142857142876,15.816326530612251,0.02757142857142858,10.94104308390023,0.027571428571428573,10.941043083900228,25131.261000000002,2.0722231168583223,-1244036.0400000007,0.8979374193866733,25.230962986350782,-118.58014420410429,36.46763750660765,32.6530612244898,26.145397918203418,-67.3469387755102,True,True,False
1784937600000,0.252,0.252,0.212,0.232,65802.15,2026-07-25,-0.0793650793650793,-0.08269171584511328,0.0793650793650793,0.0818318707593018,1.5633956956791142,0.055716677090562404,1.064465621189858,0.040484118793614673,0.7734480035470124,0.044157246563613965,0.843623011059517,0.2546,0.24832620398332603,0.2554,0.25443977557632363,0.26244999999999996,0.26304118353064193,0.29052000000000006,0.288583922778459,0.32894999999999996,0.3357909946322856,-0.08300395256916993,-8.300395256916993,-0.11111111111111105,-11.11111111111111,-0.20547945205479445,-20.547945205479444,36.363636363636374,33.33333333333333,35.0,0.2562365393787482,0.2682922499414661,-0.012055710562717925,-0.011663874309758666,-0.000391836252959259,-0.16889493662037025,0.26244999999999996,0.011700089968270135,0.2858501799365402,0.2390498200634597,0.1783210511452868,-0.15063602251303923,0.042142857142857156,18.165024630541875,0.029642857142857155,12.777093596059116,0.027619047619047623,11.904761904761905,27500.915,2.3927258420310737,-1309838.1900000006,0.894699593126145,24.227851653467507,-208.90688259109308,32.476639490228834,18.867924528301902,24.80418400595063,-81.1320754716981,False,True,False
1785024000000,0.232,0.258,0.223,0.236,29654.57,2026-07-26,0.01724137931034475,0.01709443335930004,0.01724137931034475,0.05092584337241205,0.9729368715209005,0.05626145370530877,1.0748735638007056,0.0406504628066312,0.7766260014534389,0.043586824397467014,0.8327251108771149,0.24559999999999998,0.24421746932221736,0.25339999999999996,0.2510870891079012,0.26010000000000005,0.2604658327181999,0.28832,0.2865218081229282,0.32811,0.33381467119997743,-0.16014234875444855,-16.014234875444853,-0.07812500000000011,-7.812500000000007,-0.16607773851590102,-16.607773851590103,39.50617283950616,32.72727272727272,37.00000000000001,0.2531232256281716,0.2659002314272834,-0.01277700579911184,-0.011886500607629302,-0.0008905051914825379,-0.3773327082553127,0.26010000000000005,0.012069535376848222,0.2842390707536965,0.2359609292463036,0.18561376973238317,0.000809284543200618,0.043285714285714295,18.341404358353515,0.03000000000000001,12.711864406779666,0.027380952380952388,11.602098466505248,27353.701,1.0841154547971406,-1280183.6200000006,0.893265999632543,22.174207811502495,-142.55765199161402,30.01228626773613,22.641509433962256,24.720831728917968,-77.35849056603774,True,False,False
1785110400000,0.236,0.265,0.234,0.247,24577.78,2026-07-27,0.04661016949152552,0.04555653160236722,0.04661016949152552,0.04669366536984809,0.8920812243120259,0.0584374988947525,1.116446848771621,0.042018318201147764,0.8027588420723315,0.04422672692167251,0.8449504314363832,0.24420000000000003,0.24514497954814493,0.25210000000000005,0.2503439819973737,0.25875000000000004,0.2591833724593237,0.28634,0.2849719332680274,0.32736000000000004,0.33209534356463033,-0.0275590551181103,-2.755905511811026,-0.050000000000000044,-5.000000000000004,-0.0985401459854015,-9.854014598540154,23.437499999999986,41.592920353982294,44.502617801047116,0.25218119091614516,0.2645002142845217,-0.012319023368376536,-0.011973005159778751,-0.0003460182085977849,-0.14008834356185623,0.25875000000000004,0.011942295468422303,0.2826345909368446,0.23486540906315542,0.184615195647108,0.2540255131212157,0.043857142857142865,17.755928282244074,0.031571428571428584,12.781954887218049,0.026904761904761914,10.892616155774054,27505.616499999996,0.8935549581300969,-1255605.8400000005,0.8921000609113406,20.92523781119731,-72.67181995057037,34.673087821665135,33.0188679245283,24.84276729559747,-66.98113207547169,True,False,False
1785196800000,0.247,0.252,0.22,0.236,37687.33,2026-07-28,-0.044534412955465674,-0.045556531602367216,0.044534412955465674,0.04972731752854715,0.9500390674248652,0.05985724106425992,1.1435709848348274,0.04263142478473708,0.8144722269049409,0.0444160695259202,0.8485678168113333,0.2406,0.24209665303209663,0.24980000000000002,0.24773598527057844,0.25725000000000003,0.2569754322251024,0.28436,0.2830514652651231,0.32658000000000004,0.3301922210982926,-0.07086614173228356,-7.086614173228353,-0.08880308880308885,-8.880308880308888,-0.1127819548872181,-11.278195488721813,31.249999999999986,38.21138211382113,32.369942196531795,0.2496917769290459,0.26238908730048305,-0.012697310371437148,-0.012117866202110432,-0.000579444169326716,-0.24552719039267626,0.25725000000000003,0.012834472494535915,0.2829189449890719,0.2315810550109282,0.19956419816576743,0.086075703363599,0.038571428571428576,16.34382566585957,0.03285714285714287,13.922518159806302,0.027047619047619056,11.460855528652143,28756.822000000004,1.3105526751182728,-1293293.1700000006,0.8902853569275289,18.348594321943203,-132.84096504185104,33.33597915360485,22.641509433962256,26.10062893081759,-77.35849056603774,False,True,False
1785283200000,0.236,0.253,0.234,0.243,15120.23,2026-07-29,0.029661016949152463,0.02922963831493831,0.029661016949152463,0.0534953401841104,1.0220270391804707,0.06066145997480592,1.1589355655472688,0.04319759357591714,0.8252888664726993,0.04457607304496434,0.851624679750504,0.23879999999999998,0.24239776868806442,0.2488,0.2468748970395642,0.25595,0.25564443867985454,0.28240000000000004,0.28148081954361404,0.32591000000000003,0.32846542511922383,-0.0357142857142857,-3.5714285714285747,-0.03952569169960474,-3.9525691699604777,-0.09665427509293689,-9.665427509293687,39.999999999999986,42.857142857142854,36.00000000000001,0.24866227278611575,0.26095285861155837,-0.012290585825442624,-0.012152410126776873,-0.00013817569866575105,-0.05686242743446545,0.25595,0.01289828629997647,0.28174657259995295,0.23015342740004707,0.20157509357259573,0.24899766335579707,0.03342857142857143,13.756613756613758,0.03335714285714287,13.727219282774843,0.027285714285714295,11.228689006466789,28565.665500000003,0.5293148167684032,-1278172.9400000006,0.8895682413519717,17.26154121332675,-80.89668615984402,37.27977358844725,29.245283018867923,28.30188679245281,-70.75471698113208,True,False,False
1785369600000,0.243,0.258,0.242,0.247,12742.98,2026-07-30,0.016460905349794164,0.016326893287428666,0.016460905349794164,0.034450581501052055,0.658177435425,0.060955466677822735,1.1645525557215408,0.04344398824071269,0.8299962299339687,0.044677516470915,0.8535627536820252,0.24179999999999996,0.24393184579204297,0.24820000000000003,0.24689764303237072,0.2549,0.25482115880558265,0.2806,0.2801286305213592,0.32523,0.32685204933752715,0.06465517241379293,6.465517241379304,-0.02371541501976282,-2.3715415019762864,-0.07835820895522394,-7.835820895522394,45.61403508771929,46.4,39.41176470588236,0.24840653851132868,0.2599193135292207,-0.011512775017892024,-0.012024483104999904,0.0005117080871078795,0.20716926603557878,0.2549,0.012719235329645433,0.2803384706592909,0.22946152934070915,0.1995956897551265,0.3447233698556733,0.03285714285714286,13.302486986697515,0.03385714285714287,13.70734528629266,0.027095238095238103,10.969732022363605,28403.933500000003,0.44863434143725195,-1265429.9600000007,0.8889703950216816,17.342801245429484,-42.83194759385232,40.30273156510312,33.0188679245283,28.301886792452805,-66.98113207547169,True,False,False
1785456000000,0.247,0.249,0.228,0.229,21442.68,2026-07-31,-0.07287449392712542,-0.07566633307373745,0.07287449392712542,0.05122368103042276,0.9786270519875637,0.05040811501659442,0.9630456851713044,0.04609897749037783,0.8807197283275208,0.0452246699686703,0.8640161065789974,0.2404,0.23895456386136196,0.24299999999999997,0.24364352611739423,0.2529,0.2523620008240986,0.27818,0.2781235861579193,0.32437,0.3249141506445878,-0.029661016949152463,-2.9661016949152454,-0.18505338078291822,-18.505338078291818,-0.14869888475836435,-14.869888475836431,47.27272727272727,38.84892086330935,37.43016759776536,0.2454209172018935,0.25762899400853767,-0.01220807680664418,-0.01206120184532876,-0.0001468749613154196,-0.06413753769232296,0.2529,0.01350594411058608,0.2799118882211722,0.22588811177882784,0.21361714686573488,0.05760219714542287,0.027714285714285716,12.102308172177167,0.033785714285714294,14.753587024329384,0.027619047619047626,12.060719484300272,28936.362,0.741028882621803,-1286872.6400000006,0.8879454811261108,15.458402749188886,-115.04335551522477,35.07047811951561,16.037735849056617,26.100628930817592,-83.96226415094338,False,True,False
1785542400000,0.229,0.233,0.202,0.21,35678.61,2026-08-01,-0.08296943231441056,-0.08661447283677105,0.08296943231441056,0.0514044292876246,0.9820802425927502,0.048308638603023556,0.9229352446094478,0.048654084664448295,0.9295349823462189,0.04642565892270237,0.8869609683287023,0.233,0.2293030425742413,0.23859999999999998,0.2375265213687771,0.24970000000000003,0.2483275245551368,0.27554,0.27545207293778734,0.32333,0.3226383531471439,-0.1497975708502024,-14.979757085020246,-0.17322834645669294,-17.322834645669296,-0.23357664233576647,-23.35766423357665,31.428571428571445,34.39490445859873,35.26315789473685,0.2399715453246791,0.2541009203782756,-0.014129375053596488,-0.012474836486982308,-0.0016545385666141797,-0.7878755079115143,0.24970000000000003,0.01565449321751527,0.2810089864350306,0.21839101356496948,0.25077281886287983,-0.13400327702050863,0.02642857142857143,12.585034013605442,0.034285714285714294,16.326530612244902,0.028571428571428574,13.60544217687075,28730.815000000002,1.241823804858999,-1322551.2500000007,0.8861943130063261,16.298738883642663,-211.69590643274833,34.41247482889517,6.896551724137915,18.651051832574257,-93.10344827586209,False,True,False
1785628800000,0.21,0.24,0.208,0.21,37003.87,2026-08-02,0.0,0.0,0.0,0.05229142440512459,0.9990262605185379,0.048308638603023556,0.9229352446094478,0.048551459929506116,0.927574339538104,0.04644023306771827,0.8872394069782731,0.2278,0.22286869504949422,0.23419999999999996,0.23252169930172673,0.24690000000000004,0.24467728412131423,0.27294,0.27288532494485535,0.32228,0.32040763152576957,-0.11016949152542377,-11.016949152542372,-0.17322834645669294,-17.322834645669296,-0.21052631578947378,-21.052631578947377,18.644067796610173,35.76158940397352,34.22459893048129,0.23536053835165155,0.25083418553544035,-0.015473647183788797,-0.013074598626343607,-0.00239904855744519,-1.1424040749739,0.24690000000000004,0.01748653617418052,0.28187307234836106,0.211926927651639,0.28329746738243033,-0.027548732814280736,0.026,12.380952380952381,0.03464285714285715,16.496598639455787,0.02866666666666667,13.650793650793652,29999.2445,1.2334933968087096,-1322551.2500000007,0.8843993646909576,15.073693952375352,-161.6300366300365,41.46660330908118,6.896551724137915,9.943613099110793,-93.10344827586209,True,False,False
1785715200000,0.21,0.237,0.2,0.232,67709.1,2026-08-03,0.10476190476190483,0.09962984094884134,0.10476190476190483,0.07615922846505922,1.4550200168188328,0.0620481093304492,1.1854274642893308,0.05499536584576229,1.050684989207456,0.049014484120784935,0.9364204042916502,0.22559999999999997,0.2259124633663295,0.23220000000000002,0.23242684488323095,0.24525000000000002,0.24346992372880813,0.27098,0.2712819788478284,0.32141,0.3186567859581651,-0.04526748971193406,-4.526748971193408,-0.0793650793650793,-7.936507936507932,-0.12452830188679243,-12.452830188679245,47.14285714285716,43.930635838150295,41.34615384615385,0.23484353245139747,0.2494390606809633,-0.014595528229565835,-0.013378784546988053,-0.0012167436825777818,-0.5244584838697335,0.24525000000000002,0.017243992088852352,0.27973798417770473,0.2107620158222953,0.28124757739208733,0.3079041104326753,0.026857142857142854,11.576354679802954,0.03535714285714286,15.240147783251231,0.03000000000000001,12.931034482758625,32557.4005,2.079683849452293,-1254842.1500000006,0.8811578603413276,15.210248574224087,-121.25107112253619,45.62426924372744,27.11864406779661,13.637249172024125,-72.88135593220339,False,True,False
1785801600000,0.232,0.232,0.205,0.212,30698.62,2026-08-04,-0.0862068965517242,-0.09015109699429757,0.0862068965517242,0.08190185416595924,1.5647327267859676,0.06297167648925019,1.2030721900831123,0.05789152876320909,1.1060161040543826,0.04951423644427616,0.9459681590258655,0.2186,0.22127497557755302,0.23020000000000002,0.22871287308627988,0.2428,0.2404727881355883,0.26826,0.2689571953346818,0.32024,0.31654453459992093,-0.1417004048582996,-14.17004048582996,-0.0862068965517242,-8.620689655172422,-0.1877394636015326,-18.773946360153264,31.325301204819297,29.09090909090908,37.44493392070484,0.23132914284349018,0.24666579692681787,-0.015336654083327683,-0.013770358454255982,-0.0015662956290717015,-0.7388186929583498,0.2428,0.01833489626518641,0.2794697925303728,0.20613020746962718,0.3020575990969754,0.08003580229573141,0.02614285714285714,12.331536388140162,0.03235714285714286,15.262803234501352,0.030619047619047626,14.442946990116805,32928.791,0.9322729158200798,-1285540.7700000007,0.8796838595212946,16.591498574224094,-133.97320535892803,37.056237556462555,12.244897959183659,15.420031250372707,-87.75510204081634,False,False,True
1785888000000,0.212,0.212,0.203,0.205,18871.9,2026-08-05,-0.03301886792452835,-0.033576295533604326,0.03301886792452835,0.07823395803757921,1.494657669646258,0.06281102278329459,1.2000029053404397,0.05810523630909433,1.1100989809857174,0.049527965598831214,0.9462304541553489,0.2138,0.2158499837183687,0.2271,0.2244014416160472,0.24025000000000002,0.23709442736077038,0.26562,0.26644906999746426,0.319,0.31433549021783336,-0.10480349344978179,-10.480349344978174,-0.1313559322033898,-13.135593220338984,-0.1992187500000001,-19.921875000000007,25.58139534883722,33.103448275862064,34.93449781659389,0.22727850548295325,0.24357944159890543,-0.01630093611595218,-0.014276473986595222,-0.0020244621293569586,-0.9875425021253458,0.24025000000000002,0.019883542520396542,0.2800170850407931,0.20048291495920695,0.3310475341585271,0.05679426888039964,0.024714285714285713,12.055749128919862,0.029071428571428574,14.18118466898955,0.030476190476190483,14.866434378629506,33126.2305,0.5696965732337098,-1304412.6700000006,0.8787678033699002,18.247941925814406,-153.01739826745268,39.60088902732724,6.493506493506462,15.285682840162222,-93.50649350649354,False,True,False
1785974400000,0.205,0.211,0.19,0.196,43136.77,2026-08-06,-0.04390243902439017,-0.04489531990789088,0.04390243902439017,0.07201220474342857,1.3757912398628864,0.059844412535659954,1.1433258961400563,0.05827779897509677,1.1133957860906216,0.04918845405834706,0.9397440952819515,0.211,0.20923332247891246,0.22199999999999998,0.21923754314040225,0.23704999999999998,0.23318067237403037,0.26322,0.2636863613383898,0.31767,0.31199196182951,-0.06666666666666654,-6.66666666666666,-0.20647773279352222,-20.647773279352222,-0.24615384615384617,-24.615384615384613,28.571428571428584,31.168831168831176,34.78260869565217,0.22246642771634506,0.24005503851750504,-0.017588610801159976,-0.014938901349508173,-0.002649709451651803,-1.3518925773733688,0.23704999999999998,0.02161255726612377,0.2802751145322475,0.19382488546775245,0.3646919597742884,0.025160309646199336,0.025428571428571422,12.973760932944604,0.029142857142857144,14.868804664723031,0.03104761904761905,15.840621963070944,34070.8085,1.2660917629823782,-1347549.4400000006,0.8766594692164323,19.939583617456098,-160.97113128634095,38.53749790048483,6.896551724137935,8.544985392275997,-93.10344827586206,False,True,False
1786060800000,0.196,0.2,0.19,0.196,23583.56,2026-08-07,0.0,0.0,0.0,0.07201220474342857,1.3757912398628864,0.05957660208038782,1.13820938457622,0.05831392130597591,1.1140859022530696,0.049115158919422676,0.9383437936189767,0.20820000000000002,0.20482221498594164,0.21800000000000003,0.21501253529669276,0.2339,0.22963965595745606,0.26099999999999995,0.26103199419779677,0.31593,0.30969484980102735,-0.06666666666666654,-6.66666666666666,-0.1694915254237287,-16.949152542372875,-0.2432432432432432,-24.324324324324323,37.93103448275864,31.578947368421055,34.93449781659389,0.21839466960613813,0.23679170233102317,-0.01839703272488505,-0.01563052762458355,-0.0027665051003014987,-1.4114821940313769,0.2339,0.022803277696128506,0.279506555392257,0.188293444607743,0.389966270989799,0.08448955776174903,0.023857142857142855,12.172011661807579,0.025785714285714283,13.155976676384837,0.030476190476190483,15.549076773566572,34159.720499999996,0.6903908947381465,-1347549.4400000006,0.8755061225948587,22.459037792539416,-150.7311586051742,41.65213557674168,8.000000000000005,7.130019405881446,-92.0,False,False,False
1786147200000,0.196,0.203,0.196,0.198,12506.75,2026-08-08,0.010204081632652962,0.010152371464017908,0.010204081632652962,0.038328398989959385,0.7322630345263473,0.0581919592715681,1.1117558208573957,0.058461743670018704,1.1169100445527047,0.04916413315316343,0.9392794450408376,0.20139999999999997,0.2025481433239611,0.21349999999999997,0.21191934706093044,0.23115000000000002,0.22662635539007928,0.25892,0.2585601512618787,0.31403,0.3074828426519364,-0.14655172413793105,-14.655172413793105,-0.18518518518518512,-18.518518518518512,-0.21739130434782605,-21.739130434782606,40.00000000000002,37.3134328358209,36.123348017621154,0.21525702812827072,0.23391824289909552,-0.018661214770824802,-0.0162366650538318,-0.0024245497169930012,-1.2245200590873744,0.23115000000000002,0.023678271185167615,0.27850654237033523,0.18379345762966479,0.4097472841906573,0.14999556195676136,0.020428571428571428,10.317460317460316,0.023428571428571427,11.83261183261183,0.02966666666666667,14.983164983164984,33196.4465,0.37674966204590604,-1335042.6900000006,0.8748993556179626,24.738125127509456,-118.50172899776246,50.22615012158512,10.666666666666675,8.52107279693485,-89.33333333333331,True,False,False
1786233600000,0.198,0.212,0.195,0.2,26882.74,2026-08-09,0.010101010101010166,0.010050335853501506,0.010101010101010166,0.025410353762168755,0.48546412698187674,0.05779773897396945,1.104224252646913,0.05860124664351338,1.1195752451190892,0.04920319836264668,0.940025784820073,0.199,0.20169876221597405,0.2088,0.20975219304985218,0.2285,0.22409051201959557,0.25686,0.2562636747184178,0.31136,0.3053542545247938,-0.05660377358490554,-5.660377358490558,-0.1902834008097165,-19.028340080971653,-0.20948616600790515,-20.94861660079051,10.0,36.36363636363638,37.5,0.21290979303161367,0.2314057804621255,-0.01849598743051184,-0.01668852952916781,-0.001807457901344029,-0.9037289506720145,0.2285,0.024066793021055934,0.27663358604211186,0.18036641395788813,0.42130053428544295,0.203948922743202,0.018285714285714284,9.142857142857142,0.022142857142857138,11.071428571428568,0.029190476190476194,14.595238095238097,33284.06999999999,0.8076758641596418,-1308159.9500000007,0.8736052261365259,27.290185707092974,-94.66060299814725,49.30904694912049,13.333333333333345,10.666666666666654,-86.66666666666666,True,True,False
1786320000000,0.2,0.212,0.196,0.199,31085.03,2026-08-10,-0.0050000000000000044,-0.005012541823544286,0.0050000000000000044,0.022332802023612847,0.4266675835734986,0.0547225970738923,1.0454737491380266,0.05131397692515148,0.9803521526341272,0.04916464985487166,0.9392893166131125,0.19780000000000003,0.20079917481064938,0.20579999999999998,0.20779724885896997,0.22440000000000002,0.22170093944630073,0.25474,0.2540180403937622,0.30921,0.3032480211482325,-0.029268292682926744,-2.926829268292672,-0.13100436681222705,-13.100436681222707,-0.29181494661921714,-29.181494661921715,19.04761904761908,30.327868852459034,36.19909502262444,0.2107698248729039,0.22900535227974583,-0.018235527406841923,-0.016997929104702634,-0.0012375983021392888,-0.6219086945423561,0.22440000000000002,0.02150006119948305,0.2674001223989661,0.18139987760103393,0.38324529767349447,0.20465200349510243,0.015285714285714283,7.681263460157931,0.021071428571428567,10.588657573582195,0.02866666666666667,14.40536013400335,32569.639000000003,0.9544173946785224,-1339244.9800000007,0.8721149943623548,30.222086944409092,-86.3976083707025,45.59162822595661,13.23529411764707,12.411764705882343,-86.76470588235293,False,False,False
1786406400000,0.199,0.205,0.192,0.194,30333.99,2026-08-11,-0.025125628140703515,-0.025446665661164262,0.025125628140703515,0.014518628459904977,0.2773780072576382,0.049240748619525265,0.9407431814704356,0.04780686260954762,0.9133488277144605,0.049225006625136694,0.9404424310899281,0.1974,0.19853278320709958,0.2042,0.20528865815733907,0.22139999999999999,0.21906275473712924,0.25254,0.2516643917287432,0.30705,0.3010844840304961,-0.010204081632653073,-1.0204081632653068,-0.07619047619047614,-7.619047619047612,-0.2362204724409449,-23.62204724409449,21.0526315789474,31.89655172413795,35.55555555555557,0.2081898518155341,0.22641236322198688,-0.018222511406452785,-0.017242845565052664,-0.0009796658414001208,-0.5049823924742891,0.22139999999999999,0.021337883286785327,0.2640757665735706,0.17872423342642935,0.3855082797973861,0.17897471797297526,0.013285714285714277,6.8483063328424105,0.01971428571428571,10.162002945508098,0.026000000000000002,13.402061855670103,31934.855499999998,0.9498709020305416,-1369578.9700000007,0.8706556038071697,33.215099366769344,-97.52288132945988,47.246116898359766,5.8823529411764754,10.816993464052276,-94.11764705882352,False,True,False
1786492800000,0.194,0.194,0.18,0.183,50156.77,2026-08-12,-0.05670103092783507,-0.05837200622190721,0.05670103092783507,0.02825081415036158,0.5397310465016522,0.05157746640761566,0.9853861121283796,0.04871225757964388,0.9306463743305156,0.04946614040443735,0.9450492854749433,0.19480000000000003,0.19335518880473304,0.2015,0.2012361748560047,0.21785000000000002,0.21562820666692642,0.25038,0.24897167046015756,0.30472,0.298745954961216,-0.06632653061224492,-6.632653061224496,-0.12857142857142856,-12.857142857142856,-0.27952755905511817,-27.95275590551181,19.04761904761905,25.000000000000014,34.78260869565217,0.2043144899977596,0.2231966326129508,-0.018882142615191194,-0.01757070497508037,-0.001311437640110824,-0.7166325902244941,0.21785000000000002,0.021534000044054175,0.2609180000881084,0.17478199991189167,0.3953913251146051,0.09540726376075014,0.013999999999999997,7.650273224043715,0.019357142857142854,10.577673692427789,0.024047619047619047,13.140775435857401,33337.6505,1.504508243614828,-1419735.7400000007,0.8682159521778626,36.62493371633625,-126.96636199713991,39.877812348899525,3.8461538461538494,7.654600301659111,-96.15384615384616,False,True,False
1786579200000,0.183,0.186,0.17,0.185,44678.84,2026-08-13,0.010928961748633892,0.010869672236903891,0.010928961748633892,0.028403062765799587,0.5426397522154565,0.03310307062175339,0.6324332762235944,0.04903994673098275,0.9369068667764332,0.0486570109602385,0.9295908891487915,0.19219999999999998,0.19057012586982203,0.1968,0.19828414306400385,0.2145,0.21271123460340963,0.24868,0.24646297747916524,0.3023,0.29649334977543845,-0.06565656565656575,-6.565656565656572,-0.20258620689655182,-20.258620689655178,-0.2658730158730159,-26.58730158730159,26.08695652173914,23.72881355932205,35.344827586206904,0.2013430299981043,0.2203672524193989,-0.01902422242129459,-0.017861408464323214,-0.0011628139569713758,-0.6285480848493923,0.2145,0.021149841358182393,0.2567996827163648,0.17220031728363522,0.39440263605002124,0.15129762086150206,0.013285714285714281,7.181467181467179,0.01935714285714285,10.463320463320459,0.023857142857142858,12.895752895752896,32967.7135,1.355230170876121,-1375056.9000000006,0.8660404713693238,40.450991917394454,-133.20964749536193,34.24687089433394,18.987341772151883,9.571949519827383,-81.0126582278481,False,True,False
1786665600000,0.185,0.185,0.164,0.173,32076.68,2026-08-14,-0.06486486486486487,-0.06706423058054588,0.06486486486486487,0.03253988788402724,0.6216736851269706,0.028917857416647326,0.5524748902103007,0.04812426136878916,0.9194127224954033,0.0490020039805795,0.9361819715478108,0.18680000000000002,0.18471341724654802,0.19290000000000002,0.19368702614327588,0.21155000000000004,0.20892921226022776,0.24656000000000003,0.24358207637753088,0.29979,0.29404771338747726,-0.13500000000000012,-13.500000000000012,-0.1839622641509434,-18.396226415094343,-0.2543103448275863,-25.43103448275863,12.121212121212125,25.000000000000014,25.0,0.19698256384454982,0.21685856705499898,-0.01987600321044916,-0.018264327413548404,-0.001611675796900757,-0.9316045068790505,0.21155000000000004,0.022642472898293936,0.25683494579658794,0.16626505420341217,0.42812522615540416,0.0743618621830754,0.01485714285714285,8.587943848059451,0.01935714285714285,11.189099917423615,0.022142857142857138,12.799339388934763,31281.440000000002,1.0254221033302815,-1407133.5800000005,0.864472727999652,44.433134774537315,-136.81159420289848,34.04650918542413,11.842105263157872,11.558533627154516,-88.15789473684212,False,True,False
1786752000000,0.173,0.176,0.151,0.154,41117.15,2026-08-15,-0.10982658959537572,-0.11633899208414979,0.10982658959537572,0.045200305541880204,0.8635506248587596,0.040655505286325895,0.7767223378927391,0.052082532523898876,0.995035386731341,0.05039646341790479,0.9628230816908985,0.1778,0.17447561149769866,0.18780000000000002,0.18647120320813482,0.20745,0.20369785871163465,0.24380000000000002,0.24006905374634863,0.29721,0.2912742428758688,-0.22613065326633175,-22.613065326633173,-0.24878048780487805,-24.878048780487802,-0.34745762711864403,-34.7457627118644,4.0,25.000000000000014,25.961538461538467,0.19036986171461906,0.21220237690277682,-0.021832515188157764,-0.018977964968470276,-0.002854550219687488,-1.853604038758109,0.20745,0.025255484031925218,0.25796096806385044,0.15693903193614955,0.48697004640974156,-0.029093007408156905,0.017428571428571422,11.317254174397027,0.018928571428571423,12.291280148423002,0.021428571428571425,13.914656771799628,31854.569,1.2907771566458803,-1448250.7300000004,0.8624339196297033,47.615787145830666,-162.4186251793004,34.45269992116012,3.370786516853936,11.40007785072121,-96.62921348314606,False,True,False
1786838400000,0.154,0.16,0.104,0.137,86718.27,2026-08-16,-0.11038961038961026,-0.1169716765855041,0.11038961038961026,0.04974154805560289,0.9503109412625247,0.04835774277299474,0.9238733784595055,0.053359889001988965,1.0194392479795804,0.05125476197793068,0.9792208526559418,0.16640000000000002,0.16198374099846577,0.1819,0.17747643898847393,0.20195,0.19734568169147895,0.2412,0.23602713003891226,0.29436999999999997,0.28821903908954233,-0.2938144329896907,-29.381443298969067,-0.30102040816326525,-30.102040816326525,-0.44534412955465585,-44.53441295546558,3.030303030303031,21.705426356589157,24.0,0.18215911375852384,0.20663183046553407,-0.024472716707010234,-0.02007691531617827,-0.004395801390831965,-3.208614153891945,0.20195,0.028015925921978616,0.2579818518439572,0.14591814815604276,0.5549081638421117,-0.07958105847437316,0.022999999999999996,16.788321167883208,0.020642857142857136,15.06777893639207,0.022428571428571426,16.371220020855056,34961.5935,2.480386656288993,-1534969.0000000005,0.8580105810631516,53.03721929340181,-220.95929697161054,24.53102277293442,24.81203007518798,13.341640618399909,-75.18796992481201,False,True,False
1786924800000,0.137,0.148,0.125,0.127,46149.81,2026-08-17,-0.07299270072992703,-0.07579383936953367,0.07299270072992703,0.049499167057177,0.9456802587895793,0.04815258645898987,0.9199538725838543,0.05420614515039685,1.0356069489937052,0.05026020810937683,0.9602199276765827,0.1552,0.15032249399897718,0.175,0.1682989046269332,0.1965,0.19064609295895713,0.23797999999999997,0.23175155628027932,0.2916,0.28502630806124957,-0.30601092896174864,-30.60109289617486,-0.3520408163265306,-35.204081632653065,-0.461864406779661,-46.186440677966104,2.8169014084507182,5.128205128205138,23.17596566523605,0.17367309625721247,0.200733176356976,-0.027060080099763517,-0.02147354827289532,-0.005586531826868198,-4.398843958163935,0.1965,0.03143665309630445,0.2593733061926089,0.13362669380739112,0.6399318696448741,-0.0526987859290444,0.023999999999999997,18.89763779527559,0.01964285714285714,15.466816647919007,0.022047619047619045,17.360329958755152,35384.7175,1.3042299970319107,-1581118.8100000005,0.8556773126491407,57.84664306290962,-190.20523295399275,9.335535472930204,17.968750000000007,15.38385553068062,-82.03125000000001,False,False,True
1787011200000,0.127,0.153,0.125,0.147,71395.68,2026-08-18,0.15748031496062986,0.14624550032014497,0.15748031496062986,0.11240066062055279,2.1474116059565502,0.07858441086004057,1.501353061418325,0.06742135757907027,1.2880832279393952,0.05580443233128721,1.066142182709831,0.1476,0.14921499599931812,0.1699,0.16442637651294537,0.1917,0.1864893222009612,0.23512,0.22842796581430214,0.28918,0.28229288322639384,-0.20540540540540542,-20.540540540540544,-0.2575757575757577,-25.75757575757576,-0.3950617283950617,-39.50617283950618,27.5,22.222222222222214,31.759656652360505,0.1695695429868721,0.19675294107127403,-0.027183398084401927,-0.022615518235196645,-0.004567879849205283,-3.1074012579627777,0.1917,0.03129166695871757,0.2542833339174352,0.12911666608256486,0.6529299313243104,0.14287616844628495,0.02614285714285714,17.784256559766764,0.01971428571428571,13.411078717201164,0.021857142857142856,14.868804664723031,38198.490000000005,1.8690707407544116,-1509723.1300000006,0.8521384076748915,58.85954628871608,-140.84251575749323,20.41068991961221,39.81481481481482,27.531864963334254,-60.18518518518518,True,False,False
1787097600000,0.147,0.202,0.145,0.175,68064.04,2026-08-19,0.19047619047619047,0.17435338714477774,0.19047619047619047,0.1500478664608678,2.8666604636322592,0.10441117898228755,1.9947727735789906,0.08232236725034155,1.5727666179826358,0.06235391688404224,1.1912699093972983,0.148,0.15780999733287873,0.1674,0.16634885351059164,0.1881,0.1853951010389649,0.23314000000000001,0.226332751454341,0.2869,0.280168095961385,0.011560693641618602,1.156069364161851,-0.1250000000000001,-12.50000000000001,-0.2914979757085021,-29.149797570850204,45.283018867924525,39.130434782608695,38.132295719844365,0.1704049979119687,0.1951416121030315,-0.024736614191062795,-0.023039737426369878,-0.0016968767646929166,-0.9696438655388094,0.1881,0.028622589533122675,0.24534517906624534,0.13085482093375464,0.6086675073497645,0.3855798845100965,0.032285714285714286,18.448979591836736,0.02314285714285714,13.224489795918364,0.023666666666666662,13.523809523809522,40964.543,1.6615354405393952,-1441659.0900000005,0.8489492125018653,56.41541944267535,-44.59292958013457,31.020926468486437,65.74074074074073,41.174768518518505,-34.25925925925927,True,False,False
1787184000000,0.175,0.22,0.172,0.204,61872.67,2026-08-20,0.1657142857142857,0.15333401992070234,0.1657142857142857,0.1451190525583417,2.7724956062421846,0.11812137487824738,2.25670569838903,0.09024684058163478,1.724163468399373,0.06622061616132403,1.265143095363791,0.158,0.17320666488858583,0.1679,0.17319451650866588,0.18685000000000002,0.1871669961781111,0.23137999999999997,0.22545695727391712,0.28506,0.27865969456157347,0.3246753246753247,32.467532467532465,0.025125628140703293,2.51256281407034,-0.10917030567685604,-10.917030567685599,62.60162601626016,52.531645569620245,42.18181818181818,0.17557345977166583,0.19579778898428843,-0.0202243292126226,-0.022476655783620424,0.0022523265709978244,1.104081652449914,0.18685000000000002,0.027255660928222947,0.2413613218564459,0.13233867814355413,0.5834768194428246,0.6573067705564363,0.03685714285714286,18.067226890756306,0.02507142857142857,12.289915966386555,0.025190476190476187,12.348272642390288,42986.042499999996,1.4393665106528475,-1379786.4200000006,0.8461810390284391,52.41109043834634,32.807602871297064,42.157406439084006,86.20689655172413,63.920817369093214,-13.793103448275874,True,False,False
1787270400000,0.204,0.279,0.203,0.226,123577.39,2026-08-21,0.10784313725490202,0.10241500542806954,0.10784313725490202,0.10644884029287315,2.033702238256532,0.12135907950883831,2.3185619585035626,0.0913235282851005,1.7447335580914456,0.06810164978784253,1.3010801923388398,0.1758,0.1908044432590572,0.17109999999999997,0.18279551350709025,0.18765,0.1908653774944815,0.23013999999999998,0.22547825306723104,0.28361000000000003,0.27761684547263876,0.6496350364963503,64.96350364963503,0.1649484536082475,16.49484536082474,0.07619047619047636,7.619047619047627,78.57142857142857,58.33333333333333,48.25174825174825,0.1833313890375634,0.19803498980026707,-0.014703600762703661,-0.020922044779437075,0.006218444016733413,2.7515239012094748,0.18765,0.028189723771588595,0.2440294475431772,0.13127055245682281,0.6009000537508894,0.8401062059949269,0.04471428571428572,19.785082174462705,0.029785714285714283,13.179519595448797,0.02780952380952381,12.305099030762747,47380.9815,2.608164417193426,-1256209.0300000007,0.8410368937648447,50.16458861737645,137.59859772129715,57.254156655041996,69.71428571428571,73.88730766891685,-30.28571428571429,True,False,False
1787356800000,0.226,0.237,0.21,0.211,38772.94,2026-08-22,-0.0663716814159293,-0.0686768657962195,0.0663716814159293,0.10361130813832012,1.979491262561894,0.12209016479722357,2.3325293233264657,0.09280336367721975,1.7730057735606228,0.0680414980844873,1.299930995659835,0.19260000000000002,0.19753629550603813,0.1739,0.18792360196034655,0.18770000000000003,0.19278296059024516,0.229,0.22491047843370618,0.28180999999999995,0.27629759727201125,0.6614173228346456,66.14173228346456,0.15300546448087426,15.30054644808743,0.004761904761904745,0.47619047619047666,79.83870967741935,53.36787564766839,44.55782312925171,0.18758809841639984,0.19899536092617318,-0.011407262509773336,-0.01901908832550433,0.007611825815730992,3.6075003866023665,0.18770000000000003,0.02823230698857984,0.24416461397715972,0.13123538602284035,0.601647458467338,0.7063239111970637,0.045,21.32701421800948,0.031214285714285715,14.793500338524035,0.027619047619047616,13.089596027984651,47469.435,0.8167980090767881,-1294981.9700000007,0.8393967559429918,48.40791978198282,88.90836498198449,52.71209915619528,61.142857142857125,72.35467980295563,-38.85714285714287,False,False,True
1787443200000,0.211,0.218,0.188,0.194,19577.96,2026-08-23,-0.08056872037914686,-0.0839999744127383,0.08056872037914686,0.12860739063489673,2.457040748127649,0.12626912430052056,2.4123682325344555,0.0914721662748882,1.7475732828990576,0.06699788291508975,1.279992755843949,0.202,0.19635753033735873,0.1748,0.1890284016039199,0.18580000000000002,0.19289886910545995,0.22694,0.22369830280180406,0.28014000000000006,0.2746678174634078,0.3197278911564627,31.972789115646272,0.048648648648648596,4.864864864864869,-0.1637931034482759,-16.379310344827587,75.57251908396947,48.5576923076923,41.36807817589577,0.18857454481387678,0.1986253341909011,-0.010050789377024305,-0.017225428535808326,0.007174639158784021,3.698267607620629,0.18580000000000002,0.0263070933000478,0.2384141866000956,0.13318581339990443,0.5663529235747641,0.5779257509227091,0.041285714285714294,21.281296023564067,0.03214285714285715,16.568483063328426,0.027523809523809523,14.187530682376043,45062.878,0.4344587134448004,-1314559.9300000006,0.8385461508393425,45.95466062773134,37.29071537290728,49.120926938691895,51.42857142857142,60.76190476190473,-48.57142857142857,False,True,False
1787529600000,0.194,0.197,0.16,0.192,48331.68,2026-08-24,-0.010309278350515427,-0.010362787035546547,0.010309278350515427,0.10884469274182684,2.079474935023955,0.12374933558986369,2.36422773681184,0.0894834445287122,1.709578807286735,0.0669834108945,1.2797162682788004,0.20539999999999997,0.19490502022490583,0.1767,0.18956869222138903,0.1848,0.19281326252398756,0.22494,0.22245523209674703,0.27844,0.27303070847718125,0.0971428571428572,9.714285714285724,0.10982658959537583,10.982658959537584,-0.09433962264150941,-9.433962264150939,69.91150442477877,48.325358851674636,43.6426116838488,0.1891015379194342,0.1981345686952788,-0.00903303077584458,-0.015586948983815577,0.006553918207970997,3.413499066651561,0.1848,0.02563016315126731,0.2360603263025346,0.1335396736974654,0.5547654361746169,0.5702297519284812,0.043285714285714295,22.544642857142865,0.03364285714285715,17.52232142857143,0.027523809523809523,14.335317460317459,45944.531,1.0519571959500467,-1362891.6100000006,0.8364002910890342,42.60101147576286,-9.846972721224287,45.97134611869811,50.28571428571428,54.285714285714256,-49.714285714285715,False,True,False
1787616000000,0.192,0.193,0.155,0.159,74074.51,2026-08-25,-0.171875,-0.18859116980755003,0.171875,0.10293305306215048,1.9665332175261754,0.13209506691569228,2.523672709913737,0.0971324792012158,1.8557134095160643,0.0708963671141799,1.3544731918889454,0.1964,0.18293668014993722,0.1772,0.18401074818113647,0.18250000000000002,0.1895929518074173,0.22246000000000002,0.2199667916090032,0.27663,0.270772509015185,-0.22058823529411764,-22.058823529411757,0.032467532467532534,3.24675324675325,-0.224390243902439,-22.439024390243897,43.22033898305085,42.61603375527426,41.639344262295076,0.18447053208567513,0.19523571175488774,-0.010765179669212616,-0.014622595120894987,0.0038574154516823715,2.426047453888284,0.18250000000000002,0.025785552870644404,0.23407110574128884,0.1309288942587112,0.5651628026442609,0.2721592385677173,0.04471428571428572,28.12219227313567,0.035428571428571434,22.282120395327944,0.028047619047619047,17.64001197963462,48704.6615,1.5208915885802838,-1436966.1200000006,0.8330687284169564,39.65296777081659,-48.60889031020146,43.88959784151017,31.428571428571423,44.38095238095236,-68.57142857142857,False,True,False
1787702400000,0.159,0.167,0.156,0.16,24238.38,2026-08-26,0.0062893081761006275,0.006269613013595395,0.0062893081761006275,0.07024748315957156,1.3420762813427618,0.12516233473835178,2.391223047639357,0.0968109627197896,1.8495708457632434,0.07085151712585977,1.3536163340652105,0.1832,0.17529112009995815,0.1795,0.17964515760274802,0.1807,0.1867745754448061,0.22018000000000001,0.2176151527102438,0.27488,0.2685788362733163,-0.2920353982300885,-29.20353982300885,0.16788321167883202,16.788321167883204,-0.18367346938775508,-18.367346938775512,25.55555555555557,44.93392070484582,41.830065359477125,0.18070583484172512,0.19262565903230347,-0.011919824190578354,-0.014082040934831662,0.002162216744253308,1.3513854651583175,0.1807,0.026048739741261207,0.2327974794825224,0.1286025205174776,0.5766184779471213,0.30133395890155873,0.03814285714285715,23.83928571428572,0.03521428571428571,22.00892857142857,0.028142857142857147,17.589285714285715,47759.742,0.5075065103994909,-1412727.7400000007,0.8319727518158617,35.83882075278607,-66.55210123418222,45.596919204285456,31.999999999999996,37.90476190476189,-68.0,False,False,True
1787788800000,0.16,0.21,0.16,0.194,51181.18,2026-08-27,0.2124999999999999,0.19268434382950114,0.2124999999999999,0.1422566867747854,2.7178101847316123,0.13324241269418086,2.545592720233686,0.10843790755783729,2.071703314996033,0.07734339096987819,1.4776434097076985,0.17980000000000002,0.1815274133999721,0.1862,0.1822551289477029,0.1806,0.18746271111672932,0.21874,0.21668906828564402,0.27363,0.26710192355570356,-0.08056872037914686,-8.056872037914687,0.5275590551181102,52.75590551181103,-0.010204081632653073,-1.0204081632653068,34.31372549019608,51.73745173745174,44.0251572327044,0.18275109101992126,0.19272746206694766,-0.009976371047026394,-0.01326090695727061,0.003284535910244215,1.6930597475485643,0.1806,0.025990686591092247,0.2325813731821845,0.12861862681781552,0.5756519732246344,0.6288923241122896,0.03842857142857143,19.808541973490428,0.037642857142857145,19.40353460972018,0.029523809523809525,15.21845851742759,49139.623,1.041546045235227,-1361546.5600000008,0.8297628708253219,32.49248410136467,19.253147149053294,51.93117205357062,51.42857142857142,38.28571428571427,-48.57142857142857,True,False,False
1787875200000,0.194,0.195,0.168,0.19,45413.06,2026-08-28,-0.020618556701030966,-0.020834086902842025,0.020618556701030966,0.13712869289310273,2.6198399991828456,0.12928997733798606,2.47008154877947,0.10857713102327585,2.0743631755685037,0.07735095417171159,1.4777879044758393,0.179,0.18435160893331473,0.1905,0.18366328732084786,0.1802,0.18770435767704083,0.21715999999999996,0.215642438151811,0.2722,0.26557504732342413,-0.020618556701030966,-2.0618556701030943,0.2925170068027212,29.25170068027212,-0.04040404040404044,-4.040404040404043,38.46153846153846,53.38645418326694,46.35761589403974,0.1838663077860872,0.19252542783976634,-0.008659120053679137,-0.012340549576552316,0.0036814295228731787,1.9375944857227256,0.1802,0.02576942292519249,0.23173884585038498,0.12866115414961501,0.5720182669299111,0.5950739179186217,0.031428571428571424,16.54135338345864,0.038071428571428576,20.037593984962406,0.030333333333333334,15.964912280701753,50784.938500000004,0.8942229988129254,-1406959.6200000008,0.8278035735596224,29.522143023757156,10.266491917868029,50.9210771522808,49.14285714285713,44.19047619047617,-50.857142857142854,False,False,True
1787961600000,0.19,0.228,0.175,0.2,39089.0,2026-08-29,0.05263157894736836,0.05129329438755048,0.05263157894736836,0.13846129811949084,2.645299386285246,0.11748026897366257,2.244457387279896,0.10913170460263197,2.084958288925413,0.07776588149135277,1.4857150797869692,0.1806,0.1895677392888765,0.193,0.18663359871705734,0.1802,0.18887537123160836,0.21580000000000002,0.21502900920187445,0.27077,0.26427644361019487,0.04166666666666674,4.1666666666666705,0.14285714285714302,14.285714285714299,0.0,0.0,53.57142857142858,59.50413223140496,49.18032786885246,0.18634841428053533,0.19307909985163552,-0.006730685571100181,-0.01121857677546189,0.004487891204361709,2.2439456021808546,0.1802,0.02576942292519249,0.23173884585038498,0.12866115414961501,0.5720182669299111,0.6920881198763991,0.03514285714285715,17.571428571428573,0.04007142857142858,20.03571428571429,0.032523809523809524,16.26190476190476,51395.2515,0.760556644031599,-1367870.6200000008,0.8261700573106795,27.92633898402944,65.28644977544086,55.90609468207679,54.85714285714285,51.80952380952379,-45.14285714285714,True,False,False
1788048000000,0.2,0.25,0.188,0.218,57167.77,2026-08-30,0.08999999999999986,0.0861776962410522,0.08999999999999986,0.09118904497798479,1.7421642581165762,0.10915658956575411,2.0854337154783105,0.1107084860865893,2.1150826568785335,0.07886666988813097,1.5067456125782646,0.19240000000000002,0.19904515952591764,0.19440000000000002,0.19233658076850146,0.18114999999999998,0.19164914540002662,0.21478000000000003,0.2151455186454504,0.2696,0.26336001757035665,0.371069182389937,37.10691823899371,0.06862745098039214,6.8627450980392215,0.09547738693467323,9.54773869346733,63.0,66.66666666666666,53.5031847133758,0.1912178890066068,0.19492509245521805,-0.0037072034486112515,-0.009716302110091763,0.006009098661480512,2.756467275908492,0.18114999999999998,0.026827470210540418,0.2348049404210808,0.12749505957891916,0.5923813460787284,0.8433980143375743,0.039714285714285716,18.217562254259505,0.0405,18.577981651376145,0.034666666666666665,15.902140672782874,52699.3885,1.0847900066240805,-1310702.8500000008,0.8238633884473137,26.50957065753504,116.44070932107093,64.1423784159254,60.38961038961038,54.79653679653677,-39.610389610389625,True,False,False
1788134400000,0.218,0.222,0.191,0.196,36490.62,2026-08-31,-0.1009174311926605,-0.10638040355857173,0.1009174311926605,0.11802796900471166,2.254921181680785,0.10874168325369116,2.0775069415163996,0.11324975679726225,2.1636335656351915,0.08005545471380866,1.5294573147831403,0.1996,0.19803010635061177,0.19140000000000001,0.19300265699241026,0.18125,0.192063512504786,0.21322,0.2143947139895165,0.26776,0.262026069060076,0.2250000000000001,22.500000000000004,-0.1327433628318584,-13.27433628318584,0.010309278350515427,1.0309278350515472,70.7865168539326,63.52941176470588,50.0,0.19195359839020576,0.19500471523631302,-0.00305111684610726,-0.008383265057294862,0.005332148211187602,2.7204837812181646,0.18125,0.026881562846220976,0.23501312569244195,0.12748687430755803,0.5932482835028079,0.6371758041411046,0.03885714285714286,19.825072886297377,0.04107142857142858,20.954810495626823,0.03538095238095238,18.05150631681244,53007.219999999994,0.6884084847309481,-1347193.470000001,0.8223622826835455,25.183547290441727,64.97064579256359,63.594548604086135,46.103896103896105,53.783549783549766,-53.896103896103895,False,False,True
1788220800000,0.196,0.2,0.184,0.19,32426.98,2026-09-01,-0.030612244897959218,-0.03109058707003112,0.030612244897959218,0.07483069573889159,1.429638434723898,0.1072199461446884,2.0484341948701954,0.11263299936954704,2.151850431523492,0.08006492857129303,1.5296383125762387,0.19880000000000003,0.19535340423374117,0.1893,0.19245671935742656,0.1816,0.1918669875043302,0.21169999999999997,0.21343805853506517,0.26550999999999997,0.26059971931706294,-0.020618556701030966,-2.0618556701030943,-0.09952606635071082,-9.952606635071087,0.03825136612021862,3.8251366120218613,65.95744680851064,58.92116182572614,48.82352941176471,0.19165304479171255,0.19463399558917874,-0.0029809507974661864,-0.007302802205329127,0.00432185140786294,2.274658635717337,0.1816,0.026951027712121434,0.23550205542424288,0.12769794457575714,0.5936349716326307,0.5779191065524936,0.03571428571428571,18.796992481203006,0.040214285714285716,21.165413533834588,0.03552380952380953,18.696741854636592,52120.7305,0.6221512954427989,-1379620.450000001,0.8210094076107365,24.04516953916075,27.22772277227724,58.25845154730117,33.582089552238806,46.69186534858175,-66.4179104477612,False,True,False
1788307200000,0.19,0.195,0.17,0.191,28580.91,2026-09-02,0.0052631578947368585,0.005249355886143745,0.0052631578947368585,0.07410407942052852,1.4157564494533865,0.10391384590568749,1.9852712384917335,0.11263164421886365,2.1518245414060386,0.0800748589277831,1.529828031770595,0.199,0.19390226948916078,0.189,0.1921918612924399,0.1819,0.19178441726582257,0.21022000000000002,0.21255813466751425,0.26326,0.259221420907872,0.0052631578947368585,0.5263157894736846,-0.015463917525773252,-1.5463917525773208,0.032432432432432545,3.243243243243246,47.540983606557376,53.73831775700935,48.67256637168142,0.19155257636221834,0.19436481073072104,-0.0028122343685026974,-0.006404688637963841,0.0035924542694611436,1.8808661096655201,0.1819,0.027024160729994726,0.23594832145998945,0.12785167854001056,0.5942641172071407,0.5841839279572862,0.037714285714285714,19.74569932685116,0.037928571428571436,19.85789080029918,0.03604761904761905,18.87309897781102,51315.834,0.5569608398062866,-1351039.540000001,0.8198104772947337,25.23339907714914,7.897181790027865,52.37181595087653,29.032258064516125,36.23941457355033,-70.96774193548387,False,True,False
1788393600000,0.191,0.26,0.185,0.234,70815.89,2026-09-03,0.2251308900523561,0.20304768731107162,0.2251308900523561,0.12529874874840224,2.393829233642003,0.12503059419701415,2.388706148131102,0.12117556293812876,2.3150558793430727,0.08632628714963288,1.6492614002516148,0.20579999999999998,0.20726817965944053,0.19319999999999998,0.19979334105745084,0.18495,0.19580494895479186,0.20968,0.2133989921346831,0.26171,0.25872195623144323,0.16999999999999993,17.0,0.21875,21.875000000000007,0.35260115606936426,35.26011560693643,72.0,56.57894736842106,54.59317585301838,0.19808294922956937,0.19730075067659356,0.0007821985529758158,-0.00496731119977591,0.005749509752751725,2.4570554498938995,0.18495,0.029312248203430726,0.24357449640686146,0.12632550359313854,0.6339496772842548,0.9183404805696477,0.041285714285714294,17.643467643467645,0.03985714285714286,17.032967032967033,0.03885714285714286,16.605616605616603,53252.794499999996,1.3298060818198,-1280223.650000001,0.8170499507372148,28.40824436608839,119.51338199513386,53.641547621170496,63.70967741935484,42.10800834536991,-36.29032258064516,True,False,False
1788480000000,0.234,0.234,0.208,0.219,26875.8,2026-09-04,-0.06410256410256421,-0.06624938554120072,0.06410256410256421,0.12816056141796153,2.4485040879245,0.10971091602701402,2.0960241076506203,0.11896991288418104,2.2729169942299725,0.08677678632063729,1.657868174828808,0.20600000000000002,0.21117878643962704,0.19920000000000002,0.20328546086518706,0.1882,0.19801400143528786,0.20894,0.213618639502741,0.25952000000000003,0.2579353356037282,0.004587155963302836,0.4587155963302756,0.37735849056603765,37.73584905660377,0.42207792207792205,42.20779220779221,59.047619047619044,48.41628959276018,53.196930946291566,0.20130095704040488,0.19890810247832735,0.0023928545620775232,-0.003495278047405223,0.005888132609482746,2.6886450271610713,0.1882,0.029303493594532066,0.24680698718906413,0.12959301281093588,0.6228160168869726,0.7627673036718323,0.041142857142857155,18.786692759295505,0.036285714285714296,16.56881930854534,0.0390952380952381,17.851706892802785,52540.727,0.5115231846715786,-1307099.4500000011,0.8159984229286846,29.45821193613074,92.29287090558769,39.35814497923633,60.95238095238095,51.23143881208396,-39.04761904761905,False,False,True
1788566400000,0.219,0.275,0.216,0.253,49659.44,2026-09-05,0.15525114155251152,0.1443177589110195,0.15525114155251152,0.12543194015371137,2.3963738518675135,0.11498010461741268,2.196691814321794,0.11797403398447365,2.2538907545659694,0.08948027301493525,1.7095182156011037,0.21740000000000004,0.22511919095975133,0.2085,0.21232446798060758,0.194,0.2032507632033557,0.20879999999999999,0.2151630065864052,0.25796,0.2578376004330017,0.2908163265306123,29.081632653061224,0.58125,58.12499999999999,0.8467153284671531,84.67153284671531,64.46280991735537,58.75000000000001,58.45410628019324,0.2092546559572657,0.20291490970215498,0.0063397462551107175,-0.0015282731869020346,0.007868019442012751,3.1098891075149213,0.194,0.03010507913087664,0.2542101582617533,0.13378984173824673,0.6207232810490029,0.9899505474101866,0.042,16.600790513833992,0.038571428571428576,15.245623941276119,0.04071428571428572,16.09260304912479,50687.7855,0.9797121635941267,-1257440.0100000012,0.8141549855745764,31.24568554626445,156.07048032826458,48.3183065115281,81.66666666666666,68.77624167946747,-18.333333333333346,True,False,False
1788652800000,0.253,0.275,0.233,0.265,53551.19,2026-09-06,0.04743083003952564,0.04634033725870192,0.04743083003952564,0.1161303961497062,2.2186681031891653,0.10037102504705003,1.9175857410252544,0.11507478653620466,2.198500709840429,0.08969120657991086,1.7135480957015736,0.2324,0.23841279397316759,0.2156,0.22190183743867894,0.2009,0.20913164289827418,0.20892,0.21711739849147063,0.25664,0.2579794383108543,0.3947368421052633,39.47368421052632,0.365979381443299,36.5979381443299,1.0866141732283467,108.66141732283465,81.08108108108107,65.1063829787234,59.43396226415094,0.21783086273307098,0.20751380527977314,0.010317057453297834,0.0008407929411379399,0.009476264512159894,3.5759488725131674,0.2009,0.029753195317168666,0.26040639063433735,0.14139360936566267,0.5923981148266535,1.0385976137747126,0.03914285714285715,14.770889487870623,0.03942857142857143,14.878706199460916,0.040047619047619054,15.112309074573227,51057.8545,1.0488335345152429,-1203888.8200000012,0.8122141564281312,34.9028826443728,168.13294232649076,55.22790615679624,91.66666666666666,78.09523809523807,-8.33333333333334,False,False,False
1788739200000,0.265,0.275,0.253,0.266,42327.52,2026-09-07,0.0037735849056603765,0.0037664827954768648,0.0037735849056603765,0.11635185445792208,2.2228990582269095,0.09913241267514933,1.8939220848864344,0.11215991338163098,2.142812136415104,0.08960404034785653,1.7118827871764497,0.2474,0.24760852931544508,0.2232,0.22991968517710099,0.20685000000000003,0.21454767690796236,0.20918,0.21903436326263,0.25536000000000003,0.25813827029708153,0.39267015706806285,39.26701570680628,0.40000000000000013,40.00000000000001,0.8095238095238098,80.95238095238098,85.84905660377358,65.81196581196582,61.2590799031477,0.22524149923567544,0.21184611599978995,0.013395383235885489,0.0033517110000874503,0.010043672235798037,3.7758166299992615,0.20685000000000003,0.030300729537899557,0.26745145907579915,0.14624854092420092,0.5859459422363945,0.9880245533858873,0.037857142857142874,14.232008592910855,0.03835714285714287,14.419978517722882,0.04000000000000001,15.037593984962408,49604.4465,0.8533009233355723,-1161561.3000000012,0.8107088976002498,40.14302552426722,162.20611467335743,62.67480123724043,92.5,88.61111111111109,-7.500000000000005,False,False,False
1788825600000,0.266,0.274,0.252,0.264,28137.58,2026-09-08,-0.007518796992481258,-0.007547205635382966,0.007518796992481258,0.08200070048084637,1.5666211829802887,0.09999305046175401,1.9103645467125148,0.10638241769886045,2.032433236379736,0.08961854485774672,1.7121598954488115,0.2534,0.2530723528769634,0.22959999999999997,0.23611610605399172,0.2113,0.2192574219643469,0.20939999999999998,0.22079772157146424,0.25436,0.25825435058732016,0.1282051282051282,12.82051282051282,0.32000000000000006,32.0,0.5085714285714287,50.857142857142875,84.11214953271028,75.86206896551724,63.888888888888886,0.23120434550711,0.21570936666647214,0.015494978840637857,0.005780364568197533,0.009714614272440324,3.6797781335001223,0.2113,0.03187161746762486,0.27504323493524974,0.14755676506475027,0.6033434447255063,0.9133772003690476,0.038714285714285736,14.664502164502172,0.03721428571428572,14.096320346320349,0.03971428571428572,15.043290043290044,47608.1235,0.5910247649227343,-1189698.8800000013,0.8097104028764993,45.58241205337664,136.53048369931165,65.17959397411478,90.7563025210084,91.640989729225,-9.243697478991603,False,True,False
1788912000000,0.264,0.279,0.256,0.268,43856.95,2026-09-09,0.015151515151515138,0.015037877364540502,0.015151515151515138,0.06611766667301953,1.2631762481514006,0.09798100698615657,1.8719245100852118,0.10117084360170267,1.9328662530563945,0.08832074765474593,1.6873655146994848,0.2632,0.25804823525130893,0.2346,0.24191317768053872,0.2145,0.22389957225345672,0.20914000000000002,0.22264879131921408,0.25331,0.2584473442304698,0.22374429223744308,22.3744292237443,0.2293577981651378,22.93577981651377,0.31372549019607865,31.37254901960786,74.99999999999999,76.2135922330097,67.1018276762402,0.23686521542909308,0.21958274691340016,0.017282468515692928,0.008080785357696612,0.009201683157996316,3.4334638649239984,0.2145,0.03422602887619568,0.28295205775239135,0.14604794224760864,0.6382476247309218,0.890784453796285,0.038428571428571444,14.339019189765464,0.03807142857142858,14.20575692963753,0.038095238095238106,14.214641080312726,46707.3375,0.9389734535821057,-1145841.9300000013,0.8081736170930643,51.364724978546704,127.73780975219822,70.06712637121746,90.7563025210084,91.33753501400558,-9.243697478991603,True,False,False
1788998400000,0.268,0.278,0.242,0.247,40718.34,2026-09-10,-0.07835820895522394,-0.08159864388287955,0.07835820895522394,0.04640533032711242,0.8865725910552802,0.09497632210712048,1.814520086073273,0.10107597118959528,1.9310537181680787,0.08795080403285725,1.6802977517272084,0.262,0.2543654901675393,0.23970000000000002,0.24283805446589535,0.21555,0.22609961299122275,0.20900000000000002,0.22360374068194838,0.25233,0.2582206520731105,-0.02371541501976282,-2.3715415019762864,0.26020408163265296,26.0204081632653,0.09292035398230092,9.292035398230084,68.9189189189189,63.73056994818651,65.22842639593908,0.23842441305538642,0.2216136545494446,0.016810758505941825,0.009826779987345656,0.0069839785185961695,2.827521667447842,0.21555,0.03491263532398774,0.28537527064797547,0.14572472935202452,0.6478800338480675,0.7252049989075973,0.032857142857142876,13.30248698669752,0.03707142857142859,15.008675534991331,0.037523809523809536,15.191825718141514,42564.384999999995,0.9566293510407822,-1186560.2700000014,0.8067230871120332,54.678320260593075,93.30245126423472,62.61134169312184,71.17117117117115,84.22792540439596,-28.82882882882885,False,True,False
1789084800000,0.247,0.255,0.245,0.247,13312.51,2026-09-11,0.0,0.0,0.0,0.037228477113751796,0.7112490565873086,0.09338808259515967,1.7841768128025128,0.09954531822465706,1.9018106343333996,0.08795080403285725,1.6802977517272084,0.2584,0.2519103267783595,0.24539999999999998,0.24359477183573255,0.21735,0.2280901260396777,0.20886,0.2245212410498578,0.25142,0.2579984493428147,-0.06792452830188689,-6.792452830188685,0.30000000000000004,30.0,0.17061611374407581,17.061611374407583,42.5,65.07936507936506,63.36898395721924,0.23974373412378847,0.22349412458281906,0.016249609540969406,0.011111345898070406,0.005138263642899,2.0802686813356277,0.21735,0.035587216806075087,0.2885244336121502,0.14617556638784981,0.6549292257846808,0.7082910849812399,0.03057142857142859,12.377096587622912,0.03585714285714287,14.517061885482944,0.03438095238095239,13.919413919413923,41291.3635,0.3224042238275808,-1186560.2700000014,0.8062447821821763,57.81697816988375,70.77826725403814,65.0205328426967,70.64220183486236,77.52322517568062,-29.357798165137638,False,False,True
1789171200000,0.247,0.257,0.235,0.244,15862.31,2026-09-12,-0.012145748987854255,-0.012220111334775333,0.012145748987854255,0.0360558607305326,0.6888462520418764,0.09406445197445219,1.7970988316499785,0.09733221996306138,1.8595294514129868,0.08796373577388264,1.6805448122925986,0.254,0.249273551185573,0.25070000000000003,0.24366844968378118,0.21985000000000002,0.229605352131137,0.2087,0.2252851139518596,0.25059000000000003,0.257721238140834,-0.08270676691729328,-8.27067669172933,0.2774869109947644,27.748691099476435,0.25773195876288657,25.77319587628865,16.129032258064512,62.08791208791208,59.88538681948424,0.24039854425859025,0.22501307831742506,0.015385465941165188,0.011966169906689365,0.0034192960344758237,1.4013508338015672,0.21985000000000002,0.03561678344770175,0.2910835668954035,0.14861643310459652,0.6480197124894562,0.6695127806491908,0.025285714285714307,10.362997658079633,0.033642857142857155,13.788056206088998,0.034142857142857155,13.992974238875883,41105.581,0.3858918816887663,-1202422.5800000015,0.8056721925734188,58.861461700671995,56.956521739130444,60.87853732612115,67.8899082568807,69.90109375430472,-32.11009174311929,True,True,False
1789257600000,0.244,0.244,0.216,0.221,28353.18,2026-09-13,-0.09426229508196715,-0.09900552377544898,0.09426229508196715,0.04911375813830474,0.9383170317332952,0.07134736604074629,1.3630895142827437,0.10028521518269316,1.915946345868605,0.08827307735487407,1.6864547748992105,0.2454,0.23984903412371536,0.2494,0.23954691337763914,0.2213,0.22878579478531444,0.20848,0.22511707026705102,0.2495,0.25699404843584944,-0.16287878787878796,-16.28787878787879,-0.05555555555555558,-5.55555555555556,0.15104166666666674,15.104166666666666,7.547169811320757,50.80213903743315,52.47813411078717,0.23741415283419176,0.22471581325687506,0.012698339577316697,0.012112603840814832,0.0005857357365018651,0.26503879479722403,0.2213,0.03500842003985317,0.2913168400797063,0.15128315992029367,0.6327775877063382,0.4978576582457986,0.0232857142857143,10.536522301228189,0.03121428571428573,14.124111182934717,0.03404761904761906,15.406162464986,40106.656,0.7069445031767295,-1230775.7600000014,0.8046182295111691,56.352087272283484,12.967200610221175,53.621211062774506,46.78899082568806,61.77370030581036,-53.21100917431194,False,True,False
1789344000000,0.221,0.226,0.195,0.211,31565.43,2026-09-14,-0.045248868778280604,-0.04630456804168639,0.045248868778280604,0.040739959736542854,0.7783358378986049,0.06979966836694108,1.333520791742393,0.0917202752010153,1.7523133972770806,0.0885050222857711,1.6908860765819695,0.23399999999999999,0.23023268941581024,0.24860000000000002,0.23435656549079567,0.2239,0.2270919095676654,0.20798000000000003,0.2245634596670076,0.24814999999999998,0.256083230419223,-0.21268656716417922,-21.268656716417915,-0.0365296803652968,-3.6529680365296837,0.32704402515723263,32.70440251572326,6.557377049180332,54.285714285714285,47.73413897280967,0.23335043701354688,0.22369982708969913,0.009650609923847753,0.011620205057421418,-0.0019695951335736653,-0.9334574092766187,0.2239,0.031933977944675104,0.2877679558893502,0.16003204411064978,0.5705042955725791,0.3990103893230201,0.024571428571428584,11.645226811103594,0.031214285714285726,14.79350033852404,0.03376190476190477,16.000902730760554,37981.202000000005,0.8310803328446529,-1262341.1900000013,0.8034163137888,52.88228367915109,-31.423290203327202,53.95809707345068,37.61467889908255,50.76452599388375,-62.38532110091746,False,True,False
1789430400000,0.211,0.215,0.185,0.195,49337.25,2026-09-15,-0.07582938388625582,-0.07885857491231958,0.07582938388625582,0.040250627443856275,0.7689871575733903,0.04645095870231372,0.887444319939499,0.0940789783710878,1.7973763580680246,0.08892279345741935,1.6988675836094067,0.22359999999999997,0.21848845961054017,0.2428,0.227200826310651,0.22565,0.22403553722788774,0.20694,0.22340410830482998,0.24663999999999997,0.2548736032064819,-0.21052631578947367,-21.052631578947363,-0.22924901185770752,-22.92490118577075,0.21875,21.875000000000004,0.0,51.35135135135135,47.59036144578314,0.22745036978069352,0.22157391397194362,0.005876455808749903,0.010471455207687117,-0.004594999398937214,-2.35640994817293,0.22565,0.029079337935025488,0.283808675870051,0.16749132412994902,0.5154768523824594,0.23649675184761795,0.02571428571428572,13.18681318681319,0.03221428571428573,16.52014652014653,0.033380952380952386,17.11843711843712,39236.1455,1.25744385365275,-1311678.4400000013,0.8015085276523173,49.62204391891133,-71.343481138319,52.40240595610611,22.935779816513755,35.77981651376144,-77.06422018348624,False,True,False
1789516800000,0.195,0.217,0.187,0.198,34031.48,2026-09-16,0.01538461538461533,0.01526747213078838,0.01538461538461533,0.04491580129290228,0.8581151788139928,0.04179367388008837,0.7984670183446783,0.08168432834325065,1.5605769017783497,0.08872768724007507,1.6951400845608575,0.2138,0.21165897307369344,0.23609999999999998,0.22189158516325988,0.22584999999999997,0.2215559622538032,0.20617999999999997,0.2224078687612456,0.24527000000000002,0.25374734004064786,-0.19838056680161942,-19.838056680161937,-0.25283018867924534,-25.28301886792453,0.020618556701030855,2.0618556701030943,5.454545454545453,51.87165775401069,50.62893081761006,0.2229195436605868,0.21982769812217,0.003091845538416793,0.008995533273833052,-0.005903687735416259,-2.981660472432454,0.22584999999999997,0.028863152616267304,0.2835763052325346,0.16812369476746536,0.511191545118748,0.25877548469615486,0.02671428571428572,13.492063492063494,0.032571428571428584,16.450216450216455,0.034285714285714294,17.31601731601732,38378.660500000005,0.886729228082361,-1277646.9600000014,0.8002046484726554,48.24851069617915,-68.56754921928038,57.19529934885693,13.829787234042563,24.793415316546273,-86.17021276595744,True,False,False
1789603200000,0.198,0.247,0.188,0.228,51966.53,2026-09-17,0.1515151515151516,0.1410785982599056,0.1515151515151516,0.0992561856256155,1.8962867637848246,0.07049492303400162,1.3468036135060601,0.08779175889869145,1.6772591987054293,0.09119274489804086,1.7422349449899952,0.21059999999999998,0.21710598204912898,0.2323,0.22300220604266718,0.22775000000000004,0.22216968013439337,0.20588,0.22262716802597968,0.24414000000000002,0.25323746811509334,-0.06557377049180324,-6.557377049180323,-0.1428571428571429,-14.285714285714288,0.19999999999999996,20.000000000000004,38.82352941176471,48.27586206896551,55.202312138728324,0.22370115232818882,0.2204330538168241,0.0032680985113647254,0.007850046321339387,-0.004581947809974661,-2.0096262324450267,0.22775000000000004,0.02760220242933402,0.2829544048586681,0.172545595141332,0.48478072323747995,0.5022643120656768,0.030000000000000002,13.157894736842104,0.03142857142857144,13.78446115288221,0.034714285714285725,15.22556390977444,38706.333999999995,1.3425846529407823,-1225680.4300000013,0.7982916469167675,44.889046104973545,-19.62209302325591,55.59053529398576,45.744680851063826,27.503415967206703,-54.255319148936174,True,False,False
1789689600000,0.228,0.296,0.219,0.257,64241.08,2026-09-18,0.1271929824561404,0.11973045594077908,0.1271929824561404,0.1014671556323639,1.9385272864534715,0.08338029268905622,1.5929782551099463,0.09110072981407405,1.7404769992791562,0.0928646510647859,1.7741766674560122,0.2178,0.23040398803275264,0.23160000000000003,0.22918362312581864,0.2306,0.22548685345492736,0.20608,0.22397512222381022,0.24334,0.2533119770785469,0.16289592760181004,16.289592760180994,-0.02651515151515149,-2.6515151515151536,0.2849999999999999,28.499999999999996,55.85585585585586,60.10638297872341,64.32748538011695,0.2288240519700059,0.22314171649705936,0.005682335472946554,0.00741650415166082,-0.0017341686787142666,-0.6747738049471854,0.2306,0.02752874096194602,0.28565748192389206,0.17554251807610796,0.47751502102248095,0.7397494316621097,0.03957142857142857,15.397443023902166,0.03507142857142858,13.646470261256258,0.037095238095238105,14.43394478413934,39963.938,1.6074762201863089,-1161439.3500000013,0.7960919309176981,44.127681863349146,76.39979068550504,63.658458002584496,64.86486486486488,41.47977764999041,-35.13513513513512,True,False,False
