timestamp,open,high,low,close,volume,date,return,log_return,abs_return,volatility_5,volatility_5_annualized,volatility_10,volatility_10_annualized,volatility_20,volatility_20_annualized,volatility_50,volatility_50_annualized,sma_5,ema_5,sma_10,ema_10,sma_20,ema_20,sma_50,ema_50,sma_100,ema_100,momentum_5,roc_5,momentum_10,roc_10,momentum_20,roc_20,rsi_6,rsi_14,rsi_24,ema_12,ema_26,macd,macd_signal,macd_hist,macd_hist_pct,bb_mid,bb_std,bb_upper,bb_lower,bb_width,bb_pct,atr_7,atr_7_pct,atr_14,atr_14_pct,atr_21,atr_21_pct,volume_sma,volume_ratio,obv,vwap,adx,cci,mfi,stoch_k,stoch_d,williams_r,higher_high,lower_low,inside_bar,github_stars,github_forks,github_commits_7d,github_devs,l2_bid_volume,l2_ask_volume,l2_imbalance,l2_num_bids,l2_num_asks,target_return,target_direction
1777248000000,0.005,0.02194,0.005,0.01812,4081869.09,2026-04-27,,,,,,,,,,,,,0.01812,,0.01812,,0.01812,,0.01812,,0.01812,,,,,,,,,,0.01812,0.01812,0.0,0.0,0.0,0.0,,,,,,,,,,,,,,,,0.01502,,,,,,,False,False,False,494,212,6,3,110.4382,20883.502699999997,-0.9894790405930884,2,2,0.0066225165562912025,1
1777334400000,0.01812,0.0228,0.01369,0.01824,4565199.88,2026-04-28,0.0066225165562912,0.0066006840313518,0.0066225165562912,,,,,,,,,,0.018192,,0.018186,,0.018183,,0.0181812,,0.0181805999999999,,,,,,,,,,0.018185,0.0181823076923076,2.692307692311185e-06,1.4957264957284365e-06,1.1965811965827492e-06,0.0065602039286334,,,,,,,,,,,,,,,4565199.88,0.0167217513099046,,,,,,,True,False,False,494,212,6,3,110.4382,20883.502699999997,-0.9894790405930884,2,2,0.10855263157894735,1
1777420800000,0.01824,0.02182,0.01489,0.02022,3508546.8,2026-04-29,0.1085526315789473,0.10305522894614,0.1085526315789473,,,,,,,,,,0.0191526315789473,,0.0190036544850498,,0.0189309741881765,,0.0188881615784562,,0.0188740408653044,,,,,,,,,,0.0189792609699769,0.018914430754066,6.483021591086394e-05,2.745248445275118e-05,3.737773145811275e-05,0.1848552495455625,,,,,,,,,,,,,,,8073746.68,0.0173726007780791,,,,,,,False,False,True,494,212,6,3,110.4382,20883.502699999997,-0.9894790405930884,2,2,0.08555885262116725,1
1777507200000,0.02022,0.02746,0.01762,0.02195,3567569.65,2026-04-30,0.0855588526211672,0.082094925928855,0.0855588526211672,,,,,,,,,,0.0203146153846153,,0.0199743440594059,,0.0198025202618453,,0.0197001486405437,,0.0196662525872412,,,,,,,,,,0.019917007183908,0.0197630432621293,0.0001539639217787,7.030866240871067e-05,8.365525937003296e-05,0.3811173547609702,,,,,,,,,,,,,,,11641316.33,0.0185004533174147,,,,,,,True,False,False,494,212,6,3,110.4382,20883.502699999997,-0.9894790405930884,2,2,-0.08382687927107069,0
1777593600000,0.02195,0.02289,0.01919,0.02011,3860832.46,2026-05-01,-0.0838268792710706,-0.0875499357366197,0.0838268792710706,,,,,,,,,0.019728,0.0202360663507109,,0.0200132871904472,,0.0198768969939092,,0.0197888049711013,,0.0197585871875653,,,,,,,,,,0.0199694426422884,0.0198435039606989,0.0001259386815895,8.685733541584772e-05,3.9081346173654914e-05,0.1943378725691442,,,,,,,,,,,,,,,7780483.87,0.0189399906103214,,,,,,,False,False,True,494,212,6,3,110.4382,20883.502699999997,-0.9894790405930884,2,2,-0.140228741919443,0
1777680000000,0.02011,0.02145,0.01628,0.01729,3781340.94,2026-05-02,-0.140228741919443,-0.1510889040893615,0.140228741919443,0.1069230037957285,2.042761119258932,,,,,,,0.019562,0.0191595338345864,,0.0193059554397961,,0.0193311798909304,,0.0193296035465506,,0.0193263129593509,-0.0458057395143488,-4.580573951434883,,,,,45.11189634864546,,,0.0193181971152587,0.0193320574833878,-1.3860368129170464e-05,5.955723795915749e-05,-7.341760608832796e-05,-0.4246246737323768,,,,,,,,,,,,,,,3999142.93,0.018842890922022,,,,,,,False,True,False,494,212,6,3,110.4382,20883.502699999997,-0.9894790405930884,2,2,0.1266628108733372,1
1777766400000,0.01729,0.02148,0.0155,0.01948,3660961.62,2026-05-03,0.1266628108733372,0.1192599985191899,0.1266628108733372,0.1224414187642417,2.3392400209438,,,,,,,0.01981,0.0192729966002914,,0.0193478931872671,,0.0193593180899883,,0.0193537510733154,,0.019349607295846,0.067982456140351,6.798245614035096,,,,,56.367041198501866,,,0.0193543028628836,0.0193583682930536,-4.065430170036022e-06,4.345603795399644e-05,-4.752146812403246e-05,-0.2439500417044787,,,,,,,0.0082385714285714,42.29246113229686,,,,,,,7660104.550000001,0.0188397901378381,,,,,,,True,True,False,494,212,6,3,110.4382,20883.502699999997,-0.9894790405930884,2,2,-0.09702258726899382,0
1777852800000,0.01948,0.02064,0.0165,0.01759,3755588.58,2026-05-04,-0.0970225872689938,-0.1020577394649222,0.0970225872689938,0.1194762148220805,2.2825898791717623,,,,,,,0.019284,0.018689219666931,,0.0189479640153973,,0.019053482567682,,0.0191012090265074,,0.0191139551204019,-0.1300692383778435,-13.006923837784356,,,,,47.38955823293173,,,0.0189861200487871,0.0190734403438371,-8.732029504998629e-05,1.2028025883652166e-05,-9.934832093363844e-05,-0.5648000053077796,,,,,,,0.00641,36.441159749857874,,,,,,,3904515.9700000007,0.0187670186160327,,,,,,,False,False,True,494,212,6,3,110.4382,20883.502699999997,-0.9894790405930884,2,2,0.35588402501421257,1
1777939200000,0.01759,0.0324,0.0165,0.02385,4913759.29,2026-05-05,0.3558840250142125,0.3044536585848834,0.3558840250142125,0.2083188131080329,3.979925336181564,,,,,,,0.0196639999999999,0.0204554227739815,,0.0200144755024904,,0.0198228674176525,,0.0197171266091095,,0.0196832523583902,0.0865603644646924,8.656036446469242,,,,,60.84877465630604,,,0.0199483686230901,0.0197814313443938,0.0001669372786963,4.781283179214579e-05,0.0001191244469041,0.4994735719252813,,,,,,,0.0073799999999999,30.943396226415093,,,,,,,8818275.260000002,0.0195217894884643,,,,,,,True,False,False,494,212,6,3,110.4382,20883.502699999997,-0.9894790405930884,2,2,0.2519916142557652,1
1778025600000,0.02385,0.03867,0.02381,0.02986,6922745.41,2026-05-06,0.2519916142557652,0.2247355747766941,0.2519916142557652,0.215531475045432,4.11772304901262,,,,,,,0.021614,0.0236456044808272,0.020671,0.0220825886207601,,0.0213343726144647,,0.0209234984207887,,0.0207949339622538,0.4848334162108405,48.48334162108405,,,,,68.82436934792956,,,0.0218266189169145,0.0211721757273043,0.0006544431896101,0.0001837332467873,0.0004707099428228,1.5763896276720153,,,,,,,0.0085128571428571,28.50923356616591,,,,,,,15741020.670000002,0.0213505230883489,,,,,,,True,False,False,494,212,6,3,110.4382,20883.502699999997,-0.9894790405930884,2,2,-0.08472873409243142,0
1778112000000,0.02986,0.033,0.02452,0.02733,3889014.76,2026-05-07,-0.0847287340924314,-0.0885347921710677,0.0847287340924314,0.2010437138073261,3.8409347591994254,0.1635014588792867,3.123690985887386,,,,,0.0236219999999999,0.0248881008458072,0.021592,0.0231545691627074,,0.0221899056236839,,0.0216292129965541,,0.0214502033771094,0.5806824754193176,58.06824754193175,0.5082781456953642,50.82781456953642,,,66.63594470046084,,,0.0228336049592287,0.0219708474862744,0.0008627574729542,0.0003322998675716,0.0005304576053826,1.9409352556992692,,,,,,,0.0083185714285714,30.4375098008468,,,,,,,11852005.910000002,0.0219302541603994,,,,,,,False,False,True,494,212,6,3,110.4382,20883.502699999997,-0.9894790405930884,2,2,0.004024881083058762,1
1778198400000,0.02733,0.034,0.02414,0.02744,4853597.43,2026-05-08,0.0040248810830587,0.0040168029177076,0.0040248810830587,0.2060073340477993,3.935764590742284,0.1635852758754937,3.1252923073514918,,,,,0.0252139999999999,0.0257453409437844,0.0225119999999999,0.0240107904007896,,0.0229051162926837,,0.0222269055430249,,0.022006069463636,0.408624229979466,40.8624229979466,0.5043859649122806,50.43859649122807,,,76.72459189046866,,,0.0236526068753298,0.0226428190468034,0.0010097878285263,0.0004777958688366,0.0005319919596896,1.9387462087814924,,,,,,,0.0091985714285714,33.52249062890463,,,,,,,16705603.340000002,0.0225536126354373,,,,,,,True,True,False,494,212,6,3,110.4382,20883.502699999997,-0.9894790405930884,2,2,0.07944606413994171,1
1778284800000,0.02744,0.03082,0.02481,0.02962,4098855.09,2026-05-09,0.0794460641399417,0.0764480059819682,0.0794460641399417,0.1803212444407157,3.4450325378400493,0.1627375629184783,3.1090967740479987,,,,,0.02762,0.0270435645353378,0.023452,0.0251117057676571,,0.023783853037847,,0.0229418512577607,,0.022664586804702,0.6839113132461625,68.39113132461625,0.4648862512363998,46.48862512363998,,,76.71232876712328,,,0.0246887730199523,0.0234601945369714,0.0012285784829808,0.0006366875544605,0.0005918909285203,1.9982813251868063,,,,,,,0.0093185714285714,31.46040320246937,,,,,,,20804458.43,0.0229869314313945,,,,,,,False,False,True,494,212,6,3,110.4382,20883.502699999997,-0.9894790405930884,2,2,0.19108710330857526,1
1778371200000,0.02962,0.03871,0.02903,0.03528,8783930.34,2026-05-10,0.1910871033085752,0.1748664222989378,0.1910871033085752,0.1364548856357738,2.606966929606765,0.1686305613915321,3.221682351793314,,,,,0.029906,0.0297984799515795,0.024785,0.0270789997592018,,0.0252365321122076,,0.0240701419883423,,0.0236874627918476,0.4792452830188678,47.92452830188679,0.6072892938496581,60.728929384965824,,,88.87912087912088,74.29218573046433,,0.0264921208157555,0.0247876993552147,0.0017044214605408,0.0008600582842656,0.0008443631762752,2.393319660644032,,,,,,,0.0098471428571428,27.91140265630062,0.0090428571428571,25.631681243926145,,,,,29588388.77,0.0245392142329876,,,70.67222832234197,89.82497775140907,,-10.17502224859093,True,False,False,494,212,6,3,110.4382,20883.502699999997,-0.9894790405930884,2,2,-0.240079365079365,0
1778457600000,0.03528,0.03561,0.02567,0.02681,8048361.29,2026-05-11,-0.240079365079365,-0.2745412788907225,0.240079365079365,0.1636720839253526,3.126950772815379,0.1894287220374711,3.61903065301381,,,,,0.029296,0.0288000398717838,0.025455,0.0270275550702298,,0.0254293575358392,,0.0243082575167539,,0.0239260237459618,-0.1021433355659745,-10.214333556597456,0.3331675783192442,33.31675783192442,,,55.929487179487175,59.92235670244348,,0.0265453710210182,0.0250064627478573,0.0015389082731608,0.0010007794685534,0.0005381288046074,2.007194347659104,,,,,,,0.0106757142857142,39.81989662705814,0.0085428571428571,31.864442905099377,,,,,21540027.48,0.0250762883312345,,,61.13660561400676,52.43804956035172,,-47.561950439648285,False,True,False,494,212,6,3,110.4382,20883.502699999997,-0.9894790405930884,2,2,-0.15516598284222305,0
1778544000000,0.02681,0.02876,0.02055,0.02265,7410113.93,2026-05-12,-0.155165982842223,-0.1686151003188249,0.155165982842223,0.1743872535102665,3.331663800295836,0.1911005368715439,3.650970630571575,,,,,0.02836,0.0267469008025255,0.0259909999999999,0.0261981900659689,,0.0250978073078056,,0.0241707020401105,,0.0238337579310546,-0.1712403951701426,-17.12403951701427,0.3100057836899943,31.00057836899942,,,34.400692340977926,54.61007735730713,,0.0259016302465282,0.0247599573865521,0.0011416728599761,0.0010297742781742,0.0001118985818019,0.4940334737392436,,,,,,,0.0095771428571428,42.283191422264274,0.0084785714285714,37.43298643960895,,,,,14129913.55,0.0249749835754548,,,53.49651175103118,32.5776658270361,58.280231046265634,-67.4223341729639,False,True,False,494,212,6,3,110.4382,20883.502699999997,-0.9894790405930884,2,2,-0.11788079470198665,0
1778630400000,0.02265,0.02451,0.01657,0.01998,5961930.4,2026-05-13,-0.1178807947019866,-0.1254280787086354,0.1178807947019866,0.1779509436370095,3.3997480045696458,0.1948447938977142,3.722504560615151,,,,,0.026868,0.0244889754995638,0.026041,0.0250290338439045,,0.0245016419015623,,0.0238376424242851,,0.0235690041306945,-0.2718658892128279,-27.18658892128279,0.0256673511293634,2.566735112936348,,,34.19354838709677,49.75267930750206,,0.0249340756315825,0.0242747499690745,0.0006593256625079,0.0009539777693975,-0.0002946521068896,-1.4747352697178333,,,,,,,0.0085885714285714,42.985842985842986,0.0085507142857142,42.7963677963678,,,,,8167983.15,0.0246533328553002,,,48.45226557350173,19.302024989228787,34.772580125538866,-80.69797501077122,False,True,False,494,212,6,3,110.4382,20883.502699999997,-0.9894790405930884,2,2,-0.0010010010010010895,0
1778716800000,0.01998,0.0229,0.0163,0.01996,4953152.53,2026-05-14,-0.001001001001001,-0.0010015023370896,0.001001001001001,0.1667743798161677,3.186220052588897,0.1908298134219822,3.6457984663299774,,,,,0.024936,0.0229782948135084,0.026278,0.0240818205076557,,0.0239836016423611,,0.023541390634414,,0.0233326235380361,-0.3261309925725861,-32.61309925725862,0.1347356452529844,13.473564525298448,,,33.85146804835924,47.87438581499679,,0.0241290309440437,0.0238484602792545,0.0002805706647892,0.0008168256352754,-0.0005362549704861,-2.6866481487283527,,,,,,,0.00832,41.68336673346694,0.0083192857142857,41.679788147724025,,,,,3214830.62,0.0243836764941512,,,43.84415580628573,19.21585523481257,23.698515350359155,-80.78414476518742,False,True,False,494,212,6,3,110.4382,20883.502699999997,-0.9894790405930884,2,2,-0.0991983967935871,0
1778803200000,0.01996,0.02385,0.01695,0.01798,6532669.92,2026-05-15,-0.0991983967935871,-0.1044702418398436,0.0991983967935871,0.0869168363314204,1.6605438265279138,0.1549305565353281,2.95994412652443,,,,,0.021476,0.0213114446379097,0.025691,0.0229473407702713,,0.0233114577046544,,0.0231317333367777,,0.0229973603208637,-0.4903628117913832,-49.03628117913833,-0.2461215932914046,-24.61215932914046,,,24.65156794425087,47.73162939297124,,0.023141722361812,0.0232826557923489,-0.0001409334305369,0.0006224729040718,-0.0007634063346088,-4.24586392997147,,,,,,,0.0078971428571428,43.92181789289688,0.0085478571428571,47.540918480851744,,,,,-3317839.3,0.0240615589647791,,,42.77491103444464,10.685049547608786,16.400976590550048,-89.31495045239122,True,False,False,494,212,6,3,110.4382,20883.502699999997,-0.9894790405930884,2,2,0.02725250278086766,1
1778889600000,0.01798,0.01939,0.01611,0.01847,4707711.14,2026-05-16,0.0272525027808676,0.0268877651676744,0.0272525027808676,0.0784443473715336,1.4986771522276667,0.1249509662736878,2.387184858792008,,,,,0.019808,0.0203640115049768,0.0245519999999999,0.0221182966626728,0.0226115,0.0227783367496063,,0.0227997798706565,,0.0227254351769262,-0.3110779559865722,-31.10779559865722,-0.3814467515070328,-38.144675150703286,,,2.754356379988764,51.32227700582698,,0.0223966202378989,0.0228287857712783,-0.0004321655333794,0.0004090850217986,-0.000841250555178,-4.55468627600475,0.0226115,0.0051015387513552,0.0328145775027104,0.0124084224972895,0.9024679921907374,0.2970465284175379,0.0075071428571428,40.645061489674376,0.0084128571428571,45.54876633923738,,,5092887.5275,0.9243697439968648,1389871.84,0.0237809406944824,,-70.8372475340535,42.443806604091314,12.79620853080569,14.232371104409015,-87.20379146919431,False,True,False,494,212,6,3,110.4382,20883.502699999997,-0.9894790405930884,2,2,0.1461829994585815,1
1778976000000,0.01847,0.02466,0.01812,0.02117,3827390.66,2026-05-17,0.1461829994585815,0.1364372909356252,0.1461829994585815,0.1065959007817512,2.0365118249515834,0.1364928361334116,2.607691972846096,0.1508579622139519,2.882137321263744,,,0.0195119999999999,0.0206327282105277,0.023936,0.0219432914872862,0.022764,0.0226038297354415,,0.0226873239827359,,0.0226356273775018,-0.0653421633554083,-6.534216335540834,-0.2253933406512989,-22.53933406512989,0.1683222958057395,16.832229580573955,26.539101497504163,51.87236871260803,,0.0222020825014327,0.0226754521450295,-0.0004733696435968,0.0002309510932239,-0.0007043207368207,-3.3269756108681623,0.022764,0.0050048790931292,0.0327737581862584,0.0127542418137415,0.8794375493110583,0.420377696926372,0.0070585714285714,33.34233079155139,0.0084528571428571,39.92847020716648,0.0083814285714285,39.59106552398946,5080163.606,0.7533990943676707,5217262.5,0.0236916969342928,,-28.19217819217817,42.80991258490795,22.389380530973455,15.290212869795978,-77.61061946902655,True,False,False,494,212,6,3,110.4382,20883.502699999997,-0.9894790405930884,2,2,0.25318847425602264,1
1779062400000,0.02117,0.03,0.0185,0.02653,5295249.84,2026-05-18,0.2531884742560226,0.2256910830028744,0.2531884742560226,0.1366997572675548,2.611645195563147,0.1611733178824509,3.0792119145962844,0.1596784408086274,3.050652328201648,,,0.020822,0.0225987482463831,0.023845,0.0227874507177253,0.0231784999999999,0.0230242490471177,,0.0229448021852167,,0.0228522625831985,0.3278278278278277,32.78278278278278,-0.0331632653061223,-3.316326530612236,0.4544956140350877,45.44956140350879,64.67473524962179,59.19753086419753,,0.0228852300596238,0.0230253311254128,-0.0001401010657889,0.0001561890146493,-0.0002962900804383,-1.116811460378358,0.0231784999999999,0.0049535072901616,0.0330855145803232,0.0132714854196767,0.8548451867310838,0.669147828179065,0.0072814285714285,27.446017985030423,0.0089785714285714,33.84308868666201,0.0081223809523809,30.61583472439107,5116666.104,1.0349023626654843,10512512.34,0.0237545976326208,,24.613459528896488,47.91385253857064,46.10619469026549,27.097261250681544,-53.89380530973451,True,False,False,494,212,6,3,110.4382,20883.502699999997,-0.9894790405930884,2,2,-0.07764794572182443,0
1779148800000,0.02653,0.031,0.022,0.02447,3246134.92,2026-05-19,-0.0776479457218244,-0.080828290695068,0.0776479457218244,0.149673247316048,2.859503374919807,0.161133177389039,3.0784450315464373,0.1603171431112099,3.062854718559004,,,0.021724,0.0232225544150385,0.02333,0.0230964270058484,0.023391,0.0231772498840541,,0.0230442347881826,,0.0229391411902941,0.2259519038076152,22.59519038076153,-0.1738690074274139,-17.386900742741396,0.2101879327398614,21.018793273986155,67.8033306899286,50.6981981981982,,0.023134384032498,0.023154310853739,-1.992682124099532e-05,0.0001207566919549,-0.0001406835131959,-0.5749224078297424,0.023391,0.0049108879034243,0.0332127758068487,0.0135692241931512,0.8397910142233143,0.554928967083916,0.0073942857142857,30.217759355479014,0.0084857142857142,34.67803140872206,0.0081171428571428,33.17181388288868,5103545.51,0.6360548590464122,7266377.42,0.0238133877878961,,32.98222604751562,47.004268327110765,36.991150442477874,35.16224188790561,-63.008849557522126,True,False,False,494,212,6,3,110.4382,20883.502699999997,-0.9894790405930884,2,2,0.1683694319574991,1
1779235200000,0.02447,0.03126,0.02373,0.02859,3756885.06,2026-05-20,0.1683694319574991,0.1556091288796402,0.1683694319574991,0.1294843381122124,2.473794806157249,0.1581576614061456,3.021597878512836,0.163111184215681,3.116234798908496,,,0.023846,0.0250118092308065,0.022661,0.0241034133731121,0.023723,0.023744067540221,,0.0233966269578301,,0.0232326627359857,0.5901001112347053,59.01001112347053,-0.189625850340136,-18.9625850340136,0.30250569476082,30.250569476082006,75.8228605625374,48.50623382733475,57.7728285077951,0.0239892215577711,0.0236323392565376,0.0003568823012335,0.0001682058862956,0.0001886764149379,0.6599384922627135,0.023723,0.0050313136298689,0.0337856272597379,0.013660372740262,0.8483435703526476,0.7418354508406365,0.0073357142857142,25.65832209064108,0.0079621428571428,27.84939789137061,0.0081457142857142,28.491480537650528,5113011.2805,0.7347695621810979,11023262.48,0.0239422419787569,,60.1989255890644,44.00376617465791,55.2212389380531,46.10619469026548,-44.7787610619469,True,False,False,494,212,6,3,110.4382,20883.502699999997,-0.9894790405930884,2,2,-0.06785589366911515,0
1779321600000,0.02859,0.0307,0.02444,0.02665,3214681.92,2026-05-21,-0.0678558936691151,-0.0702678557223669,0.0678558936691151,0.1489957517822237,2.8465598409202224,0.1384159775397292,2.644433537824645,0.1625867233637845,3.106214988401914,,,0.0254819999999999,0.0255578944466743,0.022645,0.0245695174879002,0.02405,0.0240455158197548,,0.0235984450347167,,0.0234046413358629,0.4428803465078506,44.28803465078506,-0.0059679224170086,-0.5967922417008595,0.3252113376429637,32.52113376429637,76.00479904019195,49.18893129770993,56.15528936354452,0.0244049554385668,0.0238940899732418,0.0005108654653249,0.0002369976901887,0.0002738677751362,1.0276464357832504,0.02405,0.0049965419620921,0.0340430839241842,0.0140569160758157,0.831025690160851,0.6300899712103762,0.0072871428571428,27.34387563655857,0.0078035714285714,29.28169391584026,0.007975238095238,29.925846511212367,5080703.753500001,0.632723747725985,7808580.56,0.0240303312553483,,45.74302991384383,44.52346939233999,46.63716814159292,46.283185840707965,-53.36283185840708,False,False,True,494,212,6,3,110.4382,20883.502699999997,-0.9894790405930884,2,2,-0.18461538461538463,0
1779408000000,0.02665,0.0307,0.02123,0.02173,4413966.91,2026-05-22,-0.1846153846153846,-0.2040953563435152,0.1846153846153846,0.1840495372244697,3.5162614714605107,0.1425168766965996,2.7227811062081595,0.1652585386665473,3.1572599480885306,,,0.025594,0.0242818959429454,0.022553,0.0240504274903036,0.024272,0.0238073385720631,,0.0234851245957538,,0.0233228606892461,0.0264525271610769,2.6452527161076897,-0.0406181015452539,-4.061810154525389,0.2567958357432041,25.67958357432041,57.72511848341232,43.89043441044298,52.35524362262114,0.0239880067524535,0.0237087253942311,0.0002792813582223,0.0002454800601857,3.380129803668092e-05,0.1555513025157888,0.024272,0.0047740654637982,0.0338201309275965,0.0147238690724034,0.7867609531638571,0.3668849422323607,0.0076542857142857,35.22450857931761,0.0077757142857142,35.78331470646244,0.00825,37.96594569719283,5112335.052,0.8633954670622007,3394613.6500000004,0.0240487093781867,,-2.972988605471671,37.80834451083628,24.86725663716814,42.24188790560472,-75.13274336283186,False,True,False,494,212,6,3,110.4382,20883.502699999997,-0.9894790405930884,2,2,0.2402208927749656,1
1779494400000,0.02173,0.02966,0.02159,0.02695,3371804.99,2026-05-23,0.2402208927749656,0.215289503086668,0.2402208927749656,0.1799578188288842,3.438089301275067,0.1529105234016172,2.9213514476931963,0.1708303126731698,3.263708541019668,,,0.025678,0.0251712796159574,0.02325,0.024579971298077,0.0246455,0.0241281515307209,,0.0236908582176224,,0.0234949935455885,0.0158311345646438,1.5831134564643807,0.3488488488488488,34.88488488488489,0.3834702258726898,38.347022587269,62.23539373412362,47.31766124171188,54.35148066727015,0.0244487633018522,0.0239831776090306,0.0004655856928215,0.0002896078812373,0.0001759778115842,0.6529788927058384,0.0246455,0.0046705161159633,0.0339865322319267,0.0153044677680732,0.7580314647239256,0.623353604975446,0.0083385714285714,30.940895838855027,0.0079228571428571,29.398356745295523,0.0083880952380952,31.1246576552699,5097877.2205,0.6614135343317064,6766418.640000001,0.024101461390718,35.55597318501592,18.21618941366066,43.19041163611042,47.96460176991151,39.82300884955753,-52.03539823008849,False,False,True,494,212,6,3,110.4382,20883.502699999997,-0.9894790405930884,2,2,0.07458256029684596,1
1779580800000,0.02695,0.02977,0.02611,0.02896,2832257.91,2026-05-24,0.0745825602968459,0.0719322701625094,0.0745825602968459,0.1729591841411712,3.3043805733078853,0.1524992644226885,2.913494355932974,0.1684272291291869,3.21779769437569,,,0.026576,0.0264342012297148,0.0241499999999999,0.0253792407560113,0.0252139999999999,0.024618048719376,,0.0239975405228688,,0.0237473665539423,0.1834899877400899,18.348998774009,0.4509018036072145,45.09018036072145,0.6463899943149516,64.63899943149515,55.994079921065605,43.14830875975716,54.51617059657261,0.025149316336071,0.0244001657685214,0.0007491505675495,0.0003816945400028,0.0003674560275466,1.268839874125239,0.0252139999999999,0.0044534533023025,0.034120906604605,0.0163070933953949,0.7065048468791215,0.7102862512369463,0.0079271428571428,27.37273086029992,0.0074928571428571,25.87312549329124,0.008277619047619,28.582938700342016,5051710.687000001,0.5606532292691447,9598676.55,0.0241912432685382,30.759217667645856,53.51375625340738,35.38430033202204,65.89743589743588,46.24309810150518,-34.10256410256412,True,False,False,494,212,6,3,110.4382,20883.502699999997,-0.9894790405930884,2,2,0.1474447513812156,1
1779667200000,0.02896,0.03895,0.02813,0.03323,4689429.14,2026-05-25,0.1474447513812156,0.1375375148489874,0.1474447513812156,0.1694805159359625,3.2379207105642376,0.1458382653876235,2.786236148052401,0.1535247309597459,2.933085866614846,,,0.027504,0.0286994852069834,0.025675,0.0268109024709771,0.025683,0.0254858694145115,,0.0245248884818391,,0.0241740186880049,0.1622945085694298,16.229450856942993,0.8481646273637378,84.81646273637377,0.3932914046121594,39.32914046121594,69.48398576512456,57.6574427480916,58.19590204897551,0.0264023611709209,0.0251328665170696,0.0012694946538513,0.0005595297494302,0.000709964904421,2.1365179188116024,0.025683,0.004783899642496,0.035250799284992,0.0161152007150079,0.7450686668217931,0.8943958153385462,0.00783,23.563045440866688,0.0075557142857142,22.737629508619577,0.0085957142857142,25.86733158505653,5040494.179500001,0.9303510673759324,14288105.69,0.0245088549501978,27.85199102606261,136.49484345629295,47.44994587204425,74.95621716287218,62.939418276739865,-25.043782837127832,True,False,False,494,212,6,3,110.4382,20883.502699999997,-0.9894790405930884,2,2,0.24285284381582906,1
1779753600000,0.03323,0.04803,0.03173,0.0413,4952636.82,2026-05-26,0.242852843815829,0.2174094176004841,0.242852843815829,0.1759885430278528,3.3622563935739995,0.154075048089281,2.943599660612105,0.1528343337492098,2.9198958464277758,,,0.030434,0.032899678709064,0.027958,0.0294516993282735,0.026255,0.0270706830045105,,0.0254662117380156,,0.0249256340212521,0.5497185741088182,54.97185741088181,1.2360584731997837,123.60584731997837,0.3831212324179505,38.31212324179505,74.04464623533863,70.34693432249618,64.07550709344589,0.0287096725033173,0.0264625748249567,0.0022470976783605,0.0008974616746771,0.0013496360036834,3.2678837861585057,0.026255,0.0058702098052705,0.0379954196105411,0.0145145803894588,0.8943378107439445,1.1407351908654038,0.0088728571428571,21.483915600138364,0.0081335714285714,19.693877551020407,0.0086147619047619,20.85898766286176,4941988.75,1.002154612351151,19240742.51,0.0250635909308015,28.73623550502301,225.6190592746705,59.62855036080694,78.91604010025063,73.2565643868529,-21.08395989974937,True,False,False,494,212,6,3,110.4382,20883.502699999997,-0.9894790405930884,2,2,-0.03438256658595651,0
1779840000000,0.0413,0.051,0.03767,0.03988,7043636.5,2026-05-27,-0.0343825665859565,-0.0349875548733495,0.0343825665859565,0.1174687177892193,2.2442367022109746,0.1578498005680645,3.015716205459804,0.1512985009131116,2.890553801293537,,,0.034064,0.0352264605623016,0.029829,0.0313515302351045,0.0268824999999999,0.0283480119226171,,0.0262615902702922,,0.0255665070196689,0.8352508053382421,83.52508053382421,0.8837978271138403,88.37978271138401,0.4592023417489936,45.92023417489937,75.53068313392511,72.31942575145804,62.06814955040227,0.0304379239164002,0.0275571793549483,0.0028807445614518,0.0012945114711045,0.0015862330903473,3.9775152716834072,0.0268824999999999,0.0066147274877232,0.0401119549754465,0.0136530450245534,0.9842429071289188,0.9912333888328326,0.0097014285714285,24.32655108181688,0.0085185714285714,21.360510101733777,0.0085419047619047,21.41901896164685,5099719.836999999,1.3811810697709903,12197106.010000002,0.025907223660151,31.86892098219628,215.97248669921177,70.81961291885102,68.12840355402695,74.00022027238326,-31.87159644597305,True,False,False,494,212,6,3,110.4382,20883.502699999997,-0.9894790405930884,2,2,0.14418254764292882,1
1779926400000,0.03988,0.04721,0.0323,0.04563,4062272.53,2026-05-28,0.1441825476429288,0.1346904498456736,0.1441825476429288,0.1027123809727387,1.9623172831775948,0.1477087749497354,2.821972183059274,0.1532728436856505,2.9282735670002444,,,0.0378,0.038694315079397,0.031739,0.0339518444767558,0.027792,0.0300636627365212,,0.0273135775180659,,0.0264069577682702,0.6931354359925785,69.31354359925787,0.7199396909159439,71.9939690915944,0.6629008746355685,66.29008746355684,94.68960359012712,75.51182667461737,65.8633174926454,0.0327863648505384,0.0290205894130157,0.0037657754375226,0.0017891561622879,0.0019766192752347,4.331841497336645,0.027792,0.0078336383964487,0.0434592767928974,0.0121247232071025,1.127466666155544,1.0692757023379655,0.0109371428571428,23.96919319996243,0.0091121428571428,19.969631508093048,0.0088480952380952,19.390960416601445,5060153.592,0.8027962899036049,16259378.54,0.0263280875860581,34.1933579944587,165.93911844404894,68.00684183907337,84.60877042132417,77.21773802520057,-15.39122957867584,False,True,False,494,212,6,3,110.4382,20883.502699999997,-0.9894790405930884,2,2,0.06618452772298933,1
1780012800000,0.04563,0.0547,0.03801,0.04865,4771285.66,2026-05-29,0.0661845277229893,0.0640864136927029,0.0661845277229893,0.1036020437082895,1.9793142658746812,0.1389862017010306,2.6553276551297857,0.1531074616218792,2.9251139471083443,,,0.041738,0.0420128818474917,0.034157,0.0366277969852791,0.0287434999999999,0.0319013846799941,,0.0284552190368231,,0.0273185734820579,0.679903314917127,67.99033149171271,0.9881487535758072,98.81487535758072,0.6424713031735314,64.24713031735313,94.21352893235532,79.86368062317428,64.56424712238666,0.0352368113015993,0.0305991508505686,0.0046376604510307,0.0023592183398673,0.0022784421111634,4.6833342469957415,0.0287434999999999,0.0091178236524893,0.0469791473049787,0.0105078526950212,1.2688536402998063,1.0458128156099256,0.0119685714285714,24.60138012039348,0.0098114285714285,20.1673763030392,0.0091733333333333,18.855772524837278,5093775.1205,0.9366894978928036,21030664.200000003,0.0269586142444265,36.8046350381884,181.17512118612825,76.35650935462019,84.3223633065561,79.01984576063573,-15.677636693443898,True,False,False,494,212,6,3,110.4382,20883.502699999997,-0.9894790405930884,2,2,0.01747173689619741,1
1780099200000,0.04865,0.06,0.04714,0.0495,4563112.92,2026-05-30,0.0174717368961974,0.0173208609426306,0.0174717368961974,0.1090421944302963,2.083248199484093,0.1364579967504771,2.607026367369714,0.1487217077901456,2.841324237802925,,,0.044992,0.0445085904692626,0.036248,0.0389707482210356,0.0294545,0.0336351404270899,,0.0295653903099275,,0.0282088067056318,0.4896178152272044,48.96178152272043,0.7313746065057714,73.13746065057713,0.403061224489796,40.3061224489796,93.92643284858852,80.00386772384451,62.278069517379336,0.0374386653931674,0.0321095406346589,0.0053291247585084,0.0029535009606839,0.0023756237978245,4.799239995605163,0.0294545,0.0101503318457549,0.0497551636915099,0.00915383630849,1.378442254426992,0.9937153854822828,0.0126528571428571,25.561327561327555,0.0104957142857142,21.2034632034632,0.0094995238095238,19.190957190957192,4882734.2495,0.9345405026839768,25593777.120000005,0.0276704190948598,39.41443318224939,189.07775159878835,82.23733490730768,74.92836676217766,81.28650016335264,-25.07163323782234,True,False,False,494,212,6,3,110.4382,20883.502699999997,-0.9894790405930884,2,2,0.06464646464646462,1
1780185600000,0.0495,0.058,0.03925,0.0527,3375502.82,2026-05-31,0.0646464646464646,0.062642785972672,0.0646464646464646,0.0661668058886744,1.2641150515483048,0.1283591036178343,2.4522972313270848,0.1348253850147224,2.575835363953676,,,0.0472719999999999,0.0472390621880246,0.038853,0.0414692012528535,0.030749,0.0355072079903063,,0.0307695056598588,,0.029172153555581,0.2760290556900724,27.60290556900725,0.9774859287054408,97.74859287054409,0.9656844461022004,96.56844461022006,93.63514119229043,80.19536487262975,65.72845629262244,0.0397933654261408,0.0337454004794277,0.0060479649467131,0.0035726449125144,0.0024753200341986,4.697001962426304,0.030749,0.0113726374758845,0.0534942749517691,0.0080037250482308,1.4794155876138524,0.9825397812632862,0.0148085714285714,28.09975603144484,0.0113678571428571,21.570886419083767,0.0099314285714285,18.845215505557064,4649091.326,0.726056466372801,28969279.940000005,0.0281261308542517,39.45127441851258,138.81892978836413,75.09204691620886,82.40963855421687,80.5534562076502,-17.590361445783138,False,True,False,494,212,6,3,110.4382,20883.502699999997,-0.9894790405930884,2,2,-0.02599620493358623,0
1780272000000,0.0527,0.054,0.043,0.05133,2851096.66,2026-06-01,-0.0259962049335862,-0.0263400789751047,0.0259962049335862,0.0634939826099833,1.2130508345086193,0.0986923860139624,1.8855153873283743,0.1277545014858381,2.440746323814025,,,0.0495619999999999,0.048602708749683,0.041813,0.0432633813065296,0.032183,0.0370563416772994,,0.0318260842918869,,0.030027021900392,0.2871113340020061,28.711133400200605,1.3621721122871606,136.21721122871605,1.266225165562914,126.6225165562914,82.12684176809736,75.71547075902114,64.5830789891344,0.041572581436402,0.0351349855857754,0.0064375958506265,0.0041458211064463,0.0022917747441802,4.464786176076773,0.032183,0.0120836065982409,0.0563502131964819,0.008015786803518,1.5018620511749632,0.8961358689628988,0.0148342857142857,28.89983579638752,0.0113321428571428,22.07703654226156,0.0099819047619047,19.446531778501388,4421140.4625,0.6448780997081927,26118183.280000005,0.028487631940665,38.63877508997973,115.12710892277288,68.64384162192562,77.63734846530824,78.32511792723426,-22.362651534691764,False,False,True,494,212,6,3,110.4382,20883.502699999997,-0.9894790405930884,2,2,-0.0847457627118644,0
1780358400000,0.05133,0.05551,0.04246,0.04698,2601141.96,2026-06-02,-0.0847457627118644,-0.088553397341445,0.0847457627118644,0.0641098734541694,1.22481741256524,0.0985953337921025,1.883661207233212,0.1256715883185415,2.400952323627921,,,0.049832,0.0480618056680236,0.043816,0.043939533329555,0.033533,0.0380253350632672,,0.0325954597905123,,0.0306690259441153,0.0295857988165682,2.9585798816568136,0.7432282003710575,74.32282003710574,1.351351351351351,135.13513513513513,69.1477885652643,72.2827162938032,60.323501427212186,0.0424062162382914,0.0360664029675188,0.0063398132707726,0.0045847334874804,0.0017550797832921,3.7358020078590015,0.033533,0.0121565347815377,0.0578460695630754,0.0092199304369245,1.4500980862479027,0.7765385087455622,0.0143699999999999,30.587484035759893,0.0116214285714285,24.736970139268987,0.0102123809523809,21.73772020515316,4253101.0405,0.6115871537569223,23517041.320000004,0.0287897421196616,38.841031871766646,94.93592771812452,63.51614541948088,66.41733298942482,75.48810666964998,-33.58266701057518,True,True,False,494,212,6,3,110.4382,20883.502699999997,-0.9894790405930884,2,2,0.08961260110685387,1
1780444800000,0.04698,0.0573,0.04691,0.05119,3208845.35,2026-06-03,0.0896126011068538,0.085822221238725,0.0896126011068538,0.0700509896934488,1.3383222789435143,0.0989355723225979,1.890161455231272,0.1253365675661876,2.394551761141286,,,0.05034,0.0491045373241958,0.046039,0.0452584434375956,0.0350945,0.039307709546489,,0.0335287343014107,,0.0314323572432908,0.0522096608427544,5.220966084275438,0.767610497237569,76.7610497237569,1.564629258517034,156.46292585170343,66.35294117647061,72.33201581027669,59.62725402396224,0.0437599367968782,0.0372502296372141,0.0065097071596641,0.0049698081988057,0.0015398989608584,3.0082026975159284,0.0350945,0.0123258886623151,0.0597462773246303,0.0104427226753696,1.4048798144797794,0.826457191869864,0.0139499999999999,27.251416292244578,0.0118257142857142,23.101610247537185,0.0103290476190476,20.17786211964762,4165885.6815,0.7702672601530915,26725886.67000001,0.0292142473872428,39.970622236050886,103.06580361464556,64.51128682122749,77.27624451895795,73.77697532456367,-22.72375548104204,True,False,False,494,212,6,3,110.4382,20883.502699999997,-0.9894790405930884,2,2,-0.2906817737839421,0
1780531200000,0.05119,0.05152,0.0337,0.03631,7928074.74,2026-06-04,-0.2906817737839421,-0.3434510150432474,0.2906817737839421,0.1519416408253136,2.902840972063635,0.1439982593639988,2.751082882330055,0.1437303213521681,2.7459639338015887,,,0.047702,0.0448396909709094,0.046347,0.0436308040389116,0.036011,0.0390163345789652,,0.03366681277684,,0.0316106916814651,-0.2664646464646464,-26.646464646464647,0.0926873307252482,9.268733072524824,1.0194660734149057,101.94660734149056,28.620928620928623,57.60151085930124,55.33468104222822,0.0426120928390214,0.0371769394946641,0.0054351533443573,0.0050628926942307,0.0003722606501266,1.0252290006241285,0.036011,0.011649248857646,0.0593094977152921,0.0127125022847078,1.293965605803345,0.506416722735813,0.0143657142857142,39.56407129086831,0.0126514285714285,34.842821733485465,0.0108633333333333,29.918296153493063,4235655.9225,1.8717466397319245,18797811.930000007,0.0297066702177505,39.14745381335048,28.477743196099617,58.461417129796565,38.896053649729176,60.86321038603731,-61.10394635027082,False,True,False,494,212,6,3,110.4382,20883.502699999997,-0.9894790405930884,2,2,-0.027816028642247415,0
1780617600000,0.03631,0.03962,0.02972,0.0353,6575044.48,2026-06-05,-0.0278160286422474,-0.0282102214869934,0.0278160286422474,0.1397214796707175,2.6693751210164853,0.1207976513710387,2.307835888991468,0.1446292633178895,2.763138195942167,,,0.044222,0.0416597936930235,0.045747,0.0421156175620149,0.0368524999999999,0.0386558168464927,,0.0337470568837001,,0.0317433553151843,-0.3301707779886148,-33.01707779886148,-0.1452784503631962,-14.527845036319626,0.9112073632918244,91.12073632918244,25.53411440385939,61.37850075465369,57.36407032250552,0.0414857440919073,0.0370311983380443,0.004454545753863,0.0049412071313715,-0.0004866613775084,-1.378644128919213,0.0368524999999999,0.0108991824295026,0.0586508648590052,0.0150541351409947,1.1830060299304117,0.4643895308193579,0.0133957142857142,37.9481991096722,0.0126821428571428,35.92675030352084,0.0110061904761904,31.17900984756509,4329022.589500001,1.518828868194798,12222767.450000009,0.0298871796527038,39.13317214762312,-14.468015360119894,55.75315302776876,35.69382973184066,50.62204263350926,-64.30617026815933,False,True,False,494,212,6,3,110.4382,20883.502699999997,-0.9894790405930884,2,2,0.06175637393767719,1
1780704000000,0.0353,0.04006,0.0302,0.03748,3570425.6,2026-06-06,0.0617563739376771,0.0599244934309704,0.0617563739376771,0.1513337169382051,2.8912266025082625,0.1222945476459496,2.336434052168713,0.1426799226795453,2.7258960953385536,,,0.041452,0.0402665290446799,0.045507,0.0412725527350737,0.0376679999999999,0.038541953718992,,0.0339286680464604,,0.0319463590794243,-0.2698227157607636,-26.98227157607637,-0.0601805416248746,-6.018054162487461,0.7704298535663674,77.04298535663673,22.82142857142857,59.30376391588621,60.24590163934426,0.0408688216564265,0.0370659229097097,0.0038028987467167,0.0047135212427239,-0.0009106224960071,-2.429622454661627,0.0376679999999999,0.0102551746116674,0.0581783492233349,0.017157650776665,1.0890065426003483,0.4954169478551319,0.0129671428571428,34.59749961884434,0.01281,34.178228388473855,0.0113195238095238,30.20150429435381,4316174.3365,0.8272199688058175,15793193.050000006,0.0299992367701453,39.16016217087991,-13.363771838041815,56.42625072770205,33.54971968132192,36.04653435429725,-66.45028031867808,True,False,False,494,212,6,3,110.4382,20883.502699999997,-0.9894790405930884,2,2,0.23772678762006416,1
1780790400000,0.03748,0.04796,0.03687,0.04639,4275365.69,2026-06-07,0.2377267876200641,0.2132764613934309,0.2377267876200641,0.1953401547383832,3.7319684161878506,0.137105212381406,2.6193914046367563,0.1414943434292139,2.703245635564678,,,0.0413339999999999,0.04230768611183,0.045583,0.0422032011519688,0.038661,0.0393007250988782,,0.034529256761192,,0.0324496353487508,-0.0125585355470413,-1.2558535547041298,0.0166557089634014,1.6655708963401354,0.7485865058424424,74.85865058424424,43.05008441193022,63.7265711135612,64.01527203308942,0.0417189964557556,0.037784971912887,0.0039340245428686,0.0045576086391754,-0.0006235840963068,-1.3442209448304452,0.038661,0.0100799456452168,0.0588208912904336,0.0185011087095663,1.0429058374296418,0.6916925019250371,0.0118728571428571,25.593570042804785,0.0133407142857142,28.757737197056016,0.0115361904761904,24.8678389225921,4265180.129,1.002388072881318,20068558.74000001,0.0302985316162552,39.6619931386245,41.050325428173984,58.11510169624808,57.29526200188266,42.17960380501509,-42.70473799811735,True,False,False,494,212,6,3,110.4382,20883.502699999997,-0.9894790405930884,2,2,-0.11791334339297266,0
1780876800000,0.04639,0.049,0.0399,0.04092,2903647.25,2026-06-08,-0.1179133433929726,-0.1254649776802266,0.1179133433929726,0.1973266342318115,3.769920053621577,0.1411448718602288,2.696568990613953,0.1434996915483923,2.7415577575872017,,,0.0392799999999999,0.0418451240621583,0.04481,0.0419698501116357,0.0394835,0.0394570553334819,,0.0348345247722732,,0.0327404041428576,-0.200625122094159,-20.062512209415903,-0.1588900308324768,-15.88900308324769,0.6722517368205967,67.22517368205968,41.734860883797054,55.94373164322151,61.730415217835954,0.0415959805379181,0.0380260037200817,0.0035699768178363,0.0043600688310449,-0.0007900920132086,-1.9308211466486127,0.0394835,0.0095164380084368,0.0585163760168736,0.0204506239831263,0.9640926471500054,0.5377373340404905,0.0116014285714285,28.351487222454967,0.0132178571428571,32.301703672671415,0.0114219047619047,27.912768235348885,4248055.7455,0.6835238104104112,17164911.490000006,0.0304876710987986,38.65795338515468,32.612307568908506,53.02935946263977,36.98811096433289,42.61103088251249,-63.01188903566711,True,False,False,494,212,6,3,110.4382,20883.502699999997,-0.9894790405930884,2,2,-0.11119257086999024,0
1780963200000,0.04092,0.04449,0.03431,0.03637,4584269.57,2026-06-09,-0.1111925708699902,-0.117874682084528,0.1111925708699902,0.1474844564892016,2.817686584888222,0.1444321516510112,2.7593723828340666,0.1435483616867444,2.74248759927482,,,0.039292,0.0400200826755025,0.0434969999999999,0.04095154651731,0.0398725,0.0391594091549599,,0.0349072482517741,,0.0328632161598122,0.0016524373450839,0.1652437345083931,-0.2652525252525253,-26.52525252525253,0.2721231199720182,27.212311997201816,29.97297297297297,45.97024685303253,58.78829536527887,0.0407914667539441,0.0378990411109541,0.0028924256429899,0.0040665242113446,-0.0011740985683547,-3.228206126903273,0.0398725,0.0092015112460142,0.0582755224920284,0.0214694775079715,0.9230934850851296,0.4048390012695696,0.0111914285714285,30.771043638791785,0.0127807142857142,35.140814643151735,0.0114780952380952,31.55923903793027,4289424.971,1.0687375582958998,12580641.920000006,0.0306654502923779,35.35956473992445,-15.109697338260736,46.10451607071129,21.961690885072656,38.74835461709607,-78.03830911492734,False,True,False,494,212,6,3,110.4382,20883.502699999997,-0.9894790405930884,2,2,-0.05389056915039858,0
1781049600000,0.03637,0.04513,0.0324,0.03441,3875963.8,2026-06-10,-0.0538905691503985,-0.0553970391895085,0.0538905691503985,0.1495368273812331,2.856897075724696,0.1415058403619074,2.703465284155378,0.1431212194387794,2.7343270580857344,,,0.0391139999999999,0.0381500550947306,0.041668,0.0397620319898531,0.0402605,0.038702022412797,,0.0348838877886027,,0.0329148292158673,-0.0252124645892349,-2.521246458923499,-0.3470588235294116,-34.70588235294117,0.2911819887429645,29.118198874296446,46.05481727574752,45.567979257818834,56.54797230464887,0.0398091687338637,0.0376322351563933,0.0021769335774703,0.0036885896231968,-0.0015116560457264,-4.393071914346054,0.0402605,0.0087680097213497,0.0577965194426995,0.0227244805573004,0.8711277526458696,0.3331862022873258,0.0115257142857142,33.49524639847222,0.0127378571428571,37.017893469506376,0.0117257142857142,34.076472786150205,4322489.065,0.8966971903721866,8704678.120000005,0.0307895399518866,31.226104551591984,-32.56985779896418,37.09682419176548,15.488771466314413,24.812857771906653,-84.5112285336856,True,True,False,494,212,6,3,110.4382,20883.502699999997,-0.9894790405930884,2,2,0.11827956989247301,1
1781136000000,0.03441,0.03897,0.0338,0.03848,2681412.25,2026-06-11,0.118279569892473,0.1117914059881166,0.118279569892473,0.1570107732554113,2.9996866111588565,0.149358665526145,2.8534932982625105,0.1358626721087866,2.5956527060600725,,,0.039314,0.0382600367306936,0.040383,0.0395289124257642,0.041098,0.0386806635479581,,0.0350515297251245,,0.0330980422683171,0.0266808964781217,2.668089647812169,-0.2503409312293005,-25.034093122930063,0.7708237459733089,77.08237459733088,55.85851142225498,44.04464434449442,55.98637411081054,0.0396045871479963,0.0376969085525662,0.00190767859543,0.0033323950060725,-0.0014247164106424,-3.702485474642596,0.041098,0.00763111539064,0.05636023078128,0.0258357692187199,0.7427237715353552,0.4142327213656366,0.0097185714285714,25.25616275616277,0.0120421428571428,31.29455004455005,0.0116738095238095,30.337342837342835,4235861.332,0.6330264472406482,11386090.370000005,0.0308697772547977,28.04602611232702,-45.68249313935568,38.14579042352,28.92998678996037,22.126816380449142,-71.07001321003963,False,False,True,494,212,6,3,110.4382,20883.502699999997,-0.9894790405930884,2,2,-0.04729729729729737,0
1781222400000,0.03848,0.04003,0.03515,0.03666,2456982.13,2026-06-12,-0.0472972972972973,-0.0484523833859468,0.0472972972972973,0.095405219561021,1.8227141604246728,0.1479589627091619,2.826752013491717,0.128332628110475,2.4517914174692024,,,0.037368,0.0377266911509727,0.039351,0.0390072501698071,0.0415835,0.0384864599802422,,0.0351259617311876,,0.0332137882833232,-0.2097434791981031,-20.97434791981031,-0.2196679438058748,-21.96679438058749,0.3602968460111315,36.02968460111315,48.4690067214339,39.80962094169641,56.12132168323792,0.039151397381161,0.0376179806172013,0.0015334167639596,0.0029725893277315,-0.0014391725637718,-3.925729852078209,0.0415835,0.00696328814872,0.05551007629744,0.0276569237025599,0.6698126082431767,0.3232336543151304,0.0090014285714285,24.5538149793469,0.0111985714285714,30.547112462006083,0.011455238095238,31.24723975787805,4190120.189,0.5863750964590767,8929108.240000006,0.0309437942617958,25.461735246073268,-55.0045684857547,34.628467976100225,22.91941875825627,22.446059004843686,-77.08058124174373,True,False,False,494,212,6,3,110.4382,20883.502699999997,-0.9894790405930884,2,2,0.18930714675395532,1
1781308800000,0.03666,0.04678,0.03309,0.0436,4563247.88,2026-06-13,0.1893071467539553,0.1733709079434297,0.1893071467539553,0.1279838084808076,2.445127227801652,0.1586958148559981,3.031879285736056,0.1332056265590947,2.5448899221096704,,,0.037904,0.0396844607742236,0.038592,0.0398423503618906,0.0423155,0.0389774886775451,,0.0355153492649411,,0.0335470585867661,0.0654936461388073,6.549364613880748,-0.1482711467083415,-14.827114670834144,0.5055248618784531,50.5524861878453,44.37726723095526,45.45594577942083,57.32981736497704,0.0398360232190171,0.0380723940074796,0.0017636292115375,0.0027307919122301,-0.0009671627006926,-2.218263074983099,0.0423155,0.0063047905553926,0.0549250811107852,0.0297059188892147,0.5959793036020014,0.5509334921086847,0.0095485714285714,21.900393184796854,0.0112578571428571,25.82077326343381,0.0117228571428571,26.887287024901703,4276669.6875,1.0670096625272747,13492356.120000005,0.0311582132726984,22.19182955171286,-16.519837900109753,33.18989645699665,49.080622347949074,33.64334263205524,-50.919377652050926,True,True,False,494,212,6,3,110.4382,20883.502699999997,-0.9894790405930884,2,2,-0.06536697247706413,0
1781395200000,0.0436,0.04367,0.039,0.04075,1957688.88,2026-06-14,-0.0653669724770641,-0.0676013106681168,0.0653669724770641,0.1175407623179424,2.245613110999602,0.1261567058677174,2.4102204813914283,0.1317614788914472,2.5172995196591863,,,0.0387799999999999,0.0400396405169846,0.039036,0.0400073864244655,0.0426915,0.0391475605655749,,0.0357542756885932,,0.0337753797616632,0.1204289249381358,12.042892493813588,0.1222803635362159,12.22803635362159,0.226301534757749,22.630153475774897,49.61694456962597,40.74647669196222,56.82478218780252,0.0399766742201111,0.0382754100271428,0.0017012641929683,0.0025248826948346,-0.0008236185018662,-2.021149697831377,0.0426915,0.0059486144118653,0.0545887288237307,0.0307942711762692,0.5573582012218221,0.4184053686465453,0.0086314285714285,21.18141980718668,0.0102521428571428,25.15863277826468,0.0117709523809523,28.88577271399357,4140082.6745,0.4728622672339342,11534667.240000006,0.0312473176541245,19.82636964641232,-23.871792746009824,34.51764003834002,39.9927483683829,37.33092982486275,-60.00725163161711,False,False,True,494,212,6,3,110.4382,20883.502699999997,-0.9894790405930884,2,2,-0.06748466257668717,0
1781481600000,0.04075,0.04889,0.03765,0.038,2970003.39,2026-06-15,-0.0674846625766871,-0.069869679960486,0.0674846625766871,0.1200450225940088,2.293456936395924,0.1283741474350035,2.4525846430505447,0.1218690646724584,2.328305211373941,,,0.039498,0.0393597603435901,0.0393059999999999,0.0396423910502808,0.0425264999999999,0.0390375307956385,0.0316468,0.0358561231935735,,0.0339077187945233,0.104330136588201,10.433013658820098,0.076487252124646,7.648725212464592,-0.0799031476997579,-7.990314769975797,53.99705738106915,39.89385898407884,58.04410165133986,0.0396724987821136,0.0382545648393789,0.0014179339427347,0.0023034897845894,-0.0008855558418547,-2.330410110144012,0.0425264999999999,0.0060343911522992,0.0545952823045984,0.0304577176954015,0.5675887883836392,0.3124707246448832,0.0089371428571428,23.518796992481203,0.0102692857142857,27.02443609022557,0.0117909523809523,31.02882205513785,4040951.003,0.7349763428943016,8564663.850000005,0.0313844891686329,17.3650104401768,-19.346883778870925,40.43535543334016,30.021754894851345,39.69837520372777,-69.97824510514866,True,True,False,494,212,6,3,110.4382,20883.502699999997,-0.9894790405930884,2,2,-0.020263157894736872,0
1781568000000,0.038,0.04168,0.03646,0.03723,2562830.8,2026-06-16,-0.0202631578947368,-0.0204712718417602,0.0202631578947368,0.1087280811606813,2.0772470738943287,0.1276297790305226,2.4383635046509604,0.1216811344718564,2.324714809932752,0.1409913017541109,2.6936350378561595,0.0392479999999999,0.0386498402283178,0.0392809999999999,0.0392037587398408,0.042394,0.0388643335508059,0.032029,0.0359180509054635,,0.0340106058207666,-0.0324844074844075,-3.248440748440752,-0.0066702241195304,-0.6670224119530422,-0.0664493480441323,-6.644934804413238,57.34374999999999,42.183742183742176,55.31650806785272,0.0392966547624779,0.0381771426889012,0.0011195120735767,0.0020666915386288,-0.0009471794650521,-2.544129640215276,0.042394,0.006123988552363,0.054641977104726,0.0301460228952739,0.5778165355817348,0.2891896777792225,0.0082285714285714,22.101991481524124,0.00971,26.081117378458234,0.0112633333333333,30.253379890769093,3816910.718,0.6714411180523715,6001833.050000005,0.0314651011199067,14.95452748732238,-60.29186431882831,40.94318388402439,27.229876722262507,32.41479332849892,-72.77012327773748,False,True,False,494,212,6,3,110.4382,20883.502699999997,-0.9894790405930884,2,2,0.0115498254096158,1
1781654400000,0.03723,0.04296,0.0357,0.03766,3388995.18,2026-06-17,0.0115498254096158,0.0114836353443807,0.0115498254096158,0.1057737532255152,2.0208047179441797,0.0988311182325726,1.8881658626433688,0.117159313152927,2.238325534934531,0.1409805893316313,2.6934303773120507,0.039448,0.0383198934853152,0.038408,0.0389230670832349,0.0419955,0.038749001636644,0.0324174,0.035996112135852,,0.0341223750342744,0.0272776868521549,2.7277686852154965,-0.1881871092907955,-18.818710929079547,-0.1746657900504054,-17.46657900504054,47.36503856041131,38.453661034306194,54.57413249211356,0.0390448192129542,0.0381381225538369,0.0009066966591173,0.0018346904435392,-0.0009279937844218,-2.4641364429682437,0.0419955,0.0061615296075944,0.0543185592151888,0.0296724407848111,0.5868752230686077,0.3240899469728972,0.0074471428571428,19.77467566952432,0.0094864285714285,25.18966694484486,0.0109742857142857,29.140429405963133,3783246.8505,0.8957901278770919,9390828.230000006,0.0315736217722929,12.49246800851067,-52.13179681721665,39.975443160525565,36.42201834862384,31.22454998857923,-63.57798165137616,True,True,False,494,212,6,3,110.4382,20883.502699999997,-0.9894790405930884,2,2,-0.10435475305363773,0
1781740800000,0.03766,0.03964,0.03303,0.03373,2834370.91,2026-06-18,-0.1043547530536377,-0.1102108741554473,0.1043547530536377,0.045181930841854,0.8631995767076692,0.0973662862103874,1.8601802861543093,0.118076285916941,2.255844274992804,0.1415934032174111,2.705138170160862,0.0374739999999999,0.0367899289894992,0.037689,0.0379788503635788,0.0412495,0.038268614164808,0.0326876,0.0358951270109256,,0.0341104865388318,-0.2263761467889907,-22.63761467889908,-0.1757086999022481,-17.570869990224818,-0.3066803699897225,-30.66803699897224,41.70911148839843,47.29219143576826,50.26382439848036,0.0382270379162406,0.0378059731699524,0.0004210647462882,0.0015519632380576,-0.0011308984917694,-3.352797188762026,0.0412495,0.0062164056927489,0.0536823113854979,0.028816688614502,0.602810283057876,0.1975945437099202,0.0076528571428571,22.6885773580111,0.0086857142857142,25.750709415103127,0.0105790476190476,31.36391230076377,3686401.113,0.7688720850274982,6556457.320000006,0.0316213763406458,13.195724808570004,-92.36915739806965,44.60791904625621,20.798755186722005,28.150216752536124,-79.201244813278,False,True,False,494,212,6,3,110.4382,20883.502699999997,-0.9894790405930884,2,2,0.0726356359324043,1
1781827200000,0.03373,0.038,0.03371,0.03618,2326465.08,2026-06-19,0.0726356359324043,0.0701188308935901,0.0726356359324043,0.0688018953041158,1.314458364142835,0.0945137769924127,1.8056831740647652,0.119421192228911,2.2815386740052648,0.1414828491957564,2.7030260385428115,0.03656,0.0365866193262698,0.03767,0.037651780226364,0.0405835,0.0380688001118155,0.0329722,0.03590775432814,,0.034172538974148,-0.1121472392638037,-11.21472392638038,-0.0052240857849876,-0.5224085784987701,-0.2690909090909091,-26.90909090909092,21.851289833080383,50.89649551752241,47.12811308054746,0.0379120709407728,0.0376836131180621,0.0002284578227106,0.0012872606075349,-0.0010588027848242,-2.9264864146608107,0.0405835,0.0059955608797807,0.0525746217595615,0.0285923782404384,0.5909358118231074,0.3163849851458342,0.0075685714285714,20.919213456526894,0.008285,22.89939192924269,0.0099885714285714,27.607991787096264,3574568.721,0.650837978392303,8882922.400000006,0.0316646576162637,14.973972279892523,-81.84389529355121,53.061870073759856,31.80851063829785,29.676428057881235,-68.19148936170215,False,False,True,494,212,6,3,110.4382,20883.502699999997,-0.9894790405930884,2,2,0.06965174129353247,1
1781913600000,0.03618,0.04495,0.0351,0.0387,5305196.05,2026-06-20,0.0696517412935324,0.0673331200685871,0.0696517412935324,0.0731273816551147,1.397096664845521,0.0942799453273413,1.8012158263762188,0.1195878412633657,2.284722499338086,0.1408558151042089,2.6910465690442718,0.0366999999999999,0.037291079550992,0.038099,0.0378423687076226,0.0398835,0.0381291599339717,0.033344,0.0360308944726335,,0.0343069223761203,0.0184210526315788,1.842105263157893,0.124673060156931,12.467306015693095,-0.2656546489563567,-26.56546489563567,42.02334630350193,51.23431808984216,49.34618794326242,0.0380333031934633,0.0377600096148683,0.000273293578595,0.0010844662533172,-0.0008111726747222,-2.09605342305489,0.0398835,0.005281179368883,0.050445858737766,0.029321141262234,0.5296605733080598,0.4439755820937814,0.00702,18.13953488372093,0.0082842857142857,21.40642303433001,0.009845238095238,25.43989171896149,3671053.3825,1.4451427144290514,14188118.450000009,0.0318406567590136,17.43621473063669,-16.78809721160056,55.14773984028884,37.951807228915655,30.186357684645174,-62.048192771084345,True,False,False,494,212,6,3,110.4382,20883.502699999997,-0.9894790405930884,2,2,0.12945736434108523,1
1782000000000,0.0387,0.0465,0.0371,0.04371,3483543.67,2026-06-21,0.1294573643410852,0.121737308839487,0.1294573643410852,0.0887495512737743,1.6955577963381698,0.0956874628492887,1.8281064108757223,0.1233708452699773,2.356996689403588,0.1396475345970924,2.6679624023684894,0.037996,0.0394307197009559,0.038622,0.0389092248114188,0.0395025,0.0386626320204728,0.0338724,0.0363679025224654,,0.0345832925796363,0.1740531829170024,17.40531829170024,0.1359147609147608,13.591476091476087,-0.1484511981297487,-14.845119812974872,68.89477167438784,47.05623901581722,48.92737430167598,0.0389067167394666,0.0382067520708551,0.0006999646686114,0.0010075656486567,-0.0003076009800453,-0.7037313659238608,0.0395025,0.0046489544664987,0.0488004089329974,0.0302045910670025,0.4707504048096951,0.7262605511798429,0.0076957142857142,17.606301271366476,0.0081635714285714,18.67666764715495,0.0094,21.50537634408602,3702675.733,0.9408179168791392,17671662.120000005,0.0319930718016527,18.54254642185816,46.85688725904467,54.17209149578916,68.13253012048192,45.96428266256513,-31.867469879518083,True,False,False,494,212,6,3,110.4382,20883.502699999997,-0.9894790405930884,2,2,-0.11759322809425754,0
1782086400000,0.04371,0.0461,0.03635,0.03857,3358997.76,2026-06-22,-0.1175932280942575,-0.1251021366550866,0.1175932280942575,0.1130361094557092,2.159551838906008,0.1032049836111358,1.97172844336988,0.124761475316496,2.38356463913804,0.14039954864069,2.6823296104983,0.038178,0.0391438131339443,0.038813,0.0388475469083649,0.039082,0.0386537804467829,0.0342542,0.0364640952965607,,0.0346993547650687,0.0241635687732342,2.416356877323423,0.052100381887616,5.210038188761599,-0.1790123456790123,-17.901234567901238,53.4394250513347,47.39986722726268,44.49901768172889,0.0388549103710568,0.0382339982877504,0.0006209120833064,0.0009302347041231,-0.0003093226208167,-0.8019772383115378,0.039082,0.004304605367327,0.047691210734654,0.0304727892653459,0.4405716562434921,0.4702644054269064,0.0074828571428571,19.400718545131305,0.00821,21.285973554576096,0.0093404761904761,24.21694630665333,3740568.523000001,0.8979912383227846,14312664.360000003,0.0321072592506681,19.98824773776449,13.954993567126609,53.877369210996605,37.41661613098848,47.83365116012868,-62.58338386901152,False,True,False,494,212,6,3,110.4382,20883.502699999997,-0.9894790405930884,2,2,-0.01892662691210789,0
1782172800000,0.03857,0.03995,0.03565,0.03784,2672496.72,2026-06-23,-0.0189266269121078,-0.0191080280364589,0.0189266269121078,0.0967157437616753,1.8477516901227635,0.0817234421829587,1.561324170636727,0.1229046717715663,2.3480904572217622,0.1394659116299129,2.6644925004526425,0.039,0.0387092087559362,0.038237,0.0386643549463013,0.0384145,0.038576043330211,0.0346592,0.0365239307712909,,0.0347899427400163,0.1218499851764007,12.18499851764007,-0.1321100917431192,-13.211009174311933,-0.2607931236569643,-26.079312365696428,50.45500505561173,51.77664974619289,43.62841530054645,0.0386987606400499,0.0382044731232306,0.0004942875168193,0.0008430450578846,-0.0003487575410653,-0.921663692033198,0.0384145,0.0032289047760241,0.0448723095520482,0.0319566904479517,0.3362172904527312,0.4555189731618994,0.0073514285714285,19.427665357897915,0.00779,20.58668076109937,0.0089238095238095,23.58300614114568,3713751.0915,0.7196219278445415,11640167.640000004,0.0321686969760704,22.854544267655484,-37.1247788406756,56.20319197555874,32.98969072164948,46.179612324373295,-67.01030927835052,False,True,False,494,212,6,3,110.4382,20883.502699999997,-0.9894790405930884,2,2,-0.03964059196617342,0
1782259200000,0.03784,0.03908,0.031,0.03634,3894669.22,2026-06-24,-0.0396405919661734,-0.0404476812156524,0.0396405919661734,0.0965181421959245,1.843976517509846,0.0802152626648054,1.5325104414000128,0.1038106298436325,1.9832992983949929,0.1312791251830217,2.508084164999077,0.039032,0.0379194725039253,0.0377959999999999,0.0382417419075905,0.038416,0.0383625047187088,0.0349089999999999,0.0365159660011537,,0.0348342515685843,0.0044223327805417,0.4422332780541748,-0.1082208588957056,-10.822085889570564,0.0008262186725418,0.082621867254187,57.521613832853006,52.35883647030065,40.890868596881965,0.0383358553636433,0.0380648750608682,0.000270980302775,0.0007286318876906,-0.0004576515849156,-1.2593604428057728,0.038416,0.0032278824735664,0.0448717649471329,0.031960235052867,0.3360977169477796,0.339213476869076,0.0074685714285714,20.551930183190503,0.0074578571428571,20.522446733233743,0.0088138095238095,24.25374112220563,3512080.8155,1.1089349660780892,7745498.420000004,0.0322197490259425,24.24985566962433,-97.31039661410328,56.413404454156726,29.84907769703743,33.418461516558466,-70.15092230296257,False,True,False,494,212,6,3,110.4382,20883.502699999997,-0.9894790405930884,2,2,-0.10456796917996691,0
1782345600000,0.03634,0.03754,0.03131,0.03254,3640510.51,2026-06-25,-0.1045679691799669,-0.1104489611771333,0.1045679691799669,0.0985835231778911,1.8834355657655288,0.0840125495712916,1.6050575058844738,0.1064695260291748,2.0340974386936725,0.1278868221618838,2.443274306780317,0.0378,0.0361263150025681,0.03725,0.0372050554423697,0.038278,0.0378066094158315,0.0349625999999999,0.0363444952702034,,0.0347692407434908,-0.159173126614987,-15.917312661498704,-0.1436842105263157,-14.368421052631575,-0.0781869688385268,-7.818696883852688,40.26737967914438,42.69192913385826,39.81350970400088,0.0374441457543349,0.0376515430496705,-0.0002073972953355,0.0005414257641928,-0.0007488230595284,-2.3012386586614797,0.038278,0.0034213133827753,0.0451206267655506,0.0314353732344493,0.3575226900857242,0.0807165729915256,0.0074142857142857,22.785143559575022,0.0075335714285714,23.15172534902099,0.0082619047619047,25.38999619515907,3365354.117,1.0817614977306709,4104987.910000004,0.032242196302934,26.17590084978026,-141.90539003431505,55.65387341652846,8.608160983789825,23.815643134158915,-91.39183901621016,False,False,True,494,212,6,3,110.4382,20883.502699999997,-0.9894790405930884,2,2,-0.1518131530424094,0
1782432000000,0.03254,0.03311,0.02629,0.0276,5520783.61,2026-06-26,-0.1518131530424094,-0.1646543290677874,0.1518131530424094,0.055500028896631,1.060326563256486,0.0949958434326193,1.81489304047326,0.1106914536532254,2.1147572526960188,0.1292428132806353,2.4691804807289826,0.034578,0.0332842100016605,0.036287,0.0354586732926438,0.037784,0.0368323773985655,0.034968,0.0359688423079799,,0.0345678093852109,-0.3685655456417296,-36.85655456417295,-0.2586623690572119,-25.86623690572119,-0.263607257203842,-26.3607257203842,23.721590909090907,39.64808043875686,39.56043956043957,0.0359296049473897,0.0369001129962994,-0.0009705080489096,0.0002390386308468,-0.0012095466797564,-4.382415506364062,0.037784,0.0041732511622424,0.0461305023244848,0.0294374976755151,0.4418008852680937,-0.1100759098889119,0.0077757142857142,28.17287784679088,0.0076721428571428,27.797619047619047,0.008115238095238,29.40303657694962,3462872.0175000005,1.5942788477599286,-1415795.6999999965,0.0321736858211604,25.6188762971768,-237.21556256572043,48.53203144130586,5.796460176991144,14.751232952606133,-94.20353982300884,False,True,False,494,212,6,3,110.4382,20883.502699999997,-0.9894790405930884,2,2,0.018115942028985588,1
1782518400000,0.0276,0.03122,0.02743,0.0281,2944866.62,2026-06-27,0.0181159420289855,0.0179538036165958,0.0181159420289855,0.0682231267252316,1.303401005968984,0.0953015131424295,1.8207328520794543,0.094588361857168,1.807108115905143,0.1292484528865737,2.4692882252491493,0.032484,0.0315561400010861,0.035331,0.0341207274079753,0.0368695,0.0359990399360473,0.0349812,0.0356320669262995,,0.0343875807992913,-0.2714544983147524,-27.14544983147524,-0.2538502389803505,-25.385023898035048,-0.3942660056046562,-39.426600560465616,3.010234798314272,29.23365487674168,37.04410279429918,0.034725012084155,0.0362426863739001,-0.001517674289745,-0.0001123042978677,-0.0014053699918773,-5.001316697072492,0.0368695,0.0041920657826798,0.0452536315653597,0.0284853684346402,0.4548003941121951,-0.0229820126053613,0.0069099999999999,24.59074733096085,0.006965,24.7864768683274,0.0078261904761904,27.851211659040843,3396347.064,0.8670688137895203,1529070.9200000037,0.0321373834365068,23.99641049761309,-203.53630308286623,40.503944781905055,8.008849557522119,7.471156906101029,-91.99115044247787,False,False,True,494,212,6,3,110.4382,20883.502699999997,-0.9894790405930884,2,2,-0.11886120996441274,0
1782604800000,0.0281,0.02911,0.02175,0.02476,4743140.22,2026-06-28,-0.1188612099644127,-0.1265401285233046,0.1188612099644127,0.0680522540324296,1.300136487756741,0.0967480762460079,1.848369401368604,0.0946399284435071,1.8080932941538528,0.1300725117549136,2.4850318478230284,0.029868,0.0292907600007058,0.034434,0.032418771468584,0.0360615,0.0349266963569955,0.034884,0.0351684189631358,,0.0341214496270287,-0.3456659619450316,-34.56659619450317,-0.2659353691076194,-26.59353691076194,-0.3949169110459433,-39.49169110459432,3.3760972316002693,28.85480031737636,42.55511151218254,0.0331918921032203,0.0353853960526502,-0.0021935039494299,-0.0005285445547779,-0.0016649593946519,-6.724391739305265,0.0360615,0.004872430793978,0.045806361587956,0.026316638412044,0.5404579170559184,-0.0798697035352407,0.0066185714285714,26.730902377105924,0.0071571428571428,28.90606969766905,0.0076485714285714,30.89083775675052,3488321.7125,1.359719834040393,-3214069.299999996,0.0320151567647281,24.466123132797325,-230.0761541411616,39.60486606455355,11.090641120117914,8.29865028487706,-88.90935887988208,False,True,False,494,212,6,3,110.4382,20883.502699999997,-0.9894790405930884,2,2,-0.03231017770597744,0
1782691200000,0.02476,0.02634,0.02276,0.02396,7272401.34,2026-06-29,-0.0323101777059774,-0.0328436745691468,0.0323101777059774,0.0691911260755126,1.321894607589078,0.090319686735432,1.725555192213538,0.0922806399161088,1.7630191501269028,0.1273481678811838,2.4329833311971907,0.027392,0.027513840000461,0.033212,0.0308808089521855,0.035441,0.0338805200630856,0.0346576,0.0346920609600366,,0.0338427461454532,-0.3406714364336819,-34.06714364336818,-0.3377556661138751,-33.775566611387504,-0.3412152873247182,-34.12152873247182,3.36021505376344,30.42387060791968,42.67063081695967,0.0317715687147291,0.0345328819788132,-0.0027613132640841,-0.0009750985769457,-0.0017862146871384,-7.454986173365705,0.035441,0.005571174779259,0.0465833495585181,0.0242986504414818,0.628783022968774,-0.0151965453831479,0.0057371428571428,23.94466968757453,0.00661,27.58764607679466,0.0073857142857142,30.82518483186263,3622728.301,2.0074376921925285,-10486470.639999997,0.0318134387552839,26.87459703484172,-193.78881987577645,31.622832846864384,8.929292929292929,9.342927868977654,-91.07070707070709,False,False,True,494,212,6,3,110.4382,20883.502699999997,-0.9894790405930884,2,2,-0.1343906510851418,0
1782777600000,0.02396,0.02424,0.02,0.02074,8717222.48,2026-06-30,-0.1343906510851418,-0.1443215704458672,0.1343906510851418,0.0732334264622284,1.399122648040727,0.0866084102913224,1.6546513553055109,0.0956824786032019,1.8280111869879376,0.1241138634058274,2.3711920309572028,0.025032,0.0252558933336325,0.031416,0.0290370215165492,0.0347575,0.0326271678174473,0.0345361999999999,0.0341010392349662,,0.0334860898612908,-0.3626306084818684,-36.26306084818684,-0.4640826873385012,-46.40826873385012,-0.3972682359779134,-39.72682359779134,3.012048192771076,28.478204124249544,39.32397959183673,0.0300743716428889,0.0335042733889057,-0.0034299017460167,-0.0014660594573048,-0.0019638422887118,-9.468863494271408,0.0347575,0.0064703159241179,0.0476981318482359,0.021816868151764,0.7446238566200643,-0.0416080205508223,0.0057285714285714,27.6208844193415,0.00654,31.53326904532304,0.0071028571428571,34.247141479542634,3864791.235,2.255548087838695,-19203693.12,0.0315028167450657,29.41313010678937,-186.3555871990069,30.12214214777775,2.792452830188683,7.60412895986651,-97.20754716981132,False,True,False,494,212,6,3,110.4382,20883.502699999997,-0.9894790405930884,2,2,0.0067502410800384105,1
1782864000000,0.02074,0.02228,0.01976,0.02088,6813628.49,2026-07-01,0.0067502410800384,0.0067275602130565,0.0067502410800384,0.0707355448071682,1.3514006860276204,0.0626171585938189,1.1962991352010028,0.0902526473606112,1.7242744067559483,0.1220145511127817,2.331084725913576,0.023688,0.0237972622224182,0.029133,0.0275539240695799,0.0338775,0.0315068742901454,0.0345008,0.0335427402054721,,0.0331454791881293,-0.2434782608695652,-24.347826086956523,-0.5223061084420042,-52.230610844200406,-0.4573804573804574,-45.73804573804574,4.945904173106626,27.93266701735928,31.68174637368949,0.0286598298997756,0.0325632858251279,-0.0039034559253522,-0.0019535389467516,-0.0019499169786006,-9.33868284770403,0.0338775,0.0071032786166152,0.0480840572332304,0.0196709427667695,0.8387016298859387,0.0425527878915782,0.0049342857142857,23.631636562671048,0.0062014285714285,29.70032840722496,0.0066166666666666,31.689016602809712,4071402.047,1.6735336897078494,-12390064.629999995,0.0312569137928119,32.3195711382968,-156.83755840165227,23.073637382539346,4.188481675392668,5.303409144958095,-95.81151832460732,False,True,False,494,212,6,3,110.4382,20883.502699999997,-0.9894790405930884,2,2,0.1446360153256705,1
1782950400000,0.02088,0.02667,0.02016,0.0239,8403938.99,2026-07-02,0.1446360153256705,0.135086695923027,0.1446360153256705,0.1124692141063202,2.1487213184631595,0.089356087937707,1.70714566303198,0.0977887397462854,1.8682512496251316,0.1222408111111874,2.3354074171135903,0.022848,0.0238315081482788,0.027666,0.0268895732763913,0.0332395,0.0307815222061295,0.0345792,0.0331367687973817,,0.0328974607357068,-0.1494661921708184,-14.946619217081846,-0.3803474202748249,-38.0347420274825,-0.348063284233497,-34.80632842334969,33.212341197822155,36.75559148477498,37.33253944626376,0.0279275382890982,0.031917841598728,-0.0039903033096297,-0.0023608919502454,-0.0016294113593843,-6.817620750561952,0.0332395,0.0074067611182728,0.0480530222365456,0.0184259777634543,0.8913204011218945,0.1847643709961482,0.0049742857142857,20.812910938433955,0.0061942857142857,25.9175134488942,0.0066804761904761,27.95178322374975,4368749.890000001,1.9236484581633944,-3986125.639999997,0.0310418816234587,32.30129706961231,-108.36165392240156,31.806208696190225,15.482423335826482,7.487785947135944,-84.51757666417352,True,False,False,494,212,6,3,110.4382,20883.502699999997,-0.9894790405930884,2,2,0.024267782426778073,1
1783036800000,0.0239,0.02648,0.0225,0.02448,7942096.91,2026-07-03,0.024267782426778,0.0239779987066601,0.024267782426778,0.1008003356099459,1.925787707812928,0.0916685788800288,1.7513257404514115,0.0857095430099019,1.6374785200064983,0.1222430709340584,2.3354505909689203,0.022792,0.0240476720988528,0.02633,0.0264514685250827,0.0322835,0.0301807118533699,0.0346695999999999,0.0327733566657831,,0.0326732296221758,-0.0113085621970921,-1.1308562197092185,-0.3530655391120507,-35.30655391120507,-0.4385321100917432,-43.85321100917432,33.693693693693675,33.39954597048808,40.59484258819807,0.0273971416007068,0.031363934935525,-0.0039667933348181,-0.0026820723097387,-0.0012847210250794,-5.248043403102392,0.0322835,0.007230972326698,0.0467454446533961,0.0178215553466038,0.8959341244534318,0.2302057162081774,0.0045685714285714,18.662464985994404,0.0061721428571428,25.21300186741363,0.006637619047619,27.114456893868667,4537692.3415,1.7502501959783867,3955971.2700000033,0.03087290536858,31.298414640274903,-86.23859134063218,35.36747436458123,17.65145848915482,12.440787833457987,-82.34854151084518,False,False,True,494,212,6,3,110.4382,20883.502699999997,-0.9894790405930884,2,2,0.0788398692810457,1
1783123200000,0.02448,0.0281,0.02408,0.02641,4394246.64,2026-07-04,0.0788398692810457,0.0758862686649154,0.0788398692810457,0.1036166993845766,1.9795942621770013,0.0989154591843848,1.8897771942652544,0.0881590452418096,1.6842761944380782,0.121548251242133,2.3221760793935404,0.0232819999999999,0.0248351147325691,0.025337,0.0264439287859382,0.0315665,0.0298212362446947,0.0348382,0.0325069586721419,,0.0325075176003345,0.1022537562604342,10.225375626043409,-0.2732526141992294,-27.325261419922946,-0.3519018404907975,-35.19018404907976,58.51393188854489,32.26551226551226,43.66888255777145,0.0272452721642657,0.0309951548763573,-0.0037498827120915,-0.0028956344341364,-0.000854248277955,-3.2345637181184834,0.0315665,0.0070561166261694,0.0456787332523389,0.017454266747661,0.894127207789203,0.3173038984051171,0.0046014285714285,17.42305403797263,0.0057557142857142,21.793692865256663,0.0061771428571428,23.389408773732896,4659520.2295,0.9430684756296324,8350217.910000003,0.0308071495178232,31.255899787213476,-61.166816119127134,32.34199191876188,24.869109947643977,19.33433059087509,-75.13089005235602,True,False,False,494,212,6,3,110.4382,20883.502699999997,-0.9894790405930884,2,2,-0.1416130253691783,0
1783209600000,0.02641,0.02796,0.02161,0.02267,9174714.79,2026-07-05,-0.1416130253691783,-0.1527002617896031,0.1416130253691783,0.1063903463107375,2.03258471229696,0.1027648200835271,1.963319130982504,0.091842905204309,1.754656240200401,0.1235282412610193,2.360003735590226,0.023668,0.0241134098217124,0.02435,0.0257577593713664,0.0308,0.0291395481280256,0.0349222,0.0320962283770645,,0.0322489583115827,0.093056894889103,9.305689488910309,-0.303318992009834,-30.331899200983408,-0.4034210526315789,-40.3421052631579,44.89311163895487,18.48412222887956,37.42243436754176,0.0265413782646348,0.0303756428219947,-0.0038342645573598,-0.0030833604896715,-0.0007509040676882,-3.312324956719344,0.0308,0.0071524533884314,0.0451049067768628,0.0164950932231371,0.9288900504456395,0.2158317727330566,0.0044571428571428,19.660974226479297,0.0055378571428571,24.428130316970197,0.0062571428571428,27.600983048711324,4969755.7995,1.8461097808715377,-824496.8799999962,0.0306152782456525,32.82901313782309,-74.53379953379951,24.176898147593107,11.04783599088838,17.85613480922906,-88.95216400911163,False,True,False,494,212,6,3,110.4382,20883.502699999997,-0.9894790405930884,2,2,-0.07631230701367442,0
1783296000000,0.02267,0.02303,0.0198,0.02094,6992127.15,2026-07-06,-0.0763123070136744,-0.0793812590770467,0.0763123070136744,0.1155683971952829,2.2079311282407885,0.0953811863549009,1.8222550066664511,0.0926572201182115,1.7702137047861388,0.1225826305766657,2.3419378688320887,0.02368,0.0230556065478079,0.023684,0.0248818025534096,0.0299855,0.0283579977312818,0.0349176,0.0316315928659004,,0.0319536391383046,0.0028735632183909,0.2873563218390854,-0.2413043478260869,-24.13043478260869,-0.4375503626107977,-43.75503626107977,50.89766606822262,20.58725392058726,37.47609942638624,0.0256796216770097,0.0296737333195839,-0.0039941116425741,-0.0032655107442304,-0.0007286008983437,-3.479469428575812,0.0299855,0.0073075328654031,0.0446005657308063,0.0153704342691936,0.9748088730090424,0.1905419323248929,0.0044071428571428,21.04652749351889,0.0050721428571428,24.22226770364306,0.0058757142857142,28.05976258698322,5191220.617000001,1.3469138890191763,-7816624.029999997,0.0304161797373549,34.85691113529923,-93.83993928063856,24.02670795587028,5.844477464091137,13.920474467541167,-94.15552253590886,False,True,False,494,212,6,3,110.4382,20883.502699999997,-0.9894790405930884,2,2,0.08643744030563516,1
1783382400000,0.02094,0.02497,0.01966,0.02275,6705027.12,2026-07-07,0.0864374403056351,0.0829039399545686,0.0864374403056351,0.0999910132037275,1.9103256249525689,0.1009451870203156,1.928555090122336,0.0956439733110138,1.8272755444136075,0.1179304520677539,2.253058123216144,0.02345,0.0229537376985386,0.023149,0.0244942018832933,0.02924,0.0278235060560267,0.034842,0.031262589123418,,0.0317148051801895,-0.0481171548117155,-4.811715481171556,-0.1903914590747331,-19.039145907473312,-0.395910780669145,-39.5910780669145,57.29898516783763,25.700483091787447,31.910463300364384,0.0252289079566758,0.0291588448759465,-0.0039299369192706,-0.0033983959932329,-0.0005315409260377,-2.3364436309351784,0.02924,0.0072436534835312,0.0437273069670623,0.0147526930329375,0.9909238691561147,0.2760108205494875,0.0045599999999999,20.04395604395604,0.0051442857142857,22.612244897959183,0.00588,25.84615384615385,5357022.214,1.2516332492475268,-1111596.9099999964,0.0302571121887417,34.577659725523674,-75.31994219047823,30.439585242093912,15.91143151390319,10.934581656294236,-84.0885684860968,True,True,False,494,212,6,3,110.4382,20883.502699999997,-0.9894790405930884,2,2,-0.12835164835164836,0
1783468800000,0.02275,0.02281,0.01867,0.01983,10566353.43,2026-07-08,-0.1283516483516483,-0.1373692028652548,0.1283516483516483,0.1112283042600498,2.125013769138137,0.1020555311897417,1.9497681856937317,0.0968939107214025,1.8511555651089404,0.1188590039655486,2.270798082314684,0.02252,0.0219124917990255,0.022656,0.0236461648087277,0.0285449999999999,0.0270617082668328,0.0347492,0.0307887038669925,,0.0314082796117585,-0.1899509803921567,-18.99509803921568,-0.1991114701130856,-19.911147011308564,-0.4120960569226208,-41.20960569226209,33.98898505114083,24.57653218355405,31.871750433275565,0.0243983025330866,0.0284653008415568,-0.0040669983084702,-0.0035321164675462,-0.0005348818409239,-2.6973365654258714,0.0285449999999999,0.0074539544432539,0.0434529088865078,0.0136370911134921,1.0445198028732106,0.2077054848420984,0.0047914285714285,24.16252431381024,0.0048628571428571,24.522728910020884,0.0057314285714285,28.902816799942364,5743621.34,1.8396674858095712,-11677950.339999996,0.0299571539638727,34.70076061452142,-89.25434491655528,29.38280479243018,6.1473237943826256,9.301077590792318,-93.85267620561736,False,True,False,494,212,6,3,110.4382,20883.502699999997,-0.9894790405930884,2,2,0.036812909732728105,1
1783555200000,0.01983,0.02116,0.01964,0.02056,5056183.44,2026-07-09,0.0368129097327281,0.0361514980552596,0.0368129097327281,0.1015263618477881,1.9396584196109177,0.1032526040298966,1.972638230192864,0.0953779262993256,1.822192723392137,0.1165512969082593,2.226709400890468,0.0213499999999999,0.0214616611993503,0.022316,0.0230850437349132,0.027764,0.0264421215633895,0.0345886,0.0303656654863538,,0.0311301532825477,-0.2215070049223779,-22.150700492237792,-0.1419031719532554,-14.190317195325544,-0.431730237700387,-43.1730237700387,34.758942457231726,29.62585034013604,34.33908045977012,0.0238077919248116,0.027877747445031,-0.0040699555202194,-0.0036396842853309,-0.0004302712348884,-2.092758924554689,0.027764,0.0074301486844937,0.0426242973689875,0.0129037026310124,1.0704723648600714,0.2576091574373777,0.0040785714285714,19.83740967204002,0.0045264285714285,22.015703168426903,0.0054890476190476,26.69770242727441,5880107.257999999,0.8598794576614168,-6621766.899999996,0.029820247543468,34.82386150351916,-82.01482431758252,34.29892546614549,13.088642659279772,11.715799322521862,-86.91135734072023,False,False,True,494,212,6,3,110.4382,20883.502699999997,-0.9894790405930884,2,2,-0.026264591439688623,0
1783641600000,0.02056,0.0208,0.01628,0.02002,11114133.41,2026-07-10,-0.0262645914396886,-0.0266156666998897,0.0262645914396886,0.0858708990252593,1.6405612223514536,0.0940658747341893,1.7971260134365907,0.0928264008930569,1.7734458989512087,0.1162042727884073,2.220079514389777,0.0208199999999999,0.0209811074662335,0.0222439999999999,0.0225277628937277,0.02683,0.0258301545809273,0.034456,0.0299387044807588,,0.0308469657207225,-0.1168945743273047,-11.68945743273048,-0.0347155255544842,-3.471552555448418,-0.482687338501292,-48.2687338501292,22.144725370531816,34.83999999999999,34.48151487826871,0.0232250525961352,0.0272938743175459,-0.0040688217214106,-0.0037255117771747,-0.0003433099442359,-1.7148348862935012,0.02683,0.0071519647650138,0.0411339295300277,0.0125260704699722,1.066263848678924,0.2619535252287143,0.0041557142857142,20.75781361495647,0.0043621428571428,21.78892536035393,0.0055,27.47252747252747,6170554.126,1.8011564574354728,-17735900.309999995,0.029489164506522,36.154063804243336,-92.54132419108826,33.52253273103558,25.0334672021419,14.7564778852681,-74.9665327978581,False,True,False,494,212,6,3,110.4382,20883.502699999997,-0.9894790405930884,2,2,-0.09590409590409577,0
1783728000000,0.02002,0.02022,0.01768,0.0181,4997859.56,2026-07-11,-0.0959040959040957,-0.1008198356152943,0.0959040959040957,0.0893709426617666,1.707429462136654,0.0987930234423168,1.887438062697442,0.086107877473351,1.6450886892451897,0.1139691680542884,2.177377898402141,0.020252,0.0200207383108223,0.021966,0.0217227149032624,0.0255495,0.0250935830951789,0.0343834,0.0294511278391883,,0.0305238946559428,-0.1356255969436485,-13.562559694364843,-0.1331417624521071,-13.314176245210716,-0.5859071150766415,-58.59071150766415,26.321243523316056,31.074943224829667,32.82402528977872,0.0224365805508579,0.0266108777381367,-0.0041742971872787,-0.0038152688630672,-0.0003590283242114,-1.9835819017209155,0.0255495,0.0061999418290989,0.0379493836581978,0.0131496163418021,0.9706556807920208,0.1996141171423429,0.0039442857142857,21.791633780584053,0.0042728571428571,23.6069455406472,0.0051519047619047,28.463562220468297,6246269.9205,0.8001350603817537,-22733759.869999997,0.0293418239082621,38.79605813911606,-96.2302048662091,33.40290970042082,14.185502727981309,17.43587086313433,-85.81449727201868,False,False,True,494,212,6,3,110.4382,20883.502699999997,-0.9894790405930884,2,2,-0.06464088397790058,0
1783814400000,0.0181,0.01876,0.01676,0.01693,6926992.03,2026-07-12,-0.0646408839779005,-0.0668247421267361,0.0646408839779005,0.0640305549802927,1.223302035249581,0.0834271887142614,1.5938742024134842,0.0843781362770333,1.6120420300906382,0.1090520711409072,2.0834368937753664,0.019088,0.0189904922072148,0.021269,0.0208513120238886,0.0244675,0.0243157490227098,0.034183,0.0289364591414345,,0.0301812574530147,-0.2558241758241758,-25.582417582417577,-0.2916317991631799,-29.163179916317997,-0.5610578169561835,-56.10578169561835,27.94279427942793,33.85567010309278,34.49612403100774,0.0215894121165877,0.0258918565174843,-0.0043024444008966,-0.0039127039739955,-0.0003897404269011,-2.302069857655948,0.0244675,0.0056740135938467,0.0358155271876935,0.0131194728123064,0.9276000562128176,0.1678938164611513,0.0033228571428571,19.62703569319044,0.0038899999999999,22.976963969285286,0.0047995238095238,28.349225100554097,6424669.634,1.078186494343874,-29660751.899999995,0.0291222066318853,39.26512233620783,-112.80677093619268,33.38024848505627,5.499153976311347,14.906041302144851,-94.50084602368864,False,True,False,494,212,6,3,110.4382,20883.502699999997,-0.9894790405930884,2,2,0.06615475487300637,1
1783900800000,0.01693,0.01879,0.01662,0.01805,7227835.39,2026-07-13,0.0661547548730063,0.0640584886338458,0.0661547548730063,0.0678078481944836,1.2954671207790804,0.0874468237783328,1.6706692224840205,0.0874211783665045,1.6701792675789895,0.1089355484195095,2.0812107303088387,0.018732,0.0186769948048098,0.020626,0.0203419824838504,0.023478,0.0237187680036853,0.0339647999999999,0.0284898252937185,,0.0298771296307883,-0.0897629853756933,-8.976298537569342,-0.2626633986928104,-26.26633986928104,-0.5229915433403804,-52.29915433403806,22.023809523809504,37.973137973137966,32.8476821192053,0.0210448859814027,0.0253095391043217,-0.0042646531229189,-0.0039830938057234,-0.0002815593171955,-1.559885413825565,0.023478,0.0048907674567279,0.0332595349134559,0.013696465086544,0.8332511213438959,0.2225384334858858,0.0031714285714285,17.570241392956074,0.0037892857142857,20.99327265532252,0.0044385714285714,24.59042342698852,6652436.5675,1.086494447058852,-22432916.509999994,0.0289079414626585,38.35245605953917,-105.40215980041566,39.86838355899317,14.974619289340108,11.553091997877589,-85.02538071065989,True,True,False,494,212,6,3,110.4382,20883.502699999997,-0.9894790405930884,2,2,0.29584487534626036,1
1783987200000,0.01805,0.02545,0.01771,0.02339,7148891.05,2026-07-14,0.2958448753462603,0.2591628958171977,0.2958448753462603,0.1579780038247132,3.0181655252389668,0.1320421904615905,2.5226625066765576,0.1141162180960065,2.1801872855044806,0.1149871281799777,2.1968259992961894,0.019298,0.0202479965365399,0.020324,0.0208961675590289,0.0228305,0.023687445228836,0.033768,0.0282809752609117,,0.0297153510050005,0.1376459143968873,13.764591439688733,-0.1143506247633471,-11.435062476334716,-0.3563566318106769,-35.635663181067684,66.45101663585953,54.96440614462346,36.24932638764145,0.0214056734229917,0.0251670248994887,-0.003761351476497,-0.0039387453388987,0.0001773938624017,0.7584175391265834,0.0228305,0.0038434092253732,0.0305173184507465,0.0151436815492534,0.6733815247801446,0.5363934704315582,0.0035185714285714,15.043058694191656,0.0040392857142857,17.26928479814328,0.0046023809523809,19.67670351595105,6815147.659,1.0489708231866792,-15284025.459999992,0.0287841707766361,36.93651384884991,-19.32285860519245,47.61245718811933,60.1522842639594,26.87535250987028,-39.8477157360406,True,False,False,494,212,6,3,110.4382,20883.502699999997,-0.9894790405930884,2,2,-0.17828131680205217,0
1784073600000,0.02339,0.02411,0.01834,0.01922,7334555.36,2026-07-15,-0.1782813168020521,-0.1963571770539412,0.1782813168020521,0.1850361509251808,3.535110699746232,0.1366914473845237,2.6114864354707543,0.1182476956264074,2.259119052894017,0.1121810053009938,2.14321509696873,0.019138,0.0199053310243599,0.019979,0.0205914097885193,0.0221644999999999,0.0232618324275753,0.0333264,0.0279105499898419,,0.029454951278112,-0.0399600399600399,-3.996003996003989,-0.1521835024261137,-15.218350242611372,-0.4093423478795328,-40.93423478795329,45.3015427769986,47.298177083333336,27.667335400328284,0.0210694154453185,0.0247255691594725,-0.0036561537141539,-0.0038822270129511,0.0002260732987972,1.1762398480604028,0.0221644999999999,0.0031668870237273,0.0284982740474547,0.0158307259525452,0.5715241983762094,0.2675556486591706,0.0037514285714285,19.518358852385905,0.0042714285714285,22.22387394083544,0.0044923809523809,23.373470095634502,6999849.9015,1.047816090803358,-22618580.819999997,0.0286316849619894,35.16070987629639,-47.70952079375125,47.4430180640711,24.87309644670052,33.33333333333334,-75.12690355329948,False,False,True,494,212,6,3,110.4382,20883.502699999997,-0.9894790405930884,2,2,0.05202913631633699,1
1784160000000,0.01922,0.02065,0.01862,0.02022,6072540.91,2026-07-16,0.0520291363163369,0.0507208100501787,0.0520291363163369,0.1765749510264376,3.3734597026563,0.1356328260547002,2.591261503362478,0.1149869328487928,2.196822267499141,0.1124474580139235,2.1483056689015374,0.019562,0.0200102206829066,0.019907,0.0205238807301684,0.0217955,0.0229720467324651,0.0329332,0.0275966724371751,,0.0292269652548128,0.1171270718232042,11.712707182320424,-0.0343839541547278,-3.4383954154727885,-0.2673913043478261,-26.739130434782616,50.67934782608696,43.58885017421603,31.8997829946735,0.0209387359724173,0.0243911672342746,-0.0034524312618572,-0.0037962678615173,0.0003438365996601,1.7004777431262903,0.0217955,0.0029205938022763,0.0276366876045526,0.0159543123954473,0.5359994131405718,0.36513872634633,0.0038242857142857,18.91338137628939,0.0039514285714285,19.5421788893599,0.0042923809523809,21.228392445009657,7027437.766500001,0.8641187744056559,-16546039.909999993,0.0284986669923508,33.84099674953598,-60.70866752728215,39.88472754932226,33.33333333333333,39.45290468133109,-66.66666666666667,False,False,True,494,212,6,3,110.4382,20883.502699999997,-0.9894790405930884,2,2,-0.0662710187932739,0
1784246400000,0.02022,0.02022,0.01772,0.01888,5780302.77,2026-07-17,-0.0662710187932739,-0.0685690528749706,0.0662710187932739,0.1768044800128783,3.377844847785029,0.1339542394291329,2.559192150909868,0.1154731959685831,2.206112311358504,0.1105855744867369,2.1127344340605143,0.019952,0.019633480455271,0.01952,0.0202249933033433,0.0213345,0.0225822216594132,0.0323982,0.0272414828247259,,0.028972768440611,0.1151801535735381,11.51801535735381,-0.17010989010989,-17.010989010989004,-0.3281138790035587,-32.81138790035587,52.75813295615275,40.49558723693144,31.520467836257296,0.0206220070052081,0.0239821896881372,-0.0033601826829291,-0.0037090508248134,0.0003488681418843,1.8478185481163516,0.0213345,0.0025810085238139,0.0264965170476278,0.0161724829523721,0.4839126342429282,0.262253787874652,0.0035357142857142,18.72730024213075,0.0038457142857142,20.369249394673123,0.0040866666666666,21.6454802259887,7169209.573999999,0.8062677914958662,-22326342.679999992,0.0283631109326335,32.45814165457839,-81.26391596620745,32.04653137571589,21.99661590524536,26.73434856175973,-78.00338409475464,False,True,False,494,212,6,3,110.4382,20883.502699999997,-0.9894790405930884,2,2,-0.018008474576271194,0
1784332800000,0.01888,0.01953,0.01759,0.01854,4795049.09,2026-07-18,-0.0180084745762711,-0.0181726005796455,0.0180084745762711,0.1769717024229269,3.3810396274431893,0.1275969766291901,2.4377368156534422,0.1128045117617389,2.1551271711754203,0.1100182197485088,2.101895137006216,0.02005,0.0192689869701807,0.019391,0.019918630866657,0.0210235,0.0221971531326333,0.031796,0.0268874547526716,,0.0287176792523312,0.0271468144044322,2.714681440443218,-0.0650529500756429,-6.5052950075642935,-0.2512116316639741,-25.121163166397416,56.0480841472577,35.88087549336204,32.24970083765456,0.0203016979304821,0.0235783853235098,-0.0032766873930276,-0.003622578137674,0.0003458907446463,1.865645871879116,0.0210235,0.0025205602447409,0.0260646204894819,0.015982379510518,0.479570051559629,0.2536757943812581,0.0034499999999999,18.6084142394822,0.0036971428571428,19.94143935891508,0.0039985714285714,21.56726768377253,7171805.0175,0.6685972468994275,-27121391.769999992,0.0282490481640531,30.04644471035448,-86.97593926198842,26.769106697494166,19.34931506849317,24.89308810235728,-80.65068493150683,False,True,False,494,212,6,3,110.4382,20883.502699999997,-0.9894790405930884,2,2,-0.031283710895361416,0
1784419200000,0.01854,0.01857,0.01698,0.01796,4786370.03,2026-07-19,-0.0312837108953614,-0.0317834972636555,0.0312837108953614,0.0843966032224146,1.6123948405867634,0.1272393629323683,2.4309046155688128,0.1127933552725757,2.1549140267492346,0.1099570925121463,2.100727302795277,0.018964,0.0188326579801204,0.019131,0.0195625161466078,0.0207235,0.021793524610253,0.0311652,0.0265247660457423,,0.0284558628740345,-0.2321504916631038,-23.215049166310397,-0.1264591439688714,-12.64591439688715,-0.2504173622704507,-25.04173622704507,49.64761158966328,40.46944556859571,34.46291560102301,0.0199414364204321,0.0231615594617521,-0.00322012304132,-0.0035420871178207,0.0003219640765007,1.7926730317412989,0.0207235,0.002509699657015,0.02574289931403,0.0157041006859699,0.4844161762279562,0.2247180561750114,0.0033914285714285,18.883232580337257,0.0033571428571428,18.69233216671969,0.0037238095238095,20.733906034574183,7047503.452,0.6791582384598456,-31907761.799999997,0.028129584327276,26.04591999977276,-102.36861266972195,28.69217471357928,18.32061068702291,19.88884722025381,-81.6793893129771,False,True,False,494,212,6,3,110.4382,20883.502699999997,-0.9894790405930884,2,2,-0.1319599109131403,0
1784505600000,0.01796,0.0185,0.01265,0.01559,12885073.86,2026-07-20,-0.1319599109131403,-0.1415173798043683,0.1319599109131403,0.067401212184275,1.2876983507122424,0.1332944699876319,2.5465872734286075,0.1126517613399794,2.1522088784653053,0.1105952871505386,2.112919994241898,0.018238,0.0177517719867469,0.018688,0.0188402404553434,0.0204659999999999,0.0212025933567234,0.030423,0.0260811536048576,,0.0281441521201136,-0.1888657648283038,-18.886576482830392,-0.2212787212787212,-22.127872127872127,-0.2483124397299904,-24.831243972999044,10.204081632653027,39.44773175542406,36.45997745208568,0.0192719842074971,0.022599893253704,-0.0033279090462068,-0.0034992515032499,0.000171342457043,1.099053605151313,0.0204659999999999,0.0027596689351404,0.0259853378702808,0.0149466621297191,0.5393665464947599,0.0582803486034947,0.0039171428571428,25.12599651791441,0.0035442857142857,22.73435352332081,0.0038319047619047,24.57924799169186,7255896.021,1.7758074016920922,-44792835.66,0.0277535862988862,22.82319683839929,-156.1725321594445,27.92094581066985,22.96875,20.212891918505356,-77.03125,False,True,False,494,212,6,3,110.4382,20883.502699999997,-0.9894790405930884,2,2,-0.17382937780628605,0
1784592000000,0.01559,0.01563,0.01168,0.01288,11000555.05,2026-07-21,-0.173829377806286,-0.1909539623934775,0.173829377806286,0.0667407477927639,1.275080196229682,0.1404884086211035,2.68402727804039,0.1184640284026277,2.2632520847804787,0.1127659568563064,2.154390580741385,0.01677,0.0161278479911646,0.018166,0.0177565603378811,0.0200659999999999,0.0204098205077388,0.029654,0.0255463198979992,,0.0277759657465534,-0.3630069238377843,-36.300692383778426,-0.2883977900552487,-28.839779005524864,-0.3831417624521072,-38.31417624521072,11.990407673860872,31.200000000000003,33.65549828178693,0.0182886014550126,0.0218789385183475,-0.0035903370633348,-0.0035174686153513,-7.286844798355457e-05,-0.5657488197480944,0.0200659999999999,0.0032352961305932,0.0265365922611865,0.0135954077388134,0.6449309539705518,-0.055281472694917,0.0033757142857142,26.208961845607803,0.0034471428571428,26.763531499556343,0.0038180952380952,29.643596569062403,7465242.348999999,1.473569716256241,-55793390.70999999,0.0273955096060246,21.532224178514404,-185.2421495926028,20.188027037419005,8.714596949891078,16.667985878971326,-91.28540305010893,False,True,False,494,212,6,3,110.4382,20883.502699999997,-0.9894790405930884,2,2,0.12965838509316763,1
1784678400000,0.01288,0.0157,0.01276,0.01455,9745073.47,2026-07-22,0.1296583850931676,0.1219152729412939,0.1296583850931676,0.1178783582829713,2.2520628728553134,0.1476539080677398,2.820923952750577,0.1174287083458121,2.243472322867951,0.1143592428727828,2.1848302673455406,0.0159039999999999,0.0156018986607764,0.017928,0.0171735493520953,0.0195984999999999,0.0198516500535635,0.0290054,0.0251013909168524,,0.0274583143720871,-0.229343220338983,-22.934322033898308,-0.1405788541051388,-14.05788541051388,-0.3912133891213389,-39.12133891213389,18.534961154273034,39.43999999999999,38.627756738694586,0.0177134317199243,0.0213353821703918,-0.0036219504504675,-0.0035383649824519,-8.358546801550326e-05,-0.574470570553287,0.0195984999999999,0.0033263798482339,0.0262512596964679,0.012945740303532,0.678904987266163,0.1205709938177742,0.0029714285714285,20.42218949435444,0.0033614285714285,23.10260186548846,0.0038380952380952,26.378661430207817,7532299.073000001,1.2937714468789256,-46048317.24,0.0271132173747598,20.43637732020941,-141.64015553199013,28.528667215191614,20.84241103848948,17.50858599612685,-79.15758896151053,True,False,False,494,212,6,3,110.4382,20883.502699999997,-0.9894790405930884,2,2,0.07079037800687282,1
1784764800000,0.01455,0.01788,0.01353,0.01558,8100586.87,2026-07-23,0.0707903780068728,0.0683970468251006,0.0707903780068728,0.1291298564302478,2.467022443132448,0.1479112480733395,2.8258404266542976,0.1187660068538273,2.269021374989938,0.1140324845174683,2.1785875577326994,0.015312,0.0155945991071842,0.017681,0.0168838131000541,0.0191535,0.0194447653567432,0.0282932,0.0247166193623539,,0.0271742273868849,-0.1596548004314995,-15.965480043149949,-0.1368421052631578,-13.684210526315791,-0.3635620915032679,-36.35620915032679,31.034482758620683,40.158102766798415,40.713652482269495,0.017385211319893,0.0209085689720457,-0.0035233576521526,-0.0035353635163832,1.20058642305498e-05,0.0770594623270205,0.0191535,0.0032329720317217,0.0256194440634434,0.0126875559365565,0.6751710197554989,0.2236675754586629,0.0033028571428571,21.199339812946995,0.0035635714285714,22.87273060700532,0.003735238095238,23.97457057277339,7540223.571,1.074316536336559,-37947730.37,0.0269111053746944,18.375714523117672,-98.03531721274196,29.419336859442662,28.32244008714597,19.29314935850884,-71.67755991285402,True,False,False,494,212,6,3,110.4382,20883.502699999997,-0.9894790405930884,2,2,0.029525032092426073,1
1784851200000,0.01558,0.01654,0.01445,0.01604,5916055.33,2026-07-24,0.029525032092426,0.0290975619957661,0.029525032092426,0.1315054892659999,2.512408844732055,0.1056311810861596,2.018080881046353,0.1171991617327649,2.2390868409833766,0.1071391371070959,2.0468903403747314,0.014928,0.0157430660714562,0.016946,0.0167303925337194,0.018635,0.0191204580848428,0.0278878,0.0243664048169941,,0.0269090274671672,-0.1069042316258352,-10.690423162583528,-0.3142368533561351,-31.42368533561352,-0.3926542976145399,-39.265429761454,35.82766439909295,42.10943695479777,44.452313503305,0.0171782556599622,0.0205475515726462,-0.003369295912684,-0.0035021499955646,0.0001328540828806,0.8282673496298267,0.018635,0.0028121007318935,0.024259201463787,0.0130107985362129,0.6036170071142504,0.2693005827841849,0.0032442857142857,20.226220163876025,0.00339,21.134663341645883,0.003645238095238,22.72592328702054,7616314.005499999,0.7767609536224236,-32031675.04,0.0267681188320163,16.11334304289452,-91.53411232566906,36.657113932622416,31.66303558460421,26.94262890341321,-68.3369644153958,False,False,True,494,212,6,3,110.4382,20883.502699999997,-0.9894790405930884,2,2,-0.03304239401496256,0
1784937600000,0.01604,0.01633,0.01475,0.01551,4651881.9,2026-07-25,-0.0330423940149625,-0.0336006252499209,0.0330423940149625,0.1160775749847646,2.217658956249909,0.0924037808823829,1.7653717549842578,0.1136461038844542,2.171205766103802,0.1071587009490808,2.0472641070510424,0.014912,0.0156653773809708,0.016575,0.0165085029789526,0.0182769999999999,0.0187765628114415,0.0274919999999999,0.0240093432561871,,0.0266386065573357,-0.005131494547787,-0.5131494547787057,-0.1930280957336109,-19.30280957336109,-0.3158359064843405,-31.58359064843405,36.03192702394526,44.56567352077214,43.719298245614034,0.0169216008672239,0.020174033019729,-0.003252432152505,-0.0034522064268579,0.0001997742743528,1.288035295634326,0.0182769999999999,0.0027258163431974,0.0237286326863949,0.012825367313605,0.59655662158942,0.2462228144143571,0.0031928571428571,20.585797181541864,0.0033214285714285,21.41475545730865,0.0035290476190476,22.7533695618802,7390172.361,0.6294686609136857,-36683556.94,0.02665676398752,13.850971562671363,-86.4670307824303,37.09975843030331,27.81408859840232,29.26652142338416,-72.18591140159768,False,False,True,494,212,6,3,110.4382,20883.502699999997,-0.9894790405930884,2,2,0.009671179883945946,1
1785024000000,0.01551,0.01707,0.01512,0.01566,5163958.01,2026-07-26,0.0096711798839459,0.0096247133742096,0.0096711798839459,0.0619328430352588,1.1832253048117891,0.0898101549265966,1.715820600674162,0.1127415525080338,2.153924336322295,0.1066908402987322,2.038325641876709,0.015468,0.0156635849206472,0.016119,0.0163542297082423,0.018013,0.0184797144085682,0.0270556,0.0236730950100115,,0.0263791766288692,0.21583850931677,21.583850931677013,-0.2255192878338278,-22.55192878338278,-0.2521489971346704,-25.214899713467048,50.53435114503817,47.21613327487944,39.66900702106319,0.0167275083775951,0.0198393560700979,-0.0031118476925027,-0.0033841346798836,0.0002722869873808,1.7387419372977868,0.018013,0.002709968148968,0.023432936297936,0.0125930637020639,0.6017805249471044,0.2829310280919704,0.0032442857142857,20.71702244116037,0.0033178571428571,21.18682722130998,0.0033195238095238,21.19747004804476,7298763.904000001,0.7075113098493231,-31519598.93,0.0265402771530645,13.345443093502288,-65.94433821967291,42.775346599608085,28.903413217138716,29.460179133381743,-71.0965867828613,True,False,False,494,212,6,3,110.4382,20883.502699999997,-0.9894790405930884,2,2,-0.011494252873563204,0
1785110400000,0.01566,0.01754,0.01535,0.01548,7688712.55,2026-07-27,-0.0114942528735632,-0.0115608224010759,0.0114942528735632,0.0398237225153032,0.7608311503653054,0.0884343177426991,1.6895352681832605,0.1105036003974893,2.1111683212844308,0.1004300263941736,1.9187129601793125,0.0156539999999999,0.0156023899470981,0.0157789999999999,0.0161952788506726,0.0176495,0.0181939986743003,0.0264374,0.0233434875654254,,0.026122605954202,0.0639175257731958,6.39175257731959,-0.1800847457627118,-18.008474576271187,-0.3195604395604395,-31.95604395604395,82.33830845771146,44.12437128486511,38.601823708206695,0.0165355839712166,0.0195161688684287,-0.0029805848972121,-0.0033034247232513,0.0003228398260391,2.085528591984439,0.0176495,0.0025222055406873,0.0226939110813746,0.0126050889186253,0.5716208483384448,0.2849600315079029,0.0027214285714285,17.580287929125134,0.0033192857142857,21.442414174972317,0.00327,21.124031007751935,7347948.1755,1.0463754460920394,-39208311.48,0.0263742224906938,13.03651291547126,-53.76115295686338,42.61264665671784,27.596223674655057,28.104575163398696,-72.40377632534495,True,False,False,494,212,6,3,110.4382,20883.502699999997,-0.9894790405930884,2,2,-0.1763565891472869,0
1785196800000,0.01548,0.01595,0.01253,0.01275,10948084.96,2026-07-28,-0.1763565891472869,-0.194017596557146,0.1763565891472869,0.0816824058733298,1.560540173042083,0.1019745592573145,1.9482212190968196,0.1136086441643886,2.1704900991568223,0.1019586823372126,1.9479178909641788,0.0150879999999999,0.0146515932980654,0.0152,0.0155688645092675,0.0172955,0.017675475571026,0.0258739999999999,0.0229177443505396,,0.0258089822808085,-0.1816431322207959,-18.1643132220796,-0.3122977346278318,-31.22977346278318,-0.357034795763994,-35.7034795763994,32.283464566929126,22.3779854620976,33.04369414101291,0.0159531863329497,0.0190145803891045,-0.0030613940561548,-0.003255018589785,0.0001936245336301,1.5186237931779427,0.0172955,0.0026912440382998,0.0226779880765996,0.0119130119234003,0.6224148566505389,0.0777510386171121,0.0026457142857142,20.75070028011204,0.0030107142857142,23.61344537815126,0.00318,24.94117647058824,7367034.751999999,1.486091124658781,-50156396.44,0.0260938847087337,15.078238874984972,-118.9696626539639,33.441840210666726,8.608205953338695,21.702614281710822,-91.3917940466613,False,True,False,494,212,6,3,110.4382,20883.502699999997,-0.9894790405930884,2,2,-0.01098039215686275,0
1785283200000,0.01275,0.01363,0.01144,0.01261,9914236.63,2026-07-29,-0.0109803921568627,-0.0110411216276069,0.0109803921568627,0.0752742972607747,1.4381134298996614,0.1021885882918885,1.9523102380609283,0.1129434871832814,2.1577822928759107,0.1010709247780047,1.9309573066100147,0.014402,0.0139710621987102,0.014665,0.0150308891404895,0.016898,0.0171930097265154,0.0253987999999999,0.0225038877839019,,0.0255005565258274,-0.2138403990024937,-21.38403990024937,-0.2978841870824054,-29.78841870824054,-0.3866731517509727,-38.66731517509727,14.55847255369926,28.29940906106367,36.28680479825517,0.0154388498961438,0.0185398245453016,-0.0031009746491577,-0.0032242098016356,0.0001232351524778,0.9772811457405124,0.016898,0.002769665759808,0.022437331519616,0.0113586684803839,0.6556197798101585,0.1129496867252645,0.0025385714285714,20.1314149767758,0.002755,21.847739888977003,0.0030871428571428,24.48170386314716,7609937.411499999,1.302801336449599,-60070633.07,0.0258272301015991,17.32075992253747,-138.96454905665323,33.96901965477642,12.70358306188924,16.30267089662766,-87.29641693811075,False,True,False,494,212,6,3,110.4382,20883.502699999997,-0.9894790405930884,2,2,-0.024583663758921404,0
1785369600000,0.01261,0.01307,0.0118,0.0123,6470177.32,2026-07-30,-0.0245836637589214,-0.0248908875984562,0.0245836637589214,0.0756884176070996,1.4460251880072323,0.0956965983488705,1.8282809443501675,0.1129378205790882,2.1576740325548083,0.100931697230447,1.9282973680487667,0.01376,0.0134140414658068,0.0143359999999999,0.0145343638396085,0.016512,0.0167269741920515,0.0249566,0.0220945835084292,,0.0251931898726588,-0.2069632495164409,-20.696324951644097,-0.2110327132777421,-21.103271327774213,-0.3856143856143855,-38.56143856143856,3.712871287128735,22.76478679504814,37.74815655133294,0.0149559498502426,0.018077306381232,-0.0031213565309894,-0.0032036391474935,8.228261650416926e-05,0.6689643618225143,0.016512,0.0028484965563572,0.0222089931127145,0.0108150068872854,0.6900427704353851,0.1303313066501987,0.0020985714285714,17.06155632984901,0.0027007142857142,21.95702671312427,0.003075238095238,25.001935733643045,7377739.606999999,0.8769864029710531,-66540810.39,0.0256566436305269,20.81934773260241,-128.22949187819555,34.81046743977804,9.794988610478358,10.368925875235428,-90.20501138952164,False,False,True,494,212,6,3,110.4382,20883.502699999997,-0.9894790405930884,2,2,0.047967479674796865,1
1785456000000,0.0123,0.01385,0.01201,0.01289,6295696.44,2026-07-31,0.0479674796747968,0.0468525545727243,0.0479674796747968,0.0838200598185182,1.601379994321363,0.0803064533839191,1.5342526376424463,0.1123046616132814,2.145577547497848,0.0995105275541346,1.901145959506345,0.0132059999999999,0.0132393609772045,0.0143369999999999,0.0142353885947574,0.0162515,0.0163615235245281,0.0244448,0.0217256947610521,,0.0249077119829293,-0.1768837803320562,-17.688378033205616,0.0007763975155279,0.0776397515527918,-0.2878453038674033,-28.784530386740336,18.048780487804905,28.28136330674401,35.51703877790834,0.0146381113772816,0.0176928236726257,-0.0030547122953441,-0.0031738537770488,0.0001191414817047,0.9242938844432456,0.0162515,0.0029326174315788,0.0221167348631577,0.0103862651368422,0.7218084316103441,0.2134385852887894,0.0020628571428571,16.00354649229746,0.0026535714285714,20.58627950792419,0.002947619047619,22.867486793010453,7442631.450999999,0.8458965732011497,-60245113.95,0.0255011905910166,23.56660587585755,-102.39946766776904,40.51684474179899,17.92336217552534,13.473977949297645,-82.07663782447466,True,False,False,494,212,6,3,110.4382,20883.502699999997,-0.9894790405930884,2,2,-0.15128006206361522,0
1785542400000,0.01289,0.0133,0.00948,0.01094,10734948.32,2026-08-01,-0.1512800620636152,-0.1640260199572608,0.1512800620636152,0.0963570324597167,1.8408985203214383,0.0802595746807519,1.5333570212759808,0.1160916414198004,2.21792769511393,0.1012317379368617,1.9340296376960897,0.012298,0.0124729073181363,0.0139759999999999,0.0136362270299657,0.015952,0.0158451565611368,0.0239303999999999,0.0212938122221099,,0.0245847099623878,-0.29328165374677,-29.32816537467701,-0.2481099656357388,-24.810996563573884,-0.3538098050797401,-35.380980507974016,10.0,25.32467532467531,36.5588146356214,0.0140691711131943,0.017192327898527,-0.0031231567853326,-0.0031637143787016,4.0557593368929605e-05,0.370727544505755,0.015952,0.0031569665653498,0.0222659331306997,0.0096380668693002,0.7916164908099041,0.1031000094354417,0.0023828571428571,21.78114390180203,0.0027878571428571,25.483154870723425,0.0030085714285714,27.50065291198745,7633029.2655,1.4063811295104225,-70980062.27000001,0.0252105211594524,26.274590555695365,-136.13466027767538,39.72825514987823,16.06160616061606,14.593318982206585,-83.93839383938393,False,True,False,494,212,6,3,110.4382,20883.502699999997,-0.9894790405930884,2,2,0.034734917733089565,1
1785628800000,0.01094,0.01159,0.01086,0.01132,5856047.89,2026-08-02,0.0347349177330895,0.0341452757812017,0.0347349177330895,0.0789760671616077,1.5088356445534057,0.0761857532352421,1.4555267718416391,0.115140239217086,2.199751181552869,0.0970154915465587,1.8534783635120888,0.012012,0.0120886048787575,0.01355,0.0132150948414866,0.0156155,0.0154141655651323,0.0232847999999999,0.0208947690150698,,0.0242789807126611,-0.1121568627450979,-11.215686274509796,-0.2734274711168164,-27.342747111681643,-0.3728531855955679,-37.28531855955679,15.901639344262293,28.157894736842096,35.880195599022,0.0136462216783305,0.0167571098770593,-0.0031108881987287,-0.0031531491427036,4.226094397491356e-05,0.3733298937713211,0.0156155,0.0032779285419783,0.0221713570839566,0.0090596429160433,0.8396602201603063,0.1723921872464346,0.0022085714285714,19.51034830893488,0.0027264285714285,24.085058051489145,0.0029480952380952,26.04324415278479,7564439.8905,0.77415485809524,-65124014.38000001,0.02505708053757,29.520629777116188,-122.4245920553816,44.30526547182065,20.39911308203991,18.12802713939377,-79.6008869179601,False,False,True,494,212,6,3,110.4382,20883.502699999997,-0.9894790405930884,2,2,0.019434628975264934,1
1785715200000,0.01132,0.01217,0.01089,0.01154,7414312.3,2026-08-03,0.0194346289752649,0.0192481883049165,0.0194346289752649,0.081067852567187,1.5487991486138992,0.0753933175583337,1.440387309491752,0.0893256717406291,1.7065645624027352,0.0969833015559562,1.8528633746051395,0.011798,0.0119057365858383,0.0131,0.012910532142317,0.015023,0.0150451790546292,0.0227006,0.0205207898854444,,0.0239863187173365,-0.084853291038858,-8.485329103885803,-0.2805486284289276,-28.054862842892764,-0.506626763574177,-50.6626763574177,33.14763231197773,34.48275862068965,36.913580246913575,0.0133221875526869,0.0163704674666992,-0.0030482799140123,-0.00313217529696,8.389538294773955e-05,0.7269963860289389,0.015023,0.0028404708653394,0.0207039417306789,0.009342058269321,0.7562992385913548,0.1934487128084196,0.0020785714285714,18.01188412973508,0.0024,20.797227036395142,0.0029057142857142,25.17949987620698,7577710.953,0.9784369377489504,-57709702.08000001,0.0248713835900256,30.03945253633142,-104.57104083641543,53.44729813043801,24.52380952380952,20.328176255488493,-75.47619047619048,True,False,False,494,212,6,3,110.4382,20883.502699999997,-0.9894790405930884,2,2,0.06412478336221827,1
1785801600000,0.01154,0.01263,0.01146,0.01228,7498342.24,2026-08-04,0.0641247833622182,0.0621526616390428,0.0641247833622182,0.0878035490259157,1.677484448769774,0.080955634621821,1.546655227777979,0.0845624124443226,1.6155626213234082,0.0974617335094248,1.862003804242,0.0117939999999999,0.0120304910572255,0.012777,0.0127958899344021,0.014676,0.0147818168112197,0.0221862,0.0201915954640945,0.0269165,0.0237182311359963,-0.0016260162601626,-0.1626016260162676,-0.2082527401676338,-20.82527401676338,-0.3610822060353799,-36.10822060353799,46.06205250596658,47.29241877256317,40.67905188981422,0.0131618509972079,0.0160673320728035,-0.0029054810755956,-0.0030868364526779,0.0001813553770823,1.4768353182598577,0.014676,0.0027222115622181,0.0201204231244362,0.0092315768755637,0.7419491856686065,0.279958322007889,0.0017571428571428,14.308980921358769,0.0022014285714285,17.926942764076315,0.0025928571428571,21.114471847370872,7585900.297,0.9884577896397312,-50211359.84000001,0.0246967786995903,28.608452249331147,-79.53128143230737,61.87124774372388,33.33333333333332,26.08541864639425,-66.66666666666669,True,False,False,494,212,6,3,110.4382,20883.502699999997,-0.9894790405930884,2,2,-0.0480456026058631,0
1785888000000,0.01228,0.01257,0.01148,0.01169,6377343.36,2026-08-05,-0.0480456026058631,-0.0492381472350192,0.0480456026058631,0.0859898668811302,1.6428341000465003,0.0806719545252268,1.5412355271423948,0.083114226530036,1.5878950682792128,0.0975559019704618,1.8638028901640005,0.011554,0.0119169940381503,0.01238,0.0125948190369209,0.0142495,0.0144873460721056,0.0216754,0.0198522308203867,0.0268521999999999,0.0234436224513542,-0.0930954228083785,-9.309542280837857,-0.2535121328224776,-25.35121328224776,-0.4218595450049455,-42.18595450049455,43.17673378076063,35.7,41.44908616187989,0.0129354123716032,0.0157429487127954,-0.0028075363411921,-0.0030309764303716,0.0002234400891795,1.9113780083790517,0.0142495,0.0024638490961139,0.0191771981922278,0.0093218018077721,0.6916310315769454,0.2402945655197649,0.0015999999999999,13.6869118905047,0.0020692857142857,17.701332029817912,0.0023699999999999,20.27373823781009,7601140.419500001,0.8389982302707544,-56588703.20000001,0.0245495795644782,27.53443003124384,-79.34104667136276,54.57116288862812,26.30952380952381,28.055555555555543,-73.69047619047619,False,False,True,494,212,6,3,110.4382,20883.502699999997,-0.9894790405930884,2,2,-0.10436270316509844,0
1785974400000,0.01169,0.01179,0.0102,0.01047,7679259.99,2026-08-06,-0.1043627031650984,-0.1102197506015316,0.1043627031650984,0.0683070425151239,1.305004214883798,0.0841327802523789,1.607354509821403,0.0845681618840719,1.6156724642155873,0.0982086611279055,1.8762738363563995,0.01146,0.0114346626921002,0.0118789999999999,0.0122084883024368,0.013829,0.0141047275827901,0.0211316,0.0194779759406137,0.0267745,0.023148324425992,-0.0429616087751371,-4.29616087751371,-0.3236434108527132,-32.36434108527132,-0.4454449152542373,-44.54449152542373,26.27450980392156,24.92639842983317,37.67078724788549,0.0125561181454932,0.0153522076311387,-0.0027960894856455,-0.0029839990414203,0.0001879095557748,1.7947426530545971,0.013829,0.0023468588188874,0.0185227176377749,0.009135282362225,0.6788224221237845,0.1421812879233657,0.0016457142857142,15.718379042161274,0.0018721428571428,17.881020603083638,0.0023490476190476,22.435984900168275,7696088.2805,0.9978133968989624,-64267963.19000001,0.0243618149352548,29.787364256413355,-106.51342947439302,46.82714739396189,12.282878411910666,23.9752451849226,-87.71712158808933,False,True,False,494,212,6,3,110.4382,20883.502699999997,-0.9894790405930884,2,2,0.006685768863419428,1
1786060800000,0.01047,0.01097,0.00984,0.01054,9542082.94,2026-08-07,0.0066857688634194,0.0066635182307709,0.0066857688634194,0.065118152385447,1.2440805544997555,0.0683833898528172,1.3064628287223756,0.0848625322505144,1.6212964021698522,0.0975281567252429,1.863272817998372,0.011304,0.0111364417947335,0.011658,0.0119051267925826,0.013429,0.0137652183967551,0.0206678,0.0191216824446866,0.0266777,0.0228621879040042,-0.0689045936395759,-6.890459363957592,-0.1733333333333332,-17.33333333333332,-0.4314994606256742,-43.149946062567416,43.78881987577641,21.938775510204096,24.77424420887317,0.0122459461126652,0.0149956191238026,-0.0027496730111373,-0.0029371338353588,0.0001874608242214,1.7785656947008672,0.013429,0.0021772892368844,0.0177835784737689,0.009074421526231,0.6485335428950707,0.1682801771281978,0.0015442857142857,14.65166711846028,0.0018035714285714,17.111683383030627,0.0022838095238095,21.668022047528684,7933439.973,1.202767396296527,-54725880.250000015,0.0241293561213958,32.649729567034136,-111.95322650498048,39.64533377823942,13.151364764267992,17.247922328567487,-86.848635235732,False,True,False,494,212,6,3,110.4382,20883.502699999997,-0.9894790405930884,2,2,-0.03700189753320693,0
1786147200000,0.01054,0.01134,0.00988,0.01015,9278090.44,2026-08-08,-0.0370018975332069,-0.03770383762542,0.0370018975332069,0.0630725892565495,1.2050001257953349,0.0686391135014651,1.31134842216989,0.0848971684289973,1.6219581254306354,0.0966698298470252,1.8468745060150336,0.011026,0.0108076278631556,0.011412,0.0115860128300192,0.0130385,0.013420901494916,0.0201472,0.0187642766224537,0.0265597,0.0225745262741331,-0.1204506065857886,-12.045060658578862,-0.1950832672482157,-19.50832672482157,-0.4348552338530067,-43.485523385300674,31.888544891640848,22.25672877846792,29.09174734900876,0.0119234928553754,0.0146365643990801,-0.0027130715437047,-0.0028923213770242,0.0001792498333195,1.76600821004516,0.0130385,0.0020162922589953,0.0170710845179907,0.0090059154820093,0.6185657120053226,0.1418549955849106,0.0012071428571428,11.893033075299083,0.0017949999999999,17.684729064039406,0.0022609523809523,22.275392915787005,8158025.9935,1.137296013446442,-64003970.69000001,0.0239107651388674,35.17723809680511,-104.74013459088096,46.04928476215399,8.312655086848618,11.248966087675756,-91.68734491315138,True,False,False,494,212,6,3,110.4382,20883.502699999997,-0.9894790405930884,2,2,-0.04729064039408859,0
1786233600000,0.01015,0.01027,0.00949,0.00967,6364869.49,2026-08-09,-0.0472906403940885,-0.0484453960225933,0.0472906403940885,0.0395879129491182,0.7563260149290402,0.0692090300765056,1.3222366630477662,0.081291971055544,1.5530809263218794,0.0958547132156779,1.8313017246390195,0.010504,0.0104284185754371,0.011149,0.0112376468606786,0.0127425,0.0130636630298628,0.0195666,0.0184022119959374,0.0264553,0.022283335402436,-0.2125407166123778,-21.254071661237784,-0.2138211382113821,-21.382113821138216,-0.3797305965362412,-37.97305965362412,23.20916905444126,20.020020020020013,25.082664147378367,0.0115768016384977,0.0142685568822002,-0.0026917552437025,-0.0028522081503572,0.0001604529066547,1.6592854876391512,0.0127425,0.0020561534731783,0.0168548069463567,0.0086301930536432,0.6454474312508163,0.1264262322730996,0.0012142857142857,12.557246269759196,0.0017114285714285,17.698330624907662,0.0022223809523809,22.982222878810266,7832015.775,0.812673221409593,-70368840.18,0.0237577921819299,37.80864038535928,-118.95831927263616,40.594194093913735,2.3573200992555736,7.940446650124059,-97.64267990074444,False,True,False,494,212,6,3,110.4382,20883.502699999997,-0.9894790405930884,2,2,0.1271975180972078,1
1786320000000,0.00967,0.011569,0.009172,0.0109,8916950.34,2026-08-10,0.1271975180972078,0.119734479769895,0.1271975180972078,0.0867770615217085,1.657873432537892,0.0814909797029771,1.55688298119259,0.0792075595406614,1.513258300245338,0.0957819296295174,1.829911196177876,0.010346,0.0105856123836247,0.01095,0.0111762565223379,0.0126434999999999,0.0128575947949851,0.0189104,0.0181037093306015,0.0263914,0.0220271780032737,-0.067579127459367,-6.7579127459367045,-0.1543832428238944,-15.438324282389452,-0.1537267080745342,-15.372670807453424,32.663316582914575,29.257246376811597,31.054131054131048,0.0114726783073739,0.0140189626484692,-0.0025462843410952,-0.0027910233885015,0.0002447390474063,2.245312361526115,0.0126434999999999,0.0020964563459625,0.0168364126919251,0.0084505873080748,0.6632518989085489,0.2920896369536024,0.0013738571428571,12.604193971166447,0.0017262142857142,15.83682830930537,0.0020579523809523,18.88029707295762,7727835.5395,1.153874237413823,-61451889.84,0.0235600147427596,39.45225080671336,-82.01417352902527,39.2391686907833,25.49424609029213,12.054740425465438,-74.50575390970788,True,True,False,494,212,6,3,110.4382,20883.502699999997,-0.9894790405930884,2,2,0.17238532110091742,1
1786406400000,0.0109,0.013884,0.0107,0.012779,9298387.93,2026-08-11,0.1723853211009174,0.1590404093914682,0.1723853211009174,0.0996135997165333,1.9031151504040145,0.0849268288849965,1.6225247876468456,0.0834972940659653,1.5952135632771791,0.0986675810477594,1.8850414891144716,0.0108078,0.0113167415890831,0.0111339,0.0114676644275052,0.0125549499999999,0.0128501094091578,0.01839458,0.0178919678062038,0.02632439,0.0218196282770778,0.2205348615090736,22.05348615090736,0.1680987202925046,16.80987202925046,-0.1217182130584192,-12.171821305841926,60.33402922755741,50.142310334674654,37.25386079030046,0.0116736508789393,0.0139270891938081,-0.0022534383148687,-0.0026835063737704,0.0004300680589016,3.365428115671649,0.0125549499999999,0.0020485457094447,0.0166520414188895,0.0084578585811104,0.6526655094428161,0.5273425678234838,0.0016615714285714,13.002358780588688,0.0017093571428571,13.376298167752894,0.0020214761904761,15.818735350780113,7705501.2625,1.2067207068347423,-52153501.91,0.023389305558947,36.14435369171254,-7.983930167084695,49.3719159437284,76.54923599320882,34.800267394252174,-23.450764006791168,True,False,False,494,212,6,3,110.4382,20883.502699999997,-0.9894790405930884,2,2,-0.09460834181078326,0
1786492800000,0.012779,0.013471,0.0114,0.01157,7324286.33,2026-08-12,-0.0946083418107832,-0.0993876574209809,0.0946083418107832,0.1178339551057542,2.251214551345716,0.0917993533378545,1.753824182960087,0.0839835884820429,1.6045042050512712,0.0992746250498363,1.8966390484899176,0.0110137999999999,0.0114011610593887,0.0111589,0.0114862708952387,0.01235445,0.0127281917625903,0.01786918,0.0176407076945991,0.02626419,0.0215902094973626,0.0977229601518026,9.772296015180263,0.0220848056537101,2.2084805653710267,-0.2573812580231065,-25.73812580231065,60.4602510460251,45.3810623556582,36.24504907869812,0.0116577045896388,0.0137524471015718,-0.002094742511933,-0.0025657536013989,0.0004710110894658,4.070968794000765,0.01235445,0.0019296774335024,0.016213804867005,0.008495095132995,0.6247716194577664,0.3983703200363171,0.0018017142857142,15.57229287566366,0.0017008571428571,14.700580318557844,0.0019800952380952,17.11404700168745,7666686.2355,0.9553392567554748,-59477788.24,0.0232548131128701,33.31298793206819,-14.769106452531146,50.78580902215764,50.89134125636673,50.97827444662256,-49.10865874363327,False,False,True,494,212,6,3,110.4382,20883.502699999997,-0.9894790405930884,2,2,-0.19801210025929128,0
1786579200000,0.01157,0.011693,0.009106,0.009279,12945886.31,2026-08-13,-0.1980121002592912,-0.2206617588345429,0.1980121002592912,0.1548923569437301,2.959214324351673,0.111799332311926,2.135923244751142,0.0930725960324873,1.7781494504857294,0.1024349792555871,1.9570175308128408,0.0108396,0.0106937740395925,0.0109328,0.0110849489141591,0.0120164,0.0123996913003816,0.01732796,0.0173085556891109,0.02611848,0.0213153555134372,-0.0858128078817732,-8.581280788177326,-0.1959272097053725,-19.59272097053725,-0.421508728179551,-42.150872817955104,41.56972857333868,38.5905279854974,36.368741630308,0.0112917500328639,0.0134210052762282,-0.0021292552433643,-0.0024784539297896,0.0003491986864252,3.7633224100149807,0.0120164,0.0018401802371679,0.0156967604743359,0.008336039525664,0.6125562521780109,0.1281070809383246,0.0019441428571428,20.952073037427063,0.0017949285714285,19.34398719073792,0.0018961428571428,20.434775914892302,8018177.7845,1.6145671320765411,-72423674.55,0.0229808813317196,30.216769436832887,-102.97817301451184,48.833704428672085,3.62076182503142,43.687113024868985,-96.37923817496858,False,True,False,494,212,6,3,110.4382,20883.502699999997,-0.9894790405930884,2,2,0.025326004957430648,1
1786665600000,0.009279,0.009683,0.008036,0.009514,12215688.49,2026-08-14,0.0253260049574306,0.0250106156390473,0.0253260049574306,0.1536947755095262,2.936334563176876,0.1093604940261596,2.089329304724528,0.0936459866417601,1.7891040626944206,0.1019387992202799,1.9475380245485523,0.0108084,0.010300516026395,0.0106562,0.0107993218387835,0.0117166,0.0121248590092683,0.01686744,0.0169990896476521,0.0259150199999999,0.0210525474806928,-0.0161323681489141,-1.6132368148914156,-0.225244299674267,-22.524429967426705,-0.386589297227595,-38.65892972275951,45.65811032222829,36.89847873331263,41.85934023411048,0.0110182500249478,0.0131315365259018,-0.0021132865009539,-0.0024054204440208,0.0002921339430669,3.070569088363475,0.0117166,0.0017259347856193,0.0151684695712387,0.0082647304287612,0.5892271770374856,0.18095550041168,0.002018,21.21084717258777,0.0017811428571428,18.721282921409053,0.0018750476190476,19.70829954853499,8396368.114,1.4548776714102984,-60207986.06,0.0227144293326211,28.942317728085857,-137.70497179588085,41.58323814387454,25.273597811217503,26.595233630871885,-74.72640218878249,False,True,False,494,212,6,3,110.4382,20883.502699999997,-0.9894790405930884,2,2,0.09049821315955442,1
1786752000000,0.009514,0.012483,0.009172,0.010375,8139645.58,2026-08-15,0.0904982131595544,0.0866346681066723,0.0904982131595544,0.1472274354695226,2.8127762052019603,0.1140557018856711,2.179031124929398,0.0966807796558702,1.8470837018192845,0.1012629719688149,1.9346263630386893,0.0107034,0.0103253440175966,0.0105247,0.0107221724135337,0.01145235,0.0119582032749589,0.01652294,0.0167362224969772,0.02574547,0.0208153511177271,-0.0481651376146788,-4.816513761467885,-0.1124893071000855,-11.248930710008556,-0.3374840357598978,-33.748403575989784,54.574951330305,47.60491733785503,39.49156808457086,0.0109192884817725,0.0129273088172443,-0.0020080203354718,-0.0023259404223096,0.0003179200868378,3.0642899936179107,0.01145235,0.0014770363739598,0.0144064227479196,0.0084982772520803,0.515889358589225,0.3176500560524955,0.0022824285714285,21.99931153184165,0.0017447857142857,16.817211703958694,0.0019574761904761,18.86724039013196,8545152.4925,0.9525453860705342,-52068340.48,0.0225626452452833,26.763685684129605,-52.683387801708825,49.42648983153835,39.99658002735979,22.96364655453624,-60.003419972640216,True,False,False,494,212,6,3,110.4382,20883.502699999997,-0.9894790405930884,2,2,-0.06457831325301211,0
1786838400000,0.010375,0.010675,0.009239,0.009705,6513895.28,2026-08-16,-0.0645783132530121,-0.0667578494957884,0.0645783132530121,0.1112529644568739,2.1254849015369413,0.1108902079275712,2.1185544477757223,0.0972836262436012,1.858601069706249,0.1013971300978318,1.9371894504947031,0.0100886,0.0101185626783977,0.0104482,0.0105372319746773,0.0111636,0.0117436095797724,0.01615504,0.0164573293581887,0.02556812,0.020569134241727,-0.2405509038265905,-24.055090382659053,-0.0730659025787965,-7.306590257879657,-0.3730620155038759,-37.3062015503876,41.63750874737579,43.31816301199834,34.93975903614458,0.0107324748677933,0.0126885761778148,-0.0019561013100214,-0.002251972599851,0.0002958712898295,3.0486480147297965,0.0111636,0.0011835457165476,0.0135306914330953,0.0087965085669046,0.4240731364605156,0.1919003677663867,0.0023761428571428,24.48369765216752,0.0017952142857142,18.49782880694782,0.0019329999999999,19.917568263781558,8486411.629,0.7675676793405279,-58582235.76,0.0224358786260295,24.72442530588785,-94.47867984614764,44.35988813361234,28.539671682626537,31.26994984040128,-71.46032831737345,False,False,True,494,212,6,3,110.4382,20883.502699999997,-0.9894790405930884,2,2,0.3704276146316332,1
1786924800000,0.009705,0.01509,0.009546,0.0133,10236647.32,2026-08-17,0.3704276146316332,0.3151228186067345,0.3704276146316332,0.2117912976815838,4.046267060808268,0.1619403374056966,3.093865802012244,0.1237881739966219,2.3649697435310992,0.1140844830947559,2.1795809891568934,0.0104346,0.0111790417855985,0.0107242,0.0110395534338982,0.0111910999999999,0.0118918390556586,0.01592584,0.0163321502639237,0.02540492,0.0204084218352983,0.1495246326707,14.952463267069998,0.2618595825426943,26.18595825426944,0.0431372549019608,4.31372549019608,52.93984877553324,55.6921086675291,43.94876325088339,0.0111274787367892,0.0127338744030696,-0.0016063956662804,-0.0021228572131354,0.000516461546855,3.883169525225612,0.0111910999999999,0.0012279045865557,0.0136469091731114,0.0087352908268885,0.4388861100537879,0.9293696804886628,0.0028257142857142,21.24597207303974,0.0020997857142857,15.787862513426424,0.0020927142857142,15.73469387755102,8450839.747,1.211317173968889,-48345588.44,0.0222845523845674,25.83592325281575,98.40097968558656,46.19881065391693,74.62432662319252,47.72019277772628,-25.375673376807484,True,False,False,494,212,6,3,110.4382,20883.502699999997,-0.9894790405930884,2,2,0.13436090225563913,1
1787011200000,0.0133,0.016696,0.012164,0.015087,9213067.93,2026-08-18,0.1343609022556391,0.1260694106302293,0.1343609022556391,0.1631228875395502,3.1164583905970686,0.1626064497620456,3.106591860711524,0.1267893345515933,2.422306835426323,0.1157296246616952,2.211011374661594,0.0115962,0.0124816945237323,0.0112179,0.0117754528096385,0.01131495,0.0121961434725525,0.01574838,0.0162828049015821,0.02520299,0.0202910419494683,0.6259295182670546,62.592951826705445,0.4864039408866996,48.64039408866996,0.1964314036478984,19.64314036478985,68.63015149909947,58.502453504573815,49.11495166757334,0.0117366358574717,0.0129082069846122,-0.0011715711271404,-0.0019325999959347,0.0007610288687942,5.044269031578649,0.01131495,0.0014780005510647,0.0142709511021295,0.0083589488978704,0.5224947705698288,1.1380325767271473,0.0030182857142857,20.005870711776456,0.0023399285714285,15.509568313306632,0.0021456666666666,14.221957093303285,8415781.312,1.0947370883869278,-39132520.51,0.0221797926029631,28.037666593657043,207.08185153913044,47.92474185281815,81.42032332563511,61.52810721048471,-18.57967667436489,True,False,False,494,212,6,3,110.4382,20883.502699999997,-0.9894790405930884,2,2,0.007092198581560183,1
1787097600000,0.015087,0.016136,0.013309,0.015194,7697239.96,2026-08-19,0.0070921985815601,0.0070671672230923,0.0070921985815601,0.1657061810595801,3.165812143999211,0.1598182125693024,3.053322663939902,0.1264508668920777,2.4158404198708268,0.1141677121060394,2.181171077184809,0.0127321999999999,0.0133857963491549,0.0117703,0.0123970068443087,0.01145965,0.0124816564826707,0.01563746,0.0162396733851221,0.02508683,0.0201788645073497,0.5970149253731343,59.70149253731343,0.5712512926577042,57.125129265770425,0.2352845528455283,23.52845528455284,90.76498966230186,60.933599600599095,49.02322461641653,0.012268538035658,0.0130775492537246,-0.0008090112180665,-0.0017078822403595,0.0008988710222929,5.915960394188365,0.01145965,0.0017039145418094,0.0148674790836189,0.008051820916381,0.5947527339175271,1.0479074666553188,0.0031262857142857,20.57579119577277,0.002464,16.21692773463209,0.002176,14.321442674740029,8477134.444,0.908000222344946,-31435280.55,0.0220970621543025,30.192243577879676,189.33453073223453,54.72780344359719,82.65588914549653,79.56684636477472,-17.344110854503462,False,False,True,494,212,6,3,110.4382,20883.502699999997,-0.9894790405930884,2,2,0.20712123206528887,1
1787184000000,0.015194,0.019499,0.0142,0.018341,6996132.63,2026-08-20,0.2071212320652888,0.1882383778878656,0.2071212320652888,0.1708327206004896,3.2637545444065204,0.1656117412178094,3.1640078733555725,0.1332760487615412,2.546235336398304,0.1178680859042205,2.25186661933484,0.0143253999999999,0.0150375308994366,0.0125144,0.0134777328727002,0.0117322,0.0130396942643495,0.01558668,0.0163228814516329,0.02504374,0.020138505204051,0.7678072289156626,76.78072289156626,0.6826605504587155,68.26605504587155,0.4228859581070596,42.28859581070597,93.41005212943836,71.92356971756448,55.33350732634875,0.0132027629568348,0.0134674862356625,-0.0002647232788277,-0.0014192504480514,0.0011545271692237,6.29478855691483,0.0117322,0.0022824799209355,0.0162971598418711,0.0071672401581288,0.7781933212647503,1.2238617894709771,0.0035137142857142,19.157702882690614,0.0027289285714285,14.878842873499655,0.0023678571428571,12.91018561069267,8512156.253500002,0.8218989902967714,-24439147.92,0.0220486296151646,31.321107985086883,258.2135273383116,61.65206807767365,89.8979324784088,84.65804831651347,-10.102067521591202,True,False,False,494,212,6,3,110.4382,20883.502699999997,-0.9894790405930884,2,2,0.12005888446649582,1
1787270400000,0.018341,0.02055,0.015496,0.020543,10121411.4,2026-08-21,0.1200588844664958,0.1133812593414785,0.1200588844664958,0.1340041916969582,2.560146487646678,0.1626418835883426,3.1072688230123995,0.1280177477035471,2.445775635741657,0.1173193965642823,2.241383924214164,0.016493,0.016872687266291,0.0132908,0.0147623268959273,0.01221235,0.0137543006798266,0.01551954,0.0164899253320209,0.02504937,0.0201473687387571,1.1167439464193714,111.67439464193714,0.6075592769387275,60.75592769387275,0.8777879341864716,87.77879341864715,94.17796315606536,74.90414778668526,64.81953371619822,0.0143320301979123,0.0139916627681803,0.000340367429732,-0.0010673268724931,0.0014076943022252,6.852428088522673,0.01221235,0.0030032991731901,0.0182189483463802,0.0062057516536197,0.9836924664589998,1.1934582204102462,0.0040004285714285,19.4734389886023,0.0030092142857142,14.64836823109714,0.0025209047619047,12.271356481062952,8481479.407499999,1.1933544743443985,-14317736.519999998,0.0220023247359079,32.66018277574228,244.67216907712623,70.39024281247767,99.9440626498322,90.83262809124584,-0.0559373501678125,True,False,False,494,212,6,3,110.4382,20883.502699999997,-0.9894790405930884,2,2,0.01080660078858986,1
1787356800000,0.020543,0.025968,0.019862,0.020765,8951598.05,2026-08-22,0.0108066007885898,0.0107486267723428,0.0108066007885898,0.0859662239208848,1.6423824019252442,0.1547489869472968,2.95647524441578,0.1281741528651035,2.448763752157551,0.1172861173448823,2.240748125620256,0.017986,0.018170124844194,0.0142103,0.0158537220058155,0.0126845999999999,0.0144219912909858,0.01544524,0.016659082435778,0.02505742,0.0201608741438044,0.5612781954887218,56.12781954887218,0.7947277441659462,79.47277441659463,0.8343639575971731,83.4363957597173,100.0,76.65076575445644,65.45971563981043,0.0153217178624916,0.0144934485361232,0.0008282693263684,-0.0006882076327194,0.0015164769590879,7.303043385927824,0.0126845999999999,0.0035486650180774,0.0197819300361549,0.005587269963845,1.1190467237681778,1.0692563230705896,0.0043997142857142,21.188125623473564,0.0033410714285714,16.08991778748581,0.0026297619047619,12.664396362927546,8636256.9155,1.0365136351993005,-5366138.469999997,0.0220048125537383,34.83017072187966,256.99899916828514,72.2228213489853,70.9848315859915,86.94227557141083,-29.015168414008485,True,False,False,494,212,6,3,110.4382,20883.502699999997,-0.9894790405930884,2,2,0.007946063086925248,1
1787443200000,0.020765,0.023445,0.019473,0.02093,4624550.6,2026-08-23,0.0079460630869252,0.0079146593751916,0.0079460630869252,0.0903025957177745,1.725228668779666,0.1261286047014904,2.409683609364488,0.1282878104286874,2.4509351768609045,0.1167803796555247,2.2310860206317247,0.0191546,0.0190900832294626,0.0153754,0.0167766816411611,0.0131540999999999,0.0150418058114238,0.01533564,0.0168280154953828,0.02508692,0.0201776575494297,0.3872870683369789,38.72870683369789,1.2556309947192583,125.56309947192584,0.8136915077989602,81.36915077989603,100.0,78.72448979591837,66.45062905070529,0.0161845305010376,0.0149702803531654,0.0012142501478722,-0.0003077160766,0.0015219662244722,7.271697202447412,0.0131540999999999,0.0039837522103771,0.0211216044207542,0.0051865955792457,1.2114100426109329,0.987975882369445,0.004762,22.75203057811753,0.0035690714285714,17.05241963005938,0.0027841428571428,13.302163674834484,8496768.8305,0.5442716745923125,-741587.8699999973,0.0220001082111706,36.18386367905615,178.3168544074807,70.67505119398844,71.90497434753512,80.94462286111961,-28.095025652464862,False,True,False,494,212,6,3,110.4382,20883.502699999997,-0.9894790405930884,2,2,-0.09894887720974677,0
1787529600000,0.02093,0.021528,0.0167,0.018859,6184272.21,2026-08-24,-0.0989488772097467,-0.1041932829276802,0.0989488772097467,0.1173498334725043,2.2419654205292594,0.1387946218289179,2.651667526812289,0.1316453358108302,2.5150806092195905,0.1158635713679427,2.213570422891271,0.0198876,0.0190130554863084,0.0163099,0.017155284979145,0.01348305,0.0154053503265335,0.01525942,0.0169083224293513,0.0250908099999999,0.0201489405827189,0.2412136369619588,24.12136369619588,0.9822367038049192,98.22367038049192,0.5357491856677525,53.57491856677527,73.83118524134446,69.46822562496942,60.77009129948396,0.0165959873478414,0.0152583617576369,0.0013376255902044,2.1352256761657737e-05,0.0013162733334427,6.979549994394109,0.01348305,0.0041748181362848,0.0218326862725697,0.0051334137274302,1.238538205015885,0.8219271968565333,0.0046597142857142,24.708172679963333,0.0037427142857142,19.845772764803467,0.0029530952380952,15.658811379687354,8431065.329,0.7335101756035747,-6925860.079999997,0.0219744489258802,36.96080543383986,109.09736472480252,64.1707078546161,60.35578853446353,67.74853148933005,-39.64421146553647,False,True,False,494,212,6,3,110.4382,20883.502699999997,-0.9894790405930884,2,2,-0.013892571186171154,0
1787616000000,0.018859,0.021748,0.017,0.018597,7283984.98,2026-08-25,-0.0138925711861711,-0.0139899761423361,0.0138925711861711,0.078171370871175,1.493461943511036,0.1416857677665584,2.7069027923946005,0.1308073545323859,2.4990709993741427,0.1153307069597735,2.2033900626675305,0.0199388,0.0188743703242056,0.0171321,0.0174174149829442,0.0138284,0.0157093186350379,0.01521256,0.0169750725352997,0.02506508,0.0201152099451345,0.0139577994656778,1.3957799465677951,0.7924819277108432,79.24819277108432,0.5908468776732247,59.08468776732248,71.08687569711239,65.45367615809604,64.71198555124313,0.016903835448686,0.0155056906298512,0.0013981448188347,0.0002967107691767,0.0011014340496579,5.922643704134798,0.0138284,0.0043024175994434,0.0224332351988868,0.0052235648011131,1.2445163864057742,0.7770883979635604,0.0046905714285714,25.222194055876905,0.0038544285714285,20.726077170665008,0.0031234761904761,16.795591710900627,8476397.41,0.8593255634058338,-14209845.06,0.0219456554864396,40.33706554926783,95.90798163543148,64.65700418977764,58.8947133615882,63.71849208119562,-41.10528663841178,True,False,False,494,212,6,3,110.4382,20883.502699999997,-0.9894790405930884,2,2,-0.08791740603323106,0
1787702400000,0.018597,0.018997,0.01518,0.016962,5775924.49,2026-08-26,-0.087917406033231,-0.0920247294483836,0.087917406033231,0.0530754792207774,1.0140056067389565,0.1442814787537276,2.7564937811733343,0.1299602146268904,2.4828864142045672,0.1154193068421472,2.205082761043547,0.0192226,0.0182369135494704,0.0178578,0.0173346122587706,0.0141529999999999,0.0158286222162488,0.0150968,0.0169745559650181,0.0249694,0.0200468087201405,-0.1743172856934234,-17.431728569342344,0.7477588871715612,74.7758887171561,0.6200573065902579,62.0057306590258,39.48452035992071,64.0051948051948,60.34166727765965,0.0169127838412084,0.0156135744190798,0.0012992094221286,0.0004972104997674,0.0008019989223611,4.728209659009484,0.0141529999999999,0.0042805462145311,0.0227140924290623,0.0055919075709376,1.2097919068836782,0.6640561659201512,0.0048319999999999,28.48720669732342,0.0039791428571428,23.45916081324641,0.0032533333333333,19.180128129544467,8381230.635,0.6891499281596849,-19985769.55,0.021906845304018,42.242215728809576,52.21541168926071,64.30346642930292,49.77693508811064,56.34247899472079,-50.22306491188935,False,True,False,494,212,6,3,110.4382,20883.502699999997,-0.9894790405930884,2,2,-0.016920174507723318,0
1787788800000,0.016962,0.017596,0.015,0.016675,4960663.9,2026-08-27,-0.0169201745077233,-0.017064956137821,0.0169201745077233,0.0481279621165146,0.9194834251814252,0.0979352859985074,1.871051011842661,0.1303078275828133,2.4895275504025967,0.1139491700643298,2.176995837340438,0.0184046,0.0177162756996469,0.0181953,0.0172146827571737,0.0144597499999999,0.0159092299873839,0.0150337,0.0169627223538531,0.02489145,0.019973803548864,-0.1969660486395377,-19.69660486395377,0.2537593984962405,25.375939849624057,0.5820683111954457,58.20683111954457,8.336923739767386,71.44265336889713,59.38928506125434,0.0168762017117481,0.0156922046240846,0.0011839970876635,0.0006345678173468,0.0005494292703166,3.294928157821251,0.0144597499999999,0.0042274992343365,0.0229147484686731,0.0060047515313269,1.1694529253511436,0.6310023891907135,0.0044458571428571,26.66181195116727,0.0039797857142857,23.86678089526665,0.003301238095238,19.797529806525304,8152159.683,0.6085091672510606,-24946433.45,0.0218697929596891,45.24631359350634,36.40273098740724,66.14507125341606,48.17644434530447,52.28269759833444,-51.82355565469552,False,True,False,494,212,6,3,110.4382,20883.502699999997,-0.9894790405930884,2,2,-0.16965517241379302,0
1787875200000,0.016675,0.017596,0.0135,0.013846,6460506.9,2026-08-28,-0.169655172413793,-0.1859142095458536,0.169655172413793,0.0647629663538094,1.2372947348933467,0.1076044061512926,2.0557792929830536,0.1371326554462285,2.619915703654016,0.1163994169840996,2.2238077390136453,0.0169878,0.0164261837997646,0.0180712,0.0166021949831325,0.01464455,0.0157127310923813,0.01489942,0.0168396353181325,0.02474401,0.0198413715373282,-0.3384615384615385,-33.84615384615384,-0.0822562471001523,-8.22562471001524,0.364137931034483,36.41379310344829,2.2761760242792377,60.91733870967741,52.66018889719372,0.0164100168325475,0.0155554389213672,0.0008545779111802,0.0006785698361135,0.0001760080750666,1.2711835552987982,0.01464455,0.0041082905200787,0.0228611310401574,0.0064279689598425,1.122134997682749,0.451406187312144,0.004309,31.12090134334826,0.0041547142857142,30.006603247972592,0.0034424761904761,24.862604293486857,8011280.506,0.8064262504803624,-31406940.349999998,0.0218096937278166,47.06226765822834,6.29745672844765,66.70276116533631,27.82805429864253,41.92714457735255,-72.17194570135746,False,True,False,494,212,6,3,110.4382,20883.502699999997,-0.9894790405930884,2,2,0.07178968655207285,1
1787961600000,0.013846,0.015702,0.01344,0.01484,5332289.72,2026-08-29,0.0717896865520728,0.0693298554834007,0.0717896865520728,0.0905023048057917,1.7290441055489474,0.1102205876253576,2.1057613698648017,0.1364546958026771,2.606963302850545,0.1167991854050988,2.231445303972864,0.016184,0.0158974558665097,0.0180357999999999,0.0162817958952861,0.0149030499999999,0.0156296135389522,0.01479582,0.0167606866494898,0.02462591,0.0197334788436124,-0.213107799989395,-21.3107799989395,-0.0232986705278398,-2.3298670527839835,0.5346432264736298,53.46432264736299,12.3050259965338,61.1775897461573,55.27850392117434,0.0161684757811802,0.0155024399276913,0.0006660358534888,0.0006760630395886,-1.0027186099779485e-05,-0.0675686394863846,0.0149030499999999,0.0039379301065006,0.0227789102130013,0.0070271897869986,1.0569460899616356,0.4959972626294258,0.0037598571428571,25.33596457450905,0.0040797857142857,27.491817481709656,0.0034806666666666,23.45462713387241,7959651.517500001,0.6699149715633262,-26074650.629999995,0.0217585864201075,48.67927710056163,-4.870937401126439,61.831439465625735,33.480781875784565,36.49509350657719,-66.51921812421544,False,True,False,494,212,6,3,110.4382,20883.502699999997,-0.9894790405930884,2,2,-0.011725067385444765,0
1788048000000,0.01484,0.015748,0.012694,0.014666,8275411.26,2026-08-30,-0.0117250673854447,-0.0117943480676266,0.0117250673854447,0.0906835038805359,1.7325059090111878,0.0837431094863416,1.599909860289357,0.1347733138022252,2.5748405448357525,0.1159858274282992,2.2159061216448084,0.0153978,0.0154869705776731,0.0176683,0.0159880148234129,0.01509135,0.0155378405147339,0.0147271399999999,0.0166780071886301,0.02455527,0.0196243532642453,-0.2113781792762272,-21.13781792762273,-0.200370754048307,-20.037075404830706,0.3455045871559632,34.550458715596335,16.08154020385051,62.73553421984905,57.28674631842178,0.0159373256608317,0.0154404776061997,0.0004968480546319,0.0006402200425972,-0.0001433719879653,-0.9775807170689156,0.01509135,0.0038248579096415,0.0227410658192831,0.0074416341807168,1.013788139468389,0.4721983136335737,0.0036287142857142,24.74235841888917,0.0041953571428571,28.606008065301666,0.0035889523809523,24.471242199320745,7927574.5635,1.0438768117176094,-34350061.88999999,0.0216775051285263,49.97707893892758,-15.636185688417612,59.86757000904119,31.177688466691023,30.82884154703937,-68.82231153330899,True,True,False,494,212,6,3,110.4382,20883.502699999997,-0.9894790405930884,2,2,0.15989363152870562,1
1788134400000,0.014666,0.019222,0.013721,0.017011,8510899.96,2026-08-31,0.1598936315287056,0.1483283039558378,0.1598936315287056,0.1221714941006359,2.334083117486464,0.0916580408406445,1.7511244114916622,0.1340720757276839,2.561443410232672,0.1176820474883313,2.2483123603898427,0.0154075999999999,0.0159949803851154,0.0173151,0.0161740121282485,0.01530295,0.0156781418416562,0.0147287599999999,0.0166911474058544,0.02445588,0.0195681733632652,0.0028888102818063,0.2888810281806211,-0.1719320449788249,-17.193204497882494,0.3311683230299709,33.11683230299708,40.40416263310745,60.17995281724913,60.41458782631087,0.016102506328497,0.0155568192192499,0.000545687109247,0.0006213134559272,-7.562634668018984e-05,-0.4445731978142958,0.01530295,0.0038072218421394,0.0229173936842788,0.0076885063157211,0.9951602382911574,0.6121585549005061,0.0037248571428571,21.89675588064866,0.0041922857142857,24.64455772315393,0.0037367619047619,21.96673860891132,7888200.165000001,1.0789406685903995,-25839161.929999992,0.021621417157506,49.775157554989065,29.81438338434363,60.15203511998021,35.11301072152998,33.25716035466852,-64.88698927847003,True,False,False,494,212,6,3,110.4382,20883.502699999997,-0.9894790405930884,2,2,0.1872317911939334,1
1788220800000,0.017011,0.02275,0.016601,0.020196,7900008.85,2026-09-01,0.1872317911939334,0.1716243713692235,0.1872317911939334,0.1444050449438766,2.758854509921409,0.1118934625349763,2.137721600137432,0.1359194852192257,2.596738119010974,0.1201517955467081,2.295496830793009,0.0161118,0.0173953202567436,0.0172581999999999,0.0169052826503902,0.0157342499999999,0.0161084152224774,0.01477168,0.0168294183519269,0.02436824,0.0195816470661118,0.2111544227886057,21.11544227886057,-0.0274018781603659,-2.7401878160366007,0.7455488331892826,74.55488331892825,66.47646219686162,63.01656050955414,64.83373693225445,0.0167322745859769,0.0159004803488479,0.000831794237129,0.0006634096121675,0.0001683846249614,0.8337523517599282,0.0157342499999999,0.0038504302818338,0.0234351105636677,0.0080333894363322,0.9788659216254716,0.7896916495962982,0.003925,19.434541493365025,0.0043077857142857,21.32989559460148,0.0038779523809523,19.2015863584491,7916986.290999999,0.9978555677152936,-17939153.07999999,0.0216032463149259,49.65868687013871,89.65739829263961,60.6485489545802,56.5164984179599,40.93573253539363,-43.4835015820401,True,False,False,494,212,6,3,110.4382,20883.502699999997,-0.9894790405930884,2,2,-0.16904337492572785,0
1788307200000,0.020196,0.020566,0.016052,0.016782,5491199.39,2026-09-02,-0.1690433749257278,-0.1851776815487915,0.1690433749257278,0.1441751096294675,2.754461601907745,0.1242959943276815,2.3746716373334804,0.1334197178187723,2.548980129882716,0.1153986468029065,2.2046880515480693,0.016699,0.0171908801711624,0.0168433999999999,0.0168828676230464,0.0161094,0.0161725663122066,0.01463952,0.0168275480775476,0.0242037599999999,0.0195216637231698,0.2120468005200055,21.20468005200056,-0.1981844242713809,-19.818442427138088,0.8086000646621401,80.860006466214,50.41341472838266,53.46241060526774,59.66409392325253,0.0167399246496761,0.0159657812868525,0.0007741433628236,0.0006855563622987,8.858700052481695e-05,0.5278691486403109,0.0161094,0.0035415074904994,0.0231924149809988,0.0090263850190011,0.8793642197721601,0.5474797809834047,0.0040245714285714,23.98147675230264,0.0044282857142857,26.387115446822275,0.0039942857142857,23.80101128760407,7544251.944999998,0.7278653244924207,-23430352.46999999,0.0215763359627915,49.32465920702134,39.99100338298237,54.63897044217655,30.7970468585204,40.80885199933676,-69.20295314147961,False,True,False,494,212,6,3,110.4382,20883.502699999997,-0.9894790405930884,2,2,0.09265880109641289,1
1788393600000,0.016782,0.022229,0.01556,0.018337,11558422.17,2026-09-03,0.0926588010964128,0.0886139931191498,0.0926588010964128,0.1453467193086902,2.77684517340033,0.124671107832372,2.3818381707779994,0.1339317840561524,2.558763141611451,0.1132088118433245,2.162851313388578,0.0173983999999999,0.0175729201141082,0.0167912,0.0171472553279483,0.01655055,0.0163787033148108,0.01462186,0.0168870704016827,0.02397413,0.0194963230567334,0.2356469002695416,23.564690026954167,-0.0276790922106157,-2.767909221061571,0.9273701912970358,92.7370191297036,69.246592954487,49.990627928772255,60.01724091484604,0.0169856285498169,0.0161414350528638,0.000844193496953,0.0007172837892296,0.0001269097077233,0.6920963501302583,0.01655055,0.0032107866305381,0.0229721232610762,0.0101289767389237,0.7759951495359667,0.639097533218876,0.0046064285714285,25.120949836006822,0.0045261428571428,24.683115324986947,0.0041886666666666,22.84270418643544,7511388.629000001,1.5387863337779109,-11871930.299999991,0.0215342531393773,47.32191626306379,55.68812994356119,56.98923750342116,42.51167696248304,43.27507407965445,-57.48832303751696,True,True,False,494,212,6,3,110.4382,20883.502699999997,-0.9894790405930884,2,2,0.21753831051971417,1
1788480000000,0.018337,0.023499,0.017198,0.022326,12470046.75,2026-09-04,0.2175383105197141,0.1968310420255129,0.2175383105197141,0.1560630017848417,2.9815794626380256,0.1413020356857356,2.699571601284269,0.1392902965193787,2.661137378476844,0.1169644406588574,2.234602501162875,0.0189303999999999,0.0191572800760721,0.0171640999999999,0.0180888452683249,0.0171481,0.0169451136687675,0.01466398,0.0171014974831228,0.02379859,0.0195567555368478,0.5222964680212736,52.22964680212736,0.2005162122923052,20.05162122923052,1.1519036144578312,115.19036144578313,75.52857727458736,53.85480174687595,62.16767352348908,0.0178072241577947,0.0165995701386719,0.0012076540191227,0.0008153578352082,0.0003922961839144,1.7571270443182376,0.0171481,0.003111531606274,0.023371163212548,0.0109250367874519,0.7258020669984536,0.9160250204079046,0.0049214285714285,22.043485494170792,0.0046152142857142,20.671926389475438,0.0044102857142857,19.754034373760256,7727908.6875,1.6136379522923807,598116.4500000086,0.0215260459776397,45.02398261189629,107.13005083988942,58.59556629869475,72.5629049269248,48.62387624930941,-27.4370950730752,True,False,False,494,212,6,3,110.4382,20883.502699999997,-0.9894790405930884,2,2,-0.04273044880408494,0
1788566400000,0.022326,0.023089,0.020251,0.021372,6253947.97,2026-09-05,-0.0427304488040849,-0.0436702644970155,0.0427304488040849,0.1620540824990959,3.0960388989703738,0.1378863153088263,2.634314355111677,0.1384464161254384,2.645015066188092,0.1167045115392845,2.229636562306152,0.0198025999999999,0.0198955200507147,0.0176051,0.0186857824922677,0.01773145,0.0173667226624715,0.0147138199999999,0.0172698247616781,0.02355601,0.0195954629379686,0.2563635294809241,25.636352948092416,0.259992925362575,25.9992925362575,1.2021638330757338,120.2163833075734,71.71350861287398,51.272056666247536,62.57440476190476,0.018355651210587,0.0169530971543636,0.0014025540562234,0.0009327970794113,0.0004697569768121,2.198001950271884,0.01773145,0.0027104728559112,0.0231523957118225,0.0123105042881774,0.6114497925237407,0.8357855062134564,0.0050037142857142,23.41247560225662,0.0043817857142857,20.502459827277345,0.0043877619047619,20.530422537721805,7714911.322,0.8106312190739138,-5655831.519999991,0.0215263920479209,40.78248057776811,114.0985866942434,57.15855758839536,80.31466913465988,65.12975034135592,-19.685330865340127,False,False,True,494,212,6,3,110.4382,20883.502699999997,-0.9894790405930884,2,2,0.5148324911098636,1
1788652800000,0.021372,0.036167,0.02,0.032375,9780515.77,2026-09-06,0.5148324911098636,0.4153048659241771,0.5148324911098636,0.2627480197992085,5.019793869928118,0.2037629275625364,3.8928852650485664,0.1584262699076873,3.0267296367292427,0.1367920992797296,2.613409387228631,0.0222384,0.0240553467004765,0.0191751,0.0211747311300436,0.0186852,0.0187960847759395,0.01499052,0.0178650950200156,0.02339326,0.0198675536518462,0.6030402059813826,60.304020598138266,0.941529235382309,94.15292353823092,1.4342105263157898,143.42105263157896,81.87551867219918,66.49278035565035,74.21573561482973,0.0205124741017496,0.0180955012975791,0.0024169728041705,0.0012296322243632,0.0011873405798072,3.6674612503700015,0.0186852,0.0040794067241515,0.026844013448303,0.0105263865516969,0.8732915300133889,1.3389577777910389,0.0068769999999999,21.241698841698835,0.0052528571428571,16.22504136789851,0.005089238095238,15.71965434822578,7692104.744499999,1.2715005963736068,4124684.250000008,0.0216221150417771,39.31194338614888,280.69540698464465,66.02724678868253,83.84526903250544,78.90761436469671,-16.154730967494558,True,True,False,494,212,6,3,110.4382,20883.502699999997,-0.9894790405930884,2,2,0.03567567567567553,1
1788739200000,0.032375,0.0365,0.027737,0.03353,10568094.68,2026-09-07,0.0356756756756755,0.0350540404584352,0.0356756756756755,0.2180843555746607,4.166495763041346,0.1846946619425612,3.5285865618938828,0.1573914655276324,3.006959726807396,0.1366113862439054,2.609956869526919,0.025588,0.0272135644669843,0.0211435,0.0234211436518586,0.01960735,0.0201993168997328,0.01530192,0.0184823043892024,0.02323356,0.0201580099658564,0.9979740197831012,99.79740197831008,1.421638018200202,142.16380182002018,1.2224431629880028,122.24431629880029,80.20842772995016,71.71486930523075,74.70375246872942,0.0225151703941682,0.0192388354633303,0.0032763349308378,0.0016389727656581,0.0016373621651796,4.88327517202402,0.01960735,0.0051636556641996,0.0299346613283993,0.0092800386716006,1.053412248814788,1.174069443501416,0.0073429999999999,21.89979123173277,0.0055339285714285,16.504409697072983,0.0052425238095238,15.63532302273728,7759856.081999999,1.3618931289865126,14692778.930000007,0.0217623092914664,40.2624646478866,272.7469413966359,74.65976323356905,87.52415357472906,83.89469724729811,-12.475846425270944,True,False,False,494,212,6,3,110.4382,20883.502699999997,-0.9894790405930884,2,2,0.16274977631971388,1
1788825600000,0.03353,0.04,0.0305,0.038987,9995657.78,2026-09-08,0.1627497763197138,0.1507876967502717,0.1627497763197138,0.2146097449382009,4.100113420039801,0.1850832962413182,3.536011409746343,0.1589422005144796,3.0365864771319355,0.1362368415335431,2.6028012028827807,0.029718,0.0311380429779895,0.0235582,0.0262512993515255,0.020797,0.0219886224777207,0.01576986,0.0192900557473782,0.0230964299999999,0.0205577216657068,1.1261384086819,112.61384086819002,1.627156334231806,162.7156334231806,1.5659470843754115,156.59470843754116,96.04362791855016,76.1571223316913,76.88895571761522,0.0250492980262415,0.0207017074439628,0.0043475905822787,0.0021806963289823,0.0021668942532963,5.557991774941326,0.020797,0.0066268643454224,0.0340507286908449,0.007543271309155,1.2745808232769111,1.1862219841788666,0.0078217142857142,20.06236511071456,0.0058733571428571,15.064911747139153,0.0054790952380952,14.053646697861431,7874776.973,1.2693258252610575,24688436.71000001,0.0219383218938312,41.74517188597856,258.40177551823587,76.96357816462904,96.29019263165604,89.21987174629685,-3.7098073683439536,True,False,False,494,212,6,3,110.4382,20883.502699999997,-0.9894790405930884,2,2,-0.20978787801061893,0
1788912000000,0.038987,0.0399,0.03,0.030808,7531396.55,2026-09-09,-0.2097878780106189,-0.235453860715801,0.2097878780106189,0.272118257215822,5.198812004411618,0.2091495659380377,3.9957968467134815,0.1656725874601853,3.165170339183937,0.1374076237882822,2.6251689664528013,0.0314143999999999,0.031028028651993,0.0251724,0.027079790378522,0.0214203499999999,0.0228285642243122,0.01612842,0.0197437070201002,0.02289121,0.0207750099916104,0.3799157932455432,37.99157932455433,1.1006409382244646,110.06409382244644,0.6797339294476854,67.97339294476855,70.28662523993883,65.20869947275922,67.37930920890089,0.0259352521761709,0.021450343020134,0.0044849091560368,0.0026415388943932,0.0018433702616436,5.983414248388767,0.0214203499999999,0.0069615794130128,0.0353435088260256,0.0074971911739742,1.2999935879689826,0.837123569345925,0.0085911428571428,27.88607782765144,0.0063078571428571,20.47473754497904,0.0058159047619047,18.87790431675137,7901540.169,0.9531555100545868,17157040.160000008,0.0220420823627363,44.46329234854725,169.8214334268404,72.4555383787199,66.33706877609316,83.38380499415942,-33.66293122390684,False,True,False,494,212,6,3,110.4382,20883.502699999997,-0.9894790405930884,2,2,0.07248117372111151,1
1788998400000,0.030808,0.034999,0.027725,0.033041,7521588.76,2026-09-10,0.0724811737211115,0.0699748180259787,0.0724811737211115,0.2625515405758127,5.016040139635788,0.2079547318499718,3.972969573512953,0.1647718510793226,3.14796179479022,0.1367647693412919,2.6128872494879167,0.0337481999999999,0.0316990191013287,0.0267753999999999,0.0281636466733374,0.02204525,0.0238011782346259,0.01649824,0.0202673511398555,0.02275182,0.0210346653907399,0.5459947594984094,54.59947594984092,0.942331432602434,94.2331432602434,0.6083824173684469,60.83824173684468,68.48624961181463,67.2397084228711,66.63072231301916,0.0270284441491933,0.0223089328362601,0.0047195113129332,0.0030571333781012,0.0016623779348319,5.031257936599756,0.02204525,0.0074242417076904,0.0368937334153809,0.007196766584619,1.3470914065733826,0.870265086756603,0.0086775714285714,26.26304115665817,0.0066419999999999,20.102297145970155,0.0059099523809523,17.88672370979202,7771549.037,0.9678364923376342,24678628.92000001,0.0221293262514756,45.53298684682875,121.7682079406553,68.34193221121733,74.51475866110012,79.04734002294977,-25.485241338899872,False,True,False,494,212,6,3,110.4382,20883.502699999997,-0.9894790405930884,2,2,0.09358070276323338,1
1789084800000,0.033041,0.041894,0.032986,0.036133,9625712.09,2026-09-11,0.0935807027632333,0.0894573606640471,0.0935807027632333,0.1422987014749191,2.718612874450604,0.204984866661646,3.91623037875798,0.1651541273689223,3.155265173048285,0.1369584185241217,2.616586911931151,0.0344998,0.0331770127342191,0.0283691,0.0296126200054593,0.02281365,0.0249756386295355,0.0169093,0.0208920339910913,0.02260125,0.0213538416873896,0.1160772200772199,11.607722007722,0.7891166567637156,78.91166567637157,0.7400915001203949,74.0091500120395,73.71702175519778,73.3474407592868,67.34865470852017,0.0284291450494537,0.0233329628052739,0.0050961822441797,0.0034649431513169,0.0016312390928627,4.514540981548048,0.02281365,0.0080533903372234,0.0389204306744469,0.006706869325553,1.412030137610328,0.9134702728376648,0.0090499999999999,25.04635651620402,0.0069857142857142,19.333335969098293,0.0060934761904761,16.86401956791905,7805254.739,1.233234841382414,34304341.010000005,0.0222955512509316,47.7021637998752,146.88273190458756,74.20110958998802,80.27054794520548,73.70745846079959,-19.72945205479453,True,False,False,494,212,6,3,110.4382,20883.502699999997,-0.9894790405930884,2,2,0.3837766031051948,1
1789171200000,0.036133,0.052,0.036098,0.05,9317001.44,2026-09-12,0.3837766031051948,0.3248164302255123,0.3837766031051948,0.2128568468560068,4.066624349201775,0.2058610068036627,3.932969012668349,0.1818752837696295,3.4747224175311326,0.1460366114281588,2.790025543836105,0.0377938,0.038784675156146,0.0316909,0.0333194163681059,0.02426715,0.0273589133059323,0.0175885,0.0220379298821725,0.02273815,0.0219586076477511,0.4912019087384434,49.12019087384434,1.9793826719103804,197.93826719103805,1.3889154323936932,138.89154323936935,75.93208368890328,79.00894359922114,73.38609976349173,0.0317477381190416,0.0253083435363023,0.0064393945827393,0.0040598334376014,0.0023795611451378,4.759122290275752,0.02426715,0.0100670935191684,0.0444013370383369,0.004132962961663,1.6593779688457015,1.139033747699938,0.0109162857142857,21.832571428571427,0.0079599999999999,15.919999999999996,0.0065599523809523,13.11990476190476,8039877.281,1.1588487130292553,43621342.45,0.0225495538257432,50.70145937896566,184.97261955144128,79.15547603107007,94.91171831272582,83.23234163967714,-5.088281687274195,True,False,False,494,212,6,3,110.4382,20883.502699999997,-0.9894790405930884,2,2,0.020240000000000036,1
1789257600000,0.05,0.055,0.043619,0.051012,7309758.84,2026-09-13,0.02024,0.0200378937365073,0.02024,0.2119870853422391,4.050007578812993,0.2086565850634478,3.986378460328879,0.1783606951664197,3.407576296547255,0.1457425700923286,2.7844078920028617,0.0401988,0.0428604501040973,0.0349584,0.036536249755725,0.0258747999999999,0.0296115900805832,0.01829854,0.0231783820141179,0.02289527,0.0225711687500889,0.3084361453817938,30.84361453817939,1.7819163440039263,178.19163440039267,1.704915424996023,170.4915424996023,75.83037825059101,79.57845052083333,72.59999169906338,0.0347114707163186,0.0272123579314741,0.0074991127848444,0.00474768930705,0.0027514234777943,5.393678894758815,0.0258747999999999,0.011607459514422,0.0490897190288441,0.0026598809711558,1.7944037464130465,1.0414018452695757,0.0102325714285714,20.05914574721914,0.0085547857142857,16.770143719685002,0.0069127619047619,13.551246578769511,8096151.6125,0.902868324342413,50931101.29000001,0.0227770663410476,54.28689293676007,174.42000283346488,83.81656803436256,90.33891324886748,88.50705983559959,-9.661086751132537,True,False,False,494,212,6,3,110.4382,20883.502699999997,-0.9894790405930884,2,2,-0.2238492903630518,0
1789344000000,0.051012,0.053516,0.038008,0.039593,8894797.9,2026-09-14,-0.2238492903630518,-0.2534085642062333,0.2238492903630518,0.2167017429937796,4.140080986772828,0.2322219314691857,4.436593771259309,0.1890767520374734,3.612306275605611,0.1501979773968924,2.8695283290382148,0.0419558,0.0417713000693982,0.0366851,0.0370920225274116,0.0269246,0.03056220125597,0.0187771999999999,0.0238243859646636,0.0229164,0.0229295971710744,0.2851532069592315,28.51532069592315,0.773403207023202,77.34032070232018,1.128999300962521,112.89993009625212,50.76126827797599,66.01242306492327,61.68740337186188,0.0354624752215446,0.0281294602983597,0.0073330149231849,0.005264754430277,0.0020682604929078,5.223803432192161,0.0269246,0.0118612821016421,0.0506471642032843,0.0032020357967156,1.7621479393034134,0.7670116074181831,0.0111961428571428,28.27808667477296,0.0092695714285714,23.41214716887184,0.0074213333333333,18.74405408363431,8176692.2585,1.0878234888629323,42036303.39000001,0.0229869612455871,56.56728302534072,112.8702219291968,74.86646059165531,60.93559837728195,82.06207664629176,-39.06440162271805,False,True,False,494,212,6,3,110.4382,20883.502699999997,-0.9894790405930884,2,2,-0.10706438006718377,0
1789430400000,0.039593,0.042052,0.03448,0.035354,5538856.23,2026-09-15,-0.1070643800671837,-0.1132407948447288,0.1070643800671837,0.2304702182665131,4.403127337512757,0.2368659557601743,4.525317730760571,0.1898801240740028,3.627654676812682,0.1513265318137248,2.891089330897811,0.0424184,0.0396322000462655,0.0380833,0.0367760184315185,0.0278441999999999,0.0310185633481459,0.01917468,0.0242780752135903,0.02280604,0.0231908896943302,0.070003934505614,7.000393450561409,0.6542204753883585,65.42204753883586,1.0843060959792474,108.43060959792474,56.33818526574088,60.58992845964677,58.53008244167689,0.0354457867259215,0.0286646209882475,0.0067811657376739,0.0055680366917564,0.0012131290459175,3.4313770603539435,0.0278441999999999,0.01176076964721,0.05136573929442,0.0043226607055799,1.689510870803979,0.6596366612320632,0.0109207142857142,30.88961443037361,0.0093712142857142,26.506800604498174,0.0075558095238095,21.37186605139312,8164838.8455,0.6783791247824452,36497447.16000001,0.0230757651634742,57.51415482132939,63.33217261958784,69.94922637072817,50.18762677484786,67.15404613366576,-49.812373225152136,False,True,False,494,212,6,3,110.4382,20883.502699999997,-0.9894790405930884,2,2,0.05676868246874478,1
1789516800000,0.035354,0.038429,0.027319,0.037361,7181557.44,2026-09-16,0.0567686824687447,0.0552158394840207,0.0567686824687447,0.2286453481876489,4.368263243609031,0.1795587507994379,3.4304651172776763,0.1891638542776345,3.6139703615673295,0.1484980406673284,2.837051083421476,0.0426639999999999,0.038875133364177,0.0385818999999999,0.036882378716697,0.0288785,0.0316226053017192,0.0196668999999999,0.0247928180077635,0.0227704499999999,0.0234885297924066,0.0339855533722635,3.3985553372263584,0.1540077220077218,15.400772200772192,1.2405397301349326,124.05397301349326,56.06128633965652,64.66555493792848,59.4045125176002,0.035740434921946,0.0293088079121063,0.0064316270098396,0.0057407547553731,0.0006908722544665,1.849180306915096,0.0288785,0.0116357463628704,0.0521499927257408,0.0056070072742591,1.6116829285275118,0.682250878789082,0.0110935714285714,29.692918895563363,0.0098423571428571,26.34393389592661,0.0079030952380952,21.15332897431878,8275883.522499999,0.867769274479902,43679004.60000001,0.0231659230266584,57.45740893861216,39.343331334142206,67.40307352849553,55.276369168357,55.46653144016227,-44.723630831643,False,True,False,494,212,6,3,110.4382,20883.502699999997,-0.9894790405930884,2,2,0.045100505875110386,1
1789603200000,0.037361,0.047536,0.036641,0.039046,4609091.01,2026-09-17,0.0451005058751103,0.0441130586628984,0.0451005058751103,0.1209522844624772,2.310790150055298,0.179625572652338,3.431741746984806,0.1815777276036871,3.469037614962882,0.1483811307783274,2.834817523128272,0.0404732,0.0389320889094513,0.0391335,0.0372757644045703,0.0301384999999999,0.032329595662346,0.02019562,0.0253535318362708,0.02279721,0.0238149185033604,-0.21908,-21.90800000000001,0.164509394572025,16.45093945720251,1.820020222446916,182.0020222446916,54.25516375003651,64.73090438320695,61.60559266882064,0.0362489833955109,0.0300300924940396,0.0062188909014712,0.0058363819845927,0.0003825089168785,0.979636625719756,0.0301384999999999,0.0112812636353613,0.0527010272707226,0.0075759727292773,1.4972561521457737,0.6973958832962485,0.0116108571428571,29.73635492203336,0.0101442142857142,25.98016259210748,0.0082982857142857,21.252588521963105,8183312.728,0.5632304621855091,48288095.61000001,0.0232572068710521,58.25172366429814,78.39456421063612,67.18734678533096,57.79588381567111,54.41995991962532,-42.20411618432888,True,False,False,494,212,6,3,110.4382,20883.502699999997,-0.9894790405930884,2,2,0.1343543512779799,1
1789689600000,0.039046,0.04551,0.038472,0.044292,2389932.24,2026-09-18,0.1343543512779799,0.1260636355752513,0.1343543512779799,0.1441231008092256,2.753467974792182,0.1774951382243174,3.3910398543873503,0.1821933044615382,3.480798194318996,0.1488288550340039,2.8433712830225635,0.0391291999999999,0.0407187259396342,0.039664,0.0385514436037397,0.0316110999999999,0.0334688728336124,0.02083546,0.0260984704608917,0.02289603,0.0242440131526394,-0.1317337097153611,-13.173370971536116,0.1360709980249825,13.607099802498263,1.9846361185983823,198.46361185983824,38.855045298344265,65.35053390730698,63.97150780272959,0.0374863705654697,0.0310865451325343,0.0063998254329353,0.0059490706742612,0.0004507547586741,1.0176888798747372,0.0316110999999999,0.0110999708861638,0.0538110417723276,0.0094111582276723,1.404566229731178,0.7856066049643164,0.0113437142857142,25.61120357110604,0.0101968571428571,23.02189366670537,0.0084383809523809,19.05170448925529,8036194.853999999,0.2973960043801597,50678027.85000001,0.023308612788293,58.920432695532384,83.88647930525838,65.846156881649,69.40571428571427,60.82598908991413,-30.59428571428572,False,False,True,494,212,6,3,110.4382,20883.502699999997,-0.9894790405930884,2,2,,0
