timestamp,open,high,low,close,volume,date,return,log_return,abs_return,volatility_5,volatility_5_annualized,volatility_10,volatility_10_annualized,volatility_20,volatility_20_annualized,volatility_50,volatility_50_annualized,sma_5,ema_5,sma_10,ema_10,sma_20,ema_20,sma_50,ema_50,sma_100,ema_100,momentum_5,roc_5,momentum_10,roc_10,momentum_20,roc_20,rsi_6,rsi_14,rsi_24,ema_12,ema_26,macd,macd_signal,macd_hist,macd_hist_pct,bb_mid,bb_std,bb_upper,bb_lower,bb_width,bb_pct,atr_7,atr_7_pct,atr_14,atr_14_pct,atr_21,atr_21_pct,volume_sma,volume_ratio,obv,vwap,adx,cci,mfi,stoch_k,stoch_d,williams_r,higher_high,lower_low,inside_bar
1777248000000,0.005,0.02194,0.005,0.01812,4081869.09,2026-04-27,,,,,,,,,,,,,0.01812,,0.01812,,0.01812,,0.01812,,0.01812,,,,,,,,,,0.01812,0.01812,0.0,0.0,0.0,0.0,,,,,,,,,,,,,,,,0.01502,,,,,,,False,False,False
1777334400000,0.01812,0.0228,0.01369,0.01824,4565199.88,2026-04-28,0.0066225165562912025,0.006600684031351872,0.0066225165562912025,,,,,,,,,,0.018192,,0.018186,,0.018183,,0.0181812,,0.018180599999999998,,,,,,,,,,0.018185,0.01818230769230769,2.6923076923111855e-06,1.4957264957284363e-06,1.1965811965827492e-06,0.0065602039286334944,,,,,,,,,,,,,,,4565199.88,0.01672175130990465,,,,,,,True,False,False
1777420800000,0.01824,0.02182,0.01489,0.02022,3508546.8,2026-04-29,0.10855263157894735,0.10305522894614001,0.10855263157894735,,,,,,,,,,0.019152631578947366,,0.019003654485049835,,0.01893097418817652,,0.018888161578456207,,0.01887404086530449,,,,,,,,,,0.018979260969976902,0.018914430754066038,6.483021591086394e-05,2.745248445275118e-05,3.737773145811275e-05,0.18485524954556257,,,,,,,,,,,,,,,8073746.68,0.017372600778079162,,,,,,,False,False,True
1777507200000,0.02022,0.02746,0.01762,0.02195,3567569.65,2026-04-30,0.08555885262116725,0.08209492592885508,0.08555885262116725,,,,,,,,,,0.020314615384615382,,0.01997434405940594,,0.019802520261845386,,0.019700148640543782,,0.01966625258724128,,,,,,,,,,0.019917007183908046,0.019763043262129302,0.00015396392177874363,7.030866240871067e-05,8.365525937003296e-05,0.3811173547609702,,,,,,,,,,,,,,,11641316.33,0.01850045331741478,,,,,,,True,False,False
1777593600000,0.02195,0.02289,0.01919,0.02011,3860832.46,2026-05-01,-0.08382687927107069,-0.08754993573661976,0.08382687927107069,,,,,,,,,0.019728000000000002,0.0202360663507109,,0.020013287190447246,,0.01987689699390921,,0.01978880497110136,,0.019758587187565315,,,,,,,,,,0.01996944264228841,0.019843503960698908,0.00012593868158950264,8.685733541584772e-05,3.9081346173654914e-05,0.19433787256914428,,,,,,,,,,,,,,,7780483.87,0.018939990610321415,,,,,,,False,False,True
1777680000000,0.02011,0.02145,0.01628,0.01729,3781340.94,2026-05-02,-0.140228741919443,-0.1510889040893615,0.140228741919443,0.10692300379572856,2.042761119258932,,,,,,,0.019562000000000003,0.019159533834586465,,0.01930595543979615,,0.01933117989093043,,0.019329603546550698,,0.01932631295935092,-0.04580573951434885,-4.580573951434883,,,,,45.11189634864546,,,0.019318197115258725,0.019332057483387895,-1.3860368129170464e-05,5.9557237959157484e-05,-7.341760608832796e-05,-0.42462467373237683,,,,,,,,,,,,,,,3999142.93,0.018842890922022085,,,,,,,False,True,False
1777766400000,0.01729,0.02148,0.0155,0.01948,3660961.62,2026-05-03,0.1266628108733372,0.11925999851918992,0.1266628108733372,0.12244141876424176,2.3392400209438002,,,,,,,0.01981,0.019272996600291407,,0.019347893187267155,,0.019359318089988375,,0.019353751073315446,,0.019349607295846016,0.06798245614035103,6.798245614035096,,,,,56.367041198501866,,,0.019354302862883643,0.01935836829305368,-4.065430170036022e-06,4.345603795399644e-05,-4.752146812403246e-05,-0.24395004170447873,,,,,,,0.008238571428571428,42.29246113229686,,,,,,,7660104.550000001,0.018839790137838187,,,,,,,True,True,False
1777852800000,0.01948,0.02064,0.0165,0.01759,3755588.58,2026-05-04,-0.09702258726899382,-0.10205773946492222,0.09702258726899382,0.11947621482208058,2.2825898791717623,,,,,,,0.019284000000000003,0.01868921966693101,,0.018947964015397396,,0.01905348256768202,,0.019101209026507453,,0.01911395512040197,-0.13006923837784357,-13.006923837784356,,,,,47.38955823293173,,,0.018986120048787115,0.0190734403438371,-8.732029504998629e-05,1.2028025883652166e-05,-9.934832093363845e-05,-0.5648000053077796,,,,,,,0.00641,36.441159749857874,,,,,,,3904515.9700000007,0.018767018616032752,,,,,,,False,False,True
1777939200000,0.01759,0.0324,0.0165,0.02385,4913759.29,2026-05-05,0.35588402501421257,0.3044536585848834,0.35588402501421257,0.20831881310803294,3.979925336181564,,,,,,,0.019663999999999997,0.020455422773981536,,0.020014475502490428,,0.019822867417652587,,0.019717126609109504,,0.01968325235839021,0.0865603644646924,8.656036446469242,,,,,60.84877465630604,,,0.019948368623090133,0.019781431344393807,0.00016693727869632538,4.781283179214579e-05,0.00011912444690417959,0.4994735719252813,,,,,,,0.007379999999999999,30.943396226415093,,,,,,,8818275.260000002,0.019521789488464312,,,,,,,True,False,False
1778025600000,0.02385,0.03867,0.02381,0.02986,6922745.41,2026-05-06,0.2519916142557652,0.22473557477669412,0.2519916142557652,0.21553147504543205,4.1177230490126195,,,,,,,0.021614,0.02364560448082723,0.020671000000000002,0.022082588620760134,,0.02133437261446474,,0.020923498420788795,,0.020794933962253865,0.48483341621084053,48.483341621084044,,,,,68.82436934792956,,,0.021826618916914526,0.02117217572730433,0.0006544431896101967,0.0001837332467873329,0.00047070994282286376,1.5763896276720153,,,,,,,0.008512857142857141,28.50923356616591,,,,,,,15741020.670000002,0.021350523088348925,,,,,,,True,False,False
1778112000000,0.02986,0.033,0.02452,0.02733,3889014.76,2026-05-07,-0.08472873409243142,-0.08853479217106777,0.08472873409243142,0.20104371380732614,3.8409347591994254,0.16350145887928674,3.123690985887386,,,,,0.023621999999999997,0.024888100845807226,0.021592,0.02315456916270741,,0.022189905623683906,,0.021629212996554105,,0.02145020337710947,0.5806824754193176,58.06824754193175,0.5082781456953642,50.82781456953642,,,66.63594470046084,,,0.022833604959228728,0.021970847486274488,0.0008627574729542405,0.0003322998675716302,0.0005304576053826103,1.9409352556992694,,,,,,,0.008318571428571429,30.437509800846797,,,,,,,11852005.910000002,0.021930254160399454,,,,,,,False,False,True
1778198400000,0.02733,0.034,0.02414,0.02744,4853597.43,2026-05-08,0.004024881083058762,0.004016802917707684,0.004024881083058762,0.20600733404779933,3.935764590742284,0.16358527587549374,3.1252923073514913,,,,,0.025213999999999997,0.025745340943784428,0.022511999999999997,0.02401079040078963,,0.022905116292683728,,0.022226905543024943,,0.02200606946363601,0.408624229979466,40.8624229979466,0.5043859649122806,50.43859649122807,,,76.72459189046866,,,0.023652606875329805,0.02264281904680348,0.0010097878285263255,0.00047779586883668406,0.0005319919596896414,1.9387462087814924,,,,,,,0.00919857142857143,33.52249062890463,,,,,,,16705603.340000002,0.02255361263543733,,,,,,,True,True,False
1778284800000,0.02744,0.03082,0.02481,0.02962,4098855.09,2026-05-09,0.07944606413994171,0.07644800598196827,0.07944606413994171,0.18032124444071576,3.4450325378400493,0.1627375629184783,3.1090967740479987,,,,,0.02762,0.027043564535337877,0.023452,0.02511170576765717,,0.02378385303784701,,0.022941851257760774,,0.022664586804702038,0.6839113132461625,68.39113132461625,0.4648862512363998,46.48862512363998,,,76.71232876712328,,,0.02468877301995236,0.02346019453697149,0.0012285784829808716,0.0006366875544605395,0.0005918909285203321,1.9982813251868066,,,,,,,0.009318571428571428,31.460403202469372,,,,,,,20804458.43,0.022986931431394523,,,,,,,False,False,True
1778371200000,0.02962,0.03871,0.02903,0.03528,8783930.34,2026-05-10,0.19108710330857526,0.1748664222989378,0.19108710330857526,0.13645488563577385,2.606966929606765,0.16863056139153212,3.221682351793314,,,,,0.029906,0.02979847995157959,0.024785,0.027078999759201812,,0.02523653211220762,,0.024070141988342324,,0.023687462791847604,0.4792452830188678,47.92452830188679,0.6072892938496581,60.728929384965824,,,88.87912087912088,74.29218573046433,,0.02649212081575554,0.024787699355214708,0.0017044214605408323,0.0008600582842656179,0.0008443631762752144,2.393319660644032,,,,,,,0.009847142857142858,27.91140265630062,0.009042857142857142,25.631681243926142,,,,,29588388.77,0.024539214232987626,,,70.67222832234197,89.82497775140907,,-10.17502224859093,True,False,False
1778457600000,0.03528,0.03561,0.02567,0.02681,8048361.29,2026-05-11,-0.240079365079365,-0.27454127889072255,0.240079365079365,0.1636720839253526,3.126950772815379,0.18942872203747113,3.61903065301381,,,,,0.029296,0.028800039871783863,0.025455,0.02702755507022984,,0.02542935753583923,,0.02430825751675392,,0.023926023745961825,-0.10214333556597455,-10.214333556597456,0.33316757831924426,33.31675783192442,,,55.929487179487175,59.92235670244348,,0.02654537102101821,0.02500646274785738,0.0015389082731608293,0.0010007794685534235,0.0005381288046074058,2.007194347659104,,,,,,,0.010675714285714288,39.81989662705814,0.008542857142857144,31.864442905099377,,,,,21540027.48,0.025076288331234597,,,61.13660561400676,52.438049560351715,,-47.561950439648285,False,True,False
1778544000000,0.02681,0.02876,0.02055,0.02265,7410113.93,2026-05-12,-0.15516598284222305,-0.1686151003188249,0.15516598284222305,0.1743872535102665,3.3316638002958356,0.19110053687154396,3.6509706305715746,,,,,0.028360000000000003,0.026746900802525567,0.025990999999999997,0.026198190065968907,,0.025097807307805666,,0.02417070204011051,,0.023833757931054612,-0.17124039517014267,-17.12403951701427,0.3100057836899943,31.00057836899942,,,34.400692340977926,54.61007735730713,,0.025901630246528293,0.024759957386552102,0.0011416728599761908,0.001029774278174252,0.00011189858180193869,0.49403347373924367,,,,,,,0.009577142857142859,42.283191422264274,0.008478571428571429,37.43298643960895,,,,,14129913.55,0.024974983575454898,,,53.49651175103118,32.5776658270361,58.280231046265634,-67.4223341729639,False,True,False
1778630400000,0.02265,0.02451,0.01657,0.01998,5961930.4,2026-05-13,-0.11788079470198665,-0.12542807870863545,0.11788079470198665,0.17795094363700958,3.3997480045696458,0.19484479389771422,3.7225045606151506,,,,,0.026868000000000003,0.024488975499563827,0.026041,0.02502903384390453,,0.02450164190156235,,0.023837642424285127,,0.023569004130694567,-0.27186588921282795,-27.18658892128279,0.02566735112936347,2.5667351129363474,,,34.19354838709677,49.75267930750206,,0.0249340756315825,0.024274749969074545,0.000659325662507957,0.0009539777693975801,-0.0002946521068896231,-1.4747352697178333,,,,,,,0.00858857142857143,42.985842985842986,0.008550714285714286,42.7963677963678,,,,,8167983.15,0.024653332855300202,,,48.452265573501734,19.302024989228787,34.772580125538866,-80.69797501077122,False,True,False
1778716800000,0.01998,0.0229,0.0163,0.01996,4953152.53,2026-05-14,-0.0010010010010010895,-0.0010015023370896325,0.0010010010010010895,0.16677437981616774,3.186220052588897,0.19082981342198221,3.6457984663299774,,,,,0.024936000000000003,0.022978294813508413,0.026278000000000003,0.024081820507655713,,0.02398360164236117,,0.02354139063441409,,0.023332623538036175,-0.32613099257258615,-32.61309925725862,0.13473564525298443,13.473564525298448,,,33.85146804835924,47.87438581499679,,0.024129030944043787,0.02384846027925456,0.00028057066478922796,0.0008168256352754071,-0.0005362549704861792,-2.6866481487283527,,,,,,,0.008320000000000001,41.68336673346694,0.008319285714285715,41.679788147724025,,,,,3214830.62,0.024383676494151265,,,43.84415580628573,19.215855234812572,23.698515350359155,-80.78414476518742,False,True,False
1778803200000,0.01996,0.02385,0.01695,0.01798,6532669.92,2026-05-15,-0.0991983967935871,-0.10447024183984363,0.0991983967935871,0.0869168363314204,1.6605438265279138,0.1549305565353281,2.95994412652443,,,,,0.021476000000000002,0.021311444637909797,0.025691,0.022947340770271333,,0.02331145770465448,,0.023131733336777784,,0.022997360320863764,-0.4903628117913832,-49.03628117913833,-0.2461215932914046,-24.61215932914046,,,24.65156794425087,47.73162939297124,,0.023141722361812004,0.02328265579234899,-0.00014093343053698734,0.000622472904071883,-0.0007634063346088703,-4.24586392997147,,,,,,,0.007897142857142858,43.921817892896875,0.008547857142857144,47.540918480851744,,,,,-3317839.3,0.024061558964779146,,,42.774911034444635,10.685049547608786,16.400976590550048,-89.31495045239122,True,False,False
1778889600000,0.01798,0.01939,0.01611,0.01847,4707711.14,2026-05-16,0.02725250278086766,0.026887765167674407,0.02725250278086766,0.07844434737153362,1.4986771522276667,0.12495096627368783,2.387184858792008,,,,,0.019808,0.020364011504976864,0.024551999999999997,0.0221182966626728,0.0226115,0.022778336749606307,,0.022799779870656598,,0.022725435176926215,-0.3110779559865722,-31.10779559865722,-0.3814467515070328,-38.144675150703286,,,2.7543563799887636,51.32227700582698,,0.02239662023789896,0.022828785771278365,-0.00043216553337940486,0.00040908502179867246,-0.0008412505551780773,-4.55468627600475,0.0226115,0.005101538751355215,0.032814577502710426,0.01240842249728957,0.9024679921907374,0.2970465284175379,0.007507142857142858,40.645061489674376,0.008412857142857144,45.54876633923738,,,5092887.5275,0.9243697439968647,1389871.8399999999,0.023780940694482406,,-70.8372475340535,42.443806604091314,12.79620853080569,14.232371104409017,-87.20379146919431,False,True,False
1778976000000,0.01847,0.02466,0.01812,0.02117,3827390.66,2026-05-17,0.1461829994585815,0.1364372909356252,0.1461829994585815,0.10659590078175125,2.0365118249515834,0.13649283613341165,2.6076919728460957,0.15085796221395198,2.882137321263744,,,0.019511999999999998,0.020632728210527734,0.023936000000000002,0.021943291487286284,0.022764,0.02260382973544158,,0.02268732398273594,,0.022635627377501834,-0.06534216335540832,-6.534216335540834,-0.2253933406512989,-22.53933406512989,0.16832229580573954,16.832229580573955,26.539101497504163,51.87236871260803,,0.0222020825014327,0.022675452145029553,-0.00047336964359685416,0.0002309510932239359,-0.0007043207368207901,-3.3269756108681623,0.022764,0.005004879093129232,0.03277375818625847,0.012754241813741535,0.8794375493110583,0.42037769692637206,0.00705857142857143,33.34233079155139,0.008452857142857144,39.92847020716648,0.008381428571428571,39.591065523989464,5080163.606,0.7533990943676707,5217262.5,0.02369169693429287,,-28.19217819217817,42.80991258490795,22.389380530973458,15.290212869795978,-77.61061946902655,True,False,False
1779062400000,0.02117,0.03,0.0185,0.02653,5295249.84,2026-05-18,0.25318847425602264,0.22569108300287447,0.25318847425602264,0.13669975726755482,2.611645195563147,0.16117331788245093,3.0792119145962844,0.15967844080862745,3.0506523282016476,,,0.020822,0.022598748246383187,0.023845,0.022787450717725394,0.023178499999999998,0.023024249047117706,,0.02294480218521673,,0.02285226258319854,0.3278278278278277,32.78278278278278,-0.03316326530612235,-3.316326530612236,0.45449561403508776,45.44956140350879,64.67473524962179,59.19753086419753,,0.022885230059623833,0.02302533112541281,-0.00014010106578897855,0.00015618901464939982,-0.00029629008043837834,-1.1168114603783579,0.023178499999999998,0.004953507290161607,0.03308551458032321,0.013271485419676784,0.8548451867310838,0.669147828179065,0.0072814285714285715,27.446017985030423,0.008978571428571431,33.84308868666201,0.008122380952380952,30.61583472439107,5116666.104,1.0349023626654845,10512512.34,0.023754597632620847,,24.613459528896488,47.91385253857064,46.10619469026549,27.097261250681544,-53.89380530973451,True,False,False
1779148800000,0.02653,0.031,0.022,0.02447,3246134.92,2026-05-19,-0.07764794572182443,-0.08082829069506808,0.07764794572182443,0.149673247316048,2.859503374919807,0.16113317738903904,3.0784450315464373,0.1603171431112099,3.062854718559004,,,0.021724,0.023222554415038597,0.02333,0.023096427005848408,0.023391000000000002,0.02317724988405418,,0.023044234788182676,,0.022939141190294197,0.2259519038076152,22.595190380761526,-0.17386900742741396,-17.386900742741396,0.21018793273986147,21.018793273986155,67.8033306899286,50.6981981981982,,0.023134384032498085,0.02315431085373908,-1.9926821240995318e-05,0.00012075669195494265,-0.00014068351319593796,-0.5749224078297424,0.023391000000000002,0.0049108879034243874,0.033212775806848775,0.013569224193151227,0.8397910142233143,0.554928967083916,0.007394285714285715,30.217759355479018,0.008485714285714287,34.67803140872206,0.00811714285714286,33.17181388288868,5103545.51,0.6360548590464122,7266377.42,0.023813387787896143,,32.98222604751562,47.004268327110765,36.991150442477874,35.16224188790561,-63.008849557522126,True,False,False
1779235200000,0.02447,0.03126,0.02373,0.02859,3756885.06,2026-05-20,0.1683694319574991,0.15560912887964023,0.1683694319574991,0.12948433811221247,2.473794806157249,0.15815766140614568,3.021597878512836,0.16311118421568108,3.1162347989084958,,,0.023846,0.025011809230806533,0.022661,0.02410341337311217,0.023723,0.023744067540221018,,0.023396626957830163,,0.023232662735985756,0.5901001112347053,59.01001112347053,-0.18962585034013602,-18.9625850340136,0.30250569476082,30.250569476082006,75.8228605625374,48.50623382733475,57.7728285077951,0.02398922155777117,0.0236323392565376,0.00035688230123357215,0.00016820588629566234,0.0001886764149379098,0.6599384922627135,0.023723,0.005031313629868966,0.03378562725973793,0.01366037274026207,0.8483435703526476,0.7418354508406365,0.0073357142857142866,25.658322090641082,0.007962142857142859,27.849397891370614,0.008145714285714286,28.491480537650528,5113011.2805,0.7347695621810979,11023262.48,0.02394224197875693,,60.1989255890644,44.00376617465791,55.2212389380531,46.10619469026548,-44.7787610619469,True,False,False
1779321600000,0.02859,0.0307,0.02444,0.02665,3214681.92,2026-05-21,-0.06785589366911515,-0.07026785572236698,0.06785589366911515,0.14899575178222377,2.8465598409202224,0.1384159775397292,2.644433537824645,0.16258672336378452,3.106214988401914,,,0.025481999999999998,0.025557894446674327,0.022645000000000002,0.024569517487900275,0.02405,0.02404551581975488,,0.02359844503471671,,0.023404641335862997,0.4428803465078506,44.28803465078506,-0.005967922417008609,-0.5967922417008595,0.3252113376429637,32.52113376429637,76.00479904019195,49.18893129770993,56.15528936354452,0.024404955438566828,0.02389408997324187,0.0005108654653249584,0.00023699769018872214,0.00027386777513623624,1.0276464357832504,0.02405,0.004996541962092116,0.03404308392418423,0.014056916075815766,0.831025690160851,0.6300899712103762,0.007287142857142858,27.34387563655857,0.00780357142857143,29.28169391584026,0.007975238095238096,29.925846511212367,5080703.753500001,0.632723747725985,7808580.5600000005,0.02403033125534835,,45.74302991384383,44.52346939233999,46.63716814159292,46.283185840707965,-53.36283185840708,False,False,True
1779408000000,0.02665,0.0307,0.02123,0.02173,4413966.91,2026-05-22,-0.18461538461538463,-0.20409535634351528,0.18461538461538463,0.18404953722446973,3.5162614714605107,0.14251687669659963,2.7227811062081595,0.16525853866654733,3.1572599480885306,,,0.025594,0.02428189594294547,0.022553,0.024050427490303634,0.024272000000000002,0.023807338572063196,,0.02348512459575388,,0.023322860689246133,0.026452527161076933,2.6452527161076897,-0.040618101545253915,-4.061810154525389,0.2567958357432041,25.679583574320414,57.72511848341232,43.89043441044298,52.35524362262114,0.02398800675245356,0.023708725394231172,0.00027928135822238853,0.0002454800601857076,3.3801298036680917e-05,0.15555130251578886,0.024272000000000002,0.0047740654637982854,0.03382013092759657,0.014723869072403431,0.7867609531638571,0.3668849422323607,0.007654285714285717,35.22450857931761,0.007775714285714288,35.78331470646244,0.00825,37.96594569719283,5112335.052,0.8633954670622007,3394613.6500000004,0.024048709378186713,,-2.972988605471671,37.80834451083628,24.86725663716814,42.24188790560472,-75.13274336283186,False,True,False
1779494400000,0.02173,0.02966,0.02159,0.02695,3371804.99,2026-05-23,0.2402208927749656,0.215289503086668,0.2402208927749656,0.17995781882888426,3.438089301275067,0.15291052340161723,2.9213514476931963,0.1708303126731698,3.263708541019668,,,0.025678,0.025171279615957467,0.02325,0.02457997129807703,0.0246455,0.024128151530720943,,0.023690858217622467,,0.02349499354558856,0.0158311345646438,1.5831134564643807,0.3488488488488488,34.88488488488489,0.38347022587268986,38.347022587268995,62.23539373412362,47.317661241711875,54.351480667270145,0.024448763301852264,0.023983177609030695,0.0004655856928215685,0.000289607881237345,0.00017597781158422345,0.6529788927058384,0.0246455,0.004670516115963378,0.033986532231926755,0.015304467768073244,0.7580314647239256,0.623353604975446,0.00833857142857143,30.940895838855027,0.007922857142857145,29.398356745295523,0.008388095238095238,31.1246576552699,5097877.2205,0.6614135343317064,6766418.640000001,0.02410146139071802,35.55597318501592,18.21618941366066,43.19041163611042,47.96460176991151,39.82300884955753,-52.03539823008849,False,False,True
1779580800000,0.02695,0.02977,0.02611,0.02896,2832257.91,2026-05-24,0.07458256029684596,0.0719322701625094,0.07458256029684596,0.17295918414117126,3.3043805733078853,0.15249926442268855,2.913494355932974,0.16842722912918692,3.21779769437569,,,0.026576,0.02643420122971489,0.024149999999999998,0.02537924075601137,0.025213999999999997,0.024618048719376038,,0.023997540522868857,,0.0237473665539423,0.18348998774008995,18.348998774008997,0.45090180360721455,45.09018036072145,0.6463899943149516,64.63899943149515,55.994079921065605,43.14830875975716,54.51617059657261,0.025149316336071016,0.024400165768521487,0.0007491505675495287,0.00038169454000285956,0.00036745602754666916,1.2688398741252387,0.025213999999999997,0.004453453302302543,0.03412090660460508,0.016307093395394913,0.7065048468791215,0.7102862512369463,0.007927142857142857,27.37273086029992,0.007492857142857143,25.873125493291237,0.008277619047619048,28.582938700342016,5051710.687000001,0.5606532292691447,9598676.55,0.024191243268538287,30.759217667645856,53.51375625340738,35.384300332022036,65.89743589743588,46.24309810150518,-34.102564102564116,True,False,False
1779667200000,0.02896,0.03895,0.02813,0.03323,4689429.14,2026-05-25,0.1474447513812156,0.1375375148489874,0.1474447513812156,0.16948051593596253,3.2379207105642376,0.14583826538762354,2.786236148052401,0.1535247309597459,2.933085866614846,,,0.027504,0.028699485206983483,0.025675000000000003,0.026810902470977106,0.025683,0.025485869414511534,,0.024524888481839178,,0.024174018688004967,0.16229450856942984,16.229450856942993,0.8481646273637378,84.81646273637377,0.3932914046121594,39.32914046121594,69.48398576512456,57.6574427480916,58.19590204897551,0.026402361170920943,0.025132866517069613,0.0012694946538513302,0.0005595297494302347,0.0007099649044210955,2.1365179188116024,0.025683,0.004783899642496029,0.03525079928499206,0.016115200715007945,0.7450686668217931,0.8943958153385462,0.00783,23.563045440866688,0.007555714285714286,22.737629508619577,0.008595714285714286,25.86733158505653,5040494.179500001,0.9303510673759323,14288105.690000001,0.024508854950197816,27.85199102606261,136.49484345629295,47.44994587204425,74.95621716287218,62.939418276739865,-25.043782837127832,True,False,False
1779753600000,0.03323,0.04803,0.03173,0.0413,4952636.82,2026-05-26,0.24285284381582906,0.21740941760048416,0.24285284381582906,0.17598854302785283,3.3622563935739995,0.154075048089281,2.943599660612105,0.15283433374920985,2.9198958464277753,,,0.030434000000000006,0.032899678709064004,0.027958000000000004,0.029451699328273594,0.026255,0.02707068300451058,,0.02546621173801569,,0.024925634021252165,0.5497185741088182,54.97185741088181,1.2360584731997837,123.60584731997837,0.3831212324179505,38.31212324179505,74.04464623533863,70.34693432249618,64.07550709344589,0.02870967250331736,0.026462574824956776,0.002247097678360583,0.0008974616746771202,0.0013496360036834628,3.2678837861585057,0.026255,0.005870209805270565,0.037995419610541134,0.01451458038945887,0.8943378107439445,1.1407351908654038,0.008872857142857144,21.483915600138364,0.00813357142857143,19.693877551020407,0.008614761904761906,20.858987662861757,4941988.75,1.002154612351151,19240742.51,0.025063590930801505,28.736235505023014,225.61905927467052,59.62855036080694,78.91604010025063,73.2565643868529,-21.08395989974937,True,False,False
1779840000000,0.0413,0.051,0.03767,0.03988,7043636.5,2026-05-27,-0.03438256658595651,-0.034987554873349584,0.03438256658595651,0.11746871778921937,2.2442367022109746,0.15784980056806455,3.015716205459804,0.15129850091311164,2.890553801293537,,,0.034064000000000004,0.035226460562301685,0.029829,0.0313515302351045,0.026882499999999997,0.028348011922617176,,0.026261590270292255,,0.025566507019668994,0.8352508053382421,83.52508053382421,0.8837978271138403,88.37978271138401,0.45920234174899366,45.92023417489937,75.53068313392511,72.31942575145804,62.06814955040227,0.030437923916400284,0.027557179354948398,0.002880744561451886,0.0012945114711045433,0.0015862330903473427,3.9775152716834072,0.026882499999999997,0.006614727487723288,0.040111954975446576,0.01365304502455342,0.9842429071289187,0.9912333888328326,0.009701428571428571,24.326551081816877,0.00851857142857143,21.360510101733777,0.008541904761904764,21.419018961646852,5099719.836999999,1.3811810697709903,12197106.010000002,0.02590722366015105,31.868920982196276,215.97248669921177,70.81961291885102,68.12840355402695,74.00022027238326,-31.871596445973054,True,False,False
1779926400000,0.03988,0.04721,0.0323,0.04563,4062272.53,2026-05-28,0.14418254764292882,0.13469044984567363,0.14418254764292882,0.10271238097273878,1.9623172831775948,0.1477087749497354,2.821972183059274,0.1532728436856505,2.9282735670002444,,,0.0378,0.03869431507939709,0.031739,0.03395184447675583,0.027792,0.03006366273652128,,0.027313577518065926,,0.026406957768270286,0.6931354359925785,69.31354359925787,0.7199396909159439,71.9939690915944,0.6629008746355685,66.29008746355684,94.68960359012713,75.51182667461737,65.8633174926454,0.032786364850538416,0.029020589413015736,0.0037657754375226803,0.0017891561622879692,0.001976619275234711,4.331841497336645,0.027792,0.007833638396448721,0.04345927679289745,0.012124723207102558,1.1274666661555441,1.0692757023379655,0.010937142857142855,23.96919319996243,0.009112142857142859,19.969631508093048,0.008848095238095238,19.390960416601445,5060153.592,0.8027962899036049,16259378.540000001,0.026328087586058126,34.1933579944587,165.93911844404894,68.00684183907337,84.60877042132417,77.21773802520057,-15.391229578675839,False,True,False
1780012800000,0.04563,0.0547,0.03801,0.04865,4771285.66,2026-05-29,0.06618452772298933,0.06408641369270296,0.06618452772298933,0.1036020437082895,1.9793142658746814,0.13898620170103068,2.6553276551297857,0.15310746162187924,2.9251139471083443,,,0.041738,0.04201288184749174,0.034157,0.03662779698527919,0.028743499999999998,0.031901384679994184,,0.028455219036823173,,0.02731857348205797,0.679903314917127,67.99033149171271,0.9881487535758071,98.81487535758072,0.6424713031735314,64.24713031735313,94.21352893235532,79.86368062317428,64.56424712238666,0.03523681130159939,0.030599150850568652,0.004637660451030739,0.0023592183398673107,0.002278442111163428,4.6833342469957415,0.028743499999999998,0.009117823652489372,0.04697914730497874,0.010507852695021254,1.2688536402998065,1.0458128156099256,0.011968571428571427,24.60138012039348,0.009811428571428572,20.1673763030392,0.009173333333333334,18.855772524837274,5093775.1205,0.9366894978928035,21030664.200000003,0.026958614244426516,36.804635038188394,181.17512118612822,76.35650935462019,84.3223633065561,79.01984576063573,-15.677636693443898,True,False,False
1780099200000,0.04865,0.06,0.04714,0.0495,4563112.92,2026-05-30,0.01747173689619741,0.01732086094263063,0.01747173689619741,0.10904219443029638,2.0832481994840926,0.13645799675047712,2.607026367369714,0.14872170779014562,2.841324237802925,,,0.044992000000000004,0.04450859046926268,0.036248,0.03897074822103565,0.0294545,0.033635140427089955,,0.029565390309927508,,0.028208806705631806,0.4896178152272044,48.96178152272043,0.7313746065057714,73.13746065057713,0.403061224489796,40.3061224489796,93.92643284858852,80.00386772384451,62.278069517379336,0.03743866539316745,0.032109540634658956,0.005329124758508497,0.0029535009606839408,0.002375623797824556,4.799239995605163,0.0294545,0.010150331845754958,0.04975516369150992,0.009153836308490086,1.3784422544269919,0.9937153854822828,0.012652857142857141,25.561327561327555,0.010495714285714285,21.2034632034632,0.00949952380952381,19.190957190957192,4882734.2495,0.9345405026839768,25593777.120000005,0.027670419094859875,39.41443318224939,189.07775159878835,82.23733490730768,74.92836676217766,81.28650016335264,-25.07163323782234,True,False,False
1780185600000,0.0495,0.058,0.03925,0.0527,3375502.82,2026-05-31,0.06464646464646462,0.062642785972672,0.06464646464646462,0.0661668058886744,1.2641150515483048,0.12835910361783434,2.4522972313270848,0.1348253850147224,2.575835363953676,,,0.047271999999999995,0.0472390621880246,0.038853,0.04146920125285359,0.030749,0.035507207990306315,,0.03076950565985884,,0.02917215355558102,0.2760290556900724,27.60290556900725,0.9774859287054407,97.74859287054409,0.9656844461022005,96.56844461022006,93.63514119229043,80.19536487262975,65.72845629262244,0.03979336542614088,0.03374540047942774,0.006047964946713134,0.0035726449125144722,0.002475320034198662,4.697001962426304,0.030749,0.011372637475884588,0.05349427495176917,0.008003725048230822,1.4794155876138524,0.9825397812632862,0.01480857142857143,28.09975603144484,0.011367857142857143,21.570886419083767,0.009931428571428572,18.845215505557064,4649091.326,0.726056466372801,28969279.940000005,0.028126130854251797,39.45127441851258,138.81892978836413,75.09204691620886,82.40963855421687,80.5534562076502,-17.590361445783138,False,True,False
1780272000000,0.0527,0.054,0.043,0.05133,2851096.66,2026-06-01,-0.02599620493358623,-0.026340078975104732,0.02599620493358623,0.06349398260998337,1.2130508345086193,0.0986923860139624,1.8855153873283745,0.1277545014858381,2.4407463238140252,,,0.049561999999999995,0.04860270874968303,0.041813,0.043263381306529604,0.032183,0.037056341677299445,,0.031826084291886936,,0.03002702190039201,0.28711133400200617,28.711133400200605,1.3621721122871606,136.21721122871605,1.266225165562914,126.6225165562914,82.12684176809736,75.71547075902114,64.5830789891344,0.04157258143640201,0.03513498558577547,0.006437595850626539,0.004145821106446331,0.002291774744180208,4.464786176076773,0.032183,0.012083606598240959,0.056350213196481924,0.008015786803518086,1.5018620511749632,0.8961358689628988,0.014834285714285715,28.899835796387517,0.011332142857142858,22.077036542261556,0.009981904761904763,19.446531778501388,4421140.4625,0.6448780997081927,26118183.280000005,0.028487631940665087,38.63877508997973,115.12710892277289,68.64384162192562,77.63734846530824,78.32511792723426,-22.362651534691764,False,False,True
1780358400000,0.05133,0.05551,0.04246,0.04698,2601141.96,2026-06-02,-0.0847457627118644,-0.08855339734144506,0.0847457627118644,0.06410987345416941,1.22481741256524,0.09859533379210254,1.8836612072332122,0.1256715883185415,2.4009523236279215,,,0.049832,0.04806180566802362,0.043816,0.04393953332955506,0.033533,0.03802533506326724,,0.03259545979051231,,0.030669025944115372,0.0295857988165682,2.9585798816568136,0.7432282003710575,74.32282003710574,1.3513513513513513,135.13513513513513,69.1477885652643,72.2827162938032,60.323501427212186,0.042406216238291494,0.03606640296751889,0.006339813270772605,0.004584733487480446,0.001755079783292159,3.7358020078590015,0.033533,0.012156534781537732,0.05784606956307546,0.009219930436924536,1.4500980862479027,0.7765385087455622,0.014369999999999997,30.587484035759893,0.01162142857142857,24.736970139268987,0.010212380952380952,21.737720205153156,4253101.0405,0.6115871537569223,23517041.320000004,0.028789742119661624,38.841031871766646,94.93592771812452,63.51614541948088,66.41733298942482,75.48810666964998,-33.58266701057518,True,True,False
1780444800000,0.04698,0.0573,0.04691,0.05119,3208845.35,2026-06-03,0.08961260110685387,0.08582222123872504,0.08961260110685387,0.07005098969344886,1.3383222789435145,0.09893557232259792,1.8901614552312722,0.12533656756618763,2.394551761141286,,,0.05034000000000001,0.04910453732419588,0.046039000000000004,0.045258443437595636,0.0350945,0.03930770954648901,,0.03352873430141073,,0.031432357243290895,0.05220966084275447,5.220966084275438,0.767610497237569,76.7610497237569,1.564629258517034,156.46292585170343,66.35294117647061,72.33201581027669,59.627254023962244,0.04375993679687826,0.03725022963721411,0.0065097071596641465,0.004969808198805743,0.0015398989608584037,3.0082026975159284,0.0350945,0.012325888662315154,0.05974627732463031,0.010442722675369692,1.4048798144797794,0.826457191869864,0.013949999999999999,27.251416292244578,0.011825714285714285,23.101610247537185,0.010329047619047618,20.17786211964762,4165885.6815000004,0.7702672601530915,26725886.670000006,0.029214247387242886,39.970622236050886,103.06580361464557,64.51128682122749,77.27624451895795,73.77697532456367,-22.72375548104204,True,False,False
1780531200000,0.05119,0.05152,0.0337,0.03631,7928074.74,2026-06-04,-0.2906817737839421,-0.3434510150432474,0.2906817737839421,0.15194164082531367,2.902840972063635,0.14399825936399888,2.751082882330055,0.14373032135216815,2.7459639338015887,,,0.047702,0.0448396909709094,0.046347,0.04363080403891163,0.036011,0.039016334578965216,,0.03366681277684,,0.031610691681465124,-0.2664646464646464,-26.646464646464647,0.09268733072524826,9.268733072524824,1.0194660734149057,101.94660734149056,28.620928620928623,57.60151085930124,55.33468104222822,0.04261209283902147,0.03717693949466412,0.005435153344357346,0.005062892694230725,0.00037226065012662107,1.0252290006241285,0.036011,0.011649248857646066,0.059309497715292134,0.012712502284707869,1.293965605803345,0.506416722735813,0.014365714285714284,39.564071290868306,0.012651428571428572,34.842821733485465,0.010863333333333332,29.918296153493063,4235655.9225,1.8717466397319245,18797811.930000007,0.029706670217750576,39.147453813350474,28.477743196099617,58.461417129796565,38.896053649729176,60.86321038603731,-61.103946350270824,False,True,False
1780617600000,0.03631,0.03962,0.02972,0.0353,6575044.48,2026-06-05,-0.027816028642247415,-0.028210221486993436,0.027816028642247415,0.13972147967071752,2.6693751210164853,0.1207976513710387,2.307835888991468,0.14462926331788956,2.763138195942167,,,0.044222,0.04165979369302359,0.045747,0.04211561756201493,0.036852499999999996,0.03865581684649274,,0.03374705688370016,,0.031743355315184366,-0.3301707779886148,-33.01707779886148,-0.1452784503631962,-14.527845036319626,0.9112073632918245,91.12073632918244,25.53411440385939,61.37850075465369,57.36407032250552,0.04148574409190736,0.037031198338044344,0.004454545753863018,0.0049412071313715,-0.00048666137750848215,-1.378644128919213,0.036852499999999996,0.010899182429502623,0.05865086485900524,0.01505413514099475,1.1830060299304115,0.4643895308193579,0.013395714285714287,37.9481991096722,0.012682142857142855,35.92675030352084,0.011006190476190477,31.17900984756509,4329022.589500001,1.5188288681947981,12222767.450000007,0.02988717965270382,39.133172147623114,-14.468015360119894,55.75315302776876,35.69382973184066,50.62204263350926,-64.30617026815933,False,True,False
1780704000000,0.0353,0.04006,0.0302,0.03748,3570425.6,2026-06-06,0.06175637393767719,0.059924493430970484,0.06175637393767719,0.15133371693820513,2.8912266025082625,0.1222945476459496,2.3364340521687135,0.1426799226795453,2.7258960953385536,,,0.041452,0.040266529044679936,0.045507,0.04127255273507373,0.03766799999999999,0.038541953718992085,,0.03392866804646043,,0.03194635907942431,-0.26982271576076367,-26.98227157607637,-0.06018054162487463,-6.018054162487461,0.7704298535663674,77.04298535663673,22.82142857142857,59.30376391588621,60.24590163934426,0.04086882165642656,0.037065922909709774,0.0038028987467167846,0.0047135212427239625,-0.0009106224960071779,-2.429622454661627,0.03766799999999999,0.010255174611667478,0.05817834922333495,0.017157650776665038,1.0890065426003483,0.4954169478551319,0.01296714285714286,34.59749961884434,0.01281,34.178228388473855,0.01131952380952381,30.201504294353814,4316174.3365,0.8272199688058175,15793193.050000006,0.029999236770145325,39.16016217087991,-13.363771838041815,56.42625072770205,33.54971968132192,36.04653435429725,-66.45028031867808,True,False,False
1780790400000,0.03748,0.04796,0.03687,0.04639,4275365.69,2026-06-07,0.23772678762006416,0.21327646139343098,0.23772678762006416,0.1953401547383832,3.7319684161878506,0.13710521238140608,2.6193914046367563,0.1414943434292139,2.703245635564678,,,0.041333999999999996,0.04230768611183001,0.045583,0.042203201151968836,0.038661,0.03930072509887821,,0.03452925676119203,,0.03244963534875088,-0.012558535547041338,-1.2558535547041298,0.016655708963401405,1.6655708963401354,0.7485865058424424,74.85865058424424,43.05008441193022,63.7265711135612,64.01527203308942,0.04171899645575565,0.037784971912887044,0.0039340245428686055,0.004557608639175449,-0.0006235840963068435,-1.3442209448304452,0.038661,0.010079945645216843,0.05882089129043369,0.018501108709566314,1.0429058374296418,0.6916925019250371,0.011872857142857142,25.593570042804785,0.013340714285714286,28.757737197056016,0.011536190476190476,24.8678389225921,4265180.129,1.002388072881318,20068558.740000006,0.03029853161625526,39.6619931386245,41.050325428173984,58.11510169624808,57.29526200188266,42.179603805015084,-42.704737998117345,True,False,False
1780876800000,0.04639,0.049,0.0399,0.04092,2903647.25,2026-06-08,-0.11791334339297266,-0.1254649776802266,0.11791334339297266,0.1973266342318115,3.7699200536215773,0.14114487186022887,2.696568990613953,0.14349969154839234,2.7415577575872017,,,0.039279999999999995,0.04184512406215835,0.04481,0.04196985011163578,0.0394835,0.03945705533348196,,0.03483452477227325,,0.03274040414285767,-0.20062512209415906,-20.062512209415903,-0.15889003083247688,-15.88900308324769,0.6722517368205967,67.22517368205968,41.734860883797054,55.94373164322151,61.730415217835954,0.04159598053791811,0.038026003720081795,0.003569976817836315,0.004360068831044927,-0.0007900920132086122,-1.9308211466486127,0.0394835,0.009516438008436809,0.058516376016873616,0.02045062398312638,0.9640926471500054,0.5377373340404905,0.011601428571428572,28.351487222454967,0.013217857142857142,32.301703672671415,0.011421904761904763,27.912768235348885,4248055.7455,0.6835238104104112,17164911.490000006,0.030487671098798685,38.65795338515468,32.612307568908506,53.02935946263977,36.98811096433289,42.61103088251249,-63.01188903566711,True,False,False
1780963200000,0.04092,0.04449,0.03431,0.03637,4584269.57,2026-06-09,-0.11119257086999024,-0.11787468208452807,0.11119257086999024,0.14748445648920164,2.817686584888222,0.1444321516510112,2.7593723828340666,0.14354836168674445,2.74248759927482,,,0.039292,0.04002008267550259,0.043496999999999994,0.040951546517310096,0.0398725,0.039159409154959926,,0.03490724825177411,,0.0328632161598122,0.0016524373450839125,0.16524373450839316,-0.2652525252525253,-26.52525252525253,0.2721231199720182,27.212311997201816,29.97297297297297,45.97024685303253,58.78829536527887,0.04079146675394411,0.03789904111095418,0.002892425642989929,0.004066524211344649,-0.0011740985683547202,-3.228206126903273,0.0398725,0.00920151124601421,0.058275522492028414,0.02146947750797158,0.9230934850851297,0.4048390012695696,0.011191428571428571,30.771043638791785,0.012780714285714286,35.140814643151735,0.011478095238095239,31.55923903793027,4289424.971,1.0687375582958998,12580641.920000006,0.03066545029237796,35.35956473992445,-15.109697338260737,46.10451607071129,21.961690885072656,38.74835461709607,-78.03830911492734,False,True,False
1781049600000,0.03637,0.04513,0.0324,0.03441,3875963.8,2026-06-10,-0.05389056915039858,-0.05539703918950855,0.05389056915039858,0.1495368273812331,2.856897075724696,0.14150584036190747,2.703465284155378,0.14312121943877942,2.7343270580857344,,,0.039113999999999996,0.03815005509473064,0.041668,0.03976203198985316,0.0402605,0.03870202241279705,,0.034883887788602706,,0.0329148292158673,-0.025212464589234984,-2.521246458923499,-0.34705882352941164,-34.70588235294117,0.2911819887429645,29.118198874296446,46.05481727574752,45.567979257818834,56.547972304648866,0.039809168733863705,0.03763223515639334,0.002176933577470362,0.0036885896231968395,-0.0015116560457264774,-4.393071914346054,0.0402605,0.008768009721349758,0.057796519442699514,0.022724480557300482,0.8711277526458696,0.33318620228732587,0.01152571428571429,33.49524639847222,0.012737857142857145,37.017893469506376,0.011725714285714285,34.076472786150205,4322489.0649999995,0.8966971903721866,8704678.120000005,0.030789539951886605,31.226104551591984,-32.56985779896418,37.09682419176548,15.488771466314411,24.812857771906653,-84.5112285336856,True,True,False
1781136000000,0.03441,0.03897,0.0338,0.03848,2681412.25,2026-06-11,0.11827956989247301,0.11179140598811663,0.11827956989247301,0.15701077325541138,2.9996866111588565,0.149358665526145,2.8534932982625105,0.1358626721087866,2.5956527060600725,,,0.039314,0.03826003673069365,0.040383,0.03952891242576426,0.041098,0.03868066354795818,,0.0350515297251245,,0.03309804226831713,0.026680896478121774,2.668089647812169,-0.25034093122930057,-25.034093122930063,0.7708237459733089,77.08237459733088,55.85851142225498,44.04464434449442,55.98637411081054,0.03960458714799633,0.037696908552566244,0.0019076785954300832,0.003332395006072554,-0.001424716410642471,-3.7024854746425957,0.041098,0.007631115390640007,0.05636023078128002,0.025835769218719988,0.7427237715353552,0.4142327213656366,0.009718571428571432,25.256162756162766,0.012042142857142859,31.29455004455005,0.011673809523809524,30.337342837342835,4235861.332,0.6330264472406482,11386090.370000005,0.030869777254797726,28.04602611232702,-45.68249313935568,38.14579042352,28.92998678996037,22.126816380449146,-71.07001321003963,False,False,True
1781222400000,0.03848,0.04003,0.03515,0.03666,2456982.13,2026-06-12,-0.04729729729729737,-0.04845238338594686,0.04729729729729737,0.09540521956102103,1.8227141604246728,0.1479589627091619,2.8267520134917166,0.12833262811047502,2.4517914174692024,,,0.037368,0.03772669115097271,0.039351000000000004,0.03900725016980717,0.0415835,0.03848645998024228,,0.035125961731187615,,0.033213788283323206,-0.2097434791981031,-20.97434791981031,-0.21966794380587484,-21.96679438058749,0.36029684601113154,36.02968460111315,48.4690067214339,39.80962094169641,56.12132168323792,0.03915139738116104,0.037617980617201376,0.0015334167639596621,0.0029725893277315336,-0.0014391725637718715,-3.9257298520782093,0.0415835,0.006963288148720034,0.05551007629744007,0.027656923702559934,0.6698126082431767,0.3232336543151304,0.009001428571428573,24.5538149793469,0.01119857142857143,30.547112462006083,0.011455238095238095,31.247239757878052,4190120.1890000002,0.5863750964590767,8929108.240000006,0.030943794261795804,25.461735246073268,-55.0045684857547,34.628467976100225,22.91941875825627,22.446059004843686,-77.08058124174373,True,False,False
1781308800000,0.03666,0.04678,0.03309,0.0436,4563247.88,2026-06-13,0.18930714675395532,0.17337090794342974,0.18930714675395532,0.1279838084808076,2.445127227801652,0.15869581485599818,3.0318792857360557,0.1332056265590947,2.5448899221096704,,,0.03790400000000001,0.0396844607742236,0.038592,0.03984235036189063,0.0423155,0.03897748867754518,,0.035515349264941126,,0.03354705858676618,0.06549364613880737,6.549364613880748,-0.14827114670834152,-14.827114670834145,0.5055248618784531,50.552486187845304,44.37726723095526,45.45594577942083,57.32981736497704,0.039836023219017185,0.03807239400747963,0.001763629211537554,0.0027307919122301853,-0.0009671627006926312,-2.218263074983099,0.0423155,0.006304790555392623,0.05492508111078524,0.029705918889214755,0.5959793036020014,0.5509334921086847,0.00954857142857143,21.900393184796858,0.011257857142857144,25.820773263433814,0.011722857142857143,26.887287024901703,4276669.6875,1.0670096625272747,13492356.120000005,0.031158213272698427,22.19182955171286,-16.519837900109753,33.18989645699665,49.080622347949074,33.64334263205524,-50.919377652050926,True,True,False
1781395200000,0.0436,0.04367,0.039,0.04075,1957688.88,2026-06-14,-0.06536697247706413,-0.06760131066811682,0.06536697247706413,0.11754076231794248,2.245613110999602,0.12615670586771746,2.4102204813914283,0.1317614788914472,2.5172995196591863,,,0.038779999999999995,0.04003964051698463,0.039036,0.040007386424465524,0.04269150000000001,0.039147560565574946,,0.03575427568859329,,0.03377537976166323,0.12042892493813584,12.042892493813588,0.12228036353621596,12.22803635362159,0.22630153475774906,22.630153475774897,49.616944569625964,40.74647669196222,56.82478218780252,0.03997667422011115,0.03827541002714281,0.0017012641929683367,0.002524882694834623,-0.0008236185018662863,-2.0211496978313774,0.04269150000000001,0.005948614411865356,0.05458872882373072,0.030794271176269296,0.5573582012218221,0.4184053686465453,0.008631428571428573,21.18141980718668,0.010252142857142859,25.158632778264682,0.011770952380952382,28.885772713993575,4140082.6744999997,0.4728622672339342,11534667.240000006,0.03124731765412456,19.82636964641232,-23.871792746009824,34.51764003834002,39.9927483683829,37.33092982486275,-60.00725163161711,False,False,True
1781481600000,0.04075,0.04889,0.03765,0.038,2970003.39,2026-06-15,-0.06748466257668717,-0.069869679960486,0.06748466257668717,0.12004502259400887,2.293456936395924,0.12837414743500353,2.4525846430505447,0.12186906467245849,2.328305211373941,,,0.039498,0.03935976034359014,0.039305999999999994,0.039642391050280876,0.042526499999999995,0.03903753079563853,0.0316468,0.03585612319357352,,0.03390771879452338,0.104330136588201,10.433013658820098,0.07648725212464602,7.648725212464592,-0.07990314769975793,-7.990314769975797,53.99705738106915,39.89385898407884,58.04410165133986,0.03967249878211362,0.038254564839378905,0.001417933942734713,0.0023034897845894374,-0.0008855558418547245,-2.330410110144012,0.042526499999999995,0.006034391152299207,0.05459528230459841,0.03045771769540158,0.5675887883836392,0.3124707246448832,0.008937142857142857,23.518796992481203,0.010269285714285717,27.024436090225574,0.011790952380952383,31.02882205513785,4040951.003,0.7349763428943016,8564663.850000005,0.03138448916863292,17.3650104401768,-19.346883778870925,40.43535543334016,30.021754894851345,39.69837520372777,-69.97824510514866,True,True,False
1781568000000,0.038,0.04168,0.03646,0.03723,2562830.8,2026-06-16,-0.020263157894736872,-0.02047127184176027,0.020263157894736872,0.10872808116068132,2.0772470738943287,0.12762977903052267,2.4383635046509604,0.12168113447185644,2.324714809932752,0.14099130175411098,2.6936350378561595,0.03924799999999999,0.038649840228317835,0.039280999999999996,0.039203758739840874,0.042394,0.038864333550805964,0.032029,0.03591805090546355,,0.03401060582076661,-0.03248440748440751,-3.2484407484407516,-0.0066702241195304435,-0.6670224119530422,-0.06644934804413238,-6.644934804413238,57.34374999999999,42.183742183742176,55.316508067852716,0.03929665476247799,0.03817714268890124,0.001119512073576752,0.002066691538628899,-0.0009471794650521472,-2.544129640215276,0.042394,0.006123988552363016,0.054641977104726035,0.030146022895273968,0.5778165355817348,0.2891896777792225,0.00822857142857143,22.101991481524124,0.009710000000000002,26.081117378458234,0.011263333333333334,30.253379890769093,3816910.718,0.6714411180523715,6001833.050000005,0.03146510111990674,14.95452748732238,-60.29186431882831,40.94318388402439,27.229876722262507,32.41479332849892,-72.77012327773748,False,True,False
1781654400000,0.03723,0.04296,0.0357,0.03766,3388995.18,2026-06-17,0.0115498254096158,0.011483635344380719,0.0115498254096158,0.10577375322551529,2.0208047179441793,0.09883111823257268,1.8881658626433688,0.11715931315292706,2.238325534934531,0.1409805893316313,2.6934303773120507,0.039448000000000004,0.03831989348531524,0.038408,0.038923067083234994,0.0419955,0.03874900163664408,0.0324174,0.03599611213585205,,0.034122375034274455,0.027277686852154925,2.7277686852154965,-0.18818710929079552,-18.818710929079547,-0.1746657900504054,-17.46657900504054,47.36503856041131,38.453661034306194,54.57413249211356,0.03904481921295429,0.03813812255383691,0.0009066966591173772,0.0018346904435392177,-0.0009279937844218404,-2.4641364429682433,0.0419955,0.006161529607594429,0.054318559215188855,0.02967244078481114,0.5868752230686077,0.3240899469728972,0.007447142857142858,19.77467566952432,0.009486428571428573,25.18966694484486,0.010974285714285714,29.140429405963133,3783246.8505,0.8957901278770919,9390828.230000006,0.03157362177229292,12.49246800851067,-52.13179681721665,39.975443160525565,36.422018348623844,31.22454998857923,-63.577981651376156,True,True,False
1781740800000,0.03766,0.03964,0.03303,0.03373,2834370.91,2026-06-18,-0.10435475305363773,-0.11021087415544738,0.10435475305363773,0.04518193084185403,0.8631995767076692,0.09736628621038748,1.8601802861543093,0.118076285916941,2.2558442749928034,0.14159340321741115,2.705138170160862,0.03747399999999999,0.0367899289894992,0.037689,0.03797885036357883,0.0412495,0.03826861416480808,0.0326876,0.035895127010925655,,0.03411048653883182,-0.22637614678899076,-22.637614678899077,-0.17570869990224813,-17.570869990224818,-0.3066803699897225,-30.66803699897224,41.70911148839843,47.29219143576826,50.26382439848036,0.03822703791624065,0.037805973169952434,0.0004210647462882175,0.0015519632380576489,-0.0011308984917694314,-3.352797188762026,0.0412495,0.0062164056927489645,0.05368231138549793,0.028816688614502074,0.602810283057876,0.19759454370992025,0.0076528571428571435,22.6885773580111,0.008685714285714286,25.750709415103127,0.01057904761904762,31.36391230076377,3686401.1130000004,0.7688720850274982,6556457.320000006,0.031621376340645886,13.195724808570004,-92.36915739806965,44.607919046256214,20.798755186722005,28.150216752536124,-79.201244813278,False,True,False
1781827200000,0.03373,0.038,0.03371,0.03618,2326465.08,2026-06-19,0.0726356359324043,0.07011883089359011,0.0726356359324043,0.0688018953041158,1.3144583641428347,0.09451377699241272,1.8056831740647654,0.11942119222891105,2.2815386740052648,0.14148284919575646,2.7030260385428115,0.03656,0.03658661932626981,0.03767,0.03765178022636401,0.0405835,0.0380688001118155,0.0329722,0.03590775432814004,,0.034172538974148056,-0.11214723926380377,-11.21472392638038,-0.005224085784987675,-0.5224085784987701,-0.26909090909090916,-26.90909090909092,21.851289833080386,50.89649551752241,47.12811308054746,0.03791207094077282,0.03768361311806216,0.0002284578227106579,0.0012872606075349392,-0.0010588027848242813,-2.9264864146608107,0.0405835,0.005995560879780769,0.05257462175956154,0.028592378240438462,0.5909358118231074,0.31638498514583424,0.00756857142857143,20.919213456526894,0.008285000000000002,22.899391929242686,0.009988571428571428,27.607991787096264,3574568.721,0.650837978392303,8882922.400000006,0.031664657616263754,14.973972279892523,-81.84389529355121,53.061870073759856,31.80851063829785,29.676428057881235,-68.19148936170215,False,False,True
1781913600000,0.03618,0.04495,0.0351,0.0387,5305196.05,2026-06-20,0.06965174129353247,0.06733312006858716,0.06965174129353247,0.07312738165511477,1.397096664845521,0.09427994532734138,1.8012158263762188,0.11958784126336579,2.284722499338086,0.1408558151042089,2.6910465690442713,0.036699999999999997,0.037291079550992035,0.038099,0.0378423687076226,0.0398835,0.03812915993397177,0.033344,0.03603089447263357,,0.03430692237612038,0.018421052631578894,1.842105263157893,0.12467306015693103,12.467306015693097,-0.2656546489563567,-26.56546489563567,42.02334630350193,51.23431808984216,49.34618794326242,0.03803330319346332,0.037760009614868306,0.000273293578595013,0.0010844662533172555,-0.0008111726747222425,-2.09605342305489,0.0398835,0.005281179368883002,0.050445858737766004,0.029321141262234,0.5296605733080598,0.4439755820937814,0.00702,18.13953488372093,0.008284285714285716,21.406423034330015,0.009845238095238098,25.439891718961494,3671053.3824999994,1.4451427144290514,14188118.450000007,0.031840656759013646,17.43621473063669,-16.78809721160056,55.14773984028884,37.951807228915655,30.186357684645174,-62.048192771084345,True,False,False
1782000000000,0.0387,0.0465,0.0371,0.04371,3483543.67,2026-06-21,0.12945736434108523,0.121737308839487,0.12945736434108523,0.08874955127377436,1.6955577963381698,0.09568746284928875,1.8281064108757223,0.12337084526997735,2.3569966894035876,0.13964753459709248,2.6679624023684894,0.037996,0.039430719700955956,0.038622000000000004,0.038909224811418876,0.0395025,0.03866263202047285,0.0338724,0.03636790252246546,,0.034583292579636354,0.17405318291700245,17.40531829170024,0.13591476091476085,13.591476091476087,-0.14845119812974872,-14.845119812974872,68.89477167438784,47.05623901581722,48.92737430167598,0.03890671673946664,0.038206752070855186,0.0006999646686114552,0.0010075656486567748,-0.0003076009800453195,-0.7037313659238608,0.0395025,0.004648954466498745,0.048800408932997495,0.03020459106700251,0.47075040480969516,0.7262605511798429,0.007695714285714286,17.606301271366476,0.008163571428571428,18.67666764715495,0.0094,21.50537634408602,3702675.733,0.9408179168791392,17671662.120000005,0.03199307180165274,18.54254642185816,46.85688725904467,54.17209149578916,68.13253012048192,45.96428266256513,-31.867469879518083,True,False,False
1782086400000,0.04371,0.0461,0.03635,0.03857,3358997.76,2026-06-22,-0.11759322809425754,-0.12510213665508665,0.11759322809425754,0.1130361094557092,2.1595518389060078,0.10320498361113588,1.97172844336988,0.12476147531649602,2.38356463913804,0.14039954864069001,2.6823296104982997,0.038178000000000004,0.0391438131339443,0.038813,0.03884754690836493,0.039082,0.03865378044678299,0.0342542,0.036464095296560715,,0.0346993547650687,0.024163568773234223,2.416356877323423,0.05210038188761601,5.210038188761599,-0.17901234567901236,-17.901234567901238,53.4394250513347,47.399867227262675,44.49901768172889,0.03885491037105684,0.038233998287750426,0.0006209120833064116,0.0009302347041231717,-0.0003093226208167601,-0.8019772383115378,0.039082,0.004304605367327039,0.04769121073465408,0.03047278926534592,0.44057165624349215,0.4702644054269064,0.0074828571428571435,19.400718545131305,0.00821,21.285973554576096,0.00934047619047619,24.216946306653334,3740568.5230000005,0.8979912383227846,14312664.360000005,0.03210725925066815,19.988247737764492,13.954993567126607,53.877369210996605,37.41661613098848,47.83365116012868,-62.58338386901152,False,True,False
1782172800000,0.03857,0.03995,0.03565,0.03784,2672496.72,2026-06-23,-0.01892662691210789,-0.019108028036458932,0.01892662691210789,0.09671574376167538,1.8477516901227633,0.08172344218295877,1.5613241706367267,0.12290467177156633,2.3480904572217622,0.1394659116299129,2.6644925004526425,0.039,0.038709208755936274,0.038237,0.03866435494630137,0.0384145,0.038576043330211,0.0346592,0.03652393077129096,,0.03478994274001636,0.12184998517640078,12.18499851764007,-0.13211009174311927,-13.211009174311931,-0.2607931236569643,-26.079312365696428,50.45500505561173,51.77664974619289,43.62841530054645,0.03869876064004996,0.03820447312323065,0.0004942875168193125,0.0008430450578846746,-0.0003487575410653621,-0.921663692033198,0.0384145,0.00322890477602411,0.04487230955204822,0.031956690447951776,0.33621729045273124,0.45551897316189943,0.007351428571428571,19.427665357897915,0.007790000000000001,20.58668076109937,0.008923809523809525,23.58300614114568,3713751.0915,0.7196219278445415,11640167.640000004,0.03216869697607048,22.854544267655484,-37.1247788406756,56.20319197555874,32.98969072164948,46.179612324373295,-67.01030927835052,False,True,False
1782259200000,0.03784,0.03908,0.031,0.03634,3894669.22,2026-06-24,-0.03964059196617342,-0.04044768121565247,0.03964059196617342,0.09651814219592456,1.8439765175098461,0.08021526266480546,1.5325104414000128,0.10381062984363258,1.9832992983949926,0.13127912518302176,2.508084164999077,0.039032,0.0379194725039253,0.037795999999999996,0.038241741907590554,0.038416,0.03836250471870886,0.034908999999999996,0.036515966001153755,,0.03483425156858435,0.004422332780541716,0.4422332780541748,-0.10822085889570565,-10.822085889570563,0.0008262186725418452,0.08262186725418702,57.521613832853006,52.35883647030065,40.890868596881965,0.03833585536364332,0.03806487506086828,0.0002709803027750382,0.000728631887690656,-0.0004576515849156178,-1.2593604428057728,0.038416,0.0032278824735664747,0.04487176494713295,0.03196023505286705,0.3360977169477796,0.339213476869076,0.007468571428571429,20.551930183190503,0.007457857142857143,20.522446733233746,0.008813809523809524,24.25374112220563,3512080.8155,1.1089349660780892,7745498.420000004,0.03221974902594259,24.249855669624335,-97.31039661410328,56.413404454156726,29.84907769703743,33.418461516558466,-70.15092230296257,False,True,False
1782345600000,0.03634,0.03754,0.03131,0.03254,3640510.51,2026-06-25,-0.10456796917996691,-0.11044896117713332,0.10456796917996691,0.09858352317789115,1.8834355657655288,0.08401254957129163,1.6050575058844738,0.10646952602917488,2.0340974386936725,0.12788682216188388,2.443274306780317,0.0378,0.0361263150025681,0.03725,0.037205055442369725,0.038278,0.03780660941583151,0.034962599999999996,0.036344495270203406,,0.03476924074349087,-0.15917312661498706,-15.917312661498705,-0.14368421052631575,-14.368421052631577,-0.07818696883852683,-7.818696883852688,40.26737967914438,42.69192913385826,39.81350970400088,0.03744414575433494,0.03765154304967053,-0.00020739729533558737,0.0005414257641928579,-0.0007488230595284452,-2.3012386586614793,0.038278,0.0034213133827753384,0.045120626765550675,0.031435373234449324,0.35752269008572424,0.08071657299152561,0.0074142857142857135,22.785143559575026,0.007533571428571429,23.15172534902099,0.008261904761904762,25.38999619515907,3365354.117,1.0817614977306709,4104987.910000004,0.032242196302934005,26.17590084978026,-141.90539003431505,55.65387341652846,8.608160983789825,23.815643134158915,-91.39183901621017,False,False,True
1782432000000,0.03254,0.03311,0.02629,0.0276,5520783.61,2026-06-26,-0.1518131530424094,-0.16465432906778749,0.1518131530424094,0.05550002889663103,1.060326563256486,0.09499584343261933,1.81489304047326,0.1106914536532254,2.1147572526960188,0.12924281328063536,2.4691804807289826,0.034578,0.033284210001660534,0.036287,0.035458673292643884,0.037784,0.0368323773985655,0.034968,0.0359688423079799,,0.03456780938521093,-0.3685655456417296,-36.85655456417295,-0.25866236905721196,-25.86623690572119,-0.26360725720384204,-26.360725720384202,23.721590909090907,39.64808043875686,39.56043956043957,0.03592960494738973,0.03690011299629941,-0.0009705080489096768,0.00023903863084680422,-0.001209546679756481,-4.382415506364062,0.037784,0.004173251162242412,0.046130502324484825,0.02943749767551517,0.44180088526809375,-0.11007590988891196,0.007775714285714284,28.172877846790882,0.007672142857142857,27.797619047619047,0.008115238095238096,29.40303657694962,3462872.0175000005,1.5942788477599286,-1415795.6999999965,0.03217368582116041,25.618876297176797,-237.21556256572043,48.53203144130586,5.796460176991144,14.751232952606133,-94.20353982300885,False,True,False
1782518400000,0.0276,0.03122,0.02743,0.0281,2944866.62,2026-06-27,0.018115942028985588,0.017953803616595845,0.018115942028985588,0.06822312672523162,1.303401005968984,0.09530151314242954,1.8207328520794546,0.09458836185716805,1.807108115905143,0.1292484528865737,2.4692882252491493,0.032484,0.031556140001086135,0.035331,0.03412072740797534,0.0368695,0.035999039936047306,0.034981200000000004,0.0356320669262995,,0.03438758079929137,-0.27145449831475243,-27.145449831475236,-0.25385023898035053,-25.385023898035048,-0.3942660056046562,-39.426600560465616,3.010234798314272,29.23365487674168,37.04410279429918,0.03472501208415504,0.03624268637390012,-0.0015176742897450857,-0.00011230429786771549,-0.0014053699918773702,-5.001316697072492,0.0368695,0.004192065782679893,0.04525363156535979,0.028485368434640213,0.4548003941121951,-0.022982012605361347,0.0069099999999999995,24.590747330960852,0.006965,24.7864768683274,0.007826190476190476,27.851211659040843,3396347.0640000002,0.8670688137895203,1529070.9200000037,0.03213738343650689,23.996410497613095,-203.53630308286625,40.503944781905055,8.008849557522119,7.4711569061010294,-91.99115044247787,False,False,True
1782604800000,0.0281,0.02911,0.02175,0.02476,4743140.22,2026-06-28,-0.11886120996441274,-0.12654012852330465,0.11886120996441274,0.06805225403242968,1.300136487756741,0.09674807624600797,1.8483694013686036,0.0946399284435071,1.8080932941538532,0.13007251175491366,2.4850318478230284,0.029868,0.029290760000705837,0.034434000000000006,0.032418771468584046,0.0360615,0.03492669635699552,0.034884000000000005,0.03516841896313588,,0.03412144962702872,-0.34566596194503163,-34.56659619450317,-0.2659353691076194,-26.59353691076194,-0.3949169110459433,-39.491691104594324,3.3760972316002693,28.85480031737636,42.55511151218254,0.03319189210322032,0.03538539605265027,-0.0021935039494299508,-0.0005285445547779672,-0.0016649593946519835,-6.724391739305265,0.0360615,0.004872430793978,0.04580636158795601,0.026316638412044003,0.5404579170559184,-0.07986970353524073,0.006618571428571428,26.730902377105924,0.007157142857142858,28.90606969766905,0.007648571428571429,30.89083775675052,3488321.7125,1.359719834040393,-3214069.299999996,0.032015156764728187,24.466123132797325,-230.07615414116157,39.60486606455355,11.090641120117914,8.29865028487706,-88.90935887988208,False,True,False
1782691200000,0.02476,0.02634,0.02276,0.02396,7272401.34,2026-06-29,-0.03231017770597744,-0.03284367456914681,0.03231017770597744,0.06919112607551266,1.321894607589078,0.09031968673543203,1.725555192213538,0.09228063991610884,1.7630191501269028,0.12734816788118386,2.4329833311971907,0.027392,0.027513840000461014,0.033212,0.03088080895218556,0.035441,0.033880520063085603,0.0346576,0.034692060960036616,,0.033842746145453274,-0.3406714364336819,-34.06714364336818,-0.3377556661138751,-33.775566611387504,-0.3412152873247182,-34.12152873247182,3.36021505376344,30.42387060791968,42.67063081695967,0.03177156871472917,0.034532881978813296,-0.002761313264084124,-0.0009750985769457013,-0.0017862146871384227,-7.454986173365705,0.035441,0.005571174779259081,0.04658334955851816,0.02429865044148184,0.628783022968774,-0.015196545383147976,0.005737142857142857,23.94466968757453,0.00661,27.58764607679466,0.007385714285714285,30.82518483186263,3622728.301,2.0074376921925285,-10486470.639999997,0.03181343875528397,26.87459703484172,-193.78881987577643,31.622832846864384,8.929292929292929,9.342927868977654,-91.07070707070707,False,False,True
1782777600000,0.02396,0.02424,0.02,0.02074,8717222.48,2026-06-30,-0.1343906510851418,-0.14432157044586721,0.1343906510851418,0.07323342646222844,1.399122648040727,0.0866084102913224,1.6546513553055109,0.0956824786032019,1.8280111869879379,0.12411386340582746,2.3711920309572028,0.025032,0.025255893333632592,0.031416,0.029037021516549223,0.0347575,0.032627167817447365,0.034536199999999996,0.03410103923496628,,0.033486089861290806,-0.36263060848186845,-36.26306084818684,-0.4640826873385012,-46.40826873385012,-0.3972682359779134,-39.72682359779134,3.0120481927710756,28.478204124249544,39.32397959183673,0.030074371642888998,0.0335042733889057,-0.0034299017460167024,-0.0014660594573048127,-0.00196384228871189,-9.468863494271407,0.0347575,0.006470315924117971,0.04769813184823594,0.021816868151764056,0.7446238566200643,-0.04160802055082235,0.005728571428571428,27.6208844193415,0.00654,31.533269045323042,0.007102857142857143,34.247141479542634,3864791.2350000003,2.255548087838695,-19203693.119999997,0.03150281674506575,29.41313010678937,-186.35558719900692,30.12214214777775,2.792452830188683,7.60412895986651,-97.20754716981132,False,True,False
1782864000000,0.02074,0.02228,0.01976,0.02088,6813628.49,2026-07-01,0.0067502410800384105,0.006727560213056538,0.0067502410800384105,0.07073554480716829,1.3514006860276204,0.06261715859381893,1.1962991352010028,0.09025264736061123,1.7242744067559483,0.12201455111278173,2.331084725913576,0.023688,0.023797262222418243,0.029133,0.027553924069579943,0.0338775,0.03150687429014548,0.034500800000000005,0.03354274020547216,,0.033145479188129386,-0.24347826086956526,-24.347826086956523,-0.5223061084420042,-52.230610844200406,-0.4573804573804574,-45.73804573804574,4.9459041731066264,27.93266701735928,31.681746373689492,0.028659829899775682,0.032563285825127915,-0.0039034559253522325,-0.001953538946751631,-0.0019499169786006015,-9.33868284770403,0.0338775,0.007103278616615221,0.04808405723323044,0.019670942766769554,0.8387016298859387,0.04255278789157829,0.004934285714285715,23.631636562671048,0.006201428571428572,29.700328407224962,0.006616666666666667,31.689016602809712,4071402.047,1.6735336897078494,-12390064.629999997,0.03125691379281199,32.3195711382968,-156.83755840165227,23.073637382539346,4.188481675392668,5.303409144958095,-95.81151832460733,False,True,False
1782950400000,0.02088,0.02667,0.02016,0.0239,8403938.99,2026-07-02,0.1446360153256705,0.13508669592302702,0.1446360153256705,0.11246921410632027,2.1487213184631595,0.08935608793770702,1.7071456630319801,0.09778873974628548,1.8682512496251313,0.12224081111118748,2.3354074171135903,0.022848,0.023831508148278883,0.027666000000000003,0.02688957327639139,0.0332395,0.03078152220612956,0.0345792,0.03313676879738178,,0.03289746073570684,-0.14946619217081847,-14.946619217081846,-0.38034742027482493,-38.0347420274825,-0.348063284233497,-34.80632842334969,33.212341197822155,36.75559148477498,37.33253944626376,0.027927538289098268,0.03191784159872804,-0.003990303309629774,-0.0023608919502454673,-0.0016294113593843065,-6.817620750561952,0.0332395,0.007406761118272803,0.0480530222365456,0.018425977763454393,0.8913204011218945,0.18476437099614826,0.004974285714285715,20.812910938433955,0.006194285714285714,25.917513448894198,0.006680476190476191,27.95178322374975,4368749.890000001,1.9236484581633944,-3986125.639999997,0.031041881623458785,32.30129706961231,-108.36165392240156,31.806208696190225,15.482423335826482,7.4877859471359445,-84.51757666417352,True,False,False
1783036800000,0.0239,0.02648,0.0225,0.02448,7942096.91,2026-07-03,0.024267782426778073,0.023977998706660186,0.024267782426778073,0.10080033560994592,1.925787707812928,0.09166857888002884,1.7513257404514115,0.08570954300990191,1.6374785200064983,0.12224307093405849,2.3354505909689203,0.022792,0.02404767209885282,0.02633,0.026451468525082768,0.0322835,0.030180711853369995,0.034669599999999995,0.032773356665783175,,0.03267322962217586,-0.011308562197092198,-1.1308562197092185,-0.35306553911205074,-35.30655391120507,-0.4385321100917432,-43.853211009174316,33.693693693693675,33.39954597048808,40.59484258819807,0.02739714160070682,0.03136393493552501,-0.003966793334818187,-0.0026820723097387214,-0.0012847210250794654,-5.2480434031023915,0.0322835,0.007230972326698091,0.04674544465339618,0.017821555346603818,0.8959341244534318,0.23020571620817742,0.00456857142857143,18.662464985994404,0.006172142857142857,25.21300186741363,0.0066376190476190484,27.114456893868667,4537692.3415,1.7502501959783867,3955971.2700000033,0.030872905368580082,31.298414640274903,-86.23859134063218,35.36747436458123,17.65145848915482,12.440787833457989,-82.34854151084518,False,False,True
1783123200000,0.02448,0.0281,0.02408,0.02641,4394246.64,2026-07-04,0.0788398692810457,0.07588626866491546,0.0788398692810457,0.10361669938457661,1.9795942621770015,0.0989154591843848,1.8897771942652546,0.08815904524180965,1.6842761944380782,0.12154825124213305,2.3221760793935404,0.023281999999999997,0.024835114732569104,0.025337,0.026443928785938247,0.0315665,0.029821236244694783,0.0348382,0.03250695867214192,,0.03250751760033457,0.1022537562604342,10.225375626043409,-0.2732526141992294,-27.325261419922946,-0.35190184049079754,-35.19018404907976,58.51393188854489,32.26551226551226,43.66888255777145,0.02724527216426576,0.030995154876357324,-0.0037498827120915623,-0.002895634434136471,-0.0008542482779550914,-3.2345637181184834,0.0315665,0.007056116626169468,0.045678733252338934,0.01745426674766106,0.894127207789203,0.3173038984051171,0.004601428571428571,17.42305403797263,0.005755714285714286,21.793692865256666,0.006177142857142858,23.389408773732896,4659520.2295,0.9430684756296323,8350217.910000003,0.030807149517823224,31.255899787213473,-61.166816119127134,32.34199191876188,24.869109947643977,19.334330590875094,-75.13089005235602,True,False,False
1783209600000,0.02641,0.02796,0.02161,0.02267,9174714.79,2026-07-05,-0.1416130253691783,-0.15270026178960316,0.1416130253691783,0.10639034631073759,2.03258471229696,0.10276482008352719,1.963319130982504,0.091842905204309,1.7546562402004007,0.12352824126101936,2.360003735590226,0.023668,0.0241134098217124,0.02435,0.025757759371366477,0.0308,0.029139548128025675,0.0349222,0.03209622837706454,,0.03224895831158274,0.09305689488910307,9.305689488910307,-0.30331899200983403,-30.331899200983408,-0.4034210526315789,-40.3421052631579,44.89311163895487,18.484122228879556,37.42243436754176,0.026541378264634877,0.030375642821994703,-0.0038342645573598254,-0.00308336048967155,-0.0007509040676882753,-3.312324956719344,0.0308,0.007152453388431425,0.04510490677686285,0.01649509322313715,0.9288900504456397,0.21583177273305665,0.004457142857142857,19.660974226479297,0.005537857142857142,24.428130316970194,0.006257142857142857,27.600983048711324,4969755.7995,1.8461097808715379,-824496.8799999962,0.03061527824565256,32.82901313782309,-74.53379953379951,24.176898147593107,11.04783599088838,17.85613480922906,-88.95216400911163,False,True,False
1783296000000,0.02267,0.02303,0.0198,0.02094,6992127.15,2026-07-06,-0.07631230701367442,-0.07938125907704678,0.07631230701367442,0.11556839719528299,2.2079311282407885,0.09538118635490099,1.8222550066664511,0.09265722011821154,1.7702137047861388,0.12258263057666573,2.3419378688320887,0.02368,0.023055606547807937,0.023684,0.024881802553409618,0.029985500000000005,0.0283579977312818,0.0349176,0.03163159286590048,,0.03195363913830465,0.00287356321839094,0.2873563218390854,-0.2413043478260869,-24.130434782608692,-0.4375503626107977,-43.75503626107977,50.89766606822262,20.58725392058726,37.476099426386234,0.025679621677009778,0.029673733319583954,-0.003994111642574176,-0.003265510744230401,-0.0007286008983437751,-3.479469428575812,0.029985500000000005,0.007307532865403163,0.04460056573080633,0.01537043426919368,0.9748088730090424,0.19054193232489292,0.004407142857142857,21.046527493518894,0.005072142857142857,24.22226770364306,0.005875714285714285,28.05976258698322,5191220.617000001,1.3469138890191765,-7816624.029999997,0.030416179737354925,34.85691113529923,-93.83993928063857,24.02670795587028,5.844477464091137,13.920474467541167,-94.15552253590886,False,True,False
1783382400000,0.02094,0.02497,0.01966,0.02275,6705027.12,2026-07-07,0.08643744030563516,0.08290393995456864,0.08643744030563516,0.09999101320372751,1.9103256249525689,0.10094518702031562,1.9285550901223358,0.09564397331101386,1.8272755444136073,0.11793045206775393,2.253058123216144,0.02345,0.022953737698538604,0.023149,0.024494201883293373,0.02924,0.027823506056026754,0.034842,0.03126258912341809,,0.03171480518018955,-0.04811715481171552,-4.8117154811715555,-0.1903914590747331,-19.039145907473312,-0.395910780669145,-39.5910780669145,57.29898516783763,25.700483091787447,31.910463300364384,0.025228907956675865,0.02915884487594652,-0.003929936919270655,-0.0033983959932329015,-0.000531540926037753,-2.3364436309351784,0.02924,0.0072436534835312,0.043727306967062396,0.014752693032937598,0.9909238691561149,0.27601082054948756,0.004559999999999999,20.04395604395604,0.005144285714285714,22.612244897959183,0.005880000000000001,25.846153846153854,5357022.214,1.2516332492475268,-1111596.9099999964,0.030257112188741785,34.577659725523674,-75.31994219047823,30.439585242093912,15.91143151390319,10.934581656294236,-84.0885684860968,True,True,False
1783468800000,0.02275,0.02281,0.01867,0.01983,10566353.43,2026-07-08,-0.12835164835164836,-0.13736920286525484,0.12835164835164836,0.11122830426004986,2.125013769138137,0.10205553118974171,1.9497681856937314,0.09689391072140253,1.8511555651089404,0.11885900396554867,2.2707980823146836,0.02252,0.021912491799025588,0.022656000000000003,0.02364616480872771,0.028544999999999997,0.027061708266832876,0.0347492,0.030788703866992534,,0.0314082796117585,-0.18995098039215674,-18.99509803921568,-0.1991114701130856,-19.911147011308564,-0.41209605692262086,-41.20960569226209,33.98898505114083,24.57653218355405,31.871750433275565,0.024398302533086627,0.028465300841556875,-0.004066998308470248,-0.0035321164675462978,-0.0005348818409239503,-2.6973365654258714,0.028544999999999997,0.007453954443253949,0.04345290888650789,0.0136370911134921,1.0445198028732106,0.20770548484209844,0.004791428571428571,24.16252431381024,0.004862857142857142,24.522728910020884,0.005731428571428571,28.902816799942364,5743621.34,1.8396674858095712,-11677950.339999996,0.02995715396387271,34.70076061452142,-89.25434491655528,29.38280479243018,6.1473237943826256,9.301077590792318,-93.85267620561737,False,True,False
1783555200000,0.01983,0.02116,0.01964,0.02056,5056183.44,2026-07-09,0.036812909732728105,0.03615149805525967,0.036812909732728105,0.10152636184778813,1.9396584196109177,0.1032526040298966,1.9726382301928642,0.09537792629932565,1.8221927233921367,0.11655129690825934,2.226709400890468,0.021349999999999997,0.02146166119935035,0.022316,0.023085043734913272,0.027764,0.026442121563389515,0.0345886,0.030365665486353863,,0.03113015328254774,-0.22150700492237796,-22.150700492237792,-0.1419031719532554,-14.190317195325544,-0.431730237700387,-43.1730237700387,34.758942457231726,29.62585034013604,34.339080459770116,0.023807791924811614,0.027877747445031038,-0.004069955520219423,-0.003639684285330979,-0.00043027123488844406,-2.092758924554689,0.027764,0.007430148684493754,0.04262429736898751,0.012903702631012492,1.0704723648600714,0.2576091574373777,0.004078571428571428,19.83740967204002,0.004526428571428571,22.015703168426903,0.005489047619047619,26.69770242727441,5880107.257999999,0.8598794576614168,-6621766.899999996,0.029820247543468025,34.82386150351916,-82.01482431758252,34.29892546614549,13.088642659279772,11.715799322521862,-86.91135734072023,False,False,True
1783641600000,0.02056,0.0208,0.01628,0.02002,11114133.41,2026-07-10,-0.026264591439688623,-0.026615666699889736,0.026264591439688623,0.08587089902525936,1.6405612223514536,0.09406587473418934,1.7971260134365907,0.09282640089305695,1.7734458989512087,0.11620427278840739,2.220079514389777,0.020819999999999998,0.020981107466233537,0.022243999999999996,0.02252776289372771,0.026830000000000003,0.02583015458092736,0.034456,0.029938704480758836,,0.03084696572072255,-0.11689457432730477,-11.68945743273048,-0.034715525554484206,-3.471552555448418,-0.482687338501292,-48.268733850129195,22.144725370531816,34.83999999999999,34.48151487826871,0.023225052596135262,0.02729387431754595,-0.004068821721410688,-0.0037255117771747294,-0.00034330994423595893,-1.7148348862935012,0.026830000000000003,0.007151964765013882,0.04113392953002777,0.012526070469972238,1.066263848678924,0.26195352522871435,0.004155714285714285,20.75781361495647,0.004362142857142857,21.788925360353932,0.0055,27.47252747252747,6170554.126,1.8011564574354728,-17735900.309999995,0.029489164506522093,36.154063804243336,-92.54132419108826,33.52253273103558,25.0334672021419,14.7564778852681,-74.9665327978581,False,True,False
1783728000000,0.02002,0.02022,0.01768,0.0181,4997859.56,2026-07-11,-0.09590409590409577,-0.10081983561529431,0.09590409590409577,0.08937094266176664,1.7074294621366541,0.09879302344231689,1.887438062697442,0.08610787747335104,1.6450886892451897,0.11396916805428843,2.1773778984021406,0.020252,0.02002073831082232,0.021966,0.02172271490326243,0.025549500000000003,0.025093583095178923,0.0343834,0.029451127839188386,,0.03052389465594289,-0.1356255969436485,-13.562559694364845,-0.13314176245210718,-13.314176245210717,-0.5859071150766415,-58.59071150766415,26.321243523316056,31.074943224829667,32.82402528977872,0.022436580550857944,0.026610877738136723,-0.00417429718727878,-0.003815268863067294,-0.00035902832421148573,-1.9835819017209155,0.025549500000000003,0.006199941829098934,0.037949383658197874,0.013149616341802135,0.9706556807920209,0.19961411714234292,0.0039442857142857135,21.791633780584053,0.0042728571428571425,23.606945540647196,0.005151904761904762,28.463562220468297,6246269.9205,0.8001350603817537,-22733759.869999994,0.029341823908262153,38.79605813911606,-96.2302048662091,33.40290970042082,14.185502727981309,17.43587086313433,-85.81449727201868,False,False,True
1783814400000,0.0181,0.01876,0.01676,0.01693,6926992.03,2026-07-12,-0.06464088397790058,-0.06682474212673614,0.06464088397790058,0.06403055498029275,1.223302035249581,0.08342718871426143,1.5938742024134842,0.08437813627703332,1.6120420300906382,0.10905207114090727,2.0834368937753664,0.019088,0.01899049220721485,0.021269,0.020851312023888662,0.0244675,0.024315749022709814,0.034183,0.028936459141434584,,0.030181257453014792,-0.2558241758241758,-25.582417582417577,-0.29163179916317994,-29.163179916317993,-0.5610578169561835,-56.10578169561835,27.94279427942793,33.85567010309278,34.49612403100774,0.021589412116587707,0.025891856517484393,-0.004302444400896686,-0.003912703973995534,-0.000389740426901152,-2.302069857655948,0.0244675,0.005674013593846777,0.035815527187693555,0.013119472812306446,0.9276000562128175,0.16789381646115134,0.0033228571428571417,19.62703569319044,0.003889999999999999,22.976963969285286,0.004799523809523809,28.349225100554097,6424669.634,1.0781864943438741,-29660751.899999995,0.029122206631885306,39.26512233620783,-112.80677093619269,33.38024848505627,5.499153976311347,14.906041302144851,-94.50084602368865,False,True,False
1783900800000,0.01693,0.01879,0.01662,0.01805,7227835.39,2026-07-13,0.06615475487300637,0.06405848863384586,0.06615475487300637,0.06780784819448364,1.2954671207790804,0.08744682377833285,1.6706692224840205,0.0874211783665045,1.6701792675789897,0.10893554841950957,2.0812107303088387,0.018732000000000002,0.018676994804809895,0.020626,0.02034198248385044,0.023478,0.02371876800368531,0.033964799999999996,0.028489825293718598,,0.02987712963078833,-0.08976298537569338,-8.976298537569342,-0.2626633986928104,-26.26633986928104,-0.5229915433403804,-52.29915433403806,22.023809523809504,37.973137973137966,32.8476821192053,0.021044885981402747,0.025309539104321738,-0.004264653122918991,-0.003983093805723477,-0.00028155931719551445,-1.559885413825565,0.023478,0.0048907674567279956,0.03325953491345599,0.013696465086544008,0.8332511213438959,0.2225384334858858,0.003171428571428571,17.570241392956074,0.0037892857142857142,20.993272655322517,0.004438571428571428,24.59042342698852,6652436.5675,1.086494447058852,-22432916.509999994,0.0289079414626585,38.35245605953917,-105.40215980041566,39.86838355899317,14.974619289340108,11.553091997877587,-85.02538071065989,True,True,False
1783987200000,0.01805,0.02545,0.01771,0.02339,7148891.05,2026-07-14,0.29584487534626036,0.2591628958171977,0.29584487534626036,0.15797800382471328,3.0181655252389668,0.1320421904615905,2.5226625066765576,0.11411621809600656,2.1801872855044806,0.11498712817997775,2.1968259992961894,0.019298,0.020247996536539952,0.020324000000000002,0.02089616755902892,0.0228305,0.023687445228836056,0.033768,0.028280975260911775,,0.029715351005000532,0.13764591439688734,13.764591439688731,-0.11435062476334712,-11.435062476334716,-0.3563566318106769,-35.635663181067684,66.45101663585953,54.96440614462346,36.24932638764145,0.021405673422991746,0.02516702489948876,-0.003761351476497015,-0.003938745338898723,0.00017739386240170785,0.7584175391265834,0.0228305,0.003843409225373273,0.030517318450746546,0.015143681549253454,0.6733815247801446,0.5363934704315582,0.0035185714285714286,15.043058694191657,0.004039285714285713,17.26928479814328,0.0046023809523809515,19.67670351595105,6815147.659,1.0489708231866792,-15284025.459999993,0.028784170776636156,36.93651384884991,-19.322858605192454,47.61245718811933,60.1522842639594,26.875352509870282,-39.8477157360406,True,False,False
1784073600000,0.02339,0.02411,0.01834,0.01922,7334555.36,2026-07-15,-0.17828131680205217,-0.19635717705394123,0.17828131680205217,0.1850361509251808,3.535110699746232,0.13669144738452374,2.6114864354707543,0.11824769562640748,2.259119052894017,0.1121810053009938,2.14321509696873,0.019138,0.019905331024359967,0.019979000000000004,0.02059140978851937,0.022164499999999997,0.023261832427575367,0.0333264,0.027910549989841982,,0.029454951278112075,-0.03996003996003994,-3.996003996003989,-0.15218350242611378,-15.218350242611372,-0.40934234787953283,-40.93423478795329,45.3015427769986,47.298177083333336,27.667335400328284,0.021069415445318575,0.024725569159472546,-0.003656153714153971,-0.0038822270129511803,0.00022607329879720944,1.1762398480604028,0.022164499999999997,0.0031668870237273727,0.028498274047454742,0.01583072595254525,0.5715241983762094,0.2675556486591706,0.0037514285714285714,19.518358852385905,0.004271428571428571,22.223873940835436,0.004492380952380952,23.373470095634502,6999849.9015,1.047816090803358,-22618580.819999993,0.028631684961989406,35.16070987629639,-47.70952079375125,47.4430180640711,24.873096446700522,33.33333333333334,-75.12690355329948,False,False,True
1784160000000,0.01922,0.02065,0.01862,0.02022,6072540.91,2026-07-16,0.05202913631633699,0.05072081005017877,0.05202913631633699,0.17657495102643767,3.3734597026563002,0.13563282605470026,2.591261503362478,0.11498693284879283,2.196822267499141,0.11244745801392356,2.1483056689015374,0.019562,0.020010220682906647,0.019907,0.020523880730168437,0.021795500000000002,0.0229720467324651,0.0329332,0.027596672437175142,,0.02922696525481289,0.11712707182320425,11.712707182320424,-0.034383954154727836,-3.4383954154727885,-0.2673913043478261,-26.739130434782616,50.67934782608696,43.58885017421603,31.8997829946735,0.020938735972417362,0.024391167234274605,-0.003452431261857243,-0.003796267861517379,0.0003438365996601359,1.7004777431262905,0.021795500000000002,0.002920593802276333,0.02763668760455267,0.015954312395447336,0.5359994131405718,0.36513872634633004,0.003824285714285714,18.91338137628939,0.003951428571428571,19.5421788893599,0.004292380952380952,21.228392445009657,7027437.766500001,0.8641187744056559,-16546039.909999993,0.028498666992350836,33.84099674953598,-60.708667527282145,39.88472754932226,33.33333333333333,39.452904681331084,-66.66666666666667,False,False,True
1784246400000,0.02022,0.02022,0.01772,0.01888,5780302.77,2026-07-17,-0.0662710187932739,-0.06856905287497064,0.0662710187932739,0.17680448001287832,3.377844847785029,0.13395423942913293,2.559192150909868,0.11547319596858312,2.206112311358504,0.11058557448673696,2.1127344340605143,0.019952000000000004,0.019633480455271097,0.019520000000000003,0.020224993303343326,0.0213345,0.02258222165941321,0.0323982,0.027241482824725983,,0.02897276844061108,0.11518015357353817,11.51801535735381,-0.17010989010989008,-17.010989010989004,-0.3281138790035587,-32.81138790035587,52.75813295615275,40.495587236931435,31.520467836257296,0.02062200700520812,0.023982189688137246,-0.003360182682929126,-0.0037090508248134933,0.0003488681418843671,1.8478185481163514,0.0213345,0.0025810085238139376,0.026496517047627875,0.016172482952372124,0.4839126342429282,0.26225378787465203,0.0035357142857142853,18.72730024213075,0.0038457142857142856,20.369249394673123,0.004086666666666666,21.6454802259887,7169209.573999999,0.8062677914958662,-22326342.679999992,0.028363110932633565,32.45814165457839,-81.26391596620745,32.04653137571589,21.99661590524536,26.734348561759735,-78.00338409475464,False,True,False
1784332800000,0.01888,0.01953,0.01759,0.01854,4795049.09,2026-07-18,-0.018008474576271194,-0.018172600579645544,0.018008474576271194,0.1769717024229269,3.3810396274431893,0.12759697662919015,2.4377368156534422,0.11280451176173895,2.1551271711754203,0.11001821974850884,2.101895137006216,0.020050000000000002,0.019268986970180733,0.019391,0.019918630866657017,0.0210235,0.02219715313263339,0.031796000000000005,0.02688745475267164,,0.028717679252331266,0.02714681440443223,2.714681440443218,-0.06505295007564293,-6.5052950075642935,-0.2512116316639741,-25.121163166397416,56.0480841472577,35.88087549336204,32.24970083765456,0.020301697930482122,0.023578385323509813,-0.0032766873930276906,-0.0036225781376740787,0.0003458907446463881,1.865645871879116,0.0210235,0.0025205602447409643,0.02606462048948193,0.01598237951051807,0.479570051559629,0.2536757943812581,0.0034499999999999995,18.608414239482197,0.0036971428571428563,19.94143935891508,0.003998571428571428,21.56726768377253,7171805.0175,0.6685972468994275,-27121391.769999992,0.028249048164053117,30.04644471035448,-86.97593926198842,26.769106697494166,19.349315068493166,24.893088102357282,-80.65068493150683,False,True,False
1784419200000,0.01854,0.01857,0.01698,0.01796,4786370.03,2026-07-19,-0.031283710895361416,-0.031783497263655584,0.031283710895361416,0.0843966032224146,1.6123948405867634,0.12723936293236834,2.4309046155688128,0.11279335527257571,2.1549140267492346,0.10995709251214635,2.100727302795277,0.018964,0.018832657980120487,0.019131000000000002,0.019562516146607856,0.0207235,0.02179352461025307,0.0311652,0.026524766045742332,,0.028455862874034524,-0.23215049166310386,-23.215049166310394,-0.12645914396887148,-12.64591439688715,-0.25041736227045075,-25.04173622704507,49.64761158966328,40.46944556859571,34.46291560102301,0.019941436420432106,0.02316155946175212,-0.003220123041320015,-0.0035420871178207525,0.0003219640765007373,1.7926730317412987,0.0207235,0.0025096996570150116,0.025742899314030024,0.015704100685969974,0.4844161762279562,0.22471805617501148,0.0033914285714285717,18.883232580337257,0.003357142857142857,18.692332166719694,0.0037238095238095233,20.733906034574183,7047503.452,0.6791582384598456,-31907761.799999993,0.028129584327276077,26.04591999977276,-102.36861266972195,28.692174713579277,18.32061068702291,19.88884722025381,-81.6793893129771,False,True,False
1784505600000,0.01796,0.0185,0.01265,0.01559,12885073.86,2026-07-20,-0.1319599109131403,-0.14151737980436838,0.1319599109131403,0.06740121218427507,1.2876983507122424,0.1332944699876319,2.5465872734286075,0.11265176133997948,2.1522088784653053,0.11059528715053861,2.112919994241898,0.018238,0.017751771986746993,0.018688000000000003,0.018840240455343472,0.020465999999999998,0.021202593356723476,0.030423,0.026081153604857694,,0.02814415212011365,-0.18886576482830386,-18.886576482830392,-0.22127872127872128,-22.127872127872127,-0.2483124397299904,-24.831243972999044,10.204081632653029,39.44773175542406,36.45997745208568,0.019271984207497116,0.022599893253704005,-0.0033279090462068894,-0.003499251503249979,0.00017134245704308968,1.099053605151313,0.020465999999999998,0.0027596689351404393,0.025985337870280876,0.01494666212971912,0.5393665464947599,0.05828034860349472,0.003917142857142857,25.125996517914412,0.0035442857142857142,22.73435352332081,0.003831904761904761,24.57924799169186,7255896.021,1.7758074016920922,-44792835.66,0.027753586298886263,22.823196838399294,-156.1725321594445,27.92094581066985,22.96875,20.212891918505353,-77.03125,False,True,False
1784592000000,0.01559,0.01563,0.01168,0.01288,11000555.05,2026-07-21,-0.17382937780628605,-0.19095396239347756,0.17382937780628605,0.06674074779276397,1.275080196229682,0.14048840862110354,2.68402727804039,0.11846402840262772,2.2632520847804787,0.11276595685630643,2.154390580741385,0.01677,0.01612784799116466,0.018166,0.017756560337881182,0.020065999999999997,0.020409820507738884,0.029654,0.02554631989799926,,0.027775965746553482,-0.3630069238377843,-36.300692383778426,-0.2883977900552487,-28.839779005524864,-0.3831417624521072,-38.314176245210724,11.990407673860872,31.200000000000003,33.65549828178693,0.01828860145501267,0.021878938518347563,-0.003590337063334892,-0.0035174686153513373,-7.286844798355457e-05,-0.5657488197480944,0.020065999999999997,0.003235296130593273,0.026536592261186542,0.013595407738813452,0.6449309539705518,-0.05528147269491703,0.0033757142857142853,26.208961845607803,0.003447142857142857,26.763531499556343,0.003818095238095238,29.643596569062403,7465242.348999999,1.4735697162562407,-55793390.70999999,0.02739550960602467,21.532224178514404,-185.24214959260277,20.188027037419005,8.714596949891078,16.667985878971326,-91.28540305010893,False,True,False
1784678400000,0.01288,0.0157,0.01276,0.01455,9745073.47,2026-07-22,0.12965838509316763,0.1219152729412939,0.12965838509316763,0.11787835828297138,2.2520628728553134,0.1476539080677398,2.820923952750577,0.11742870834581214,2.243472322867951,0.11435924287278282,2.1848302673455406,0.015903999999999998,0.015601898660776442,0.017928000000000003,0.017173549352095332,0.019598499999999998,0.019851650053563548,0.0290054,0.025101390916852477,,0.027458314372087116,-0.22934322033898302,-22.934322033898308,-0.14057885410513882,-14.057885410513881,-0.39121338912133896,-39.12133891213389,18.534961154273034,39.43999999999999,38.627756738694586,0.017713431719924323,0.021335382170391826,-0.0036219504504675024,-0.003538364982451999,-8.358546801550326e-05,-0.574470570553287,0.019598499999999998,0.0033263798482339735,0.026251259696467945,0.012945740303532051,0.678904987266163,0.12057099381777428,0.0029714285714285715,20.42218949435444,0.0033614285714285708,23.10260186548846,0.0038380952380952377,26.378661430207817,7532299.073000001,1.2937714468789256,-46048317.239999995,0.027113217374759815,20.436377320209406,-141.64015553199013,28.528667215191618,20.842411038489477,17.50858599612685,-79.15758896151053,True,False,False
1784764800000,0.01455,0.01788,0.01353,0.01558,8100586.87,2026-07-23,0.07079037800687282,0.06839704682510066,0.07079037800687282,0.12912985643024782,2.4670224431324477,0.14791124807333955,2.8258404266542976,0.11876600685382736,2.269021374989938,0.11403248451746834,2.1785875577326994,0.015312000000000001,0.015594599107184295,0.017681,0.016883813100054167,0.0191535,0.019444765356743228,0.0282932,0.024716619362353906,,0.027174227386884905,-0.1596548004314995,-15.965480043149949,-0.13684210526315788,-13.684210526315791,-0.3635620915032679,-36.35620915032679,31.034482758620683,40.158102766798415,40.713652482269495,0.017385211319893082,0.020908568972045773,-0.0035233576521526908,-0.0035353635163832406,1.20058642305498e-05,0.07705946232702054,0.0191535,0.0032329720317217374,0.025619444063443474,0.012687555936556526,0.6751710197554989,0.22366757545866292,0.003302857142857142,21.199339812946995,0.0035635714285714285,22.872730607005316,0.0037352380952380944,23.97457057277339,7540223.571,1.074316536336559,-37947730.37,0.026911105374694468,18.375714523117672,-98.03531721274197,29.419336859442666,28.32244008714597,19.29314935850884,-71.67755991285402,True,False,False
1784851200000,0.01558,0.01654,0.01445,0.01604,5916055.33,2026-07-24,0.029525032092426073,0.02909756199576612,0.029525032092426073,0.13150548926599995,2.512408844732055,0.10563118108615967,2.018080881046353,0.11719916173276491,2.2390868409833766,0.10713913710709597,2.0468903403747314,0.014928,0.0157430660714562,0.016946,0.016730392533719406,0.018635000000000002,0.019120458084842883,0.0278878,0.02436640481699411,,0.026909027467167265,-0.10690423162583529,-10.690423162583528,-0.31423685335613516,-31.423685335613516,-0.39265429761453996,-39.265429761453994,35.82766439909295,42.10943695479777,44.452313503305,0.01717825565996222,0.020547551572646226,-0.003369295912684006,-0.0035021499955646303,0.0001328540828806242,0.8282673496298267,0.018635000000000002,0.002812100731893514,0.02425920146378703,0.013010798536212974,0.6036170071142504,0.2693005827841849,0.003244285714285714,20.226220163876025,0.00339,21.134663341645883,0.003645238095238094,22.72592328702054,7616314.005499999,0.7767609536224236,-32031675.04,0.0267681188320163,16.11334304289452,-91.53411232566906,36.657113932622416,31.663035584604206,26.942628903413212,-68.3369644153958,False,False,True
1784937600000,0.01604,0.01633,0.01475,0.01551,4651881.9,2026-07-25,-0.03304239401496256,-0.03360062524992095,0.03304239401496256,0.11607757498476466,2.217658956249909,0.09240378088238299,1.7653717549842578,0.1136461038844542,2.171205766103802,0.1071587009490808,2.0472641070510424,0.014912,0.0156653773809708,0.016575,0.01650850297895264,0.018276999999999998,0.01877656281144159,0.027491999999999996,0.024009343256187157,,0.026638606557335718,-0.005131494547787052,-0.5131494547787057,-0.1930280957336109,-19.30280957336109,-0.31583590648434057,-31.58359064843405,36.03192702394526,44.56567352077214,43.719298245614034,0.016921600867223986,0.020174033019729073,-0.003252432152505088,-0.003452206426857972,0.00019977427435288395,1.288035295634326,0.018276999999999998,0.0027258163431974577,0.023728632686394913,0.012825367313605084,0.59655662158942,0.2462228144143571,0.003192857142857143,20.585797181541864,0.0033214285714285715,21.41475545730865,0.0035290476190476187,22.7533695618802,7390172.361,0.6294686609136857,-36683556.94,0.026656763987520045,13.850971562671365,-86.4670307824303,37.09975843030331,27.81408859840232,29.266521423384162,-72.18591140159768,False,False,True
1785024000000,0.01551,0.01707,0.01512,0.01566,5163958.01,2026-07-26,0.009671179883945946,0.009624713374209693,0.009671179883945946,0.06193284303525881,1.1832253048117893,0.08981015492659666,1.715820600674162,0.11274155250803385,2.153924336322295,0.10669084029873226,2.0383256418767095,0.015468,0.015663584920647202,0.016119,0.016354229708242383,0.018013,0.018479714408568215,0.0270556,0.02367309501001158,,0.02637917662886929,0.21583850931677007,21.583850931677013,-0.2255192878338278,-22.55192878338278,-0.2521489971346704,-25.214899713467048,50.53435114503817,47.21613327487944,39.66900702106319,0.016727508377595145,0.019839356070097933,-0.0031118476925027887,-0.003384134679883622,0.0002722869873808334,1.7387419372977868,0.018013,0.0027099681489680485,0.023432936297936097,0.012593063702063905,0.6017805249471044,0.2829310280919704,0.0032442857142857143,20.71702244116037,0.003317857142857143,21.18682722130998,0.003319523809523809,21.19747004804476,7298763.904000001,0.7075113098493231,-31519598.93,0.026540277153064503,13.345443093502288,-65.94433821967291,42.775346599608085,28.903413217138713,29.460179133381743,-71.0965867828613,True,False,False
1785110400000,0.01566,0.01754,0.01535,0.01548,7688712.55,2026-07-27,-0.011494252873563204,-0.011560822401075971,0.011494252873563204,0.039823722515303285,0.7608311503653054,0.0884343177426991,1.6895352681832605,0.11050360039748933,2.1111683212844308,0.10043002639417362,1.9187129601793123,0.015653999999999998,0.015602389947098136,0.015778999999999998,0.016195278850672692,0.0176495,0.01819399867430034,0.026437400000000003,0.023343487565425414,,0.026122605954202016,0.06391752577319587,6.39175257731959,-0.18008474576271183,-18.008474576271187,-0.31956043956043956,-31.95604395604395,82.33830845771146,44.12437128486511,38.601823708206695,0.016535583971216624,0.019516168868428763,-0.0029805848972121393,-0.0033034247232513305,0.00032283982603919115,2.085528591984439,0.0176495,0.0025222055406873456,0.02269391108137469,0.012605088918625308,0.5716208483384448,0.2849600315079029,0.0027214285714285713,17.580287929125134,0.0033192857142857143,21.442414174972313,0.00327,21.124031007751938,7347948.1755,1.0463754460920394,-39208311.48,0.026374222490693832,13.03651291547126,-53.76115295686338,42.612646656717835,27.596223674655057,28.104575163398696,-72.40377632534495,True,False,False
1785196800000,0.01548,0.01595,0.01253,0.01275,10948084.96,2026-07-28,-0.1763565891472869,-0.194017596557146,0.1763565891472869,0.0816824058733298,1.560540173042083,0.10197455925731454,1.9482212190968193,0.1136086441643886,2.1704900991568223,0.10195868233721267,1.9479178909641788,0.015087999999999999,0.014651593298065424,0.0152,0.015568864509267536,0.0172955,0.01767547557102609,0.025873999999999998,0.022917744350539622,,0.025808982280808506,-0.18164313222079598,-18.164313222079596,-0.31229773462783184,-31.22977346278318,-0.357034795763994,-35.7034795763994,32.283464566929126,22.377985462097598,33.04369414101291,0.01595318633294974,0.01901458038910456,-0.0030613940561548224,-0.00325501858978501,0.00019362453363018766,1.5186237931779427,0.0172955,0.0026912440382998487,0.022677988076599695,0.011913011923400302,0.6224148566505389,0.07775103861711215,0.002645714285714285,20.750700280112042,0.0030107142857142854,23.61344537815126,0.00318,24.94117647058824,7367034.751999999,1.4860911246587807,-50156396.44,0.02609388470873375,15.078238874984972,-118.9696626539639,33.441840210666726,8.608205953338695,21.702614281710822,-91.3917940466613,False,True,False
1785283200000,0.01275,0.01363,0.01144,0.01261,9914236.63,2026-07-29,-0.01098039215686275,-0.011041121627606967,0.01098039215686275,0.07527429726077471,1.4381134298996614,0.10218858829188852,1.9523102380609285,0.11294348718328147,2.1577822928759107,0.10107092477800479,1.9309573066100147,0.014402000000000002,0.013971062198710282,0.014665000000000001,0.01503088914048959,0.016898,0.017193009726515492,0.025398799999999996,0.022503887783901992,,0.025500556525827466,-0.21384039900249374,-21.38403990024937,-0.2978841870824054,-29.78841870824054,-0.3866731517509727,-38.66731517509727,14.55847255369926,28.29940906106367,36.28680479825517,0.015438849896143877,0.018539824545301613,-0.0031009746491577356,-0.0032242098016356142,0.0001232351524778786,0.9772811457405124,0.016898,0.0027696657598080144,0.02243733151961603,0.011358668480383971,0.6556197798101585,0.11294968672526459,0.0025385714285714282,20.1314149767758,0.002755,21.847739888977003,0.003087142857142857,24.48170386314716,7609937.411499999,1.302801336449599,-60070633.07,0.025827230101599125,17.32075992253747,-138.96454905665323,33.96901965477642,12.70358306188924,16.30267089662766,-87.29641693811075,False,True,False
1785369600000,0.01261,0.01307,0.0118,0.0123,6470177.32,2026-07-30,-0.024583663758921404,-0.02489088759845629,0.024583663758921404,0.07568841760709968,1.4460251880072323,0.0956965983488705,1.8282809443501675,0.11293782057908822,2.1576740325548083,0.10093169723044705,1.9282973680487667,0.01376,0.013414041465806855,0.014335999999999998,0.014534363839608553,0.016512000000000002,0.016726974192051516,0.0249566,0.02209458350842923,,0.025193189872658887,-0.20696324951644096,-20.696324951644097,-0.2110327132777421,-21.103271327774213,-0.38561438561438555,-38.56143856143856,3.712871287128735,22.76478679504814,37.74815655133294,0.01495594985024266,0.01807730638123208,-0.003121356530989418,-0.003203639147493587,8.228261650416926e-05,0.6689643618225143,0.016512000000000002,0.0028484965563572704,0.022208993112714542,0.010815006887285462,0.6900427704353851,0.13033130665019874,0.0020985714285714284,17.06155632984901,0.0027007142857142855,21.95702671312427,0.0030752380952380944,25.001935733643045,7377739.606999999,0.8769864029710531,-66540810.39,0.025656643630526943,20.819347732602406,-128.22949187819555,34.81046743977804,9.794988610478358,10.368925875235428,-90.20501138952164,False,False,True
1785456000000,0.0123,0.01385,0.01201,0.01289,6295696.44,2026-07-31,0.047967479674796865,0.04685255457272432,0.047967479674796865,0.0838200598185182,1.601379994321363,0.0803064533839191,1.5342526376424463,0.11230466161328141,2.145577547497848,0.09951052755413467,1.901145959506345,0.013205999999999999,0.013239360977204571,0.014336999999999999,0.014235388594757429,0.0162515,0.016361523524528174,0.0244448,0.02172569476105214,,0.024907711982929345,-0.1768837803320562,-17.688378033205616,0.0007763975155279379,0.07763975155279186,-0.28784530386740337,-28.784530386740336,18.048780487804905,28.281363306744012,35.51703877790834,0.014638111377281635,0.01769282367262579,-0.003054712295344153,-0.0031738537770488874,0.00011914148170473439,0.9242938844432457,0.0162515,0.002932617431578876,0.022116734863157753,0.010386265136842246,0.7218084316103441,0.2134385852887894,0.0020628571428571428,16.00354649229746,0.002653571428571428,20.58627950792419,0.0029476190476190474,22.867486793010453,7442631.450999999,0.8458965732011497,-60245113.95,0.02550119059101667,23.56660587585755,-102.39946766776904,40.51684474179899,17.92336217552534,13.473977949297643,-82.07663782447466,True,False,False
1785542400000,0.01289,0.0133,0.00948,0.01094,10734948.32,2026-08-01,-0.15128006206361522,-0.16402601995726088,0.15128006206361522,0.09635703245971676,1.8408985203214385,0.08025957468075197,1.5333570212759808,0.11609164141980048,2.21792769511393,0.10123173793686172,1.9340296376960897,0.012298,0.012472907318136382,0.013975999999999999,0.013636227029965744,0.015952,0.015845156561136806,0.023930399999999998,0.021293812222109926,,0.02458470996238787,-0.29328165374677007,-29.328165374677006,-0.24810996563573884,-24.810996563573884,-0.35380980507974014,-35.380980507974016,10.0,25.32467532467531,36.5588146356214,0.014069171113194383,0.017192327898527066,-0.0031231567853326828,-0.0031637143787016124,4.0557593368929605e-05,0.37072754450575507,0.015952,0.003156966565349898,0.022265933130699796,0.009638066869300205,0.7916164908099041,0.10310000943544177,0.002382857142857142,21.78114390180203,0.0027878571428571427,25.483154870723425,0.0030085714285714277,27.500652911987455,7633029.2655,1.4063811295104225,-70980062.27000001,0.02521052115945243,26.274590555695365,-136.13466027767538,39.72825514987823,16.06160616061606,14.593318982206583,-83.93839383938393,False,True,False
1785628800000,0.01094,0.01159,0.01086,0.01132,5856047.89,2026-08-02,0.034734917733089565,0.03414527578120172,0.034734917733089565,0.0789760671616077,1.5088356445534055,0.07618575323524218,1.4555267718416391,0.11514023921708602,2.199751181552869,0.09701549154655877,1.8534783635120888,0.012012,0.012088604878757589,0.013550000000000001,0.01321509484148669,0.0156155,0.015414165565132304,0.023284799999999998,0.020894769015069814,,0.024278980712661113,-0.11215686274509795,-11.215686274509796,-0.2734274711168164,-27.342747111681643,-0.3728531855955679,-37.285318559556785,15.901639344262293,28.157894736842096,35.880195599022,0.013646221678330532,0.0167571098770593,-0.003110888198728767,-0.0031531491427036805,4.2260943974913555e-05,0.37332989377132114,0.0156155,0.003277928541978316,0.02217135708395663,0.009059642916043368,0.8396602201603063,0.17239218724643462,0.0022085714285714282,19.510348308934876,0.002726428571428571,24.085058051489145,0.002948095238095238,26.04324415278479,7564439.8905,0.77415485809524,-65124014.38000001,0.02505708053757002,29.520629777116188,-122.42459205538161,44.30526547182065,20.39911308203991,18.12802713939377,-79.6008869179601,False,False,True
1785715200000,0.01132,0.01217,0.01089,0.01154,7414312.3,2026-08-03,0.019434628975264934,0.019248188304916546,0.019434628975264934,0.08106785256718706,1.5487991486138992,0.0753933175583337,1.4403873094917519,0.08932567174062912,1.7065645624027352,0.09698330155595626,1.8528633746051393,0.011798,0.011905736585838392,0.0131,0.012910532142317084,0.015023,0.015045179054629241,0.0227006,0.02052078988544446,,0.023986318717336523,-0.08485329103885808,-8.485329103885803,-0.2805486284289276,-28.054862842892764,-0.506626763574177,-50.6626763574177,33.14763231197773,34.48275862068965,36.913580246913575,0.013322187552686935,0.016370467466699266,-0.0030482799140123303,-0.00313217529696007,8.389538294773955e-05,0.7269963860289389,0.015023,0.0028404708653394805,0.020703941730678962,0.009342058269321038,0.7562992385913548,0.19344871280841963,0.0020785714285714283,18.01188412973508,0.0024,20.797227036395146,0.0029057142857142853,25.17949987620698,7577710.953,0.9784369377489504,-57709702.08000001,0.024871383590025633,30.03945253633142,-104.57104083641543,53.44729813043801,24.52380952380952,20.328176255488493,-75.47619047619048,True,False,False
1785801600000,0.01154,0.01263,0.01146,0.01228,7498342.24,2026-08-04,0.06412478336221827,0.06215266163904281,0.06412478336221827,0.08780354902591575,1.677484448769774,0.08095563462182102,1.546655227777979,0.08456241244432264,1.6155626213234082,0.0974617335094248,1.862003804242,0.011793999999999999,0.012030491057225595,0.012777,0.012795889934402102,0.014676,0.014781816811219758,0.0221862,0.02019159546409457,0.0269165,0.023718231135996307,-0.001626016260162677,-0.16260162601626765,-0.20825274016763384,-20.82527401676338,-0.3610822060353799,-36.10822060353799,46.06205250596658,47.292418772563174,40.67905188981422,0.013161850997207908,0.016067332072803545,-0.002905481075595637,-0.0030868364526779476,0.0001813553770823105,1.4768353182598575,0.014676,0.0027222115622181175,0.020120423124436234,0.009231576875563766,0.7419491856686065,0.27995832200788906,0.0017571428571428569,14.308980921358769,0.002201428571428571,17.926942764076315,0.002592857142857143,21.114471847370872,7585900.297,0.9884577896397312,-50211359.84000001,0.024696778699590353,28.608452249331147,-79.53128143230737,61.87124774372388,33.33333333333332,26.08541864639425,-66.66666666666669,True,False,False
1785888000000,0.01228,0.01257,0.01148,0.01169,6377343.36,2026-08-05,-0.0480456026058631,-0.049238147235019264,0.0480456026058631,0.08598986688113029,1.6428341000465005,0.08067195452522681,1.5412355271423948,0.08311422653003608,1.5878950682792128,0.09755590197046184,1.8638028901640005,0.011554,0.011916994038150398,0.01238,0.012594819036920994,0.014249500000000002,0.014487346072105639,0.0216754,0.019852230820386715,0.026852199999999996,0.023443622451354208,-0.09309542280837857,-9.309542280837855,-0.25351213282247764,-25.351213282247762,-0.4218595450049455,-42.185954500494546,43.17673378076063,35.7,41.44908616187989,0.01293541237160325,0.01574294871279543,-0.0028075363411921798,-0.003030976430371691,0.0002234400891795111,1.9113780083790513,0.014249500000000002,0.002463849096113921,0.019177198192227844,0.00932180180777216,0.6916310315769454,0.24029456551976497,0.0015999999999999996,13.686911890504701,0.002069285714285714,17.701332029817912,0.0023699999999999997,20.27373823781009,7601140.419500001,0.8389982302707544,-56588703.20000001,0.02454957956447822,27.53443003124384,-79.34104667136276,54.57116288862812,26.30952380952381,28.055555555555546,-73.69047619047619,False,False,True
1785974400000,0.01169,0.01179,0.0102,0.01047,7679259.99,2026-08-06,-0.10436270316509844,-0.11021975060153162,0.10436270316509844,0.06830704251512398,1.3050042148837981,0.0841327802523789,1.607354509821403,0.08456816188407194,1.6156724642155873,0.09820866112790554,1.8762738363563993,0.011460000000000001,0.011434662692100264,0.011878999999999999,0.012208488302436886,0.013829,0.014104727582790105,0.0211316,0.019477975940613707,0.0267745,0.023148324425992076,-0.042961608775137106,-4.29616087751371,-0.3236434108527132,-32.36434108527132,-0.44544491525423735,-44.54449152542373,26.27450980392156,24.92639842983317,37.67078724788549,0.012556118145493234,0.015352207631138749,-0.002796089485645515,-0.0029839990414203313,0.00018790955577481635,1.7947426530545973,0.013829,0.0023468588188874542,0.018522717637774907,0.009135282362225092,0.6788224221237845,0.14218128792336573,0.0016457142857142853,15.718379042161274,0.0018721428571428567,17.881020603083638,0.0023490476190476187,22.435984900168275,7696088.2805,0.9978133968989624,-64267963.19000001,0.024361814935254886,29.787364256413355,-106.51342947439302,46.82714739396189,12.282878411910666,23.975245184922596,-87.71712158808933,False,True,False
1786060800000,0.01047,0.01097,0.00984,0.01054,9542082.94,2026-08-07,0.006685768863419428,0.006663518230770915,0.006685768863419428,0.06511815238544702,1.2440805544997555,0.06838338985281724,1.3064628287223756,0.08486253225051447,1.6212964021698522,0.09752815672524291,1.8632728179983717,0.011304,0.01113644179473351,0.011658,0.011905126792582654,0.013429,0.013765218396755187,0.0206678,0.01912168244468668,0.0266777,0.022862187904004256,-0.0689045936395759,-6.890459363957592,-0.17333333333333323,-17.33333333333332,-0.43149946062567424,-43.149946062567416,43.78881987577641,21.938775510204096,24.77424420887317,0.01224594611266525,0.014995619123802631,-0.002749673011137382,-0.0029371338353588535,0.00018746082422147143,1.7785656947008672,0.013429,0.002177289236884476,0.017783578473768952,0.009074421526231048,0.6485335428950707,0.16828017712819782,0.001544285714285714,14.651667118460281,0.0018035714285714283,17.111683383030627,0.0022838095238095235,21.668022047528684,7933439.973,1.202767396296527,-54725880.250000015,0.024129356121395808,32.649729567034136,-111.95322650498048,39.64533377823942,13.151364764267992,17.247922328567487,-86.848635235732,False,True,False
1786147200000,0.01054,0.01134,0.00988,0.01015,9278090.44,2026-08-08,-0.03700189753320693,-0.03770383762542003,0.03700189753320693,0.06307258925654952,1.2050001257953349,0.06863911350146513,1.31134842216989,0.0848971684289973,1.6219581254306354,0.09666982984702521,1.8468745060150336,0.011026,0.010807627863155672,0.011412,0.011586012830019268,0.0130385,0.013420901494916091,0.0201472,0.018764276622453717,0.0265597,0.02257452627413317,-0.12045060658578866,-12.045060658578862,-0.19508326724821579,-19.508326724821572,-0.43485523385300673,-43.485523385300674,31.888544891640848,22.256728778467917,29.091747349008756,0.011923492855375405,0.014636564399080105,-0.0027130715437047002,-0.002892321377024284,0.00017924983331958372,1.76600821004516,0.0130385,0.0020162922589953493,0.0170710845179907,0.0090059154820093,0.6185657120053226,0.1418549955849106,0.001207142857142857,11.893033075299083,0.0017949999999999995,17.684729064039406,0.002260952380952381,22.275392915787005,8158025.9935,1.137296013446442,-64003970.69000001,0.023910765138867494,35.17723809680511,-104.74013459088097,46.04928476215399,8.312655086848618,11.248966087675756,-91.68734491315138,True,False,False
1786233600000,0.01015,0.01027,0.00949,0.00967,6364869.49,2026-08-09,-0.04729064039408859,-0.0484453960225933,0.04729064039408859,0.03958791294911827,0.7563260149290402,0.06920903007650565,1.3222366630477662,0.08129197105554409,1.5530809263218794,0.0958547132156779,1.8313017246390193,0.010504000000000001,0.010428418575437115,0.011149,0.011237646860678668,0.0127425,0.013063663029862838,0.0195666,0.01840221199593744,0.0264553,0.022283335402436044,-0.21254071661237783,-21.254071661237784,-0.21382113821138216,-21.382113821138216,-0.3797305965362412,-37.97305965362412,23.20916905444126,20.020020020020013,25.082664147378367,0.011576801638497718,0.014268556882200273,-0.002691755243702555,-0.002852208150357261,0.0001604529066547059,1.6592854876391512,0.0127425,0.002056153473178382,0.016854806946356764,0.008630193053643237,0.6454474312508163,0.12642623227309968,0.0012142857142857142,12.557246269759196,0.001711428571428571,17.698330624907662,0.0022223809523809522,22.982222878810262,7832015.775,0.812673221409593,-70368840.18,0.023757792181929964,37.80864038535928,-118.95831927263615,40.594194093913735,2.3573200992555736,7.940446650124059,-97.64267990074443,False,True,False
1786320000000,0.00967,0.011569,0.009172,0.0109,8916950.34,2026-08-10,0.1271975180972078,0.11973447976989501,0.1271975180972078,0.08677706152170854,1.6578734325378919,0.08149097970297714,1.55688298119259,0.07920755954066142,1.513258300245338,0.09578192962951741,1.8299111961778762,0.010346000000000001,0.010585612383624743,0.01095,0.01117625652233796,0.012643499999999998,0.012857594794985147,0.0189104,0.01810370933060153,0.0263914,0.022027178003273754,-0.067579127459367,-6.7579127459367045,-0.15438324282389448,-15.438324282389452,-0.15372670807453426,-15.372670807453423,32.663316582914575,29.257246376811594,31.054131054131048,0.011472678307373956,0.0140189626484692,-0.0025462843410952434,-0.00279102338850159,0.00024473904740634654,2.245312361526115,0.012643499999999998,0.0020964563459625585,0.016836412691925116,0.00845058730807488,0.6632518989085489,0.29208963695360246,0.0013738571428571426,12.604193971166447,0.0017262142857142854,15.83682830930537,0.002057952380952381,18.88029707295762,7727835.5395,1.1538742374138227,-61451889.84,0.02356001474275962,39.45225080671336,-82.01417352902527,39.2391686907833,25.494246090292126,12.054740425465438,-74.50575390970788,True,True,False
1786406400000,0.0109,0.013884,0.0107,0.012779,9298387.93,2026-08-11,0.17238532110091742,0.1590404093914682,0.17238532110091742,0.09961359971653337,1.9031151504040142,0.08492682888499654,1.6225247876468456,0.08349729406596533,1.5952135632771793,0.09866758104775943,1.8850414891144713,0.010807800000000001,0.011316741589083162,0.0111339,0.011467664427505282,0.012554949999999999,0.012850109409157883,0.01839458,0.017891967806203817,0.026324390000000003,0.021819628277077868,0.22053486150907364,22.053486150907357,0.1680987202925046,16.80987202925046,-0.12171821305841923,-12.171821305841926,60.33402922755741,50.142310334674654,37.25386079030046,0.01167365087893936,0.013927089193808109,-0.002253438314868749,-0.002683506373770429,0.00043006805890168,3.365428115671649,0.012554949999999999,0.002048545709444771,0.01665204141888954,0.008457858581110457,0.6526655094428161,0.5273425678234838,0.0016615714285714285,13.002358780588688,0.0017093571428571427,13.376298167752894,0.0020214761904761903,15.818735350780111,7705501.2625,1.2067207068347423,-52153501.910000004,0.023389305558947082,36.14435369171254,-7.983930167084695,49.3719159437284,76.54923599320882,34.800267394252174,-23.450764006791168,True,False,False
1786492800000,0.012779,0.013471,0.0114,0.01157,7324286.33,2026-08-12,-0.09460834181078326,-0.09938765742098096,0.09460834181078326,0.11783395510575427,2.251214551345716,0.09179935333785454,1.753824182960087,0.0839835884820429,1.6045042050512712,0.09927462504983632,1.8966390484899176,0.011013799999999999,0.011401161059388773,0.0111589,0.011486270895238796,0.01235445,0.012728191762590322,0.01786918,0.017640707694599165,0.02626419,0.021590209497362664,0.0977229601518026,9.772296015180263,0.022084805653710182,2.2084805653710267,-0.2573812580231065,-25.738125802310652,60.4602510460251,45.3810623556582,36.245049078698116,0.011657704589638856,0.013752447101571894,-0.0020947425119330378,-0.0025657536013989264,0.0004710110894658886,4.070968794000765,0.01235445,0.0019296774335024998,0.016213804867005,0.008495095132995,0.6247716194577664,0.39837032003631717,0.0018017142857142856,15.57229287566366,0.0017008571428571426,14.700580318557844,0.001980095238095238,17.11404700168745,7666686.2355,0.9553392567554749,-59477788.24,0.023254813112870143,33.31298793206819,-14.769106452531146,50.785809022157636,50.89134125636673,50.97827444662256,-49.10865874363327,False,False,True
1786579200000,0.01157,0.011693,0.009106,0.009279,12945886.31,2026-08-13,-0.19801210025929128,-0.22066175883454295,0.19801210025929128,0.15489235694373016,2.959214324351673,0.111799332311926,2.135923244751142,0.09307259603248735,1.7781494504857294,0.10243497925558714,1.9570175308128406,0.010839600000000001,0.010693774039592515,0.010932800000000001,0.011084948914159194,0.0120164,0.012399691300381661,0.01732796,0.017308555689110924,0.026118480000000003,0.021315355513437256,-0.08581280788177326,-8.581280788177326,-0.19592720970537258,-19.592720970537254,-0.421508728179551,-42.150872817955104,41.56972857333868,38.590527985497395,36.368741630308,0.011291750032863954,0.013421005276228285,-0.0021292552433643305,-0.0024784539297896205,0.0003491986864252901,3.7633224100149807,0.0120164,0.001840180237167963,0.015696760474335925,0.008336039525664075,0.6125562521780109,0.1281070809383246,0.0019441428571428574,20.952073037427063,0.0017949285714285712,19.343987190737916,0.001896142857142857,20.434775914892306,8018177.7845,1.6145671320765413,-72423674.55,0.022980881331719633,30.216769436832887,-102.97817301451184,48.833704428672085,3.6207618250314195,43.687113024868985,-96.37923817496858,False,True,False
1786665600000,0.009279,0.009683,0.008036,0.009514,12215688.49,2026-08-14,0.025326004957430648,0.025010615639047374,0.025326004957430648,0.15369477550952623,2.9363345631768762,0.10936049402615962,2.0893293047245276,0.09364598664176013,1.7891040626944206,0.10193879922027993,1.9475380245485525,0.0108084,0.010300516026395009,0.010656200000000001,0.010799321838783514,0.0117166,0.012124859009268392,0.01686744,0.016999089647652135,0.025915019999999997,0.02105254748069288,-0.016132368148914167,-1.6132368148914156,-0.22524429967426707,-22.524429967426705,-0.38658929722759505,-38.65892972275951,45.65811032222829,36.89847873331263,41.859340234110476,0.011018250024947844,0.013131536525901842,-0.0021132865009539977,-0.0024054204440208987,0.000292133943066901,3.070569088363475,0.0117166,0.0017259347856193514,0.015168469571238703,0.008264730428761299,0.5892271770374856,0.18095550041168001,0.0020180000000000003,21.21084717258777,0.0017811428571428572,18.721282921409053,0.0018750476190476189,19.70829954853499,8396368.114,1.4548776714102984,-60207986.059999995,0.02271442933262114,28.942317728085857,-137.70497179588085,41.58323814387454,25.273597811217506,26.595233630871885,-74.72640218878249,False,True,False
1786752000000,0.009514,0.012483,0.009172,0.010375,8139645.58,2026-08-15,0.09049821315955442,0.08663466810667232,0.09049821315955442,0.1472274354695226,2.8127762052019603,0.11405570188567117,2.179031124929398,0.09668077965587026,1.8470837018192845,0.10126297196881497,1.9346263630386893,0.0107034,0.010325344017596673,0.0105247,0.010722172413533793,0.01145235,0.011958203274958935,0.01652294,0.016736222496977263,0.025745470000000003,0.020815351117727133,-0.04816513761467889,-4.816513761467885,-0.11248930710008553,-11.248930710008555,-0.3374840357598978,-33.748403575989784,54.574951330305,47.60491733785503,39.49156808457086,0.010919288481772503,0.01292730881724434,-0.002008020335471837,-0.0023259404223096953,0.00031792008683785827,3.0642899936179107,0.01145235,0.0014770363739598279,0.014406422747919655,0.008498277252080345,0.515889358589225,0.3176500560524955,0.0022824285714285715,21.999311531841652,0.0017447857142857146,16.817211703958694,0.0019574761904761905,18.867240390131958,8545152.4925,0.9525453860705342,-52068340.48,0.02256264524528336,26.763685684129605,-52.683387801708825,49.42648983153835,39.99658002735979,22.96364655453624,-60.003419972640216,True,False,False
1786838400000,0.010375,0.010675,0.009239,0.009705,6513895.28,2026-08-16,-0.06457831325301211,-0.06675784949578849,0.06457831325301211,0.11125296445687399,2.1254849015369413,0.11089020792757126,2.1185544477757223,0.0972836262436012,1.858601069706249,0.10139713009783181,1.9371894504947031,0.0100886,0.010118562678397782,0.010448200000000001,0.010537231974677387,0.011163600000000001,0.011743609579772404,0.01615504,0.01645732935818871,0.02556812,0.02056913424172705,-0.2405509038265905,-24.055090382659053,-0.07306590257879653,-7.306590257879657,-0.37306201550387597,-37.3062015503876,41.63750874737579,43.31816301199834,34.93975903614458,0.010732474867793388,0.012688576177814881,-0.001956101310021493,-0.0022519725998510196,0.00029587128982952677,3.0486480147297965,0.011163600000000001,0.0011835457165476535,0.013530691433095307,0.008796508566904695,0.4240731364605156,0.19190036776638672,0.0023761428571428575,24.483697652167518,0.0017952142857142858,18.49782880694782,0.0019329999999999998,19.917568263781554,8486411.629,0.7675676793405279,-58582235.76,0.022435878626029526,24.72442530588785,-94.47867984614764,44.35988813361234,28.539671682626537,31.269949840401278,-71.46032831737345,False,False,True
1786924800000,0.009705,0.01509,0.009546,0.0133,10236647.32,2026-08-17,0.3704276146316332,0.3151228186067345,0.3704276146316332,0.21179129768158383,4.046267060808268,0.1619403374056966,3.0938658020122434,0.12378817399662197,2.3649697435310992,0.11408448309475591,2.1795809891568934,0.0104346,0.011179041785598523,0.0107242,0.011039553433898239,0.011191099999999999,0.011891839055658661,0.01592584,0.016332150263923775,0.02540492,0.020408421835298354,0.14952463267070004,14.952463267069998,0.26185958254269437,26.185958254269437,0.04313725490196085,4.31372549019608,52.939848775533235,55.6921086675291,43.94876325088339,0.011127478736789225,0.01273387440306968,-0.0016063956662804545,-0.002122857213135461,0.0005164615468550063,3.883169525225612,0.011191099999999999,0.0012279045865557362,0.013646909173111472,0.008735290826888526,0.4388861100537879,0.9293696804886628,0.0028257142857142856,21.24597207303974,0.002099785714285714,15.787862513426424,0.0020927142857142854,15.73469387755102,8450839.747,1.211317173968889,-48345588.44,0.02228455238456741,25.83592325281575,98.40097968558655,46.19881065391693,74.62432662319252,47.72019277772628,-25.375673376807484,True,False,False
1787011200000,0.0133,0.016696,0.012164,0.015087,9213067.93,2026-08-18,0.13436090225563913,0.12606941063022933,0.13436090225563913,0.1631228875395502,3.1164583905970686,0.16260644976204566,3.1065918607115237,0.12678933455159333,2.422306835426323,0.1157296246616952,2.211011374661594,0.011596200000000001,0.012481694523732349,0.0112179,0.011775452809638553,0.01131495,0.012196143472552507,0.01574838,0.01628280490158211,0.02520299,0.0202910419494683,0.6259295182670546,62.592951826705445,0.4864039408866996,48.64039408866996,0.19643140364789846,19.64314036478985,68.63015149909947,58.502453504573815,49.11495166757334,0.011736635857471794,0.012908206984612286,-0.0011715711271404923,-0.001932599995934763,0.0007610288687942706,5.044269031578649,0.01131495,0.0014780005510647714,0.014270951102129543,0.008358948897870458,0.5224947705698288,1.1380325767271473,0.0030182857142857142,20.005870711776456,0.0023399285714285714,15.509568313306632,0.0021456666666666664,14.221957093303283,8415781.312,1.0947370883869278,-39132520.51,0.02217979260296312,28.037666593657043,207.08185153913044,47.92474185281815,81.42032332563511,61.52810721048471,-18.57967667436489,True,False,False
1787097600000,0.015087,0.016136,0.013309,0.015194,7697239.96,2026-08-19,0.007092198581560183,0.007067167223092353,0.007092198581560183,0.16570618105958015,3.165812143999211,0.15981821256930243,3.053322663939902,0.1264508668920777,2.4158404198708268,0.11416771210603946,2.181171077184809,0.012732199999999999,0.0133857963491549,0.011770300000000001,0.012397006844308774,0.01145965,0.01248165648267073,0.015637460000000002,0.016239673385122142,0.02508683,0.02017886450734973,0.5970149253731343,59.70149253731343,0.5712512926577042,57.125129265770425,0.2352845528455283,23.528455284552837,90.76498966230186,60.933599600599095,49.02322461641653,0.012268538035658074,0.0130775492537246,-0.000809011218066525,-0.001707882240359505,0.00089887102229298,5.915960394188365,0.01145965,0.0017039145418094974,0.014867479083618995,0.008051820916381005,0.5947527339175271,1.0479074666553188,0.0031262857142857143,20.57579119577277,0.002464,16.21692773463209,0.002176,14.321442674740029,8477134.444,0.9080002223449459,-31435280.549999997,0.022097062154302582,30.192243577879673,189.33453073223453,54.72780344359719,82.65588914549653,79.56684636477472,-17.344110854503462,False,False,True
1787184000000,0.015194,0.019499,0.0142,0.018341,6996132.63,2026-08-20,0.20712123206528887,0.18823837788786563,0.20712123206528887,0.17083272060048968,3.2637545444065204,0.1656117412178094,3.1640078733555725,0.13327604876154128,2.546235336398304,0.11786808590422053,2.2518666193348396,0.014325399999999999,0.0150375308994366,0.0125144,0.013477732872700272,0.0117322,0.013039694264349526,0.015586680000000002,0.01632288145163297,0.02504374,0.020138505204051034,0.7678072289156626,76.78072289156626,0.6826605504587155,68.26605504587155,0.42288595810705965,42.288595810705964,93.41005212943837,71.92356971756448,55.33350732634875,0.013202762956834842,0.013467486235662593,-0.0002647232788277505,-0.0014192504480514995,0.001154527169223749,6.29478855691483,0.0117322,0.002282479920935576,0.01629715984187115,0.007167240158128848,0.7781933212647503,1.2238617894709771,0.003513714285714286,19.157702882690618,0.002728928571428572,14.878842873499657,0.0023678571428571425,12.91018561069267,8512156.253500002,0.8218989902967714,-24439147.919999998,0.022048629615164694,31.321107985086883,258.21352733831156,61.65206807767365,89.8979324784088,84.65804831651347,-10.102067521591202,True,False,False
1787270400000,0.018341,0.02055,0.015496,0.020543,10121411.4,2026-08-21,0.12005888446649582,0.11338125934147852,0.12005888446649582,0.13400419169695824,2.560146487646678,0.16264188358834267,3.1072688230123995,0.12801774770354718,2.445775635741657,0.11731939656428239,2.2413839242141638,0.016493,0.016872687266291066,0.0132908,0.014762326895927373,0.01221235,0.013754300679826676,0.01551954,0.016489925332020944,0.02504937,0.020147368738757172,1.1167439464193714,111.67439464193714,0.6075592769387275,60.75592769387275,0.8777879341864716,87.77879341864715,94.17796315606535,74.90414778668526,64.81953371619822,0.014332030197912352,0.013991662768180318,0.0003403674297320341,-0.0010673268724931786,0.0014076943022252127,6.852428088522673,0.01221235,0.003003299173190141,0.018218948346380284,0.006205751653619718,0.9836924664589998,1.1934582204102462,0.004000428571428571,19.4734389886023,0.0030092142857142856,14.648368231097141,0.002520904761904762,12.271356481062952,8481479.407499999,1.1933544743443985,-14317736.519999998,0.02200232473590797,32.66018277574228,244.67216907712623,70.39024281247767,99.94406264983219,90.83262809124584,-0.05593735016781255,True,False,False
1787356800000,0.020543,0.025968,0.019862,0.020765,8951598.05,2026-08-22,0.01080660078858986,0.010748626772342862,0.01080660078858986,0.08596622392088483,1.6423824019252442,0.15474898694729686,2.9564752444157802,0.12817415286510353,2.448763752157551,0.11728611734488234,2.240748125620256,0.017986000000000002,0.018170124844194044,0.0142103,0.01585372200581555,0.012684599999999999,0.014421991290985894,0.01544524,0.016659082435778058,0.02505742,0.0201608741438044,0.5612781954887218,56.12781954887218,0.7947277441659462,79.47277441659463,0.8343639575971731,83.4363957597173,100.0,76.65076575445644,65.45971563981043,0.015321717862491683,0.014493448536123232,0.0008282693263684509,-0.0006882076327194616,0.0015164769590879125,7.303043385927824,0.012684599999999999,0.003548665018077457,0.019781930036154912,0.005587269963845085,1.1190467237681778,1.0692563230705896,0.0043997142857142854,21.188125623473564,0.0033410714285714285,16.08991778748581,0.0026297619047619047,12.664396362927546,8636256.9155,1.0365136351993003,-5366138.469999997,0.02200481255373833,34.83017072187966,256.99899916828514,72.2228213489853,70.9848315859915,86.94227557141083,-29.015168414008485,True,False,False
1787443200000,0.020765,0.023445,0.019473,0.02093,4624550.6,2026-08-23,0.007946063086925248,0.007914659375191636,0.007946063086925248,0.09030259571777453,1.7252286687796659,0.12612860470149043,2.4096836093644876,0.1282878104286874,2.4509351768609045,0.11678037965552479,2.2310860206317247,0.0191546,0.019090083229462696,0.015375400000000001,0.01677668164116111,0.013154099999999998,0.015041805811423817,0.01533564,0.01682801549538288,0.02508692,0.02017765754942971,0.3872870683369789,38.72870683369789,1.2556309947192585,125.56309947192584,0.8136915077989602,81.36915077989603,100.0,78.72448979591837,66.45062905070529,0.016184530501037683,0.014970280353165444,0.0012142501478722388,-0.00030771607660000453,0.0015219662244722433,7.271697202447412,0.013154099999999998,0.003983752210377117,0.021121604420754232,0.005186595579245765,1.2114100426109327,0.987975882369445,0.004762,22.752030578117534,0.0035690714285714284,17.05241963005938,0.0027841428571428574,13.302163674834484,8496768.8305,0.5442716745923125,-741587.8699999973,0.02200010821117068,36.18386367905615,178.3168544074807,70.67505119398844,71.90497434753512,80.94462286111961,-28.095025652464866,False,True,False
1787529600000,0.02093,0.021528,0.0167,0.018859,6184272.21,2026-08-24,-0.09894887720974677,-0.10419328292768026,0.09894887720974677,0.1173498334725043,2.2419654205292594,0.1387946218289179,2.651667526812289,0.13164533581083027,2.5150806092195905,0.11586357136794274,2.213570422891271,0.0198876,0.019013055486308463,0.0163099,0.017155284979145004,0.01348305,0.015405350326533578,0.015259420000000001,0.016908322429351343,0.025090809999999998,0.02014894058271898,0.24121363696195885,24.12136369619588,0.9822367038049191,98.22367038049191,0.5357491856677525,53.57491856677527,73.83118524134446,69.46822562496942,60.77009129948396,0.016595987347841436,0.015258361757636993,0.0013376255902044429,2.1352256761657737e-05,0.001316273333442785,6.979549994394109,0.01348305,0.004174818136284858,0.021832686272569714,0.005133413727430284,1.238538205015885,0.8219271968565333,0.004659714285714285,24.708172679963333,0.003742714285714286,19.845772764803467,0.002953095238095238,15.658811379687354,8431065.329,0.7335101756035747,-6925860.079999997,0.02197444892588023,36.96080543383986,109.09736472480252,64.1707078546161,60.35578853446353,67.74853148933005,-39.644211465536465,False,True,False
1787616000000,0.018859,0.021748,0.017,0.018597,7283984.98,2026-08-25,-0.013892571186171154,-0.013989976142336154,0.013892571186171154,0.07817137087117507,1.493461943511036,0.14168576776655847,2.7069027923946005,0.13080735453238593,2.4990709993741427,0.11533070695977357,2.2033900626675305,0.0199388,0.01887437032420564,0.0171321,0.017417414982944295,0.013828400000000001,0.015709318635037932,0.01521256,0.016975072535299746,0.025065080000000003,0.020115209945134504,0.013957799465677878,1.3957799465677951,0.7924819277108432,79.24819277108432,0.5908468776732247,59.08468776732248,71.08687569711239,65.45367615809604,64.71198555124313,0.016903835448686035,0.015505690629851295,0.00139814481883474,0.00029671076917679154,0.0011014340496579484,5.922643704134798,0.013828400000000001,0.004302417599443403,0.022433235198886806,0.005223564801113195,1.2445163864057742,0.7770883979635604,0.004690571428571428,25.222194055876905,0.003854428571428571,20.726077170665008,0.0031234761904761895,16.795591710900627,8476397.41,0.8593255634058338,-14209845.059999999,0.021945655486439633,40.33706554926783,95.90798163543148,64.65700418977764,58.8947133615882,63.71849208119562,-41.10528663841178,True,False,False
1787702400000,0.018597,0.018997,0.01518,0.016962,5775924.49,2026-08-26,-0.08791740603323106,-0.09202472944838364,0.08791740603323106,0.053075479220777426,1.0140056067389565,0.14428147875372768,2.7564937811733343,0.12996021462689047,2.4828864142045672,0.11541930684214721,2.205082761043547,0.0192226,0.018236913549470424,0.0178578,0.017334612258770674,0.014152999999999999,0.015828622216248842,0.0150968,0.016974555965018196,0.0249694,0.020046808720140544,-0.17431728569342342,-17.431728569342344,0.7477588871715612,74.7758887171561,0.6200573065902579,62.0057306590258,39.48452035992071,64.0051948051948,60.34166727765965,0.016912783841208482,0.015613574419079828,0.001299209422128654,0.0004972104997674654,0.0008019989223611887,4.728209659009484,0.014152999999999999,0.004280546214531175,0.022714092429062346,0.00559190757093765,1.2097919068836782,0.6640561659201512,0.004831999999999999,28.48720669732342,0.0039791428571428564,23.45916081324641,0.003253333333333333,19.180128129544467,8381230.635,0.6891499281596849,-19985769.549999997,0.02190684530401809,42.242215728809576,52.215411689260705,64.30346642930292,49.77693508811064,56.342478994720786,-50.223064911889345,False,True,False
1787788800000,0.016962,0.017596,0.015,0.016675,4960663.9,2026-08-27,-0.016920174507723318,-0.017064956137821052,0.016920174507723318,0.04812796211651469,0.9194834251814252,0.09793528599850743,1.8710510118426613,0.1303078275828133,2.4895275504025967,0.11394917006432989,2.176995837340438,0.0184046,0.01771627569964695,0.0181953,0.017214682757173718,0.014459749999999999,0.015909229987383946,0.0150337,0.016962722353853165,0.024891450000000002,0.019973803548864,-0.1969660486395377,-19.696604863953766,0.2537593984962405,25.375939849624057,0.5820683111954457,58.20683111954457,8.336923739767386,71.44265336889713,59.38928506125434,0.016876201711748185,0.015692204624084646,0.0011839970876635388,0.0006345678173468452,0.0005494292703166935,3.294928157821251,0.014459749999999999,0.004227499234336549,0.0229147484686731,0.0060047515313269,1.1694529253511436,0.6310023891907135,0.004445857142857142,26.66181195116727,0.003979785714285714,23.866780895266654,0.0033012380952380945,19.797529806525304,8152159.683,0.6085091672510606,-24946433.449999996,0.021869792959689188,45.24631359350634,36.40273098740724,66.14507125341606,48.17644434530447,52.28269759833444,-51.82355565469552,False,True,False
1787875200000,0.016675,0.017596,0.0135,0.013846,6460506.9,2026-08-28,-0.16965517241379302,-0.18591420954585364,0.16965517241379302,0.06476296635380942,1.2372947348933467,0.10760440615129262,2.0557792929830536,0.1371326554462285,2.6199157036540157,0.11639941698409964,2.2238077390136453,0.0169878,0.016426183799764637,0.0180712,0.016602194983132573,0.014644550000000001,0.015712731092381374,0.014899420000000002,0.016839635318132568,0.024744010000000004,0.019841371537328286,-0.3384615384615385,-33.84615384615384,-0.08225624710015234,-8.22562471001524,0.364137931034483,36.41379310344829,2.2761760242792377,60.91733870967741,52.66018889719372,0.016410016832547503,0.015555438921367265,0.0008545779111802376,0.000678569836113566,0.0001760080750666716,1.2711835552987982,0.014644550000000001,0.004108290520078726,0.022861131040157454,0.006427968959842548,1.122134997682749,0.451406187312144,0.004309,31.12090134334826,0.004154714285714285,30.006603247972592,0.0034424761904761902,24.862604293486857,8011280.506,0.8064262504803624,-31406940.349999994,0.02180969372781662,47.06226765822834,6.29745672844765,66.70276116533631,27.828054298642535,41.92714457735255,-72.17194570135746,False,True,False
1787961600000,0.013846,0.015702,0.01344,0.01484,5332289.72,2026-08-29,0.07178968655207285,0.06932985548340076,0.07178968655207285,0.09050230480579176,1.7290441055489474,0.11022058762535765,2.1057613698648017,0.13645469580267713,2.6069633028505446,0.11679918540509883,2.231445303972864,0.016184,0.015897455866509758,0.018035799999999998,0.016281795895286194,0.014903049999999998,0.015629613538952234,0.01479582,0.016760686649489813,0.02462591,0.019733478843612477,-0.213107799989395,-21.3107799989395,-0.02329867052783985,-2.3298670527839835,0.5346432264736298,53.46432264736299,12.3050259965338,61.1775897461573,55.27850392117434,0.016168475781180212,0.015502439927691373,0.0006660358534888392,0.0006760630395886187,-1.0027186099779485e-05,-0.06756863948638465,0.014903049999999998,0.003937930106500687,0.022778910213001373,0.007027189786998624,1.0569460899616356,0.4959972626294258,0.0037598571428571433,25.335964574509052,0.004079785714285714,27.491817481709656,0.003480666666666666,23.454627133872414,7959651.517500001,0.6699149715633262,-26074650.629999995,0.021758586420107515,48.67927710056163,-4.870937401126439,61.831439465625735,33.480781875784565,36.49509350657719,-66.51921812421544,False,True,False
1788048000000,0.01484,0.015748,0.012694,0.014666,8275411.26,2026-08-30,-0.011725067385444765,-0.011794348067626642,0.011725067385444765,0.09068350388053599,1.7325059090111878,0.08374310948634162,1.599909860289357,0.13477331380222526,2.5748405448357525,0.11598582742829928,2.2159061216448084,0.0153978,0.01548697057767317,0.0176683,0.015988014823412906,0.01509135,0.01553784051473391,0.014727139999999998,0.01667800718863011,0.02455527,0.019624353264245362,-0.21137817927622726,-21.13781792762273,-0.20037075404830706,-20.037075404830702,0.3455045871559632,34.550458715596335,16.08154020385051,62.73553421984905,57.286746318421784,0.01593732566083172,0.01544047760619979,0.000496848054631932,0.0006402200425972592,-0.00014337198796532716,-0.9775807170689157,0.01509135,0.0038248579096415683,0.022741065819283136,0.007441634180716863,1.013788139468389,0.47219831363357373,0.003628714285714286,24.74235841888917,0.004195357142857142,28.606008065301662,0.0035889523809523806,24.471242199320745,7927574.5635,1.0438768117176094,-34350061.88999999,0.02167750512852631,49.97707893892758,-15.636185688417612,59.86757000904119,31.177688466691023,30.828841547039374,-68.82231153330899,True,True,False
1788134400000,0.014666,0.019222,0.013721,0.017011,8510899.96,2026-08-31,0.15989363152870562,0.1483283039558378,0.15989363152870562,0.12217149410063598,2.3340831174864642,0.09165804084064454,1.7511244114916622,0.13407207572768393,2.561443410232672,0.11768204748833137,2.2483123603898427,0.015407599999999999,0.015994980385115445,0.0173151,0.016174012128248514,0.01530295,0.01567814184165622,0.014728759999999999,0.016691147405854406,0.02445588,0.019568173363265225,0.00288881028180632,0.28888102818062117,-0.17193204497882497,-17.193204497882494,0.3311683230299709,33.11683230299708,40.40416263310745,60.17995281724913,60.41458782631087,0.016102506328497003,0.015556819219249993,0.0005456871092470103,0.0006213134559272001,-7.562634668018984e-05,-0.4445731978142958,0.01530295,0.0038072218421394163,0.022917393684278833,0.0076885063157211666,0.9951602382911574,0.6121585549005061,0.003724857142857143,21.89675588064866,0.004192285714285714,24.64455772315393,0.0037367619047619046,21.96673860891132,7888200.165000001,1.0789406685903995,-25839161.929999992,0.02162141715750605,49.775157554989065,29.81438338434363,60.15203511998021,35.11301072152998,33.25716035466852,-64.88698927847003,True,False,False
1788220800000,0.017011,0.02275,0.016601,0.020196,7900008.85,2026-09-01,0.1872317911939334,0.17162437136922354,0.1872317911939334,0.1444050449438766,2.7588545099214095,0.11189346253497631,2.137721600137432,0.13591948521922573,2.596738119010974,0.12015179554670812,2.2954968307930095,0.0161118,0.01739532025674363,0.017258199999999998,0.016905282650390263,0.015734249999999998,0.016108415222477423,0.01477168,0.01682941835192691,0.02436824,0.01958164706611188,0.21115442278860574,21.11544227886057,-0.02740187816036599,-2.7401878160366007,0.7455488331892826,74.55488331892825,66.47646219686162,63.01656050955414,64.83373693225445,0.016732274585976918,0.015900480348847904,0.0008317942371290146,0.0006634096121675795,0.00016838462496143508,0.8337523517599282,0.015734249999999998,0.0038504302818338936,0.023435110563667785,0.008033389436332212,0.9788659216254715,0.7896916495962982,0.003925,19.434541493365025,0.0043077857142857145,21.32989559460148,0.00387795238095238,19.2015863584491,7916986.290999999,0.9978555677152935,-17939153.07999999,0.021603246314925932,49.65868687013871,89.65739829263961,60.6485489545802,56.5164984179599,40.93573253539363,-43.4835015820401,True,False,False
1788307200000,0.020196,0.020566,0.016052,0.016782,5491199.39,2026-09-02,-0.16904337492572785,-0.18517768154879158,0.16904337492572785,0.14417510962946756,2.754461601907745,0.12429599432768157,2.3746716373334804,0.13341971781877238,2.548980129882716,0.11539864680290658,2.2046880515480693,0.016699,0.01719088017116242,0.016843399999999998,0.01688286762304645,0.016109400000000003,0.01617256631220665,0.014639520000000001,0.016827548077547633,0.024203759999999998,0.019521663723169855,0.21204680052000557,21.204680052000562,-0.19818442427138094,-19.818442427138088,0.8086000646621401,80.860006466214,50.41341472838266,53.46241060526774,59.66409392325253,0.016739924649676125,0.015965781286852516,0.0007741433628236094,0.0006855563622987925,8.858700052481695e-05,0.5278691486403109,0.016109400000000003,0.0035415074904994095,0.023192414980998822,0.009026385019001184,0.8793642197721601,0.5474797809834047,0.004024571428571429,23.981476752302637,0.004428285714285714,26.387115446822275,0.003994285714285714,23.80101128760407,7544251.944999998,0.7278653244924207,-23430352.46999999,0.021576335962791553,49.32465920702134,39.99100338298237,54.63897044217655,30.7970468585204,40.80885199933676,-69.20295314147961,False,True,False
1788393600000,0.016782,0.022229,0.01556,0.018337,11558422.17,2026-09-03,0.09265880109641289,0.08861399311914989,0.09265880109641289,0.14534671930869028,2.77684517340033,0.124671107832372,2.3818381707779994,0.13393178405615241,2.558763141611451,0.11320881184332451,2.162851313388578,0.017398399999999998,0.01757292011410828,0.0167912,0.017147255327948335,0.01655055,0.016378703314810866,0.01462186,0.016887070401682774,0.023974130000000003,0.019496323056733454,0.2356469002695416,23.564690026954167,-0.027679092210615708,-2.767909221061571,0.9273701912970358,92.7370191297036,69.246592954487,49.990627928772255,60.01724091484604,0.016985628549816906,0.016141435052863872,0.0008441934969530343,0.0007172837892296488,0.00012690970772338546,0.6920963501302583,0.01655055,0.003210786630538124,0.022972123261076248,0.010128976738923753,0.7759951495359667,0.639097533218876,0.004606428571428571,25.120949836006822,0.004526142857142856,24.683115324986947,0.004188666666666667,22.84270418643544,7511388.629000001,1.5387863337779109,-11871930.299999991,0.021534253139377325,47.32191626306379,55.68812994356119,56.98923750342116,42.51167696248304,43.27507407965445,-57.48832303751696,True,True,False
1788480000000,0.018337,0.023499,0.017198,0.022326,12470046.75,2026-09-04,0.21753831051971417,0.1968310420255129,0.21753831051971417,0.1560630017848417,2.9815794626380256,0.14130203568573566,2.699571601284269,0.13929029651937877,2.6611373784768437,0.11696444065885746,2.234602501162875,0.018930399999999997,0.019157280076072185,0.017164099999999998,0.018088845268324973,0.0171481,0.016945113668767598,0.01466398,0.017101497483122893,0.02379859,0.019556755536847867,0.5222964680212736,52.22964680212736,0.2005162122923052,20.05162122923052,1.1519036144578312,115.19036144578311,75.52857727458736,53.85480174687595,62.16767352348908,0.017807224157794732,0.016599570138671946,0.0012076540191227857,0.0008153578352082959,0.00039229618391448974,1.7571270443182376,0.0171481,0.0031115316062740456,0.02337116321254809,0.010925036787451908,0.7258020669984536,0.9160250204079046,0.0049214285714285705,22.043485494170792,0.004615214285714285,20.671926389475434,0.004410285714285714,19.754034373760256,7727908.6875,1.6136379522923807,598116.4500000086,0.021526045977639706,45.023982611896294,107.13005083988942,58.59556629869475,72.5629049269248,48.62387624930941,-27.437095073075202,True,False,False
1788566400000,0.022326,0.023089,0.020251,0.021372,6253947.97,2026-09-05,-0.04273044880408494,-0.043670264497015554,0.04273044880408494,0.16205408249909595,3.0960388989703738,0.13788631530882633,2.634314355111677,0.13844641612543848,2.645015066188092,0.11670451153928453,2.2296365623061516,0.019802599999999997,0.01989552005071479,0.0176051,0.01868578249226776,0.017731450000000003,0.017366722662471582,0.014713819999999999,0.017269824761678123,0.023556010000000002,0.019595462937968672,0.2563635294809241,25.636352948092416,0.259992925362575,25.9992925362575,1.2021638330757338,120.21638330757341,71.71350861287398,51.272056666247536,62.57440476190476,0.018355651210587052,0.0169530971543636,0.0014025540562234533,0.0009327970794113463,0.000469756976812107,2.198001950271884,0.017731450000000003,0.0027104728559112705,0.023152395711822545,0.012310504288177461,0.6114497925237407,0.8357855062134564,0.005003714285714284,23.41247560225662,0.004381785714285714,20.502459827277345,0.004387761904761904,20.530422537721805,7714911.322,0.8106312190739138,-5655831.519999991,0.02152639204792094,40.78248057776811,114.0985866942434,57.158557588395354,80.31466913465988,65.12975034135592,-19.685330865340127,False,False,True
1788652800000,0.021372,0.036167,0.02,0.032375,9780515.77,2026-09-06,0.5148324911098636,0.4153048659241771,0.5148324911098636,0.2627480197992085,5.019793869928118,0.20376292756253644,3.8928852650485664,0.1584262699076873,3.0267296367292427,0.13679209927972968,2.613409387228631,0.0222384,0.024055346700476526,0.0191751,0.02117473113004364,0.0186852,0.01879608477593957,0.01499052,0.017865095020015608,0.023393260000000003,0.019867553651846212,0.6030402059813826,60.304020598138266,0.941529235382309,94.15292353823091,1.4342105263157898,143.42105263157896,81.87551867219918,66.49278035565035,74.21573561482973,0.020512474101749664,0.01809550129757916,0.0024169728041705044,0.0012296322243632162,0.0011873405798072882,3.6674612503700024,0.0186852,0.004079406724151543,0.026844013448303086,0.010526386551696913,0.8732915300133889,1.3389577777910389,0.0068769999999999986,21.241698841698835,0.0052528571428571424,16.22504136789851,0.0050892380952380955,15.71965434822578,7692104.744499999,1.2715005963736068,4124684.2500000084,0.02162211504177717,39.311943386148876,280.69540698464465,66.02724678868253,83.84526903250544,78.90761436469671,-16.154730967494558,True,True,False
1788739200000,0.032375,0.0365,0.027737,0.03353,10568094.68,2026-09-07,0.03567567567567553,0.035054040458435215,0.03567567567567553,0.21808435557466072,4.166495763041346,0.1846946619425612,3.5285865618938828,0.15739146552763247,3.006959726807396,0.13661138624390545,2.609956869526919,0.025588,0.02721356446698435,0.0211435,0.0234211436518586,0.019607350000000003,0.020199316899732898,0.01530192,0.018482304389202477,0.02323356,0.02015800996585646,0.9979740197831011,99.79740197831009,1.421638018200202,142.16380182002018,1.2224431629880028,122.24431629880029,80.20842772995016,71.71486930523075,74.70375246872942,0.022515170394168213,0.019238835463330377,0.003276334930837836,0.0016389727656581823,0.0016373621651796539,4.88327517202402,0.019607350000000003,0.0051636556641996584,0.02993466132839932,0.009280038671600686,1.053412248814788,1.174069443501416,0.007342999999999998,21.899791231732774,0.005533928571428571,16.504409697072983,0.00524252380952381,15.63532302273728,7759856.0819999995,1.3618931289865126,14692778.930000007,0.021762309291466487,40.2624646478866,272.7469413966359,74.65976323356905,87.52415357472906,83.89469724729811,-12.475846425270944,True,False,False
1788825600000,0.03353,0.04,0.0305,0.038987,9995657.78,2026-09-08,0.16274977631971388,0.15078769675027176,0.16274977631971388,0.21460974493820092,4.100113420039801,0.18508329624131822,3.536011409746343,0.1589422005144796,3.0365864771319355,0.13623684153354318,2.6028012028827807,0.029718,0.031138042977989566,0.0235582,0.026251299351525533,0.020797,0.0219886224777207,0.01576986,0.019290055747378233,0.023096429999999998,0.020557721665706862,1.1261384086819,112.61384086819002,1.627156334231806,162.7156334231806,1.5659470843754115,156.59470843754116,96.04362791855016,76.1571223316913,76.88895571761522,0.025049298026241545,0.02070170744396284,0.004347590582278706,0.0021806963289823316,0.0021668942532963747,5.557991774941326,0.020797,0.006626864345422479,0.03405072869084496,0.007543271309155041,1.2745808232769111,1.1862219841788666,0.007821714285714284,20.062365110714556,0.005873357142857141,15.064911747139151,0.005479095238095237,14.053646697861433,7874776.973,1.2693258252610577,24688436.71000001,0.021938321893831256,41.74517188597856,258.40177551823587,76.96357816462904,96.29019263165604,89.21987174629685,-3.7098073683439536,True,False,False
1788912000000,0.038987,0.0399,0.03,0.030808,7531396.55,2026-09-09,-0.20978787801061893,-0.23545386071580102,0.20978787801061893,0.27211825721582206,5.198812004411618,0.20914956593803774,3.9957968467134815,0.16567258746018537,3.165170339183937,0.13740762378828225,2.6251689664528013,0.031414399999999995,0.031028028651993042,0.0251724,0.027079790378522053,0.021420349999999998,0.02282856422431228,0.01612842,0.019743707020100268,0.022891210000000002,0.02077500999161041,0.37991579324554325,37.99157932455433,1.1006409382244646,110.06409382244644,0.6797339294476854,67.97339294476855,70.28662523993883,65.20869947275922,67.37930920890089,0.025935252176170907,0.021450343020134023,0.0044849091560368835,0.0026415388943932722,0.0018433702616436113,5.983414248388767,0.021420349999999998,0.0069615794130128495,0.035343508826025695,0.007497191173974299,1.2999935879689826,0.837123569345925,0.008591142857142854,27.88607782765144,0.006307857142857142,20.47473754497904,0.005815904761904762,18.87790431675137,7901540.169,0.9531555100545867,17157040.160000008,0.022042082362736335,44.46329234854725,169.8214334268404,72.4555383787199,66.33706877609316,83.38380499415942,-33.66293122390684,False,True,False
1788998400000,0.030808,0.034999,0.027725,0.033041,7521588.76,2026-09-10,0.07248117372111151,0.06997481802597878,0.07248117372111151,0.26255154057581276,5.016040139635788,0.20795473184997185,3.972969573512953,0.16477185107932263,3.14796179479022,0.13676476934129198,2.6128872494879167,0.03374819999999999,0.0316990191013287,0.026775399999999998,0.028163646673337473,0.02204525,0.023801178234625922,0.01649824,0.02026735113985552,0.02275182,0.02103466539073993,0.5459947594984094,54.59947594984092,0.9423314326024339,94.2331432602434,0.6083824173684469,60.83824173684468,68.48624961181463,67.2397084228711,66.63072231301916,0.02702844414919337,0.022308932836260165,0.004719511312933206,0.003057133378101281,0.0016623779348319255,5.031257936599756,0.02204525,0.007424241707690465,0.03689373341538093,0.007196766584619069,1.3470914065733826,0.870265086756603,0.008677571428571427,26.263041156658172,0.0066419999999999995,20.102297145970155,0.005909952380952381,17.88672370979202,7771549.0370000005,0.9678364923376342,24678628.92000001,0.02212932625147568,45.53298684682875,121.7682079406553,68.34193221121733,74.51475866110012,79.04734002294977,-25.485241338899872,False,True,False
1789084800000,0.033041,0.041894,0.032986,0.036133,9625712.09,2026-09-11,0.09358070276323338,0.08945736066404719,0.09358070276323338,0.14229870147491916,2.718612874450604,0.20498486666164603,3.9162303787579797,0.16515412736892232,3.1552651730482855,0.13695841852412172,2.616586911931151,0.034499800000000004,0.03317701273421913,0.0283691,0.0296126200054593,0.02281365,0.02497563862953555,0.016909300000000002,0.020892033991091335,0.02260125,0.021353841687389633,0.11607722007721999,11.607722007722,0.7891166567637156,78.91166567637157,0.7400915001203949,74.0091500120395,73.71702175519778,73.3474407592868,67.34865470852017,0.028429145049453722,0.023332962805273975,0.005096182244179747,0.0034649431513169913,0.0016312390928627557,4.5145409815480475,0.02281365,0.008053390337223467,0.038920430674446935,0.006706869325553068,1.4120301376103281,0.9134702728376647,0.009049999999999999,25.04635651620402,0.006985714285714285,19.333335969098293,0.00609347619047619,16.86401956791905,7805254.739,1.233234841382414,34304341.010000005,0.022295551250931613,47.7021637998752,146.88273190458756,74.20110958998802,80.27054794520548,73.70745846079959,-19.72945205479453,True,False,False
1789171200000,0.036133,0.052,0.036098,0.05,9317001.44,2026-09-12,0.3837766031051948,0.3248164302255123,0.3837766031051948,0.2128568468560068,4.066624349201775,0.20586100680366273,3.932969012668349,0.18187528376962958,3.4747224175311326,0.14603661142815885,2.7900255438361055,0.0377938,0.03878467515614609,0.0316909,0.03331941636810592,0.02426715,0.027358913305932393,0.0175885,0.02203792988217256,0.02273815,0.021958607647751184,0.4912019087384434,49.12019087384434,1.9793826719103804,197.93826719103805,1.3889154323936932,138.89154323936935,75.93208368890328,79.00894359922114,73.38609976349173,0.03174773811904169,0.02530834353630233,0.006439394582739361,0.004059833437601485,0.002379561145137876,4.759122290275752,0.02426715,0.010067093519168494,0.044401337038336985,0.0041329629616630136,1.6593779688457015,1.1390337476999381,0.010916285714285713,21.832571428571427,0.007959999999999998,15.919999999999995,0.006559952380952381,13.11990476190476,8039877.281,1.1588487130292553,43621342.45,0.02254955382574326,50.70145937896566,184.97261955144128,79.15547603107007,94.91171831272582,83.23234163967714,-5.088281687274195,True,False,False
1789257600000,0.05,0.055,0.043619,0.051012,7309758.84,2026-09-13,0.020240000000000036,0.020037893736507363,0.020240000000000036,0.21198708534223912,4.050007578812993,0.20865658506344786,3.986378460328879,0.17836069516641975,3.407576296547255,0.1457425700923286,2.7844078920028617,0.0401988,0.04286045010409739,0.0349584,0.03653624975572505,0.025874799999999996,0.02961159008058329,0.01829854,0.02317838201411798,0.022895270000000002,0.02257116875008892,0.30843614538179387,30.84361453817939,1.7819163440039265,178.19163440039267,1.704915424996023,170.4915424996023,75.83037825059101,79.57845052083333,72.59999169906338,0.03471147071631862,0.02721235793147415,0.007499112784844466,0.004747689307050099,0.002751423477794367,5.393678894758815,0.025874799999999996,0.01160745951442207,0.04908971902884414,0.002659880971155857,1.7944037464130465,1.0414018452695757,0.010232571428571428,20.05914574721914,0.008554785714285713,16.770143719685002,0.006912761904761904,13.551246578769513,8096151.6125,0.902868324342413,50931101.29000001,0.02277706634104768,54.28689293676007,174.42000283346488,83.81656803436256,90.33891324886748,88.50705983559959,-9.661086751132535,True,False,False
1789344000000,0.051012,0.053516,0.038008,0.039593,8894797.9,2026-09-14,-0.2238492903630518,-0.2534085642062333,0.2238492903630518,0.21670174299377964,4.140080986772828,0.2322219314691857,4.436593771259309,0.18907675203747346,3.612306275605611,0.1501979773968924,2.8695283290382148,0.0419558,0.041771300069398255,0.0366851,0.03709202252741169,0.0269246,0.03056220125597005,0.018777199999999997,0.0238243859646636,0.0229164,0.022929597171074498,0.2851532069592315,28.51532069592315,0.773403207023202,77.34032070232018,1.128999300962521,112.89993009625212,50.76126827797599,66.01242306492327,61.68740337186188,0.03546247522154463,0.028129460298359714,0.007333014923184916,0.0052647544302770735,0.0020682604929078427,5.223803432192161,0.0269246,0.01186128210164217,0.05064716420328434,0.003202035796715661,1.7621479393034134,0.7670116074181831,0.01119614285714286,28.27808667477296,0.009269571428571429,23.41214716887184,0.007421333333333333,18.74405408363431,8176692.2585,1.0878234888629323,42036303.39000001,0.02298696124558716,56.56728302534072,112.8702219291968,74.86646059165531,60.93559837728195,82.06207664629176,-39.064401622718044,False,True,False
1789430400000,0.039593,0.042052,0.03448,0.035354,5538856.23,2026-09-15,-0.10706438006718377,-0.11324079484472883,0.10706438006718377,0.2304702182665131,4.403127337512757,0.2368659557601743,4.525317730760571,0.18988012407400282,3.627654676812682,0.15132653181372485,2.891089330897811,0.0424184,0.039632200046265505,0.0380833,0.03677601843151852,0.027844199999999996,0.031018563348145924,0.01917468,0.024278075213590378,0.02280604,0.02319088969433027,0.07000393450561404,7.000393450561409,0.6542204753883585,65.42204753883586,1.0843060959792474,108.43060959792474,56.33818526574088,60.58992845964677,58.53008244167689,0.035445786725921545,0.028664620988247548,0.006781165737673997,0.005568036691756464,0.001213129045917533,3.4313770603539435,0.027844199999999996,0.011760769647210036,0.051365739294420065,0.004322660705579923,1.689510870803979,0.6596366612320632,0.010920714285714285,30.889614430373612,0.009371214285714285,26.506800604498178,0.007555809523809523,21.37186605139312,8164838.8455,0.6783791247824452,36497447.16000001,0.02307576516347423,57.51415482132939,63.332172619587844,69.94922637072817,50.18762677484786,67.15404613366576,-49.812373225152136,False,True,False
1789516800000,0.035354,0.038429,0.027319,0.037361,7181557.44,2026-09-16,0.05676868246874478,0.05521583948402072,0.05676868246874478,0.22864534818764895,4.368263243609031,0.1795587507994379,3.4304651172776763,0.18916385427763452,3.6139703615673304,0.14849804066732847,2.837051083421476,0.042663999999999994,0.038875133364177,0.038581899999999995,0.03688237871669701,0.0288785,0.03162260530171923,0.019666899999999998,0.024792818007763544,0.022770449999999998,0.02348852979240661,0.0339855533722635,3.3985553372263584,0.15400772200772184,15.400772200772192,1.2405397301349326,124.05397301349326,56.06128633965652,64.66555493792848,59.404512517600196,0.03574043492194605,0.029308807912106397,0.006431627009839652,0.005740754755373103,0.0006908722544665489,1.8491803069150956,0.0288785,0.01163574636287044,0.052149992725740876,0.005607007274259123,1.6116829285275118,0.682250878789082,0.011093571428571428,29.692918895563363,0.009842357142857142,26.343933895926614,0.007903095238095239,21.15332897431878,8275883.522499999,0.867769274479902,43679004.60000001,0.023165923026658448,57.45740893861216,39.343331334142206,67.40307352849553,55.276369168357,55.46653144016227,-44.723630831643,False,True,False
1789603200000,0.037361,0.047536,0.036641,0.039046,4609091.01,2026-09-17,0.045100505875110386,0.04411305866289846,0.045100505875110386,0.12095228446247727,2.310790150055298,0.179625572652338,3.431741746984806,0.18157772760368712,3.469037614962882,0.1483811307783274,2.834817523128272,0.0404732,0.03893208890945133,0.0391335,0.03727576440457039,0.030138499999999995,0.03232959566234608,0.02019562,0.025353531836270846,0.022797210000000002,0.023814918503360403,-0.21908000000000005,-21.908000000000012,0.16450939457202507,16.45093945720251,1.820020222446916,182.00202224469157,54.25516375003651,64.73090438320695,61.60559266882064,0.03624898339551097,0.030030092494039696,0.006218890901471274,0.005836381984592738,0.0003825089168785359,0.9796366257197561,0.030138499999999995,0.011281263635361347,0.05270102727072269,0.007575972729277302,1.4972561521457735,0.6973958832962485,0.011610857142857145,29.73635492203336,0.010144214285714286,25.98016259210748,0.008298285714285713,21.252588521963105,8183312.728,0.5632304621855091,48288095.61000001,0.023257206871052153,58.25172366429814,78.39456421063612,67.18734678533096,57.79588381567111,54.41995991962532,-42.204116184328875,True,False,False
1789689600000,0.039046,0.04551,0.038472,0.044292,2389932.24,2026-09-18,0.1343543512779799,0.12606363557525138,0.1343543512779799,0.1441231008092256,2.7534679747921826,0.17749513822431742,3.3910398543873503,0.1821933044615382,3.480798194318996,0.1488288550340039,2.8433712830225635,0.039129199999999996,0.04071872593963422,0.039664,0.0385514436037397,0.031611099999999996,0.03346887283361244,0.02083546,0.026098470460891754,0.02289603,0.02424401315263941,-0.13173370971536114,-13.173370971536116,0.13607099802498257,13.607099802498263,1.9846361185983823,198.46361185983824,38.855045298344265,65.35053390730698,63.97150780272959,0.03748637056546974,0.03108654513253435,0.006399825432935387,0.005949070674261268,0.0004507547586741186,1.0176888798747372,0.031611099999999996,0.01109997088616381,0.053811041772327615,0.009411158227672377,1.404566229731178,0.7856066049643164,0.011343714285714287,25.61120357110604,0.010196857142857143,23.021893666705374,0.008438380952380952,19.05170448925529,8036194.853999999,0.2973960043801597,50678027.85000001,0.023308612788293062,58.920432695532384,83.88647930525838,65.846156881649,69.40571428571427,60.825989089914124,-30.594285714285718,False,False,True
