timestamp,open,high,low,close,volume,date,return,log_return,abs_return,volatility_5,volatility_5_annualized,volatility_10,volatility_10_annualized,volatility_20,volatility_20_annualized,volatility_50,volatility_50_annualized,sma_5,ema_5,sma_10,ema_10,sma_20,ema_20,sma_50,ema_50,sma_100,ema_100,momentum_5,roc_5,momentum_10,roc_10,momentum_20,roc_20,rsi_6,rsi_14,rsi_24,ema_12,ema_26,macd,macd_signal,macd_hist,macd_hist_pct,bb_mid,bb_std,bb_upper,bb_lower,bb_width,bb_pct,atr_7,atr_7_pct,atr_14,atr_14_pct,atr_21,atr_21_pct,volume_sma,volume_ratio,obv,vwap,adx,cci,mfi,stoch_k,stoch_d,williams_r,higher_high,lower_low,inside_bar,github_stars,github_forks,github_commits_7d,github_devs,l2_bid_volume,l2_ask_volume,l2_imbalance,l2_num_bids,l2_num_asks,target_return,target_direction
1746576000000,1.3876e-06,1.51e-06,1.3465e-06,1.4362e-06,494545441143.0,2025-05-07,,,,,,,,,,,,,1.4362e-06,,1.4362e-06,,1.4362e-06,,1.4362e-06,,1.4362e-06,,,,,,,,,,1.4362e-06,1.4362e-06,0.0,0.0,0.0,0.0,,,,,,,,,,,,,,,,1.4308999999999995e-06,,,,,,,False,False,False,207,184,3,2,0,7474148537.6,-1.0,0,1,0.11133546859768839,1
1746662400000,1.4362e-06,1.77e-06,1.4207e-06,1.5961e-06,753221237407.0,2025-05-08,0.1113354685976883,0.1055624170122955,0.1113354685976883,,,,,,,,,,1.5321400000000002e-06,,1.524145e-06,,1.5201475000000002e-06,,1.517749e-06,,1.5169495e-06,,,,,,,,,,1.5228125e-06,1.5192249999999998e-06,3.5875000000000313e-09,1.993055555555573e-09,1.5944444444444582e-09,0.0998962749479643,,,,,,,,,,,,,,,753221237407.0,1.5303220633821498e-06,,,,,,,True,False,False,207,184,3,2,0,7474148537.6,-1.0,0,1,-0.07079756907461943,0
1746748800000,1.5961e-06,1.5961e-06,1.4111e-06,1.4831e-06,762187483566.0,2025-05-09,-0.0707975690746194,-0.0734286619405959,0.0707975690746194,,,,,,,,,,1.5089105263157893e-06,,1.5076451827242523e-06,,1.5065438800999169e-06,,1.505734328756166e-06,,1.5054399253358222e-06,,,,,,,,,,1.507312702078522e-06,1.506245638245441e-06,1.0670638330809735e-09,1.613550751262704e-09,-5.464869181817303e-10,-0.0368476109622905,,,,,,,,,,,,,,,-8966246159.0,1.517597642166639e-06,,,,,,,False,True,False,207,184,3,2,0,7474148537.6,-1.0,0,1,0.004652417234171535,1
1746835200000,1.4831e-06,1.492e-06,1.396e-06,1.49e-06,425893783126.0,2025-05-10,0.0046524172341715,0.0046416281915878,0.0046524172341715,,,,,,,,,,1.5010553846153843e-06,,1.501831881188119e-06,,1.5017679177057355e-06,,1.501561648940424e-06,,1.501463380361964e-06,,,,,,,,,,1.5018477586206896e-06,1.5017040677195771e-06,1.4369090111228684e-10,1.115630747824216e-09,-9.719398467119292e-10,-0.0652308621954314,,,,,,,,,,,,,,,416927536967.0,1.5074104681442584e-06,,,,,,,False,True,False,207,184,3,2,0,7474148537.6,-1.0,0,1,-0.025570469798657625,0
1746921600000,1.49e-06,1.5389e-06,1.412e-06,1.4519e-06,568357487271.0,2025-05-11,-0.0255704697986576,-0.0259030764498627,0.0255704697986576,,,,,,,,,1.49146e-06,1.482185308056872e-06,,1.487497796121645e-06,,1.4897052927794866e-06,,1.490819170080922e-06,,1.4911502725333928e-06,,,,,,,,,,1.488277131115572e-06,1.4901542989936037e-06,-1.877167878031608e-09,2.2534081866672447e-10,-2.1025086966983326e-09,-0.1448108476271322,,,,,,,,,,,,,,,-151429950304.0,1.49987883352411e-06,,,,,,,True,False,False,207,184,3,2,0,7474148537.6,-1.0,0,1,-0.0023417590743164407,0
1747008000000,1.4519e-06,1.57e-06,1.414e-06,1.4485e-06,778333313266.0,2025-05-12,-0.0023417590743164,-0.0023445052802369,0.0023417590743164,0.0671363419430231,1.282638011858389,,,,,,,1.49392e-06,1.4698762406015038e-06,,1.4773687214140568e-06,,1.4810128581537718e-06,,1.4830422433452609e-06,,1.4836817845920416e-06,0.0085642668152068,0.8564266815206849,,,,,51.91409897292252,,,1.478609195587396e-06,1.4818112751279554e-06,-3.202079540559539e-09,-7.036806595692084e-10,-2.4983988809903308e-09,-0.1724818005516279,,,,,,,,,,,,,,,-929763263570.0,1.4952739390829662e-06,,,,,,,True,False,False,207,184,3,2,0,7474148537.6,-1.0,0,1,0.07400759406282353,1
1747094400000,1.4485e-06,1.6169e-06,1.4268e-06,1.5557e-06,585204455105.0,2025-05-13,0.0740075940628235,0.0713970668836706,0.0740075940628235,0.0526545314391442,1.0059634106629702,,,,,,,1.48584e-06,1.5002626032054396e-06,,1.496243412910133e-06,,1.4951343480349253e-06,,1.4947081110120037e-06,,1.4945975816325988e-06,-0.0253116972620763,-2.531169726207636,,,,,63.94399066511086,,,1.495811738871925e-06,1.4949520018174524e-06,8.597370544727101e-10,-3.0802134433451886e-10,1.1677583988072287e-09,0.0750632126250066,,,,,,,1.8097142857142857e-07,11.632797362693871,,,,,,,-344558808465.0,1.500346463992033e-06,,,,,,,True,False,False,207,184,3,2,0,7474148537.6,-1.0,0,1,-0.03522530050780992,0
1747180800000,1.5557e-06,1.71e-06,1.4875e-06,1.5009e-06,678737814101.0,2025-05-14,-0.0352253005078099,-0.0358606769308066,0.0352253005078099,0.0428682109297565,0.8189960198536407,,,,,,,1.4894e-06,1.500483695479778e-06,,1.4973028089144403e-06,,1.4961309699482788e-06,,1.4955946943526428e-06,,1.495441621437584e-06,0.0120018879374284,1.2001887937428406,,,,,35.28138528138527,,,1.4968735805434454e-06,1.4959103717060972e-06,9.632088373482044e-10,-2.5208261872954058e-12,9.657296635354995e-10,0.0643433715461056,,,,,,,1.8940000000000002e-07,12.619095209540944,,,,,,,-1023296622566.0,1.5091946169446891e-06,,,,,,,True,False,False,207,184,3,2,0,7474148537.6,-1.0,0,1,-0.051435805183556615,0
1747267200000,1.5009e-06,1.5043e-06,1.35e-06,1.4237e-06,783405843182.0,2025-05-15,-0.0514358051835566,-0.052805811542569,0.0514358051835566,0.0492285606394115,0.940510330437312,,,,,,,1.47614e-06,1.474205576130614e-06,,1.4812894133710112e-06,,1.484512688198399e-06,,1.4862699616796809e-06,,1.4868179052415752e-06,-0.0444966442953019,-4.449664429530195,,,,,39.673157162726,,,1.482397241846595e-06,1.4852072093895106e-06,-2.809967542915557e-09,-6.510549455665061e-10,-2.1589125973490515e-09,-0.1516409775478718,,,,,,,1.6154285714285718e-07,11.346692220471809,,,,,,,-1806702465748.0,1.4980151291396292e-06,,,,,,,False,True,False,207,184,3,2,0,7474148537.6,-1.0,0,1,-0.0138371848001686,0
1747353600000,1.4237e-06,1.451e-06,1.3959e-06,1.404e-06,344920403522.0,2025-05-16,-0.0138371848001686,-0.0139338110339437,0.0138371848001686,0.0484620399137389,0.9258659725356054,,,,,,,1.46656e-06,1.4503907315812152e-06,1.47901e-06,1.465054295603909e-06,,1.472388174984812e-06,,1.4764849472273228e-06,,1.4777710913703983e-06,-0.0329912528411047,-3.299125284110476,,,,,35.68575233022638,,,1.4675409949853142e-06,1.4740014048581818e-06,-6.460409872867579e-09,-1.9526876818726693e-09,-4.507722190994909e-09,-0.3210628341164465,,,,,,,1.4298571428571425e-07,10.18416768416768,,,,,,,-2151622869270.0,1.4934878188615486e-06,,,,,,,False,False,True,207,184,3,2,0,7474148537.6,-1.0,0,1,-0.022364672364672433,0
1747440000000,1.404e-06,1.4187e-06,1.3543e-06,1.3726e-06,358009684811.0,2025-05-17,-0.0223646723646724,-0.0226185541112222,0.0223646723646724,0.0489332828218678,0.9348690556541008,0.0558215228484449,1.0664686965816694,,,,,1.45138e-06,1.4241572013546624e-06,1.47265e-06,1.4461670388702492e-06,,1.4581491183958036e-06,,1.4650413971782868e-06,,1.4672256127013296e-06,-0.0523990334829133,-5.239903348291334,-0.0442835259713131,-4.428352597131313,,,36.49982975825673,,,1.4501690820920797e-06,1.4608496105240644e-06,-1.0680528431984737e-08,-3.862289367673066e-09,-6.818239064311669e-09,-0.4967389672382098,,,,,,,1.3847142857142853e-07,10.0882579463375,,,,,,,-2509632554081.0,1.4873707863711557e-06,,,,,,,False,True,False,207,184,3,2,0,7474148537.6,-1.0,0,1,0.021054932245373692,1
1747526400000,1.3726e-06,1.4266e-06,1.356e-06,1.4015e-06,377373711141.0,2025-05-18,0.0210549322453736,0.0208363401303086,0.0210549322453736,0.0271497939974019,0.5186960860147264,0.0404239821918937,0.7722990953843256,,,,,1.42054e-06,1.4165461398135947e-06,1.45319e-06,1.4372426462537267e-06,,1.4504319135301375e-06,,1.458505583791342e-06,,1.4611261336343397e-06,-0.0991193674873047,-9.91193674873047,-0.1219221853267339,-12.192218532673392,,,42.637844611528834,,,1.44151587906987e-06,1.4535575757342949e-06,-1.2041696664424612e-08,-5.6188830239183274e-09,-6.422813640506287e-09,-0.4582813871213904,,,,,,,1.304285714285714e-07,9.306355435502777,,,,,,,-2132258842940.0,1.4823099247683622e-06,,,,,,,True,False,False,207,184,3,2,0,7474148537.6,-1.0,0,1,-0.0552978951123797,0
1747612800000,1.4015e-06,1.4187e-06,1.2568e-06,1.324e-06,459954761116.0,2025-05-19,-0.0552978951123797,-0.0568856341078895,0.0552978951123797,0.0310945265408215,0.5940600954375056,0.0381607327867651,0.7290597762120437,,,,,1.38516e-06,1.385538100068658e-06,1.43728e-06,1.4150165968896555e-06,,1.4338865237627484e-06,,1.4454982847098412e-06,,1.4492663016487077e-06,-0.1178626157638751,-11.78626157638751,-0.1072753017328569,-10.727530173285691,,,9.982728842832486,,,1.4211106580958477e-06,1.438379929105783e-06,-1.7269271009935324e-08,-8.084509891663884e-09,-9.184761118271441e-09,-0.693713075398145,,,,,,,1.3127142857142857e-07,9.91476046611998,,,,,,,-2592213604056.0,1.4730022181011854e-06,,,,,,,False,True,False,207,184,3,2,0,7474148537.6,-1.0,0,1,-0.018655589123867,0
1747699200000,1.324e-06,1.351e-06,1.26e-06,1.2993e-06,453237687176.0,2025-05-20,-0.018655589123867,-0.0188317996082627,0.018655589123867,0.0271710694126381,0.5191025522520917,0.0378336038004366,0.7228099857036235,,,,,1.36028e-06,1.3566932590733203e-06,1.41821e-06,1.3926285187537063e-06,,1.4168798668885163e-06,,1.4321288422666388e-06,,1.437106816544037e-06,-0.0873779588396431,-8.73779588396432,-0.1279865771812079,-12.7986577181208,,,11.14109483423286,40.78362730577623,,1.400370192218164e-06,1.4227595979094396e-06,-2.2389405691275648e-08,-1.1077104766050682e-08,-1.1312300925224966e-08,-0.8706458035268965,,,,,,,1.171142857142857e-07,9.013644709788789,1.4904285714285714e-07,11.471011863530912,,,,,-3045451291232.0,1.4631784617916022e-06,,,52.819366349910446,8.281371784879193,,-91.71862821512082,False,False,True,207,184,3,2,0,7474148537.6,-1.0,0,1,-0.0011544677903485567,0
1747785600000,1.2993e-06,1.3771e-06,1.2763e-06,1.2978e-06,614624124121.0,2025-05-21,-0.0011544677903485,-0.0011551347016225,0.0011544677903485,0.0282080529838233,0.5389140955620266,0.0377175021819252,0.7205918673964411,,,,,1.33904e-06,1.33701723941071e-06,1.4028e-06,1.3744930986052536e-06,,1.4022868612371646e-06,,1.4204545937759708e-06,,1.4264638154029797e-06,-0.0756410256410256,-7.564102564102559,-0.1061367862800467,-10.61367862800468,,,15.7321720195972,40.70142434829348,,1.383187929081209e-06,1.409242030354673e-06,-2.6054101273464056e-08,-1.4181738661718121e-08,-1.1872362611745937e-08,-0.91480679702157,,,,,,,9.972857142857143e-08,7.68443299649957,1.4456428571428573e-07,11.139180591330383,,,,,-3660075415353.0,1.452535684219363e-06,,,56.12642544666463,7.989088074824652,,-92.01091192517536,True,False,False,207,184,3,2,0,7474148537.6,-1.0,0,1,0.1123439667128987,1
1747872000000,1.2978e-06,1.535e-06,1.27e-06,1.4436e-06,862929319733.0,2025-05-22,0.1123439667128987,0.1064694705815653,0.1123439667128987,0.0628333731688525,1.2004299088569643,0.0542811908320922,1.0370406947293616,,,,,1.35324e-06,1.3725989973240615e-06,1.40231e-06,1.3875859882777311e-06,,1.4072151154833256e-06,,1.4223745473133948e-06,,1.4277028864165464e-06,0.0517266501529942,5.172665015299435,-0.0033828098032446,-0.3382809803244698,,,56.39122014202712,39.55622517463361,,1.3931715001228285e-06,1.4128361562235571e-06,-1.9664656100728848e-08,-1.5310082196538794e-08,-4.354573904190053e-09,-0.3016468484476346,,,,,,,1.1554285714285715e-07,8.003800023750147,1.3854285714285717e-07,9.597039148161343,,,,,-2797146095620.0,1.4491645046507672e-06,,,56.20318435812284,41.21800529567521,19.16282171845969,-58.78199470432478,True,True,False,207,184,3,2,0,7474148537.6,-1.0,0,1,-0.09947353837628148,0
1747958400000,1.4436e-06,1.4489e-06,1.299e-06,1.3e-06,492387349593.0,2025-05-23,-0.0994735383762814,-0.1047757293190053,0.0994735383762814,0.0792916622794786,1.5148650808143458,0.0560294551368339,1.070441237373461,,,,,1.33294e-06,1.3483747449208832e-06,1.37674e-06,1.3711178999635778e-06,,1.3947257935856344e-06,,1.4126487258818313e-06,,1.4189296772268154e-06,-0.0724224045665358,-7.242240456653586,-0.1643633091212958,-16.436330912129584,,,41.39810426540285,37.9650322071776,,1.3779479027058642e-06,1.4013823009834758e-06,-2.3434398277611565e-08,-1.69723769632122e-08,-6.462021314399365e-09,-0.497078562646105,,,,,,,1.2908571428571434e-07,9.929670329670332,1.3603571428571428e-07,10.464285714285714,,,,,-3289533445213.0,1.4441435312541329e-06,,,58.6171550246169,9.532215357458092,19.57976957598599,-90.4677846425419,False,False,True,207,184,3,2,0,7474148537.6,-1.0,0,1,0.013769230769230756,1
1748044800000,1.3e-06,1.349e-06,1.3e-06,1.3179e-06,296140293613.0,2025-05-24,0.0137692307692307,0.0136752962002154,0.0137692307692307,0.0759041805799935,1.450147333816429,0.0563420990272712,1.076414290513452,,,,,1.33172e-06,1.3382096184880116e-06,1.35844e-06,1.3611734596372872e-06,,1.3859626953746662e-06,,1.405409925456424e-06,,1.4123124902926558e-06,-0.004607250755287,-0.4607250755287035,-0.1219268438936639,-12.192684389366391,,,39.82968369829681,38.8492937670079,,1.3682292637763998e-06,1.393134396829869e-06,-2.4905133053469226e-08,-1.8588033257605157e-08,-6.317099795864069e-09,-0.4793307379819462,,,,,,,1.2688571428571428e-07,9.62787118034102,1.326785714285714e-07,10.067423281627695,,,,,-2993393151600.0,1.4405672482692049e-06,,,59.85792215057261,13.48190644307148,21.410709032068265,-86.51809355692852,False,False,True,207,184,3,2,0,7474148537.6,-1.0,0,1,0.03368996130207158,1
1748131200000,1.3179e-06,1.39e-06,1.295e-06,1.3623e-06,282849331257.0,2025-05-25,0.0336899613020715,0.0331348871221716,0.0336899613020715,0.0760620634101097,1.4531636810505204,0.0560687893324284,1.071192716125137,,,,,1.34432e-06,1.3462433696274943e-06,1.3523e-06,1.3613829114251988e-06,,1.3833134960784206e-06,,1.402234407546479e-06,,1.4091799426223088e-06,0.0484876471946433,4.848764719464333,-0.0431270632858045,-4.312706328580456,,,55.06747816882776,44.241645244215945,,1.3672772417316213e-06,1.390161514805083e-06,-2.288427307346173e-08,-1.945984535724714e-08,-3.4244277162145904e-09,-0.2513710428110247,,,,,,,1.3037142857142858e-07,9.569949979551389,1.304e-07,9.572047272994196,,,,,-2710543820343.0,1.4380729686714682e-06,,,58.11295358212856,23.27890556045898,15.43100912032952,-76.72109443954102,True,True,False,207,184,3,2,0,7474148537.6,-1.0,0,1,0.048447478528958365,1
1748217600000,1.3623e-06,1.46e-06,1.3267e-06,1.4283e-06,367350848173.0,2025-05-26,0.0484474785289583,0.0473104780965676,0.0484474785289583,0.0771709524814665,1.4743489770123352,0.0581510597061738,1.1109744357576878,,,,,1.37042e-06,1.3736038078195728e-06,1.35473e-06,1.3737735738355625e-06,1.41687e-06,1.3882672206378427e-06,,1.4040904904959662e-06,,1.4103283434532665e-06,0.1005547850208044,10.055478502080431,0.0173076923076922,1.730769230769225,,,65.3864503816794,48.79847727813466,,1.3770098806325269e-06,1.3937582638405193e-06,-1.674838320799259e-08,-1.891122779757269e-08,2.1628445895801028e-09,0.1514278925701955,1.41687e-06,8.494706153339203e-08,1.586764123066784e-06,1.2469758769332158e-06,0.2398161060178903,0.5336385973619198,1.2628571428571426e-07,8.841679919184644,1.287785714285714e-07,9.016213080485292,,,536983218621.15,0.6841011700817632,-2343192972170.0,1.4369417058431569e-06,,-17.43361313416012,55.397161843184186,37.84201235657546,24.86760812003531,-62.15798764342454,True,False,False,207,184,3,2,0,7474148537.6,-1.0,0,1,0.07407407407407418,1
1748304000000,1.4283e-06,1.5772e-06,1.4283e-06,1.5341e-06,804468912083.0,2025-05-27,0.0740740740740741,0.071458963982145,0.0740740740740741,0.0671927515498565,1.283715715883729,0.0613428600189665,1.1719536951120906,0.0576728130740423,1.10183754668,,,1.38852e-06,1.427113266431566e-06,1.37088e-06,1.4033613130256578e-06,1.421765e-06,1.4040903017805588e-06,,1.4130612325529997e-06,,1.4174746779778196e-06,0.0626904959822665,6.269049598226657,0.1176599154888533,11.765991548885331,0.0681659935942069,6.816599359420705,72.56924546322827,48.71306005719733,,1.4019238314208392e-06,1.4067310706320817e-06,-4.807239211242226e-09,-1.6064170612680135e-08,1.1256931401437909e-08,0.7337808096889321,1.421765e-06,8.885057399927139e-08,1.5994661479985428e-06,1.2440638520014571e-06,0.2499726016585622,0.8160784307395731,1.3455714285714286e-07,8.771080298360134,1.2583571428571428e-07,8.202575730768155,1.442142857142857e-07,9.40057921349884,552479392168.15,1.4561066412376802,-1538724060087.0,1.4422558706596705e-06,,82.89652587170877,56.81137190812012,61.1871138570168,40.76934392468375,-38.8128861429832,True,False,False,207,184,3,2,0,7474148537.6,-1.0,0,1,-0.028811681115963883,0
1748390400000,1.5341e-06,1.599e-06,1.4354e-06,1.4899e-06,484626335454.0,2025-05-28,-0.0288116811159638,-0.0292348862574343,0.0288116811159638,0.0387398499667823,0.74012379440119,0.0626180651104321,1.1963164541765796,0.0523208230795219,0.9995879214042668,,,1.4265e-06,1.448044975294268e-06,1.37972e-06,1.419288296656072e-06,1.416455e-06,1.4132789135395066e-06,,1.4182098080858337e-06,,1.4215035360391371e-06,0.146076923076923,14.607692307692297,0.0630752764894755,6.307527648947546,-0.0665371843869432,-6.653718438694327,55.487082246977934,49.33622978517981,,1.4158105805937984e-06,1.4142803504183712e-06,1.530230175427169e-09,-1.2519132692158088e-08,1.4049362867585256e-08,0.942973546384674,1.416455e-06,8.068125377388675e-08,1.5778175075477737e-06,1.2550924924522264e-06,0.2278399349753766,0.7275776483525939,1.435285714285714e-07,9.63343656813017,1.2162857142857142e-07,8.163539259585974,1.442190476190476e-07,9.67978036237651,539049647070.5,0.8990384059942029,-2023350395541.0,1.4449086628112744e-06,,88.30851501299364,47.85728819456147,68.11805961426063,55.7157286092843,-31.88194038573937,True,False,False,207,184,3,2,0,7474148537.6,-1.0,0,1,-0.02282032351164509,0
1748476800000,1.4899e-06,1.534e-06,1.4502e-06,1.4559e-06,376086507385.0,2025-05-29,-0.022820323511645,-0.0230847375140133,0.022820323511645,0.04509059075916,0.8614545268780394,0.0597531295801973,1.1415819377246508,0.0500585084284397,0.9563664606829658,,,1.4541e-06,1.4506635501904065e-06,1.39291e-06,1.4260115161898112e-06,1.415095e-06,1.4177894150796211e-06,,1.4206669542028729e-06,,1.4233507560186592e-06,0.1047120418848168,10.471204188481677,0.0996223564954683,9.962235649546823,-0.0183399635897782,-1.8339963589778256,74.95997438360547,52.04991087344028,,1.4221133491287104e-06,1.4179961438368509e-06,4.117205291859746e-09,-9.172107747333562e-09,1.3289313039193308e-08,0.9127902355376956,1.415095e-06,7.972227764327596e-08,1.574539555286552e-06,1.255650444713448e-06,0.2253481996425002,0.6279598413588521,1.1764285714285718e-07,8.080421536016015,1.1659285714285716e-07,8.008301198080717,1.315761904761905e-07,9.037446972744728,519744598261.45,0.7235986841287287,-2399436902926.0,1.4459735623290982e-06,,61.297111683420674,50.77181512332978,58.18234950321446,62.495840991497296,-41.81765049678554,False,False,True,207,184,3,2,0,7474148537.6,-1.0,0,1,-0.06312246720241765,0
1748563200000,1.4559e-06,1.474e-06,1.3586e-06,1.364e-06,418916756746.0,2025-05-30,-0.0631224672024176,-0.0652027066758726,0.0631224672024176,0.0573528271243511,1.09572422369492,0.0637385423799748,1.2177231423538797,0.0520013122635553,0.9934836758362492,,,1.4544399999999998e-06,1.4217739839944883e-06,1.3993800000000002e-06,1.4146446423022748e-06,1.408795e-06,1.4121566425464509e-06,,1.4170661903450172e-06,,1.4202679103431244e-06,0.0012478895984731,0.1247889598473108,0.049796044023705,4.979604402370506,-0.0845637583892616,-8.45637583892617,55.96686513072742,47.66791044776119,47.489219641118375,1.4130075997778695e-06,1.413247584877521e-06,-2.3998509965120875e-10,-7.377207038851276e-09,7.137221939200067e-09,0.5232567404105621,1.408795e-06,7.845995609561804e-08,1.565714912191236e-06,1.251875087808764e-06,0.2227718187404641,0.3572679547978302,1.127142857142857e-07,8.26351068286552,1.209e-07,8.863636363636363,1.2826190476190477e-07,9.40336545175255,519395746942.45,0.8065463747288187,-2818353659672.0,1.4444347107354088e-06,,-20.299088576232407,50.24085884167246,31.326709526592627,52.5423728813559,-68.67329047340736,False,True,False,207,184,3,2,0,7474148537.6,-1.0,0,1,0.053152492668621765,1
1748649600000,1.364e-06,1.46e-06,1.3518e-06,1.4365e-06,293841407545.0,2025-05-31,0.0531524926686217,0.0517880400159369,0.0531524926686217,0.0583446040695744,1.1146720956285407,0.0652901730769297,1.2473670051959989,0.0531798574978261,1.0159997509219767,,,1.45608e-06,1.4266828503978815e-06,1.41325e-06,1.4186448487140728e-06,1.408025e-06,1.4146819122572988e-06,,1.4182717373389554e-06,,1.421084795489834e-06,0.0057410908072532,0.5741090807253365,0.1068731699799658,10.687316997996597,-0.0106067911013155,-1.0606791101315585,58.95270270270269,53.55513519528207,50.00993180162882,1.4166781747338852e-06,1.4152644903022277e-06,1.4136844316574995e-09,-5.612361346232513e-09,7.026045777890013e-09,0.4891086514368265,1.408025e-06,7.808935418379448e-08,1.564203708367589e-06,1.251846291632411e-06,0.2218408172689958,0.5911615939766257,1.211714285714286e-07,8.435184724777487,1.2402857142857144e-07,8.634080851275423,1.2884285714285718e-07,8.969220824424445,505669942956.15,0.5810932835501376,-2524512252127.0,1.4437999979403151e-06,,0.7694375689478984,55.18101353471681,52.51315020455871,47.34073641145526,-47.48684979544129,False,True,False,207,184,3,2,0,7474148537.6,-1.0,0,1,0.03202227636616772,1
1748736000000,1.4365e-06,1.5031e-06,1.3896e-06,1.4825e-06,452512837024.0,2025-06-01,0.0320222763661677,0.0315202524525362,0.0320222763661677,0.0474630063752092,0.9067794635815272,0.0558491522637745,1.0669965558203696,0.0536262732390858,1.0245285116834382,,,1.44576e-06,1.4452890581622029e-06,1.41714e-06,1.430318159573678e-06,1.409725e-06,1.4216577771356391e-06,,1.4221671556056604e-06,,1.4240839900214562e-06,-0.033635356234926,-3.3635356234926057,0.0269465225824327,2.694652258243277,0.0234725578184329,2.347255781843287,56.8711967545639,54.42236296134526,45.93239759381266,1.4269379058556073e-06,1.4210235308706877e-06,5.914374984919604e-09,-3.300025473652131e-09,9.214400458571737e-09,0.6215447189593076,1.409725e-06,7.937635121104359e-08,1.5684777024220872e-06,1.250972297577913e-06,0.225225065061749,0.7292086965754694,1.2381428571428576e-07,8.351722476511688,1.2709285714285716e-07,8.572874006263552,1.2820476190476188e-07,8.647876013811931,489378919144.05,0.924667613013387,-2071999415103.0,1.4442868536019094e-06,,49.67970457457248,55.82110786121242,65.95558153126825,49.931813754139874,-34.04441846873175,True,False,False,207,184,3,2,0,7474148537.6,-1.0,0,1,0.005733558178752096,1
1748822400000,1.4825e-06,1.499e-06,1.4153e-06,1.491e-06,367004935434.0,2025-06-02,0.005733558178752,0.0057171838928578,0.005733558178752,0.0457814620515202,0.8746536043856433,0.0424813855319435,0.8116057310051923,0.0509418130629628,0.9732419720304784,,,1.44598e-06,1.4605263069647923e-06,1.43624e-06,1.4414003769469616e-06,1.40649e-06,1.4287364536609768e-06,,1.4262542377452985e-06,,1.4272596176844177e-06,0.0007383045842004,0.0738304584200337,0.1469230769230769,14.692307692307688,-0.0415889953075785,-4.158899530757858,42.74654998317064,59.8606518658479,50.3057512191346,1.4369031647128568e-06,1.4269487298347644e-06,9.954434878092372e-09,-6.427084048725301e-10,1.0597143282964902e-08,0.710740662841375,1.40649e-06,7.426804866583996e-08,1.55502609733168e-06,1.25795390266832e-06,0.2112152910176112,0.7844763041380098,1.1672857142857145e-07,7.828878030085275,1.2150714285714286e-07,8.149372425026348,1.2476190476190474e-07,8.36766631535243,478468943160.5,0.7670402450988131,-1704994479669.0,1.4449227006005969e-06,30.0945742961508,68.43285590407567,62.07400517274162,68.14159292035397,62.20344155206031,-31.858407079646035,False,False,True,207,184,3,2,0,7474148537.6,-1.0,0,1,-0.027900737759892658,0
1748908800000,1.491e-06,1.5022e-06,1.4458e-06,1.4494e-06,307578867626.0,2025-06-03,-0.0279007377598926,-0.0282973580895573,0.0279007377598926,0.0464929611442296,0.888246775465569,0.0445659545085908,0.8514313653845229,0.0507078131352484,0.968771409688651,,,1.44468e-06,1.4568174944574566e-06,1.4493899999999998e-06,1.4428601514864467e-06,1.403915e-06,1.4308315138275971e-06,,1.4276014012907352e-06,,1.4282820565301351e-06,-0.0044645923483754,-0.4464592348375475,0.0997799529554595,9.977995295545956,-0.0343127456859218,-3.431274568592182,43.12393887945672,58.689359731388215,48.46977235036937,1.4388438068170795e-06,1.428829832492038e-06,1.0013974325041468e-08,1.4927587352905592e-09,8.521215589750908e-09,0.58791331514771,1.403915e-06,7.166975633894818e-08,1.5472545126778965e-06,1.2605754873221035e-06,0.2041997025146056,0.6586617644717794,1.0351428571428574e-07,7.14187151333557,1.1903571428571429e-07,8.212757988527272,1.1839523809523813e-07,8.168568931643309,459910995836.75,0.6687791125028422,-2012573347295.0,1.445373493926419e-06,33.15232871394016,78.33382621934496,63.02404178545692,54.52887537993922,62.87534994385381,-45.47112462006078,True,False,False,207,184,3,2,0,7474148537.6,-1.0,0,1,0.010211121843521465,1
1748995200000,1.4494e-06,1.559e-06,1.414e-06,1.4642e-06,565131617217.0,2025-06-04,0.0102111218435214,0.0101593405373612,0.0102111218435214,0.0303891822446496,0.5805845115803234,0.0438175361907436,0.8371328534987148,0.0493047630721692,0.941966175870982,,,1.46472e-06,1.4592783488886891e-06,1.45958e-06,1.4467516788114524e-06,1.40594e-06,1.4341940343438136e-06,,1.429691873106865e-06,,1.429898112588796e-06,0.0734604105571847,7.346041055718483,0.0747999706378919,7.479997063789182,0.0284470042846105,2.8447004284610578,51.50744642208504,59.48688711516534,50.47187907619121,1.4427757076587304e-06,1.431764853414284e-06,1.1010854244446262e-08,3.3993281103304956e-09,7.611526134115766e-09,0.5198419706403337,1.40594e-06,7.28211030720599e-08,1.5515822061441198e-06,1.2602977938558802e-06,0.2071812540280806,0.7000107027435065,1.0085714285714293e-07,6.888208090229675,1.2219285714285716e-07,8.345366558042423,1.1470476190476195e-07,7.833954507906156,448997284538.5,1.2586526392868238,-1447441730078.0,1.4466591990238232e-06,36.15674074893845,87.69607077803815,63.13037833037246,59.027355623100334,60.56594130779784,-40.97264437689967,True,True,False,207,184,3,2,0,7474148537.6,-1.0,0,1,-0.04398306242316641,0
1749081600000,1.4642e-06,1.6e-06,1.301e-06,1.3998e-06,715851352400.0,2025-06-05,-0.0439830624231664,-0.0449796489571032,0.0439830624231664,0.0306640047393145,0.5858349879686578,0.0441083407692879,0.8426886671708396,0.0502832835234254,0.960660782842973,,,1.45738e-06,1.439452129196839e-06,1.45673e-06,1.4381942206535709e-06,1.40573e-06,1.4307472351190122e-06,,1.428014512256196e-06,,1.4285771837315577e-06,-0.0255482074486599,-2.554820744865994,-0.0199537912203319,-1.995379122033188,-0.002991452991453,-0.2991452991453065,57.2235673930589,47.2473604826546,48.21520193505828,1.4361197309340703e-06,1.429135820185218e-06,6.983910748852269e-09,4.117133237742478e-09,2.866777511109791e-09,0.204799079233447,1.40573e-06,7.283304701055763e-08,1.5513960940211152e-06,1.260063905978885e-06,0.2072461909770941,0.479645228905704,1.3160000000000001e-07,9.401343049007002,1.246214285714286e-07,8.902802441165065,1.215952380952381e-07,8.686615094673389,467543831982.4,1.5310892871044166,-2163293082478.0,1.446057071263019e-06,36.87865286162573,29.410076661337083,50.88790302180087,34.36065573770488,49.30562891358148,-65.63934426229511,True,True,False,207,184,3,2,0,7474148537.6,-1.0,0,1,0.0055007858265467835,1
1749168000000,1.3998e-06,1.479e-06,1.3885e-06,1.4075e-06,274953580238.0,2025-06-06,0.0055007858265467,0.0054857117584062,0.0055007858265467,0.0243493078802348,0.4651928738705713,0.035630840768211,0.6807262570630774,0.0499856503988957,0.9549745099829772,,,1.4423799999999998e-06,1.4288013824347885e-06,1.44407e-06,1.432602338438586e-06,1.407475e-06,1.42842905018425e-06,,1.4268824848979382e-06,,1.427673915886206e-06,-0.0505902192242831,-5.059021922428325,-0.0825239554135975,-8.252395541359753,0.0254261984554859,2.5426198455486,42.07650273224049,58.14764286797028,44.141366223908925,1.4316917416523282e-06,1.427370752262285e-06,4.3209893900433355e-09,4.1579448861015076e-09,1.6304450394182796e-10,0.0115839789656716,1.407475e-06,7.241439138007973e-08,1.5523037827601597e-06,1.2626462172398406e-06,0.2057994390808496,0.5000863088107336,1.280428571428572e-07,9.097183455975642,1.2037857142857146e-07,8.552651611266176,1.232809523809524e-07,8.758859849445995,463391026753.75,0.5933511103228866,-1888339502240.0,1.4456906482538307e-06,37.488445286660415,16.435869087698933,52.482235759769,36.88524590163936,43.42441908748153,-63.11475409836064,False,False,True,207,184,3,2,0,7474148537.6,-1.0,0,1,0.009591474245115528,1
1749254400000,1.4075e-06,1.4381e-06,1.3807e-06,1.421e-06,216493954627.0,2025-06-07,0.0095914742451155,0.0095457680832552,0.0095914742451155,0.0250276642271702,0.4781528536815514,0.0352057500389714,0.672604910084209,0.0498264219773845,0.9519324552613816,,,1.42838e-06,1.4262009155957784e-06,1.43718e-06,1.4304893861142069e-06,1.40845e-06,1.4276915392024074e-06,,1.4265629801381663e-06,,1.4273943485342916e-06,-0.0469483568075117,-4.694835680751171,-0.046244714410363,-4.624471441036303,0.0139136639315018,1.391366393150195,29.56810631229241,57.86662597283687,46.73477727829996,1.4300389771706745e-06,1.4268548934972816e-06,3.184083673392881e-09,3.963018206733468e-09,-7.78934533340587e-10,-0.0548159418255163,1.40845e-06,7.24609695302454e-08,1.5533719390604908e-06,1.2635280609395092e-06,0.2057892563605251,0.5432991722349284,1.2078571428571433e-07,8.500050266411986,1.2097857142857145e-07,8.513622197647534,1.2294761904761905e-07,8.652189940015415,455347038928.05,0.4754482540100772,-1671845547613.0,1.4452523927505578e-06,37.79376469345492,0.6298431118062986,53.003891007763045,41.31147540983607,37.5191256830601,-58.68852459016394,False,True,False,207,184,3,2,0,7474148537.6,-1.0,0,1,0.008444757213230236,1
1749340800000,1.421e-06,1.4471e-06,1.4108e-06,1.433e-06,201282785991.0,2025-06-08,0.0084447572132302,0.0084092997310713,0.0084447572132302,0.0235127359411243,0.4492101894152883,0.0347499293073123,0.6638964672334605,0.047982018765933,0.9166951813835604,,,1.4251e-06,1.4284672805658695e-06,1.4348900000000002e-06,1.4309464695567516e-06,1.4139e-06,1.4282164126487196e-06,,1.426907403817326e-06,,1.4276240922855696e-06,-0.0113150269076859,-1.1315026907685912,-0.0157291022735076,-1.572910227350767,0.0823262839879155,8.232628398791551,31.168831168831236,55.67506822925028,50.40145040145041,1.4304963646367418e-06,1.4273490717667646e-06,3.147292869977212e-09,3.7997696683283705e-09,-6.524767983511572e-10,-0.0455322259840305,1.4139e-06,6.982613746788669e-08,1.5535522749357731e-06,1.2742477250642263e-06,0.1975419406404603,0.5683841348405686,1.097571428571429e-07,7.6592563054530975,1.1678571428571433e-07,8.149735818961224,1.2131428571428578e-07,8.465756155916662,442413440171.8,0.4549653507651959,-1470562761622.0,1.4450668222484831e-06,37.8249726619456,17.39478591120715,52.4870924965803,44.147157190635504,40.781292834036975,-55.85284280936449,True,False,False,207,184,3,2,0,7474148537.6,-1.0,0,1,0.11311933007676189,1
1749427200000,1.433e-06,1.6e-06,1.4205e-06,1.5951e-06,512686844783.0,2025-06-09,0.1131193300767618,0.1071662813502305,0.1131193300767618,0.0574595379727599,1.0977629315912023,0.0433823461915133,0.8288185602375918,0.053307065045033,1.0184300476989654,,,1.45128e-06,1.4840115775957723e-06,1.458e-06,1.460825093795816e-06,1.42869e-06,1.4446572162804307e-06,,1.4357800354193162e-06,,1.434345599447202e-06,0.08940035514274,8.940035514273998,0.1694281524926686,16.942815249266864,0.2276610482567536,22.766104825675363,76.53916211293256,61.59944367176634,57.34604443761051,1.4559067546747147e-06,1.4407542519399931e-06,1.5152502734721405e-08,6.071468169594443e-09,9.081034565126962e-09,0.5693081665805881,1.42869e-06,7.538096157798108e-08,1.5794519231559623e-06,1.277928076844038e-06,0.2110491753367941,1.0518966477624785,1.234428571428572e-07,7.738878888023145,1.2008571428571433e-07,7.528412907386015,1.2215238095238097e-07,7.657976362132842,445385898052.15,1.1511070445319078,-957875916839.0,1.4479308926087748e-06,38.31285331483793,151.0831199390962,53.96036253469865,98.36120401337794,61.273278871283175,-1.6387959866220552,True,False,False,207,184,3,2,0,7474148537.6,-1.0,0,1,0.03165945708732987,1
1749513600000,1.5951e-06,1.6922e-06,1.55e-06,1.6456e-06,703140102431.0,2025-06-10,0.0316594570873298,0.0311686291603448,0.0316594570873298,0.0456229958516338,0.8716261118877422,0.0418758679559778,0.8000373339596539,0.0533973933635899,1.0201557678018962,,,1.50044e-06,1.5378744220547756e-06,1.47891e-06,1.4944504822759845e-06,1.44608e-06,1.4643887262884212e-06,,1.4467007919593354e-06,,1.442655168477358e-06,0.175596513787684,17.559651378768397,0.1455621301775147,14.556213017751482,0.2679919864385882,26.799198643858823,79.23920051579621,58.39987946361308,60.34247613274738,1.4851748824321856e-06,1.4570287277871444e-06,2.8146154645041128e-08,1.0488197102790409e-08,1.765795754225072e-08,1.0730406868164026,1.44608e-06,8.329813670753616e-08,1.6126762734150724e-06,1.2794837265849275e-06,0.2304108671927864,1.0988129143288172,1.3570000000000008e-07,8.246232377248424,1.196071428571429e-07,7.268299881936248,1.245904761904762e-07,7.5711276246035615,449811696967.65,1.5631876786911771,-254735814408.0,1.4552443428189974e-06,38.1011138036714,229.24130838641184,53.5817636003426,88.08793456032717,76.86543192144687,-11.912065439672826,True,False,False,207,184,3,2,0,7474148537.6,-1.0,0,1,-0.059188138065143336,0
1749600000000,1.6456e-06,1.68e-06,1.537e-06,1.5482e-06,499913468026.0,2025-06-11,-0.0591881380651433,-0.0610120935681342,0.0591881380651433,0.0618812248898572,1.182239141528572,0.047213825889857,0.9020188770932532,0.0503367476586123,0.961682213711519,,,1.5285800000000002e-06,1.5413162829456754e-06,1.48548e-06,1.5042302491151606e-06,1.45131e-06,1.472594286178033e-06,,1.4519167119955657e-06,,1.4467271768132511e-06,0.0999644760213143,9.996447602131436,0.0443170320404722,4.431703204047222,0.07245774452757,7.245774452756998,71.62004662004665,54.06611800809039,55.283440178635736,1.494894813969181e-06,1.464233341224348e-06,3.0661472744833106e-08,1.4524161976682436e-08,1.6137310768150672e-08,1.0423272683213196,1.45131e-06,8.636163195357198e-08,1.624033263907144e-06,1.278586736092856e-06,0.2380239423791526,0.7804775622237201,1.3541428571428578e-07,8.746562828722759,1.1813571428571433e-07,7.630520235480836,1.266e-07,8.177238082935022,431660904382.3,1.1581161577311905,-754649282434.0,1.4589560486514928e-06,37.993406367762624,151.490971753952,53.19629299875828,63.19018404907977,83.2131075409283,-36.80981595092023,False,True,False,207,184,3,2,0,7474148537.6,-1.0,0,1,-0.04424492959565951,0
1749686400000,1.5482e-06,1.552e-06,1.4603e-06,1.4797e-06,406671818537.0,2025-06-12,-0.0442449295956595,-0.0452536012621245,0.0442449295956595,0.0686196931512411,1.310977396899821,0.0497425818024526,0.950330690968358,0.0456141161665736,0.8714564657428694,,,1.5403199999999998e-06,1.5207775156947906e-06,1.48435e-06,1.4997675428403215e-06,1.460295e-06,1.473288122006733e-06,,1.4533272900582653e-06,,1.447975847441768e-06,0.0413089373680506,4.130893736805064,-0.0075788061703554,-0.7578806170355468,0.1382307692307691,13.823076923076918,58.935643564356425,51.58371040723983,55.64416733125498,1.492552305139142e-06,1.4654495419242671e-06,2.7102763214874565e-08,1.704053551224104e-08,1.0062227702633524e-08,0.6800180916830116,1.460295e-06,7.880855200053525e-08,1.6179121040010703e-06,1.3026778959989297e-06,0.2158702234837076,0.5615574055968835,1.0580000000000003e-07,7.150097992836388,1.1870000000000002e-07,8.021896330337231,1.1834761904761908e-07,7.998081979294389,427375127829.5,0.9515570562151208,-1161321100971.0,1.4598069895940696e-06,34.820400528568264,43.39395387264723,52.88144475344972,45.679959100204506,65.65269256987047,-54.32004089979549,False,True,False,207,184,3,2,0,7474148537.6,-1.0,0,1,0.01993647360951556,1
1749772800000,1.4797e-06,1.5203e-06,1.4224e-06,1.5092e-06,486111539323.0,2025-06-13,0.0199364736095155,0.0197403445816669,0.0199364736095155,0.0687486637762202,1.3134413772303506,0.0490219677329986,0.9365633785022426,0.0456797601856198,0.8727105929658151,,,1.55556e-06,1.5169183430112437e-06,1.49033e-06,1.5014833721320098e-06,1.46986e-06,1.476786310240498e-06,,1.4561315850532462e-06,,1.4502532399176772e-06,0.0531751570132588,5.31751570132589,0.0412584517731475,4.125845177314754,0.1451551711055467,14.515517110554685,60.5,60.53701015965167,57.58254461382848,1.4951179792720214e-06,1.4688741874613175e-06,2.6243791810703905e-08,1.8881569139658417e-08,7.362222671045489e-09,0.4878228645007612,1.46986e-06,7.19248686953415e-08,1.6137097373906831e-06,1.326010262609317e-06,0.1957325696198046,0.6367399089966919,1.068571428571429e-07,7.080383173677636,1.1745000000000005e-07,7.782268751656509,1.158714285714286e-07,7.677672182045361,436873690115.0,1.1127049999166554,-675209561648.0,1.460430792456449e-06,33.79086649487761,19.993527355879927,52.08362968855071,53.22085889570555,54.030334014996605,-46.77914110429445,False,True,False,207,184,3,2,0,7474148537.6,-1.0,0,1,0.006493506493506329,1
1749859200000,1.5092e-06,1.5538e-06,1.4738e-06,1.519e-06,301741719260.0,2025-06-14,0.0064935064935063,0.0064725145056172,0.0064935064935063,0.0402852030754586,0.7696477240876466,0.0489930281405151,0.936010488364162,0.0452706924701172,0.8648953652345661,,,1.54034e-06,1.5176122287682927e-06,1.49581e-06,1.5046694853201697e-06,1.477695e-06,1.480889447082805e-06,,1.459252744924058e-06,,1.4527667316691416e-06,-0.047708607610808,-4.77086076108081,0.0374265810681599,3.742658106816001,0.1150260588710267,11.502605887102687,60.29200574437529,56.58630049497046,57.94311979316288,1.4987975854138493e-06,1.4727814541555256e-06,2.6016131258323676e-08,2.0308718689283413e-08,5.707412569040263e-09,0.3757348630046256,1.477695e-06,6.802027155271638e-08,1.613735543105433e-06,1.3416544568945671e-06,0.1841253345317305,0.6518113609998898,1.1008571428571433e-07,7.247249130066777,1.1543571428571433e-07,7.599454528355124,1.1734761904761909e-07,7.725320542963732,437818309515.15,0.6891939252018849,-373467842388.0,1.4612999970052154e-06,32.65257835396936,55.33139816158667,52.30260179607309,55.72597137014314,51.54226312201774,-44.27402862985686,True,False,False,207,184,3,2,0,7474148537.6,-1.0,0,1,0.054114549045424676,1
1749945600000,1.519e-06,1.6698e-06,1.496e-06,1.6012e-06,675383823401.0,2025-06-15,0.0541145490454246,0.0527011245226457,0.0541145490454246,0.0467014064789563,0.8922291179938794,0.0479650643085284,0.9163712669296554,0.0455644018064022,0.8705066742254035,,,1.53146e-06,1.5454748216986915e-06,1.51595e-06,1.522226221712911e-06,1.48634e-06,1.492560648049402e-06,,1.4662271019011973e-06,,1.4581042353531423e-06,-0.0269810403500242,-2.6981040350024275,0.1438776968138306,14.38776968138306,0.1210530000700134,12.105300007001336,50.90263391535957,58.95849056603773,55.93016255267911,1.5145715688560516e-06,1.4827529356316256e-06,3.181863322442603e-08,2.2611007623002443e-08,9.207625601423593e-09,0.5750453161018981,1.48634e-06,7.22667893441052e-08,1.6308735786882102e-06,1.3418064213117896e-06,0.1944825257857695,0.8973471114549013,1.297285714285715e-07,8.101959244852077,1.197428571428572e-07,7.478319831554908,1.2110000000000005e-07,7.563077691731205,453219958276.55,1.4901899421403857,301915981013.0,1.4656549878941128e-06,31.85249979815917,140.3121702547519,54.39350403521408,76.73824130879345,61.895023858214046,-23.26175869120655,True,False,False,207,184,3,2,0,7474148537.6,-1.0,0,1,0.027979015738196278,1
1750032000000,1.6012e-06,1.7489e-06,1.5752e-06,1.646e-06,593563683973.0,2025-06-16,0.0279790157381962,0.0275947541185964,0.0279790157381962,0.0363390425878683,0.6942564338297937,0.0480209174772767,0.9174383402203048,0.0430748381022035,0.8229436264403722,,,1.55102e-06,1.5789832164860764e-06,1.5398e-06,1.544736559888027e-06,1.491935e-06,1.507419326547573e-06,,1.474973220992578e-06,,1.46475333942072e-06,0.0631701330577443,6.317013305774443,0.169449378330373,16.944937833037294,0.0729417899745779,7.294178997457788,50.06020469596629,61.09044075558099,64.0650406504065,1.534812788957094e-06,1.495383647294166e-06,3.9429141662927944e-08,2.5974992151180522e-08,1.3454149511747421e-08,0.8173845389883002,1.491935e-06,8.006954395037521e-08,1.6520740879007505e-06,1.3317959120992497e-06,0.2146730090798198,0.9810349616062664,1.289000000000001e-07,7.8311057108141,1.2617142857142864e-07,7.665335879187646,1.2302380952380957e-07,7.474107504484177,442674696871.05,1.3408574923492942,895479664986.0,1.4712143296722752e-06,29.80947952579092,189.6830756333827,56.446858485034696,77.02612190221029,69.83011152704896,-22.973878097789697,True,False,False,207,184,3,2,0,7474148537.6,-1.0,0,1,-0.032381530984204154,0
1750118400000,1.646e-06,1.646e-06,1.503e-06,1.5927e-06,751137375766.0,2025-06-17,-0.0323815309842041,-0.0329174129792796,0.0323815309842041,0.0317800276875633,0.6071565764571248,0.0504908904249923,0.9646271071282582,0.0432268068418633,0.8258469851349416,,,1.57362e-06,1.5835554778411644e-06,1.55697e-06,1.5534590922949522e-06,1.497075e-06,1.5156645040039943e-06,,1.48064720312845e-06,,1.4692115309780443e-06,0.076366831114415,7.63668311144151,0.1208304011259675,12.08304011259676,0.0689979193234446,6.89979193234446,57.72301284276292,60.08444757213229,60.858226647700334,1.5437265108058743e-06,1.5028884357819026e-06,4.083807502397193e-08,2.894786162950446e-08,1.1890213394467465e-08,0.7465444461899581,1.497075e-06,8.31715277382579e-08,1.6634180554765155e-06,1.3307319445234842e-06,0.2222240775866483,0.787433099404322,1.2901428571428578e-07,8.100350707244663,1.323571428571429e-07,8.310236884356307,1.227428571428572e-07,7.706589887791623,456000248886.65,1.6472301881412208,144342289220.0,1.475098179580596e-06,26.91360714398405,89.97750336998624,52.52834616260361,65.12614422862245,72.9635024798754,-34.87385577137754,False,True,False,207,184,3,2,0,7474148537.6,-1.0,0,1,0.028316694920575092,1
1750204800000,1.5927e-06,1.71e-06,1.51e-06,1.6378e-06,1088721790799.0,2025-06-18,0.028316694920575,0.0279231885783523,0.028316694920575,0.0323070134709857,0.6172246257127765,0.0507000958988849,0.968623972094944,0.0430554862123639,0.8225739091041107,,,1.59934e-06,1.6016369857119615e-06,1.57745e-06,1.568796546228352e-06,1.50617e-06,1.5274558747769704e-06,,1.4881539546820892e-06,,1.4749987984518943e-06,0.0852107076596873,8.52107076596872,0.1429169574319608,14.291695743196088,0.1249398997183872,12.493989971838737,79.86399697771063,61.71706263498919,60.879867309059314,1.5582103505451265e-06,1.5132609036614183e-06,4.4949446883708194e-08,3.2148396497461264e-08,1.280105038624693e-08,0.7816003410823623,1.50617e-06,8.82240932601688e-08,1.6826181865203375e-06,1.3297218134796622e-06,0.2343004926672788,0.8729990162999728,1.371571428571429e-07,8.374474469235736,1.3628571428571433e-07,8.321267205135811,1.244761904761905e-07,7.6002070140548605,491632013057.35,2.214505487607452,1233064080019.0,1.4821565031111886e-06,23.939569325845216,112.2629772210604,56.3437392033605,75.19535610627372,72.44920741236882,-24.804643893726286,True,False,False,207,184,3,2,0,7474148537.6,-1.0,0,1,-0.03211625351080716,0
1750291200000,1.6378e-06,1.66e-06,1.5224e-06,1.5852e-06,456888825083.0,2025-06-19,-0.0321162535108071,-0.0326432955198079,0.0321162535108071,0.0392793557857605,0.7504310386002774,0.0387238502353989,0.7398181199623104,0.0409111155042561,0.7816057642494348,,,1.61258e-06,1.5961579903767631e-06,1.5764600000000002e-06,1.5717794289130715e-06,1.51723e-06,1.5330234193617143e-06,,1.4927502685527889e-06,,1.4787275970194548e-06,0.0435813034891376,4.3581303489137655,-0.0062065074290013,-0.6206507429001252,0.1621700879765397,16.217008797653968,63.20361362056985,62.71604938271607,56.26247305819431,1.5623652732153363e-06,1.518776335335073e-06,4.3588937880263423e-08,3.4436629357268674e-08,9.152308522994751e-09,0.5773598614051696,1.51723e-06,8.318441212782988e-08,1.6835988242556598e-06,1.3508611757443403e-06,0.2193060040411272,0.7042750506415499,1.4371428571428577e-07,9.066003388486358,1.247571428571429e-07,7.870120038931547,1.270380952380953e-07,8.014010549968159,493530616474.2,0.92575578866217,776175254936.0,1.4843115295027963e-06,25.35769274793128,73.6755263818644,57.849098457569504,55.54046713742532,65.28732249077383,-44.45953286257468,False,False,True,207,184,3,2,0,7474148537.6,-1.0,0,1,-0.031731011859702396,0
1750377600000,1.5852e-06,1.62e-06,1.51e-06,1.5349e-06,415256380647.0,2025-06-20,-0.0317310118597023,-0.0322453499969177,0.0317310118597023,0.0329871363881257,0.6302183558001274,0.0381601039418503,0.7290477621468155,0.0404156400086162,0.7721397181965913,,,1.5993200000000002e-06,1.5757386600079916e-06,1.56539e-06,1.5650732752015098e-06,1.52215e-06,1.5332041414424086e-06,,1.494730440922715e-06,,1.4806019567770743e-06,-0.0414064451661254,-4.140644516612547,-0.0672702965483714,-6.727029654837145,0.0684998259658893,6.84998259658893,52.42156564118184,58.25557283566614,50.03341129301703,1.5581375486904506e-06,1.52000930726207e-06,3.8128241428380735e-08,3.517498393136847e-08,2.9532574970122574e-09,0.1924071598809211,1.52215e-06,8.104061684703165e-08,1.6842312336940633e-06,1.3600687663059363e-06,0.2129635498394552,0.5393321290485309,1.454428571428572e-07,9.475722010740585,1.2615000000000005e-07,8.218776467522316,1.2678095238095242e-07,8.25988353514577,499601365129.3,0.8311754323159806,360918874289.0,1.485581129860256e-06,26.60835923112028,34.5637011949302,56.570596293897054,41.87941336230306,57.5384122020007,-58.12058663769694,False,True,False,207,184,3,2,0,7474148537.6,-1.0,0,1,-0.074337090364193,0
1750464000000,1.5349e-06,1.5529e-06,1.3985e-06,1.4208e-06,494018972233.0,2025-06-21,-0.074337090364193,-0.0772451390814566,0.074337090364193,0.0366324518141885,0.6998620092278046,0.040709299618145,0.7777500771590872,0.0434303239010118,0.8297351730905369,,,1.55428e-06,1.5240924395952744e-06,1.55265e-06,1.5388392004741651e-06,1.519065e-06,1.5223907067348415e-06,,1.4912839849848513e-06,,1.4786331943673318e-06,-0.1368165249088699,-13.681652490886997,-0.082289109934117,-8.228910993411706,-0.041618887015177,-4.161888701517705,24.958356468628537,49.98853473973859,47.2733012390498,1.5369989732828286e-06,1.5124409315727667e-06,2.4558041710061887e-08,3.305152149524039e-08,-8.493479785178504e-09,-0.5977955929883519,1.519065e-06,8.375823777239383e-08,1.6865814755447878e-06,1.3515485244552124e-06,0.2205520837420224,0.2067004911593676,1.5607142857142858e-07,10.98475707850708,1.3307857142857146e-07,9.366453507078509,1.289809523809524e-07,9.078051265551268,501676671889.75,0.9847357868407466,-133100097944.0,1.4849913053002487e-06,26.767186699837104,-64.12902703577784,54.602816909566,6.364155251141545,34.594678583623306,-93.63584474885846,False,True,False,207,184,3,2,0,7474148537.6,-1.0,0,1,-0.007671734234234173,0
1750550400000,1.4208e-06,1.456e-06,1.29e-06,1.4099e-06,974350432754.0,2025-06-22,-0.0076717342342341,-0.0077013133665901,0.0076717342342341,0.0376228078987463,0.7187827356565261,0.0386624022840303,0.7386441584997823,0.0434204919703953,0.8295473343198536,,,1.51772e-06,1.4860282928620387e-06,1.54567e-06,1.5153938301670747e-06,1.51501e-06,1.511579358846241e-06,,1.4875179388486855e-06,,1.4763997053857268e-06,-0.1147736548000251,-11.47736548000251,-0.0471717239981076,-4.717172399810769,-0.0543930248155599,-5.439302481555999,13.82163653079988,48.674090230742735,48.151125401929264,1.517437672777172e-06,1.5046356685151914e-06,1.28020042619807e-08,2.9001505150610265e-08,-1.6199500888629566e-08,-1.1489822603468025,1.51501e-06,8.708552904140313e-08,1.6891810580828063e-06,1.3408389419171936e-06,0.2299272718764976,0.19825641195213,1.5495714285714288e-07,10.990647766305614,1.4234285714285717e-07,10.095954120353015,1.314809523809524e-07,9.32555162642403,532043946755.75,1.8313344953839,-1107450530698.0,1.4810392236617038e-06,26.197009370554397,-125.7362433596475,47.90976086923286,26.12769666594031,24.79042175979497,-73.8723033340597,False,True,False,207,184,3,2,0,7474148537.6,-1.0,0,1,0.10929853181076665,1
1750636800000,1.4099e-06,1.5923e-06,1.323e-06,1.564e-06,987375737217.0,2025-06-23,0.1092985318107666,0.1037278622339409,0.1092985318107666,0.0694659042399174,1.3271442370489808,0.0526445644777079,1.0057729921320984,0.0495091201189349,0.9458704117674692,,,1.50296e-06,1.5120188619997397e-06,1.5511500000000002e-06,1.5242318952184457e-06,1.52074e-06,1.516613061337677e-06,,1.4910323389756833e-06,,1.479210602906804e-06,-0.0450604469410185,-4.506044694101846,0.0363106281473628,3.631062814736276,0.079067200220781,7.906720022078097,46.64013111683446,48.19835476769783,57.655795437145926,1.5246034673016066e-06,1.5091451736513975e-06,1.5458293650209075e-08,2.629280244444116e-08,-1.0834508794232082e-08,-0.692743529042972,1.52074e-06,8.630807366027463e-08,1.6933561473205493e-06,1.3481238526794506e-06,0.2270159886904393,0.6253069329593655,1.6861428571428568e-07,10.780964559736937,1.487571428571429e-07,9.51132626963829,1.4031904761904766e-07,8.97180611374985,566033790235.3,1.744375961736398,-120074793481.0,1.4815050301331362e-06,24.74501644873037,-24.257457507214514,50.52563406818697,59.70799738505119,30.733283100711017,-40.2920026149488,True,False,False,207,184,3,2,0,7474148537.6,-1.0,0,1,0.010166240409207106,1
1750723200000,1.564e-06,1.6332e-06,1.524e-06,1.5799e-06,560257383861.0,2025-06-24,0.0101662404092071,0.0101149117735468,0.0101662404092071,0.0682544543340707,1.3039995190954785,0.0526705242703561,1.00626895327426,0.049508870145145,0.9458656360249188,,,1.5019e-06,1.5346459080530564e-06,1.55724e-06,1.5343539119509055e-06,1.5265250000000002e-06,1.522685422630703e-06,,1.4950885470211728e-06,,1.4824022880983226e-06,-0.0033434266969468,-0.3343426696946874,0.0400921658986175,4.009216589861746,0.0790192596639802,7.901925966398019,42.724302588590085,46.035003017501495,55.737836107554415,1.5331129971308992e-06,1.5145098028228955e-06,1.860319430800348e-08,2.475485337922544e-08,-6.151659071221956e-09,-0.3893701545174983,1.5265250000000002e-06,8.619634791994881e-08,1.6989176958398978e-06,1.3541323041601023e-06,0.225862918510863,0.6548064427554676,1.637857142857143e-07,10.366840577613411,1.4640000000000001e-07,9.266409266409267,1.4283333333333336e-07,9.04065658164019,565790078567.5,0.9902212942289338,440182590380.0,1.4835964990617669e-06,23.134662210003206,53.75663405588591,49.56141720129485,63.17280453257788,49.66949952785646,-36.82719546742212,True,False,False,207,184,3,2,0,7474148537.6,-1.0,0,1,-0.044686372555224896,0
1750809600000,1.5799e-06,1.5958e-06,1.5009e-06,1.5093e-06,466964704479.0,2025-06-25,-0.0446863725552248,-0.0457155867134206,0.0446863725552248,0.0700371260354498,1.3380574141293418,0.0517261455097584,0.9882266223864326,0.0495456908061327,0.9465690937653586,,,1.49678e-06,1.5261972720221208e-06,1.54805e-06,1.5297984552357172e-06,1.532e-06,1.5214020089122992e-06,1.4708939999999998e-06,1.4957330611410432e-06,,1.4832448767757418e-06,-0.0166786109844288,-1.6678610984428826,-0.0573944541593803,-5.739445415938041,0.0782254607801116,7.822546078011158,40.87521038711228,47.5739054509168,51.05164024485952,1.5294485951982842e-06,1.514115484144005e-06,1.533311105427917e-08,2.2870478019532337e-08,-7.537366965253168e-09,-0.4993948827438658,1.532e-06,8.10472117121608e-08,1.6940944234243214e-06,1.3699055765756784e-06,0.2116115188307069,0.4299790840411053,1.4877142857142856e-07,9.856981950005204,1.4296428571428574e-07,9.47222458850366,1.4044761904761906e-07,9.30548062331008,553345746171.45,0.8438931856075289,-26782114099.0,1.4845049952822938e-06,21.835163077073812,7.429466122248571,49.84853164506006,47.78818914796254,56.88966368853054,-52.211810852037466,False,True,False,207,184,3,2,0,7474148537.6,-1.0,0,1,-0.036043198833896506,0
1750896000000,1.5093e-06,1.538e-06,1.42e-06,1.4549e-06,519446959436.0,2025-06-26,-0.0360431988338965,-0.0367087974440395,0.0360431988338965,0.0616671981063109,1.178150165570287,0.0511890256780361,0.977964962409864,0.0503835391197485,0.9625761633213232,0.0503090233513997,0.96115254156594,1.5036e-06,1.5024315146565657e-06,1.52894e-06,1.5161800651058897e-06,1.53437e-06,1.515029799516347e-06,1.471268e-06,1.4938925045248296e-06,,1.4823670702625906e-06,0.024000563063063,2.400056306306308,-0.1160996354799513,-11.609963547995138,0.0336767317939608,3.367673179396089,40.47619047619048,48.42559674961909,48.632679342474056,1.5179772921693154e-06,1.50964081358359e-06,8.336478585725364e-09,1.996364494260453e-08,-1.1627166356879165e-08,-0.7991728886438355,1.53437e-06,7.784471114103774e-08,1.6900594222820756e-06,1.3786805777179246e-06,0.2029359571447245,0.2447803491234696,1.4597142857142856e-07,10.033090148562,1.4484285714285717e-07,9.95551977062734,1.3182857142857145e-07,9.0610056655833,565570415131.35,0.9184478988621811,-546229073535.0,1.4842456108119664e-06,21.49885392185803,-63.24609336530871,49.27417450829837,35.93375463063849,48.9649161037263,-64.06624536936151,False,True,False,207,184,3,2,0,7474148537.6,-1.0,0,1,0.03732215272527317,1
1750982400000,1.4549e-06,1.5442e-06,1.449e-06,1.5092e-06,288089889528.0,2025-06-27,0.0373221527252731,0.0366425393688123,0.0373221527252731,0.0624129482808404,1.192397702649583,0.0526955377155664,1.006746834474006,0.0509575306543916,0.9735422561930942,0.0480487722204422,0.9179705043412656,1.52346e-06,1.504687676439283e-06,1.52059e-06,1.5149109250600873e-06,1.53878e-06,1.5144715140339318e-06,1.4695299999999998e-06,1.4945784728661008e-06,,1.483188876651697e-06,0.0704305269877296,7.043052698772965,-0.052426696804169,-5.242669680416897,0.0620689655172415,6.206896551724142,62.270960577457,50.0,52.243397358943575,1.5166267115536197e-06,1.5096075527332694e-06,7.019158820350068e-09,1.7374724069953046e-08,-1.0355565249602978e-08,-0.6861625529819094,1.53878e-06,7.345890078991916e-08,1.685697801579838e-06,1.3918621984201616e-06,0.190953614655556,0.3993314639821731,1.4385714285714284e-07,9.532013176328045,1.4465e-07,9.584548104956268,1.3205238095238097e-07,8.749826461196724,569150211876.4,0.5061754937738006,-258139184007.0,1.4844196665980098e-06,20.85338837957986,-39.153722909896416,53.63582053522714,47.766397908040986,43.82944722888067,-52.23360209195902,True,False,False,207,184,3,2,0,7474148537.6,-1.0,0,1,0.018155314073681428,1
1751068800000,1.5092e-06,1.565e-06,1.482e-06,1.5366e-06,261946802847.0,2025-06-28,0.0181553140736814,0.0179924743433791,0.0181553140736814,0.0356243539307287,0.6806023262069903,0.0520944965568766,0.9952639592604404,0.0510460624532572,0.9752336538355167,0.0470095368468691,0.8981159404071165,1.51798e-06,1.5153251176311315e-06,1.51047e-06,1.5188544880574255e-06,1.54396e-06,1.5165895144249233e-06,1.4706000000000002e-06,1.4964510850374394e-06,,1.484807169970706e-06,-0.0175191815856776,-1.7519181585677712,-0.0617902063744046,-6.179020637440467,0.0722958827634332,7.229588276343332,66.81709583222724,51.06024096385541,52.69064962093058,1.519699964108571e-06,1.511641417404608e-06,8.058546703962677e-09,1.5511474981047e-08,-7.452928277084324e-09,-0.4850272209478278,1.54396e-06,6.913247694406067e-08,1.6822249538881214e-06,1.4056950461118788e-06,0.1791043212105511,0.4733844340411977,1.3365714285714284e-07,8.698239155091946,1.4486428571428573e-07,9.427585950428591,1.332714285714286e-07,8.673137353340401,572183412719.2,0.4578021610276054,3807618840.0,1.4848310890847628e-06,19.711100459193037,-14.799154334038056,53.43412062923462,53.737197646546086,45.812450061741856,-46.26280235345391,True,False,False,207,184,3,2,0,7474148537.6,-1.0,0,1,-0.04073929454640113,0
1751155200000,1.5366e-06,1.555e-06,1.3818e-06,1.474e-06,881779303374.0,2025-06-29,-0.0407392945464011,-0.0415923896842526,0.0407392945464011,0.0381026893920391,0.7279508587128443,0.0526585069317368,1.006039362342308,0.0450947196696858,0.8615334096028752,0.0473896381517114,0.9053777656397376,1.4968e-06,1.501550078416487e-06,1.49935e-06,1.5106989661414978e-06,1.537905e-06,1.5125150502966903e-06,1.47028e-06,1.495455915318134e-06,,1.4844831270359091e-06,-0.0670295588328374,-6.702955883283747,-0.070148877113298,-7.014887711329807,-0.0759200050153595,-7.592000501535953,34.221598877980355,42.15202369200394,52.761238463828526,1.512668350595178e-06,1.5088087717792278e-06,3.8595788159502144e-09,1.3181082124535742e-08,-9.321503308585529e-09,-0.6323950684250698,1.537905e-06,6.971842975403598e-08,1.677341859508072e-06,1.3984681404919282e-06,0.1813335147594576,0.2708461011476643,1.3468571428571426e-07,9.137429734444655,1.4482142857142858e-07,9.825062996704789,1.3979047619047618e-07,9.483750080765004,590638035648.75,1.4929267167927371,-877971684534.0,1.484381163760962e-06,18.89966471049279,-78.44070162083284,44.49766312258443,40.095881455654826,47.19982567008063,-59.90411854434517,False,True,False,207,184,3,2,0,7474148537.6,-1.0,0,1,-0.06743554952510178,0
1751241600000,1.474e-06,1.474e-06,1.369e-06,1.3746e-06,565295305824.0,2025-06-30,-0.0674355495251017,-0.0698170140617771,0.0674355495251017,0.0437433886024292,0.835716265813013,0.0557166669192693,1.0644654268675766,0.0465096529925311,0.8885656727796015,0.048228740455982,0.9214087926535244,1.4698600000000005e-06,1.459233385602252e-06,1.48332e-06,1.4859533012435757e-06,1.524355e-06,1.499326632389132e-06,1.468734e-06,1.490126078110343e-06,,1.481221592956184e-06,-0.0892466706420196,-8.924667064201959,-0.1044367711251547,-10.443677112515472,-0.1646815751093826,-16.468157510938262,22.15893680499052,34.31213872832369,48.85389813976171,1.491424893494697e-06,1.4987209989175388e-06,-7.296105422842101e-09,9.085625461406993e-09,-1.6381730884249094e-08,-1.1917452993051867,1.524355e-06,7.389565527431962e-08,1.6721463105486392e-06,1.3765636894513608e-06,0.1939066825623155,-0.006643453678268,1.1121428571428573e-07,8.090665336409554,1.399142857142857e-07,10.178545446987176,1.3624285714285718e-07,9.9114547608655,583745795818.4,0.9683929372569908,-1443266990358.0,1.4828564244318309e-06,18.53414376258048,-139.41237254099144,37.66076737562889,20.142857142857142,37.991978748352686,-79.85714285714286,False,True,False,207,184,3,2,0,7474148537.6,-1.0,0,1,-0.014767932489451407,0
1751328000000,1.3746e-06,1.41e-06,1.3256e-06,1.3543e-06,506935778334.0,2025-07-01,-0.0147679324894514,-0.0148780640261791,0.0147679324894514,0.0425369844923508,0.8126679476523062,0.0510117039566135,0.9745772356788204,0.044968624806751,0.859124370629059,0.048273218298809,0.9222585406475958,1.44974e-06,1.4242555903966851e-06,1.47667e-06,1.4620160221239582e-06,1.51466e-06,1.4854635473941314e-06,1.46685e-06,1.4841651648845575e-06,,1.4774911817143591e-06,-0.0691456457488486,-6.914564574884867,-0.046804617117117,-4.680461711711706,-0.1252422167678594,-12.52422167678594,25.65954773869348,35.67307692307692,47.68740031897927,1.470326930444315e-06,1.4878774533693437e-06,-1.7550522925028733e-08,3.7583758525127434e-09,-2.1308898777541477e-08,-1.5734252955431935,1.51466e-06,8.278731405487848e-08,1.6802346281097571e-06,1.349085371890243e-06,0.21862943249278,0.0157470627272085,1.0767142857142857e-07,7.950338076602565,1.3572857142857142e-07,10.022046180947456,1.3349047619047618e-07,9.856787727274323,584096911333.8,0.8678966940201744,-1950202768692.0,1.48080998875403e-06,18.824377235897355,-164.58054226475255,39.13669019221968,15.309523809523853,25.18275413601194,-84.69047619047615,False,True,False,207,184,3,2,0,7474148537.6,-1.0,0,1,-0.0037657830613602172,0
1751414400000,1.3543e-06,1.4186e-06,1.325e-06,1.3492e-06,724231976710.0,2025-07-02,-0.0037657830613602,-0.0037728914738305,0.0037657830613602,0.0332128379442902,0.634530377976103,0.0509923547645069,0.974207569882674,0.0440448193851093,0.8414750928300967,0.0470707884282781,0.8992861502268333,1.4177399999999998e-06,1.3992370602621606e-06,1.4706e-06,1.44150379707064e-06,1.508135e-06,1.4724427061683448e-06,1.46272e-06,1.478269570457464e-06,,1.473756331535635e-06,-0.1060164325470448,-10.60164325470449,-0.0430526987729626,-4.30526987729627,-0.0881935527471785,-8.819355274717852,30.3604607952434,31.780303030303017,47.08054626532886,1.4516906535758495e-06,1.477475643283666e-06,-2.57849897078162e-08,-2.1503149451825366e-09,-2.3634674762633663e-08,-1.7517547259586173,1.508135e-06,9.047370816110657e-08,1.6890824163222132e-06,1.327187583677787e-06,0.2399618287782103,0.060825450756963,1.074857142857143e-07,7.966625725297531,1.281285714285714e-07,9.496632925331411,1.3113809523809526e-07,9.719692798554346,599974919242.45,1.2071037529776103,-2674434745402.0,1.4780280673022816e-06,19.79674358356636,-140.87148010287498,35.168292815061065,15.999999999999998,17.150793650793663,-84.0,True,True,False,207,184,3,2,0,7474148537.6,-1.0,0,1,-0.013785947227986872,0
1751500800000,1.3492e-06,1.389e-06,1.305e-06,1.3306e-06,374774183775.0,2025-07-03,-0.0137859472279868,-0.0138818558797079,0.0137859472279868,0.0258931818338344,0.4946885443389668,0.0321989278625236,0.6151596530625535,0.0437369646450715,0.835593536280019,0.0468569927556184,0.8952015896358365,1.37654e-06,1.3763580401733736e-06,1.44726e-06,1.4213392925527907e-06,1.499205e-06,1.4588930527847029e-06,1.459314e-06,1.471847702119165e-06,,1.469627166601464e-06,-0.1340622152804894,-13.40622152804894,-0.14923273657289,-14.923273657288998,-0.1183408428306388,-11.83408428306388,11.739502999143085,33.20580474934036,39.76155454052798,1.4330601680447716e-06,1.4664691803960786e-06,-3.340901235130696e-08,-8.402069396385262e-09,-2.50069429549217e-08,-1.8793734371653164,1.499205e-06,9.879457408390949e-08,1.6967941481678188e-06,1.301615851832181e-06,0.2635919012647622,0.0733444838357261,1.0262857142857142e-07,7.712954413690923,1.243e-07,9.341650383285735,1.307714285714286e-07,9.828004552189132,594408051465.05,0.6304998440907491,-3049208929177.0,1.4763626094611124e-06,19.538851137366112,-141.22511540038133,35.84178244315902,11.82983682983685,14.3797868797869,-88.17016317016315,False,True,False,207,184,3,2,0,7474148537.6,-1.0,0,1,0.014579888771982574,1
1751587200000,1.3306e-06,1.3545e-06,1.27e-06,1.35e-06,364550479278.0,2025-07-04,0.0145798887719825,0.014474624124688,0.0145798887719825,0.030542939616438,0.5835220420437298,0.0326182407945803,0.6231706153812349,0.0438896221195196,0.8385100532342431,0.0463439693520688,0.8854002912731083,1.35174e-06,1.3675720267818908e-06,1.42427e-06,1.4083684185246267e-06,1.490755e-06,1.4484939379823612e-06,1.45784e-06,1.4665713205093088e-06,,1.466207589948486e-06,-0.084124830393487,-8.412483039348711,-0.1455155389581618,-14.551553895816186,-0.1112574061882817,-11.125740618828177,8.606921029281267,37.28510521248796,38.27542440107885,1.4202810107488317e-06,1.4577488230438346e-06,-3.746781229500292e-08,-1.4215229111910472e-08,-2.325258318309245e-08,-1.7224135691179594,1.490755e-06,1.0409743146131e-07,1.69894986292262e-06,1.28256013707738e-06,0.2793146599174512,0.1619633212268197,1.011e-07,7.488888888888889,1.224785714285714e-07,9.072486772486773,1.3013333333333336e-07,9.639506172839509,597548489465.95,0.6100768150277002,-2684658449899.0,1.4745852383800729e-06,19.574967056536792,-132.95661823282373,36.34906651927267,22.026431718061684,16.618756182632843,-77.97356828193831,False,True,False,207,184,3,2,0,7474148537.6,-1.0,0,1,0.002962962962963056,1
1751673600000,1.35e-06,1.4088e-06,1.2908e-06,1.354e-06,305301273037.0,2025-07-05,0.002962962962963,0.0029585820397452,0.002962962962963,0.0122475178122873,0.2339884992584857,0.0312712271197327,0.5974359552575292,0.0417007774405509,0.7966922343593057,0.0463026519568255,0.8846109235453442,1.34762e-06,1.363048017854471e-06,1.40874e-06,1.3984831931788586e-06,1.4783950000000002e-06,1.4394722645252332e-06,1.4568399999999998e-06,1.461716478539791e-06,,1.463028031043879e-06,-0.0149861777971772,-1.4986177797177254,-0.1028953819651494,-10.289538196514942,-0.1543842118411191,-15.438421184111911,14.028776978417298,44.586709886547816,41.68094585332419,1.410083479842496e-06,1.4499870711099604e-06,-3.990359126746445e-08,-1.9352909416493424e-08,-2.0550681850971032e-08,-1.5177756167630003,1.4783950000000002e-06,1.0496557568530453e-07,1.6883261513706092e-06,1.2684638486293912e-06,0.2839987302048627,0.2037242943987974,1.061e-07,7.836041358936484,1.1987857142857142e-07,8.853661109938805,1.3194285714285713e-07,9.74467187170289,579044361947.75,0.527250230034273,-2379357176862.0,1.4733849921021936e-06,19.365777533223845,-99.80087614496227,41.03396229300967,23.127753303964795,18.99467395062111,-76.8722466960352,True,False,False,207,184,3,2,0,7474148537.6,-1.0,0,1,-0.014697193500738615,0
1751760000000,1.354e-06,1.365e-06,1.3e-06,1.3341e-06,204708397273.0,2025-07-06,-0.0146971935007386,-0.0148062672874599,0.0146971935007386,0.0122304901261284,0.2336631857711939,0.0300264207177097,0.5736539623393806,0.0408715653473774,0.780850159563219,0.0462386650715243,0.8833884558181423,1.34358e-06,1.3533986785694724e-06,1.39666e-06,1.3867771015290462e-06,1.4628000000000002e-06,1.4294143667797707e-06,1.45607e-06,1.4562342286544994e-06,,1.459405590489472e-06,-0.0149154544783283,-1.4915454478328312,-0.0830297614956354,-8.302976149563541,-0.1894896719319562,-18.94896719319562,26.80412371134028,43.945686900958464,43.4918648310388,1.3983932749484363e-06,1.441323622363946e-06,-4.293034741550938e-08,-2.406840279747468e-08,-1.88619446180347e-08,-1.4138328924394497,1.4628000000000002e-06,1.018779455499261e-07,1.6665558910998523e-06,1.259044108900148e-06,0.2785833895267326,0.1841809105363986,9.064285714285717e-08,6.794307558867936,1.126642857142857e-07,8.444965573366742,1.2676190476190476e-07,9.501679391492749,559601597612.75,0.3658109593437227,-2584065574135.0,1.4724754804495745e-06,19.181094351173112,-103.30167995150504,45.403032269330936,17.64867841409695,20.934287812041145,-82.35132158590305,False,False,True,207,184,3,2,0,7474148537.6,-1.0,0,1,-0.02173750093696125,0
1751846400000,1.3341e-06,1.352e-06,1.2885e-06,1.3051e-06,237272360530.0,2025-07-07,-0.0217375009369612,-0.0219772410112784,0.0217375009369612,0.0148859287577826,0.2843952695955936,0.0255483036916872,0.4880996566847584,0.0406288157657194,0.7762124353175117,0.0462458402983547,0.8835255383342572,1.33476e-06,1.3372991190461205e-06,1.3762500000000002e-06,1.371926660761186e-06,1.44842e-06,1.4175509515563484e-06,1.454142e-06,1.4497658962686192e-06,,1.4551057917914786e-06,-0.0326860361695818,-3.268603616958192,-0.1352372117678241,-13.523721176782406,-0.1805738682740001,-18.057386827400013,24.37500000000001,24.1565182671192,40.87290939987478,1.384040007581078e-06,1.4311468171366284e-06,-4.7106809555550456e-08,-2.8676088668294986e-08,-1.8430720887255473e-08,-1.4122075616623608,1.44842e-06,1.0287007441684067e-07,1.6541601488336814e-06,1.2426798511663188e-06,0.2840890747624049,0.1516965677033245,8.47142857142857e-08,6.491018750615715,9.796428571428572e-08,7.506266624341867,1.215142857142857e-07,9.310726052738158,533908346850.95,0.444406538930246,-2821337934665.0,1.4713029789641876e-06,21.57531986412553,-104.10569911403542,34.82886252528846,9.66409691629958,16.81350954478711,-90.33590308370042,False,True,False,207,184,3,2,0,7474148537.6,-1.0,0,1,0.03187495211094937,1
1751932800000,1.3051e-06,1.362e-06,1.2701e-06,1.3467e-06,264846290363.0,2025-07-08,0.0318749521109493,0.0313774892825141,0.0318749521109493,0.0217495925019303,0.4155253813066166,0.0277479617412786,0.5301240647153692,0.0408088426002711,0.7796518431623197,0.0457743471078302,0.8745176735773068,1.33798e-06,1.3404327460307722e-06,1.35726e-06,1.3673399803417852e-06,1.4338649999999998e-06,1.4107908934549907e-06,1.454596e-06,1.4453705689402908e-06,,1.4521091760215386e-06,0.0120998045994287,1.2099804599428785,-0.123584537290121,-12.35845372901211,-0.1777384296006838,-17.773842960068386,49.05660377358491,27.857956703380182,42.50804417775458,1.3782952366538225e-06,1.424842069568486e-06,-4.654683291466339e-08,-3.2250240321982864e-08,-1.4296592592680528e-08,-1.0616018855484168,1.4338649999999998e-06,9.49537298677071e-08,1.623772459735414e-06,1.2439575402645856e-06,0.2648888978187128,0.2705066453907571,8.578571428571429e-08,6.370068633378947,9.672857142857143e-08,7.182636921999809,1.1908095238095237e-07,8.842426106850253,492714571829.15,0.5375247770322411,-2556491644302.0,1.4701060266018317e-06,25.46940181786046,-86.49988010550715,30.699484571790503,23.542050337630453,16.951608556008996,-76.45794966236956,True,True,False,207,184,3,2,0,7474148537.6,-1.0,0,1,-0.012252171975941195,0
1752019200000,1.3467e-06,1.353e-06,1.28e-06,1.3302e-06,388089576961.0,2025-07-09,-0.0122521719759411,-0.0123278486056753,0.0122521719759411,0.0213604493917131,0.4080908126248588,0.0259600226235287,0.4959655358330418,0.0404557448523735,0.7729059201607453,0.0457261533041399,0.8735969322506261,1.33402e-06,1.3370218306871632e-06,1.34288e-06,1.3605872387837958e-06,1.421115e-06,1.4031028642169196e-06,1.4552140000000002e-06,1.4404758177343766e-06,,1.4487655082339408e-06,-0.0146666666666667,-1.466666666666667,-0.0975576662143826,-9.755766621438264,-0.1608629825889478,-16.086298258894782,49.84662576687116,31.04761904761904,37.50230584762959,1.370895801225996e-06,1.4177802840590482e-06,-4.688448283305221e-08,-3.517709066141046e-08,-1.1707392171641743e-08,-0.880122701221,1.421115e-06,9.058317070951697e-08,1.602281341419034e-06,1.239948658580966e-06,0.2549636608142677,0.249084186146599,8.284285714285714e-08,6.227849732585861,9.516428571428572e-08,7.1541336426316136,1.1303333333333333e-07,8.49746905227284,489274609423.05,0.7931937801118132,-2944581221263.0,1.4683252119996097e-06,29.280458451380728,-83.34305539352124,31.46286135742885,20.40677966101697,17.870975638315667,-79.59322033898304,False,False,True,207,184,3,2,0,7474148537.6,-1.0,0,1,0.03157419936851591,1
1752105600000,1.3302e-06,1.39e-06,1.2812e-06,1.3722e-06,535768977635.0,2025-07-10,0.0315741993685159,0.0310859844064695,0.0315741993685159,0.0264952815972757,0.5061916441679108,0.0197069146855801,0.3765000764210122,0.0409715995258814,0.7827613098600755,0.0459214777328466,0.8773286002213997,1.33766e-06,1.3487478871248176e-06,1.34264e-06,1.362698654482922e-06,1.41298e-06,1.400155326822891e-06,1.4567020000000002e-06,1.437583593302908e-06,,1.4466813978223837e-06,0.0134416543574593,1.3441654357459294,-0.001745962461807,-0.1745962461807048,-0.1060003909049449,-10.60003909049449,57.2549019607843,41.01282329928276,37.34048455705566,1.3710964510517438e-06,1.414381119781011e-06,-4.328466872926714e-08,-3.6798607089255694e-08,-6.4860616400114566e-09,-0.4726761142698919,1.41298e-06,8.70640997982764e-08,1.5871081995965528e-06,1.238851800403447e-06,0.2464694469795084,0.3829023670649401,8.63857142857143e-08,6.295417161180171,9.45071428571429e-08,6.887271742977909,1.1166190476190477e-07,8.137436580812182,495300239272.45,1.0817054690342869,-2408812243628.0,1.4663693608728982e-06,31.318118115513037,-56.005542253750974,40.46067117318516,34.64406779661017,26.197632598419197,-65.35593220338983,True,False,False,207,184,3,2,0,7474148537.6,-1.0,0,1,0.09167759801778175,1
1752192000000,1.3722e-06,1.7e-06,1.3451e-06,1.498e-06,1063355120221.0,2025-07-11,0.0916775980177817,0.0877155938203744,0.0916775980177817,0.0450153335447496,0.8600167398155381,0.034236427440034,0.6540860278340314,0.0429130106995856,0.8198519182544526,0.0449929059055567,0.8595882603703904,1.37044e-06,1.398498591416664e-06,1.3570100000000002e-06,1.387298942676446e-06,1.41684e-06,1.4094864912145734e-06,1.45779e-06,1.4401348618246214e-06,,1.448068002536911e-06,0.1228543587437223,12.285435874372236,0.1061064756700878,10.610647567008783,0.0543355855855856,5.433558558558564,76.2008733624454,48.94657637321295,45.89652482884132,1.3906203918177631e-06,1.42061390039017e-06,-2.9993508572406965e-08,-3.543758683911714e-08,5.444078266710185e-09,0.3634231152677026,1.41684e-06,8.911620090173232e-08,1.5950724018034649e-06,1.2386075981965353e-06,0.2515914313591721,0.727680262339433,1.2501428571428572e-07,8.34541293152775,1.1305714285714288e-07,7.547205798207133,1.2332380952380954e-07,8.232564053658848,523767046671.85,2.030206228089054,-1345457123407.0,1.4678670043953826e-06,32.78706532021449,85.80192266221738,47.96153296078251,53.02325581395352,36.02470109052688,-46.97674418604648,True,False,False,207,184,3,2,0,7474148537.6,-1.0,0,1,-0.046128170894526144,0
1752278400000,1.498e-06,1.524e-06,1.4e-06,1.4289e-06,428020901971.0,2025-07-12,-0.0461281708945261,-0.0472259676022405,0.0461281708945261,0.0520184463563452,0.9938110222193705,0.0385646654777473,0.7367768994375788,0.0442798030634806,0.8459644497018363,0.0431385394139918,0.8241606382932708,1.3952e-06,1.4086323942777922e-06,1.36498e-06,1.3948627822374478e-06,1.41779e-06,1.4113376627363393e-06,1.4603680000000002e-06,1.4396618601075311e-06,,1.447553803301966e-06,0.0948586315224886,9.48586315224887,0.0590720426919657,5.907204269196566,0.0134761330590822,1.3476133059082165,64.62962962962962,40.607012035583466,41.132523983360215,1.396509643434337e-06,1.4212312429620874e-06,-2.4721599527750498e-08,-3.3294388688046496e-08,8.572789160295991e-09,0.5999572510529771,1.41779e-06,8.913959425057933e-08,1.5960691885011586e-06,1.2395108114988413e-06,0.2514888502544927,0.5311589930754252,1.258714285714286e-07,8.808973935994722,1.1598571428571428e-07,8.11713305939634,1.218761904761905e-07,8.529371577870425,496450570132.7,0.8621621722714329,-1773478025378.0,1.4676573746043704e-06,34.18828018842671,28.75050216457528,42.673338657313046,36.95348837209303,41.54027066088557,-63.046511627906966,False,False,True,207,184,3,2,0,7474148537.6,-1.0,0,1,0.04087059976205465,1
1752364800000,1.4289e-06,1.522e-06,1.4005e-06,1.4873e-06,475063291713.0,2025-07-13,0.0408705997620546,0.0400574781236277,0.0408705997620546,0.0527109225602342,1.007040761518678,0.0392518459720728,0.7499054643477366,0.0376685556624664,0.7196567454551939,0.0434484500459673,0.8300814726036686,1.42332e-06,1.434854929518556e-06,1.38065e-06,1.4116695690226054e-06,1.4139550000000002e-06,1.4185801919467303e-06,1.463756e-06,1.441661714599308e-06,,1.4486125945721665e-06,0.1044033563525654,10.440335635256552,0.1177664211633848,11.776642116338486,-0.0490409207161125,-4.904092071611256,75.77815506508205,51.16851168511685,45.864661654135325,1.410477553410154e-06,1.4261514774504234e-06,-1.5673924040269403e-08,-2.9770294852411e-08,1.4096370812141597e-08,0.9477826136046258,1.4139550000000002e-06,8.402117825130078e-08,1.5819973565026018e-06,1.2459126434973983e-06,0.2376912369949561,0.718233668958529,1.3394285714285717e-07,9.005772684922825,1.1229285714285717e-07,7.550114781339149,1.1975714285714286e-07,8.051982979704354,470834947857.5,1.0089805225265047,-1298414733665.0,1.4676882825600637e-06,36.32538093262617,46.46009960732418,53.30052460898473,50.53488372093023,46.83720930232559,-49.465116279069775,False,False,True,207,184,3,2,0,7474148537.6,-1.0,0,1,0.021784441605594118,1
1752451200000,1.4873e-06,1.536e-06,1.4502e-06,1.5197e-06,588765819764.0,2025-07-14,0.0217844416055941,0.0215505513410073,0.0217844416055941,0.0494137450954037,0.9440482745013844,0.039372992080525,0.7522199574999164,0.0379520203135313,0.7250723300097193,0.0433110922528467,0.8274572556507857,1.46122e-06,1.4631366196790574e-06,1.39762e-06,1.4313114846107365e-06,1.410945e-06,1.4282203092409178e-06,1.466904e-06,1.4449287391823765e-06,,1.450493419384846e-06,0.1424597804841376,14.245978048413775,0.1257037037037036,12.570370370370371,-0.0381036774479396,-3.810367744793966,75.13073794305636,64.44931288587932,49.34808715045463,1.42728117246383e-06,1.433115402114328e-06,-5.834229650497781e-09,-2.4983080827355543e-08,1.9148851176857763e-08,1.2600415329905748,1.410945e-06,7.867142512741821e-08,1.5682878502548365e-06,1.2536021497451637e-06,0.2230318690733322,0.8455987984959528,1.371285714285715e-07,9.02339747506557,1.109214285714286e-07,7.298902978971415,1.1101904761904765e-07,7.3053265525464,472260369652.65,1.2466974948523424,-709648913901.0,1.468255655724714e-06,37.85732788345469,81.64698155299128,62.53166399701175,58.06976744186048,48.51937984496124,-41.93023255813952,True,False,False,207,184,3,2,0,7474148537.6,-1.0,0,1,0.03605974863459882,1
1752537600000,1.5197e-06,1.58e-06,1.4512e-06,1.5745e-06,520414705672.0,2025-07-15,0.0360597486345988,0.0354248146015197,0.0360597486345988,0.0495364273852731,0.9463921163583314,0.0398615735051809,0.7615542925115479,0.0373799671105126,0.7141432689116355,0.0430811825488156,0.8230648369227044,1.50168e-06,1.5002577464527225e-06,1.41967e-06,1.4573457807914537e-06,1.414205e-06,1.4421643496121855e-06,1.469828e-06,1.4503388302443512e-06,,1.453752681994278e-06,0.1474274887042705,14.742748870427048,0.1628508124076808,16.285081240768083,0.0431988338965081,4.319883389650819,81.9346405228758,70.51807677972417,56.94532309082693,1.4499304118736458e-06,1.4436364631627092e-06,6.293948710936683e-09,-1.872767389036704e-08,2.5021622601303722e-08,1.5891789521310713,1.414205e-06,8.412354620625435e-08,1.5824520924125086e-06,1.2459579075874911e-06,0.2379387605227088,0.9763678162324144,1.4240000000000006e-07,9.044140997141954,1.1409285714285717e-07,7.246291339654312,1.1195238095238097e-07,7.110344931875577,474932869712.3,1.0957647677391786,-189234208229.0,1.4692214344764364e-06,40.6980314015887,111.79715305177936,70.50872872234977,70.81395348837208,59.80620155038759,-29.18604651162792,True,False,False,207,184,3,2,0,7474148537.6,-1.0,0,1,0.010352492854874606,1
1752624000000,1.5745e-06,1.72e-06,1.564e-06,1.5908e-06,923282637310.0,2025-07-16,0.0103524928548746,0.0102992727924562,0.0103524928548746,0.034957077924309,0.6678540360043259,0.0384883972606125,0.7353197971951483,0.0362671900581079,0.6928836931761971,0.0418562159767203,0.799661883423111,1.52024e-06,1.530438497635158e-06,1.44534e-06,1.4816102000348909e-06,1.421e-06,1.456331746365896e-06,1.470962e-06,1.4561887685211873e-06,,1.457331499736667e-06,0.0619492656875835,6.194926568758343,0.1924143617419984,19.24143617419984,0.0934084816825899,9.34084816825899,80.63340807174887,72.05184373859073,58.13472434571454,1.471602809242409e-06,1.4545838344084378e-06,1.7018974833971077e-08,-1.1578343204358916e-08,2.859731803832999e-08,1.797668973996102,1.421e-06,9.264105035310393e-08,1.6062821007062078e-06,1.2357178992937922e-06,0.2607770594035296,0.9582201932966076,1.5425714285714288e-07,9.69682819066777,1.1855000000000001e-07,7.45222529544883,1.1486190476190477e-07,7.220386268663864,495124653606.0,1.8647478581115264,734048429081.0,1.4731054783435018e-06,43.23375678986347,166.88502457457454,72.0688919511752,71.2888888888889,66.72420327304049,-28.71111111111109,True,False,False,207,184,3,2,0,7474148537.6,-1.0,0,1,0.02464168971586611,1
1752710400000,1.5908e-06,1.71e-06,1.52e-06,1.63e-06,781404371595.0,2025-07-17,0.0246416897158661,0.0243429804672723,0.0246416897158661,0.0120834846342691,0.230854649792712,0.0358148643521577,0.6842420226978629,0.0357817378543176,0.6836091418452614,0.0417468271415746,0.7975720126620595,1.56046e-06,1.5636256650901124e-06,1.47783e-06,1.5085901779943416e-06,1.42704e-06,1.4728838635869374e-06,1.473764e-06,1.4634101077414752e-06,,1.461812238359725e-06,0.1407376303450207,14.07376303450207,0.248946440885756,24.894644088575596,0.0800424065730187,8.00424065730188,74.42635085122129,76.33708655876143,53.309929789368105,1.4959717534296535e-06,1.4676287846284029e-06,2.834296880125084e-08,-3.5940799623959054e-09,3.193704876364674e-08,1.9593281450090023,1.42704e-06,1.0214464666396025e-07,1.6313292933279203e-06,1.2227507066720794e-06,0.2863119370556122,0.9967465418616273,1.6585714285714285e-07,10.175284837861524,1.2612142857142858e-07,7.737510955302366,1.1829047619047619e-07,7.257084428863569,519790377709.35,1.503306727297549,1515452800676.0,1.4761424185964163e-06,45.22667693254416,146.34146341463392,66.80388655902897,80.0,74.03428079242032,-19.99999999999999,False,True,False,207,184,3,2,0,7474148537.6,-1.0,0,1,0.010490797546012232,1
1752796800000,1.63e-06,1.7058e-06,1.602e-06,1.6471e-06,619861134490.0,2025-07-18,0.0104907975460122,0.010436150987822,0.0104907975460122,0.0107694903760775,0.2057508247384582,0.0358674648630627,0.6852469540476693,0.0356682173301429,0.6814403352761434,0.0415977373177568,0.7947236555774224,1.59242e-06,1.591450443393412e-06,1.50787e-06,1.5337737929388452e-06,1.432565e-06,1.489487024531728e-06,1.477588e-06,1.4710241250700091e-06,,1.4665910660812576e-06,0.1074430175485781,10.744301754857808,0.2230637855498627,22.306378554986274,0.0719120135363791,7.191201353637905,100.0,76.2409468291821,53.36605890603086,1.5192223704555731e-06,1.4809714001848657e-06,3.825097027070785e-08,4.774930789312605e-09,3.3476039481395245e-08,2.032423015080763,1.432565e-06,1.109882747481867e-07,1.6545415494963736e-06,1.2105884505036269e-06,0.3099008414925305,0.9832379827660688,1.299857142857143e-07,7.891792501105839,1.275e-07,7.740877906623762,1.1870000000000001e-07,7.206605549146985,537686094291.5,1.1528308823139284,2135313935166.0,1.4789740656049056e-06,47.72155863045431,153.6795402539782,72.83405957206698,83.79639919982219,78.36176269623702,-16.203600800177806,False,False,True,207,184,3,2,0,7474148537.6,-1.0,0,1,0.05282010806872672,1
1752883200000,1.6471e-06,1.757e-06,1.612e-06,1.7341e-06,579801996102.0,2025-07-19,0.0528201080687267,0.0514723810158733,0.0528201080687267,0.018054993954304,0.3449401751635111,0.0350772718450537,0.6701503376358978,0.0356161920281314,0.6804463932768172,0.0410469960495045,0.7842017584213481,1.6353e-06,1.6390002955956126e-06,1.54826e-06,1.5701967526270124e-06,1.4455700000000002e-06,1.5127976593479662e-06,1.48499e-06,1.481904408003472e-06,,1.4734494141774166e-06,0.1410804764098177,14.108047640981775,0.3036385505938956,30.36385505938957,0.1764586160108547,17.645861601085485,100.0,79.27900169465411,61.07825744135619,1.5522806087349132e-06,1.499784924370736e-06,5.24956843641773e-08,1.4319082147560072e-08,3.817660221661723e-08,2.2015225313775,1.4455700000000002e-06,1.2975147134344766e-07,1.7050729426868955e-06,1.1860670573131049e-06,0.3590319980172461,1.0559281852694196,1.329857142857143e-07,7.668860751151277,1.2942857142857145e-07,7.463731701088257,1.2165238095238096e-07,7.0153036706292,522587228927.9,1.109483668958917,2715115931268.0,1.4822757300411042e-06,51.66811858927544,158.98524560762505,74.18232967476003,95.29677551858695,86.36439157280306,-4.703224481413025,True,False,False,207,184,3,2,0,7474148537.6,-1.0,0,1,0.15333602445072358,1
1752969600000,1.7341e-06,2.2657e-06,1.71e-06,2e-06,1699994231975.0,2025-07-20,0.1533360244507235,0.1426586337375786,0.1533360244507235,0.0601283920259436,1.148751316684047,0.053156064179859,1.0155451802204818,0.0439874344606148,0.8403787553870066,0.0456062636311344,0.8713064432639505,1.7204e-06,1.7593335303970824e-06,1.6110400000000002e-06,1.6483428203362493e-06,1.4768399999999998e-06,1.5592233993957712e-06,1.49626e-06,1.5032859822719391e-06,,1.486870703045767e-06,0.2702445220704985,27.02445220704986,0.4575134819997084,45.75134819997085,0.4549687181725592,45.49687181725593,100.0,87.19696123338173,72.2290188402251,1.6211607644246102e-06,1.536953609501681e-06,8.42071549229293e-08,2.8296697456305438e-08,5.591045746662387e-08,2.7955228733311936,1.4768399999999998e-06,1.781000706285508e-07,1.8330401412571013e-06,1.1206398587428982e-06,0.4823814919112452,1.2343624263506237,1.950142857142858e-07,9.750714285714288,1.644785714285715e-07,8.223928571428573,1.398666666666667e-07,6.993333333333335,579322175235.45,2.934453926753421,4415110163243.0,1.503564476412553e-06,57.32311716725964,254.43177290511355,81.51988826489163,73.31257533145839,84.13525001662252,-26.687424668541603,True,False,False,207,184,3,2,0,7474148537.6,-1.0,0,1,0.13240000000000007,1
1753056000000,2e-06,2.4e-06,1.993e-06,2.2648e-06,1183756075370.0,2025-07-21,0.1324,0.1243392742556075,0.1324,0.0644598576734668,1.2315038516864316,0.0588451903577115,1.124235783234943,0.0498236355146271,0.9518792199651488,0.0487994020391053,0.9323112668908377,1.8552e-06,1.927822353598062e-06,1.68772e-06,1.7604259705878615e-06,1.522365e-06,1.6264546040988003e-06,1.511906e-06,1.534648911203574e-06,,1.506587273388599e-06,0.4236861956248428,42.36861956248427,0.511882510013351,51.1882510013351,0.672303034778114,67.23030347781139,100.0,92.43080732160226,76.29820409299734,1.7201824885875095e-06,1.591024023983744e-06,1.291584646037658e-07,4.8469051755950464e-08,8.068941284781534e-08,3.562761075936742,1.522365e-06,2.478419982144822e-07,2.0180489964289644e-06,1.0266810035710358e-06,0.6512025649945503,1.2488995058834798,2.4090000000000005e-07,10.636700812433771,1.890142857142858e-07,8.345738507342183,1.542476190476191e-07,6.810650788043937,613163190087.25,1.9305726346709715,5598866238613.0,1.5237944150581887e-06,60.72077022351007,270.2157000294613,85.87505961239043,88.0343393220639,85.54789672403642,-11.9656606779361,True,False,False,207,184,3,2,0,7474148537.6,-1.0,0,1,-0.027154715648180727,0
1753142400000,2.2648e-06,2.384e-06,2.0427e-06,2.2033e-06,940623210694.0,2025-07-22,-0.0271547156481807,-0.0275302183275466,0.0271547156481807,0.0773889140725879,1.4785131273637897,0.0558584637375441,1.0671744512769532,0.0508514349178188,0.9715152999919388,0.0490739745125226,0.9375569666299411,1.96986e-06,2.019648235732044e-06,1.7651600000000002e-06,1.840948537070358e-06,1.56507e-06,1.6814169898854853e-06,1.526152e-06,1.5621331593913016e-06,,1.52414807593507e-06,0.351717791411043,35.171779141104295,0.5419553502694381,54.19553502694382,0.6330418025496594,63.30418025496593,91.63834126444598,87.21758776503303,72.66607737811927,1.7945084522108124e-06,1.636499179394191e-06,1.580092728166215e-07,7.037709672410349e-08,8.763217609251798e-08,3.977314759339081,1.56507e-06,2.8693475161473656e-07,2.138939503229473e-06,9.912004967705268e-07,0.7333467553904593,1.0560758991446104,2.712571428571429e-07,12.311403025332131,2.0682857142857144e-07,9.387217874486971,1.664809523809524e-07,7.555982044249644,623982751786.45,1.507450659495018,4658243027919.0,1.5388682404631754e-06,63.18194757163137,205.59019831062383,76.07185952448197,82.43750000000001,81.26147155117411,-17.56249999999998,False,False,True,207,184,3,2,0,7474148537.6,-1.0,0,1,-0.06326873326374094,0
1753228800000,2.2033e-06,2.29e-06,1.95e-06,2.0639e-06,717399323894.0,2025-07-23,-0.0632687332637409,-0.0653588396548134,0.0632687332637409,0.0952076751982502,1.8189400806731544,0.0656749056620182,1.2547173109134868,0.0539948458375816,1.0315700812905713,0.0498649497600206,0.9526685275151188,2.05322e-06,2.034398823821363e-06,1.82282e-06,1.881485173152464e-06,1.601735e-06,1.7178587778201974e-06,1.538442e-06,1.5827189211863735e-06,,1.5376795319975751e-06,0.253050816586728,25.3050816586728,0.387682377462516,38.76823774625159,0.5511047647677738,55.11047647677738,75.96027282517649,78.80191567873125,69.05977382875605,1.8359533966075568e-06,1.6682369368606603e-06,1.677164597468965e-07,8.984496986611137e-08,7.787148988078513e-08,3.773026303638021,1.601735e-06,3.018598686302532e-07,2.2054547372605066e-06,9.980152627394935e-07,0.7538322347460804,0.8827645275415059,2.975428571428573e-07,14.41653457739509,2.259000000000001e-07,10.945297737293478,1.7821428571428574e-07,8.634831421788157,641114008792.4,1.1189886885256035,3940843704025.0,1.5481358668439598e-06,64.87905876554913,143.13951930497922,72.2326037460372,69.95888451912762,80.14357461373051,-30.041115480872367,False,True,False,207,184,3,2,0,7474148537.6,-1.0,0,1,0.0355152865933428,1
1753315200000,2.0639e-06,2.37e-06,1.888e-06,2.1372e-06,891520057546.0,2025-07-24,0.0355152865933428,0.0348991642682865,0.0355152865933428,0.0953769400583716,1.8221738812851664,0.0655078328917731,1.251525390119759,0.0540155517654877,1.0319656674877709,0.0500132144068551,0.9555011196156245,2.13384e-06,2.068665882547576e-06,1.88457e-06,1.9279787840946264e-06,1.641095e-06,1.7578107516744443e-06,1.551902e-06,1.6054262464046755e-06,,1.552630612516264e-06,0.2324548757280433,23.245487572804336,0.4063301967493584,40.633019674935845,0.5831111111111111,58.31111111111112,77.4750532570916,79.3103448275862,75.06244248718286,1.882299113900376e-06,1.7030546167343697e-06,1.7924449716600606e-07,1.0772487572097853e-07,7.151962144502752e-08,3.3464168746503606,1.641095e-06,3.181886472469472e-07,2.277472294493894e-06,1.0047177055061056e-06,0.775552048472385,0.8897884197726982,3.392571428571429e-07,15.873907114783028,2.525571428571429e-07,11.81719740113901,1.971666666666667e-07,9.225466342254665,667462487705.8,1.3356856362225389,4832363761571.0,1.5598464618755203e-06,68.42630747964776,129.35115702919563,73.79898516647972,75.08768603659117,75.82802351857293,-24.91231396340884,True,True,False,207,184,3,2,0,7474148537.6,-1.0,0,1,0.059985027138311775,1
1753401600000,2.1372e-06,2.288e-06,1.963e-06,2.2654e-06,718079452301.0,2025-07-25,0.0599850271383117,0.0582547826829969,0.0599850271383117,0.076402932831781,1.4596759822075729,0.0659247670873085,1.2594909067410118,0.0543198538725146,1.037779351079478,0.0499360626205515,0.954027136807926,2.18692e-06,2.1342439216983844e-06,1.95366e-06,1.9893281026207043e-06,1.686665e-06,1.80616869918216e-06,1.569214e-06,1.632406891372235e-06,,1.5703151047973496e-06,0.1327,13.27,0.4388059701492537,43.88059701492538,0.673116691285081,67.31166912850811,78.46961740435108,79.34832491968791,77.95986006260355,1.94123780430561e-06,1.7447982787351078e-06,1.9643952557050218e-07,1.2546780600437374e-07,7.097171956612844e-08,3.1328559886169525,1.686665e-06,3.3946063918020254e-07,2.365586278360405e-06,1.0077437216395948e-06,0.8050457896030394,0.9262165721169064,3.70857142857143e-07,16.37049275435433,2.504214285714287e-07,11.054181538422734,2.0861904761904769e-07,9.208927678072202,688101396669.0,1.04356633452151,5550443213872.0,1.5695851118110769e-06,71.79490838064484,118.3800548572713,73.73543307860159,86.54,77.19552351857294,-13.459999999999994,False,False,True,207,184,3,2,0,7474148537.6,-1.0,0,1,-0.04440716871192718,0
1753488000000,2.2654e-06,2.3046e-06,2.12e-06,2.1648e-06,504685707393.0,2025-07-26,-0.0444071687119271,-0.0454233653500895,0.0444071687119271,0.0530623979986824,1.0137556903417413,0.0706644877508893,1.3500431428735489,0.0559147258943669,1.068249338273794,0.0505404691214864,0.9655743067948076,2.16692e-06,2.1444292811322565e-06,2.01106e-06,2.021232086746468e-06,1.7282000000000002e-06,1.8403343619102136e-06,1.58436e-06,1.6541356684055411e-06,,1.584991332433755e-06,-0.0441540091840338,-4.415400918403386,0.360824742268041,36.08247422680412,0.6226669664942657,62.26669664942656,60.73196144829383,77.48151467622675,73.64332096474953,1.975632033954947e-06,1.7759706743207237e-06,1.996613596342232e-07,1.4030651694008545e-07,5.9354842694137763e-08,2.7418164585244718,1.7282000000000002e-06,3.448298482012925e-07,2.417859696402585e-06,1.0385403035974154e-06,0.7981248656435421,0.8165329236124718,3.765142857142858e-07,17.39256678281069,2.547500000000001e-07,11.767830746489285,2.1179047619047627e-07,9.783373807764052,703100262175.0,0.7178004824401344,5045757506479.0,1.5765153774432183e-06,75.35333056467786,106.49626310595968,77.24793474647055,76.46823411705854,79.36530671788323,-23.53176588294146,True,False,False,207,184,3,2,0,7474148537.6,-1.0,0,1,0.02268107908351813,1
1753574400000,2.1648e-06,2.2597e-06,2.125e-06,2.2139e-06,533578170078.0,2025-07-27,0.0226810790835181,0.0224276877136557,0.0226810790835181,0.053213782484513,1.0166478868825763,0.0706943120709188,1.3506129357076615,0.0547929712654302,1.04681824617954,0.050572942288984,0.9661947057887408,2.16904e-06,2.167586187421505e-06,2.06945e-06,2.056262618930036e-06,1.77364e-06,1.875921749268886e-06,1.600218e-06,1.676945115179514e-06,,1.6004419090793933e-06,0.0048109653701267,0.4810965370126605,0.3582208588957054,35.82208588957055,0.6963451076545859,69.63451076545859,45.39032783915959,77.3240072202166,75.16094114966103,2.0122886853252942e-06,1.808468918954643e-06,2.0381976637065122e-07,1.5300916696983789e-07,5.0810599400813336e-08,2.295072017743048,1.77364e-06,3.460179389934333e-07,2.4656758779868662e-06,1.0816041220131335e-06,0.7803566428213915,0.8180904444439481,3.163714285714286e-07,14.29023120156414,2.556928571428572e-07,11.549431191239767,2.151095238095239e-07,9.716316175505844,717915552652.4,0.7432324987342176,5579335676557.0,1.5837131047301954e-06,77.27651234532166,93.36162495154817,77.74397284066981,80.40640134765215,81.13821182157024,-19.59359865234784,False,False,True,207,184,3,2,0,7474148537.6,-1.0,0,1,0.05993947332761196,1
1753660800000,2.2139e-06,2.3982e-06,2.178e-06,2.3466e-06,577571899101.0,2025-07-28,0.0599394733276119,0.0582118058593441,0.0599394733276119,0.0429034874184458,0.819669976223742,0.0706556697709632,1.3498746756036082,0.0552510305176062,1.0555694559047135,0.0510600870791925,0.975501593937792,2.22558e-06,2.2272574582810035e-06,2.1394e-06,2.1090512367537547e-06,1.823635e-06,1.92075931530742e-06,1.61849e-06,1.7041906585644989e-06,,1.6186860465607196e-06,0.1369736905857843,13.697369058578436,0.4246858114261429,42.46858114261429,0.7424816217420362,74.24816217420363,61.4952671265843,78.91460941324569,76.66702344000856,2.063721244200466e-06,1.848397640980165e-06,2.1532360322030082e-07,1.6547205433267298e-07,4.9851548887627865e-08,2.124416129192358,1.823635e-06,3.53244753788287e-07,2.5301245075765743e-06,1.117145492423426e-06,0.7748145956582037,0.8701151923642104,2.896857142857144e-07,12.344912396050214,2.652928571428572e-07,11.30541452070473,2.2257142857142865e-07,9.484847377969343,733551833089.3,0.787363445972997,6156907575658.0,1.592653899535281e-06,79.03341740042592,102.66238557586804,78.19259483576113,94.3718381112985,83.7488245253364,-5.628161888701495,True,False,False,207,184,3,2,0,7474148537.6,-1.0,0,1,0.19099974431091793,1
1753747200000,2.3466e-06,2.9e-06,2.2891e-06,2.7948e-06,1544086847739.0,2025-07-29,0.1909997443109179,0.1747930756887722,0.1909997443109179,0.085777560678132,1.63877799573343,0.0857379156070898,1.6380205777146657,0.0649921278855788,1.2416728598104394,0.0552501106881019,1.0555518825867072,2.3571000000000003e-06,2.416438305520669e-06,2.24547e-06,2.233732836030449e-06,1.896865e-06,2.004019877061886e-06,1.642484e-06,1.7484979894632515e-06,,1.6473098685330104e-06,0.3076923076923077,30.76923076923076,0.6116717605674413,61.16717605674412,1.1010374379792514,110.10374379792512,89.20716661302436,83.46404870290134,81.14839156001383,2.176194989469397e-06,1.9186108706099044e-06,2.5758411885949245e-07,1.8389446737136002e-07,7.36896514881325e-08,2.6366699401793503,1.896865e-06,3.949207758992204e-07,2.686706551798441e-06,1.1070234482015592e-06,0.8327862571120674,1.068427299092732,3.282000000000001e-07,11.74323744096179,2.9972857142857146e-07,10.724508781614835,2.472857142857144e-07,8.848064773354599,791351696628.2,1.9512017909585109,7700994423397.0,1.6268122152837033e-06,80.08394974126983,153.70888922790724,81.01688683932969,92.37681159420288,89.05168368438451,-7.623188405797121,True,False,False,207,184,3,2,0,7474148537.6,-1.0,0,1,-0.06157864605696295,0
1753833600000,2.7948e-06,2.7978e-06,2.4377e-06,2.6227e-06,898796180973.0,2025-07-30,-0.0615786460569629,-0.0635562262080047,0.0615786460569629,0.1009105253594711,1.9278928800217168,0.0844408519363341,1.6132402110792037,0.0688303020328728,1.315001073933714,0.0561633587852311,1.072999462984063,2.42856e-06,2.485192203680446e-06,2.30774e-06,2.304454141335941e-06,1.95939e-06,2.062953699936936e-06,1.662026e-06,1.7839634842070975e-06,,1.6709413650150812e-06,0.1577204908625409,15.77204908625408,0.31135,31.135,0.9113103046203176,91.13103046203176,73.54738577941605,76.06993077661564,76.13793103448275,2.244888114797559e-06,1.970840939386373e-06,2.740471754111862e-07,2.019250090837149e-07,7.212216632747128e-08,2.749920552387665,1.95939e-06,4.063095487044591e-07,2.772009097408918e-06,1.146770902591082e-06,0.8294613092941355,0.9081309448147364,3.3107142857142865e-07,12.623305317856737,3.1430714285714294e-07,11.984105801545848,2.6095714285714296e-07,9.949942534683457,809503056795.1,1.11030609881996,6802198242424.0,1.6449429228079917e-06,80.61101089126134,131.41001163079733,72.71763555106925,79.90579710144927,88.88481560231689,-20.094202898550744,False,False,True,207,184,3,2,0,7474148537.6,-1.0,0,1,0.006519998474854294,1
1753920000000,2.6227e-06,2.83e-06,2.49e-06,2.6398e-06,1030956173484.0,2025-07-31,0.0065199984748542,0.0064988352245634,0.0065199984748542,0.0933657796965611,1.7837507165230733,0.0765810924900615,1.4630797176998074,0.0677687345959246,1.2947198565278508,0.0552526000938369,1.0555994426164963,2.52356e-06,2.536728135786964e-06,2.34524e-06,2.3654261175893084e-06,2.01648e-06,2.1179014866574985e-06,1.6838579999999998e-06,1.818636985471252e-06,,1.694311188933273e-06,0.219419807834442,21.941980783444205,0.1655775344401273,16.557753444012725,0.7622162883845127,76.22162883845127,70.3522504892368,75.79969340827797,77.20435367494191,2.3056438244571205e-06,2.0204597150169805e-06,2.8518410944014e-07,2.1857682923212589e-07,6.660728020801413e-08,2.523194189257297,2.01648e-06,4.181131307496373e-07,2.8527062614992742e-06,1.1802537385007253e-06,0.8293920708355894,0.8726981731490029,3.107857142857144e-07,11.7730780470382,3.250214285714287e-07,12.312350502743715,2.719666666666667e-07,10.302548172841378,807883109458.25,1.2761204701696738,7833154415908.0,1.6656357339780168e-06,81.95664354781911,125.63713886368896,78.69529440639299,79.9537750385208,84.07879457805764,-20.046224961479204,True,False,False,207,184,3,2,0,7474148537.6,-1.0,0,1,0.002235017804379069,1
1754006400000,2.6398e-06,2.69e-06,2.491e-06,2.6457e-06,768887389496.0,2025-08-01,0.002235017804379,0.0022325238673905,0.002235017804379,0.0949514624608912,1.8140451431989344,0.0752105949462488,1.4368963988894878,0.0657111593359155,1.2554099363807731,0.0546722284463023,1.0445114578590815,2.6099200000000003e-06,2.5730520905246425e-06,2.38948e-06,2.4163850066343395e-06,2.07732e-06,2.168176326222359e-06,1.707178e-06,1.852101299697452e-06,,1.7171609353547032e-06,0.1950404263968561,19.50404263968561,0.2007897245041527,20.078972450415275,0.851564140247743,85.15641402477429,79.14192219124953,75.66039675197862,76.86770910896004,2.3579601846671423e-06,2.06683114043546e-06,2.9112904423168253e-07,2.3308727228580346e-07,5.804177194587907e-08,2.193815320931288,2.07732e-06,4.166401105081107e-07,2.910600221016221e-06,1.2440397789837787e-06,0.8022646689159314,0.8410497367301216,2.927857142857144e-07,11.066474441006706,3.3182142857142866e-07,12.541914373187762,2.645428571428572e-07,9.998974076533893,824926433834.5,0.9320678280631473,8602041805404.0,1.6798550517966344e-06,82.67376322267357,108.66654680925753,72.47099449018003,80.25621118012421,80.03859444003143,-19.743788819875792,False,False,True,207,184,3,2,0,7474148537.6,-1.0,0,1,-0.06697660354537538,0
1754092800000,2.6457e-06,2.6722e-06,2.3956e-06,2.4685e-06,654902251289.0,2025-08-02,-0.0669766035453753,-0.069325001863327,0.0669766035453753,0.1046330839305097,1.9990122616620736,0.0756791240057938,1.4458476340035895,0.0693725763622391,1.325361210449501,0.0558196675126528,1.0664332504411298,2.6343000000000003e-06,2.538201393683095e-06,2.42994e-06,2.4258604601764984e-06,2.12638e-06,2.1967828612663616e-06,1.7263640000000002e-06,1.8770107575883704e-06,,1.7351302905219064e-06,0.0519474985084804,5.194749850848038,0.1960366296816709,19.60366296816708,0.6597189538089157,65.97189538089157,63.35501468736887,68.03536345776033,72.0763352856755,2.374966317119892e-06,2.0966184882694057e-06,2.783478288504861e-07,2.42139383625573e-07,3.620844522491309e-08,1.4668197376914354,2.12638e-06,4.009824232924354e-07,2.928344846584871e-06,1.3244151534151291e-06,0.7543005921659073,0.7133011200284538,3.059285714285716e-07,12.393298417199576,3.412214285714288e-07,13.82302728666918,2.718095238095239e-07,11.011121077963292,833918381813.3,0.7853313532494135,7947139554115.0,1.6904054662931247e-06,82.56996666455098,84.62663139106536,67.51318339839897,63.73949579831933,74.64982733898812,-36.26050420168067,False,True,False,207,184,3,2,0,7474148537.6,-1.0,0,1,0.07644318411991091,1
1754179200000,2.4685e-06,2.73e-06,2.4201e-06,2.6572e-06,386177731543.0,2025-08-03,0.0764431841199109,0.0736622580921685,0.0764431841199109,0.0587215769812299,1.1218741529932477,0.0776626254101301,1.483742375125103,0.070194120363911,1.3410567865631489,0.0565670362653859,1.0807117104135882,2.60678e-06,2.57786759578873e-06,2.48194e-06,2.4679221954269544e-06,2.183255e-06,2.2406380496725595e-06,1.749128e-06,1.908501550190302e-06,,1.757092551973087e-06,-0.0492342922570486,-4.923429225704871,0.2433090024330901,24.330900243309006,0.7485029940119761,74.8502994011976,65.38842647641697,66.77557688380642,73.57971227246037,2.41838689887638e-06,2.138187105388412e-06,2.801997934879679e-07,2.497514656161035e-07,3.0448327871864443e-08,1.145880169797698,2.183255e-06,3.909479107516151e-07,2.9651508215032297e-06,1.4013591784967698e-06,0.7162661452768734,0.8030742631984014,3.309571428571431e-07,12.455108492290494,3.2366428571428585e-07,12.180652028988629,2.8078095238095245e-07,10.566797846641292,823788977402.25,0.4687823485582185,8333317285658.0,1.697172569432869e-06,81.12748141606232,97.953068713598,64.66322828360286,76.00790513833992,73.33453737226115,-23.99209486166008,True,False,False,207,184,3,2,0,7474148537.6,-1.0,0,1,0.011101911786843166,1
1754265600000,2.6572e-06,2.768e-06,2.64e-06,2.6867e-06,567961488408.0,2025-08-04,0.0111019117868431,0.0110407379124033,0.0111019117868431,0.0508139014421413,0.9707982239459716,0.076719503073245,1.4657240481786,0.070312792365123,1.3433240119628738,0.0562512993674567,1.0746795654484371,2.61958e-06,2.6141450638591533e-06,2.52407e-06,2.507699978646927e-06,2.238865e-06,2.283125344291974e-06,1.770838e-06,1.9398759914955843e-06,,1.7791457747243865e-06,0.0244023334731384,2.4402333473138427,0.1859715723492541,18.597157234925405,0.7063829787234044,70.63829787234044,40.84674005080441,62.23962866260517,72.61175575423246,2.4596658497054125e-06,2.1788576056695828e-06,2.808082440358297e-07,2.559628213118325e-07,2.4845422723997157e-08,0.9247561217849836,2.238865e-06,3.787090179669264e-07,2.996283035933853e-06,1.4814469640661472e-06,0.6766089388452211,0.7956326485200773,3.177857142857145e-07,11.82810564207818,3.037357142857144e-07,11.305159276648467,2.8279047619047626e-07,10.525569516152762,826166316539.05,0.6874662849815597,8901278774066.0,1.7079787743650033e-06,79.26046023127836,110.12323023496197,63.17838220893198,78.92292490118577,72.890108612615,-21.07707509881424,True,False,False,207,184,3,2,0,7474148537.6,-1.0,0,1,-0.07920497264301929,0
1754352000000,2.6867e-06,2.6943e-06,2.45e-06,2.4739e-06,441222297978.0,2025-08-05,-0.0792049726430192,-0.0825178219398489,0.0792049726430192,0.0634327917331413,1.2118817844480263,0.0806391294710568,1.5406084053630251,0.0743207348923936,1.4198956464314878,0.0576505232227315,1.101411699668642,2.5864000000000003e-06,2.5673967092394355e-06,2.55498e-06,2.501554527911757e-06,2.28302e-06,2.3012963728519443e-06,1.787396e-06,1.9613824298782915e-06,,1.7955631623066537e-06,-0.0628456701265247,-6.284567012652473,0.1427845528455285,14.278455284552852,0.5551294945939149,55.5129494593915,38.212927756654,57.21676978877747,68.84784647572326,2.4618557195289065e-06,2.200732476348375e-06,2.611232431805316e-07,2.569949056871388e-07,4.128337493392854e-09,0.1668756818542727,2.28302e-06,3.4952974513886825e-07,2.9820794902777367e-06,1.5839605097222635e-06,0.612398919219049,0.6365262918640611,2.6541428571428586e-07,10.728577780600908,2.9680714285714295e-07,11.997540032222116,2.882904761904763e-07,11.65327928333709,802063299572.45,0.5501090727043603,8460056476088.0,1.7148930335080867e-06,75.4048295115027,64.77953522543206,65.59147353239433,57.89525691699605,70.94202898550724,-42.104743083003946,False,True,False,207,184,3,2,0,7474148537.6,-1.0,0,1,-0.09155584300092978,0
1754438400000,2.4739e-06,2.4771e-06,2e-06,2.2474e-06,1120974469787.0,2025-08-06,-0.0915558430009297,-0.0960218602898386,0.0915558430009297,0.0717583297439693,1.370940964808531,0.0874274254840556,1.6702986185922224,0.0787459104179632,1.5044385061401382,0.0591215823316701,1.1295162444830815,2.50674e-06,2.460731139492957e-06,2.55833e-06,2.4553446133024576e-06,2.31389e-06,2.296162870242568e-06,1.80049e-06,1.972888889925363e-06,,1.8061995696458503e-06,-0.1505461692557735,-15.054616925577356,0.0151316680970232,1.5131668097023243,0.3787730061349692,37.877300613496914,26.65952890792289,54.67658902084714,62.9255518144407,2.4288625249305603e-06,2.2041922410785955e-06,2.2467028385196486e-07,2.5052998131225445e-07,-2.5859697460289626e-08,-1.1506495265769163,2.31389e-06,3.143099658483311e-07,2.9425099316966625e-06,1.685270068303338e-06,0.543344698059685,0.4471143081475781,2.821285714285715e-07,12.553553948054264,3.066000000000001e-07,13.642431253893395,3.035809523809525e-07,13.50809612801248,819041804482.05,1.368641336318465,7339082006301.0,1.725789084777382e-06,70.25931971431494,-15.893106230405962,63.06494429739387,35.513833992094845,57.44400527009222,-64.48616600790515,False,True,False,207,184,3,2,0,7474148537.6,-1.0,0,1,0.07239476728664251,1
1754524800000,2.2474e-06,2.424e-06,2.1505e-06,2.4101e-06,584590862619.0,2025-08-07,0.0723947672866425,0.0698942479259895,0.0723947672866425,0.0803745865476231,1.5355543199073094,0.0883838605831946,1.688571285504464,0.0796050951776256,1.5208532079254635,0.0597474779259844,1.1414739630225208,2.49506e-06,2.4438540929953047e-06,2.56468e-06,2.447118319910137e-06,2.35204e-06,2.3070150099351958e-06,1.815936e-06,1.9904600309152745e-06,,1.820362663359988e-06,-0.0236580919586794,-2.365809195867942,0.0270604278530639,2.7060427853063964,0.463238419039524,46.32384190395239,38.189292159615,56.651879296056165,64.49879502377385,2.4259759821169376e-06,2.2194565600287704e-06,2.0651942208816726e-07,2.417278694588873e-07,-3.520844737072e-08,-1.4608708091249325,2.35204e-06,2.726636011066038e-07,2.8973672022132077e-06,1.8067127977867923e-06,0.4637057211724354,0.5532340948373417,2.726285714285716e-07,11.311919481704972,2.91707142857143e-07,12.103528602843989,3.0755714285714297e-07,12.761177663048958,817278290888.5,0.7152898457433208,7923672868920.0,1.7322199669014486e-06,64.72534712268484,-1.980373699674861,62.28533005314812,47.71611526147277,47.04173539018789,-52.28388473852724,False,False,True,207,184,3,2,0,7474148537.6,-1.0,0,1,-0.0371768806273598,0
1754611200000,2.4101e-06,2.4189e-06,2.24e-06,2.3205e-06,415354076580.0,2025-08-08,-0.0371768806273598,-0.0378855607185608,0.0371768806273598,0.0676482851884241,1.2924186738286647,0.0603282846460034,1.1525702598280776,0.0803182903117407,1.534478781830948,0.0598235539193584,1.142927392835157,2.42772e-06,2.40273606199687e-06,2.51725e-06,2.4240968070512868e-06,2.38136e-06,2.3082994001229688e-06,1.830642e-06,2.003711155876619e-06,,1.8320495671201128e-06,-0.1267123287671233,-12.671232876712333,-0.1697080291970802,-16.970802919708024,0.3381581223689522,33.81581223689522,41.866344251483845,51.36880806876336,62.011335093707736,2.4097489054876918e-06,2.2269466625319573e-06,1.82802242955734e-07,2.2994274414909877e-07,-4.714050119336473e-08,-2.0314803358485123,2.38136e-06,2.310747233893699e-07,2.84350944677874e-06,1.91921055322126e-06,0.3881390858826384,0.4341554983737355,2.697571428571429e-07,11.624957675377845,2.812714285714287e-07,12.121156154769604,3.111333333333335e-07,13.40802987861812,809055894912.4,0.5133811881130563,7508318792340.0,1.7366932804691976e-06,59.5761328301758,-13.420930413882695,57.51776709278992,35.611111111111114,39.61368678822624,-64.38888888888889,False,False,True,207,184,3,2,0,7474148537.6,-1.0,0,1,0.013359189829778018,1
1754697600000,2.3205e-06,2.4702e-06,2.2451e-06,2.3515e-06,547235922958.0,2025-08-09,0.013359189829778,0.0132707427038721,0.013359189829778,0.0679553485621155,1.2982851113459235,0.0587796001322244,1.122982683736501,0.0736945183362281,1.407931795924492,0.0595309112531893,1.1373364625482711,2.36068e-06,2.38565737466458e-06,2.49013e-06,2.410897387518028e-06,2.398935e-06,2.312414048525108e-06,1.846974e-06,2.01766186406512e-06,,1.8441446436215368e-06,-0.1247627200655079,-12.476272006550792,-0.1034048880924238,-10.340488809242386,0.17575,17.575,29.67690466693257,54.80417888940352,62.190314412999584,2.4007875342643465e-06,2.2361790024088583e-06,1.6460853185548825e-07,2.168759016822536e-07,-5.2267369826765344e-08,-2.22272463647737,2.398935e-06,2.132201216805623e-07,2.8253752433611246e-06,1.9724947566388752e-06,0.3555246335237301,0.4443825943511733,2.624000000000001e-07,11.158834786306617,2.841642857142858e-07,12.084383827951768,3.149476190476191e-07,13.39347731437887,751417979461.55,0.7282709995176553,8055554715298.0,1.7427712402695248e-06,54.55514833229428,-10.485115833531667,57.82281117793281,39.055555555555536,40.79426064271314,-60.94444444444447,True,False,False,207,184,3,2,0,7474148537.6,-1.0,0,1,-0.03244737401658515,0
1754784000000,2.3515e-06,2.429e-06,2.188e-06,2.2752e-06,412463335999.0,2025-08-10,-0.0324473740165851,-0.0329854617761809,0.0324473740165851,0.0614391460506971,1.1737932371653854,0.0589068424392758,1.1254136445993852,0.068383593670543,1.3064667226545603,0.058603838884222,1.1196247698082904,2.32094e-06,2.348838249776386e-06,2.45367e-06,2.386225135135904e-06,2.399455e-06,2.3088696152831746e-06,1.864062e-06,2.027983126323195e-06,,1.8541466654361404e-06,-0.0803185254052307,-8.031852540523072,-0.1381165239790894,-13.811652397908944,0.0045920169551394,0.4592016955139498,24.245838027287505,51.55560066994874,60.2179146078804,2.3814663730518264e-06,2.2390712354376694e-06,1.4239513761415706e-07,2.019797488612261e-07,-5.958461124706904e-08,-2.618873560437282,2.399455e-06,2.1288820015012106e-07,2.825231400300242e-06,1.973678599699758e-06,0.3548942574878395,0.3540842095611923,2.525571428571429e-07,11.100437010247138,2.9175714285714294e-07,12.823362467349812,2.999619047619049e-07,13.183979639675847,712853342493.0,0.5786089668269322,7643091379299.0,1.7468463846081267e-06,49.26746713153558,-33.80115739274999,53.637299800887895,30.57777777777776,35.08148148148147,-69.42222222222225,False,True,False,207,184,3,2,0,7474148537.6,-1.0,0,1,0.007779535864979037,1
1754870400000,2.2752e-06,2.3641e-06,2.2232e-06,2.2929e-06,388622625323.0,2025-08-11,0.007779535864979,0.0077494313080264,0.007779535864979,0.0441605413798544,0.8436859584354058,0.0590938806629637,1.128987004845556,0.0680350230462407,1.2998072902278317,0.0585436414718532,1.118474699859808,2.33004e-06,2.330192166517591e-06,2.41839e-06,2.369256928687845e-06,2.403935e-06,2.3073486070807766e-06,1.881722e-06,2.0385909707455422e-06,,1.86429279486354e-06,0.0202456171576044,2.024561715760445,-0.1333484522054654,-13.33484522054654,0.0406662733172966,4.066627331729676,35.01159324279564,48.55279469627554,60.22547343086959,2.3678407759476107e-06,2.243060836009888e-06,1.2477993993772246e-07,1.8653978707038245e-07,-6.175984713265999e-08,-2.6935255411339347,2.403935e-06,2.094582115715136e-07,2.822851423143027e-06,1.985018576856973e-06,0.3485255825494677,0.3674735652914591,2.544e-07,11.09511971738846,2.860928571428572e-07,12.477336872208,2.872904761904762e-07,12.529568502354058,685253313224.45,0.5671225776265738,8031714004622.0,1.750604065767084e-06,44.2268755385466,-37.54401146733548,49.15954153018708,32.54444444444445,34.05925925925925,-67.45555555555555,False,False,True,207,184,3,2,0,7474148537.6,-1.0,0,1,0.24471193684853243,1
1754956800000,2.2929e-06,2.86e-06,2.2842e-06,2.854e-06,971285701651.0,2025-08-12,0.2447119368485324,0.2189041271198336,0.2447119368485324,0.1171077634805649,2.2373406798268967,0.0971734249583766,1.856495677108233,0.0847749548967354,1.6196232391752057,0.065842543346786,1.2579200243840192,2.41882e-06,2.504794777678394e-06,2.45694e-06,2.4573920328165472e-06,2.44344e-06,2.359413508066725e-06,1.907522e-06,2.071214748578642e-06,,1.887103880981028e-06,0.1841832289116634,18.418322891166348,0.1561677131861454,15.61677131861454,0.3828189350259219,38.2818935025922,82.32097186700769,51.50391220404431,65.41755004267739,2.4426345085312065e-06,2.288339597479533e-06,1.5429491105167305e-07,1.8009081186458797e-07,-2.5795900812914893e-08,-0.9038507642927432,2.44344e-06,2.1634571602438854e-07,2.876131432048777e-06,2.010748567951223e-06,0.3541657925292024,0.9744258489889832,3.017571428571428e-07,10.573130443487834,2.835857142857143e-07,9.93643007308039,2.984571428571429e-07,10.457503253578938,697947632112.3,1.391631201199805,9002999706273.0,1.7660689781563267e-06,38.798375311196594,92.1537384554461,45.793762741693456,99.30232558139537,54.14151593453919,-0.6976744186046541,True,False,False,207,184,3,2,0,7474148537.6,-1.0,0,1,0.15767344078486323,1
1755043200000,2.854e-06,3.4e-06,2.72e-06,3.304e-06,1107306072172.0,2025-08-13,0.1576734407848632,0.1464123366040868,0.1576734407848632,0.1177374892876584,2.2493715744787357,0.1055827648958102,2.0171558910285143,0.0902144968628214,1.7235455425190798,0.068896538351619,1.3162665170265413,2.61552e-06,2.7711965184522623e-06,2.5216200000000003e-06,2.61132075448525e-06,2.50178e-06,2.449378603173569e-06,1.942004e-06,2.1204982695933074e-06,,1.919655280085324e-06,0.4238310708898944,42.38310708898944,0.2434141201264488,24.341412012644884,0.5459479693056335,54.59479693056335,86.46487721302114,65.16628823293709,67.08595387840671,2.575152285154268e-06,2.363610656627536e-06,2.1154162852673236e-07,1.863809751986185e-07,2.5160653328113864e-08,0.7615209845070782,2.50178e-06,2.779637776477552e-07,3.0577075552955103e-06,1.94585244470449e-06,0.4444256131998097,1.221514873978112,3.307428571428572e-07,10.0103770321688,3.064357142857143e-07,9.274688689034935,3.146476190476191e-07,9.52323302202237,708736932843.6,1.5623654149491797,10110305778445.0,1.7920543713078852e-06,34.4049746757532,224.3220329529356,58.1010834148852,93.14285714285714,74.99654238956565,-6.857142857142858,True,False,False,207,184,3,2,0,7474148537.6,-1.0,0,1,-0.057112590799031526,0
1755129600000,3.304e-06,3.4e-06,2.9e-06,3.1153e-06,1164139407356.0,2025-08-14,-0.0571125907990315,-0.058808399870455,0.0571125907990315,0.1309222485177246,2.501266045881955,0.1088528264463539,2.079630329230754,0.0916553862789633,1.7510736961619533,0.069145735663123,1.3210274249779927,2.76828e-06,2.885897678968175e-06,2.56448e-06,2.702953344755458e-06,2.5442750000000003e-06,2.512802544096665e-06,1.974124e-06,2.160237564557923e-06,1.722509e-06,1.947036859969137e-06,0.3248139485434829,32.4813948543483,0.1595265567424721,15.952655674247218,0.3751655336805863,37.516553368058624,79.9969806763285,59.83372626876784,61.370624883018266,2.658251938210908e-06,2.419316672393577e-06,2.389352658173312e-07,1.968918333245021e-07,4.2043432492829114e-08,1.349578932777874,2.5442750000000003e-06,3.036989643068491e-07,3.1516729286136985e-06,1.936877071386302e-06,0.4774624823289135,0.9700584024901808,3.631e-07,11.655378294225274,3.1786428571428573e-07,10.203328273819077,3.15504761904762e-07,10.127588415393763,731039930596.35,1.592442982432364,8946166371089.0,1.8182787496795116e-06,29.525140008088638,193.28936242178256,45.0248273523857,79.66428571428573,90.7031561461794,-20.335714285714285,False,False,False,207,184,3,2,0,7474148537.6,-1.0,0,1,0.02083266459089006,1
1755216000000,3.1153e-06,3.32e-06,3.02e-06,3.1802e-06,552392266290.0,2025-08-15,0.02083266459089,0.0206186321078827,0.02083266459089,0.1230276578059817,2.350440102110112,0.1031882540520687,1.9714088255926812,0.0904035487841856,1.727157374405338,0.0687252222344129,1.312993527202951,2.94928e-06,2.98399845264545e-06,2.63511e-06,2.789725464027669e-06,2.595045e-06,2.576366795836795e-06,2.00863e-06,2.200952179827618e-06,1.739949e-06,1.975190401749655e-06,0.3977672292545711,39.77672292545712,0.2855006265410889,28.55006265410889,0.469050258684405,46.9050258684405,80.49606241260028,60.79056809464207,63.048646915822935,2.738551643801176e-06,2.4757021341949817e-06,2.6284950960619455e-07,2.100833685829903e-07,5.2766141023204255e-08,1.659208258071953,2.595045e-06,3.212865280891483e-07,3.2376180561782966e-06,1.952471943821703e-06,0.4952307618390407,0.9553217679871372,3.8040000000000004e-07,11.96151185460034,3.2507857142857146e-07,10.221953695634598,3.143142857142858e-07,9.883475432811954,733425258541.2,0.7531677697993674,9498558637379.0,1.8306885042221265e-06,24.645305340424063,176.8987750309957,52.569097784039066,84.3,85.70238095238096,-15.699999999999998,False,False,True,207,184,3,2,0,7474148537.6,-1.0,0,1,-0.005439909439657997,0
1755302400000,3.1802e-06,3.316e-06,3.0052e-06,3.1629e-06,410351405639.0,2025-08-16,-0.0054399094396579,-0.005454759627283,0.0054399094396579,0.1249543515512674,2.387249534429355,0.0952163935178497,1.8191066439352308,0.0906276822599821,1.7314394384479477,0.0687451417592111,1.3133740891898704,3.1232800000000005e-06,3.043632301763634e-06,2.7266600000000003e-06,2.8575753797465466e-06,2.642495e-06,2.6322291598159824e-06,2.0417040000000004e-06,2.239324041773739e-06,1.7556169999999998e-06,2.002224354709367e-06,0.3794321601465391,37.94321601465392,0.4073596155557533,40.73596155557534,0.4286553141514972,42.86553141514972,84.15018850503961,64.98618784530385,65.17452778084612,2.8038360088913145e-06,2.526625526782744e-06,2.772104821085704e-07,2.2350879128985658e-07,5.3701690818713784e-08,1.6978624306400385,2.642495e-06,3.3193478826103013e-07,3.3063645765220603e-06,1.97862542347794e-06,0.5024566377776004,0.8919482217624314,3.926428571428571e-07,12.4140142635827,3.2752142857142855e-07,10.355099072731624,3.203238095238096e-07,10.1275351583613,727263920319.25,0.5642400154525284,9088207231740.0,1.8396797930415468e-06,20.957521880932624,153.57365403642325,53.31873027166488,83.0642857142857,82.34285714285714,-16.9357142857143,False,True,False,207,184,3,2,0,7474148537.6,-1.0,0,1,-0.06079863416484865,0
1755388800000,3.1629e-06,3.1629e-06,2.95e-06,2.9706e-06,332678141825.0,2025-08-17,-0.0607986341648486,-0.0627253756555812,0.0607986341648486,0.0889865358314187,1.7000853799547475,0.0991751774154387,1.8947391041024808,0.0919527646221697,1.7567551014316014,0.0696211997643601,1.3301111538775867,3.1466e-06,3.0192882011757554e-06,2.78271e-06,2.878125310723414e-06,2.673695e-06,2.664456028731141e-06,2.070384e-06,2.2684748102894496e-06,1.7704920000000002e-06,2.0242009179511853e-06,0.0408549404344777,4.085494043447787,0.2325629641923572,23.256296419235717,0.2659166453592432,26.59166453592431,72.98378891677406,56.753146009308736,61.141115448371735,2.8294920083873338e-06,2.559524397079913e-06,2.699676113074208e-07,2.328005552943385e-07,3.716705601308226e-08,1.2511632671205233,2.673695e-06,3.3198474992717773e-07,3.3376644998543554e-06,2.0097255001456445e-06,0.4966680940453982,0.7235833122343175,3.886285714285714e-07,13.082494157024554,3.205928571428571e-07,10.792192053553396,3.240476190476191e-07,10.9084905085713,715019232455.45,0.4652715993142574,8755529089915.0,1.8461529670248968e-06,17.504452492390747,102.1638732667217,49.19484616705306,69.32857142857142,78.89761904761905,-30.67142857142857,False,True,False,207,184,3,2,0,7474148537.6,-1.0,0,1,-0.009055409681545834,0
1755475200000,2.9706e-06,3.04e-06,2.726e-06,2.9437e-06,382029789428.0,2025-08-18,-0.0090554096815458,-0.0090966591129578,0.0090554096815458,0.0354053978941791,0.6764191770023061,0.0975980406158664,1.864607947854067,0.0822345236202566,1.5710883677863092,0.069242001428824,1.3228665798493378,3.07454e-06,2.99409213411717e-06,2.84503e-06,2.890047981511273e-06,2.68114e-06,2.6910514950329376e-06,2.099778e-06,2.2953738245611627e-06,1.7850289999999998e-06,2.0450080840035224e-06,-0.1090496368038741,-10.904963680387414,0.2685628097392802,26.856280973928023,0.0532775153857163,5.327751538571632,54.7707690671205,55.54405039261368,59.320124213361176,2.8470624691360622e-06,2.587991361120481e-06,2.590711080155812e-07,2.3805466583902547e-07,2.1016442176555732e-08,0.7139464679334079,2.68114e-06,3.3648268337393905e-07,3.354105366747878e-06,2.0081746332521218e-06,0.5019994231915366,0.6950769036368303,4.133571428571429e-07,14.042094739856063,3.338785714285715e-07,11.342139872560772,3.2851428571428573e-07,11.15991051106722,656916379539.9,0.5815501048939763,8373499300487.0,1.8527252623326347e-06,13.24377158108192,61.36451810990042,43.67188064967743,67.40714285714284,73.26666666666665,-32.59285714285715,False,True,False,207,184,3,2,0,7474148537.6,-1.0,0,1,-0.025987702551211078,0
1755561600000,2.9437e-06,3.05e-06,2.73e-06,2.8672e-06,459730447259.0,2025-08-19,-0.025987702551211,-0.0263313497018632,0.025987702551211,0.0300957618895848,0.5749787235679453,0.0990342176757742,1.8920460720574988,0.0810816184091428,1.5490621446551889,0.0684648046528581,1.3080182562931677,3.02492e-06,2.9517947560781133e-06,2.8966e-06,2.8858938030517425e-06,2.693365e-06,2.707828001059862e-06,2.12963e-06,2.318139574849792e-06,1.799182e-06,2.0635608596448293e-06,-0.0796392000770391,-7.96392000770392,0.2193068254305763,21.930682543057625,0.0932245395965989,9.32245395965989,11.454288739851734,59.01443960577584,59.71561358858028,2.850160550882129e-06,2.608679883332029e-06,2.4148066755010004e-07,2.387398661812861e-07,2.7408013688139516e-09,0.0955915655975848,2.693365e-06,3.386820746037424e-07,3.370729149207485e-06,2.016000850792515e-06,0.5029872662691354,0.628317242803141,3.768142857142858e-07,13.142239317602042,3.3928571428571425e-07,11.833346619897958,3.146619047619048e-07,10.97453629889456,634963092854.2,0.7240270378432265,7913768853228.0,1.8603720297722108e-06,11.560546739600438,50.47136611994936,43.3022106961636,61.942857142857136,66.22619047619047,-38.057142857142864,True,False,False,207,184,3,2,0,7474148537.6,-1.0,0,1,-0.012032645089285698,0
1755648000000,2.8672e-06,3.038e-06,2.751e-06,2.8327e-06,388054216761.0,2025-08-20,-0.0120326450892856,-0.0121056233685003,0.0120326450892856,0.0226946361964883,0.4335804157399175,0.0979454037451254,1.8712443111203856,0.081197836594091,1.5512824899610187,0.0684400190057109,1.307544727169306,2.95542e-06,2.912096504052076e-06,2.95235e-06,2.8762222024912884e-06,2.70301e-06,2.719720866100346e-06,2.1591980000000004e-06,2.338613224283704e-06,1.813024e-06,2.080868676275194e-06,-0.1092698572416829,-10.926985724168294,0.2450334036568215,24.503340365682146,0.0730737177058866,7.307371770588676,15.737148399612025,64.70972606182458,58.59396700183324,2.8474743122300794e-06,2.6252787211475763e-06,2.2219559108250309e-07,2.3543101116135281e-07,-1.3235420078849676e-08,-0.4672369145638322,2.70301e-06,3.398211540455395e-07,3.382652308091079e-06,2.023367691908921e-06,0.5028781307439327,0.5954104817019574,3.2067142857142856e-07,11.320345556233578,3.257071428571428e-07,11.498116385679486,3.111809523809524e-07,10.985312683339302,602817995018.05,0.6437336309931833,7525714636467.0,1.866685800450323e-06,14.66221368761673,44.077947468943,45.95813568955678,54.597839135654255,61.315946378551416,-45.40216086434575,False,False,True,207,184,3,2,0,7474148537.6,-1.0,0,1,-0.11579058848448476,0
1755734400000,2.8327e-06,2.8327e-06,2.4782e-06,2.5047e-06,731304233251.0,2025-08-21,-0.1157905884844847,-0.1230613535440464,0.1157905884844847,0.0447238060796785,0.8544471154157119,0.1078061279934455,2.059633183366105,0.085684287579014,1.6369960156768737,0.0709230015048923,1.354982041209026,2.82378e-06,2.7762976693680505e-06,2.97353e-06,2.80867271109728e-06,2.69596e-06,2.6992422307915057e-06,2.182308e-06,2.345217803968525e-06,1.822514e-06,2.090380395790236e-06,-0.2081001612444275,-20.81001612444276,0.0923721051942954,9.237210519429537,-0.0532940242657897,-5.3294024265789774,0.0,52.19509931316132,52.082729548149125,2.794739801745944e-06,2.616344594233253e-06,1.783952075126916e-07,2.240238504311332e-07,-4.56286429184416e-08,-1.8217208814804808,2.69596e-06,3.425245506375768e-07,3.3810091012751533e-06,2.0109108987248464e-06,0.5082042027887309,0.3604041669100888,2.998857142857143e-07,11.972919482800908,3.314928571428572e-07,13.234832800050192,3.1187142857142864e-07,12.45144841982787,600938837205.8,1.2169362137607267,6794410403216.0,1.875255168261114e-06,16.393922145881216,-19.775997223587375,39.05171610617556,26.130363036303617,47.557019771605006,-73.86963696369638,False,True,False,207,184,3,2,0,7474148537.6,-1.0,0,1,0.05888928813830008,1
1755820800000,2.5047e-06,2.7338e-06,2.3e-06,2.6522e-06,1011464627094.0,2025-08-22,0.0588892881383,0.0572205173754342,0.0588892881383,0.0624806142155033,1.193690458516148,0.0744028248433365,1.4214639727421514,0.0850848557370956,1.625543886417056,0.0710701712511889,1.3577937152641275,2.7601e-06,2.734931779578701e-06,2.9533500000000003e-06,2.780223127250399e-06,2.705145e-06,2.694761927759313e-06,2.20874e-06,2.3574184957784105e-06,1.834027e-06,2.1029556779891173e-06,-0.1071837339258061,-10.718373392580617,-0.0707077785564119,-7.070777855641203,0.0744176625481061,7.441766254810616,18.30706218195361,57.49536765038189,47.95982602724048,2.772810601157042e-06,2.619001202688093e-06,1.5380939846894932e-07,2.099809600382165e-07,-5.6171561569267184e-08,-2.1179232927104734,2.705145e-06,3.385439324285856e-07,3.3822328648571717e-06,2.0280571351428285e-06,0.500592659437606,0.4609024155150319,3.19e-07,12.027750546715932,3.497e-07,13.185280144785455,3.23052380952381e-07,12.180543735479262,618766955996.05,1.6346455111938083,7805875030310.0,1.8861025113960003e-06,17.27116263792539,-30.885283063175947,36.50847217871027,38.30033003300331,39.676177401653725,-61.69966996699669,False,True,False,207,184,3,2,0,7474148537.6,-1.0,0,1,0.06111907095995761,1
1755907200000,2.6522e-06,2.9292e-06,2.5394e-06,2.8143e-06,724783698439.0,2025-08-23,0.0611190709599576,0.0593240785565162,0.0611190709599576,0.0728055146658424,1.3909474046497012,0.0545909823769884,1.0429592538843038,0.0844919061070689,1.6142155996415417,0.0713522648100836,1.363183105139523,2.73422e-06,2.7613878530524667e-06,2.90438e-06,2.786418922297743e-06,2.713e-06,2.7061467143080054e-06,2.2380260000000003e-06,2.3755671938004305e-06,1.847933e-06,2.118836800058341e-06,-0.0439582837925059,-4.395828379250602,-0.1482142857142857,-14.821428571428577,0.05912238446485,5.912238446485012,39.92263056092843,59.87285604573769,52.74908172635446,2.7791935856733064e-06,2.633471070867762e-06,1.457225148055443e-07,1.971292709913307e-07,-5.140675618578637e-08,-1.8266267343846203,2.713e-06,3.391948640375822e-07,3.3913897280751643e-06,2.034610271924836e-06,0.5001030063215364,0.5746620974697129,3.302857142857142e-07,11.735981035629258,3.614642857142857e-07,12.84384343226684,3.284428571428571e-07,11.67049913452216,635697254340.85,1.1401397339532686,8530658728749.0,1.8958937673377365e-06,18.41964821788213,14.93891629760049,38.26994120530931,51.67491749174916,38.7018701870187,-48.32508250825084,True,False,False,207,184,3,2,0,7474148537.6,-1.0,0,1,-0.07365952457094116,0
1755993600000,2.8143e-06,2.82e-06,2.553e-06,2.607e-06,385813240833.0,2025-08-24,-0.0736595245709411,-0.0765134278665131,0.0736595245709411,0.0788255098966904,1.505959252045929,0.056250401206339,1.0746624061043772,0.0863316191030427,1.6493632670784784,0.0724774464346621,1.384679669893583,2.68218e-06,2.709925235368311e-06,2.85355e-06,2.7537973000533374e-06,2.709015e-06,2.696704013820251e-06,2.263086e-06,2.384755734784022e-06,1.859963e-06,2.1297078572084118e-06,-0.0907505580357141,-9.075055803571416,-0.1631624562642442,-16.316245626424415,-0.029664644359251,-2.966464435925107,32.38832513861284,56.70357200581866,49.55374149659864,2.752702264523458e-06,2.631509837835773e-06,1.2119242668768493e-07,1.8194190213026934e-07,-6.074947544258443e-08,-2.3302445509238363,2.709015e-06,3.399873577757982e-07,3.3889897155515965e-06,2.029040284448404e-06,0.5020088228020859,0.4249861813484895,3.380142857142857e-07,12.965641952983722,3.633214285714286e-07,13.93638007562058,3.264e-07,12.520138089758342,626589841962.1,0.6157349114132884,8144845487916.0,1.9004189965942029e-06,20.08429950405082,-8.81611865031336,38.15299245808428,32.613868116927264,40.86303854722658,-67.38613188307274,False,False,True,207,184,3,2,0,7474148537.6,-1.0,0,1,-0.0827004219409283,0
1756080000000,2.607e-06,2.6071e-06,2.2665e-06,2.3914e-06,771367986498.0,2025-08-25,-0.0827004219409283,-0.0863211664480221,0.0827004219409283,0.0840336041203912,1.605459752480224,0.0581736222409502,1.11140549237934,0.0865076508631348,1.652726349132906,0.0736861725287621,1.407772349496734,2.59392e-06,2.603750156912207e-06,2.77467e-06,2.687906881847853e-06,2.7048900000000003e-06,2.667627005706259e-06,2.284232e-06,2.385019402572134e-06,1.870151e-06,2.13552121693349e-06,-0.15578776432379,-15.578776432379,-0.2480347147978114,-24.803471479781145,-0.0333481547354379,-3.334815473543799,28.27397260273973,51.84270587795113,46.72690297835096,2.6971173002587678e-06,2.6137204555632924e-06,8.339684469547495e-08,1.622328906429656e-07,-7.883604594749068e-08,-3.296648237329208,2.7048900000000003e-06,3.434727123153502e-07,3.3918354246307008e-06,2.0179445753693e-06,0.5079285476531027,0.2718232127621118,3.418142857142857e-07,14.293480208843595,3.775857142857143e-07,15.789316479288882,3.365238095238095e-07,14.07225096277534,643097126388.1,1.1994579898534492,7373477501418.0,1.906518625021127e-06,20.20366999782927,-63.14578631177705,36.75836205132019,11.018967798853131,31.769251135843188,-88.98103220114687,False,True,False,207,184,3,2,0,7474148537.6,-1.0,0,1,0.025298988040478365,1
1756166400000,2.3914e-06,2.5397e-06,2.3339e-06,2.4519e-06,618175973404.0,2025-08-26,0.0252989880404783,0.024984265704714,0.0252989880404783,0.0708593346831601,1.353765688287724,0.0601899391799145,1.1499271734096304,0.0837845183206933,1.6007009749588357,0.0735171250751071,1.4045427024294292,2.5833600000000003e-06,2.5531334379414714e-06,2.70357e-06,2.6449965396862546e-06,2.7151150000000003e-06,2.647081298259213e-06,2.307168e-06,2.387672218600745e-06,1.880655e-06,2.1425324981048883e-06,-0.0210803689064557,-2.108036890645576,-0.2247937019823578,-22.479370198235785,0.0909940375545075,9.09940375545076,33.015165031222125,40.743980479720086,49.77972399150744,2.6593915614749543e-06,2.601731590851269e-06,5.765997062368492e-08,1.413183066388167e-07,-8.365833601513176e-08,-3.411979934545934,2.7151150000000003e-06,3.319886178692531e-07,3.3790922357385063e-06,2.0511377642614942e-06,0.4890969522384915,0.3017891383676428,3.2550000000000005e-07,13.275419062767652,3.511571428571429e-07,14.321837875000728,3.346904761904763e-07,13.6502498548259,617957201568.95,1.0003540242503763,7991653474822.0,1.911492159229902e-06,20.78288274270448,-62.75571771649258,34.09448672916838,16.356418173798,19.996418029859463,-83.643581826202,False,False,True,207,184,3,2,0,7474148537.6,-1.0,0,1,-0.04943105346873866,0
1756252800000,2.4519e-06,2.4571e-06,2.3021e-06,2.3307e-06,377301729991.0,2025-08-27,-0.0494310534687386,-0.050694582565709,0.0494310534687386,0.0637065817233263,1.2171125348659677,0.0595101542715051,1.1369399009700103,0.0832444284626269,1.590382572708635,0.0740384046036844,1.4145017338393366,2.51906e-06,2.4789889586276475e-06,2.6395800000000004e-06,2.587851714280644e-06,2.711145e-06,2.6169493767235367e-06,2.326848e-06,2.385413432799952e-06,1.890722e-06,2.1466926705594907e-06,-0.1212201191463691,-12.122011914636913,-0.2154110280751363,-21.541102807513635,-0.0329446910916559,-3.2944691091655964,40.48348282651499,23.598980090055875,45.58843399540602,2.6088236286199774e-06,2.5816518203090124e-06,2.7171808310965004e-08,1.184890069729907e-07,-9.131719866202569e-08,-3.918015989274711,2.711145e-06,3.362751011566198e-07,3.38369520231324e-06,2.0385947976867603e-06,0.4961373901530458,0.2171623778481832,3.066428571428573e-07,13.15668499347223,3.136571428571429e-07,13.457636884075294,3.19352380952381e-07,13.701994291516751,607592744937.55,0.6209780039914401,7614351744831.0,1.9140397554598696e-06,24.109058207803876,-82.66865694175404,22.83171627674011,5.663872959858858,11.013086310836664,-94.33612704014114,False,True,False,207,184,3,2,0,7474148537.6,-1.0,0,1,0.03574033552151712,1
1756339200000,2.3307e-06,2.44e-06,2.2801e-06,2.414e-06,371021321211.0,2025-08-28,0.0357403355215171,0.035116471032992,0.0357403355215171,0.0557568722448567,1.0652335485343971,0.0622440156326846,1.189170248938262,0.0830624592573548,1.5869060559233192,0.0740076757485538,1.413914659886383,2.4390000000000003e-06,2.457325972418432e-06,2.58661e-06,2.5562423116804928e-06,2.71582e-06,2.5976206503092382e-06,2.348524e-06,2.386546319775493e-06,1.901869e-06,2.152588933773043e-06,-0.142237856660626,-14.223785666062602,-0.1799436083840064,-17.994360838400645,0.0402930402930403,4.029304029304031,35.98823529411764,29.823350020139245,46.36816450470128,2.5788507625177657e-06,2.569231244597748e-06,9.619517920017804e-09,9.671510916220105e-08,-8.709559124218325e-08,-3.607936671175776,2.71582e-06,3.3116957430804016e-07,3.3781591486160803e-06,2.05348085138392e-06,0.4877636578389438,0.2721560014755012,2.788428571428572e-07,11.551071132678423,2.893642857142858e-07,11.986921529175053,3.139428571428572e-07,13.005089359687538,605376107169.1,0.6128773779097338,7985373066042.0,1.916598326291922e-06,27.566569782222576,-80.39019334684492,30.301397508281696,14.000949216896084,12.00708011685098,-85.99905078310391,False,True,False,207,184,3,2,0,7474148537.6,-1.0,0,1,-0.0398094449047226,0
1756425600000,2.414e-06,2.4264e-06,2.222e-06,2.3179e-06,486437855975.0,2025-08-29,-0.0398094449047226,-0.0406235193268455,0.0398094449047226,0.0508063930191756,0.9706547757266296,0.0625971230478874,1.1959163566334436,0.0836313273239032,1.59777426507458,0.0743601779254754,1.4206492045204375,2.38118e-06,2.4108506482789544e-06,2.53168e-06,2.5129073459162863e-06,2.71414e-06,2.5709803210837374e-06,2.367438e-06,2.383826989740323e-06,1.91207e-06,2.1562271562454257e-06,-0.1108937476026085,-11.089374760260847,-0.1915806361607143,-19.15806361607143,-0.0142887518605145,-1.428875186051456,18.3418367346939,25.62885082810469,47.85572905212227,2.538704491179083e-06,2.550611447016563e-06,-1.1906955837480293e-08,7.499069616210909e-08,-8.689765199958937e-08,-3.74898192327492,2.71414e-06,3.331940534630803e-07,3.380528106926161e-06,2.04775189307384e-06,0.491049177217211,0.2026957745181473,2.460714285714286e-07,10.616136527521835,2.825357142857144e-07,12.189296962151705,3.151571428571429e-07,13.596666933739288,602336203819.95,0.8075852869046632,7498935210067.0,1.919508896945265e-06,31.122009081405743,-93.19793020128112,22.345437492814185,8.765996343692851,9.476939506815931,-91.23400365630717,False,True,False,207,184,3,2,0,7474148537.6,-1.0,0,1,0.02243409983174427,1
1756512000000,2.3179e-06,2.3699e-06,2.2597e-06,2.3699e-06,222862808386.0,2025-08-30,0.0224340998317442,0.0221861568155226,0.0224340998317442,0.0401318711693419,0.7667183221344857,0.06397171409385,1.2221778816925264,0.0833279550500977,1.5919783459216248,0.0735071499880047,1.404352128657924,2.3768800000000004e-06,2.397200432185969e-06,2.4854000000000004e-06,2.4869060102931224e-06,2.718875e-06,2.5518296404682447e-06,2.384876e-06,2.383275510555505e-06,1.921333e-06,2.160919388492852e-06,-0.0089905494689304,-0.899054946893039,-0.1633776961909132,-16.33776961909133,0.0416227144866385,4.16227144866386,31.14362971210436,28.018627342277423,51.76864658831682,2.5127345693595477e-06,2.5372236374505382e-06,-2.4489068090990913e-08,5.509474331137501e-08,-7.958381140236592e-08,-3.3581084181765446,2.718875e-06,3.272478312018521e-07,3.373370662403704e-06,2.0643793375962955e-06,0.4814459380469528,0.2334015945053383,2.0612857142857152e-07,8.697775071883688,2.682071428571429e-07,11.317234603027252,3.096857142857143e-07,13.067459145352728,592856177439.3,0.3759137829154491,7721798018453.0,1.920864745202209e-06,34.28943244133906,-91.47120081517376,26.01918647698048,15.718992454033366,12.828646004874102,-84.28100754596663,False,False,True,207,184,3,2,0,7474148537.6,-1.0,0,1,-0.003586649225705729,0
1756598400000,2.3699e-06,2.46e-06,2.3458e-06,2.3614e-06,361340834428.0,2025-08-31,-0.0035866492257057,-0.0035930966731447,0.0035866492257057,0.03735499741859,0.7136662236172778,0.0534597056028521,1.0213462414614465,0.0833477130105685,1.5923558212264028,0.0730686372578184,1.3959743547110204,2.35878e-06,2.3852669547906464e-06,2.47107e-06,2.4640867356929218e-06,2.7223e-06,2.533693335275582e-06,2.403526e-06,2.382409617778613e-06,1.931947e-06,2.1653124409518644e-06,-0.0369101513112281,-3.691015131122812,-0.05721244061165,-5.721244061165009,0.0298748310000436,2.9874831000043547,46.44212523719165,31.19753086419753,49.26410589621929,2.489452327844004e-06,2.5241980639468865e-06,-3.474573610288248e-08,3.71266474284411e-08,-7.187238353132358e-08,-3.0436344342899795,2.7223e-06,3.2288426963688933e-07,3.3680685392737787e-06,2.0765314607262216e-06,0.474428637015596,0.2205655137629785,1.843000000000001e-07,7.804692131786233,2.611571428571429e-07,11.059419956684296,3.036476190476191e-07,12.858796436335185,591492087894.55,0.6108971562311398,7360457184025.0,1.923339776296297e-06,36.9967601890125,-80.18486885532722,30.82630480594962,16.83574879227052,13.77357919666558,-83.16425120772948,True,False,False,207,184,3,2,0,7474148537.6,-1.0,0,1,-0.0302786482595071,0
1756684800000,2.3614e-06,2.5e-06,2.201e-06,2.2899e-06,474095522993.0,2025-09-01,-0.0302786482595071,-0.030746515000475,0.0302786482595071,0.0325847395705351,0.622530575394537,0.048944557794438,0.9350844637025996,0.0614527592886065,1.1740533177104646,0.0731992235872239,1.398469203031274,2.35062e-06,2.353477969860431e-06,2.43484e-06,2.4324164201107424e-06,2.694095e-06,2.5104747498545382e-06,2.419578e-06,2.378749176680281e-06,1.941667e-06,2.168036728976736e-06,-0.0175054704595186,-1.7505470459518644,-0.1366035743910716,-13.660357439107168,-0.1976524176594254,-19.765241765942545,31.276005547850204,30.361648444070653,49.5350674607998,2.458751969629792e-06,2.506840677193305e-06,-4.8088707563513474e-08,2.008357642998765e-08,-6.817228399350112e-08,-2.9770856366435705,2.694095e-06,3.351782879461712e-07,3.3644515758923424e-06,2.0237384241076573e-06,0.4976488029504101,0.1985223875353521,1.7835714285714295e-07,7.788861647108735,2.600857142857144e-07,11.35795075268415,3.111761904761905e-07,13.58907334277438,566632578961.65,0.8366894890896964,6886361661032.0,1.9261429270985024e-06,40.536147196892045,-85.80939183332879,30.833441186790665,10.47114252061245,14.34196125563878,-89.52885747938754,True,True,False,207,184,3,2,0,7474148537.6,-1.0,0,1,-0.011354207607318978,0
1756771200000,2.2899e-06,2.3496e-06,2.2541e-06,2.2639e-06,333744681475.0,2025-09-02,-0.0113542076073189,-0.0114191587362741,0.0113542076073189,0.0243055359379071,0.4643566120866013,0.0414639414016442,0.7921674881892284,0.0472879859117318,0.903435702321795,0.0732510849195004,1.3994600123932126,2.3206000000000003e-06,2.3236186465736206e-06,2.3798e-06,2.401777070998394e-06,2.64209e-06,2.486991282458204e-06,2.434462e-06,2.374206400445912e-06,1.950683e-06,2.1701286000914463e-06,-0.0621789560894781,-6.217895608947806,-0.1955726113065415,-19.557261130654155,-0.3148002421307506,-31.48002421307506,40.10077059869593,31.31156681742148,48.66699129587924,2.428774743463196e-06,2.488843175706728e-06,-6.006843224353204e-08,4.053174695236652e-09,-6.412160693876869e-08,-2.8323515587600463,2.64209e-06,3.156895908791956e-07,3.273469181758391e-06,2.0107108182416087e-06,0.4779391934100588,0.2005048543517537,1.626e-07,7.182296037810857,2.4405e-07,10.780069791068511,2.883047619047619e-07,12.734871765747688,527954509426.8,0.6321466632368506,6552616979557.0,1.927894858673145e-06,43.37771865731275,-88.52408057167273,31.7855113027461,7.514934289127822,11.607275200670264,-92.48506571087218,False,False,True,207,184,3,2,0,7474148537.6,-1.0,0,1,-0.007023278413357592,0
1756857600000,2.2639e-06,2.2899e-06,2.2227e-06,2.248e-06,303538247155.0,2025-09-03,-0.0070232784133575,-0.0070480577226785,0.0070232784133575,0.0189306786324239,0.36167010744835,0.0371427377611826,0.7096110085564729,0.0464053735771945,0.8865734173469398,0.0731976496924954,1.3984391338147064,2.30662e-06,2.2984124310490807e-06,2.3439e-06,2.3738176035431667e-06,2.598725e-06,2.464230069482258e-06,2.447932e-06,2.369216087105773e-06,1.95888e-06,2.1718244387114573e-06,-0.0301566072738254,-3.015660727382543,-0.1377061756808593,-13.770617568085934,-0.2784001540782589,-27.84001540782589,19.259259259259267,31.676590410529627,49.57834687170583,2.400963244414138e-06,2.4710012002967858e-06,-7.003795588264763e-08,-1.0765051420375001e-08,-5.927290446227262e-08,-2.6366950383573227,2.598725e-06,3.067063740263989e-07,3.212137748052797e-06,1.985312251947202e-06,0.4720874644703058,0.2141198963395097,1.500571428571428e-07,6.675139806812402,2.2835000000000006e-07,10.157918149466196,2.591238095238096e-07,11.526859854261993,484924451416.75,0.6259495603246773,6249078732402.0,1.9293177612846914e-06,43.73009104914639,-90.8823769138043,32.55805819831279,6.454270804723941,8.146782538154737,-93.54572919527608,False,True,False,207,184,3,2,0,7474148537.6,-1.0,0,1,-0.06436832740213527,0
1756944000000,2.248e-06,2.2544e-06,1.925e-06,2.1033e-06,729123525728.0,2025-09-04,-0.0643683274021352,-0.06653339213255,0.0643683274021352,0.0251572872059994,0.480629297214889,0.0336690836798368,0.6432469405147204,0.0468387870933374,0.8948537709463337,0.0739417245730184,1.412654664446949,2.2533e-06,2.2333749540327205e-06,2.31509e-06,2.3246325847157346e-06,2.5448800000000003e-06,2.4298555879653924e-06,2.4581820000000004e-06,2.3587049467340336e-06,1.964572e-06,2.170335094961063e-06,-0.1124941980674291,-11.249419806742909,-0.1204733628836666,-12.047336288366656,-0.3386265014778945,-33.86265014778945,16.321406151914644,35.78813199263561,47.17217515809569,2.355168899043416e-06,2.4437616143999678e-06,-8.859271535655157e-08,-2.6330584207639558e-08,-6.226213114891201e-08,-2.9602116269154197,2.5448800000000003e-06,2.934956533346212e-07,3.1318713066692428e-06,1.9578886933307578e-06,0.4613115798538575,0.1238615504327888,1.742714285714285e-07,8.285619197044097,2.2655714285714286e-07,10.77150871759344,2.51e-07,11.93362810821091,493761014388.65,1.4766729338296665,5519955206674.0,1.931030748755115e-06,45.85584992756476,-124.09039028065386,33.2673183685675,17.75542720573588,10.574877433195882,-82.24457279426413,False,True,False,207,184,3,2,0,7474148537.6,-1.0,0,1,-0.026387105976322767,0
1757030400000,2.1033e-06,2.182e-06,2.04e-06,2.0478e-06,415750795615.0,2025-09-05,-0.0263871059763227,-0.0267414937403151,0.0263871059763227,0.0226245712966607,0.432241827708234,0.0311385970081805,0.5949020605341889,0.0467444959640478,0.893052341450659,0.0740614169811614,1.4149413846937189,2.19058e-06,2.1715166360218137e-06,2.27468e-06,2.274299387493518e-06,2.489125e-06,2.393469160306439e-06,2.466538e-06,2.346419322546607e-06,1.9701510000000003e-06,2.1676769939319767e-06,-0.1328025747437959,-13.280257474379598,-0.1648109629267099,-16.48109629267099,-0.3525561984254955,-35.25561984254955,0.0,27.109528859263747,35.84024167486301,2.3078813760470456e-06,2.414428671670804e-06,-1.0654729562375835e-07,-4.2373926490887425e-08,-6.417336913287094e-08,-3.1337713220466314,2.489125e-06,2.752627144632644e-07,3.0396504289265287e-06,1.9385995710734714e-06,0.4423445418984813,0.0991783695981664,1.653571428571428e-07,8.07486780238025,2.057142857142857e-07,10.045623875099407,2.434761904761905e-07,11.889646961431316,494030983887.45,0.8415480185949556,5104204411059.0,1.9319663500686618e-06,48.36620888022045,-119.49256654673462,36.93107994287293,12.228639713204537,12.146112574554786,-87.77136028679547,False,False,True,207,184,3,2,0,7474148537.6,-1.0,0,1,0.020607481199335753,1
1757116800000,2.0478e-06,2.1089e-06,2.0101e-06,2.09e-06,217836234086.0,2025-09-06,0.0206074811993357,0.0203980198181402,0.0206074811993357,0.0311252431480602,0.5946469353948131,0.0310115588374561,0.5924749996903554,0.0465891850219282,0.890085130067751,0.0740846231004606,1.4153847369804136,2.1506e-06,2.1443444240145424e-06,2.25061e-06,2.2407904079486026e-06,2.445095e-06,2.364567205304586e-06,2.475396e-06,2.3362897744401848e-06,1.9764920000000003e-06,2.1659951600211804e-06,-0.0872963884885802,-8.729638848858029,-0.1032736945981894,-10.327369459818945,-0.2964384299468121,-29.64384299468121,11.860595840359707,19.828376239273524,25.112751127511277,2.274361164307545e-06,2.3903950574245733e-06,-1.1603389311702847e-07,-5.7105919816133343e-08,-5.8927973300895125e-08,-2.819520253631345,2.445095e-06,2.6440911775623784e-07,2.973913235512476e-06,1.9162767644875244e-06,0.4325543469783184,0.1642560939148788,1.6372857142857138e-07,7.833902939166094,1.8492857142857147e-07,8.848257006151744,2.333809523809524e-07,11.166552745500113,488288888500.5,0.4461216284379507,5322040645145.0,1.932389850727721e-06,52.67667889361037,-121.73230507100952,26.7921634548118,18.435754189944102,16.139940369628174,-81.56424581005591,False,True,False,207,184,3,2,0,7474148537.6,-1.0,0,1,0.010574162679426014,1
1757203200000,2.09e-06,2.1421e-06,2.0702e-06,2.1121e-06,189641425714.0,2025-09-07,0.010574162679426,0.0105186472312399,0.010574162679426,0.03368358161202,0.6435239231201655,0.0276947102138455,0.5291066957122549,0.0469566777442894,0.8971060686703016,0.0737955065543419,1.4098611731225,2.12024e-06,2.133596282676362e-06,2.22042e-06,2.2173921519575823e-06,2.403515e-06,2.3405226115510604e-06,2.482956e-06,2.3274359685371358e-06,1.983973e-06,2.1648303961059e-06,-0.0670524316445072,-6.705243164450724,-0.1250621375310687,-12.506213753106875,-0.2825016136155178,-28.250161361551783,20.985639686684067,25.623091321052115,27.926421404682287,2.249397908235052e-06,2.369779130785176e-06,-1.2038122255012377e-07,-6.976098036294359e-08,-5.0620242187180177e-08,-2.3966782911405797,2.403515e-06,2.466653652111244e-07,2.896845730422249e-06,1.910184269577752e-06,0.4105077192547154,0.2046454011180553,1.5768571428571421e-07,7.465826158122921,1.7099285714285717e-07,8.095869378479104,2.266666666666667e-07,10.73181509713871,478669470314.8,0.3961845019889844,5511682070859.0,1.9328591395618914e-06,56.31718163655676,-105.5035127447876,31.00824699179499,27.429995601817904,19.364796501655515,-72.57000439818209,True,False,False,207,184,3,2,0,7474148537.6,-1.0,0,1,0.025188201316225456,1
1757289600000,2.1121e-06,2.1998e-06,2.0736e-06,2.1653e-06,301425907902.0,2025-09-08,0.0251882013162254,0.0248762067761474,0.0251882013162254,0.0379934661577097,0.7258641517509449,0.0283031036031452,0.5407300350943953,0.047736512068366,0.912004782512372,0.0707536472545146,1.3517465327985665,2.1037000000000003e-06,2.144164188450908e-06,2.20516e-06,2.2079208516015374e-06,2.36842e-06,2.323834682239583e-06,2.486262e-06,2.3210345918765822e-06,1.991261e-06,2.164840526692827e-06,-0.036788256227758,-3.678825622775804,-0.065835454506234,-6.583545450623412,-0.2448032924107143,-24.48032924107143,35.221822541966375,36.74211328720534,27.55341265979564,2.236459768495541e-06,2.354631523022064e-06,-1.1817175452652313e-07,-7.944313519566696e-08,-3.872861933085616e-08,-1.7886029340440663,2.36842e-06,2.263139031010748e-07,2.821047806202149e-06,1.9157921937978503e-06,0.3822192062236846,0.2756213855879593,1.3299999999999996e-07,6.142335934974367,1.5567857142857144e-07,7.189699876625477,2.177238095238096e-07,10.055133677726392,470754243346.95,0.640304176036596,5813107978761.0,1.933760940882489e-06,59.555157778891605,-88.46890573039425,39.38530398086749,39.09224011713026,28.31932996963076,-60.90775988286974,True,False,False,207,184,3,2,0,7474148537.6,-1.0,0,1,-0.057959636078141585,0
1757376000000,2.1653e-06,2.1653e-06,1.99e-06,2.0398e-06,380268282748.0,2025-09-09,-0.0579596360781415,-0.0597071561498262,0.0579596360781415,0.0356019104397424,0.6801735439137547,0.0305271152622253,0.5832197181809915,0.048789255454857,0.9321174166709592,0.0687933687937246,1.3142954653905383,2.091e-06,2.1093761256339387e-06,2.17215e-06,2.177353424037302e-06,2.328775e-06,2.2967836698592875e-06,2.481762e-06,2.309933970006902e-06,1.996834e-06,2.162147842551299e-06,-0.0301906527837207,-3.0190652783720773,-0.139288577577113,-13.928857757711295,-0.2799096268577682,-27.99096268577682,26.511732851985528,27.54712869129344,26.2949048081388,2.2062044194743785e-06,2.3313092360300736e-06,-1.251048165556951e-07,-8.85754714676782e-08,-3.65293450880169e-08,-1.7908297425246058,2.328775e-06,2.0952858585280026e-07,2.7478321717056e-06,1.909717828294399e-06,0.3598949419378004,0.1552081440059297,1.4439999999999997e-07,7.079125404451416,1.5349999999999996e-07,7.525247573291498,2.108333333333333e-07,10.335980651697875,470364946646.3,0.8084537027244721,5432839696013.0,1.93445715440644e-06,62.61062781025117,-113.96455333161136,28.756570344225167,19.9652173913043,28.82915103675082,-80.03478260869569,False,True,False,207,184,3,2,0,7474148537.6,-1.0,0,1,-0.06039807824296495,0
1757462400000,2.0398e-06,2.0618e-06,1.9e-06,1.9166e-06,409422451088.0,2025-09-10,-0.0603980782429649,-0.0622989809067558,0.0603980782429649,0.0430397338783977,0.822272961186249,0.0334275378562336,0.638632214034358,0.0441230914142279,0.8429704778467247,0.0692215582117302,1.322476012735159,2.0647600000000003e-06,2.0451174170892926e-06,2.12767e-06,2.129943710575569e-06,2.29937e-06,2.2605755919906394e-06,2.476028e-06,2.294412632515192e-06,2.00109e-06,2.1568692398957945e-06,-0.0640687567145229,-6.406875671452296,-0.1883628356059964,-18.836283560599643,-0.2347985786720964,-23.479857867209645,27.86341000711405,27.487224094813516,27.084963909905213,2.161649893374173e-06,2.3005882850541307e-06,-1.389383916799579e-07,-9.86480555101391e-08,-4.0290336169818803e-08,-2.102177615038026,2.29937e-06,2.2428692643224147e-07,2.747943852864483e-06,1.850796147135517e-06,0.3901710928336744,0.073347847232151,1.5791428571428565e-07,8.239292795277347,1.5398571428571425e-07,8.034316721575406,2.048714285714286e-07,10.689315901671115,454270857538.15,0.9012738640264116,5023417244925.0,1.9345991526513907e-06,62.16830006040762,-139.06159683670336,28.981582228260063,2.766666666666662,20.608041391700407,-97.23333333333332,False,True,False,207,184,3,2,0,7474148537.6,-1.0,0,1,0.085985599499113,1
1757548800000,1.9166e-06,2.171e-06,1.856e-06,2.0814e-06,786160919012.0,2025-09-11,0.085985599499113,0.0824879612940971,0.085985599499113,0.0615319637160263,1.1755665161716249,0.0469807320287779,0.8975656251301857,0.0467628530051727,0.8934030522289138,0.0696786215155992,1.3312081948946437,2.06304e-06,2.0572116113928618e-06,2.1068200000000004e-06,2.1211175813799494e-06,2.27083e-06,2.243511203285989e-06,2.476378e-06,2.2860090099855404e-06,2.00741e-06,2.155249604708432e-06,-0.004114832535885,-0.4114832535885071,-0.0910520110048472,-9.105201100484727,-0.2152175552371615,-21.521755523716163,53.163841807909606,33.389932081502195,32.313246092628304,2.1493037559256093e-06,2.284351260200757e-06,-1.3504750427514757e-07,-1.0592794526314367e-07,-2.9119559012003916e-08,-1.399037139041218,2.27083e-06,2.130627733050091e-07,2.696955546610018e-06,1.8447044533899816e-06,0.3753037846162135,0.2777298245705009,1.5585714285714284e-07,7.488091806339138,1.6506428571428568e-07,7.93044516740106,2.029904761904762e-07,9.752593263691562,443005672134.05,1.77460689210795,5809578163937.0,1.935694169096676e-06,60.3998674947627,-96.28542516904206,33.18182692121118,34.99999999999999,19.243961352656985,-65.0,True,True,False,207,184,3,2,0,7474148537.6,-1.0,0,1,0.10934947631401926,1
1757635200000,2.0814e-06,2.5e-06,2.05e-06,2.309e-06,667813241323.0,2025-09-12,0.1093494763140192,0.1037737861507362,0.1093494763140192,0.0789065326856518,1.507507190255564,0.0598993422664124,1.1443753271725672,0.0516644498295365,0.987047928070808,0.0711607189311084,1.359523626260007,2.10242e-06,2.1411410742619075e-06,2.11133e-06,2.1552780211292447e-06,2.245565e-06,2.2497482469580736e-06,2.479814e-06,2.2869158204888785e-06,2.015858e-06,2.158543756603461e-06,0.0932247526158798,9.322475261587982,0.0199213746190201,1.992137461902018,-0.179547311942579,-17.9547311942579,65.28475711892798,49.6071333980754,39.218943139678615,2.17387240887088e-06,2.2861771818661657e-06,-1.1230477299528628e-07,-1.0720331080957257e-07,-5.101462185713716e-09,-0.2209381630885108,2.245565e-06,1.710417101331246e-07,2.587648420266249e-06,1.903481579733751e-06,0.3046746990323141,0.5927186122476019,1.998571428571429e-07,8.655571366701727,1.8260714285714282e-07,7.908494710140443,2.0376190476190478e-07,8.824681886613458,440157149278.25,1.517215481829729,6477391405260.0,1.938877280437322e-06,55.75310784547934,15.88856567258461,44.30230763204592,70.34161490683223,36.03609385783296,-29.658385093167755,True,False,False,207,184,3,2,0,7474148537.6,-1.0,0,1,-0.0700303161541792,0
1757721600000,2.309e-06,2.338e-06,2.11e-06,2.1473e-06,426611274481.0,2025-09-13,-0.0700303161541792,-0.0726032913814087,0.0700303161541792,0.0883921255740508,1.6887291879330606,0.0642888654573022,1.2282370499835509,0.0514297144492916,0.9825633149281132,0.0714446133302561,1.3649474211401258,2.09882e-06,2.143194049507938e-06,2.1012600000000003e-06,2.1538274718330114e-06,2.22258e-06,2.23999124924126e-06,2.4774520000000004e-06,2.281410339991009e-06,2.023333e-06,2.1583032459167518e-06,-0.0083129358518448,-0.8312935851844852,-0.0447953736654802,-4.479537366548031,-0.1763329497506712,-17.633294975067127,52.05607476635515,41.04153251770767,37.3821796759941,2.169784345966154e-06,2.2758895184496373e-06,-1.061051724834833e-07,-1.0698368314435469e-07,8.785106608713845e-10,0.0409123392572711,2.22258e-06,1.494383541270821e-07,2.521456708254164e-06,1.923703291745836e-06,0.2689457371650641,0.3740617821312762,2.183142857142857e-07,10.166920584654482,1.9102142857142853e-07,8.895889189746589,1.960571428571429e-07,9.130402964520227,442197050960.65,0.9647537756170224,6050780130779.0,1.9403738213079967e-06,51.13048394225279,-15.665814310128448,38.86263907855712,45.23291925465839,50.19151138716354,-54.76708074534161,False,False,True,207,184,3,2,0,7474148537.6,-1.0,0,1,-0.0012108228938667587,0
1757808000000,2.1473e-06,2.198e-06,2.0515e-06,2.1447e-06,283954471706.0,2025-09-14,-0.0012108228938667,-0.0012115565321707,0.0012108228938667,0.0822998146124522,1.5723357504407454,0.0605561369096103,1.156923371212046,0.0483711591008724,0.9241296970437106,0.0711410808682132,1.3591484415951942,2.1198000000000004e-06,2.143696033005292e-06,2.1054e-06,2.15216793149973e-06,2.210245e-06,2.2309158738112543e-06,2.47705e-06,2.27602060315455e-06,2.030705e-06,2.158012725866287e-06,0.0514266104520051,5.142661045200512,0.0196833547282841,1.96833547282842,-0.1031613280923309,-10.316132809233087,48.72113235659301,41.23736352608168,42.47050949552413,2.165925215816306e-06,2.266171369831944e-06,-1.0024615401563817e-07,-1.056361773186111e-07,5.3900233029729274e-09,0.2513182870785157,2.210245e-06,1.4488228788263228e-07,2.500009575765265e-06,1.9204804242347355e-06,0.2622013177410329,0.3868995635044472,2.2897142857142853e-07,10.676151842748569,1.9332857142857138e-07,9.014247746937633,1.9031904761904766e-07,8.873923980931956,417826375221.05,0.6795992032713938,5766825659073.0,1.941104124468009e-06,48.23913943886813,-44.41050647947192,32.856987798735574,44.82919254658383,53.46790890269149,-55.170807453416174,False,True,False,207,184,3,2,0,7474148537.6,-1.0,0,1,-0.036182216627034025,0
1757894400000,2.1447e-06,2.2031e-06,2.0094e-06,2.0671e-06,341186654207.0,2025-09-15,-0.036182216627034,-0.0368530236357254,0.036182216627034,0.0774919370912646,1.48048137937197,0.061170676264654,1.1686641291048578,0.0483424937569587,0.9235820464171992,0.0712816366164649,1.3618337553950706,2.1499e-06,2.118164022003528e-06,2.10733e-06,2.136701034863367e-06,2.191005e-06,2.215314333463803e-06,2.474114e-06,2.2677857323345137e-06,2.037166e-06,2.156074146562769e-06,0.0785244704163623,7.852447041636235,0.0094247485105967,0.942474851059672,-0.1569395162934866,-15.693951629348671,51.80198019801981,41.03492676645743,37.39388977463695,2.1507213364559217e-06,2.2514247712791574e-06,-1.0070343482323569e-07,-1.0464962881953586e-07,3.946193996300191e-09,0.1909048423540317,2.191005e-06,1.3640428869241944e-07,2.463813577384839e-06,1.9181964226151607e-06,0.2490259742764978,0.2729085331778033,2.3861428571428565e-07,11.54343213750112,1.858071428571428e-07,8.988783457846393,1.8332380952380955e-07,8.868647357351337,403976909261.2,0.8445696929336087,5425639004866.0,1.9417995980578598e-06,45.00921015077482,-58.80483964766451,33.89926141480265,32.77950310559005,40.947204968944085,-67.22049689440995,True,True,False,207,184,3,2,0,7474148537.6,-1.0,0,1,0.015093609404479569,1
1757980800000,2.0671e-06,2.145e-06,2.0353e-06,2.0983e-06,339317613267.0,2025-09-16,0.0150936094044795,0.0149808342554588,0.0150936094044795,0.0677164212832369,1.2937204120922807,0.0610148992328146,1.1656880130903564,0.0475367031966324,0.9081874393778662,0.0708053401915455,1.3527341249738554,2.15328e-06,2.111542681335685e-06,2.10816e-06,2.129719028524555e-06,2.179385e-06,2.2041700927741906e-06,2.469148e-06,2.261106576741845e-06,2.043819e-06,2.1548440700188677e-06,0.0081195349284135,0.8119534928413465,0.0039712918660286,0.3971291866028703,-0.0997125327154933,-9.971253271549324,63.65138993238167,43.36432120532135,33.651475020549825,2.1426565154608945e-06,2.2400817888411803e-06,-9.742527338028583e-08,-1.0320475773168566e-07,5.779484351399847e-09,0.2754365129581017,2.179385e-06,1.3375065282674198e-07,2.446886305653484e-06,1.911883694346516e-06,0.2454832951988604,0.3484399920929057,2.292428571428571e-07,10.925170716430308,1.8682142857142854e-07,8.903466071173263,1.78747619047619e-07,8.518687463547586,402077703425.0,0.8439105436004195,5764956618133.0,1.942483473292322e-06,41.69322531973868,-53.35464609316876,34.04819147215427,37.62422360248443,38.4109730848861,-62.37577639751557,False,False,True,207,184,3,2,0,7474148537.6,-1.0,0,1,-0.006290806843635144,0
1758067200000,2.0983e-06,2.13e-06,1.945e-06,2.0851e-06,649655541137.0,2025-09-17,-0.0062908068436351,-0.006310677347174,0.0062908068436351,0.0336788237215449,0.6434330237502713,0.0609859024745143,1.1651340308008804,0.046598763293881,0.8902681226964663,0.0652271460131613,1.246162874833434,2.1085e-06,2.1027284542237902e-06,2.10546e-06,2.1216064778837097e-06,2.16294e-06,2.192830066947861e-06,2.454954e-06,2.2541717815201447e-06,2.048719e-06,2.153361348331584e-06,-0.09696838458207,-9.696838458207004,-0.0127834856304152,-1.2783485630415183,-0.1362468931234465,-13.624689312344652,50.35999221638452,43.458356758493295,36.92438743298091,2.133801666926769e-06,2.228601275112311e-06,-9.479960818554193e-08,-1.0152372782245675e-07,6.724119636914827e-09,0.3224842759059434,2.16294e-06,1.2318838974684982e-07,2.4093167794936994e-06,1.9165632205063004e-06,0.2278165640227649,0.3420305676534133,2.325571428571428e-07,11.153284871571762,1.9523571428571426e-07,9.363374144439796,1.8017619047619042e-07,8.64112946507076,416009414421.3,1.561636632768802,5115301076996.0,1.943436272969899e-06,38.614564145333965,-71.16069715248751,32.33403897725407,35.57453416149069,35.32608695652173,-64.42546583850931,False,True,False,207,184,3,2,0,7474148537.6,-1.0,0,1,-0.009687784758524942,0
1758153600000,2.0851e-06,2.0999e-06,1.97e-06,2.0649e-06,379342296348.0,2025-09-18,-0.0096877847585249,-0.009735016641047,0.0096877847585249,0.0185662460658766,0.3547076330405335,0.0604023767881655,1.153985788216529,0.045940244349274,0.8776871359248217,0.0647005773375169,1.2361027944106928,2.09202e-06,2.090118969482527e-06,2.09542e-06,2.111296209177563e-06,2.15029e-06,2.1806462345316704e-06,2.443798e-06,2.246715706995111e-06,2.052912e-06,2.1514834443203463e-06,-0.0383737717133144,-3.8373771713314513,-0.0463677088625132,-4.636770886251324,-0.109150524181371,-10.915052418137105,10.179445350734042,48.28663216134214,40.93206687774259,2.1232014104747947e-06,2.216474881891769e-06,-9.327347141697488e-08,-9.987367654136022e-08,6.600205124385354e-09,0.3196380030212288,2.15029e-06,1.1936917480965334e-07,2.3890283496193066e-06,1.9115516503806937e-06,0.2220522344607531,0.3211640481385509,2.0611428571428567e-07,9.981804722470129,1.8098571428571424e-07,8.764865818476162,1.78747619047619e-07,8.656478233697468,410654636439.95,0.9237501849159596,4735958780648.0,1.943942988080395e-06,35.566373844830494,-71.66771169901324,34.33180129681095,32.43788819875773,35.21221532091095,-67.56211180124228,False,False,True,207,184,3,2,0,7474148537.6,-1.0,0,1,-0.06494261223303799,0
1758240000000,2.0649e-06,2.0691e-06,1.91e-06,1.9308e-06,392760308073.0,2025-09-19,-0.0649426122330379,-0.0671473742860904,0.0649426122330379,0.0308493915759091,0.5893767985087113,0.0611424699429151,1.168125248084683,0.0473494657966601,0.9046102738741234,0.0652769677789403,1.2471147183321507,2.04924e-06,2.0370126463216845e-06,2.08452e-06,2.078478716599778e-06,2.128335e-06,2.1568513258681363e-06,2.429618e-06,2.234272899545457e-06,2.056738e-06,2.146805333677188e-06,-0.0997342285634355,-9.973422856343554,-0.0534366114324934,-5.343661143249346,-0.1852820794126335,-18.528207941263357,11.186805306561425,45.12174783188791,36.09584289449809,2.0936011934746507e-06,2.195313177080946e-06,-1.0171198360629537e-07,-1.0024133795434729e-07,-1.470645651948087e-09,-0.0761676844804271,2.128335e-06,1.1721277671959033e-07,2.3627605534391807e-06,1.8939094465608192e-06,0.2202900891440311,0.0786828758596734,1.6455714285714273e-07,8.52274408831276,1.822071428571428e-07,9.436872946817008,1.7659047619047616e-07,9.14597452819951,419149511424.3,0.9370410733353176,4343198472575.0,1.9440768127912426e-06,32.488730578579435,-116.15681046294252,34.60263839068986,11.614906832298088,26.54244306418217,-88.38509316770191,False,True,False,207,184,3,2,0,7474148537.6,-1.0,0,1,-0.06173606795110831,0
1758326400000,1.9308e-06,1.9413e-06,1.8116e-06,1.8116e-06,451661756246.0,2025-09-20,-0.0617360679511083,-0.0637239921042789,0.0617360679511083,0.0358316614420406,0.6845629306494856,0.0612813159405259,1.1707778971444294,0.0487546555587025,0.9314563865830858,0.0657724735004205,1.256581341848862,1.99814e-06,1.9618750975477898e-06,2.07402e-06,2.029955313581581e-06,2.100845e-06,2.1239702107263283e-06,2.412936e-06,2.2176281449505605e-06,2.0600570000000003e-06,2.1397094633359622e-06,-0.1236031154757874,-12.36031154757874,-0.0547845142439736,-5.478451424397373,-0.2328279833996781,-23.282798339967812,7.888748419721836,39.092618711800654,36.13440888936374,2.0502163944735632e-06,2.166889229523237e-06,-1.1667283504967373e-07,-1.0352763737341273e-07,-1.3145197676260996e-08,-0.7256125897693197,2.100845e-06,1.239536478518896e-07,2.348752295703779e-06,1.8529377042962208e-06,0.2360072215739658,-0.0833733113397653,1.5051428571428562e-07,8.308361984670215,1.844142857142857e-07,10.17963599659338,1.7751904761904757e-07,9.799020071707195,423665557515.2,1.066080893842298,3891536716329.0,1.9435521634155668e-06,26.685100886331533,-192.7417127246835,33.52732749625068,0.0,14.68426501035194,-100.0,False,True,False,207,184,3,2,0,7474148537.6,-1.0,0,1,-0.03306469419297853,0
1758412800000,1.8116e-06,1.889e-06,1.7488e-06,1.7517e-06,632444320720.0,2025-09-21,-0.0330646941929785,-0.0336236877244571,0.0330646941929785,0.0277486239773084,0.5301367167169525,0.052848773258907,1.0096743954189145,0.0488134168742957,0.9325790199411946,0.0652989583545132,1.2475348476885626,1.92882e-06,1.8918167316985263e-06,2.04105e-06,1.9793634383848822e-06,2.073935e-06,2.0885158693466646e-06,2.3986e-06,2.199283019287917e-06,2.062482e-06,2.1315070074507515e-06,-0.1651813372730304,-16.518133727303045,-0.1584029979821274,-15.84029979821274,-0.2350320974715052,-23.50320974715052,8.2583377448385,36.28614916286149,32.085474709223675,2.004290795319317e-06,2.1361337211183915e-06,-1.318429257990747e-07,-1.0919069505854538e-07,-2.2652230740529338e-08,-1.2931569755397234,2.073935e-06,1.3833656621671798e-07,2.350608132433436e-06,1.7972618675665642e-06,0.2668098396848848,-0.0823388002402541,1.4961428571428566e-07,8.541090695569196,1.892928571428571e-07,10.806237206305708,1.7875714285714284e-07,10.20478066205074,431582997401.55,1.465406015824961,3259092395609.0,1.942351523948146e-06,21.852909545530423,-214.7857753475008,28.623310331786016,0.3860489882854108,4.000318606861167,-99.6139510117146,False,True,False,207,184,3,2,0,7474148537.6,-1.0,0,1,-0.07033167779870986,0
1758499200000,1.7517e-06,1.7629e-06,1.58e-06,1.6285e-06,758994488807.0,2025-09-22,-0.0703316777987098,-0.0729273992413134,0.0703316777987098,0.0258133369226857,0.493163109453346,0.0319626180084728,0.6106449596400325,0.0505120423358264,0.9650312138173348,0.0648678945435312,1.2392993851432363,1.8375e-06,1.8040444877990171e-06,1.973e-06,1.915570085951218e-06,2.042165e-06,2.044704794373596e-06,2.378026e-06,2.1768129533169457e-06,2.063577e-06,2.120887729549336e-06,-0.2189823030070501,-21.89823030070501,-0.2947163274144651,-29.471632741446516,-0.2806661071602103,-28.066610716021028,0.0,30.606936416184965,31.621880998080613,1.946476826803894e-06,2.0985303734425644e-06,-1.520535466386705e-07,-1.1776326537457069e-07,-3.4290281264099835e-08,-2.105635938845553,2.042165e-06,1.631502513022914e-07,2.3684655026045828e-06,1.715864497395417e-06,0.3195633091396463,-0.1338712271327498,1.4807142857142856e-07,9.09250405719549,1.933428571428571e-07,11.87245054607658,1.7322857142857138e-07,10.637308653888326,452845487768.15,1.676056203072059,2500097906802.0,1.939583944850234e-06,19.849844593316288,-253.95594334033512,22.667446029339786,5.271739130434786,1.885929372906732,-94.72826086956522,False,True,False,207,184,3,2,0,7474148537.6,-1.0,0,1,-0.06699416641080747,0
1758585600000,1.6285e-06,1.6555e-06,1.502e-06,1.5194e-06,688513820693.0,2025-09-23,-0.0669941664108074,-0.0693438256471669,0.0669941664108074,0.0150573742773652,0.2876707316481147,0.0315929113182577,0.6035817232410241,0.0517691844454112,0.9890488800975392,0.0653424979631336,1.2483666707432866,1.7283999999999998e-06,1.7091629918660116e-06,1.91021e-06,1.8435391612327692e-06,2.005735e-06,1.994675725220649e-06,2.35468e-06,2.150936436792692e-06,2.0627590000000003e-06,2.108205975137038e-06,-0.2641774420068767,-26.41774420068768,-0.292413728868812,-29.241372886881205,-0.3241103202846974,-32.41103202846975,0.0,30.973968996782677,27.99710249909451,1.8807726995987185e-06,2.0556309295726533e-06,-1.748582299739348e-07,-1.291822582944438e-07,-4.5675971679490994e-08,-3.006184788698893,2.005735e-06,1.9332470442782565e-07,2.3923844088556514e-06,1.6190855911443486e-06,0.3855438618318486,-0.1289095351773374,1.5432857142857144e-07,10.157204911713269,1.9178571428571426e-07,12.622463754489551,1.7599047619047617e-07,11.582892996608935,472094266445.05,1.4584244495863634,1811584086109.0,1.9362628652045147e-06,17.513799690385078,-234.9107405586772,22.203816285387205,1.743486973947899,2.467091697556032,-98.2565130260521,False,True,False,207,184,3,2,0,7474148537.6,-1.0,0,1,0.052323285507437145,1
1758672000000,1.5194e-06,1.6831e-06,1.4428e-06,1.5989e-06,881591024601.0,2025-09-24,0.0523232855074371,0.0510003727222534,0.0523232855074371,0.0515054819704427,0.9840108513872056,0.0408563629628448,0.7805597184145353,0.0528493014094858,1.009684485721554,0.0651196235901503,1.2441086618261474,1.66202e-06,1.6724086612440078e-06,1.85563e-06,1.799059313735879e-06,1.980515e-06,1.95698277098082e-06,2.33718e-06,2.12921081885142e-06,2.062288e-06,2.09748152758573e-06,-0.17189765900145,-17.18976590014501,-0.2544878071525155,-25.448780715251544,-0.2398136262064374,-23.981362620643743,12.72,38.00135961930659,30.97270050406746,1.837407668888668e-06,2.0217983533441733e-06,-1.8439068445550549e-07,-1.4022394352665637e-07,-4.416674092884912e-08,-2.762320403330359,1.980515e-06,2.1193211493802958e-07,2.404379229876059e-06,1.5566507701239406e-06,0.4280343545755111,0.0498381638483783,1.6222857142857146e-07,10.146261268908088,1.9739285714285717e-07,12.345541130956104,1.842333333333333e-07,11.52250505555903,479717641388.7,1.837729006690156,2693175110710.0,1.9322705616649183e-06,14.855136152060698,-177.81629710990595,30.77997589635001,14.765418085508896,7.26021472996386,-85.2345819144911,True,True,False,207,184,3,2,0,7474148537.6,-1.0,0,1,-0.10282068922384147,0
1758758400000,1.5989e-06,1.6001e-06,1.3381e-06,1.4345e-06,1174876405784.0,2025-09-25,-0.1028206892238414,-0.1084995363699552,0.1028206892238414,0.0593286629319878,1.1334725137971202,0.0472418540265846,0.9025543538935656,0.0565548865883557,1.0804795911598464,0.0654378699797727,1.250188750562779,1.5866e-06,1.593105774162672e-06,1.79237e-06,1.7327758021475096e-06,1.94985e-06,1.9072224736002747e-06,2.320922e-06,2.1018740122020363e-06,2.060706e-06,2.08353863482862e-06,-0.2081585338926915,-20.815853389269154,-0.30603260606647,-30.603260606647,-0.2994921379040922,-29.949213790409225,12.131848008545704,25.56101246694369,29.60030525612896,1.7754218736719356e-06,1.978293991139022e-06,-2.0287211746708639e-07,-1.5275357831474256e-07,-5.0118539152343775e-08,-3.4937984769845776,1.94985e-06,2.436766051444779e-07,2.437203210288956e-06,1.4624967897110444e-06,0.4998878993655467,-0.0287233049049219,1.8110000000000005e-07,12.624607877309169,1.9360714285714285e-07,13.496489568291588,1.810238095238095e-07,12.61929658583545,517673921897.15,2.2695298257991467,1518298704926.0,1.9253821403754828e-06,14.816405631564823,-180.58025063525272,19.719667488860708,8.296755314570964,8.268553458009253,-91.70324468542904,False,True,False,207,184,3,2,0,7474148537.6,-1.0,0,1,0.039735099337748325,1
1758844800000,1.4345e-06,1.602e-06,1.4312e-06,1.4915e-06,638979504015.0,2025-09-26,0.0397350993377483,0.0389659685333837,0.0397350993377483,0.0706000030855969,1.3488111650729693,0.0506554253534406,0.9677705425225382,0.0573647076829282,1.0959512014478343,0.064789643837034,1.2378044074947174,1.53456e-06,1.5592371827751146e-06,1.73169e-06,1.688907474484311e-06,1.919925e-06,1.8676298329667368e-06,2.30255e-06,2.0778590744369017e-06,2.059243e-06,2.071102991524921e-06,-0.1485414169092881,-14.854141690928817,-0.2891864842968116,-28.918648429681166,-0.2863636363636362,-28.636363636363637,23.01466868993425,14.545927660681755,31.848091746568898,1.731741585412872e-06,1.942234577987752e-06,-2.104929925748797e-07,-1.6430146116677013e-07,-4.6191531408109573e-08,-3.0969850089245434,1.919925e-06,2.6164661357399184e-07,2.4432182271479838e-06,1.396631772852016e-06,0.5451184053001902,0.0906453802823211,1.8277142857142866e-07,12.254202384943254,1.736642857142857e-07,11.643599444471048,1.8239523809523808e-07,12.228980093545966,538731085393.6,1.1860824840804536,2157278208941.0,1.922115745971903e-06,21.605731612220158,-133.81807790310918,16.540682565076168,15.34153415341535,12.80123585116507,-84.65846584658465,True,False,False,207,184,3,2,0,7474148537.6,-1.0,0,1,-0.03359034528997651,0
1758931200000,1.4915e-06,1.5278e-06,1.4121e-06,1.4414e-06,566641457565.0,2025-09-27,-0.0335903452899765,-0.0341674614644625,0.0335903452899765,0.067129735210472,1.2825117904102303,0.0498218897577157,0.9518458673261884,0.057171259565573,1.092255380355096,0.0647581941120518,1.2372035613425865,1.49714e-06,1.5199581218500764e-06,1.6673199999999998e-06,1.643906115487151e-06,1.88639e-06,1.827036493185293e-06,2.284968e-06,2.052821058047992e-06,2.057805e-06,2.0578921066609256e-06,-0.114891003991403,-11.489100399140304,-0.3087142103496235,-30.871421034962356,-0.3175512523081293,-31.755125230812936,23.40133721926968,16.104868913857672,31.34425016190211,1.687073649193912e-06,1.9051351497397688e-06,-2.180615005458568e-07,-1.750534690425876e-07,-4.300803150326922e-08,-2.983767968868407,1.88639e-06,2.7817857554948016e-07,2.4427471510989605e-06,1.3300328489010397e-06,0.5898643982410429,0.1000860246686676,1.8077142857142866e-07,12.541378421772489,1.6564285714285714e-07,11.491803603639315,1.8320000000000003e-07,12.709865408630495,557581086986.15,1.0162494223536584,1590636751376.0,1.9189320094390383e-06,28.39580258796909,-126.0910098479514,16.670021827078116,11.942196531791922,11.860161999926078,-88.05780346820808,False,True,False,207,184,3,2,0,7474148537.6,-1.0,0,1,0.038434855002081214,1
1759017600000,1.4414e-06,1.51e-06,1.373e-06,1.4968e-06,622287163380.0,2025-09-28,0.0384348550020812,0.0377146324695391,0.0384348550020812,0.066119671382893,1.2632145480797563,0.054641312230777,1.043920804390812,0.0577640077493669,1.1035798185057375,0.0650197303277078,1.242200203726866,1.49262e-06,1.512238747900051e-06,1.61051e-06,1.6171595490349355e-06,1.8529650000000004e-06,1.795585382924724e-06,2.267874e-06,2.0309501464905404e-06,2.057424e-06,2.046134492629825e-06,-0.0148742924838751,-1.4874292483875218,-0.2751222819506997,-27.512228195069977,-0.3087332009421326,-30.87332009421327,37.225994180407376,20.391189105200624,35.367913148371514,1.657800780086272e-06,1.874887670841704e-06,-2.170868907554317e-07,-1.834601533851565e-07,-3.3626737370275225e-08,-2.246575185079852,1.8529650000000004e-06,2.8302204168394453e-07,2.4190090833678893e-06,1.2869209166321114e-06,0.6109603617638637,0.1853911113416602,1.8031428571428577e-07,12.04665190501642,1.649642857142857e-07,11.021130793311444,1.863e-07,12.44655264564404,573624149760.05,1.08483431815119,2212923914756.0,1.9154820726671006e-06,34.33803348956966,-110.19897606955617,16.31926471647195,18.34682080924856,15.210183831485276,-81.65317919075144,False,True,False,207,184,3,2,0,7474148537.6,-1.0,0,1,0.06894708711918751,1
1759104000000,1.4968e-06,1.644e-06,1.48e-06,1.6e-06,614875867996.0,2025-09-29,0.0689470871191875,0.0666741332679926,0.0689470871191875,0.0697984575991047,1.3334976600553583,0.0612172250836117,1.169553443042351,0.0599248506923119,1.1448626649651017,0.0657869855268886,1.2568585937252428,1.4928400000000002e-06,1.541492498600034e-06,1.57743e-06,1.6140396310285831e-06,1.8309750000000005e-06,1.7769581952009437e-06,2.25437e-06,2.014000876371095e-06,2.059216e-06,2.0367965664721164e-06,0.0006879729814246,0.0687972981424648,-0.1713279469649885,-17.132794696498856,-0.215609373467987,-21.560937346798703,57.90816326530611,29.141734393141007,39.4396755023111,1.6489083523804646e-06,1.8545253526406812e-06,-2.0561700026021681e-07,-1.878915227601686e-07,-1.772547750004822e-08,-1.1078423437530138,1.8309750000000005e-06,2.8482134913144014e-07,2.4006176982628805e-06,1.26133230173712e-06,0.62222881062044,0.2972632663383939,1.7761428571428578e-07,11.10089285714286,1.6284285714285714e-07,10.17767857142857,1.881e-07,11.75625,585354529022.45,1.0504332631078317,2827799782752.0,1.9129695958269736e-06,38.72237964722843,-70.40766464423506,22.63773524315989,32.45755360019829,20.915523647079592,-67.5424463998017,True,False,False,207,184,3,2,0,7474148537.6,-1.0,0,1,0.0075625000000001386,1
1759190400000,1.6e-06,1.646e-06,1.501e-06,1.6121e-06,556490698169.0,2025-09-30,0.0075625000000001,0.0075340476540803,0.0075625000000001,0.038931995318149,0.7437947261846641,0.0594766044855362,1.1362989332090618,0.0588560587502237,1.1244434235823406,0.0657861331531231,1.2568423091473182,1.52836e-06,1.5650283324000229e-06,1.5574799999999998e-06,1.6136869708415675e-06,1.81575e-06,1.7612574083014224e-06,2.240754e-06,1.998195920858093e-06,2.061238e-06,2.0279173745217988e-06,0.1238062042523526,12.380620425235271,-0.1101236476043276,-11.012364760432764,-0.1588750913075237,-15.887509130752376,51.492537313432834,27.912047973832458,38.56753265394,1.6432455289371934e-06,1.8365676998526995e-06,-1.933221709155059e-07,-1.889776523912361e-07,-4.344518524269827e-09,-0.2694943566943631,1.81575e-06,2.881227287842915e-07,2.391995457568583e-06,1.239504542431417e-06,0.6347189399075676,0.3232957871292528,1.7640000000000004e-07,10.942249240121583,1.6536428571428573e-07,10.257694045920584,1.8665714285714286e-07,11.578508954602247,592707941376.5,0.9388952961834974,3384290480921.0,1.910804957149028e-06,43.08022695984754,-60.71269120904362,28.323060052802504,34.600328324283375,28.46823424457674,-65.39967167571662,True,False,False,207,184,3,2,0,7474148537.6,-1.0,0,1,0.05421499906953664,1
1759276800000,1.6121e-06,1.82e-06,1.5888e-06,1.6995e-06,765219676764.0,2025-10-01,0.0542149990695366,0.0527964132542178,0.0542149990695366,0.0408653636214028,0.7807316757548391,0.062060451491082,1.1856632609371365,0.0566005897409616,1.0813527486643744,0.0557858378070758,1.0657869348235791,1.5699600000000002e-06,1.609852221600015e-06,1.55226e-06,1.6292893397794664e-06,1.796655e-06,1.7553757481973664e-06,2.217664e-06,1.9864508423373785e-06,2.062593e-06,2.0210586853987293e-06,0.1394569225611799,13.945692256117995,-0.0297996232231546,-2.979962322315471,-0.1834822715479965,-18.34822715479966,86.28148959474262,33.58869594824651,40.428690730258886,1.6519000629470142e-06,1.8264144221142427e-06,-1.7451435916722853e-07,-1.8608499374643454e-07,1.1570634579206014e-08,0.6808258063669322,1.796655e-06,2.821842613295547e-07,2.3610235226591093e-06,1.2322864773408903e-06,0.6282436223527715,0.4139259224254401,1.7510000000000005e-07,10.303030303030305,1.6866428571428574e-07,9.924347497163032,1.8996190476190477e-07,11.177517196934671,591660879264.1,1.29334168200502,4149510157685.0,1.90892608710232e-06,44.82286867095063,-26.79819921440891,37.18084267326898,47.44027303754266,38.16605165400811,-52.55972696245733,True,False,False,207,184,3,2,0,7474148537.6,-1.0,0,1,0.08072962636069425,1
1759363200000,1.6995e-06,1.85e-06,1.6762e-06,1.8367e-06,462278963703.0,2025-10-02,0.0807296263606942,0.0776363929983185,0.0807296263606942,0.0285296327859183,0.5450578690545274,0.0617616399713647,1.1799544748686943,0.0537527896334431,1.0269456040037743,0.052035016923334,0.9941276024571768,1.64902e-06,1.6854681477333433e-06,1.57308e-06,1.6670003689104765e-06,1.7730399999999998e-06,1.763120917621796e-06,2.188318e-06,1.9805630824517246e-06,2.065161e-06,2.0172126886943555e-06,0.2742472596087135,27.42472596087136,0.1278477126189745,12.78477126189745,-0.2045474231268947,-20.454742312689472,88.75168387965874,41.16736336894255,42.66321336072163,1.6803308224940678e-06,1.827176324747984e-06,-1.4684550225391584e-07,-1.7823709544793078e-07,3.1391593194014935e-08,1.709130135243368,1.7730399999999998e-06,2.5555759758655524e-07,2.28415519517311e-06,1.2619248048268894e-06,0.5765410765387249,0.5622755893399325,1.6250000000000009e-07,8.847389339576418,1.7180000000000004e-07,9.35373223716448,1.832380952380953e-07,9.976484741008072,581384165383.1,0.7951351124232696,4611789121388.0,1.9082679092405645e-06,46.19104690256863,2.804220212597164,42.61528538012021,68.20793433652533,50.08284523278379,-31.792065663474684,True,False,False,207,184,3,2,0,7474148537.6,-1.0,0,1,0.05803887406762143,1
1759449600000,1.8367e-06,1.99e-06,1.787e-06,1.9433e-06,663250149782.0,2025-10-03,0.0580388740676214,0.0564170757361685,0.0580388740676214,0.0278865428167392,0.5327716524445427,0.0559593068509478,1.069101056253367,0.0538523393429205,1.0288474985328722,0.0524690937508183,1.0024206286019564,1.73832e-06,1.7714120984888955e-06,1.61547e-06,1.717236665472212e-06,1.76284e-06,1.780280835413198e-06,2.164878e-06,1.9790981568175574e-06,2.069501e-06,2.015672391903581e-06,0.2983030464991982,29.830304649919835,0.2789917072528629,27.899170725286304,-0.0950030270572347,-9.500302705723469,100.0,50.494344696670105,47.82706597613151,1.720787619033972e-06,1.835778161843828e-06,-1.1499054280985557e-07,-1.655877849203157e-07,5.0597242110460135e-08,2.6036763294632905,1.76284e-06,2.436262396204073e-07,2.2500924792408142e-06,1.2755875207591852e-06,0.5528039745420058,0.6851812024447509,1.6710000000000006e-07,8.59877527916431,1.7493571428571434e-07,9.001992192956019,1.7147619047619048e-07,8.823969046271316,593216109148.15,1.118058224572522,5275039271170.0,1.9082563117388813e-06,46.6004765670584,45.54570957358239,49.49080866661437,92.836324589661,69.49484398790966,-7.163675410338994,True,False,False,207,184,3,2,0,7474148537.6,-1.0,0,1,0.011681160911850785,1
1759536000000,1.9433e-06,1.9775e-06,1.9093e-06,1.966e-06,271135182917.0,2025-10-04,0.0116811609118507,0.0116134628364539,0.0116811609118507,0.0316647161793286,0.6049535531855847,0.0553363385379627,1.057199263345198,0.0539593492932321,1.0308919207629843,0.0523822215566772,1.000760937663276,1.81152e-06,1.8362747323259304e-06,1.65218e-06,1.7624663626590857e-06,1.753905e-06,1.7979683797321132e-06,2.140594e-06,1.9785832783830504e-06,2.074612e-06,2.0146383213604216e-06,0.22875,22.875,0.2295953468009255,22.959534680092556,-0.0833216766913788,-8.332167669137878,100.0,56.61072101387224,51.16509433962264,1.7585126007214717e-06,1.8454243104993611e-06,-8.691170977789005e-08,-1.4985256989183054e-07,6.294086011394048e-08,3.201467961034612,1.753905e-06,2.3187807475618042e-07,2.217661149512361e-06,1.290148850487639e-06,0.528826988362951,0.7286708221799512,1.6031428571428578e-07,8.154338032262755,1.705428571428572e-07,8.674611248365066,1.638666666666667e-07,8.335028823329942,592575144708.7,0.4575540930767279,5546174454087.0,1.908390664569769e-06,46.90932136204001,65.28124134109181,54.023376352152646,96.31845375057524,85.78757089225387,-3.681546249424775,False,False,True,207,184,3,2,0,7474148537.6,-1.0,0,1,-0.015513733468972557,0
1759622400000,1.966e-06,1.9963e-06,1.9149e-06,1.9355e-06,373386999236.0,2025-10-05,-0.0155137334689725,-0.015635330689409,0.0155137334689725,0.0388798161433787,0.7427978444504063,0.0373758706635786,0.7140650064028518,0.0534851065933274,1.0218315267030826,0.0523906833472052,1.000922599944322,1.8762e-06,1.86934982155062e-06,1.70228e-06,1.7939270239937992e-06,1.747325e-06,1.8110666325205623e-06,2.116046e-06,1.9768898663691424e-06,2.078875e-06,2.0129925064934286e-06,0.2006079027355622,20.06079027355623,0.3492506099686301,34.92506099686302,-0.0636640704368439,-6.366407043684395,92.30769230769232,58.07273366127898,46.32623256282419,1.7857414313799622e-06,1.852096639241243e-06,-6.635520786128083e-08,-1.3315309748572057e-07,6.679788962443975e-08,3.451195537299909,1.747325e-06,2.242650097658223e-07,2.1958550195316445e-06,1.2987949804683556e-06,0.5133904906432912,0.7097685682181233,1.523714285714286e-07,7.87245820570543,1.6634285714285717e-07,8.594309333136511,1.6076666666666668e-07,8.306208559373115,594185161960.15,0.6284017561196552,5172787454851.0,1.908565529370336e-06,46.55054908899699,69.50530736132306,55.531429432739806,90.76268611364328,93.3058214846265,-9.237313886356718,True,False,False,207,184,3,2,0,7474148537.6,-1.0,0,1,-0.05579953500387491,0
1759708800000,1.9355e-06,1.965e-06,1.824e-06,1.8275e-06,399637724236.0,2025-10-06,-0.0557995350038749,-0.0574167783937691,0.0557995350038749,0.0550544805016084,1.051814373121618,0.046094540609506,0.8806349618374875,0.0546356649843932,1.04381291390014,0.0522933668235841,0.9990633703711024,1.9018000000000004e-06,1.8553998810337468e-06,1.73588e-06,1.8000312014494724e-06,1.7337849999999998e-06,1.8126317154878276e-06,2.093184e-06,1.9710185429220085e-06,2.081784e-06,2.009138710365812e-06,0.0753162694910267,7.531626949102682,0.2252765672142138,22.52765672142139,-0.1290568555497306,-12.905685554973063,71.87246141348498,58.85861823361824,37.09876212421628,1.7921658265523268e-06,1.8502746519453165e-06,-5.8108825392989686e-08,-1.1814424306717437e-07,6.003541767418469e-08,3.285111774237192,1.7337849999999998e-06,2.0965875099413878e-07,2.153102501988277e-06,1.3144674980117224e-06,0.4837018453709975,0.6117470646415091,1.4908571428571428e-07,8.157905022474104,1.6335000000000004e-07,8.93844049247606,1.5825714285714287e-07,8.659761579050224,597201167508.6,0.6691844322796724,4773149730615.0,1.90839813513431e-06,45.535026415059214,49.68145099832332,57.53490198865877,74.35429960498332,87.14514648973393,-25.64570039501668,False,True,False,207,184,3,2,0,7474148537.6,-1.0,0,1,0.009028727770177714,1
1759795200000,1.8275e-06,1.929e-06,1.8e-06,1.844e-06,439647228442.0,2025-10-07,0.0090287277701777,0.0089882124926054,0.0090287277701777,0.0416223649802622,0.7951941664089404,0.0422477065428342,0.8071413001868043,0.0547306391405654,1.0456273926060844,0.0523506938532429,1.00015860173491,1.90326e-06,1.8515999206891643e-06,1.77614e-06,1.8080255284586596e-06,1.7217300000000002e-06,1.815619171760416e-06,2.0711900000000003e-06,1.966026888611949e-06,2.085484e-06,2.0057111237326114e-06,0.0039745195187019,0.3974519518702088,0.2793117802136811,27.93117802136811,-0.1156299458059566,-11.562994580595658,67.14116251482801,65.74810789831167,41.18775059561857,1.8001403147750994e-06,1.8498098596010145e-06,-4.966954482591492e-08,-1.0444930341892248e-07,5.477975859300756e-08,2.970702743655508,1.7217300000000002e-06,1.9480053252926562e-07,2.111331065058531e-06,1.3321289349414691e-06,0.4525692937435381,0.6569169221619439,1.468e-07,7.960954446854664,1.616e-07,8.763557483731018,1.5917619047619048e-07,8.632114450986467,586700751873.85,0.7493551474713828,5212796959057.0,1.9081427613604845e-06,45.06135322232774,50.67759319926433,58.59974127937627,76.86113643269525,80.6593740504406,-23.138863567304742,False,True,False,207,184,3,2,0,7474148537.6,-1.0,0,1,-0.07809110629067251,0
1759881600000,1.844e-06,1.8569e-06,1.677e-06,1.7e-06,551272203607.0,2025-10-08,-0.0780911062906725,-0.0813088740722317,0.0780911062906725,0.0398685283473593,0.7616871645847991,0.0530450223830567,1.0134237296713215,0.0571435450918284,1.0917258960776592,0.0532280940025602,1.0169213080509565,1.8546e-06,1.8010666137927764e-06,1.79646e-06,1.7883845232843572e-06,1.703485e-06,1.8046078200521697e-06,2.047846e-06,1.9555732642366063e-06,2.088738e-06,1.999371890210079e-06,-0.1251994030772397,-12.519940307723978,0.1357562800641367,13.575628006413684,-0.1767155794469465,-17.671557944694655,34.04155965444781,54.61601680211853,38.06046286849595,1.7847341125019197e-06,1.8387127597611528e-06,-5.397864725923293e-08,-9.435517218698455e-08,4.037652492775161e-08,2.375089701632448,1.703485e-06,1.772667697508363e-07,2.0580185395016723e-06,1.3489514604983273e-06,0.4162449795585785,0.4950850912372095,1.3947142857142858e-07,8.204201680672266,1.5728571428571426e-07,9.252100840336134,1.5893333333333333e-07,9.349019607843138,595297247236.8,0.9260452759790982,4661524755450.0,1.9071171783830893e-06,44.12385393539413,14.007974312833053,50.12979325831212,54.98328775448195,68.73290793072017,-45.01671224551806,False,True,False,207,184,3,2,0,7474148537.6,-1.0,0,1,-0.05388235294117649,0
1759968000000,1.7e-06,1.7306e-06,1.5979e-06,1.6084e-06,803507011640.0,2025-10-09,-0.0538823529411764,-0.0553883550211885,0.0538823529411764,0.034964541647252,0.6679966302309341,0.0531493830331978,1.015417537092745,0.0566156679845971,1.0816408181045505,0.0536044317750012,1.024111231098008,1.7830800000000002e-06,1.7368444091951842e-06,1.7973e-06,1.7556600645053824e-06,1.687365e-06,1.785921357903027e-06,2.02336e-06,1.9419320501527573e-06,2.091279e-06,1.991272252722093e-06,-0.1818921668362156,-18.189216683621567,0.0052499999999999,0.5249999999999998,-0.1669774186865548,-16.697741868655473,9.48463585773041,58.505331116110725,37.77647497734904,1.757605787501494e-06,1.8216524511312072e-06,-6.404666362971321e-08,-8.829347047553027e-08,2.424680684581706e-08,1.5075109951390862,1.687365e-06,1.7001835899319273e-07,2.0274017179863856e-06,1.3473282820136145e-06,0.4030387236743509,0.3838875394580744,1.3359999999999998e-07,8.306391444914198,1.4805e-07,9.204799801044516,1.590666666666667e-07,9.889745502777089,615834582415.15,1.3047448691316512,3858017743810.0,1.9047482928950311e-06,42.0850034536006,-22.5478631703112,51.62857599337319,37.76672549334189,56.53704989350636,-62.23327450665812,False,True,False,207,184,3,2,0,7474148537.6,-1.0,0,1,-0.08374782392439695,0
1760054400000,1.6084e-06,1.6717e-06,1.2e-06,1.4737e-06,1518775652191.0,2025-10-10,-0.0837478239243969,-0.0874636508039017,0.0837478239243969,0.0368439729826692,0.703903115477475,0.0595115444489721,1.136966460273224,0.0579231858939819,1.106620912688581,0.0524918938221796,1.0028562233536908,1.69072e-06,1.649129606130123e-06,1.78346e-06,1.7043945982316752e-06,1.67047e-06,1.7561859860254917e-06,2.00274e-06,1.92353557385334e-06,2.092524e-06,1.9805596754361683e-06,-0.2385946783776802,-23.859467837768012,-0.0858507536753303,-8.585075367533033,-0.18652020313535,-18.652020313534997,3.1410622501427667,49.19090909090909,34.22567936155167,1.713927974039548e-06,1.7958780497249388e-06,-8.195007568539076e-08,-8.702479151750237e-08,5.074715832111611e-09,0.3443520276929911,1.67047e-06,1.737705962044917e-07,2.0180111924089834e-06,1.3229288075910165e-06,0.4160998909396559,0.216911254985218,1.7198571428571428e-07,11.670334144379064,1.6954285714285714e-07,11.50457061429444,1.7395238095238097e-07,11.803785095499828,669190277212.4,2.269572203764913,2339242091619.0,1.8970665056696996e-06,36.515498773339935,-101.17163615604494,40.41566482069205,34.37146803968354,42.373827095835786,-65.62853196031647,False,True,False,207,184,3,2,0,7474148537.6,-1.0,0,1,-0.05754224061885049,0
1760140800000,1.4737e-06,1.6e-06,1.368e-06,1.3889e-06,983659730514.0,2025-10-11,-0.0575422406188504,-0.0592641782970439,0.0575422406188504,0.0368912210047454,0.7048057876717908,0.0571141249087641,1.091163824269425,0.0587191745516112,1.1218282546398295,0.0519899369279015,0.9932663503537302,1.6030000000000002e-06,1.5623864040867483e-06,1.7524e-06,1.647031944007733e-06,1.6523300000000002e-06,1.721206363563786e-06,1.977474e-06,1.9025316989816337e-06,2.093107e-06,1.9683246154490824e-06,-0.2400000000000001,-24.000000000000004,-0.1827596351868197,-18.27596351868197,-0.2071130901410059,-20.7113090141006,2.846790890269148,47.68661320172732,33.03110071170907,1.663923670340984e-06,1.7657313696579928e-06,-1.0180769931700896e-07,-8.99813730774037e-08,-1.1826326239605261e-08,-0.85148867734216,1.6523300000000002e-06,1.8350825909995478e-07,2.01934651819991e-06,1.285313481800091e-06,0.4442411845090381,0.1411196949771712,1.9538571428571427e-07,14.067658887300327,1.7784999999999997e-07,12.805097559219526,1.7882380952380952e-07,12.875211284024012,686751047702.1,1.432338157772558,1355582361105.0,1.892269140527927e-06,30.859835491461915,-90.78920628749648,48.37972218779599,23.72221524551049,31.953469592845305,-76.2777847544895,False,False,True,207,184,3,2,0,7474148537.6,-1.0,0,1,0.1360789113687091,1
1760227200000,1.3889e-06,1.65e-06,1.3869e-06,1.5779e-06,788649408151.0,2025-10-12,0.1360789113687091,0.12758278211945,0.1360789113687091,0.092303687427376,1.7634594722114023,0.069202653644262,1.3221148414808035,0.0653051863582292,1.247653833532488,0.0551144138078424,1.0529593973294806,1.5497799999999998e-06,1.567557602724499e-06,1.7265199999999998e-06,1.6344624996426907e-06,1.6498e-06,1.707558136787411e-06,1.952746e-06,1.889779008740035e-06,2.0953860000000003e-06,1.9602580156670663e-06,-0.1443058568329718,-14.430585683297185,-0.1409048837589154,-14.090488375891544,-0.0310715382253607,-3.1071538225360755,31.10808356039962,53.197193093116766,39.03251959282947,1.6506892595192556e-06,1.7518178674064922e-06,-1.0112860788723661e-07,-9.221082003937029e-08,-8.917787847866318e-09,-0.5651681252212636,1.6498e-06,1.842015886553623e-07,2.0182031773107247e-06,1.2813968226892754e-06,0.4466034395814336,0.4024166939535418,2.2134285714285717e-07,14.02768598408373,1.868571428571429e-07,11.84214100114981,1.846761904761905e-07,11.703922331972274,688233793669.3,1.1459033476783185,2144231769256.0,1.8892340160576e-06,24.688755754463777,-48.65173929057832,55.3948693595171,47.45698857214619,35.18355728578007,-52.54301142785381,True,False,False,207,184,3,2,0,7474148537.6,-1.0,0,1,0.021040623613663767,1
1760313600000,1.5779e-06,1.69e-06,1.5718e-06,1.6111e-06,559640476972.0,2025-10-13,0.0210406236136637,0.0208223264553176,0.0210406236136637,0.0893010204504809,1.7060936001657363,0.0658940877926851,1.2589047796402175,0.063461614204706,1.2124324369940935,0.054506906102164,1.0413529789091676,1.532e-06,1.582071735149666e-06,1.6933000000000002e-06,1.6302147724349288e-06,1.654385e-06,1.698371646549472e-06,1.932828e-06,1.878832247008524e-06,2.097957e-06,1.953050221310523e-06,-0.0522941176470589,-5.229411764705889,-0.1709463284104359,-17.094632841043595,0.0603527708305908,6.035277083059095,32.80673261479403,50.463156137861965,42.45741518425896,1.644598604208586e-06,1.7413942748758356e-06,-9.67956706672496e-08,-9.312779016494617e-08,-3.667880502303447e-09,-0.2276631185093071,1.654385e-06,1.8191197488143694e-07,2.018208949762874e-06,1.2905610502371262e-06,0.4398298458495138,0.4405138116550441,2.180857142857143e-07,13.53644803461699,1.8358571428571425e-07,11.395053956037131,1.815952380952381e-07,11.27150630595482,681790126483.25,0.820839808664711,2703872246228.0,1.887631882235032e-06,21.25298754664672,-13.428963057828115,55.22037453128015,51.62627150571393,40.93515844112353,-48.37372849428607,True,False,False,207,184,3,2,0,7474148537.6,-1.0,0,1,-0.027993296505493093,0
1760400000000,1.6111e-06,1.6208e-06,1.4323e-06,1.566e-06,633008794704.0,2025-10-14,-0.027993296505493,-0.0283925779461924,0.027993296505493,0.0866588402085791,1.6556148175218954,0.0651876980992122,1.245409223495644,0.0628369664216082,1.2004985578544711,0.0535196799766843,1.0224920502646695,1.52352e-06,1.5767144900997772e-06,1.6533e-06,1.6185393592649415e-06,1.65274e-06,1.6857648218020002e-06,1.9163200000000003e-06,1.8665447166981384e-06,2.100276e-06,1.945066921520964e-06,-0.0263616015916439,-2.636160159164388,-0.2034587995930824,-20.34587995930824,-0.0205766464444305,-2.0576646444430637,38.41632088520055,48.12799480224153,43.99569724232349,1.6325065112533936e-06,1.7284020523584248e-06,-9.58955411050313e-08,-9.368134035296321e-08,-2.21420075206808e-09,-0.1413921297616909,1.65274e-06,1.8258762395368972e-07,2.0179152479073795e-06,1.2875647520926207e-06,0.4419028375998395,0.3812351049296743,2.265857142857143e-07,14.469074986316366,1.8669285714285716e-07,11.921638387155628,1.8326190476190477e-07,11.70254819680107,669361014988.4,0.9456911599713796,2070863451524.0,1.8852681655575133e-06,18.449838421926064,-49.06192449355444,49.08888380149045,45.962576918246896,48.348612332035664,-54.03742308175311,False,True,False,207,184,3,2,0,7474148537.6,-1.0,0,1,-0.03243933588761172,0
1760486400000,1.566e-06,1.7383e-06,1.5011e-06,1.5152e-06,799006033200.0,2025-10-15,-0.0324393358876117,-0.0329771541189345,0.0324393358876117,0.0771374773808111,1.4737094361122995,0.0652594378740575,1.246779809969612,0.0585516116065846,1.118626969070048,0.0534305161923064,1.0207885785559887,1.5318199999999998e-06,1.556209660066518e-06,1.61127e-06,1.5997503848531338e-06,1.656775e-06,1.6695205515823696e-06,1.897586e-06,1.8527453451740737e-06,2.102377e-06,1.936207784408401e-06,0.028160412567008,2.8160412567008173,-0.21715319039008,-21.71531903900801,0.0562565353781805,5.625653537818049,41.331845238095234,42.28676655227253,44.1923284710967,1.6144593556759166e-06,1.7126092469522562e-06,-9.814989127633963e-08,-9.457505053763849e-08,-3.5748407387011317e-09,-0.2359319389322288,1.656775e-06,1.783535072619346e-07,2.013482014523869e-06,1.3000679854761308e-06,0.4306040524801124,0.3015528231355728,2.347714285714286e-07,15.494418464323427,1.8712142857142859e-07,12.349619097903153,1.831142857142857e-07,12.085156132146627,650567496359.2,1.2281677730158873,1271857418324.0,1.8827140805881789e-06,18.37005110966439,-33.41560957320513,48.96595735699991,39.58307170664322,45.72397337686801,-60.416928293356776,True,False,False,207,184,3,2,0,7474148537.6,-1.0,0,1,-0.03649683210137267,0
1760572800000,1.5152e-06,1.5538e-06,1.42e-06,1.4599e-06,571111727556.0,2025-10-16,-0.0364968321013726,-0.0371795032258794,0.0364968321013726,0.0731497829111385,1.397524640240932,0.0644399471588847,1.231123461839448,0.0586077542349246,1.1196995724784322,0.0532578235070377,1.0174892894364915,1.5460199999999998e-06,1.5241064400443454e-06,1.57451e-06,1.5743230421525638e-06,1.655195e-06,1.6495566878850446e-06,1.88017e-06,1.8373169287443808e-06,2.103509e-06,1.926399462233897e-06,0.0511195910432717,5.111959104327168,-0.2011491108071136,-20.11491108071136,-0.0211867247737177,-2.1186724773717764,48.4941073766914,33.069734004313446,45.71689868915761,1.5906809932642017e-06,1.6938899767603438e-06,-1.0320898349614237e-07,-9.630183712933929e-08,-6.907146366803062e-09,-0.4731246227003947,1.655195e-06,1.8002682687515836e-07,2.0152486537503166e-06,1.2951413462496832e-06,0.4350588948737964,0.2287973639958817,2.3492857142857146e-07,16.09210024169953,1.842642857142857e-07,12.62170598768996,1.7700952380952385e-07,12.124770450683185,647174107536.25,0.8824699889959835,700745690768.0,1.880268800765321e-06,19.083177129740186,-79.83414651424333,43.47445987432101,32.638452844405386,39.39470048976517,-67.36154715559462,False,True,False,207,184,3,2,0,7474148537.6,-1.0,0,1,-0.005959312281663132,0
1760659200000,1.4599e-06,1.5e-06,1.365e-06,1.4512e-06,579181179190.0,2025-10-17,-0.0059593122816631,-0.005977139845062,0.0059593122816631,0.0240122423214186,0.4587532454113255,0.0638509082404195,1.21986988910341,0.0580843669019252,1.109700271521583,0.0528851197102554,1.0103687933969154,1.52068e-06,1.499804293362897e-06,1.53523e-06,1.5519370344884612e-06,1.655685e-06,1.6306655733474642e-06,1.860914e-06,1.822153637689276e-06,2.1047190000000003e-06,1.9166216916565293e-06,-0.0802965967425058,-8.029659674250587,-0.2130151843817788,-21.30151843817788,0.0067989454696821,0.6798945469682176,58.15231614760534,25.756232141097627,48.17432273262661,1.5692223789158358e-06,1.6759128821216948e-06,-1.06690503205859e-07,-9.837957034464325e-08,-8.310932861215765e-09,-0.5726938300176244,1.655685e-06,1.794266255985594e-07,2.014538251197119e-06,1.2968317488028811e-06,0.4334801018274837,0.2150854850585203,1.8682857142857145e-07,12.874074657426366,1.7940714285714287e-07,12.362675224444796,1.753047619047619e-07,12.07998634955636,647801093617.5,0.8940725554439751,121564511578.0,1.87758048917338e-06,22.617229853748643,-96.14052696143156,36.184052377663576,31.545899786512628,34.58914144585374,-68.45410021348737,False,True,False,207,184,3,2,0,7474148537.6,-1.0,0,1,-0.019707828004410177,0
1760745600000,1.4512e-06,1.4906e-06,1.3916e-06,1.4226e-06,283322054890.0,2025-10-18,-0.0197078280044101,-0.0199046170614573,0.0197078280044101,0.0121024822070475,0.2312175979110255,0.0607356141301944,1.160352278696747,0.0576134352445945,1.1007031348412375,0.0527204869681815,1.0072234892759424,1.48298e-06,1.474069528908598e-06,1.50749e-06,1.5284212100360136e-06,1.6519749999999998e-06,1.6108498031231817e-06,1.843008e-06,1.806463542058443e-06,2.105223e-06,1.9064644955459385e-06,-0.1170008069021165,-11.700080690211657,-0.1631764705882353,-16.317647058823535,-0.0495724211651523,-4.957242116515237,14.975191700496154,23.38362068965516,45.148329572348494,1.5466650898518372e-06,1.6571489075944274e-06,-1.1048381774259029e-07,-1.0080041982423267e-07,-9.683397918357628e-09,-0.680683109683511,1.6519749999999998e-06,1.836032991189696e-07,2.0191815982379388e-06,1.2847684017620603e-06,0.4445667739983222,0.1876758191428638,1.6782857142857145e-07,11.7973127673676,1.8160714285714285e-07,12.76586130023498,1.745095238095238e-07,12.26694248625923,630852838193.0,0.4491095826746868,-161757543312.0,1.8762660331561984e-06,26.752293819727555,-96.62503352808798,32.87620103099616,27.954288584704265,30.712880405207414,-72.04571141529574,False,False,True,207,184,3,2,0,7474148537.6,-1.0,0,1,0.023759313932236736,1
1760832000000,1.4226e-06,1.4906e-06,1.4e-06,1.4564e-06,285410170236.0,2025-10-19,0.0237593139322367,0.0234814540018635,0.0237593139322367,0.0243360424341568,0.4649394378791012,0.0603253460693741,1.152514118400404,0.0555763373493565,1.0617844341987974,0.0527366184654006,1.0075316810975776,1.46106e-06,1.4681796859390653e-06,1.4922899999999998e-06,1.5153264445749204e-06,1.644795e-06,1.5961402971678618e-06,1.824738e-06,1.7927176096116832e-06,2.104807e-06,1.8972180802137527e-06,-0.0699872286079182,-6.998722860791825,-0.0945038547624969,-9.450385476249687,-0.08975,-8.975,15.204678362573093,26.60872961624841,50.64935064935064,1.532778152951542e-06,1.6422785760725303e-06,-1.095004231209884e-07,-1.0254042048358381e-07,-6.960002637404599e-09,-0.4778908704617275,1.644795e-06,1.884857092865785e-07,2.021766418573157e-06,1.267823581426843e-06,0.4583810366315035,0.2501203132148874,1.4318571428571434e-07,9.831482716679094,1.822642857142857e-07,12.51471338329344,1.7230000000000005e-07,11.830541060148311,614379553305.0,0.4645502421111859,123652626924.0,1.874991712881473e-06,31.186524432748318,-84.92517767127849,36.48085278968844,33.51633986928105,31.00550941349931,-66.48366013071895,False,False,False,207,184,3,2,0,7474148537.6,-1.0,0,1,-0.020873386432298746,0
1760918400000,1.4564e-06,1.531e-06,1.405e-06,1.426e-06,501930633442.0,2025-10-20,-0.0208733864322987,-0.021094315327037,0.0208733864322987,0.0226569888748656,0.4328611646702238,0.0545922472810195,1.0429834198418853,0.0556487999910829,1.0631688310251368,0.0527614740411998,1.0080065462064602,1.44322e-06,1.4541197906260433e-06,1.48752e-06,1.4990852728340258e-06,1.6354900000000002e-06,1.5799364584493603e-06,1.80603e-06,1.7783184608498214e-06,2.104778e-06,1.8875442564014108e-06,-0.0588701161562829,-5.887011615628295,-0.0323675103481033,-3.2367510348103403,-0.1154394888654549,-11.5439488865455,16.281310211946064,28.79027997886952,48.02675182261855,1.516350744805138e-06,1.62625789884034e-06,-1.0990715403520197e-07,-1.0401376719390745e-07,-5.893386841294521e-09,-0.4132809846630098,1.6354900000000002e-06,1.9467665742807962e-07,2.02484331485616e-06,1.246136685143841e-06,0.4761304744830714,0.2309769918391561,1.4430000000000001e-07,10.11921458625526,1.8119285714285717e-07,12.70637146864356,1.7049047619047618e-07,11.955853870299872,611651550068.65,0.8206153215595787,-378278006518.0,1.8727950871831505e-06,34.364430467378774,-77.27776602121433,41.62423662213101,31.00137174211248,30.82400006536593,-68.99862825788752,True,False,False,207,184,3,2,0,7474148537.6,-1.0,0,1,-0.046423562412342134,0
1761004800000,1.426e-06,1.49e-06,1.339e-06,1.3598e-06,509782852881.0,2025-10-21,-0.0464235624123421,-0.0475356918818819,0.0464235624123421,0.0255998150003213,0.4890837788543978,0.0534366371207885,1.020905518730443,0.0545834708450912,1.042815746268907,0.0529453966061314,1.0115203818756706,1.4231999999999998e-06,1.422679860417362e-06,1.48461e-06,1.4737606777732938e-06,1.6185050000000002e-06,1.5589710804088227e-06,1.7874280000000002e-06,1.7618861637552314e-06,2.103503e-06,1.8767178595055455e-06,-0.0685663401602848,-6.856634016028488,-0.0209518323853408,-2.0951832385340814,-0.1998823183289202,-19.98823183289202,15.156950672645747,25.697651074081502,47.56534192624418,1.4922660148351013e-06,1.6065202288294402e-06,-1.142542139943389e-07,-1.0606185655399373e-07,-8.192357440345175e-09,-0.6024678217638751,1.6185050000000002e-06,2.0342060516394265e-07,2.0253462103278856e-06,1.211663789672115e-06,0.5027370447763649,0.1820565451180545,1.3894285714285718e-07,10.217889185384404,1.827642857142857e-07,13.440526968251632,1.7077619047619048e-07,12.558919729091814,598879708874.5,0.8512274590819858,-888060859399.0,1.870283099922082e-06,37.1342175576609,-91.10930859511384,41.93148434315656,24.326381488811105,29.61469770006821,-75.6736185111889,False,True,False,207,184,3,2,0,7474148537.6,-1.0,0,1,-0.04324165318429196,0
1761091200000,1.3598e-06,1.3694e-06,1.2683e-06,1.301e-06,483919969673.0,2025-10-22,-0.0432416531842919,-0.0442044305798541,0.0432416531842919,0.0280432179073264,0.5357649258473302,0.0247492923738805,0.4728345668919042,0.0506720256858152,0.9680876914272438,0.0531658071503752,1.0157313194108355,1.3931599999999998e-06,1.382119906944908e-06,1.45692e-06,1.4423496454508766e-06,1.59172e-06,1.5344024049758164e-06,1.76817e-06,1.743791239287334e-06,2.101316e-06,1.8649157182553184e-06,-0.1035005512679162,-10.350055126791624,-0.1754864059826352,-17.548640598263518,-0.2916643981052975,-29.166439810529752,14.92273730684326,28.100987925356748,44.16984278227727,1.4628404740912234e-06,1.5838890499412317e-06,-1.2104857585000826e-07,-1.0905920041319664e-07,-1.198937543681162e-08,-0.9215507637825996,1.59172e-06,2.0838609813214125e-07,2.0084921962642827e-06,1.1749478037357176e-06,0.5236752648258268,0.1512243347734626,1.195e-07,9.185242121445045,1.771357142857143e-07,13.615350829032613,1.6458095238095237e-07,12.6503422275905,599961759173.0,0.806584690231,-1371980829072.0,1.867507844535816e-06,40.37137167018512,-112.81902177424568,42.91704088598947,18.762771688649448,24.69684163985768,-81.23722831135055,False,True,False,207,184,3,2,0,7474148537.6,-1.0,0,1,0.008608762490392108,1
1761177600000,1.301e-06,1.3385e-06,1.2611e-06,1.3122e-06,574564440516.0,2025-10-23,0.0086087624903921,0.0085719183982719,0.0086087624903921,0.0311334850030826,0.594804395813924,0.0227557648547349,0.4347482771159147,0.0480112749756951,0.9172541204862544,0.0532274778622195,1.0169095367062757,1.37108e-06,1.3588132712966053e-06,1.42703e-06,1.4186860735507174e-06,1.560165e-06,1.5132402703048388e-06,1.749454e-06,1.7268472379478064e-06,2.098693e-06,1.853593019904583e-06,-0.0776043863348798,-7.760438633487983,-0.1855254174166718,-18.552541741667188,-0.3247568568929142,-32.475685689291424,19.65065502183405,32.16951601252106,40.93371975806451,1.439665016538717e-06,1.5637638932802522e-06,-1.2409887674153516e-07,-1.1206713567886437e-07,-1.20317410626708e-08,-0.9169136612308186,1.560165e-06,1.9995777521372534e-07,1.9600805504274506e-06,1.1602494495725494e-06,0.5126580206932607,0.1899782969992512,1.1144285714285713e-07,8.492825571014869,1.731857142857143e-07,13.19811875367431,1.5999047619047616e-07,12.1925374325923,595527473709.7,0.9647992173003948,-797416388556.0,1.8641957263178976e-06,43.166443087934674,-109.7653575229998,44.76418705653818,20.84339587590562,21.310849684455388,-79.15660412409437,False,True,False,207,184,3,2,0,7474148537.6,-1.0,0,1,0.050297210791037994,1
1761264000000,1.3122e-06,1.4e-06,1.295e-06,1.3782e-06,402633862745.0,2025-10-24,0.0502972107910379,0.0490731820123304,0.0502972107910379,0.0404086021566382,0.7720052602233467,0.031512431436297,0.6020441572550737,0.0500181881240777,0.9555961423497404,0.0532781133212168,1.0178769257921,1.35544e-06,1.3652755141977369e-06,1.40825e-06,1.4113249692687688e-06,1.530775e-06,1.5003792917056267e-06,1.734952e-06,1.7131601640144232e-06,2.096567e-06,1.843860974116515e-06,-0.0536940400988739,-5.36940400988739,-0.1199233716475095,-11.992337164750952,-0.2989827060020346,-29.898270600203457,41.666666666666686,43.732773329833314,42.8736822862714,1.4302088601481414e-06,1.550018393237325e-06,-1.1980953308918353e-07,-1.136156151609282e-07,-6.193917928255346e-09,-0.4494208335695361,1.530775e-06,1.7929876529648458e-07,1.889372530592969e-06,1.172177469407031e-06,0.4685176209344535,0.2872615021250909,1.071571428571428e-07,7.775151854385634,1.469928571428571e-07,10.665567925036791,1.553238095238095e-07,11.270048579582753,602102407701.1,0.6687132580690134,-394782525811.0,1.8621184784243595e-06,42.704928216984776,-84.56355386371483,55.79770014124975,24.538977367979868,21.38171497751164,-75.46102263202013,True,False,False,207,184,3,2,0,7474148537.6,-1.0,0,1,0.0023218691046291706,1
1761350400000,1.3782e-06,1.4314e-06,1.3371e-06,1.3814e-06,338527669602.0,2025-10-25,0.0023218691046291,0.0023191777317649,0.0023218691046291,0.0402261176328664,0.7685188982919162,0.0309498401390673,0.5912958656132687,0.0501943505091317,0.9589617199905616,0.0532200339838827,1.0167673216103352,1.34652e-06,1.3706503427984911e-06,1.39487e-06,1.4058840657653562e-06,1.50307e-06,1.4890479302122034e-06,1.7216239999999998e-06,1.7001365836679878e-06,2.094081e-06,1.83440000278168e-06,-0.0312762973352033,-3.127629733520334,-0.0883051742344244,-8.830517423442442,-0.2862826143115473,-28.62826143115474,34.096692111959314,49.44877260032339,39.78418652450382,1.4226998047407323e-06,1.537528119618166e-06,-1.1482831487743354e-07,-1.1385815510422926e-07,-9.701597732042807e-10,-0.070230184827297,1.50307e-06,1.545744790673713e-07,1.8122189581347428e-06,1.1939210418652574e-06,0.4113567007986889,0.3032178391703164,1.064857142857142e-07,7.7085358538956275,1.3715714285714284e-07,9.928850648410512,1.5656666666666666e-07,11.333912455962547,600359441219.4,0.5638749828176448,-56254856209.0,1.860472967269564e-06,41.98927155959458,-68.99881821920728,51.83133213434117,25.209555741827323,23.5306429952376,-74.79044425817268,True,False,False,207,184,3,2,0,7474148537.6,-1.0,0,1,0.03786014188504416,1
1761436800000,1.3814e-06,1.4583e-06,1.3668e-06,1.4337e-06,479387893919.0,2025-10-26,0.0378601418850441,0.0371610375973497,0.0378601418850441,0.0363619982110713,0.694695000395292,0.0324447559298502,0.6198561916943776,0.0506092272065796,0.9668879281660456,0.0534545666447292,1.021248061804363,1.3613e-06,1.391666895198994e-06,1.39225e-06,1.4109415083534731e-06,1.48338e-06,1.483776698604074e-06,1.708498e-06,1.6896777681901895e-06,2.091947e-06,1.8262079032171104e-06,0.0543462273863801,5.434622738638022,-0.0179464346873073,-1.794643468730739,-0.2154856361149111,-21.548563611491115,51.49398525417151,36.73657100809418,36.31114130434782,1.424392142472928e-06,1.5298371350984429e-06,-1.054449926255148e-07,-1.1217552260848639e-07,6.730529982971579e-09,0.4694517669646076,1.48338e-06,1.349026104854586e-07,1.7531852209709172e-06,1.2135747790290829e-06,0.3637708759332299,0.4079335829358263,1.0661428571428565e-07,7.436303669825323,1.249e-07,8.71172490758178,1.5704761904761907e-07,10.95400844302288,604346949703.55,0.7932329172078288,423133037710.0,1.8583378197212377e-06,42.036776178332175,-45.326255852571634,49.308451198476696,36.16932103939646,28.63928471640121,-63.83067896060355,True,False,False,207,184,3,2,0,7474148537.6,-1.0,0,1,-0.041989258561763165,0
1761523200000,1.4337e-06,1.4841e-06,1.372e-06,1.3735e-06,453569992928.0,2025-10-27,-0.0419892585617631,-0.0428962887168935,0.0419892585617631,0.035894799636261,0.685769184156356,0.0349212886522178,0.6671702829210887,0.0508386895043029,0.9712717992086176,0.0536360731450389,1.0247157386237835,1.3758e-06,1.3856112634659958e-06,1.38448e-06,1.4041339613801144e-06,1.459855e-06,1.4732741555926244e-06,1.693726e-06,1.677266871815225e-06,2.088341e-06,1.8169584723169416e-06,0.0557263643351269,5.572636433512694,-0.0535418963616316,-5.354189636163169,-0.2551518438177874,-25.515184381778734,52.72149384187524,29.17981072555206,30.01543209876543,1.4165625820924754e-06,1.5182565888717225e-06,-1.0169400677924689e-07,-1.1007921944263848e-07,8.385212663391592e-09,0.6104996478625112,1.459855e-06,1.0680377716069519e-07,1.6734625543213904e-06,1.2462474456786096e-06,0.2926421518868523,0.2978652948994686,1.0462857142857136e-07,7.617660824795876,1.244642857142857e-07,9.061833688699355,1.5567142857142858e-07,11.33392272089032,605043087927.85,0.7496490778555712,-30436955218.0,1.856292219699652e-06,41.594475402452936,-47.27096461463907,41.46853446330167,23.55406538139145,28.31098072087174,-76.44593461860855,True,False,False,207,184,3,2,0,7474148537.6,-1.0,0,1,-0.0377866763742265,0
1761609600000,1.3735e-06,1.4074e-06,1.3063e-06,1.3216e-06,358441778151.0,2025-10-28,-0.0377866763742265,-0.038519102768615,0.0377866763742265,0.0422392279438612,0.8069793167808672,0.0362148534856448,0.6918838043632433,0.0489022228010564,0.9342756547896977,0.0536000292410835,1.0240271208056102,1.37768e-06,1.3642741756439973e-06,1.37438e-06,1.3891277865837298e-06,1.440935e-06,1.4588289975596776e-06,1.676852e-06,1.6633064329583522e-06,2.081557e-06,1.8068439986514424e-06,0.0071635421429661,0.7163542142966066,-0.0709967664839027,-7.099676648390268,-0.2225882352941176,-22.258823529411767,54.207516339869294,28.836162105992383,27.85262579048667,1.4019529540782452e-06,1.5036894135238318e-06,-1.017364594455866e-07,-1.0841066744322813e-07,6.674207997641527e-09,0.5050096850515684,1.440935e-06,9.487370705035033e-08,1.6306824141007006e-06,1.2511875858992993e-06,0.2633670694385252,0.1855424866642245,9.749999999999995e-08,7.377421307506049,1.1822142857142854e-07,8.945326011760635,1.5434285714285714e-07,11.678484953303354,595401566655.05,0.6020168542127228,-388878733369.0,1.8544561798869752e-06,39.86434353450339,-99.25190309469936,43.639620540031565,12.678122380553209,24.133836267113697,-87.3218776194468,False,True,False,207,184,3,2,0,7474148537.6,-1.0,0,1,0.014981840193704521,1
1761696000000,1.3216e-06,1.38e-06,1.304e-06,1.3414e-06,601276426905.0,2025-10-29,0.0149818401937045,0.0148707208989231,0.0149818401937045,0.0343984620583988,0.6571816948712382,0.0354924847540188,0.6780829691234003,0.0481729677707898,0.9203432569990556,0.053215793069196,1.0166862990490106,1.3703200000000002e-06,1.3566494504293317e-06,1.36288e-06,1.3804500072048695e-06,1.427585e-06,1.447645283255981e-06,1.662884e-06,1.6506715919422808e-06,2.072323e-06,1.7973461889915344e-06,-0.0267014947032361,-2.6701494703236115,-0.0789618236748146,-7.896182367481458,-0.1660034817209649,-16.600348172096492,55.7616416732439,34.09590043923866,29.430094868776408,1.392637114989283e-06,1.4916679597315669e-06,-9.903084474228389e-08,-1.065347029030393e-07,7.503858160755405e-09,0.5594049620363356,1.427585e-06,8.86499994063107e-08,1.6048849988126213e-06,1.2502850011873783e-06,0.2483915126771735,0.2569514930141536,9.391428571428567e-08,7.001214083367054,1.0670714285714284e-07,7.954908517753305,1.493952380952381e-07,11.13726241950485,585290037418.3,1.0273136196836965,212397693536.0,1.8513859502540195e-06,39.41502853773945,-96.09946326020328,31.728068064027557,27.434233003074787,21.22214025500648,-72.56576699692522,False,True,False,207,184,3,2,0,7474148537.6,-1.0,0,1,-0.06783957059788281,0
1761782400000,1.3414e-06,1.3555e-06,1.1629e-06,1.2504e-06,765388835889.0,2025-10-30,-0.0678395705978828,-0.07025034455837,0.0678395705978828,0.0437452277808901,0.8357514032681705,0.0402315388395547,0.7686224703002694,0.0469721419776182,0.8974015124332123,0.0533784123977117,1.019793136957966,1.34412e-06,1.3212329669528878e-06,1.3453199999999998e-06,1.356804551349439e-06,1.41642e-06,1.4288600178034524e-06,1.64956e-06,1.6349614548774454e-06,2.062794e-06,1.7861919891259523e-06,-0.0948313305342406,-9.48313305342407,-0.1231416549789621,-12.314165497896218,-0.1515233765352515,-15.152337653525144,27.04741379310343,32.00481017007387,29.78067409431715,1.3707544819140055e-06,1.4737962373255971e-06,-1.0304175541159161e-07,-1.0583611340474977e-07,2.794357993158164e-09,0.223477126772086,1.41642e-06,9.627056499373321e-08,1.6089611299874665e-06,1.2238788700125336e-06,0.2718701091307189,0.0688713367091819,1.1037142857142856e-07,8.82688968101636,1.1090714285714286e-07,8.869733113974956,1.5224761904761902e-07,12.175913231575418,547620696603.2,1.3976623612594985,-552991142353.0,1.8468834022008715e-06,38.961433038822086,-154.27827127397757,31.316856247605884,23.77071447976093,21.29435662112964,-76.22928552023907,False,True,False,207,184,3,2,0,7474148537.6,-1.0,0,1,-0.04982405630198339,0
1761868800000,1.2504e-06,1.29e-06,1.171e-06,1.1881e-06,652454957472.0,2025-10-31,-0.0498240563019833,-0.0511081076430251,0.0498240563019833,0.0309913946503146,0.5920897634359307,0.0405648013537172,0.7749894416934248,0.0465664464060663,0.8896507094216822,0.0519809324522946,0.99309432008881,1.295e-06,1.276855311301925e-06,1.3281499999999995e-06,1.3261309965586317e-06,1.40638e-06,1.4059304918781177e-06,1.6316939999999998e-06,1.6174233054451058e-06,2.0540360000000003e-06,1.7740019542745185e-06,-0.1713050149961638,-17.13050149961638,-0.1262685689071924,-12.626856890719235,-0.1445748434012528,-14.457484340125283,21.36296296296294,29.306276545540342,27.73440152080929,1.3426537923887703e-06,1.4526335293030392e-06,-1.0997973691426873e-07,-1.0666483810665355e-07,-3.3148988076151714e-09,-0.2790084006072865,1.40638e-06,1.0892997557582337e-07,1.6242399511516469e-06,1.1885200488483533e-06,0.3098166230345238,-0.0009640341102917,1.1237142857142855e-07,9.458078324335371,1.0976428571428568e-07,9.238640326090874,1.3545238095238094e-07,11.400755908793952,531060457951.1,1.2285888502963591,-1205446099825.0,1.8428429739712915e-06,36.68852062069774,-161.09335884232607,31.45448213263816,6.845965770171143,19.350304417668948,-93.15403422982884,False,False,True,207,184,3,2,0,7474148537.6,-1.0,0,1,-0.0185169598518643,0
1761955200000,1.1881e-06,1.2257e-06,1.148e-06,1.1661e-06,573113095459.0,2025-11-01,-0.0185169598518643,-0.0186905449379545,0.0185169598518643,0.0317196202430557,0.6060024938502641,0.039225161605191,0.7493956602342803,0.0322277542729245,0.6157103808599802,0.0490608303653996,0.937305848051756,1.25352e-06,1.2399368742012835e-06,1.3146599999999998e-06,1.2970344517297896e-06,1.38579e-06,1.3830894922728775e-06,1.608836e-06,1.5997106016899557e-06,2.044325e-06,1.7616191537953234e-06,-0.1510010921004733,-15.100109210047332,-0.1036894696387393,-10.368946963873942,-0.2609797832562266,-26.097978325622663,6.445312500000014,29.613733905579394,30.23909985935302,1.315491670482803e-06,1.431408801349206e-06,-1.1591713086640303e-07,-1.0851529665860344e-07,-7.401834207799571e-09,-0.6347512398421723,1.38579e-06,1.1362112896539349e-07,1.613032257930787e-06,1.1585477420692131e-06,0.3279605971045929,0.016617195233747,1.0999999999999999e-07,9.433153245862275,1.0824285714285709e-07,9.2824678108959,1.281047619047619e-07,10.98574409611199,520283642316.5,1.1015397157352156,-1778559195284.0,1.8391324334306452e-06,34.61736011468916,-165.88410407763033,30.54185389052965,4.725848563968637,11.7808429379669,-95.27415143603136,False,True,False,207,184,3,2,0,7474148537.6,-1.0,0,1,0.01183431952662728,1
1762041600000,1.1661e-06,1.2168e-06,1.0718e-06,1.1799e-06,561232482349.0,2025-11-02,0.0118343195266272,0.0117648415795864,0.0118343195266272,0.0367420494859455,0.7019558698067132,0.0394097392114469,0.7529220104504206,0.031755524236598,0.6066884386837497,0.0484605217763927,0.925836968562331,1.22518e-06,1.2199245828008557e-06,1.30143e-06,1.2757372786880095e-06,1.3642299999999998e-06,1.3637381117660865e-06,1.589488e-06,1.583235152308163e-06,2.03347e-06,1.7497764137187202e-06,-0.1072185230024214,-10.721852300242135,-0.1008230452674897,-10.08230452674897,-0.2676432251256905,-26.764322512569056,12.883435582822074,27.30257757346904,33.17099992145158,1.2946314134854468e-06,1.4127785018227677e-06,-1.1814708833732061e-07,-1.1044165499434689e-07,-7.705433342973723e-09,-0.6530581695884162,1.3642299999999998e-06,1.0945195581432595e-07,1.5831339116286516e-06,1.145326088371348e-06,0.320919363492449,0.078970520379058,1.1764285714285708e-07,9.9705786204642,1.1212857142857137e-07,9.503226665698056,1.2248095238095233e-07,10.380621440880782,520363242585.35,1.0785398283718064,-1217326712935.0,1.8354092859425727e-06,32.928226601139734,-163.08184062242734,25.44831031717864,23.54094076655049,11.704251700230088,-76.45905923344951,False,True,False,207,184,3,2,0,7474148537.6,-1.0,0,1,-0.1237392999406729,0
1762128000000,1.1799e-06,1.244e-06,1.0085e-06,1.0339e-06,1193516597334.0,2025-11-03,-0.1237392999406729,-0.132091629513226,0.1237392999406729,0.0514045169919848,0.9820819181822004,0.0474888922866656,0.9072740132255004,0.0399752369999641,0.7637258305303054,0.0509993625670444,0.9743414537621669,1.1636799999999998e-06,1.1579163885339038e-06,1.267e-06,1.2317668643810986e-06,1.337625e-06,1.3323249578381505e-06,1.567272e-06,1.561677148430088e-06,2.022161e-06,1.735210578161978e-06,-0.2292381094379006,-22.92381094379007,-0.2498186039762008,-24.981860397620085,-0.3397828863346105,-33.97828863346105,9.467455621301768,22.94742652131916,32.87916536904392,1.2545188883338368e-06,1.3847134025833285e-06,-1.301945142494917e-07,-1.1439222684537587e-07,-1.5802287404115843e-08,-1.5284154564383248,1.337625e-06,1.217990444824769e-07,1.5812230889649536e-06,1.0940269110350463e-06,0.3642247849209661,-0.1234141681704588,1.3527142857142853e-07,13.083608528042223,1.1994999999999996e-07,11.60170229229132,1.2806666666666666e-07,12.386755650127348,548388632716.85,2.176406522908817,-2410843310269.0,1.8269294161575136e-06,32.86816749791728,-179.41292245402917,16.77385921983472,5.275181723779856,11.180657018099655,-94.72481827622016,True,True,False,207,184,3,2,0,7474148537.6,-1.0,0,1,-0.005222942257471663,0
1762214400000,1.0339e-06,1.1001e-06,9.5e-07,1.0285e-06,946355417710.0,2025-11-04,-0.0052229422574716,-0.0052366294996355,0.0052229422574716,0.0534422902040798,1.0210135207350777,0.0470241772098309,0.898395644148767,0.0399840927311556,0.7638950190371596,0.0509026051436837,0.9724929057844232,1.1193e-06,1.114777592355936e-06,1.23171e-06,1.1948092526754445e-06,1.31329e-06,1.3033892472124828e-06,1.5465e-06,1.5407538345963008e-06,2.010307e-06,1.7208390692700592e-06,-0.1774632117722329,-17.746321177223283,-0.2554654698132329,-25.5465469813233,-0.3212117212249208,-32.12117212249208,4.052863436123346,25.04895315559571,35.04564315352698,1.2197467516670906e-06,1.3583272028243875e-06,-1.3858045115729718e-07,-1.1922987170776016e-07,-1.9350579449537012e-08,-1.881436990718232,1.31329e-06,1.3259488717618594e-07,1.578479774352372e-06,1.0481002256476283e-06,0.4038556211535484,-0.0369550931884433,1.4227142857142858e-07,13.832905062851584,1.1988571428571426e-07,11.65636502534898,1.2623809523809521e-07,12.274000509294623,555756101942.35,1.7028250601343249,-3357198727979.0,1.819718770484862e-06,32.66303429481068,-191.0381359116567,16.3542306108547,14.697622168133307,14.504581552821216,-85.30237783186669,False,True,False,207,184,3,2,0,7474148537.6,-1.0,0,1,0.07010209042294613,1
1762300800000,1.0285e-06,1.1649e-06,9.763e-07,1.1006e-06,569292858797.0,2025-11-05,0.0701020904229461,0.0677540555326466,0.0701020904229461,0.0704924711562328,1.346756770447061,0.0527947074402453,1.0086414694037231,0.0443148632137843,0.8466342729328843,0.0520936760593728,0.9952482836776408,1.1018e-06,1.1100517282372903e-06,1.1983999999999998e-06,1.177680297643545e-06,1.2953249999999995e-06,1.2840759853585966e-06,1.526546e-06,1.5234814739615848e-06,1.997847e-06,1.7082327549340531e-06,-0.0736469994108238,-7.364699941082383,-0.2323359140684939,-23.2335914068494,-0.2461127474484553,-24.61127474484553,26.710199004975152,35.203780271707046,28.067273228563565,1.201416482179845e-06,1.3392362843139338e-06,-1.3781980213408896e-07,-1.229478577930259e-07,-1.4871944341063042e-08,-1.3512578903382737,1.2953249999999995e-06,1.359826609496583e-07,1.5672903218993164e-06,1.023359678100683e-06,0.4199182782688773,0.1420039903615209,1.5835714285714285e-07,14.388255756600293,1.2613571428571425e-07,11.460631863139582,1.2392380952380953e-07,11.259659233491687,555665158504.4,1.0245250221001432,-2787905869182.0,1.815736435553162e-06,31.136603016102736,-133.59574729135218,22.331480585281867,28.196966860138573,16.056590250683907,-71.80303313986143,True,False,False,207,184,3,2,0,7474148537.6,-1.0,0,1,-0.12920225331637292,0
1762387200000,1.1006e-06,1.1006e-06,8.78e-07,9.584e-07,841322903644.0,2025-11-06,-0.1292022533163729,-0.1383455372644735,0.1292022533163729,0.0878564202400841,1.6784945518981664,0.0622979137197762,1.1901999704463075,0.0512935504316052,0.9799619050228774,0.0546791682956577,1.0446440434948523,1.06026e-06,1.0595011521581937e-06,1.1568899999999998e-06,1.137811152617446e-06,1.270685e-06,1.2530592245364304e-06,1.504012e-06,1.5013073228387403e-06,1.979483e-06,1.6930004239981926e-06,-0.1781150844695994,-17.811508446959948,-0.3022206042955953,-30.222060429559523,-0.3395810363836824,-33.95810363836825,21.39476961394772,28.11185350160852,22.73828418678474,1.1640293310752517e-06,1.3110261692070032e-06,-1.4699683813175153e-07,-1.2775765386077104e-07,-1.9239184270980488e-08,-2.0074274072391995,1.270685e-06,1.5016013303348525e-07,1.5710052660669704e-06,9.703647339330296e-07,0.4726903458637985,-0.0199199576001332,1.626428571428571e-07,16.970248032435006,1.3650714285714285e-07,14.243232768900546,1.2815238095238092e-07,13.371492169488826,568772244727.1,1.4791912078052811,-3629228772826.0,1.8091265365342371e-06,30.392578199384825,-160.57205567946949,22.171924326325083,13.26513776604521,18.719908931439026,-86.73486223395479,False,True,False,207,184,3,2,0,7474148537.6,-1.0,0,1,0.16089315525876446,1
1762473600000,9.584e-07,1.13e-06,9.1e-07,1.1126e-06,884401990683.0,2025-11-07,0.1608931552587644,0.1491896702800078,0.1608931552587644,0.1251850556188249,2.391657129451299,0.0874075448805032,1.6699188001946594,0.0652133580434756,1.245899456042456,0.0600119407546019,1.1465265182689213,1.0468e-06,1.0772007681054624e-06,1.13599e-06,1.1332273066870013e-06,1.255185e-06,1.2396821554112842e-06,1.484966e-06,1.4860545843318026e-06,1.964382e-06,1.6812160304630803e-06,-0.0570387320959403,-5.703873209594032,-0.1581416464891041,-15.814164648910417,-0.2179108674258399,-21.791086742584,44.98782087314971,35.185185185185176,32.6443117439902,1.1561171262944434e-06,1.2963279248155075e-06,-1.4021079852106433e-07,-1.302482827928297e-07,-9.962515728234626e-09,-0.8954265439721937,1.255185e-06,1.4965239469131308e-07,1.554489789382626e-06,9.558802106173738e-07,0.476909442644114,0.261806350820331,1.770714285714286e-07,15.915102334300611,1.447214285714286e-07,13.007498523407207,1.3219999999999998e-07,11.882078015459284,598826241516.75,1.476892509658433,-2744826782143.0,1.8028817200893676e-06,32.8522327253747,-107.15478684315438,24.928809345431105,38.70648407853489,26.72286290157289,-61.2935159214651,True,False,False,207,184,3,2,0,7474148537.6,-1.0,0,1,-0.10677691892863561,0
1762560000000,1.1126e-06,1.129e-06,9.729e-07,9.938e-07,407359816044.0,2025-11-08,-0.1067769189286356,-0.1129189184729726,0.1067769189286356,0.1213485540296097,2.318360869505251,0.0913663025905776,1.7455507600501454,0.0681039175738135,1.301123518328981,0.0610682766952385,1.1667077880780894,1.03878e-06,1.0494005120703084e-06,1.10123e-06,1.1078768872893646e-06,1.232055e-06,1.2162648070841595e-06,1.466226e-06,1.4667391505671612e-06,1.947922e-06,1.667265804431472e-06,-0.0387851823193733,-3.8785182319373295,-0.2591322498881766,-25.913224988817657,-0.317632518538863,-31.7632518538863,35.43134491936748,30.8498023715415,31.02896230534129,1.1311452607106822e-06,1.2739184353009136e-06,-1.4277317459023146e-07,-1.3275326115231004e-07,-1.0019913437921387e-08,-1.0082424469633116,1.232055e-06,1.5263572898623838e-07,1.5373264579724766e-06,9.267835420275234e-07,0.4955484259590304,0.1097653518242094,1.882714285714286e-07,18.944599373257056,1.4913571428571426e-07,15.00661242561021,1.349190476190476e-07,13.576076435806764,604923723807.15,0.6734069106766699,-3152186598187.0,1.7999681208183104e-06,36.148106523177496,-103.289369666477,20.686341625447938,19.105758125721817,23.692459990100637,-80.89424187427818,False,False,True,207,184,3,2,0,7474148537.6,-1.0,0,1,0.01821292010464881,1
1762646400000,9.938e-07,1.0521e-06,9.571e-07,1.0119e-06,439183166108.0,2025-11-09,0.0182129201046488,0.018049051567494,0.0182129201046488,0.1216471869520862,2.3240662434782013,0.0910217023786284,1.7389671822449142,0.0685380937382311,1.3094184423032065,0.0607686331033453,1.1609831052930466,1.0354599999999998e-06,1.0369003413802056e-06,1.07738e-06,1.0904265441458435e-06,1.21135e-06,1.1968014919788422e-06,1.450232e-06,1.4488922609341226e-06,1.931584e-06,1.6539725333841175e-06,-0.0161400097228974,-1.6140009722897402,-0.1907389635316698,-19.07389635316698,-0.2903927068723703,-29.039270687237025,47.846515270164446,28.43117201881776,33.24607329842932,1.1127998359859613e-06,1.2545096514073864e-06,-1.4170981542142513e-07,-1.345445720061331e-07,-7.1652434152920555e-09,-0.7080979756193354,1.21135e-06,1.530282516056308e-07,1.5174065032112615e-06,9.052934967887384e-07,0.5053147367998704,0.1741614736048825,1.8112857142857145e-07,17.899848940465603,1.493857142857143e-07,14.76289300184942,1.3512857142857138e-07,13.353945195036207,601786350440.45,0.729799148462839,-2713003432079.0,1.796750574129235e-06,39.72362782860631,-103.81723943754592,14.68479762230811,22.09206401583897,26.634768740031888,-77.90793598416103,False,True,False,207,184,3,2,0,7474148537.6,-1.0,0,1,0.0351813420298448,1
1762732800000,1.0119e-06,1.089e-06,1.0011e-06,1.0475e-06,516393631346.0,2025-11-10,0.0351813420298448,0.0345766210605784,0.0351813420298448,0.1177459881769768,2.249533945531176,0.0916063536325819,1.750136928768159,0.0689822902532637,1.3179048048071296,0.061000828613935,1.1654191942941123,1.0248399999999995e-06,1.040433560920137e-06,1.0633199999999998e-06,1.0826217179375085e-06,1.195735e-06,1.1825823021707806e-06,1.436148e-06,1.4331428582510224e-06,1.917374e-06,1.641676924401402e-06,-0.0482464110485191,-4.824641104851915,-0.1183402070532783,-11.834020705327832,-0.2296661273716724,-22.96661273716724,51.75600739371534,32.89970625262275,35.20052789793972,1.1027537073727362e-06,1.2391755951752054e-06,-1.3642188780246926e-07,-1.3492003516540032e-07,-1.5018526370689131e-09,-0.1433749534194666,1.195735e-06,1.5301670454046397e-07,1.501768409080928e-06,8.89701590919072e-07,0.5118749707601232,0.257812389756439,1.6004285714285717e-07,15.27855438117968,1.4765714285714286e-07,14.09614728946471,1.3331428571428568e-07,12.726900784180016,602116889363.7,0.8576302051445694,-2196609800733.0,1.7931850102558589e-06,42.94709583259602,-76.28699292623064,20.008616551040888,32.01737816395918,24.405066768506654,-67.98262183604082,True,False,False,207,184,3,2,0,7474148537.6,-1.0,0,1,-0.07646778042959412,0
1762819200000,1.0475e-06,1.09e-06,9.384e-07,9.674e-07,446730570183.0,2025-11-11,-0.0764677804295941,-0.0795495914074098,0.0764677804295941,0.1054892725422835,2.0153697221223617,0.0940939645000958,1.7976626676607128,0.0701968382355927,1.3411087114287192,0.0611339735074948,1.1679629239138998,1.02664e-06,1.0160890406134248e-06,1.04345e-06,1.0616723146761433e-06,1.179055e-06,1.162088749458176e-06,1.4229259999999998e-06,1.4148689235891377e-06,1.900476e-06,1.6280131001440951e-06,0.009390651085142,0.9390651085141946,-0.1703970499957121,-17.03970499957121,-0.2564181398923904,-25.64181398923904,37.86885245901639,31.954350927246796,33.91974000282606,1.0819300600846226e-06,1.2190440599063284e-06,-1.371139998217058e-07,-1.3535882809666141e-07,-1.75517172504439e-09,-0.1814318508418844,1.179055e-06,1.5900344741381026e-07,1.4970618948276207e-06,8.610481051723796e-07,0.5394267355256889,0.1672163348616541,1.6025714285714288e-07,16.565757996396822,1.5126428571428573e-07,15.636167636374376,1.3334285714285712e-07,13.783632121444814,600257419389.2,0.7442316508766801,-2643340370916.0,1.789934285478288e-06,46.83989909682214,-89.99743113752143,20.078059764621315,17.808764940239055,23.972735706679064,-82.19123505976094,True,True,False,207,184,3,2,0,7474148537.6,-1.0,0,1,-0.04196816208393639,0
1762905600000,9.674e-07,1e-06,9.144e-07,9.268e-07,469930557104.0,2025-11-12,-0.0419681620839363,-0.0428742678306617,0.0419681620839363,0.0605703507513654,1.1571949262774848,0.0939577952487634,1.7950611577668114,0.0703128444958972,1.3433250079199168,0.0607467834631782,1.1605656685037813,9.8948e-07,9.863260270756164e-07,1.01814e-06,1.0371500756441172e-06,1.159785e-06,1.139680297005251e-06,1.4110739999999998e-06,1.3957193920994445e-06,1.882877e-06,1.6138099981114451e-06,-0.1669962250584217,-16.69962250584217,-0.2145097042122213,-21.45097042122213,-0.2937052278616064,-29.370522786160645,46.46848457755922,29.315505887048506,31.380959077485585,1.0580638969946803e-06,1.197396342106866e-06,-1.3933244511218564e-07,-1.361535514997663e-07,-3.178893612419366e-09,-0.3429967212364444,1.159785e-06,1.6524912062829186e-07,1.4902832412565837e-06,8.292867587434162e-07,0.5699301875030005,0.1475245993531307,1.4554285714285717e-07,15.703804180282388,1.5195e-07,16.395123003884336,1.3260476190476186e-07,14.307807715231103,595025725218.6,0.7897651096200208,-3113270928020.0,1.786322497782186e-06,49.11718063405253,-103.57143700234424,20.802838200127,10.219895287958106,20.015346130718772,-89.78010471204189,False,True,False,207,184,3,2,0,7474148537.6,-1.0,0,1,-0.006473888649115134,0
1762992000000,9.268e-07,9.654e-07,8.65e-07,9.208e-07,514041116990.0,2025-11-13,-0.0064738886491151,-0.0064949351505481,0.0064738886491151,0.0452689222034512,0.864861544337401,0.0865864136136513,1.654231109368676,0.0686697642106373,1.3119340031464048,0.0601204515754847,1.1485996145910362,9.748799999999998e-07,9.64484018050411e-07,1.00683e-06,1.015995516436096e-06,1.136915e-06,1.1188345543293137e-06,1.397512e-06,1.3770861519453474e-06,1.867346e-06,1.5997794070191424e-06,-0.073455423626484,-7.345542362648408,-0.1093916239481573,-10.93916239481574,-0.33188216514294,-33.188216514294005,17.947860962566864,32.03227213257742,31.928745170982975,1.0369463743801135e-06,1.176907715709026e-06,-1.399613413289124e-07,-1.369151094655955e-07,-3.0462318633168943e-09,-0.3308244855904533,1.136915e-06,1.6508150227914573e-07,1.4670780045582914e-06,8.067519954417084e-07,0.5808050813970993,0.1727146939295496,1.280857142857143e-07,13.910264366389471,1.4536428571428568e-07,15.78673824003971,1.3369999999999996e-07,14.51998262380538,600596087930.85,0.8558848905608997,-3627312045010.0,1.7822670043929015e-06,50.48097631961476,-107.58163346591547,21.87262172466386,13.129411764705898,13.719357330967682,-86.8705882352941,False,True,False,207,184,3,2,0,7474148537.6,-1.0,0,1,-0.060925282363162525,0
1763078400000,9.208e-07,9.248e-07,8.278e-07,8.647e-07,446483281442.0,2025-11-14,-0.0609252823631625,-0.0628602314412884,0.0609252823631625,0.0448911583489269,0.8576443760304022,0.0881531324411513,1.6841632305401155,0.0691527967089999,1.321162326070055,0.0590719345075955,1.1285677241359624,9.4544e-07,9.31222678700274e-07,9.9045e-07,9.884872407204422e-07,1.11108e-06,1.0946312633315476e-06,1.386116e-06,1.3569832998535098e-06,1.853519e-06,1.5849036872935064e-06,-0.1454689198537405,-14.546891985374051,-0.1592610597958191,-15.926105979581918,-0.3740408281453597,-37.40408281453598,22.70613107822412,32.25027442371021,32.1611299272177,1.010446932167788e-06,1.1537812094030566e-06,-1.433342772352686e-07,-1.3819894301953013e-07,-5.135334215738464e-09,-0.5938862282570215,1.11108e-06,1.652375151745374e-07,1.4415550303490748e-06,7.806049696509255e-07,0.5948717110362434,0.1272335617311941,1.105142857142857e-07,12.780650597234382,1.4379285714285714e-07,16.62921905202465,1.333190476190476e-07,15.417953928419989,605993868522.85,0.7367785461762715,-4073795326452.0,1.7785949501299498e-06,52.48211315727887,-119.54741194600908,22.84105815702748,8.865929841422373,10.738412298028786,-91.13407015857764,False,True,False,207,184,3,2,0,7474148537.6,-1.0,0,1,0.02821787903319084,1
1763164800000,8.647e-07,9.08e-07,8.555e-07,8.891e-07,259479480983.0,2025-11-15,0.0282178790331908,0.0278270891607088,0.0282178790331908,0.0423971093151291,0.8099956361437011,0.0846522980207645,1.6172798828501094,0.0687541617960551,1.3135464167518094,0.0589027394261311,1.1253352566433206,9.1376e-07,9.171817858001826e-07,9.693e-07,9.704168333167251e-07,1.08385e-06,1.0750568572200231e-06,1.3740680000000005e-06,1.3386267958088268e-06,1.838309e-06,1.570828907147646e-06,-0.151217183770883,-15.1217183770883,-0.1921679084135926,-19.216790841359263,-0.3798563158261839,-37.9856315826184,24.71169686985172,34.83687322093279,34.7816448681002,9.917781733727435e-07,1.1341751869477997e-06,-1.4239701357505614e-07,-1.3903855713063536e-07,-3.3584564444208063e-09,-0.3777366375459235,1.08385e-06,1.537474501286299e-07,1.3913449002572595e-06,7.763550997427403e-07,0.5674122807718037,0.1833280814786421,9.571428571428573e-08,10.76530038401594,1.4199285714285714e-07,15.970403457750212,1.313285714285714e-07,14.770956183620672,594998447876.05,0.4361011056570936,-3814315845469.0,1.776502010142341e-06,54.17223867107896,-109.6252313630778,26.66005128939385,14.728495915425263,12.241279173851174,-85.27150408457473,False,False,True,207,184,3,2,0,7474148537.6,-1.0,0,1,-0.03801597120683842,0
1763251200000,8.891e-07,9.25e-07,8.171e-07,8.553e-07,623136099338.0,2025-11-16,-0.0380159712068384,-0.0387574305403573,0.0380159712068384,0.0350589180593089,0.6697996890515907,0.0757809020645617,1.4477921010861068,0.0686971499245716,1.3124572064764854,0.0589443687730354,1.1261305841992006,8.9134e-07,8.965545238667883e-07,9.589900000000002e-07,9.494864999864116e-07,1.05794e-06,1.0541276326455374e-06,1.362346e-06,1.3196647256812454e-06,1.823657e-06,1.5563612882694645e-06,-0.1158776100888981,-11.587761008889814,-0.1075751252086811,-10.757512520868117,-0.3772843101565344,-37.72843101565345,10.12448132780085,32.611956288836524,33.396322407151686,9.70781531315398e-07,1.1135177589180565e-06,-1.4273622760265816e-07,-1.397780912250399e-07,-2.9581363776182557e-09,-0.3458595086657612,1.05794e-06,1.4582590701894406e-07,1.349591814037888e-06,7.662881859621121e-07,0.5513579485375125,0.1525994520752826,9.755714285714284e-08,11.406189975113158,1.3934285714285718e-07,16.29169380835463,1.3210952380952381e-07,15.445986649073289,603476753196.55,1.0325768077018982,-4437451944807.0,1.771412805869993e-06,55.09941636129499,-115.1515502060066,27.00025380336743,8.948231435933476,10.847552397593695,-91.05176856406652,True,True,False,207,184,3,2,0,7474148537.6,-1.0,0,1,-0.040804396118320985,0
1763337600000,8.553e-07,8.869e-07,8.179e-07,8.204e-07,386532768422.0,2025-11-17,-0.0408043961183209,-0.0416602583885103,0.0408043961183209,0.0349119766415228,0.6669923772065591,0.0469516066649479,0.8970091858355161,0.068738876321654,1.3132543881734162,0.0587163208123296,1.121773734027407,8.700599999999999e-07,8.711696825778588e-07,9.2977e-07,9.260162272616094e-07,1.03288e-06,1.0318678580334435e-06,1.348818e-06,1.3000776996854882e-06,1.808346e-06,1.5414867474152675e-06,-0.1148036253776434,-11.480362537764345,-0.2626280783749775,-26.262807837497743,-0.3792372881355932,-37.92372881355932,12.461695607763032,37.01811990757632,29.26085663295657,9.47645911113029e-07,1.0918053257386384e-06,-1.441594146256094e-07,-1.406543559051538e-07,-3.505058720455602e-09,-0.4272377767498296,1.03288e-06,1.411209432776793e-07,1.3151218865553583e-06,7.506381134446414e-07,0.5465143802868844,0.1235852824801672,9.485714285714285e-08,11.56230410252838,1.2745e-07,15.5351048269137,1.3005714285714284e-07,15.852894058647346,604881302710.1,0.6390225101853622,-4823984713229.0,1.7682013097165476e-06,54.61189427966996,-123.83330649032628,30.494625509459823,0.9488211615871291,8.208516170981952,-99.05117883841288,False,False,True,207,184,3,2,0,7474148537.6,-1.0,0,1,0.082886396879571,1
1763424000000,8.204e-07,9.301e-07,7.741e-07,8.884e-07,671188557801.0,2025-11-18,0.082886396879571,0.0796300658220468,0.082886396879571,0.059842377682689,1.1432870203286325,0.0502276612574901,0.9595981209443716,0.0722152901692827,1.379671181475971,0.0591317600690536,1.129710689882771,8.6358e-07,8.769131217185725e-07,9.1923e-07,9.19176913214044e-07,1.01023e-06,1.0182042524651168e-06,1.334586e-06,1.2839271248314328e-06,1.7944780000000002e-06,1.528292584138316e-06,-0.0351867940920938,-3.5186794092093825,-0.1060575568524853,-10.605755685248528,-0.3377068734158341,-33.77068734158342,41.397849462365606,42.08385128263081,32.512769580022706,9.385311555571782e-07,1.0767382603366508e-06,-1.382071047794726e-07,-1.4016490568001757e-07,1.9578009005449808e-09,0.2203738069051081,1.01023e-06,1.243544852428053e-07,1.2589389704856106e-06,7.615210295143895e-07,0.4923808845225553,0.2550751793107343,9.548571428571429e-08,10.748054287000706,1.2787142857142858e-07,14.393452112947836,1.3267142857142854e-07,14.933749276387722,608376909254.9,1.103244629423933,-4152796155428.0,1.7628111184121988e-06,54.05379120362322,-103.02392073602265,40.210794909830696,29.247697031729786,13.048249876416792,-70.75230296827021,True,True,False,207,184,3,2,0,7474148537.6,-1.0,0,1,-0.03140477262494379,0
1763510400000,8.884e-07,9.408e-07,8.2e-07,8.605e-07,491154803760.0,2025-11-19,-0.0314047726249437,-0.0319084763686783,0.0314047726249437,0.0542280403984087,1.0360252571196231,0.0495757647531374,0.9471436557161358,0.0713440866505299,1.363026861620631,0.059152424669668,1.1301054865231726,8.6274e-07,8.71442081145715e-07,9.0409e-07,9.085083835387632e-07,9.90735e-07,1.0031847998082846e-06,1.3195539999999998e-06,1.2673158632150472e-06,1.780154e-06,1.514806727214714e-06,-0.0048571758991557,-0.4857175899155774,-0.1496195276213064,-14.96195276213065,-0.3118202175303902,-31.182021753039024,37.69889840881272,35.72023313905078,29.30984695350853,9.265263623945352e-07,1.060720607252988e-06,-1.3419424485845265e-07,-1.3897077351570458e-07,4.776528657251932e-09,0.5550875836434552,9.90735e-07,1.149263071665948e-07,1.2205876143331897e-06,7.608823856668104e-07,0.4640042278372918,0.216698893380403,1.005142857142857e-07,11.68091641072466,1.2302857142857142e-07,14.297335436208185,1.348047619047619e-07,15.665864253894467,594665207648.45,0.8259349924005601,-4643950959188.0,1.7589488572336975e-06,56.23133341246983,-88.59552410531359,38.62448298733428,24.276482157909506,18.157666783742133,-75.72351784209049,True,False,False,207,184,3,2,0,7474148537.6,-1.0,0,1,-0.056362579895409604,0
1763596800000,8.605e-07,8.712e-07,7.984e-07,8.12e-07,562344178444.0,2025-11-20,-0.0563625798954096,-0.0580132754899161,0.0563625798954096,0.0564406446187028,1.0782970013942217,0.0477011543893585,0.91132927500342,0.071521513700462,1.3664166006500218,0.0587387259460814,1.1222017835067066,8.4732e-07,8.516280540971433e-07,8.8054e-07,8.909614047135336e-07,9.7193e-07,9.849767235909794e-07,1.301804e-06,1.2494538549246525e-06,1.759734e-06,1.500619342278784e-06,-0.0867169047351253,-8.671690473512538,-0.2248210023866347,-22.48210023866348,-0.3165558454675531,-31.65558454675532,38.90526315789475,40.200803212851405,29.55951947579177,9.089069220261452e-07,1.0422968541266454e-06,-1.3338993210050024e-07,-1.378546052326637e-07,4.464673132163489e-09,0.5498365926309716,9.7193e-07,1.1165590044984785e-07,1.1952418008996955e-06,7.486181991003042e-07,0.4595223954393745,0.141913236659098,9.657142857142861e-08,11.893033075299089,1.1232857142857145e-07,13.83356790992259,1.2909999999999998e-07,15.89901477832512,590159668697.05,0.9528678563981492,-5206295137632.0,1.7543373166834105e-06,57.32593014015079,-110.92650670766974,40.70573248951449,10.649058724360774,21.39107930466669,-89.35094127563923,False,True,False,207,184,3,2,0,7474148537.6,-1.0,0,1,-0.0038177339901478424,0
1763683200000,8.12e-07,8.2e-07,7.462e-07,8.089e-07,752122897479.0,2025-11-21,-0.0038177339901478,-0.003825040137771,0.0038177339901478,0.0552779740932802,1.056084212195191,0.0442523229473577,0.8454394428204752,0.0715744195246971,1.3674273650028108,0.0571821663833201,1.0924637548155742,8.3804e-07,8.373853693980954e-07,8.6469e-07,8.760411493110729e-07,9.5407e-07,9.6820751178284e-07,1.281248e-06,1.2321712052744305e-06,1.7347829999999998e-06,1.4866611463470169e-06,-0.0542499707704898,-5.424997077048987,-0.163841223899111,-16.384122389911106,-0.3063202126747276,-30.63202126747277,31.45235892691953,24.517536499412657,30.648448705367255,8.935212417144304e-07,1.0250081944067749e-06,-1.3148695269234446e-07,-1.365810747245999e-07,5.0941220322554365e-09,0.6297591831197227,9.5407e-07,1.074515709762606e-07,1.1689731419525212e-06,7.391668580474787e-07,0.4504976405348061,0.1622431885335754,9.325714285714289e-08,11.528884022393727,1.0188571428571428e-07,12.595588365151968,1.2694761904761905e-07,15.693858208384109,599110158798.05,1.255400006883422,-5958418035111.0,1.748006917926511e-06,59.19860583481602,-123.99681568276246,28.14887218369995,16.379310344827577,17.10161707569928,-83.62068965517241,False,True,False,207,184,3,2,0,7474148537.6,-1.0,0,1,-0.033131413030040746,0
1763769600000,8.089e-07,8.155e-07,7.5e-07,7.821e-07,409398413844.0,2025-11-22,-0.0331314130300407,-0.0336926904163411,0.0331314130300407,0.0543034738028558,1.037466410288049,0.0437811021185685,0.83643678152717,0.0713701727742389,1.36352523631432,0.056262327512794,1.0748902578692725,8.3038e-07,8.189569129320636e-07,8.502200000000002e-07,8.589609403454232e-07,9.3418e-07,9.504829868152128e-07,1.258024e-06,1.214515437552814e-06,1.711451e-06,1.4724491738288351e-06,-0.0466845441248171,-4.668454412481719,-0.156128614587829,-15.612861458782906,-0.3371472158657512,-33.71472158657513,32.50478011472276,28.99384798571147,29.000525643913804,8.763795122199026e-07,1.0070149911026768e-06,-1.3063547888277426e-07,-1.3539195555623478e-07,4.75647667346049e-09,0.6081673281499157,9.3418e-07,1.0000873961811165e-07,1.1341974792362237e-06,7.341625207637768e-07,0.4282204269760074,0.1198332251243112,9.511428571428573e-08,12.161396971523551,9.541428571428573e-08,12.19975523772992,1.263666666666667e-07,16.15735413203768,591518455372.8,0.6921143543796613,-6367816448955.0,1.7445633050575097e-06,60.57461765063236,-119.88620779833768,28.601443311991943,10.442117510180324,12.490162193122886,-89.55788248981968,False,False,True,207,184,3,2,0,7474148537.6,-1.0,0,1,0.05945531261986958,1
1763856000000,7.821e-07,8.718e-07,7.801e-07,8.286e-07,456075278658.0,2025-11-23,0.0594553126198695,0.0577549200357357,0.0594553126198695,0.0446049197772649,0.8521757957972806,0.0499076226772954,0.9534837924549326,0.0687861744766808,1.3141580181564076,0.0571493568763277,1.0918369300646154,8.1842e-07,8.221712752880425e-07,8.410000000000001e-07,8.53440769373528e-07,9.239150000000002e-07,9.388750832877134e-07,1.235276e-06,1.1993766246795108e-06,1.687935e-06,1.4594666415226712e-06,-0.0673120216118865,-6.7312021611886586,-0.1001303214596004,-10.01303214596004,-0.198568526936841,-19.856852693684107,51.856884057971016,32.78226563967688,33.61559975139839,8.690288180322253e-07,9.937990633069633e-07,-1.24770245274738e-07,-1.3326761349993541e-07,8.497368225197405e-09,1.0255090785900802,9.239150000000002e-07,9.977049070638445e-08,1.1234559814127691e-06,7.243740185872312e-07,0.4319466215242071,0.2611643499867521,9.279999999999998e-08,11.199613806420466,9.517857142857143e-08,11.486672873349194,1.2382857142857146e-07,14.944312265094306,554646389439.0,0.8222811638948911,-5911741170297.0,1.740931211694391e-06,59.72926686102104,-78.90618039459743,35.03228448413853,23.967422920302493,16.92961692510346,-76.0325770796975,True,False,False,207,184,3,2,0,7474148537.6,-1.0,0,1,0.005310161718561357,1
1763942400000,8.286e-07,8.718e-07,8.011e-07,8.33e-07,434430016293.0,2025-11-24,0.0053101617185613,0.0052961125235411,0.0053101617185613,0.0438439287234188,0.8376370821274837,0.0465933556952475,0.8901648106696347,0.068855140540551,1.3154756129566023,0.057225411902724,1.0932899593037042,8.1292e-07,8.257808501920283e-07,8.3783e-07,8.497242658510685e-07,9.1414e-07,9.287917420054854e-07,1.213226e-06,1.1850044680605351e-06,1.664636e-06,1.4468391800111405e-06,-0.0319581638582219,-3.195816385822191,-0.0366601133341042,-3.666011333410425,-0.1900826446280991,-19.008264462809915,32.37913486005088,28.59708640989824,35.556820955015056,8.634859229503445e-07,9.818880194701877e-07,-1.1840209651984297e-07,-1.3029451010391693e-07,1.1892413584073978e-08,1.427660694366624,9.1414e-07,9.85541176474451e-08,1.1112482352948905e-06,7.170317647051098e-07,0.4312429940597506,0.2941739981624616,9.304285714285713e-08,11.169610701423425,9.395e-08,11.278511404561824,1.1598095238095239e-07,13.923283599153946,529050119368.15,0.8211509654545475,-5477311154004.0,1.7375299299308089e-06,60.08743970470037,-66.38065986733724,33.10605364777754,25.24723676556137,19.885592398681396,-74.75276323443863,False,False,False,207,184,3,2,0,7474148537.6,-1.0,0,1,-0.04201680672268904,0
1764028800000,8.33e-07,8.512e-07,7.7e-07,7.98e-07,638671748052.0,2025-11-25,-0.042016806722689,-0.0429250447170338,0.042016806722689,0.0400014967298067,0.7642275219645199,0.0466972532477657,0.8921497706233963,0.0666693181599308,1.273715535010538,0.057058450868117,1.0901001732163442,8.1012e-07,8.165205667946855e-07,8.287200000000001e-07,8.40319853878147e-07,8.990100000000001e-07,9.1633538560531e-07,1.192636e-06,1.1698233103134586e-06,1.6429099999999998e-06,1.4337654000552617e-06,-0.0172413793103448,-1.7241379310344818,-0.1024631649983128,-10.246316499831286,-0.2749409413047429,-27.494094130474288,30.97991479001827,31.425438596491237,35.184737985993735,8.534111655733685e-07,9.682666824600303e-07,-1.148555168866621e-07,-1.2720671146046598e-07,1.2351194573803882e-08,1.547768743584446,8.990100000000001e-07,9.138933428500258e-08,1.0817886685700052e-06,7.162313314299949e-07,0.4066221033581499,0.2236821977360212,8.235714285714284e-08,10.320443967060504,8.892142857142855e-08,11.143036161833152,1.1269999999999998e-07,14.122807017543856,532519063830.9,1.1993406272771645,-6115982902056.0,1.7324170207436655e-06,60.24871957070536,-84.54329461457228,32.72863801296657,20.40977147360126,23.208143719821702,-79.59022852639875,False,True,False,207,184,3,2,0,7474148537.6,-1.0,0,1,0.043233082706766846,1
1764115200000,7.98e-07,8.35e-07,7.615e-07,8.325e-07,324188401776.0,2025-11-26,0.0432330827067668,0.04232462440479,0.0432330827067668,0.0449430336677082,0.8586354526041395,0.0482819628261657,0.9224256046081696,0.0619509293159047,1.1835708427183578,0.0575535035332647,1.0995581411039763,8.1484e-07,8.218470445297903e-07,8.2644e-07,8.388980622639384e-07,8.927149999999999e-07,9.08351063155864e-07,1.172406e-06,1.1565911667450656e-06,1.621798e-06,1.4216544163159794e-06,0.0291754234145134,2.9175423414513504,-0.0266573132234303,-2.66573132234304,-0.131364774624374,-13.136477462437398,56.81969394544243,39.51989330962437,36.24703087885987,8.501940631774657e-07,9.582098896390817e-07,-1.08015826461616e-07,-1.2336853446069598e-07,1.5352707999079955e-08,1.844169129018613,8.927149999999999e-07,9.141923830125845e-08,1.075553476602517e-06,7.098765233974831e-07,0.4096233996348595,0.3353327999693828,7.559999999999999e-08,9.08108108108108,8.805714285714286e-08,10.577434577434577,1.0721904761904761e-07,12.87916487916488,506662338737.5,0.6398509954061553,-5791794500280.0,1.7298522238859511e-06,60.20640206040008,-75.94841720977182,38.22483830845843,39.37043795620437,28.34248206512233,-60.62956204379562,False,True,False,207,184,3,2,0,7474148537.6,-1.0,0,1,-0.010450450450450455,0
1764201600000,8.325e-07,8.42e-07,8.11e-07,8.238e-07,228650656304.0,2025-11-27,-0.0104504504504504,-0.0105054398526185,0.0104504504504504,0.0408965474252622,0.7813274414910517,0.0464680340590012,0.8877705441709605,0.0480569003352452,0.918125791756538,0.0568104728686495,1.0853625601886416,8.2318e-07,8.224980296865268e-07,8.2678e-07,8.361529600341315e-07,8.78275e-07,9.002985809406475e-07,1.154882e-06,1.1435369512870053e-06,1.601364e-06,1.4096162374372392e-06,0.0533179900268507,5.331799002685074,0.0041443198439785,0.4144319843978471,-0.2595721732877943,-25.95721732877944,54.77870429762667,39.28413610251877,40.66802878209114,8.461334380732402e-07,9.482536001173472e-07,-1.0212016204410693e-07,-1.1911885997737818e-07,1.6998697933271216e-08,2.063449615594952,8.78275e-07,7.644112199321976e-08,1.0311572439864395e-06,7.253927560135604e-07,0.3481420830296651,0.3218400038501793,6.96285714285714e-08,8.45212083376686,8.309999999999998e-08,10.087399854333574,9.809523809523809e-08,11.907652111585104,473874772018.55,0.4825128278722746,-6020445156584.0,1.7280830001336243e-06,59.870204012604965,-58.384055620404,43.54376827204895,39.8766700924974,33.218959840767674,-60.1233299075026,True,False,False,207,184,3,2,0,7474148537.6,-1.0,0,1,-0.047705753823743646,0
1764288000000,8.238e-07,8.266e-07,7.6e-07,7.845e-07,629759167800.0,2025-11-28,-0.0477057538237436,-0.0488812098288931,0.0477057538237436,0.037130289549913,0.7093731858140955,0.0387177975780589,0.7397024841061935,0.0436559356294196,0.8340454791096301,0.0567260046504622,1.0837487971460715,8.143599999999999e-07,8.098320197910179e-07,8.1639e-07,8.267615127551985e-07,8.678099999999999e-07,8.892701446483234e-07,1.138404e-06,1.129453358487926e-06,1.580882e-06,1.3970333228148905e-06,-0.053222302679218,-5.3222302679218,-0.1169518235029266,-11.69518235029267,-0.2106057556852485,-21.06057556852485,50.71258907363419,40.798531436438736,39.47913073473611,8.366513706773571e-07,9.361237022326988e-07,-9.94723315553419e-08,-1.151895542929709e-07,1.5717222737629026e-08,2.003470074904911,8.678099999999999e-07,7.408354387910712e-08,1.0159770877582142e-06,7.196429122417856e-07,0.341473566237343,0.2188646910036155,6.859999999999998e-08,8.744423199490118,8.09285714285714e-08,10.315942820722931,9.079047619047619e-08,11.573037117970197,484994739606.35,1.298486594537395,-6650204324384.0,1.7230568825681632e-06,59.501442463853,-92.19161988297388,42.7154232368032,19.681397738951663,32.976168595884474,-80.31860226104834,False,True,False,207,184,3,2,0,7474148537.6,-1.0,0,1,0.0090503505417463,1
1764374400000,7.845e-07,8.027e-07,7.721e-07,7.916e-07,246139815092.0,2025-11-29,0.0090503505417463,0.0090096415553233,0.0090503505417463,0.0375592494052928,0.7175684523440818,0.0385419909968922,0.7363437040890974,0.0433820862285173,0.8288135936515261,0.0558653051695283,1.067305156651487,8.060799999999999e-07,8.037546798606786e-07,8.094999999999999e-07,8.203685104360715e-07,8.56795e-07,8.799682261010299e-07,1.124762e-06,1.1162008508792883e-06,1.563751e-06,1.384850587021874e-06,-0.0496998799519808,-4.969987995198084,-0.0800697269029634,-8.006972690296339,-0.2177092598082814,-21.77092598082815,35.65891472868216,38.35125448028673,35.88525488763018,8.297203905731483e-07,9.254182415171682e-07,-9.569785094401995e-08,-1.112912136231807e-07,1.559336267916076e-08,1.9698537997929209,8.56795e-07,6.762843122925237e-08,9.920518624585047e-07,7.215381375414952e-07,0.3157274784715241,0.2589955924787141,6.361428571428568e-08,8.036165451526742,7.93642857142857e-08,10.025806684472675,8.48142857142857e-08,10.714285714285714,475342572055.55,0.5178156335284763,-6404064509292.0,1.7211037758370172e-06,59.24194032684928,-89.05371796239483,38.92354311296891,23.32990750256934,27.629325111339465,-76.67009249743066,False,False,True,207,184,3,2,0,7474148537.6,-1.0,0,1,-0.027791814047498642,0
1764460800000,7.916e-07,8.05e-07,7.63e-07,7.696e-07,285789795445.0,2025-11-30,-0.0277918140474986,-0.0281853143769138,0.0277918140474986,0.0349348794837926,0.6674299353937436,0.0354653936513951,0.6775653943345041,0.0420963563804322,0.8042497593941508,0.0555150287436597,1.060613134931592,8.004e-07,7.923697865737857e-07,8.0526e-07,8.111378721749676e-07,8.429e-07,8.694569664627931e-07,1.112376e-06,1.102605352514296e-06,1.544925e-06,1.372474269777794e-06,-0.0355889724310777,-3.5588972431077712,-0.0522167487684729,-5.221674876847292,-0.2652983293556085,-26.52983293556085,28.37653478854024,39.46397836242931,40.311986863711,8.204710997157408e-07,9.138761482642584e-07,-9.34050485485176e-08,-1.0771398060824809e-07,1.4308932059730493e-08,1.8592687187799493,8.429e-07,5.3445318833987576e-08,9.497906376679752e-07,7.360093623320248e-07,0.2536259050135844,0.1571261917826459,5.6514285714285686e-08,7.343332343332339,7.465714285714286e-08,9.7007722007722,8.229047619047617e-08,10.69262944262944,463812380260.5,0.6161754356028322,-6689854304737.0,1.7188230232925897e-06,58.849206149381146,-99.20506085023057,41.23445003606449,12.0246659815005,18.345323741007164,-87.97533401849951,True,True,False,207,184,3,2,0,7474148537.6,-1.0,0,1,-0.052234927234927286,0
1764547200000,7.696e-07,8.074e-07,7.2e-07,7.294e-07,930922005873.0,2025-12-01,-0.0522349272349272,-0.0536486209769169,0.0522349272349272,0.025655344665738,0.4901446716225747,0.0384940673301841,0.7354281237222118,0.040537533118956,0.7744684827997957,0.0516382189253026,0.9865467873490752,7.7978e-07,7.713798577158572e-07,7.9731e-07,7.962764408704281e-07,8.31e-07,8.561182077410664e-07,1.095406e-06,1.0879664261541729e-06,1.524076e-06,1.3595423137601984e-06,-0.1238438438438438,-12.384384384384386,-0.0982816170107554,-9.82816170107554,-0.2460202604920406,-24.60202604920406,27.4044795783926,38.95631067961165,27.73128777312877,8.064601612979346e-07,9.00211246980159e-07,-9.375108568222444e-08,-1.0492140162304337e-07,1.1170315940818916e-08,1.5314389828378003,8.31e-07,5.0690723743971777e-08,9.323814474879436e-07,7.296185525120564e-07,0.2439986702477582,-0.0010778723201918,5.8899999999999985e-08,8.075130244036192,7.597142857142853e-08,10.41560578166007,8.226666666666666e-08,11.27867653779362,488021952045.0,1.9075412529540487,-7620776310610.0,1.711258991586518e-06,59.32074157375008,-138.26426314811349,38.52744559529648,4.257246376811579,13.203939953627136,-95.74275362318842,True,True,False,207,184,3,2,0,7474148537.6,-1.0,0,1,0.07855771867288186,1
1764633600000,7.294e-07,8.042e-07,7.064e-07,7.867e-07,730209214651.0,2025-12-02,0.0785577186728818,0.075624702960617,0.0785577186728818,0.0541016210398808,1.0336100186662036,0.0463238044745109,0.8850150418282967,0.0447798984800506,0.8555187592201179,0.0530560971076502,1.013635311987596,7.7236e-07,7.764865718105715e-07,7.9777e-07,7.945352698030776e-07,8.23995e-07,8.495069498560389e-07,1.078918e-06,1.0761494022136965e-06,1.5058730000000002e-06,1.3480262355474118e-06,-0.0450352027191065,-4.5035202719106495,0.0058816008183097,0.5881600818309715,-0.1511652999568407,-15.116529995684068,36.8843069873998,37.32868178420134,37.03842783827764,8.034201364828677e-07,8.918030056582573e-07,-8.83828691753896e-08,-1.0161369513351263e-07,1.3230825958123034e-08,1.6818133924142664,8.23995e-07,4.6240156562784644e-08,9.164753131255692e-07,7.315146868744308e-07,0.2244681414949587,0.2983624906775506,6.127142857142854e-08,7.788410902685718,7.181428571428569e-08,9.128547821823526,7.97047619047619e-08,10.13153195687834,501035884922.35,1.4573990339318053,-6890567095959.0,1.7054905244252717e-06,59.58491910154415,-110.17402012035052,38.30197885522471,34.25767918088738,16.846530513066483,-65.74232081911262,False,True,False,207,184,3,2,0,7474148537.6,-1.0,0,1,-0.02033812126604806,0
1764720000000,7.867e-07,8.103e-07,7.547e-07,7.707e-07,411430166950.0,2025-12-03,-0.020338121266048,-0.0205477885512492,0.020338121266048,0.0503368368610529,0.9616839179217528,0.04190058736499,0.800509597605722,0.0448749314150528,0.8573343608940334,0.0530225611376806,1.0129946081809431,7.696e-07,7.74557714540381e-07,7.9198e-07,7.902015843843362e-07,8.164900000000001e-07,8.42001526055166e-07,1.063012e-06,1.0641684087002786e-06,1.489666e-06,1.336423512552362e-06,-0.0175908221797322,-1.7590822179732286,-0.0698769007965243,-6.987690079652427,-0.163010425716768,-16.301042571676806,35.40406816932382,38.46944016435542,34.86445783132531,7.983862693316573e-07,8.828324118514583e-07,-8.44461425198009e-08,-9.818018461077029e-08,1.3734042090969382e-08,1.7820218101685978,8.164900000000001e-07,4.1654934629055083e-08,8.997998692581102e-07,7.3318013074189e-07,0.2040683150022905,0.2251826199718679,5.871428571428569e-08,7.61830617805705,6.715714285714285e-08,8.713785241617082,7.827619047619045e-08,10.15650583575846,495905337420.35,0.8296546455624346,-7301997262909.0,1.7023150768759285e-06,58.73769425224688,-78.4955840031758,37.09901140500856,38.875453446191045,25.796793001296663,-61.12454655380896,True,False,False,207,184,3,2,0,7474148537.6,-1.0,0,1,-0.004800830413909329,0
1764806400000,7.707e-07,7.724e-07,7.369e-07,7.67e-07,411821707822.0,2025-12-04,-0.0048008304139093,-0.0048123914166912,0.0048008304139093,0.04991812798101,0.9536844960005908,0.0417071237355708,0.7968134801554185,0.0431054271654728,0.8235280296735663,0.0529566420059521,1.0117352249375813,7.646799999999999e-07,7.720384763602539e-07,7.853799999999999e-07,7.85983114496275e-07,8.11605e-07,8.348585235693649e-07,1.048048e-06,1.0525123287948669e-06,1.472817e-06,1.324982992383217e-06,-0.031076301162203,-3.107630116220306,-0.0792316926770707,-7.923169267707081,-0.1129871631779807,-11.298716317798071,44.01913875598088,43.47069065583285,31.664269839194677,7.935576125114025e-07,8.742522324916527e-07,-8.069461998025027e-08,-9.46830716846663e-08,1.398845170441604e-08,1.8237877059212564,8.11605e-07,4.143182701109352e-08,8.94468654022187e-07,7.28741345977813e-07,0.2041970022909839,0.2308530469338411,5.935714285714285e-08,7.73887129819333,6.449285714285711e-08,8.408455950828827,7.518571428571429e-08,9.802570311044883,494172258739.35,0.8333565887987541,-7713818970731.0,1.6990906576413764e-06,58.35865197188913,-107.52688172042976,38.14245892583735,36.638452237001225,36.59052828802655,-63.36154776299877,False,True,False,207,184,3,2,0,7474148537.6,-1.0,0,1,-0.023337679269882727,0
1764892800000,7.67e-07,7.98e-07,7.299e-07,7.491e-07,382782540994.0,2025-12-05,-0.0233376792698827,-0.023614315413419,0.0233376792698827,0.0494544706985668,0.9448263360573328,0.0403842813657158,0.7715406121651902,0.0425454947303116,0.8128305355202563,0.0528658001161492,1.0099996930697737,7.6058e-07,7.643923175735026e-07,7.8049e-07,7.792770936787704e-07,8.04605e-07,8.266910451296801e-07,1.033832e-06,1.040611435285086e-06,1.457001e-06,1.3134160399674167e-06,-0.0266372141372142,-2.6637214137214213,-0.0612781954887219,-6.12781954887219,-0.1574626026318749,-15.746260263187498,36.47358370464673,41.68057874234835,34.4670556425217,7.867179798173405e-07,8.649816960470888e-07,-7.82637162297482e-08,-9.139920059368269e-08,1.3135484363934482e-08,1.7535021177325434,8.04605e-07,3.9427968633063336e-08,8.834609372661267e-07,7.257490627338734e-07,0.1960115516710104,0.1480607426383176,5.957142857142858e-08,7.952400022884605,6.408571428571426e-08,8.555027938287846,7.38095238095238e-08,9.85309355353408,500337411739.9,0.7650488090884341,-8096601511725.0,1.6961140427671822e-06,55.046987790659735,-99.9117512090088,46.08227041866614,25.81620314389356,33.77670294236194,-74.18379685610644,True,True,False,207,184,3,2,0,7474148537.6,-1.0,0,1,-0.02736617274062203,0
1764979200000,7.491e-07,7.522e-07,7.231e-07,7.286e-07,419799652714.0,2025-12-06,-0.027366172740622,-0.0277476013793737,0.027366172740622,0.0444412051025969,0.84904803132947,0.0369252191339382,0.7054553210180048,0.0422112448800329,0.806444701097087,0.0529034773403053,1.010719515426567,7.6042e-07,7.524615450490018e-07,7.700999999999999e-07,7.700630766462666e-07,7.982699999999999e-07,8.173490408269511e-07,1.01938e-06,1.0283733503472976e-06,1.440147e-06,1.3016729924771468e-06,-0.00109679188374,-0.1096791883739997,-0.1248048048048048,-12.480480480480477,-0.1481351572547644,-14.81351572547644,36.82519280205657,42.42424242424243,35.48198066217405,7.777767521531343e-07,8.548793474809631e-07,-7.710259532782881e-08,-8.853987954051194e-08,1.1437284212683114e-08,1.5697617640245831,7.982699999999999e-07,4.1001195104576227e-08,8.802723902091523e-07,7.162676097908474e-07,0.2054502617138373,0.0751953094153599,5.935714285714285e-08,8.146739343555154,6.148571428571428e-08,8.438884749617658,7.269523809523807e-08,9.977386507718649,490170589408.7,0.8564358241493242,-8516401164439.0,1.6927868500049205e-06,51.85962302301225,-137.89286238476913,46.19016506755267,13.422007255139048,25.292220878677934,-86.57799274486095,False,True,False,207,184,3,2,0,7474148537.6,-1.0,0,1,0.011666209168267994,1
1765065600000,7.286e-07,7.787e-07,7.146e-07,7.371e-07,399809870729.0,2025-12-07,0.0116662091682679,0.0115986836207797,0.0116662091682679,0.0161447763451032,0.3084455189821916,0.0377247450342445,0.7207302418957092,0.0416363564328632,0.795461472735554,0.0529999869503099,1.0125633289367897,7.505000000000001e-07,7.473410300326678e-07,7.614299999999999e-07,7.640697899833091e-07,7.941049999999999e-07,8.097062750304557e-07,1.00567e-06,1.0169487650986352e-06,1.424339e-06,1.2903395731318617e-06,-0.0630481759247489,-6.304817592474897,-0.1052439912600144,-10.52439912600145,-0.1015358361774744,-10.153583617747442,53.10734463276838,35.48079974611235,36.59319807327397,7.715187902834214e-07,8.461549508028964e-07,-7.463616051947503e-08,-8.575913573630457e-08,1.1122975216829544e-08,1.5090184801016882,7.941049999999999e-07,4.28251951788757e-08,8.797553903577512e-07,7.084546096422485e-07,0.2157155297038839,0.1672227659331332,6.251428571428572e-08,8.481113243018005,5.951428571428569e-08,8.074112836017596,7.06095238095238e-08,9.579368309527036,490834444524.05,0.8145513730534656,-8116591293710.0,1.6896684445306657e-06,51.50119551644776,-109.703873412843,45.33628872559147,18.561064087061663,19.26642482869809,-81.43893591293833,True,True,False,207,184,3,2,0,7474148537.6,-1.0,0,1,-0.005019671686338323,0
1765152000000,7.371e-07,7.52e-07,7.246e-07,7.334e-07,472330753267.0,2025-12-08,-0.0050196716863383,-0.0050323125580174,0.0050196716863383,0.0158151551651322,0.302148115181084,0.0353804652175476,0.6759428388840922,0.0362087357936104,0.6917669260210343,0.0527629078869671,1.0080339397913791,7.4304e-07,7.426940200217785e-07,7.5632e-07,7.584934645317984e-07,7.86355e-07,8.024390107388707e-07,9.912099999999998e-07,1.0058272406965155e-06,1.4079739999999998e-06,1.2791624334835645e-06,-0.0483975606591409,-4.839756065914097,-0.0651370299553855,-6.513702995538549,-0.1744709590274651,-17.447095902746508,12.091038406827892,34.16030534351147,39.62383436067647,7.656543610090488e-07,8.378027317210896e-07,-7.214837071204081e-08,-8.303698273145181e-08,1.0888612019411e-08,1.4846757593961,7.86355e-07,3.8687853050896534e-08,8.637307061017931e-07,7.089792938982069e-07,0.1967958647221499,0.1578060306788411,5.3942857142857135e-08,7.355175503525651,5.6421428571428553e-08,7.693131793213601,6.86285714285714e-08,9.357590868362612,480891554297.35,0.9821980632559486,-8588922046977.0,1.685984405885535e-06,50.13163675132133,-117.78677155180608,38.23857761696587,18.64640883977902,16.87649339399324,-81.35359116022099,False,False,True,207,184,3,2,0,7474148537.6,-1.0,0,1,-0.007226615762203514,0
1765238400000,7.334e-07,7.479e-07,7.171e-07,7.281e-07,269917206191.0,2025-12-09,-0.0072266157622035,-0.0072528542365603,0.0072266157622035,0.0156610017122989,0.2992030175999409,0.0349749691184077,0.6681958467876428,0.0358202440712501,0.6843448020868095,0.0527527592845822,1.0078400510150571,7.3526e-07,7.378293466811856e-07,7.4997e-07,7.529673800714714e-07,7.797349999999999e-07,7.953591049515983e-07,9.77252e-07,9.949341272010492e-07,1.391641e-06,1.2681061919343433e-06,-0.0507170795306389,-5.0717079530638935,-0.0802172814552805,-8.021728145528046,-0.1538640325392214,-15.386403253922138,14.261744966442947,37.72391991570073,36.88070404172099,7.598767670076566e-07,8.296766029915862e-07,-6.979983598392967e-08,-8.038955338194739e-08,1.0589717398017736e-08,1.4544317261389554,7.797349999999999e-07,3.6604519062446986e-08,8.529440381248939e-07,7.065259618751059e-07,0.1877792791779104,0.1473454554073563,4.437142857142856e-08,6.094139345066414,5.282142857142856e-08,7.254694213903113,6.266666666666666e-08,8.606876344824427,469829674418.9,0.5745001239541585,-8858839253168.0,1.6838794761972985e-06,48.5699072179112,-122.69585958045406,40.82363677639169,16.002949852507324,17.736807593116,-83.99705014749269,False,True,False,207,184,3,2,0,7474148537.6,-1.0,0,1,-0.030078285949732164,0
1765324800000,7.281e-07,7.42e-07,6.919e-07,7.062e-07,411457934952.0,2025-12-10,-0.0300782859497321,-0.0305399179063793,0.0300782859497321,0.0172754365616559,0.3300467520889532,0.0351274065454793,0.6711081597426422,0.0343953539119017,0.6571223138157878,0.0525854085240668,1.0046428192246704,7.266799999999999e-07,7.272862311207903e-07,7.4363e-07,7.444642200584766e-07,7.74445e-07,7.868677616200338e-07,9.6418e-07,9.836093732139766e-07,1.375804e-06,1.256835334190252e-06,-0.0572687224669602,-5.726872246696027,-0.0823804573804574,-8.238045738045738,-0.1302955665024631,-13.029556650246308,10.925449871465304,26.791620727673678,37.61010470334054,7.516188028526325e-07,8.205301874821603e-07,-6.89113846295278e-08,-7.809391963146348e-08,9.182535001935686e-09,1.3002740019733343,7.74445e-07,3.9245924696288434e-08,8.529368493925769e-07,6.959531506074232e-07,0.2027047741093992,0.0652733339313183,4.358571428571426e-08,6.171865517659907,5.1149999999999985e-08,7.242990654205604,5.9299999999999975e-08,8.397054658736899,462285362244.3,0.8900518349844708,-9270297188120.0,1.6806293831638804e-06,47.41693398963541,-145.5870464317936,35.00715014834364,9.526982011992011,14.725446901426116,-90.47301798800798,False,True,False,207,184,3,2,0,7474148537.6,-1.0,0,1,-0.02704616256018133,0
1765411200000,7.062e-07,7.062e-07,6.644e-07,6.871e-07,489444702120.0,2025-12-11,-0.0270461625601813,-0.0274186414572558,0.0270461625601813,0.0172028865896152,0.3286606868193013,0.0324018020184,0.6190355583683799,0.0346943678678729,0.662834967423433,0.0524366004555909,1.0017998450682843,7.1838e-07,7.138908207471935e-07,7.394e-07,7.340343618660263e-07,7.683550000000001e-07,7.773660700342972e-07,9.51902e-07,9.719797322751956e-07,1.360036e-06,1.2454103654463482e-06,-0.0569585506450728,-5.69585506450728,-0.0579928708527557,-5.799287085275569,-0.1505748547410064,-15.057485474100634,10.759493670886089,25.805309734513287,38.62433862433863,7.416928331829967e-07,8.106464694176095e-07,-6.895363623461284e-08,-7.626586295209336e-08,7.312226717480534e-09,1.0642157935497796,7.683550000000001e-07,4.2898196195710894e-08,8.541513923914218e-07,6.825586076085783e-07,0.2233248755885542,0.0264661034388419,4.448571428571425e-08,6.474416283759897,5.192142857142855e-08,7.556604362018418,5.782380952380949e-08,8.41563229861876,449151452476.35,1.089709716892815,-9759741890240.0,1.676682529262171e-06,47.6611445932568,-174.98270374982715,30.082279997338247,13.9950678175092,13.174999894002845,-86.0049321824908,False,True,False,207,184,3,2,0,7474148537.6,-1.0,0,1,-0.03973220783001008,0
1765497600000,6.871e-07,6.989e-07,6.412e-07,6.598e-07,385021227217.0,2025-12-12,-0.03973220783001,-0.0405430832425491,0.03973220783001,0.015096167928518,0.288411883312731,0.0154776901925792,0.2957008559331105,0.0349806050784065,0.6683035216522327,0.0525068818788313,1.0031425697739602,7.0292e-07,6.958605471647956e-07,7.2671e-07,7.205372051631125e-07,7.6224e-07,7.661693014565358e-07,9.38854e-07,9.59735546393999e-07,1.344154e-06,1.2336700012849451e-06,-0.1048704382037715,-10.487043820377153,-0.1613067242913436,-16.13067242913436,-0.1563738652346247,-15.637386523462473,9.906759906759916,26.950092421441795,29.03521643433602,7.29093935770228e-07,7.994726563727351e-07,-7.037872060250712e-08,-7.508843448217613e-08,4.709713879668993e-09,0.7138093179249761,7.6224e-07,4.9103675497584025e-08,8.604473509951681e-07,6.64032649004832e-07,0.2576809167589421,-0.0215495528692155,4.299999999999996e-08,6.517126401939975,5.1285714285714267e-08,7.77291820032044,5.7057142857142826e-08,8.647642142640622,447932593145.0,0.8595517118183115,-10144763117457.0,1.6735397328616784e-06,47.3732441921308,-179.88011467292156,31.646407802158137,10.999408633944425,11.507152821148544,-89.00059136605559,False,True,False,207,184,3,2,0,7474148537.6,-1.0,0,1,-0.017429524098211635,0
1765584000000,6.598e-07,6.644e-07,6.159e-07,6.483e-07,421371382709.0,2025-12-13,-0.0174295240982116,-0.0175832066135311,0.0174295240982116,0.0124276595899266,0.2374301030878978,0.0154421258541592,0.2950214002016261,0.0312112502533399,0.5962900988340023,0.0517266885612419,0.9882369973704574,6.859e-07,6.80007031443197e-07,7.1447e-07,7.074031678607285e-07,7.53225e-07,7.54943653695989e-07,9.24256e-07,9.475206207971376e-07,1.329604e-06,1.2219373433827023e-06,-0.1160349059176438,-11.60349059176439,-0.1588166601790579,-15.8816660179058,-0.2175959449674148,-21.75959449674149,0.0,23.935976718806856,29.935703479576414,7.166640994978853e-07,7.882746813668906e-07,-7.161058186900533e-08,-7.439286395954198e-08,2.782282090536634e-09,0.429165832259237,7.53225e-07,5.2698505671447966e-08,8.586220113428959e-07,6.478279886571041e-07,0.2798553190425063,0.0022392064864168,4.5771428571428554e-08,7.060223441528389,5.25642857142857e-08,8.108018774376939,5.6247619047619024e-08,8.676171378623943,446197398347.55,0.9443609135093776,-10566134500166.0,1.6700419034595147e-06,47.43801804220611,-192.00291673075495,31.131205674219046,16.666666666666664,13.887047706040091,-83.33333333333334,False,True,False,207,184,3,2,0,7474148537.6,-1.0,0,1,-0.03902514268085766,0
1765670400000,6.483e-07,6.544e-07,6.167e-07,6.23e-07,485321812531.0,2025-12-14,-0.0390251426808576,-0.0398070333934968,0.0390251426808576,0.0092293586749691,0.1763266499035196,0.0162027125077105,0.3095523878146398,0.031509713758098,0.6019922360859863,0.0517964050880412,0.9895689297447812,6.6488e-07,6.61004687628798e-07,7.0007e-07,6.92057137340596e-07,7.42725e-07,7.42377591436411e-07,9.09088e-07,9.347925530021444e-07,1.315356e-06,1.2099356476565184e-06,-0.1443483038044224,-14.434830380442245,-0.1877444589308996,-18.774445893089965,-0.2521008403361344,-25.210084033613445,0.0,23.65204888569376,31.309335443037966,7.02254238036672e-07,7.760321119113801e-07,-7.377787387470808e-08,-7.42698659425752e-08,4.919920678671115e-10,0.0789714394650259,7.42725e-07,5.6733456897871166e-08,8.561919137957423e-07,6.292580862042576e-07,0.3055421960907263,-0.0275767005328227,4.199999999999999e-08,6.741573033707864,5.2257142857142856e-08,8.387984407246044,5.367619047619045e-08,8.615760911106012,448741988159.45,1.0815163843294116,-11051456312697.0,1.665997746611823e-06,47.71588679633377,-180.73390848010172,30.587820942116267,3.652263374485599,10.439446225032226,-96.3477366255144,False,False,True,207,184,3,2,0,7474148537.6,-1.0,0,1,-0.042215088282503976,0
1765756800000,6.23e-07,6.331e-07,5.643e-07,5.967e-07,730026944650.0,2025-12-15,-0.0422150882825039,-0.0431320442594169,0.0422150882825039,0.010540286469415,0.2013718902501712,0.0176135557809223,0.3365065107028349,0.0315190376316629,0.6021703684403249,0.0513810588139272,0.9816337503196856,6.4298e-07,6.39569791752532e-07,6.8483e-07,6.747194760059423e-07,7.3266e-07,7.285035351063196e-07,8.92348e-07,9.21532250872986e-07,1.300423e-06,1.19765034144881e-06,-0.155055225148683,-15.505522514868304,-0.2034441329595513,-20.344413295955132,-0.2522556390977443,-25.225563909774436,0.0,24.895951570185403,29.935703479576414,6.860151244925685e-07,7.627482513022478e-07,-7.673312680967925e-08,-7.476251811599603e-08,-1.970608693683236e-09,-0.3302511636807836,7.3266e-07,6.38241449115293e-08,8.603082898230587e-07,6.050117101769414e-07,0.3484516414791543,-0.0325570761208895,4.791428571428572e-08,8.029878618113912,5.0928571428571425e-08,8.535037946802651,5.3585714285714274e-08,8.980344274461919,453309747989.35,1.610437339783726,-11781483257347.0,1.659779356912816e-06,47.649295998413336,-192.4853678561486,32.36728341998732,13.170731707317076,11.16322058282311,-86.82926829268293,False,True,False,207,184,3,2,0,7474148537.6,-1.0,0,1,0.008044243338360957,1
1765843200000,5.967e-07,6.22e-07,5.786e-07,6.015e-07,414060892576.0,2025-12-16,0.0080442433383609,0.0080120608866973,0.0080442433383609,0.0215266981372063,0.4112669904478068,0.0199031008211967,0.3802482072791848,0.0290430258874439,0.5548662304871683,0.0513535712858089,0.9811086018323508,6.2586e-07,6.268798611683547e-07,6.7212e-07,6.614068440048618e-07,7.211099999999999e-07,7.164079603320693e-07,8.769079999999999e-07,9.089803562065845e-07,1.285317e-06,1.1857100804898496e-06,-0.1245815747343909,-12.458157473439089,-0.1744441394455119,-17.444413944551197,-0.2774774774774775,-27.74774774774775,4.199475065616738,6.279508970727079,32.18232044198895,6.730127976475579e-07,7.508039360017099e-07,-7.779113835415205e-08,-7.536824216362724e-08,-2.422896190524829e-09,-0.4028090092310606,7.211099999999999e-07,6.568015722145682e-08,8.524703144429135e-07,5.897496855570863e-07,0.3643280898695444,0.0447255112502797,4.971428571428573e-08,8.265051656572856,4.7042857142857146e-08,7.820923880774256,5.178571428571429e-08,8.609428808930057,457803372529.35,0.9044513811427948,-11367422364771.0,1.6562932309546662e-06,47.71670485590023,-155.2293231900914,27.39514057833574,15.121951219512171,10.648315433771614,-84.87804878048783,False,False,True,207,184,3,2,0,7474148537.6,-1.0,0,1,-0.04671654197838737,0
1765929600000,6.015e-07,6.55e-07,5.667e-07,5.734e-07,553583687840.0,2025-12-17,-0.0467165419783873,-0.0478429819654641,0.0467165419783873,0.0228223626765592,0.4360206267153512,0.0184835146667818,0.3531270518801363,0.0298182351766736,0.569676583162558,0.0514495572674331,0.9829424114364146,6.085800000000001e-07,6.090532407789031e-07,6.5575e-07,6.454055996403414e-07,7.0859e-07,7.027881545838965e-07,8.61944e-07,8.958187199111705e-07,1.2693980000000002e-06,1.173448939863204e-06,-0.1309487723552592,-13.09487723552592,-0.2220865554198887,-22.20865554198888,-0.3039572711823257,-30.39572711823258,3.8929440389294,5.940151853506009,23.87387387387388,6.576877518556259e-07,7.376629033087493e-07,-7.997515145312339e-08,-7.628962402152647e-08,-3.6855274315969323e-09,-0.6427498136722937,7.0859e-07,6.8863624956206e-08,8.463172499124121e-07,5.70862750087588e-07,0.388736081266775,0.0092111398217331,5.5171428571428585e-08,9.62180477353132,4.9378571428571434e-08,8.611540186357068,5.249047619047619e-08,9.154251166807846,474050024106.15,1.167774833223172,-11921006052611.0,1.6516578855034345e-06,46.53764014898383,-134.8552750858647,19.75833649607746,3.8938810440735754,10.728854656967606,-96.10611895592642,True,True,False,207,184,3,2,0,7474148537.6,-1.0,0,1,-0.03104290198814086,0
1766016000000,5.734e-07,6e-07,5.489e-07,5.556e-07,481087869225.0,2025-12-18,-0.0310429019881408,-0.0315349425690807,0.0310429019881408,0.0221267591600897,0.4227311401930839,0.0172009290870666,0.3286232887856222,0.0291563832581186,0.5570319200130451,0.0513088331617794,0.9802538811728878,5.900399999999999e-07,5.912354938526021e-07,6.3797e-07,6.29077308796643e-07,6.97145e-07,6.887702350976101e-07,8.462280000000001e-07,8.824752290838753e-07,1.254556e-06,1.16107963806353e-06,-0.1429893567792688,-14.298935677926885,-0.2424325061358058,-24.243250613580585,-0.2917782026768641,-29.177820267686418,4.217926186291706,5.588235294117624,22.35950577919489,6.419819438778373e-07,7.24176761946109e-07,-8.219481806827169e-08,-7.747066283087551e-08,-4.724155237396167e-09,-0.850279920337683,6.97145e-07,7.438365323392507e-08,8.459123064678502e-07,5.483776935321499e-07,0.4267901411265952,0.0242738362323273,5.6500000000000016e-08,10.169186465082792,5.0492857142857134e-08,9.087987246734546,5.344761904761903e-08,9.619801844423872,466616459177.4,1.0310135010520454,-12402093921836.0,1.647547878524383e-06,45.401115382340215,-143.23902913524094,19.942698136308195,2.6896828582898333,7.235171707291858,-97.31031714171016,False,True,False,207,184,3,2,0,7474148537.6,-1.0,0,1,0.156227501799856,1
1766102400000,5.556e-07,6.819e-07,5.555e-07,6.424e-07,673228620793.0,2025-12-19,0.156227501799856,0.1451625517523632,0.156227501799856,0.0851579477977895,1.6269403082758849,0.0607848134259597,1.1612922299225492,0.0482923158629792,0.9226233990987656,0.0562524433439441,1.0747014210885408,5.9392e-07,6.082903292350681e-07,6.294000000000001e-07,6.314996162881624e-07,6.896849999999999e-07,6.843540222305707e-07,8.34068e-07,8.730594428544993e-07,1.241814e-06,1.150697963072248e-06,0.0311396468699838,3.113964686998391,-0.1177036121411894,-11.770361214118935,-0.1884790298130368,-18.847902981303687,48.4399788471708,32.61648745519712,35.94653179190752,6.420462602043238e-07,7.181192238674625e-07,-7.607296366313879e-08,-7.719112299732818e-08,1.1181593341893895e-09,0.1740596721963558,6.896849999999999e-07,7.185067318296943e-08,8.333863463659388e-07,5.459836536340611e-07,0.4167158814993479,0.3354747495559729,6.631428571428571e-08,10.322896281800393,5.465714285714285e-08,8.508272549368439,5.629523809523809e-08,8.763268694775542,487970899462.45,1.379649117467108,-11728865301043.0,1.6421569989352247e-06,44.26889979104417,-71.60684578625232,22.372873765391333,40.687554395126185,15.757039432496528,-59.31244560487382,True,False,False,207,184,3,2,0,7474148537.6,-1.0,0,1,-0.03502490660024904,0
1766188800000,6.424e-07,6.523e-07,6.03e-07,6.199e-07,356288278342.0,2025-12-20,-0.035024906600249,-0.0356529879246781,0.035024906600249,0.0841344057894564,1.6073855656636633,0.0609780338322131,1.1649837006007957,0.0484645068604569,0.9259131034864746,0.0560864802400967,1.0715307004415735,5.9856e-07,6.121602194900454e-07,6.2077e-07,6.293905951448601e-07,6.822e-07,6.782155439221423e-07,8.22704e-07,8.631305361218252e-07,1.227199e-06,1.1400760016226848e-06,0.0388805094687447,3.888050946874466,-0.12220334182951,-12.22033418295101,-0.194516632016632,-19.451663201663205,49.168008588298434,32.40530916154094,30.37296898079764,6.386391432498125e-07,7.108437256289266e-07,-7.220458237911409e-08,-7.619381487368537e-08,3.9892324945712805e-09,0.6435283908003355,6.822e-07,7.087828707686975e-08,8.239565741537395e-07,5.404434258462605e-07,0.4155865557131032,0.2802571049282212,6.642857142857143e-08,10.716014103657272,5.609999999999999e-08,9.04984674947572,5.718571428571427e-08,9.22499020579356,491495823607.3,0.7249060139047501,-12085153579385.0,1.639322719716074e-06,42.88127871614415,-65.90726150693953,22.82503680696459,30.89643167972148,24.75788964437916,-69.10356832027851,False,False,True,207,184,3,2,0,7474148537.6,-1.0,0,1,0.01806743023068247,1
1766275200000,6.199e-07,6.527e-07,6.087e-07,6.311e-07,330006050255.0,2025-12-21,0.0180674302306824,0.0179061538823202,0.0180674302306824,0.0841866901118913,1.6083844562412324,0.0613591744405734,1.1722653816992474,0.0477620346423408,0.912492390603506,0.0562303381509245,1.0742791019688838,6.0448e-07,6.184734796600302e-07,6.1517e-07,6.297013960276128e-07,6.77285e-07,6.737283492623914e-07,8.120039999999999e-07,8.540303435769306e-07,1.21042e-06,1.1298928577754347e-06,0.0492103075644223,4.921030756442228,-0.081501964779508,-8.150196477950804,-0.1347683027145598,-13.47683027145599,60.0467289719626,32.991014120667515,32.29185811431722,6.374792750575336e-07,7.049367828587313e-07,-6.745750780119767e-08,-7.444655345918782e-08,6.9890456579901505e-09,1.1074387035319524,6.77285e-07,7.084123297541826e-08,8.189674659508365e-07,5.356025340491635e-07,0.4183835931722584,0.337012294746387,6.732857142857142e-08,10.66844738212192,5.4664285714285706e-08,8.661747062951308,5.7280952380952386e-08,9.076367038655109,461450025826.4,0.7151501393114019,-11755147529130.0,1.6367264171889529e-06,41.06731712982902,-53.568953568953646,21.16915669292501,40.47267355982273,37.352219878223465,-59.52732644017726,True,False,False,207,184,3,2,0,7474148537.6,-1.0,0,1,0.0983996197116146,1
1766361600000,6.311e-07,7e-07,6.265e-07,6.932e-07,541465888323.0,2025-12-22,0.0983996197116146,0.0938542292512571,0.0983996197116146,0.0837666896237553,1.6003603581820978,0.0682986313801905,1.304843520376528,0.0497785769332288,0.951018376976252,0.0582346063471347,1.1125705920920697,6.284399999999999e-07,6.433823197733534e-07,6.1851e-07,6.412465967498651e-07,6.7261e-07,6.755827921899692e-07,8.0227e-07,8.477226347341637e-07,1.195879e-06,1.1211576833780438e-06,0.2089291942797349,20.89291942797349,0.050621400424371,5.062140042437098,-0.1188508961484683,-11.885089614846834,70.0656455142232,44.56756756756756,41.94743340977245,6.460516942794515e-07,7.040673915180077e-07,-5.801569723855624e-08,-7.116038221506151e-08,1.3144684976505276e-08,1.896232685589336,6.7261e-07,6.617188860920532e-08,8.049537772184106e-07,5.402662227815894e-07,0.393523073455377,0.577789830518513,6.8e-08,9.809578765147144,5.795714285714285e-08,8.360811145000412,5.6619047619047615e-08,8.167779518039183,452012859510.0,1.1978993007189456,-11213681640807.0,1.632673654912847e-06,38.05014933311643,-2.2775683122983,29.83161024055676,72.51256281407035,47.96055601787152,-27.487437185929647,True,False,False,207,184,3,2,0,7474148537.6,-1.0,0,1,-0.023658395845354785,0
1766448000000,6.932e-07,7.28e-07,6.45e-07,6.768e-07,394103043201.0,2025-12-23,-0.0236583958453547,-0.0239427495494373,0.0236583958453547,0.0822226403194288,1.57086133764277,0.0685733119644411,1.3100912855702034,0.0498372233900287,0.9521388159601952,0.055880933784167,1.0676037409149142,6.5268e-07,6.545215465155689e-07,6.213600000000001e-07,6.477108518862533e-07,6.67915e-07,6.75698716743316e-07,7.951279999999999e-07,8.410191363551816e-07,1.1811999999999998e-06,1.1122709758983447e-06,0.2181425485961123,21.81425485961123,0.043961129106895,4.396112910689499,-0.1218372907746204,-12.183729077462042,73.84686346863471,43.26948307530832,40.03818118708782,6.507822028518436e-07,7.02047584700488e-07,-5.126538184864446e-08,-6.71813821417781e-08,1.591600029313364e-08,2.351654889647405,6.67915e-07,6.20486674440537e-08,7.920123348881073e-07,5.438176651118926e-07,0.3715961907970546,0.5357985125466684,7.365714285714285e-08,10.88314758527524,6.168571428571428e-08,9.11431948665991,5.59142857142857e-08,8.26156703816278,451146503322.55,0.8735589000436818,-11607784684008.0,1.629775870603773e-06,35.472335688569906,16.646723370309275,35.67671915725232,66.23511134127398,59.74011590505569,-33.76488865872603,True,False,False,207,184,3,2,0,7474148537.6,-1.0,0,1,0.015661938534278885,1
1766534400000,6.768e-07,7.2e-07,6.768e-07,6.874e-07,361002713225.0,2025-12-24,0.0156619385342788,0.0155405561237199,0.0156619385342788,0.0523493637263198,1.0001331896957246,0.066711893968164,1.2745289446847174,0.050058984380648,0.9563755537371376,0.055972060805648,1.0693447202157844,6.6168e-07,6.654810310103793e-07,6.277999999999999e-07,6.549270606342072e-07,6.63935e-07,6.768131246726158e-07,7.88306e-07,8.349942952494654e-07,1.167403e-06,1.1037756567123864e-06,0.070049813200498,7.004981320049812,0.1033707865168538,10.337078651685388,-0.1037809647979139,-10.378096479791402,81.44083969465649,47.45808545159546,42.72308781869688,6.56415710105406e-07,7.009625784072739e-07,-4.4546868301867864e-08,-6.265447937379605e-08,1.81076110719282e-08,2.6342174966436134,6.63935e-07,5.776345844548069e-08,7.794619168909614e-07,5.484080831090387e-07,0.3480067081595679,0.6015564191942693,6.72142857142857e-08,9.778045637807056,6.119285714285714e-08,8.902074067916372,5.5323809523809524e-08,8.048270224586778,448605553592.7,0.8047218995259323,-11246781970783.0,1.6271689179180237e-06,33.16504626210254,37.98160919540233,42.0157081006942,77.33109994416527,72.02625803316987,-22.668900055834733,False,False,True,207,184,3,2,0,7474148537.6,-1.0,0,1,-0.02473086994471929,0
1766620800000,6.874e-07,7.014e-07,6.639e-07,6.704e-07,291717753944.0,2025-12-25,-0.0247308699447192,-0.0250418152478602,0.0247308699447192,0.0500576690035057,0.9563504234921198,0.0653550092625075,1.248605698782202,0.0500877691991961,0.956925486923334,0.0549192091769413,1.0492300180925682,6.717799999999999e-07,6.671206873402528e-07,6.351700000000001e-07,6.577403223370787e-07,6.599999999999999e-07,6.76202350894226e-07,7.79702e-07,8.285390392422394e-07,1.153124e-06,1.0951119587078155e-06,0.081464752379416,8.146475237941601,0.1235126529244174,12.35126529244175,-0.1050594046188759,-10.505940461887596,60.0143061516452,47.72912700571118,44.55317577548006,6.585671393199589e-07,6.986986836735307e-07,-4.0131544353571793e-08,-5.81498923697512e-08,1.8018348016179413e-08,2.6877010763990765,6.599999999999999e-07,5.422892993697275e-08,7.684578598739454e-07,5.515421401260545e-07,0.3286601814361983,0.5479448885128629,6.527142857142856e-08,9.73619161268326,6.08857142857143e-08,9.08199795431299,5.541904761904762e-08,8.266564382316172,444052314240.2,0.6569445639375767,-11538499724727.0,1.6250365557059694e-06,30.53165732952439,22.97735231732878,43.441645164164456,67.83919597989949,70.46846908844624,-32.160804020100514,False,True,False,207,184,3,2,0,7474148537.6,-1.0,0,1,0.02863961813842497,1
1766707200000,6.704e-07,7.199e-07,6.704e-07,6.896e-07,257539173223.0,2025-12-26,0.0286396181384249,0.0282371701816102,0.0286396181384249,0.0503497704348477,0.9619310135021548,0.0654875606666577,1.25113808980274,0.0503020465653455,0.9610192502555288,0.0523095912502529,0.999373337607381,6.8348e-07,6.746137915601686e-07,6.439800000000001e-07,6.635329910030645e-07,6.5805e-07,6.774783174758143e-07,7.743259999999999e-07,8.230899808888643e-07,1.139169e-06,1.087006822996789e-06,0.0926952939312313,9.269529393123127,0.146467165419784,14.646716541978396,-0.0535273126544056,-5.352731265440566,75.53113553113555,54.14349276974416,40.35749751737835,6.633414255784267e-07,6.980247070949471e-07,-3.4683281516520354e-08,-5.345657019910504e-08,1.877328868258468e-08,2.722344646546502,6.5805e-07,5.2299194921886936e-08,7.626483898437739e-07,5.534516101562261e-07,0.3179040797622487,0.6508149410670782,5.428571428571429e-08,7.872058336095458,6.03e-08,8.744199535962876,5.453333333333333e-08,7.907965970610981,435939290265.65,0.590768437196983,-11280960551504.0,1.623191160525138e-06,29.239556228966624,50.14571204185098,48.77912431636507,78.5594639865997,74.57658663688814,-21.4405360134003,True,False,False,207,184,3,2,0,7474148537.6,-1.0,0,1,-0.04147331786542929,0
1766793600000,6.896e-07,6.943e-07,6.397e-07,6.61e-07,391250200641.0,2025-12-27,-0.0414733178654292,-0.0423578794977971,0.0414733178654292,0.0297562360135901,0.5684920908150038,0.0649521487366073,1.2409090592417975,0.0509628587910025,0.9736440501001156,0.0467211351475191,0.8926060336775419,6.770400000000001e-07,6.700758610401124e-07,6.5274e-07,6.630724471843255e-07,6.54245e-07,6.759089539065934e-07,7.652939999999999e-07,8.167329858324531e-07,1.12513e-06,1.0784936265735536e-06,-0.0464512406231967,-4.645124062319675,0.1527729333798395,15.277293337983956,-0.1032424365757699,-10.324243657576991,59.71410006497726,51.68569153172285,39.37221468707615,6.629812062586687e-07,6.952821361606918e-07,-3.2300929902023146e-08,-4.922544213968866e-08,1.6924512237665518e-08,2.5604405805847987,6.54245e-07,4.890331465467728e-08,7.520516293093546e-07,5.564383706906454e-07,0.2989908346547688,0.5345324240682832,5.504285714285713e-08,8.32720985519775,6.073571428571429e-08,9.18845904473741,5.574761904761903e-08,8.433830415676102,435511306761.25,0.8983697887216641,-11672210752145.0,1.6203167096063175e-06,27.437441300306546,13.268307590439596,48.91063561104919,62.59073143495255,69.66313046715058,-37.409268565047455,False,True,False,207,184,3,2,0,7474148537.6,-1.0,0,1,-0.055521936459909216,0
1766880000000,6.61e-07,6.799e-07,6.128e-07,6.243e-07,435411924737.0,2025-12-28,-0.0555219364599092,-0.0571228177839878,0.0555219364599092,0.0363350683344845,0.6941805058255063,0.0673437967321753,1.2866014300400732,0.0522372251957118,0.9979907860766258,0.0450723169664827,0.8611054065591436,6.6654e-07,6.548172406934082e-07,6.5961e-07,6.5602291133263e-07,6.4879e-07,6.709938154390274e-07,7.579040000000001e-07,8.091859951479796e-07,1.112065e-06,1.0694188024251058e-06,-0.0775709219858156,-7.757092198581564,0.1236501079913605,12.365010799136064,-0.1487592037087538,-14.87592037087538,23.190661478599225,50.16748260757536,37.006009834274266,6.570302514496427e-07,6.900242000807417e-07,-3.299394863109895e-08,-4.5979143437970734e-08,1.2985194806871776e-08,2.079960725111609,6.4879e-07,4.55811583881307e-08,7.399523167762614e-07,5.576276832237386e-07,0.2810225705583051,0.3656791486546711,5.834285714285715e-08,9.34532390563145,6.283571428571427e-08,10.064987071234066,5.589047619047618e-08,8.952502993829278,433665365334.75,1.004027435764675,-12107622676882.0,1.6170515064364477e-06,25.042483927137408,-24.495495910255805,49.260365089642015,42.09938581797877,61.08319374651034,-57.90061418202123,False,True,False,207,184,3,2,0,7474148537.6,-1.0,0,1,-0.013134710876181344,0
1766966400000,6.243e-07,6.638e-07,6.071e-07,6.161e-07,431661096280.0,2025-12-29,-0.0131347108761813,-0.0132217340471734,0.0131347108761813,0.0322121732410249,0.615412705663506,0.0451421699308555,0.8624399455696483,0.0522565017319579,0.9983590637845052,0.0449138702726418,0.8580782867237178,6.522800000000001e-07,6.419114937956055e-07,6.569799999999999e-07,6.487642001812427e-07,6.4319e-07,6.657658330160017e-07,7.499879999999999e-07,8.01613417797083e-07,1.10011e-06,1.0603630701387602e-06,-0.1037241780622635,-10.372417806226354,-0.0409402241594022,-4.094022415940219,-0.1538250240351599,-15.382502403515993,24.77140482128013,52.62162162162162,37.67148683722655,6.507332896881592e-07,6.845483333424762e-07,-3.3815043654317e-08,-4.3546323481239994e-08,9.731279826922985e-09,1.5794968068370367,6.4319e-07,4.20692148977032e-08,7.273284297954064e-07,5.590515702045936e-07,0.2616285383647334,0.3390152985628991,5.5942857142857147e-08,9.080158601340226,6.197142857142858e-08,10.058663946019896,5.728571428571429e-08,9.2981195075011,441752559839.2,0.9771558458815194,-12539283773162.0,1.6138029311327977e-06,23.84092317099343,-36.8570271364927,51.41313976143697,37.52093802345059,47.4036850921273,-62.47906197654941,False,True,False,207,184,3,2,0,7474148537.6,-1.0,0,1,-0.017204999188443537,0
1767052800000,6.161e-07,6.276e-07,5.953e-07,6.055e-07,320292855564.0,2025-12-30,-0.0172049991884435,-0.0173547250273781,0.0172049991884435,0.0321843424768665,0.6148809996608335,0.0440891318741854,0.8423216817451926,0.0520372589183043,0.994170435710942,0.0444730103782063,0.8496556702667966,6.393000000000001e-07,6.297743291970703e-07,6.5554e-07,6.408979819664713e-07,6.38155e-07,6.600262298713612e-07,7.411479999999999e-07,7.9392213193948e-07,1.088648e-06,1.0512780744536125e-06,-0.096807875894988,-9.68078758949881,-0.0232295531537345,-2.3229553153734512,-0.142594165958652,-14.2594165958652,15.960099750623485,50.53219797764768,38.37582625118035,6.437743220438271e-07,6.786929011780647e-07,-3.49185791342376e-08,-4.182077461183952e-08,6.902195477601913e-09,1.1399166767302913,6.38155e-07,4.011156120259024e-08,7.183781224051805e-07,5.579318775948196e-07,0.2514220601740343,0.2964738904385293,4.87e-08,8.042939719240298,6.117857142857142e-08,10.103810310251268,5.735714285714286e-08,9.47269081042822,437194305869.8,0.7326098516465716,-12859576628726.0,1.611358720506036e-06,22.45010474436794,-71.01609802498645,45.47229322971717,31.60245672808484,37.074260189838064,-68.39754327191517,False,True,False,207,184,3,2,0,7474148537.6,-1.0,0,1,0.03005780346820819,1
1767139200000,6.055e-07,6.46e-07,6.032e-07,6.237e-07,313343983133.0,2025-12-31,0.0300578034682081,0.02961492053893,0.0300578034682081,0.0327190941647013,0.6250974163119588,0.04483697786381,0.8566092593156597,0.052412707882852,1.0013433781070364,0.0437681637530115,0.836189594400282,6.2612e-07,6.277495527980469e-07,6.548e-07,6.377710761543856e-07,6.349850000000001e-07,6.565665889310901e-07,7.342739999999999e-07,7.872462842167925e-07,1.0786e-06,1.042739503479447e-06,-0.095562645011601,-9.556264501160104,-0.011725558548566,-1.172555854856604,-0.0922718672682287,-9.22718672682288,30.781893004115247,56.87346269472533,39.48442136498515,6.406859648063152e-07,6.746193529008026e-07,-3.3933388094487374e-08,-4.024329730836909e-08,6.309909213881724e-09,1.011689788982159,6.349850000000001e-07,3.851326873202194e-08,7.12011537464044e-07,5.579584625359562e-07,0.2426089985245128,0.4267460256455902,4.8642857142857154e-08,7.799079227650658,5.792857142857142e-08,9.287890240271192,5.7009523809523816e-08,9.140536124663113,428389269920.45,0.7314468525114707,-12546232645593.0,1.6090142551647597e-06,21.90638631185441,-34.058160859313816,52.643350133878016,41.764377442769366,36.96259073143493,-58.23562255723063,True,False,False,207,184,3,2,0,7474148537.6,-1.0,0,1,0.07407407407407418,1
1767225600000,6.237e-07,7.2e-07,6.195e-07,6.699e-07,633829160179.0,2026-01-01,0.0740740740740741,0.071458963982145,0.0740740740740741,0.0496862601382663,0.9492546670849336,0.0391919422879089,0.7487610060687291,0.0544217176644978,1.039725456092773,0.0449811017596904,0.8593627424802652,6.279e-07,6.417997018653646e-07,6.524699999999999e-07,6.4361269867177e-07,6.3549e-07,6.578364376043666e-07,7.29136e-07,7.826441578520749e-07,1.070105e-06,1.0352952888128674e-06,0.0134644478063541,1.3464447806354058,-0.0336122331217541,-3.361223312175411,0.0153076689906033,1.530766899060324,43.36700336700337,64.49404007101191,44.54186006532577,6.451804317591898e-07,6.742697712011214e-07,-2.908933944193154e-08,-3.8012505735081584e-08,8.923166293150043e-09,1.332014672809381,6.3549e-07,3.8919848812435455e-08,7.133296976248709e-07,5.576503023751292e-07,0.2449753658590091,0.7210311772139101,5.764285714285716e-08,8.604695796814026,6.145714285714286e-08,9.17407715437272,5.980476190476191e-08,8.92741631657888,440829666568.55,1.4378096762696848,-11912403485414.0,1.6045233408340662e-06,22.869382629894535,71.07871495236998,61.86852967858825,66.31884057971018,46.56189158352146,-33.681159420289816,True,False,False,207,184,3,2,0,7474148537.6,-1.0,0,1,-0.026421854008060963,0
1767312000000,6.699e-07,6.924e-07,6.33e-07,6.522e-07,539838930045.0,2026-01-02,-0.0264218540080609,-0.0267771841590031,0.0264218540080609,0.0421553605005395,0.8053770315259892,0.0393652732935174,0.7520724902811965,0.0546283081479538,1.043672361737316,0.0450781467491384,0.861216784400394,6.3348e-07,6.452664679102431e-07,6.5001e-07,6.451740261859936e-07,6.35685e-07,6.572996340229804e-07,7.23764e-07,7.77528368209061e-07,1.0606379999999998e-06,1.0276475608076663e-06,0.0446900528592022,4.469005285920227,-0.0363475177304964,-3.634751773049653,0.006015733456733,0.6015733456732956,46.802325581395344,51.50676506765068,43.612186500589125,6.462603653346991e-07,6.726349733199725e-07,-2.637460798527336e-08,-3.5684926185119945e-08,9.310318199846582e-09,1.427525022975557,6.35685e-07,3.8997102119107465e-08,7.136792042382149e-07,5.576907957617852e-07,0.2453863288836919,0.6058732514890388,5.9057142857142884e-08,9.055066368773824,5.6671428571428585e-08,8.689271476759979,5.98857142857143e-08,9.182108906119948,446753043935.35,1.208360944314283,-12452242415459.0,1.600689117693306e-06,24.46677652607249,43.19122748125788,51.49535418338592,42.87867370007534,50.32063057418495,-57.12132629992467,False,False,True,207,184,3,2,0,7474148537.6,-1.0,0,1,0.002606562404170454,1
1767398400000,6.522e-07,6.621e-07,6.385e-07,6.539e-07,321073895323.0,2026-01-03,0.0026065624041704,0.0026031712120114,0.0026065624041704,0.0406040209114506,0.7757387302918389,0.0388910191278079,0.7430118771674026,0.0537834695293716,1.0275317425924848,0.0443859358644152,0.8479921140166304,6.410399999999999e-07,6.481443119401621e-07,6.4666e-07,6.467605668794492e-07,6.3723e-07,6.569758593541153e-07,7.19548e-07,7.72679894163943e-07,1.052832e-06,1.0201876425488092e-06,0.0613536763512416,6.135367635124165,-0.0487343613616525,-4.873436136165258,0.0495987158908506,4.959871589085071,64.42495126705651,55.58475689881735,45.44345704826625,6.474356937447454e-07,6.71247197507175e-07,-2.38115037624296e-08,-3.331024170058187e-08,9.498737938152268e-09,1.452628527015181,6.3723e-07,3.9080108010459055e-08,7.15390216020918e-07,5.590697839790819e-07,0.2453124178739797,0.6066399304445282,5.462857142857145e-08,8.354269984488676,5.4835714285714295e-08,8.385948047975882,5.87e-08,8.976907784064842,438540648074.95,0.7321416993667733,-12131168520136.0,1.5984048649898707e-06,26.1952764922725,23.506264885574957,51.68565723935314,44.15975885455915,51.11909104478156,-55.84024114544085,False,False,True,207,184,3,2,0,7474148537.6,-1.0,0,1,0.04052607432329092,1
1767484800000,6.539e-07,7.1e-07,6.538e-07,6.804e-07,294909052515.0,2026-01-04,0.0405260743232909,0.0397264259544763,0.0405260743232909,0.0381350282820394,0.7285686923387943,0.0405245368214542,0.7742201888846556,0.0532427360885924,1.0172010447118205,0.0446054861644137,0.8521866166085649,6.5602e-07,6.588962079601081e-07,6.4766e-07,6.528768274468221e-07,6.414149999999999e-07,6.592067298918797e-07,7.153740000000001e-07,7.690608576710704e-07,1.044721e-06,1.0134066267396495e-06,0.123699421965318,12.369942196531795,0.0149164677804296,1.491646778042961,0.1402714932126696,14.027149321266958,76.5922249793217,57.71035345636534,49.42370548769998,6.52507125476323e-07,6.719251828821336e-07,-1.9418057405810673e-08,-3.0531804841627635e-08,1.111374743581696e-08,1.6334137912723337,6.414149999999999e-07,3.8992931545732646e-08,7.194008630914652e-07,5.634291369085346e-07,0.2431681924852561,0.7499491475415022,5.3071428571428586e-08,7.800033593684389,5.5707142857142864e-08,8.187410766775846,5.958095238095239e-08,8.756753730298703,416784753468.2,0.7075811916366107,-11836259467621.0,1.5963823710426858e-06,27.89103630054007,80.92453355611238,51.59004719401501,64.12961567445365,50.389349409696045,-35.870384325546354,True,False,False,207,184,3,2,0,7474148537.6,-1.0,0,1,0.039682539682539764,1
1767571200000,6.804e-07,7.2e-07,6.804e-07,7.074e-07,415115543577.0,2026-01-05,0.0396825396825397,0.0389154162496736,0.0396825396825397,0.0387446619993932,0.740215728155135,0.0414641882539805,0.7921722042964908,0.0537161296482852,1.026245215970753,0.0447634945549168,0.8552053626704788,6.7276e-07,6.750641386400721e-07,6.4944e-07,6.627901315473998e-07,6.4671e-07,6.637965651403859e-07,7.124160000000001e-07,7.666426454365666e-07,1.037381e-06,1.0073007103897407e-06,0.1341991341991342,13.419913419913426,0.0258120649651971,2.581206496519716,0.1760598503740649,17.605985037406487,87.1085214857975,52.49472944483486,54.09638554216868,6.609521830953502e-07,6.745529471314601e-07,-1.3600764036109949e-08,-2.714559668052409e-08,1.3544832644414142e-08,1.9147346118764688,6.4671e-07,4.0450488254208595e-08,7.276109765084173e-07,5.658090234915828e-07,0.2501924402233372,0.875088179520834,5.062857142857144e-08,7.1569934165354026,5.32857142857143e-08,7.532614402843412,5.819047619047618e-08,8.225964968967512,416837486018.25,0.9958690316993836,-11421143924044.0,1.5936161806212228e-06,30.278835383520693,116.22828894135384,50.604507252544174,84.47626224566693,64.25521225822656,-15.52373775433306,True,False,False,207,184,3,2,0,7474148537.6,-1.0,0,1,0.022618037885213438,1
1767657600000,7.074e-07,7.35e-07,6.9e-07,7.234e-07,420915261757.0,2026-01-06,0.0226180378852134,0.0223660427466173,0.0226180378852134,0.02821786588048,0.539101570689418,0.0386276212113059,0.7379796670384,0.052113890179291,0.9956344738964242,0.0445639701417763,0.851393454109764,6.834600000000001e-07,6.911760924267148e-07,6.5568e-07,6.738101076296908e-07,6.5421e-07,6.694730827461907e-07,7.10476e-07,7.649467615027973e-07,1.029647e-06,1.001636743835737e-06,0.0798626660695627,7.98626660695626,0.0944024205748865,9.44024205748866,0.2615974886641088,26.159748866410894,86.8985936343449,58.1984517945109,56.4133219470538,6.705595395422194e-07,6.781712473673699e-07,-7.611707825150432e-09,-2.323881890944936e-08,1.5627111084298926e-08,2.1602310041884056,6.5421e-07,4.0046419118497743e-08,7.343028382369954e-07,5.741171617630046e-07,0.2448536043074713,0.9319362475035922,5.2442857142857155e-08,7.249496425609227,5.0571428571428584e-08,6.990797424858802,5.8266666666666666e-08,8.054557183669706,410204064714.1,1.0261118744651283,-11000228662287.0,1.5908711079400386e-06,32.41759519635024,133.23722658090975,51.04426445414245,91.6964924838941,80.10079013467156,-8.303507516105888,True,False,False,207,184,3,2,0,7474148537.6,-1.0,0,1,-0.02598838816698923,0
1767744000000,7.234e-07,7.743e-07,7.01e-07,7.046e-07,587628342057.0,2026-01-07,-0.0259883881669892,-0.0263320536108603,0.0259883881669892,0.0280559115912598,0.5360074383383633,0.0339275565037182,0.6481850568813231,0.0519013074519981,0.991573086594122,0.0429847776727268,0.8212230243511324,6.9394e-07,6.956507282844765e-07,6.637100000000001e-07,6.794082698788379e-07,6.616599999999999e-07,6.728185034370976e-07,7.068000000000001e-07,7.625800959118026e-07,1.020693e-06,9.957115867116783e-07,0.0803434529285496,8.034345292854955,0.1286240589460194,12.862405894601952,0.2681785457163426,26.817854571634264,66.10956360259976,52.94117647058823,57.04663212435233,6.75796533458801e-07,6.801289327593001e-07,-4.3323993004991334e-09,-1.9457534987659318e-08,1.512513568716018e-08,2.146627261873429,6.616599999999999e-07,3.416351393247437e-08,7.299870278649486e-07,5.933329721350512e-07,0.2065321399659907,0.8142241170278389,5.68e-08,8.061311382344591,5.2721428571428586e-08,7.482462187259236,5.755238095238094e-08,8.168092669937687,415531088355.7,1.414162161445746,-11587857004344.0,1.587113046215951e-06,34.57785613106562,148.709458564017,53.321402276979896,61.06145251396645,79.07806908117583,-38.93854748603355,True,False,False,207,184,3,2,0,7474148537.6,-1.0,0,1,-0.022140221402214055,0
1767830400000,7.046e-07,7.121e-07,6.69e-07,6.89e-07,464109110821.0,2026-01-08,-0.022140221402214,-0.0223889948934787,0.022140221402214,0.0327713779462314,0.6260962965555557,0.0347973141997951,0.6648017543332242,0.0399814508014674,0.763844545041339,0.0428829894479485,0.8192783630472592,7.0096e-07,6.934338188563177e-07,6.71e-07,6.811522208099584e-07,6.639900000000001e-07,6.743595983478785e-07,7.0337e-07,7.596944544379625e-07,1.011462e-06,9.895943306415125e-07,0.0536779324055665,5.367793240556659,0.1183249472488232,11.83249472488232,0.0725404732254046,7.254047322540474,67.42424242424241,53.19587628865979,58.120710892134426,6.778278360036008e-07,6.807860488548511e-07,-2.9582128512502644e-09,-1.6157670560377505e-08,1.3199457709127241e-08,1.9157413220794253,6.639900000000001e-07,3.4369293210558096e-08,7.327285864211162e-07,5.952514135788839e-07,0.2070470531818737,0.6819211108501715,4.860000000000001e-08,7.053701015965168,5.312142857142858e-08,7.709931577856108,5.7171428571428577e-08,8.297739995853204,405075112857.1,1.1457359291898184,-12051966115165.0,1.5840426806732824e-06,35.77918587460273,56.28259372232609,51.65363518798952,52.34636871508377,68.36810457098143,-47.65363128491623,False,True,False,207,184,3,2,0,7474148537.6,-1.0,0,1,-0.00537010159651663,0
1767916800000,6.89e-07,7.007e-07,6.679e-07,6.853e-07,271819690216.0,2026-01-09,-0.0053701015965166,-0.0053845724218805,0.0053701015965166,0.0285710025087304,0.54584823649909,0.0338914020800643,0.6474943275872741,0.0389856710057858,0.744820198757089,0.0422027118517232,0.8062816778201325,7.0194e-07,6.907225459042119e-07,6.7898e-07,6.81906362480875e-07,6.6726e-07,6.754015413623836e-07,7.00836e-07,7.567768815522593e-07,1.0013200000000002e-06,9.83526151666267e-07,0.007201646090535,0.7201646090535054,0.1317919075144509,13.1791907514451,0.1055008872398775,10.550088723987749,64.59107806691452,49.21960072595281,57.38716502115656,6.789773996953545e-07,6.81120415608062e-07,-2.1430159127074574e-09,-1.3354739630843496e-08,1.1211723718136037e-08,1.6360314779127445,6.6726e-07,3.3039090085655305e-08,7.333381801713107e-07,6.011818198286894e-07,0.1980582686548291,0.6365049699706508,4.480000000000001e-08,6.537282941777326,5.192857142857145e-08,7.577494736403246,5.271428571428573e-08,7.692147339017325,400851683450.8,0.6781053976772503,-12323785805381.0,1.582243364165116e-06,35.715034366687,38.199726486270485,46.99660449884831,50.27932960893854,54.56238361266292,-49.72067039106146,False,True,False,207,184,3,2,0,7474148537.6,-1.0,0,1,-0.02874653436451191,0
1768003200000,6.853e-07,7.121e-07,6.584e-07,6.656e-07,371586607351.0,2026-01-10,-0.0287465343645119,-0.0291678090847791,0.0287465343645119,0.0213382392189038,0.407666487869135,0.0356518240101163,0.6811271413367929,0.0396066358045572,0.7566837145799516,0.0423649792946006,0.8093817929634065,6.9358e-07,6.823483639361412e-07,6.8317e-07,6.789415693025341e-07,6.68985e-07,6.744680612326187e-07,6.9797e-07,7.532011488309513e-07,9.89609e-07,9.771870159242745e-07,-0.05908962397512,-5.908962397512011,0.0671797338464006,6.717973384640064,0.0546664553953415,5.466645539534155,42.658730158730194,50.86271567891973,58.24982104509664,6.769193382037616e-07,6.799707551871792e-07,-3.051416983417605e-09,-1.1294075101358316e-08,8.242658117940712e-09,1.2383801258925349,6.68985e-07,3.193393303292286e-08,7.328528660658457e-07,6.051171339341542e-07,0.1909396057186506,0.4734999757428084,4.9100000000000016e-08,7.376802884615387,5.186428571428573e-08,7.792110233516486,5.2923809523809535e-08,7.951293498168499,402930711305.6,0.9222096924480218,-12695372412732.0,1.5797790719194647e-06,36.97755692007708,17.6731539782484,47.09259426113816,39.273743016759774,47.299813780260685,-60.72625698324023,True,True,False,207,184,3,2,0,7474148537.6,-1.0,0,1,0.016075721153846034,1
1768089600000,6.656e-07,7.079e-07,6.643e-07,6.763e-07,262823103341.0,2026-01-11,0.016075721153846,0.0159478750738953,0.016075721153846,0.0187318883976024,0.357872225344724,0.0272769241470692,0.5211249041137973,0.0329280569759987,0.6290896452162725,0.0422231084023396,0.8066713533725107,6.8416e-07,6.803322426240941e-07,6.8381e-07,6.784612839748007e-07,6.6814e-07,6.746425315914192e-07,6.958540000000001e-07,7.501852807665313e-07,9.76939e-07,9.71188445882271e-07,-0.0651092065247442,-6.510920652474432,0.0095536647260785,0.9553664726078446,-0.0243796884016156,-2.4379688401615693,31.59763313609467,60.80631753948462,60.93891607757839,6.768240554031829e-07,6.796988473943383e-07,-2.8747919911554317e-09,-9.610218479317742e-09,6.735426488162311e-09,0.995922887499972,6.6814e-07,3.1479824783897505e-08,7.310996495677951e-07,6.05180350432205e-07,0.1884624466961864,0.5648034102478068,4.730000000000001e-08,6.993937601656072,5.0185714285714296e-08,7.420629053040706,5.290476190476191e-08,7.822676608718307,388998572056.5,0.6756402779361008,-12432549309391.0,1.578052137315646e-06,40.01230543813038,27.6729736832227,53.022191426656576,45.25139664804466,44.93482309124765,-54.74860335195534,False,False,True,207,184,3,2,0,7474148537.6,-1.0,0,1,-0.007688895460594369,0
1768176000000,6.763e-07,6.95e-07,6.64e-07,6.711e-07,265325797616.0,2026-01-12,-0.0076888954605943,-0.0077186074167006,0.0076888954605943,0.0173538941629034,0.3315456824561243,0.0257640459489863,0.4922214067230729,0.0325338724115213,0.6215587596861138,0.0412839935280971,0.7887295888922937,6.7746e-07,6.772548284160628e-07,6.857e-07,6.771228687066551e-07,6.67855e-07,6.743051476303276e-07,6.927040000000001e-07,7.470837621005464e-07,9.6399e-07,9.652065997675457e-07,-0.0475447062162929,-4.75447062162929,0.0289788408463662,2.897884084636621,-0.0084219858156028,-0.8421985815602844,14.518317503392083,61.57407407407407,53.0525420123378,6.759434314950008e-07,6.790618957328997e-07,-3.1184642378989222e-09,-8.311867631033978e-09,5.193403393135056e-09,0.7738643113001127,6.67855e-07,3.1423046771834326e-08,7.307010935436686e-07,6.050089064563314e-07,0.1882028091237427,0.525817038235998,4.607142857142858e-08,6.865061625902039,4.835000000000001e-08,7.204589479958279,5.088095238095238e-08,7.581724389949692,382559709777.25,0.6935539494488041,-12697875107007.0,1.576303592203963e-06,41.97060825534744,11.45530816392412,54.33340319922095,42.34636871508378,42.29050279329607,-57.653631284916216,False,True,False,207,184,3,2,0,7474148537.6,-1.0,0,1,0.09700491729995542,1
1768262400000,6.711e-07,7.46e-07,6.641e-07,7.362e-07,365928133755.0,2026-01-13,0.0970049172999554,0.0925836637807272,0.0970049172999554,0.0489046903605079,0.934322797446826,0.0392852922923362,0.7505444553991575,0.0390223008788486,0.7455200114993412,0.043647901109312,0.8338919798185043,6.869e-07,6.969032189440419e-07,6.9393e-07,6.878641653054451e-07,6.70295e-07,6.801998954751239e-07,6.90768e-07,7.466569300362734e-07,9.51997e-07,9.606422722702698e-07,0.0685050798258346,6.850507982583462,0.1258602232757302,12.58602232757303,0.0709921443118999,7.099214431190001,63.16666666666669,72.37247517973297,61.34191535010728,6.852136728034622e-07,6.832943479168216e-07,1.919324886640568e-09,-6.265629127499068e-09,8.184954014139636e-09,1.1117840280004938,6.70295e-07,3.4740170514438367e-08,7.397753410288767e-07,6.008146589711233e-07,0.2073127235884997,0.974270844270966,5.1342857142857165e-08,6.974036558388638,5.189285714285715e-08,7.048744518182172,5.0828571428571444e-08,6.904179764815463,382805980803.75,0.9559101793203104,-12331946973252.0,1.5740065129024533e-06,45.181959534438604,114.73343599897343,60.29329914041937,77.7323202805377,55.11002854788871,-22.2676797194623,True,False,False,207,184,3,2,0,7474148537.6,-1.0,0,1,-0.0008149959250204342,0
1768348800000,7.362e-07,7.74e-07,7.245e-07,7.356e-07,427030592468.0,2026-01-14,-0.0008149959250204,-0.0008153282147547,0.0008149959250204,0.0484883623382516,0.9263688617498084,0.0381793629351295,0.7294157046967833,0.0384532072729715,0.7346474934252546,0.0432558774889226,0.8264023790671764,6.9696e-07,7.098021459626946e-07,6.994499999999999e-07,6.965434079771824e-07,6.73555e-07,6.854760959061176e-07,6.8952e-07,7.462233075000617e-07,9.41078e-07,9.561575362918316e-07,0.0733985116007587,7.339851160075875,0.0811287477954145,8.112874779541448,0.0972553699284008,9.7255369928401,72.1904761904762,70.38251366120218,60.40629356701852,6.929654154490834e-07,6.871688406772757e-07,5.796574771807712e-09,-3.8531883476377114e-09,9.649763119445424e-09,1.3118220662650113,6.73555e-07,3.7684905186973685e-08,7.489248103739474e-07,5.981851896260526e-07,0.2237970481221203,0.9116037952872884,4.794285714285716e-08,6.51751728423833,5.2371428571428587e-08,7.119552551852716,5.112857142857145e-08,6.950594267070614,389571622729.95,1.096154256502447,-12758977565720.0,1.5714321704996915e-06,48.67585120344548,167.61289177537458,61.53682453867205,74.99999999999997,65.02622966520715,-25.000000000000018,True,False,False,207,184,3,2,0,7474148537.6,-1.0,0,1,-0.01128330614464379,0
1768435200000,7.356e-07,7.434e-07,7.1e-07,7.273e-07,312304339554.0,2026-01-15,-0.0112833061446437,-0.0113474455696709,0.0112833061446437,0.0450409421982711,0.8605059924541024,0.0369301144568247,0.7055488460304317,0.0382154706072189,0.7301055408034464,0.042809483961283,0.8178740426963331,7.093e-07,7.156347639751297e-07,7.0144e-07,7.021355156176947e-07,6.7544e-07,6.894593248674759e-07,6.87416e-07,7.454811883381764e-07,9.29911e-07,9.515973447161656e-07,0.0926983173076922,9.269831730769226,0.0281311846197342,2.813118461973425,0.0546693735498839,5.466937354988395,69.16058394160584,62.13017751479288,53.80325674771359,6.982476592261474e-07,6.901415191552532e-07,8.106140070894234e-09,-1.4613226639313214e-09,9.567462734825557e-09,1.3154767956586766,6.7544e-07,3.94320921932969e-08,7.543041843865937e-07,5.965758156134062e-07,0.2335194373640701,0.8287931042675932,4.6557142857142885e-08,6.401367091591211,4.7578571428571445e-08,6.541808253619062,5.093333333333335e-08,7.003070718181403,392309881046.5,0.7960654437785699,-13071281905274.0,1.5695192292603135e-06,49.47051913066457,113.02276595287404,53.37101210671074,66.73743807501768,73.15658611851846,-33.26256192498233,False,True,False,207,184,3,2,0,7474148537.6,-1.0,0,1,-0.004124845318300596,0
1768521600000,7.273e-07,7.337e-07,6.889e-07,7.243e-07,309063783941.0,2026-01-16,-0.0041248453183005,-0.0041333759592146,0.0041248453183005,0.0462210747372697,0.883052392954076,0.0363447797626515,0.6943660424001241,0.0367964213190315,0.7029946422192725,0.0427928503396874,0.817556257801953,7.189e-07,7.185231759834198e-07,7.0153e-07,7.06165421869023e-07,6.78605e-07,6.927774844039341e-07,6.85426e-07,7.446505226672504e-07,9.20154e-07,9.470688025164068e-07,0.070974419636256,7.097441963625611,0.0012441249654409,0.124412496544092,0.0957639939485628,9.576399394856278,81.59311087190525,66.24605678233439,55.46102552310876,7.022557116528939e-07,6.926717770031925e-07,9.583934649701416e-09,7.477287987952264e-10,8.836205850906189e-09,1.2199649110736144,6.78605e-07,4.073104951680796e-08,7.600670990336159e-07,5.971429009663841e-07,0.2400869402188782,0.7804678527933809,4.827142857142858e-08,6.664562829135521,4.653571428571429e-08,6.424922585353348,5.0709523809523826e-08,7.001176834118987,388200560211.5,0.7961446108491328,-13380345689215.0,1.567609450972193e-06,50.419319972360896,78.17073955836281,55.381296050114095,63.18114874815903,68.30619560772556,-36.81885125184097,False,True,False,207,184,3,2,0,7474148537.6,-1.0,0,1,-0.0005522573519259888,0
1768608000000,7.243e-07,7.36e-07,7.063e-07,7.239e-07,132398179259.0,2026-01-17,-0.0005522573519259,-0.0005524099021846,0.0005522573519259,0.0454639846368537,0.8685882068949172,0.0351401566585771,0.6713517503113474,0.0339653700389837,0.6489074834582034,0.0422749478208112,0.8076617440717954,7.2946e-07,7.203154506556133e-07,7.0346e-07,7.093898906201096e-07,6.83585e-07,6.957415335083435e-07,6.84214e-07,7.43836747657737e-07,9.11309e-07,9.426230549530754e-07,0.0786767992847563,7.867679928475628,0.0273914277604314,2.7391427760431406,0.1595386833253242,15.953868332532432,78.81355932203385,65.86582048957388,54.29715093006827,7.055856021678334e-07,6.949849787130826e-07,1.06006234547508e-08,2.718307729986342e-09,7.882315724764458e-09,1.0888680376798532,6.83585e-07,3.9820614537059525e-08,7.632262290741191e-07,6.039437709258809e-07,0.2330104641679354,0.7531038286870253,4.484285714285715e-08,6.194620409290946,4.6971428571428585e-08,6.4886626013853546,4.9523809523809545e-08,6.841250106894536,373049872937.6,0.3549074503535516,-13512743868474.0,1.56680010037743e-06,51.39859675258362,83.84282802887468,59.95938906080826,58.17427385892111,62.69762022736594,-41.82572614107889,True,False,False,207,184,3,2,0,7474148537.6,-1.0,0,1,-0.019201547175024203,0
1768694400000,7.239e-07,7.265e-07,7.087e-07,7.1e-07,219484752384.0,2026-01-18,-0.0192015471750242,-0.0193882912637346,0.0192015471750242,0.0079863595131211,0.1525791842604335,0.0349159357520299,0.6670680159065927,0.0341900169881423,0.6531993573956216,0.042329829789094,0.8087102626036052,7.2422e-07,7.168769671037422e-07,7.0556e-07,7.095008195982716e-07,6.882799999999999e-07,6.970994826980342e-07,6.82582e-07,7.425097709074949e-07,9.03672e-07,9.379895206693584e-07,-0.0355881553925564,-3.558815539255645,0.0304789550072568,3.047895500725688,0.152410322999513,15.241032299951298,71.3033953997809,57.11538461538461,54.69639468690702,7.06264740295859e-07,6.96097202514973e-07,1.016753778088603e-08,4.2081537401662806e-09,5.9593840407197505e-09,0.8393498648901055,6.882799999999999e-07,3.6871478065581374e-08,7.620229561311626e-07,6.145370438688372e-07,0.2142818507908489,0.6472683028964002,4.115714285714286e-08,5.796780684104628,4.4228571428571445e-08,6.229376257545273,4.717619047619048e-08,6.644533869885984,362441055742.8,0.6055736482010293,-13732228620858.0,1.5654507070884875e-06,50.939987381637344,60.79041916167658,54.85240096349417,44.52113891285587,55.292187173312,-55.47886108714414,False,False,True,207,184,3,2,0,7474148537.6,-1.0,0,1,-0.027605633802816887,0
1768780800000,7.1e-07,7.193e-07,6.858e-07,6.904e-07,241510657560.0,2026-01-19,-0.0276056338028168,-0.0279938302661429,0.0276056338028168,0.0110391202155007,0.2109020955876947,0.0362290075847672,0.6921542180472864,0.0346638596447125,0.6622521086383489,0.0423274627871358,0.808665041094688,7.1518e-07,7.080513114024948e-07,7.0607e-07,7.060279433076768e-07,6.92525e-07,6.96461436726789e-07,6.809979999999999e-07,7.404661832012196e-07,8.966870000000001e-07,9.330584500267302e-07,-0.0614464382816748,-6.144643828167483,0.007441996206041,0.744199620604109,0.1402146985962016,14.021469859620153,0.0,45.76271186440678,50.09478672985782,7.038240110195729e-07,6.956751875128591e-07,8.148823506713792e-09,4.996287693475784e-09,3.152535813238008e-09,0.4566245384180198,6.92525e-07,3.1306782096966764e-08,7.551385641939335e-07,6.299114358060665e-07,0.1808268703481708,0.4830308334355618,4.151428571428573e-08,6.013077305081942,4.379285714285717e-08,6.343113722893564,4.607142857142858e-08,6.673150140705183,358501945842.6,0.6736662390837763,-13973739278418.0,1.5639420005799388e-06,49.85868712034075,12.001559239640825,48.04826325366148,27.610008628127662,43.43514046663487,-72.38999137187234,False,True,False,207,184,3,2,0,7474148537.6,-1.0,0,1,-0.07097334878331396,0
1768867200000,6.904e-07,6.905e-07,6.114e-07,6.414e-07,544986395979.0,2026-01-20,-0.0709733487833139,-0.0736178525101635,0.0709733487833139,0.0282229147060975,0.5391980283674032,0.0421053310425741,0.8044212200736227,0.0383167181606322,0.7320398725953967,0.0428669125292814,0.8189712139473946,6.979999999999999e-07,6.858342076016632e-07,7.0365e-07,6.942774081608264e-07,6.9341e-07,6.912174903718277e-07,6.792380000000001e-07,7.365811119527752e-07,8.87322e-07,9.27250352810307e-07,-0.1181080709473394,-11.810807094733947,-0.0363581730769231,-3.63581730769231,0.0283790283790283,2.837902837902848,0.0,32.448630136986296,47.78481012658228,6.942203170165618e-07,6.916548032437858e-07,2.5655137727760353e-09,4.510132909335835e-09,-1.9446191365597994e-09,-0.3031835261240722,6.9341e-07,2.9454155278359174e-08,7.523183105567183e-07,6.345016894432816e-07,0.1699090308957713,0.0585512510164128,4.111428571428573e-08,6.410085081740838,4.622857142857144e-08,7.207447993229099,4.8300000000000016e-08,7.53040224508887,370084066484.9,1.4726016203705874,-14518725674397.0,1.5603582631294832e-06,48.162400453814335,-137.482830911588,38.30103923748559,18.41620626151014,30.18245126749789,-81.58379373848986,False,True,False,207,184,3,2,0,7474148537.6,-1.0,0,1,0.026192703461178635,1
1768953600000,6.414e-07,6.9e-07,6.342e-07,6.582e-07,444244853990.0,2026-01-21,0.0261927034611786,0.0258555492501849,0.0261927034611786,0.0359040052389699,0.6859450569491647,0.0427292957175098,0.8163420484501318,0.0349279373107272,0.6672973053635569,0.0414833708944457,0.7925386881279957,6.8478e-07,6.766228050677755e-07,7.0184e-07,6.877178794043125e-07,6.928249999999999e-07,6.88072967479257e-07,6.76668e-07,7.335072494409766e-07,8.777929999999999e-07,9.218930744027488e-07,-0.091260527405771,-9.126052740577109,-0.0267632707378382,-2.6763270737838214,-0.0174652933273623,-1.746529332736234,16.358325219084705,39.98272884283247,54.01183431952663,6.886787297832445e-07,6.891766696651144e-07,-4.979398818699029e-10,3.508518351094687e-09,-4.00645823296459e-09,-0.6086992149748693,6.928249999999999e-07,3.005571799532205e-08,7.52936435990644e-07,6.327135640093558e-07,0.1735255973460661,0.2119932386460623,4.201428571428572e-08,6.383209619308071,4.497857142857144e-08,6.833572079697879,4.891904761904763e-08,7.432246675637744,360604851175.45,1.2319436428598003,-14074480820407.0,1.5574990859993753e-06,47.09028884443864,-96.608286652958,35.73902835702937,28.78228782287823,24.936167570838677,-71.21771217712177,False,False,True,207,184,3,2,0,7474148537.6,-1.0,0,1,-0.048313582497721,0
1769040000000,6.582e-07,6.64e-07,6.057e-07,6.264e-07,326249352958.0,2026-01-22,-0.048313582497721,-0.0495196918326461,0.048313582497721,0.0363103490782623,0.6937082450984879,0.0452000782334169,0.863546282136666,0.0361122490895903,0.6899235501290311,0.0419118824270034,0.800725389462493,6.6528e-07,6.598818700451837e-07,6.9737e-07,6.765691740580738e-07,6.915350000000001e-07,6.82199351528825e-07,6.737819999999999e-07,7.29306842503483e-07,8.683969999999999e-07,9.160099197765732e-07,-0.1346871114794859,-13.4687111479486,-0.0666070630308448,-6.660706303084483,-0.0395584176632933,-3.955841766329336,12.775665399239545,37.36884584342212,51.15444967496078,6.790973867396684e-07,6.845265459774295e-07,-5.4291592377610725e-09,1.720982833323535e-09,-7.150142071084607e-09,-1.1414658478742985,6.915350000000001e-07,3.2356716946914575e-08,7.562484338938292e-07,6.26821566106171e-07,0.1871588101652963,-0.0032571761441571,4.5571428571428585e-08,7.275132275132276,4.6064285714285735e-08,7.353813172778692,4.690952380952381e-08,7.488749011737516,349925372321.1,0.9323398037528576,-14400730173365.0,1.5553438897709643e-06,46.54072992376856,-164.821021584663,37.05416910773189,12.299465240641752,19.83265310834337,-87.70053475935825,False,True,False,207,184,3,2,0,7474148537.6,-1.0,0,1,0.03799489144316737,1
1769126400000,6.264e-07,6.6e-07,6.226e-07,6.502e-07,343662053290.0,2026-01-23,0.0379948914431673,0.0372908631932116,0.0379948914431673,0.0471570158641372,0.9009335230758316,0.0322638688577431,0.6164003490341494,0.0371706080948994,0.7101434705344978,0.0423158370421161,0.808442931547953,6.533200000000001e-07,6.566545800301225e-07,6.8877e-07,6.717747787747877e-07,6.9135e-07,6.79151794240353e-07,6.71446e-07,7.262045263549179e-07,8.597469999999999e-07,9.107183150432784e-07,-0.084225352112676,-8.422535211267597,-0.1168160825862537,-11.681608258625372,-0.0056583575470254,-0.5658357547025478,26.21045836023241,43.44904815229563,54.866100587851086,6.746516349335655e-07,6.819838388635411e-07,-7.3322039299756295e-09,-8.965451933629829e-11,-7.24254941063933e-09,-1.1138956337495125,6.9135e-07,3.2592935947656076e-08,7.565358718953121e-07,6.261641281046878e-07,0.1885756039496988,0.1843641206020347,4.451428571428573e-08,6.846245111394299,4.6392857142857164e-08,7.135167201300701,4.5861904761904766e-08,7.053507345725126,351054780219.45,0.978941386512872,-14057068120075.0,1.5531144305615183e-06,46.27674615142451,-129.17079616782323,43.70007490935031,26.440879382055883,22.507544148525284,-73.55912061794412,False,False,True,207,184,3,2,0,7474148537.6,-1.0,0,1,-0.06628729621654883,0
1769212800000,6.502e-07,6.588e-07,5.876e-07,6.071e-07,485610226850.0,2026-01-24,-0.0662872962165488,-0.0685864857334166,0.0662872962165488,0.0523167055224731,0.9995092555873044,0.0361773695765656,0.6911676752858077,0.0387369646706333,0.7400686708956622,0.0431756241831118,0.8248691418124927,6.3666e-07,6.401363866867482e-07,6.759200000000001e-07,6.600157280884627e-07,6.87685e-07,6.722897185983892e-07,6.68606e-07,7.215336347193371e-07,8.51219e-07,9.046746781508274e-07,-0.1206546929316338,-12.065469293163384,-0.1746873300706906,-17.468733007069062,-0.1077307466196355,-10.773074661963552,22.05323193916348,39.9588053553038,48.2858323007022,6.64259075713017e-07,6.764368878276253e-07,-1.2177812114608269e-08,-2.507286038390693e-09,-9.670526076217577e-09,-1.5929049705514045,6.87685e-07,3.762222572396346e-08,7.629294514479269e-07,6.124405485520731e-07,0.2188340634096335,-0.0354879891427544,5.0442857142857163e-08,8.308821799185829,4.7642857142857165e-08,7.847612772666308,4.8128571428571446e-08,7.927618420123776,360589838936.2,1.346710789972981,-14542678346925.0,1.5498915543375134e-06,45.871152884495096,-169.25766446480742,43.043291951553655,10.46137339055793,16.400572671085182,-89.53862660944208,False,True,False,207,184,3,2,0,7474148537.6,-1.0,0,1,-0.030472739252182524,0
1769299200000,6.071e-07,6.212e-07,5.78e-07,5.886e-07,386629443727.0,2026-01-25,-0.0304727392521825,-0.0309466863370159,0.0304727392521825,0.0460379068703679,0.8795529757704789,0.0362658501816859,0.692858094873099,0.0376410271390268,0.7191308137533444,0.0432131637729358,0.8255863346690647,6.261e-07,6.229575911244988e-07,6.620500000000001e-07,6.470310502541967e-07,6.817449999999999e-07,6.643192692080396e-07,6.65806e-07,7.163204160014914e-07,8.42593e-07,8.983837431199277e-07,-0.0823199251637044,-8.231992516370447,-0.1907053485494294,-19.070534854942945,-0.1679389312977099,-16.793893129771,22.185792349726768,35.339351387495824,41.09529025191675,6.526192179110144e-07,6.699304516824851e-07,-1.7311233771470743e-08,-5.4680755850067036e-09,-1.1843158186464036e-08,-2.012089396273197,6.817449999999999e-07,4.3296219295303035e-08,7.68337438590606e-07,5.951525614093939e-07,0.2540317526072242,-0.0378356442897589,5.40714285714286e-08,9.18644725984176,4.761428571428573e-08,8.089413135284698,4.7509523809523824e-08,8.071614646538196,359165533943.7,1.076465883242586,-14929307790652.0,1.5472815089503617e-06,44.54419810785141,-182.0520451692135,36.81484634498977,5.408163265306096,14.103472012639964,-94.5918367346939,False,True,False,207,184,3,2,0,7474148537.6,-1.0,0,1,0.031090723751274307,1
1769385600000,5.886e-07,6.173e-07,5.886e-07,6.069e-07,223072892713.0,2026-01-26,0.0310907237512743,0.0306171970424371,0.0310907237512743,0.0472022385515146,0.9017975013050578,0.0395736790157455,0.7560540760137863,0.0380548925221317,0.7270377007954364,0.0434378708626059,0.8298793575893405,6.1584e-07,6.176050607496659e-07,6.5031e-07,6.397344956625246e-07,6.759200000000001e-07,6.588507673786859e-07,6.632019999999999e-07,7.120293125294137e-07,8.344359999999999e-07,8.925828371591477e-07,-0.0779398359161349,-7.793983591613498,-0.1620875327902803,-16.20875327902803,-0.1610450649709705,-16.104506497097052,38.67367038739329,39.71812940422805,45.04484795449573,6.455854920785506e-07,6.652615293291492e-07,-1.9676037250598614e-08,-8.309667918125087e-09,-1.1366369332473529e-08,-1.8728570328676104,6.759200000000001e-07,4.519240271507717e-08,7.663048054301544e-07,5.855351945698458e-07,0.2674423169314543,0.1181880368524111,5.338571428571431e-08,8.796459760374741,4.7450000000000025e-08,7.818421486241559,4.6990476190476215e-08,7.742704925107301,349273415491.5,0.6386769871938014,-14706234897939.0,1.5457952171807367e-06,42.9737410967896,-141.196687722479,41.55885922146064,14.744897959183644,10.20481153834922,-85.25510204081635,False,False,True,207,184,3,2,0,7474148537.6,-1.0,0,1,0.014170374031965638,1
1769472000000,6.069e-07,6.223e-07,5.922e-07,6.155e-07,286099550149.0,2026-01-27,0.0141703740319656,0.0140709127826986,0.0141703740319656,0.0444330001339403,0.8488912756233865,0.0405086563183276,0.7739167922984233,0.0381185596399106,0.7282540593727036,0.0435042631463717,0.8311477803896834,6.1366e-07,6.169033738331106e-07,6.3947e-07,6.353282237238838e-07,6.71465e-07,6.547221228664188e-07,6.60844e-07,7.082437587989506e-07,8.26027e-07,8.870690756110252e-07,-0.0174010217113667,-1.7401021711366662,-0.1497444398397568,-14.974443983975686,-0.1264547260857224,-12.64547260857224,35.183900069396245,26.39812280015643,45.862068965517246,6.409569548356967e-07,6.615754901148418e-07,-2.0618535279145073e-08,-1.0771441390329083e-08,-9.847093888815984e-09,-1.5998527845354973,6.71465e-07,4.658653831994179e-08,7.646380766398836e-07,5.782919233601164e-07,0.2775217670016563,0.1996718257125593,4.6385714285714296e-08,7.536265521643264,4.375000000000001e-08,7.1080422420796125,4.62809523809524e-08,7.519244903485362,334196975896.1,0.8560806074976178,-14420135347790.0,1.5439074008548336e-06,42.47222913093916,-113.04573339772138,39.91425777061578,19.132653061224467,13.095238095238065,-80.86734693877553,True,False,False,207,184,3,2,0,7474148537.6,-1.0,0,1,-0.01640942323314376,0
1769558400000,6.155e-07,6.306e-07,5.98e-07,6.054e-07,306235710173.0,2026-01-28,-0.0164094232331437,-0.0165455490368899,0.0164094232331437,0.0382000855860597,0.7298116103869112,0.0404887044612211,0.7735356126036221,0.0380126529217457,0.7262307143631581,0.0435435488139422,0.8318983320147613,6.046999999999999e-07,6.130689158887404e-07,6.2901e-07,6.298867285013594e-07,6.67285e-07,6.500247778315101e-07,6.5839e-07,7.042105775859503e-07,8.178209999999999e-07,8.814645965807623e-07,-0.0689018763457398,-6.89018763457399,-0.1473239436619718,-14.732394366197187,-0.1213352685050799,-12.133526850507987,41.42156862745095,25.45248868778279,41.62198391420912,6.354866540917433e-07,6.574143426939722e-07,-2.19276886022289e-08,-1.3002690832709052e-08,-8.924997769519848e-09,-1.4742315443541212,6.67285e-07,4.8635846375234494e-08,7.645566927504689e-07,5.70013307249531e-07,0.2915446705694538,0.1818961495881769,4.307142857142858e-08,7.114540563499931,4.254285714285715e-08,7.027231110481856,4.434285714285716e-08,7.3245551937326,326303305863.7,0.938500176583922,-14726371057963.0,1.5418980113129676e-06,43.00572661051792,-96.75542826287244,37.26862603649059,16.56590084643285,16.81448395561365,-83.43409915356716,True,False,False,207,184,3,2,0,7474148537.6,-1.0,0,1,-0.055170135447637825,0
1769644800000,6.054e-07,6.08e-07,5.372e-07,5.72e-07,734843221330.0,2026-01-29,-0.0551701354476378,-0.0567504052078202,0.0551701354476378,0.0345108148787496,0.6593281924901239,0.0423338491707921,0.8087870527831251,0.0395839597894669,0.7562504899199466,0.0440066398301459,0.8407456734567058,5.9768e-07,5.993792772591602e-07,6.1717e-07,6.193618687738395e-07,6.6162e-07,6.425938466094448e-07,6.55706e-07,6.990257346395131e-07,8.09943e-07,8.753076466950009e-07,-0.0578158458244111,-5.781584582441112,-0.171494785631518,-17.149478563151796,-0.1653290529695025,-16.532905296950247,20.378787878787875,23.25180847399241,35.08810572687224,6.257194765391674e-07,6.510873543392942e-07,-2.5367877800126747e-08,-1.547572822619259e-08,-9.892149573934156e-09,-1.729396778659818,6.6162e-07,5.2843518748168617e-08,7.673070374963372e-07,5.559329625036627e-07,0.3194795728555281,0.0760123373544939,4.4857142857142876e-08,7.842157842157844,4.521428571428573e-08,7.9045954045954065,4.566190476190477e-08,7.982850482850484,349454482419.4,2.102829576665934,-15461214279293.0,1.536911154284846e-06,44.90553920736869,-138.28591632887566,34.988238651934694,17.505030181086504,17.73452802958127,-82.4949698189135,False,True,False,207,184,3,2,0,7474148537.6,-1.0,0,1,-0.03374125874125866,0
1769731200000,5.72e-07,5.72e-07,5.36e-07,5.527e-07,522557708168.0,2026-01-30,-0.0337412587412586,-0.0343236325405805,0.0337412587412586,0.034991013762698,0.668502379286405,0.0386132003105615,0.7377041561165254,0.0397355064760202,0.7591457853012388,0.0440905123703026,0.8423480560864801,5.904999999999999e-07,5.838195181727735e-07,6.083e-07,6.072415289967779e-07,6.55975e-07,6.340325278847183e-07,6.530179999999999e-07,6.932873488731774e-07,8.0246e-07,8.688898095156516e-07,-0.0609921848453958,-6.099218484539577,-0.1382912379170564,-13.82912379170564,-0.1696213942307692,-16.962139423076923,24.86136783733828,22.01565557729941,31.33610321452001,6.144857109177571e-07,6.437994021585724e-07,-2.9313691240815372e-08,-1.8243320829117148e-08,-1.107037041169822e-08,-2.0029618982627504,6.55975e-07,5.81589100292751e-08,7.722928200585502e-07,5.396571799414498e-07,0.3546410154611081,0.0560654423027569,4.465714285714285e-08,8.0798159683631,4.458571428571429e-08,8.066892398356122,4.581428571428572e-08,8.289177802476157,357003037460.25,1.4637346278214327,-15983771987461.0,1.5333273887737083e-06,47.63620846210084,-142.84142105444155,34.25114604716332,8.349999999999993,14.140310342506444,-91.65,False,True,False,207,184,3,2,0,7474148537.6,-1.0,0,1,-0.06730595259634531,0
1769817600000,5.527e-07,5.8e-07,4.88e-07,5.155e-07,801265594615.0,2026-01-31,-0.0673059525963453,-0.0696780553822027,0.0673059525963453,0.032251707035853,0.6161679977531858,0.0390910608024377,0.7468336679949952,0.0413616471142309,0.7902131585722878,0.0447218689272378,0.8544101061702981,5.7222e-07,5.610463454485157e-07,5.940299999999999e-07,5.905612509973637e-07,6.47935e-07,6.227437157052006e-07,6.501320000000001e-07,6.863151539515878e-07,7.94493e-07,8.618602476349693e-07,-0.1506014170374031,-15.060141703740316,-0.2168034032209055,-21.680340322090554,-0.2377643057814579,-23.7764305781458,21.197793538219077,19.656377402446125,30.12402774858104,5.99257140007333e-07,6.342957427304349e-07,-3.50386027231019e-08,-2.1602377207914105e-08,-1.34362255151878e-08,-2.606445298775519,6.47935e-07,6.581233507004801e-08,7.79559670140096e-07,5.16310329859904e-07,0.4062897362855719,-0.0030781838201056,4.7628571428571415e-08,9.239296106415406,4.9035714285714296e-08,9.51226271303866,4.763809523809526e-08,9.24114359613875,383925162023.95,2.0870358962432776,-16785037582076.0,1.5277396582903304e-06,50.58810066538062,-153.53913471829645,28.415805360976293,11.530398322851134,12.46180950131254,-88.46960167714887,True,True,False,207,184,3,2,0,7474148537.6,-1.0,0,1,-0.08011639185257025,0
1769904000000,5.155e-07,5.176e-07,4.69e-07,4.742e-07,509694386011.0,2026-02-01,-0.0801163918525702,-0.0835081298257094,0.0801163918525702,0.0256144094284356,0.4893626050120196,0.0424854136142408,0.811682687409426,0.0439893437779909,0.8404152328442585,0.045968126253315,0.8782198189535815,5.4396e-07,5.320975636323438e-07,5.7881e-07,5.694046599069339e-07,6.3809e-07,6.085966951618245e-07,6.466499999999999e-07,6.77996749818061e-07,7.854529999999999e-07,8.54149677429724e-07,-0.2295694557270511,-22.95694557270512,-0.2429757343550447,-24.29757343550448,-0.2933988973327373,-29.339889733273733,5.7371581054036085,18.203883495145632,28.579976067012367,5.800175800062048e-07,6.224367988140964e-07,-4.2419218807891615e-08,-2.5765745527909614e-08,-1.6653473279981998e-08,-3.5119091691231543,6.3809e-07,7.608954489356028e-08,7.902690897871206e-07,4.859109102128795e-07,0.4769831521795376,-0.038477396037989,4.8399999999999997e-08,10.206663854913536,5.1235714285714296e-08,10.804663493402424,4.787619047619049e-08,10.096202124882009,396143591443.7,1.2866404935480014,-17294731968087.0,1.5240733692770954e-06,54.34205717240702,-173.28809725756284,27.705648591288224,2.0775069916100755,7.319301771487062,-97.92249300838992,False,True,False,207,184,3,2,0,7474148537.6,-1.0,0,1,0.1765078026149305,1
1769990400000,4.742e-07,5.918e-07,4.509e-07,5.579e-07,1437577183421.0,2026-02-02,0.1765078026149305,0.1625505612201776,0.1765078026149305,0.1067357950090781,2.0391845004119373,0.0755819191041735,1.4439905369656998,0.0565621925228159,1.0806191708417248,0.0523910795135439,1.0009301686915952,5.3446e-07,5.406983757548959e-07,5.6958e-07,5.673129035602187e-07,6.29175e-07,6.037684384797387e-07,6.45348e-07,6.732869847930779e-07,7.77218e-07,8.482577840469706e-07,-0.0784605219689461,-7.846052196894611,-0.1419563211319594,-14.195632113195948,-0.2421896223852214,-24.218962238522145,37.2,34.7666130144861,39.0436876504988,5.766148753898656e-07,6.176562951943629e-07,-4.1041419804497296e-08,-2.8820880383227148e-08,-1.2220539421270148e-08,-2.190453382554248,6.29175e-07,7.441635272327887e-08,7.780077054465577e-07,4.803422945534423e-07,0.473104320567593,0.2605533011506225,6.442857142857141e-08,11.548408572964943,5.8907142857142866e-08,10.558727882621053,5.310952380952381e-08,9.519541819237109,449726043927.0,3.196562002209392,-15857154784666.0,1.5143289355654424e-06,56.40341670027973,-108.9076850068391,41.85507878620122,44.657762938230384,19.421889417563857,-55.342237061769616,True,True,False,207,184,3,2,0,7474148537.6,-1.0,0,1,-0.05269761606022583,0
1770076800000,5.579e-07,5.665e-07,5.072e-07,5.285e-07,480603149459.0,2026-02-03,-0.0526976160602258,-0.0541369295411903,0.0526976160602258,0.1064910328176163,2.034508325309916,0.0746289914364305,1.4257848794361907,0.0571929619954758,1.0926700046962114,0.0525803475952486,1.004546130315362,5.2576e-07,5.366322505032638e-07,5.6172e-07,5.602560120038153e-07,6.1882e-07,5.966000157673729e-07,6.439840000000001e-07,6.676089612393197e-07,7.681659999999999e-07,8.41898903810104e-07,-0.076048951048951,-7.604895104895102,-0.1294679624444078,-12.94679624444078,-0.2815388798259923,-28.15388798259924,34.26115431846091,36.4074163255478,38.402977499577055,5.692125868683478e-07,6.110521251750096e-07,-4.1839538306661854e-08,-3.1424611967914095e-08,-1.0414926338747761e-08,-1.9706577745974947,6.1882e-07,7.322737911898434e-08,7.652747582379686e-07,4.7236524176203137e-07,0.4733355684624564,0.1916453890380176,6.859999999999999e-08,12.980132450331125,5.749285714285714e-08,10.87849709420192,5.203333333333334e-08,9.845474613686536,452404671776.55,1.0623302088630455,-16337757934125.0,1.5111155981767496e-06,58.40865468262695,-99.69964430044789,49.00689160569895,32.455039732329574,26.396769887390008,-67.54496026767043,False,False,True,207,184,3,2,0,7474148537.6,-1.0,0,1,-0.04654683065279097,0
1770163200000,5.285e-07,5.535e-07,4.972e-07,5.039e-07,479806930535.0,2026-02-04,-0.0465468306527909,-0.0476649696237399,0.0465468306527909,0.1073113709373222,2.050180863080952,0.0752555682912888,1.4377556134400469,0.0576171004084841,1.1007731576990287,0.0529515231221654,1.0116374288001533,5.16e-07,5.257215003355092e-07,5.5325e-07,5.500094643667579e-07,6.076499999999999e-07,5.87771442837136e-07,6.420320000000001e-07,6.611888905359604e-07,7.5947e-07,8.35177838993348e-07,-0.0882938302876787,-8.829383028767879,-0.1439007815154604,-14.390078151546042,-0.3071634813694487,-30.71634813694487,35.54140127388534,31.76554006145119,35.75206611570248,5.591644965809096e-07,6.031149307120865e-07,-4.395043413117682e-08,-3.3929776400566634e-08,-1.0020657730610188e-08,-1.988620307721808,6.076499999999999e-07,7.284664858818289e-08,7.533432971763657e-07,4.6195670282363413e-07,0.4795303124376394,0.1439438120670448,7.198571428571427e-08,14.285714285714285,5.752857142857144e-08,11.41666430414198,5.235714285714288e-08,10.39038357950841,460779801325.6,1.0412933230898178,-16817564864660.0,1.5078767743658757e-06,59.349497299037,-108.57626684782072,42.39662628338113,24.87095260441105,33.994585091656994,-75.12904739558894,False,True,False,207,184,3,2,0,7474148537.6,-1.0,0,1,-0.10021829728120646,0
1770249600000,5.039e-07,5.079e-07,4.503e-07,4.534e-07,842308880762.0,2026-02-05,-0.1002182972812064,-0.1056030976131236,0.1002182972812064,0.1122900863531393,2.145299087543821,0.0781051249686532,1.492196317320434,0.0604520489481659,1.154934773500859,0.0543901347294868,1.0391220649666142,5.0358e-07,5.016143335570061e-07,5.379e-07,5.324441072091656e-07,5.94105e-07,5.749741625669182e-07,6.39632e-07,6.530401706954043e-07,7.507880000000001e-07,8.275868648967228e-07,-0.1204655674102812,-12.04655674102812,-0.2529246992914812,-25.29246992914812,-0.3740162915918817,-37.401629159188175,31.38357705286839,30.421004979628776,33.26157158234662,5.42893035568462e-07,5.920249358373895e-07,-4.9131900268927535e-08,-3.6970201174238814e-08,-1.216169909468872e-08,-2.68233328069888,5.94105e-07,7.51638734261677e-08,7.444327468523354e-07,4.437772531476646e-07,0.5060645739468121,0.0320058906416914,7.01e-08,15.460961623290691,5.747857142857144e-08,12.677232339781966,5.3509523809523825e-08,11.801835864473713,487442056166.65,1.7280184795421627,-17659873745422.0,1.5019703781344937e-06,60.60179403060117,-144.4395281909321,40.52110555898049,1.4783023366714454,19.60143155780402,-98.52169766332857,False,True,False,207,184,3,2,0,7474148537.6,-1.0,0,1,0.1918835465372739,1
1770336000000,4.534e-07,5.5e-07,4.397e-07,5.404e-07,757390761464.0,2026-02-06,0.1918835465372739,0.1755348680126151,0.1918835465372739,0.1389732693539876,2.6550805829864457,0.1041683350117836,1.9901332460369148,0.0770065219244415,1.471207535631298,0.0608248728421415,1.1620575639940915,5.1682e-07,5.145428890380041e-07,5.3039e-07,5.338906331711354e-07,5.8493e-07,5.716813851795893e-07,6.39328e-07,6.486228383196682e-07,7.427780000000001e-07,8.218771281561095e-07,0.1396035428089415,13.96035428089415,-0.1220146222583264,-12.201462225832644,-0.2534880508357506,-25.348805083575076,53.93364928909954,39.12871287128712,35.43588217792323,5.425094916348525e-07,5.882008665138233e-07,-4.569137487897084e-08,-3.8714435915185226e-08,-6.976938963785623e-09,-1.2910693863407887,5.8493e-07,6.947033520638954e-08,7.23870670412779e-07,4.4598932958722093e-07,0.4750676847239125,0.3397517448717294,8.071428571428572e-08,14.936026223961088,6.268571428571429e-08,11.599873109865708,5.6628571428571437e-08,10.479010256952522,518691685276.9,1.4601945297420222,-16902482983958.0,1.4969177778718108e-06,60.66589066892641,-89.03995717809832,42.718583770570085,45.96074851665907,24.10333448591385,-54.03925148334093,True,True,False,207,184,3,2,0,7474148537.6,-1.0,0,1,-0.021650629163582624,0
1770422400000,5.404e-07,5.5e-07,5.039e-07,5.287e-07,377851676711.0,2026-02-07,-0.0216506291635826,-0.0218884428446393,0.0216506291635826,0.1141320747141691,2.180490225769115,0.1042263849353248,1.9912422882689524,0.0770207549821592,1.4714794578171868,0.0566278625631339,1.08187379520037,5.1098e-07,5.19261926025336e-07,5.2272e-07,5.329468816854744e-07,5.758650000000001e-07,5.675879199243865e-07,6.37054e-07,6.439199095141039e-07,7.355609999999999e-07,8.16048759449706e-07,-0.0523391288761426,-5.233912887614263,-0.1266930954740666,-12.669309547406666,-0.2553521126760563,-25.53521126760563,59.49808295573371,41.722972972972975,34.86023708473584,5.403849544602598e-07,5.837933949177756e-07,-4.340844045751584e-08,-3.965323682365135e-08,-3.755203633864491e-09,-0.7102711620700758,5.758650000000001e-07,6.389639867130084e-08,7.036577973426018e-07,4.480722026573984e-07,0.4438290131978908,0.3154629956430381,7.41571428571429e-08,14.026317922667465,6.089285714285716e-08,11.517468723823937,5.7409523809523826e-08,10.85861997532132,526610031493.25,0.7175170507853177,-17280334660669.0,1.4944606598624114e-06,59.14874028148929,-61.679379958949845,48.27414820504291,46.6212676794133,31.3534395109146,-53.3787323205867,False,False,False,207,184,3,2,0,7474148537.6,-1.0,0,1,0.013807452241346718,1
1770508800000,5.287e-07,5.53e-07,5.205e-07,5.36e-07,227876462570.0,2026-02-08,0.0138074522413467,0.0137129978293974,0.0138074522413467,0.1111430572928265,2.123385128116124,0.1031007788079836,1.9697376134009972,0.0771352549191817,1.4736669760424872,0.0564743640145271,1.0789412095469055,5.1248e-07,5.248412840168907e-07,5.191200000000001e-07,5.335019941062972e-07,5.68145e-07,5.64579546598252e-07,6.35376e-07,6.396876936005784e-07,7.290400000000001e-07,8.104818175166909e-07,0.0141911069063387,1.419110690633876,-0.0629370629370628,-6.293706293706286,-0.2236384704519118,-22.363847045191186,44.79809976247032,44.31228373702423,35.981239923787186,5.397103460817583e-07,5.802531434405767e-07,-4.05427973588184e-08,-3.983114893068477e-08,-7.116484281336372e-10,-0.1327702291294099,5.68145e-07,5.8422791830475606e-08,6.849905836609512e-07,4.512994163390488e-07,0.4113231082239611,0.3624466625402183,7.185714285714287e-08,13.40618336886994,6.012857142857143e-08,11.218017057569297,5.810952380952383e-08,10.841329068941011,525928321743.75,0.4332842578518315,-17052458198099.0,1.4929985083389771e-06,57.239565325991485,-44.45112514057305,52.37526250471955,50.44525929806182,47.67575849804473,-49.55474070193818,True,False,False,207,184,3,2,0,7474148537.6,-1.0,0,1,-0.03563432835820901,0
1770595200000,5.36e-07,5.467e-07,5.101e-07,5.169e-07,301357071541.0,2026-02-09,-0.035634328358209,-0.0362847288688084,0.035634328358209,0.1099179144246868,2.099978806485333,0.1031672363396008,1.9710072827597904,0.0760601796328442,1.453127691536395,0.0566068761436003,1.0814728502181508,5.1508e-07,5.221941893445937e-07,5.1554e-07,5.304834497233341e-07,5.6192e-07,5.600386373984151e-07,6.33092e-07,6.348724214997327e-07,7.22548e-07,8.046463054226435e-07,0.0257987695971424,2.579876959714234,-0.0647729328749774,-6.477293287497746,-0.1941066417212348,-19.41066417212349,47.102897102897096,40.284974093264246,35.151775486827034,5.362010620691801e-07,5.755603179983147e-07,-3.935925592913458e-08,-3.973677033037473e-08,3.775144012401514e-10,0.073034320224444,5.6192e-07,5.681733056590669e-08,6.755546611318134e-07,4.482853388681866e-07,0.4044513850078779,0.3019090321931882,5.6957142857142885e-08,11.01898681701352,6.069285714285716e-08,11.74170190420916,5.825714285714288e-08,11.270486139899957,513746855521.85,0.586586697907649,-17353815269640.0,1.4910476759863394e-06,55.52267116369108,-54.63524994023368,48.93874740426172,40.44002095337871,45.83551597695128,-59.559979046621294,False,True,False,207,184,3,2,0,7474148537.6,-1.0,0,1,-0.05029986457728752,0
1770681600000,5.169e-07,5.195e-07,4.855e-07,4.909e-07,298524313524.0,2026-02-10,-0.0502998645772875,-0.0516089911379866,0.0502998645772875,0.099188719451605,1.8949978243401655,0.1021094735445977,1.9507987529362267,0.0761657253798402,1.4551441402014416,0.0550841966373022,1.0523820990968995,5.2258e-07,5.117627928963958e-07,5.1308e-07,5.232864588645461e-07,5.53555e-07,5.534540052652282e-07,6.290459999999999e-07,6.292263670959975e-07,7.15658e-07,7.984104522645938e-07,0.0827084252315835,8.270842523158361,-0.047720659553831,-4.772065955383113,-0.2541780613795198,-25.417806137951988,46.77579365079367,37.037037037037045,33.90883977900553,5.292316679046908e-07,5.692891833290269e-07,-4.005751542433607e-08,-3.9800919349167e-08,-2.5659607516906916e-10,-0.0522705388407148,5.53555e-07,5.414916508083308e-08,6.618533301616662e-07,4.4525666983833386e-07,0.3912829986601734,0.2107296118671935,5.3342857142857156e-08,10.866338794633764,6.097142857142857e-08,12.420335826324823,5.6109523809523815e-08,11.429929478411855,506460828498.55,0.589432186510856,-17652339583164.0,1.4890712685631126e-06,52.38196147195249,-85.37256668167934,45.12943732600503,26.820324777370363,39.23520167627029,-73.17967522262964,False,True,False,207,184,3,2,0,7474148537.6,-1.0,0,1,0.018333672845793236,1
1770768000000,4.909e-07,5.394e-07,4.841e-07,4.999e-07,464657756054.0,2026-02-11,0.0183336728457932,0.0181676373555176,0.0183336728457932,0.0302367759973715,0.5776727943144422,0.098253137398246,1.8771235543081592,0.0759496246415194,1.451015541392823,0.0551211466266397,1.053088027651992,5.1448e-07,5.078085285975971e-07,5.1565e-07,5.190343754346287e-07,5.472299999999999e-07,5.483536238113938e-07,6.25508e-07,6.241546783247824e-07,7.10318e-07,7.924778546910941e-07,-0.0749444855662473,-7.494448556624736,0.0541965415436525,5.419654154365241,-0.201947637292465,-20.1947637292465,64.52217364147405,38.99895724713243,35.39146154915868,5.247191036116615e-07,5.641492438210891e-07,-3.943014020942758e-08,-3.9726763521219126e-08,2.96623311791539e-10,0.0593365296642406,5.472299999999999e-07,5.255716787214466e-08,6.523443357442892e-07,4.421156642557106e-07,0.3841687617429209,0.2748642006588939,5.320000000000001e-08,10.64212842568514,6.259285714285714e-08,12.521075643700168,5.6085714285714296e-08,11.219386734489758,513381248653.35,0.905092964094118,-17187681827110.0,1.4860389009067372e-06,47.86535894090954,-66.60084973405668,45.75134143209766,35.769459298871034,34.343268343206695,-64.23054070112897,True,True,False,207,184,3,2,0,7474148537.6,-1.0,0,1,-0.040208041608321476,0
1770854400000,4.999e-07,5.239e-07,4.7e-07,4.798e-07,501552816150.0,2026-02-12,-0.0402080416083214,-0.0410387280139302,0.0402080416083214,0.0323113599435516,0.6173076649545501,0.079372644145528,1.5164122371928457,0.0754337639815487,1.4411600373222808,0.0552677370198202,1.055888633181351,5.047e-07,4.984723523983981e-07,5.078400000000001e-07,5.119008526283326e-07,5.3871e-07,5.418247072579242e-07,6.213559999999998e-07,6.184936391961756e-07,7.04831e-07,7.862641416496332e-07,-0.0924910156988839,-9.2491015698884,-0.1399892453844774,-13.99892453844774,-0.2620732082436173,-26.20732082436173,17.48927038626607,40.11154011154012,35.366870483602,5.178084722867905e-07,5.579011516838481e-07,-4.009267939705756e-08,-3.9799946696386816e-08,-2.9273270067075136e-10,-0.0610114007233746,5.3871e-07,4.865292656317661e-08,6.360158531263532e-07,4.4140414687364685e-07,0.3612550467834391,0.1972946739210829,5.2671428571428576e-08,10.977788364199368,6.138571428571428e-08,12.794021318406475,5.5876190476190486e-08,11.645725401456955,521275786796.35,0.9621640384112924,-17689234643260.0,1.4827316417097148e-06,42.35207131581278,-89.87515193661602,47.68337836997851,26.36423405654178,29.651339377594383,-73.63576594345822,False,True,False,207,184,3,2,0,7474148537.6,-1.0,0,1,0.037724051688203364,1
1770940800000,4.798e-07,5.12e-07,4.725e-07,4.979e-07,248090367141.0,2026-02-13,0.0377240516882033,0.0370299032425427,0.0377240516882033,0.0393491685780592,0.751764810124384,0.0794125351405463,1.5171743535825746,0.0751186100173488,1.4351390292903914,0.0555347901241724,1.0609906755761789,4.9708e-07,4.982815682655987e-07,5.0478e-07,5.093552430595448e-07,5.3325e-07,5.376414018047864e-07,6.17906e-07,6.137644196056657e-07,6.98804e-07,7.805340091082313e-07,-0.0710820895522388,-7.108208955223881,-0.0578997161778618,-5.789971617786181,-0.1798715203426123,-17.987152034261232,34.53815261044176,44.107526881720425,39.58182082183825,5.14745630396515e-07,5.53456621927944e-07,-3.8710991531429e-08,-3.958215566339525e-08,8.711641319662519e-10,0.1749676906941658,5.3325e-07,4.666062805546325e-08,6.265712561109266e-07,4.399287438890736e-07,0.3500093993846282,0.3106004919287564,4.255714285714286e-08,8.547327346282959,6.163571428571429e-08,12.379135225088229,5.5976190476190493e-08,11.242456412169208,509399793810.9,0.4870248676093818,-17441144276119.0,1.4811086005857309e-06,36.88114549430525,-82.0202842306732,52.78676954060847,38.26429980276136,33.46599771939139,-61.73570019723864,False,False,True,207,184,3,2,0,7474148537.6,-1.0,0,1,0.004418557943361989,1
1771027200000,4.979e-07,5.07e-07,4.94e-07,5.001e-07,249433419490.0,2026-02-14,0.0044185579433619,0.0044088247767208,0.0044185579433619,0.0378983330505737,0.7240466362911004,0.0779492378881042,1.489218098828287,0.0749582735511302,1.4320758054043845,0.0553452533504629,1.05736958059887,4.9372e-07,4.988877121770658e-07,5.044e-07,5.076724715941731e-07,5.288250000000001e-07,5.340660302043289e-07,6.14116e-07,6.093069395242097e-07,6.942209999999999e-07,7.749618430998611e-07,-0.032501450957632,-3.2501450957632025,-0.0075411788053184,-0.7541178805318453,-0.1503567787971457,-15.035677879714571,31.005291005290943,48.2093023255814,38.27325322652425,5.124924564893589e-07,5.49504279561639e-07,-3.7011823072280115e-08,-3.906808914517223e-08,2.056266072892122e-09,0.411170980382348,5.288250000000001e-07,4.531222531681565e-08,6.194494506336313e-07,4.382005493663688e-07,0.3427389046797381,0.3415162806551676,3.7828571428571434e-08,7.5642014454252,5.5992857142857164e-08,11.196332162139004,5.3204761904761914e-08,10.638824616029176,502539992599.05,0.4963454116357456,-17191710856629.0,1.479492408899359e-06,30.76911527047684,-65.11681205506146,60.493701080238665,39.710716633793545,34.77975016436556,-60.28928336620645,False,False,True,207,184,3,2,0,7474148537.6,-1.0,0,1,-0.010197960407918316,0
1771113600000,5.001e-07,5.089e-07,4.779e-07,4.95e-07,298600090852.0,2026-02-15,-0.0101979604079183,-0.0102503158561676,0.0101979604079183,0.0294921777206877,0.5634472642125883,0.0696082644797372,1.3298640256118603,0.0744614165516952,1.4225833657585945,0.0551004824262724,1.0526932386583026,4.9454e-07,4.975918081180438e-07,5.0856e-07,5.053683858497779e-07,5.2323e-07,5.303454558991532e-07,6.10796e-07,6.048242643353495e-07,6.88045e-07,7.693994361411366e-07,0.0083520065186393,0.8352006518639213,0.0917512130569033,9.17512130569034,-0.1843796342066237,-18.43796342066237,36.39751552795029,52.6409344845099,39.851714550509726,5.098013093371499e-07,5.45466925518833e-07,-3.5665616181683094e-08,-3.83875945524744e-08,2.7219783707913092e-09,0.5498946203618805,5.2323e-07,4.194802673991237e-08,6.071260534798247e-07,4.393339465201753e-07,0.3206851804362315,0.331756090846462,3.7614285714285716e-08,7.598845598845598,5.47357142857143e-08,11.05772005772006,5.2623809523809526e-08,10.631072631072632,506316352506.0,0.5897500433752265,-17490310947481.0,1.4775519691303677e-06,24.70131226125366,-74.24669369572867,62.20451002396133,36.35765943458253,38.1108919570458,-63.64234056541746,True,True,False,207,184,3,2,0,7474148537.6,-1.0,0,1,0.014949494949495046,1
1771200000000,4.95e-07,5.077e-07,4.829e-07,5.024e-07,182920265895.0,2026-02-16,0.014949494949495,0.0148388525852987,0.014949494949495,0.0290596771415073,0.5551843522493729,0.029267806035125,0.5591606491787856,0.0744736456419195,1.422817002199279,0.0546642886267209,1.044359767818969,4.9504e-07,4.991945387453625e-07,5.047600000000001e-07,5.048286793316365e-07,5.175750000000001e-07,5.276839839087566e-07,6.08358e-07,6.00807583378702e-07,6.83131e-07,7.640949246465681e-07,0.0050010002000402,0.5001000200040172,-0.0703182827535159,-7.0318282753515895,-0.1837530463038179,-18.37530463038179,59.289176090468544,41.25984251968504,38.28843106180665,5.086626463622037e-07,5.42276782886928e-07,-3.3614136524724334e-08,-3.7432902946924393e-08,3.818766422200066e-09,0.7601047814888666,5.175750000000001e-07,3.6065479558623135e-08,5.897059591172464e-07,4.454440408827538e-07,0.2787265965985462,0.3948093843079667,3.592857142857144e-08,7.151387625113741,4.6442857142857154e-08,9.244199272065517,5.2438095238095254e-08,10.437518956627237,501157388293.3,0.3649956484088523,-17307390681586.0,1.4763715366710047e-06,23.17240957655193,-59.40450648633495,53.3480587982172,49.44794952681392,41.838775198396654,-50.552050473186085,False,False,True,207,184,3,2,0,7474148537.6,-1.0,0,1,-0.018710191082802696,0
1771286400000,5.024e-07,5.088e-07,4.872e-07,4.93e-07,208547413896.0,2026-02-17,-0.0187101910828026,-0.0188874411112989,0.0187101910828026,0.022143383514014,0.4230487480288513,0.0291172583614057,0.5562844399108884,0.0744896983699326,1.4231236891373469,0.0546911975004309,1.0448738611293562,4.9768e-07,4.971296924969084e-07,5.0119e-07,5.02678010362248e-07,5.11955e-07,5.243807473460168e-07,6.05896e-07,5.965797913846441e-07,6.77942e-07,7.587093984105213e-07,0.0275114631096289,2.751146310962887,-0.0675241157556271,-6.752411575562707,-0.1856623719854641,-18.56623719854641,44.46227929373997,44.033613445378144,40.44868575255315,5.062530084603261e-07,5.38626650820297e-07,-3.237364235997089e-08,-3.64210508295337e-08,4.047408469562807e-09,0.8209753487957012,5.11955e-07,2.9888097877597354e-08,5.717311957551946e-07,4.521788042448053e-07,0.2335212890007703,0.3414502649380065,3.4157142857142886e-08,6.92842654303101,4.3750000000000024e-08,8.874239350912783,5.203333333333334e-08,10.554428668018934,496272973479.45,0.4202272238075759,-17515938095482.0,1.4750273616436238e-06,22.471249288457265,-57.02277317741085,46.94276939597684,46.83655536028119,44.214054773892535,-53.16344463971882,True,False,False,207,184,3,2,0,7474148537.6,-1.0,0,1,-0.016024340770790957,0
1771372800000,4.93e-07,5.069e-07,4.78e-07,4.851e-07,293387833841.0,2026-02-18,-0.0160243407707909,-0.0161541187915191,0.0160243407707909,0.0143453135681307,0.2740668308995435,0.0283132949250181,0.5409247400253896,0.0736879146130085,1.4078056319695291,0.0546852147714241,1.0447595612521705,4.951200000000001e-07,4.93119794997939e-07,4.961e-07,4.994820084782028e-07,5.076100000000001e-07,5.206397237892521e-07,6.03488e-07,5.922079915165928e-07,6.72318e-07,7.532742671041144e-07,-0.0257079734886523,-2.570797348865236,-0.0949626865671642,-9.49626865671642,-0.1519230769230768,-15.192307692307686,55.289421157684615,46.65242165242166,41.17947843872508,5.029986994664297e-07,5.346617137215593e-07,-3.1663014255129535e-08,-3.5469443514652875e-08,3.8064292595233335e-09,0.7846689877392978,5.076100000000001e-07,2.6863081690281546e-08,5.613361633805631e-07,4.53883836619437e-07,0.2116828406869961,0.2905117489913333,3.03857142857143e-08,6.263804222987898,4.1792857142857155e-08,8.615307594899432,5.185714285714287e-08,10.689990281827018,474200204105.0,0.618700353355471,-17809325929323.0,1.4731303882951074e-06,21.604601050251357,-73.33942320240081,48.81706760649068,40.07060900264784,45.4517046299143,-59.92939099735216,False,True,False,207,184,3,2,0,7474148537.6,-1.0,0,1,-0.01030715316429609,0
1771459200000,4.851e-07,4.864e-07,4.605e-07,4.801e-07,241792591214.0,2026-02-19,-0.010307153164296,-0.0103606397142762,0.010307153164296,0.0133782912258193,0.2555918949904995,0.0268153625820997,0.5123067827966539,0.0734057826507946,1.4024155083997516,0.0544844517345805,1.040923988818833,4.9112e-07,4.887798633319593e-07,4.924200000000001e-07,4.959580069367114e-07,5.039799999999999e-07,5.167787977140842e-07,6.00616e-07,5.878115578143325e-07,6.67445e-07,7.47848119078238e-07,-0.03999200159968,-3.9992001599680105,-0.0711936544786225,-7.119365447862258,-0.1313551655509318,-13.135516555093188,25.94594594594588,55.673608159796,38.943146145797,4.994758226254406e-07,5.306201052968548e-07,-3.114428267141424e-08,-3.460441134600514e-08,3.460128674590903e-09,0.7207099926246413,5.039799999999999e-07,2.5309694418995956e-08,5.545993888379919e-07,4.533606111620081e-07,0.2008785619984599,0.2641220039575321,2.6385714285714308e-08,5.495878834766572,3.952857142857144e-08,8.233403755170055,4.971904761904763e-08,10.355977425337976,460161948257.3,0.5254510767995998,-18051118520537.0,1.4715497875021828e-06,19.55892679774643,-119.41235767521032,54.67261280112861,35.65754633715794,40.85490356669565,-64.34245366284206,False,True,False,207,184,3,2,0,7474148537.6,-1.0,0,1,0.021870443657571403,1
1771545600000,4.801e-07,4.941e-07,4.698e-07,4.906e-07,243124672423.0,2026-02-20,0.0218704436575714,0.0216347162874943,0.0218704436575714,0.0187174546617648,0.3575964692087379,0.0233666106694615,0.4464184700200493,0.0720940208684316,1.377354334736315,0.0534514945412045,1.021189369348933,4.9024e-07,4.893865755546395e-07,4.923900000000001e-07,4.949838238573094e-07,5.02735e-07,5.142855788841708e-07,5.9703e-07,5.839993049714022e-07,6.630830000000001e-07,7.427386306529575e-07,-0.0088888888888889,-0.8888888888888915,-0.0006111224281931,-0.061112242819316,-0.0483026188166827,-4.830261881668277,39.514348785872016,34.31989924433248,39.14479402051104,4.981103114522959e-07,5.276556530520421e-07,-2.9545341599746268e-08,-3.359259739675337e-08,4.0472557970071045e-09,0.8249604152073183,5.02735e-07,2.5325611646457173e-08,5.533862232929143e-07,4.5208377670708563e-07,0.2015026735473534,0.3802101981839247,2.4214285714285725e-08,4.935647312328928,3.338571428571429e-08,6.805078329742008,4.916190476190476e-08,10.020771455749031,432254902147.7,0.5624567152738158,-17807993848114.0,1.469980104091155e-06,21.03646302432756,-76.74766864066447,48.814564003686776,32.540540540540555,36.08956529344877,-67.45945945945945,True,False,False,207,184,3,2,0,7474148537.6,-1.0,0,1,-0.02221769262128004,0
1771632000000,4.906e-07,4.937e-07,4.687e-07,4.797e-07,192323761928.0,2026-02-21,-0.02221769262128,-0.0224682233163706,0.02221769262128,0.0178395575858903,0.3408242691241459,0.0233857495659377,0.4467841181238171,0.0698414861430664,1.3343197192334877,0.0534202060855669,1.0205916042433052,4.857000000000001e-07,4.861577170364264e-07,4.9037e-07,4.922049467923439e-07,5.0301e-07,5.109917142285348e-07,5.9358e-07,5.799091001837432e-07,6.58672e-07,7.375144445835296e-07,-0.0451831210191082,-4.51831210191083,-0.0404080816163231,-4.040808161632312,0.011598481653311,1.1598481653310928,35.029354207436455,34.49367088607596,39.090435688248576,4.952779558442503e-07,5.241033824549275e-07,-2.8825426610677253e-08,-3.2639163239538146e-08,3.813736628860896e-09,0.7950253551930156,5.0301e-07,2.5027561649295203e-08,5.530651232985904e-07,4.5295487670140966e-07,0.1990223784759365,0.2671567018130154,2.5928571428571443e-08,5.40516394174931,3.187857142857144e-08,6.645522499181037,4.5971428571428595e-08,9.583370558980318,416386370943.55,0.4618877450099671,-18000317610042.0,1.4687367446224118e-06,23.0998411105542,-90.96638373761378,41.34487484356693,20.75675675675681,29.65161454481843,-79.24324324324319,False,True,False,207,184,3,2,0,7474148537.6,-1.0,0,1,-0.037106524911403094,0
1771718400000,4.797e-07,4.8e-07,4.575e-07,4.619e-07,273790507918.0,2026-02-22,-0.037106524911403,-0.0378124910714586,0.037106524911403,0.021783831089596,0.4161795086055032,0.022865045328478,0.4368360776352782,0.0570269511333274,1.0894983716281847,0.0536028878476965,1.0240817344082678,4.7948e-07,4.780718113576176e-07,4.885799999999999e-07,4.866949564664631e-07,4.9821e-07,5.063163128734352e-07,5.8974e-07,5.752812532364452e-07,6.54644e-07,7.320408139789311e-07,-0.0630831643002028,-6.308316430020286,-0.0373072113380577,-3.7307211338057673,-0.1720738483599211,-17.207384835992116,17.07317073170735,28.01186943620175,40.178412132024974,4.901428857143656e-07,5.194957244945021e-07,-2.9352838780136518e-08,-3.198189834765782e-08,2.629059567521305e-09,0.5691837123882453,4.9821e-07,2.3075982045677663e-08,5.443619640913554e-07,4.520580359086447e-07,0.1852711270000816,0.1066256256383112,2.4714285714285722e-08,5.350570624439428,3.1164285714285714e-08,6.746976772956423,4.472857142857144e-08,9.68360498561841,358197037168.4,0.764357265717087,-18274108117960.0,1.4669466693813343e-06,25.962336640852747,-140.09257710111046,35.042069876229505,4.932735426008925,19.410010907768758,-95.06726457399108,False,True,False,207,184,3,2,0,7474148537.6,-1.0,0,1,0.01775276033773543,1
1771804800000,4.619e-07,4.901e-07,4.5e-07,4.701e-07,408361384006.0,2026-02-23,0.0177527603377354,0.0175970205935251,0.0177527603377354,0.0254466906217464,0.4861583417093564,0.0194800838782374,0.3721664799315703,0.056287947726247,1.0753797313600182,0.0532989707821736,1.0182754070241673,4.7648e-07,4.754145409050784e-07,4.858e-07,4.836776916543789e-07,4.9529e-07,5.028671402188216e-07,5.85534e-07,5.711564647270957e-07,6.50454e-07,7.268390385350771e-07,-0.030921459492888,-3.0921459492888093,-0.0558345049206668,-5.583450492066685,-0.1105014191106906,-11.050141911069062,31.011608623548995,35.1522842639594,42.48270840917364,4.870593648352323e-07,5.158367819387646e-07,-2.8777417103532282e-08,-3.1341002098832714e-08,2.5635849953004353e-09,0.5453275888748002,4.9529e-07,2.2733788903276956e-08,5.407575778065539e-07,4.498224221934461e-07,0.1835998215451712,0.2229894221859234,2.6899999999999996e-08,5.7221867687726,3.141428571428571e-08,6.682468775640441,3.992857142857143e-08,8.493633573403836,354584948895.75,1.1516602305814752,-17865746733954.0,1.4642981672953633e-06,27.54166098232542,-118.27432909448106,44.00434166344958,22.483221476510103,16.057571219758604,-77.5167785234899,True,True,False,207,184,3,2,0,7474148537.6,-1.0,0,1,-0.04020421186981493,0
1771891200000,4.701e-07,4.704e-07,4.48e-07,4.512e-07,308323882830.0,2026-02-24,-0.0402042118698149,-0.0410347378462356,0.0402042118698149,0.0298439621517402,0.5701680963310686,0.0219013904393806,0.4184254768295547,0.0560554918417021,1.0709386679215231,0.0530973467767377,1.0144233858089706,4.707e-07,4.673430272700522e-07,4.8091e-07,4.777726568081281e-07,4.92655e-07,4.979464601979807e-07,5.8041e-07,5.664522529535678e-07,6.46413e-07,7.213655455126468e-07,-0.06019579254322,-6.0195792543220055,-0.0977804439112176,-9.77804439112177,-0.1045842429053383,-10.458424290533824,26.22720897615713,36.81063122923588,43.94652607795143,4.815425394759658e-07,5.11048872164809e-07,-2.9506332688843178e-08,-3.0974068216834815e-08,1.4677355279916302e-09,0.325295994678996,4.92655e-07,2.4656171961468373e-08,5.419673439229367e-07,4.433426560770633e-07,0.2001901692784472,0.0796691385752812,2.7014285714285703e-08,5.9872087132725405,3.058571428571429e-08,6.778748733535969,3.8171428571428585e-08,8.459979736575482,346010796510.5,0.8910816828244364,-18174070616784.0,1.4622806891720331e-06,27.733279980257183,-157.6642542323721,44.18231335706236,3.501094091903752,10.305683664807583,-96.49890590809623,False,True,False,207,184,3,2,0,7474148537.6,-1.0,0,1,0.04166666666666652,1
1771977600000,4.512e-07,4.942e-07,4.506e-07,4.7e-07,656811766255.0,2026-02-25,0.0416666666666665,0.0408219945202549,0.0416666666666665,0.0361124075095156,0.6899265767374553,0.0273241367659395,0.5220268999308145,0.0520889904928249,0.9951587660544357,0.0533864187776756,1.0199460986324005,4.6658000000000004e-07,4.682286848467015e-07,4.7841e-07,4.763594464793775e-07,4.93485e-07,4.952848925600774e-07,5.753419999999999e-07,5.626697833201445e-07,6.429090000000001e-07,7.163743395134736e-07,-0.0419894007337954,-4.1989400733795375,-0.0505050505050506,-5.050505050505056,0.0366122629025142,3.661226290251428,44.065804935370174,40.67373674360575,49.58710184821077,4.797667641719711e-07,5.08008214966996e-07,-2.8241450795024925e-08,-3.042754473247283e-08,2.186093937447908e-09,0.4651263696697676,4.93485e-07,2.3518330476993404e-08,5.405216609539868e-07,4.464483390460132e-07,0.1906305600129154,0.250354303178812,2.9114285714285706e-08,6.194528875379937,2.9750000000000002e-08,6.329787234042554,3.756666666666667e-08,7.992907801418441,336735940785.15,1.9505246892373456,-17517258850529.0,1.4580737240259428e-06,27.89998047278659,-94.28857501970566,46.16743319895663,28.985507246376837,18.323274271596887,-71.01449275362317,True,False,False,207,184,3,2,0,7474148537.6,-1.0,0,1,-0.024042553191489402,0
1772064000000,4.7e-07,4.76e-07,4.529e-07,4.587e-07,296383633456.0,2026-02-26,-0.0240425531914894,-0.024336293100978,0.0240425531914894,0.036300478802181,0.6935196737387288,0.0269672477400976,0.5152085446658163,0.0274070348482283,0.5236106655691614,0.0533731937636568,1.019693435094338,4.6238e-07,4.650524565644677e-07,4.7404e-07,4.731486380285816e-07,4.894e-07,4.918006170781648e-07,5.70424e-07,5.585925075634363e-07,6.38612e-07,7.11258142041396e-07,-0.0437773608505316,-4.377736085053167,-0.0869824840764331,-8.698248407643321,-0.1511843079200593,-15.11843079200593,31.431897555296857,43.03630363036303,38.6290692342962,4.765257235301293e-07,5.043557545986036e-07,-2.783003106847426e-08,-2.9908041999673124e-08,2.078010931198856e-09,0.4530217857420658,4.894e-07,2.1986072146363077e-08,5.333721442927261e-07,4.454278557072739e-07,0.179698178556298,0.1509153636489999,2.871428571428569e-08,6.259927123236471,2.7550000000000002e-08,6.006104207543057,3.5923809523809535e-08,7.831656752520064,313685584384.75,0.9448430154586628,-17813642483985.0,1.456169684404913e-06,28.132910550281355,-117.22081003219822,48.7341970504554,16.718750000000004,16.401783779426854,-83.28125,False,False,True,207,184,3,2,0,7474148537.6,-1.0,0,1,-0.016786570743405282,0
1772150400000,4.587e-07,4.635e-07,4.475e-07,4.51e-07,234707811716.0,2026-02-27,-0.0167865707434052,-0.0169290621004479,0.0167865707434052,0.0332943365054647,0.6360874058011043,0.0268949291238469,0.5138268994423262,0.0272990652427172,0.5215479091522075,0.0533480128353277,1.0192123541341018,4.602e-07,4.603683043763119e-07,4.698400000000001e-07,4.691216129324759e-07,4.855149999999999e-07,4.87914844023101e-07,5.65664e-07,5.543731643577773e-07,6.345170000000001e-07,7.060909178718431e-07,-0.0235981814245507,-2.359818142455071,-0.0851926977687625,-8.519269776876264,-0.1469642519387176,-14.696425193871764,32.64812575574365,33.380581148121905,40.651387213510255,4.7259868914087867e-07,5.004034764797208e-07,-2.780478733884216e-08,-2.9487391067506925e-08,1.682603728664763e-09,0.3730828666662446,4.855149999999999e-07,2.153646296043388e-08,5.285879259208677e-07,4.424420740791322e-07,0.1774319060002997,0.0993422868066842,2.752857142857141e-08,6.1038961038961,2.5871428571428568e-08,5.736458663287931,3.1433333333333343e-08,6.969696969696971,306528391135.0,0.7656968114664163,-18048350295701.0,1.454654119950634e-06,28.703974795857164,-134.68235639136344,42.8475152929885,5.700325732899019,17.134860993091944,-94.29967426710098,False,True,False,207,184,3,2,0,7474148537.6,-1.0,0,1,0.004878048780487809,1
1772236800000,4.51e-07,4.729e-07,4.335e-07,4.532e-07,461301226791.0,2026-02-28,0.0048780487804878,0.0048661896511729,0.0048780487804878,0.0316157613285854,0.6040182720753726,0.0270603628916211,0.5169875071378163,0.0270026081049237,0.5158841034872603,0.0533745208936528,1.0197187898773112,4.5682e-07,4.579788695842079e-07,4.6665e-07,4.6622677421748027e-07,4.81375e-07,4.84608668401853e-07,5.61022e-07,5.504055629187313e-07,6.30929e-07,7.010702265554673e-07,-0.0359497979153371,-3.594979791533716,-0.0657596371882086,-6.575963718820864,-0.1544776119402985,-15.447761194029855,43.51713859910584,33.380581148121934,43.53481254781944,4.696142754268974e-07,4.96906922666025e-07,-2.7292647239127663e-08,-2.904844230183108e-08,1.7557950627034107e-09,0.3874216819733916,4.81375e-07,1.9146660420741763e-08,5.196683208414835e-07,4.430816791585165e-07,0.1590997490168103,0.1321160011607332,2.958571428571426e-08,6.528180557306765,2.775714285714285e-08,6.124700542176269,3.111428571428571e-08,6.865464632454922,318199629346.05,1.4497227031315096,-17587049068910.0,1.4516863355976695e-06,30.34547397970275,-125.63549955791306,34.936638291411526,26.12732095490716,16.182132229268717,-73.87267904509284,True,True,False,207,184,3,2,0,7474148537.6,-1.0,0,1,0.03795233892321259,1
1772323200000,4.532e-07,5.602e-07,4.527e-07,4.704e-07,611352290899.0,2026-03-01,0.0379523389232125,0.0372498674305658,0.0379523389232125,0.0303263177469001,0.5793834870371894,0.0303939510815386,0.5806756200811619,0.0280337765630884,0.5355845492189311,0.0536503277582947,1.0249880726276506,4.6066e-07,4.6211924638947197e-07,4.6568e-07,4.669855425415748e-07,4.7905e-07,4.832554618873906e-07,5.57118e-07,5.472680698309222e-07,6.275439999999999e-07,6.964909213377503e-07,0.0425531914893615,4.255319148936161,-0.0202041241408039,-2.020412414080398,-0.0899593731863029,-8.995937318630297,50.19710906701707,41.97127937336814,52.36900780379041,4.697351561304516e-07,4.949434469127869e-07,-2.5208290782335343e-08,-2.8280411997931934e-08,3.0721212155965913e-09,0.6530869931115203,4.7905e-07,1.7344208801539883e-08,5.137384176030798e-07,4.443615823969202e-07,0.1448216996266769,0.3753186135646606,4.17285714285714e-08,8.870869776482017,3.3221428571428564e-08,7.062378522837704,3.4685714285714283e-08,7.373663751214771,333699390313.95,1.8320449741422349,-16975696778011.0,1.4479415010461184e-06,32.48907539271342,56.24453094354457,46.27600798073828,29.123914759273863,20.31718714902667,-70.87608524072614,True,False,False,207,184,3,2,0,7474148537.6,-1.0,0,1,0.025510204081632848,1
1772409600000,4.704e-07,5.002e-07,4.609e-07,4.824e-07,526121642119.0,2026-03-02,0.0255102040816328,0.0251902488285587,0.0255102040816328,0.026567852051707,0.5075781007530851,0.0307265353196768,0.5870296330290683,0.0265780881725635,0.5077736615674607,0.053744528024995,1.026787766195994,4.6314e-07,4.688794975929813e-07,4.6486e-07,4.697881711703794e-07,4.786249999999999e-07,4.831739893266867e-07,5.5324e-07,5.447242083501687e-07,6.245469999999999e-07,6.922409646703379e-07,0.0263829787234042,2.6382978723404324,-0.0167142274765592,-1.6714227476559276,-0.0173151354654715,-1.7315135465471587,72.54335260115607,43.66286438529785,39.7815362931642,4.716835936488436e-07,4.940143026969376e-07,-2.2330709048093998e-08,-2.709047140796435e-08,4.759762359870356e-09,0.9866837396082828,4.786249999999999e-07,1.7141512400382494e-08,5.129080248007649e-07,4.443419751992349e-07,0.1432563062972683,0.5550564021398119,4.161428571428569e-08,8.626510305614776,3.4257142857142854e-08,7.101397773039561,3.481428571428571e-08,7.216891731817103,345079256743.7,1.524640011931419,-16449575135892.0,1.4446976105327845e-06,32.92023128639104,0.1593752490236696,39.212589369440686,38.595106550907694,31.28211408836289,-61.40489344909231,False,False,True,207,184,3,2,0,7474148537.6,-1.0,0,1,-0.009328358208955279,0
1772496000000,4.824e-07,4.917e-07,4.661e-07,4.779e-07,357470920498.0,2026-03-03,-0.0093283582089552,-0.0093721398288632,0.0093283582089552,0.0230605279958792,0.4405707687520669,0.030011726280785,0.5733732255161199,0.0262622422955972,0.501739434560729,0.0537464629349002,1.0268247325978286,4.669800000000001e-07,4.718863317286542e-07,4.6468e-07,4.7126304913940134e-07,4.77525e-07,4.82671704628907e-07,5.49376e-07,5.421036357147749e-07,6.2104e-07,6.879862536646617e-07,0.0418574231523871,4.185742315238721,-0.0037523452157599,-0.3752345215759911,-0.044008801760352,-4.400880176035199,57.19489981785065,45.06213211249184,40.81706435285611,4.726399638567138e-07,4.928206506452087e-07,-2.0180686788494937e-08,-2.5708514484070468e-08,5.527827695575531e-09,1.1566912943242376,4.77525e-07,1.6393993604971216e-08,5.103129872099424e-07,4.447370127900576e-07,0.137324693827307,0.5057185577998257,4.207142857142854e-08,8.803395809045519,3.454285714285712e-08,7.228051295847901,3.4414285714285713e-08,7.20114787911398,339719914965.9,1.052251883831661,-16807046056390.0,1.4425000420395326e-06,33.379543362050164,-5.736758082728769,38.11711744274147,35.04340962904501,34.25414364640884,-64.956590370955,False,False,True,207,184,3,2,0,7474148537.6,-1.0,0,1,0.09395270977191883,1
1772582400000,4.779e-07,5.55e-07,4.678e-07,5.228e-07,536291153426.0,2026-03-04,0.0939527097719188,0.0897974761659543,0.0939527097719188,0.0398416272998017,0.761173220792845,0.0392021116192796,0.7489552908717697,0.0323876170503944,0.6187645549351504,0.0536293659965861,1.0245875987325153,4.8134e-07,4.888575544857694e-07,4.7077e-07,4.806334038413283e-07,4.79675e-07,4.864934470452019e-07,5.45108e-07,5.413466261059141e-07,6.179379999999999e-07,6.847074316047954e-07,0.1592017738359201,15.920177383592016,0.1318467200692792,13.184672006927912,0.089620675281367,8.962067528136712,86.2146892655367,59.92627698788834,47.89942711648632,4.803568924941424e-07,4.95041343190187e-07,-1.4684450696044631e-08,-2.3503701726465305e-08,8.81925103042067e-09,1.6869263638907173,4.79675e-07,1.9274604917893555e-08,5.182242098357871e-07,4.411257901642129e-07,0.1607305356159363,1.0593499864680098,4.8299999999999976e-08,9.23871461361897,3.8707142857142844e-08,7.403814624549128,3.593333333333333e-08,6.87324662076001,341456831829.7,1.570597227626925,-16270754902964.0,1.4393464381971474e-06,35.413373698984266,164.21908634298018,46.96759755053674,70.48145224940808,48.03998947645359,-29.518547750591928,True,False,False,207,184,3,2,0,7474148537.6,-1.0,0,1,-0.05738332058148432,0
1772668800000,5.228e-07,5.39e-07,4.89e-07,4.928e-07,487490712265.0,2026-03-05,-0.0573833205814843,-0.0590955695307568,0.0573833205814843,0.0562421067719036,1.07450394115699,0.0449916440471347,0.8595641525990877,0.0342270424348313,0.6539067275613903,0.0541233966075243,1.0340260403018926,4.8926e-07,4.90171702990513e-07,4.730400000000001e-07,4.828455122338141e-07,4.794199999999999e-07,4.87094071136135e-07,5.40252e-07,5.394428264889966e-07,6.14886e-07,6.80898394420595e-07,0.0873786407766989,8.737864077669894,0.0482875983833226,4.828759838332261,-0.010243020686885,-1.0243020686885047,68.8628158844765,52.9548627268497,46.29344816979391,4.822712167258128e-07,4.948753177686793e-07,-1.260410104286648e-08,-2.132378158974554e-08,8.719680546879062e-09,1.7694156953894202,4.794199999999999e-07,1.905326605525849e-08,5.17526532110517e-07,4.41313467889483e-07,0.1589693050374077,0.675560451961296,5.2142857142857126e-08,10.580936920222632,4.042857142857141e-08,8.203849721706861,3.5747619047619045e-08,7.253981137909708,353426849085.9,1.379325632803058,-16758245615229.0,1.4364728770736757e-06,39.25870765350174,116.0008821359858,44.65500096210812,46.80347277032359,50.77611154959221,-53.19652722967641,False,False,True,207,184,3,2,0,7474148537.6,-1.0,0,1,0.010957792207792139,1
1772755200000,4.928e-07,5.101e-07,4.881e-07,4.982e-07,302657430156.0,2026-03-06,0.0109577922077921,0.0108981906087699,0.0109577922077921,0.0551499118596601,1.0536375866572074,0.0420118473516613,0.8026352166664767,0.0343023013446886,0.6553445470153607,0.054175569593568,1.0350228038006937,4.9482e-07,4.928478019936752e-07,4.7774e-07,4.856372372822116e-07,4.79325e-07,4.881517786469794e-07,5.3567e-07,5.378254522898811e-07,6.11543e-07,6.772723089895245e-07,0.0590986394557822,5.909863945578225,0.1041666666666665,10.41666666666665,-0.0037992401519696,-0.379924015196968,69.73684210526312,51.81124880838892,51.19868637110015,4.847217987679955e-07,4.951215905265719e-07,-1.0399791758576369e-08,-1.9138983623511707e-08,8.73919186493534e-09,1.754153324956913,4.79325e-07,1.8949180651744966e-08,5.172233613034899e-07,4.414266386965101e-07,0.1581322121879307,0.7490213211179374,5.2999999999999985e-08,10.638297872340424,4.0264285714285696e-08,8.081952170671558,3.4914285714285705e-08,7.008086253369271,356088049619.2,0.8499511019245419,-16455588185073.0,1.434682195971383e-06,40.66661812995387,79.71787781079912,39.77133168065635,51.06550907655878,56.11681136543013,-48.93449092344122,False,True,False,207,184,3,2,0,7474148537.6,-1.0,0,1,0.053392211963067204,1
1772841600000,4.982e-07,5.434e-07,4.98e-07,5.248e-07,351885918943.0,2026-03-07,0.0533922119630672,0.0520156348017993,0.0533922119630672,0.0580947359612754,1.1098983721223152,0.0431200076411643,0.8238065892705263,0.0361686010027399,0.6910001519180876,0.0548264984032799,1.0474587812487768,5.033e-07,5.034985346624502e-07,4.8322e-07,4.927577395945367e-07,4.80815e-07,4.916420854425053e-07,5.3168e-07,5.373146476738951e-07,6.08553e-07,6.742462697203399e-07,0.0878938640132669,8.789386401326702,0.1165957446808512,11.659574468085117,0.0602020202020201,6.020202020202023,72.0421393841167,59.99999999999999,53.86525923626204,4.908876758806116e-07,4.973199912284479e-07,-6.432315347836375e-09,-1.6597649968376642e-08,1.0165334620540269e-08,1.9369921151944105,4.80815e-07,2.1275418853044093e-08,5.233658377060881e-07,4.382641622939118e-07,0.1769946349680777,1.0168523391221826,5.385714285714282e-08,10.262412891986056,4.1721428571428554e-08,7.949967334494769,3.645714285714284e-08,6.946864111498254,358752341023.75,0.9808602724064304,-16103702266130.0,1.432660377819252e-06,42.39380812472822,162.71746532134534,45.02206112543321,72.05998421468041,56.642988687187575,-27.940015785319595,True,False,False,207,184,3,2,0,7474148537.6,-1.0,0,1,0.12900152439024382,1
1772928000000,5.248e-07,6.023e-07,5.13e-07,5.925e-07,553955349024.0,2026-03-08,0.1290015243902438,0.1213336353794068,0.1290015243902438,0.0727314001547592,1.3895314489036137,0.0545787188396277,1.0427249593320027,0.0457772252481098,0.874572660370141,0.0580105392994099,1.1082897971559886,5.262200000000001e-07,5.331656897749668e-07,4.966e-07,5.108926960318937e-07,4.8532e-07,5.012476011146482e-07,5.29052e-07,5.394787895803527e-07,6.06633e-07,6.726239658700506e-07,0.2397991211550534,23.979912115505343,0.2916939175931983,29.16939175931983,0.1793391719745223,17.933917197452224,80.73701842546062,73.7109658678286,65.24208817960508,5.065203411297482e-07,5.043703622489803e-07,2.149978880767916e-09,-1.2848124198547727e-08,1.4998103079315645e-08,2.5313254142304884,4.8532e-07,3.2607677494464155e-08,5.505353549889283e-07,4.201046450110717e-07,0.2687519780306945,1.3217389909032626,5.125714285714285e-08,8.650994575045203,4.6492857142857125e-08,7.846895720313437,3.9233333333333314e-08,6.621659634317859,377304095180.2,1.4681933117090382,-15549746917106.0,1.4296596681495897e-06,44.413378177471294,273.8516290395442,52.73032044982463,94.19431279620854,72.43993536248256,-5.805687203791465,True,False,False,207,184,3,2,0,7474148537.6,-1.0,0,1,0.1625316455696202,1
1773014400000,5.925e-07,7.501e-07,5.868e-07,6.888e-07,1547369416980.0,2026-03-09,0.1625316455696202,0.1506000801042347,0.1625316455696202,0.0887428075707089,1.6954289580720088,0.0666404995766524,1.2731649567500765,0.0566102961019066,1.0815381884298505,0.0624604225695684,1.193304697662213,5.5942e-07,5.850437931833112e-07,5.203799999999999e-07,5.432394785715495e-07,4.9511e-07,5.191097343418254e-07,5.286279999999999e-07,5.453345504701746e-07,6.05605e-07,6.729449749861281e-07,0.3175210405508799,31.752104055087983,0.5272727272727271,52.72727272727272,0.3971602434077079,39.71602434077079,88.92580287929124,80.0825309491059,71.31056039294484,5.345633655713254e-07,5.180318168979528e-07,1.6531548673372618e-08,-6.972189624163658e-09,2.350373829753628e-08,3.41227327200004,4.9511e-07,5.602170538004204e-08,6.07153410760084e-07,3.830665892399159e-07,0.4526000717419727,1.3643524803736289,6.897142857142855e-08,10.013273602123771,5.5292857142857124e-08,8.027418284386924,4.582857142857141e-08,6.653393064542888,444245195334.4,3.483142717649961,-14002377500126.0,1.42240603906368e-06,47.86401456632076,380.2909213920256,63.20727284754501,80.6380290587492,82.2974420232127,-19.361970941250807,True,False,False,207,184,3,2,0,7474148537.6,-1.0,0,1,0.11120789779326379,1
1773100800000,6.888e-07,7.746e-07,6.78e-07,7.654e-07,616496166332.0,2026-03-10,0.1112078977932637,0.1054476198780809,0.1112078977932637,0.0607476609679967,1.1605824332097987,0.0679710448232488,1.2985849879938145,0.0596186419737444,1.1390125556110595,0.0642138148911842,1.2268032109311326,6.1394e-07,6.451625287888742e-07,5.516e-07,5.836323006494496e-07,5.09125e-07,5.425659501187954e-07,5.30128e-07,5.539646065395608e-07,6.055629999999999e-07,6.747796420464704e-07,0.5531655844155845,55.31655844155845,0.6888790820829656,68.88790820829655,0.5778190063904349,57.78190063904349,90.08592200925312,87.29819563152896,75.39728125598313,5.700766939449676e-07,5.36355386017553e-07,3.372130792741467e-08,1.1665098861520094e-09,3.2554798041262665e-08,4.253305205286472,5.09125e-07,8.228905327853569e-08,6.737031065570714e-07,3.445468934429286e-07,0.6465135538701552,1.2785816879328675,7.91142857142857e-08,10.336332076598602,6.059285714285714e-08,7.916495576542608,4.9399999999999986e-08,6.454141625293961,460400611958.95,1.339042890731361,-13385881333794.0,1.4197993973159092e-06,52.27144250423651,320.2314670724255,69.3727404811715,97.30284374083848,90.71172853193204,-2.697156259161522,True,False,False,207,184,3,2,0,7474148537.6,-1.0,0,1,0.02456232035536976,1
1773187200000,7.654e-07,9.55e-07,7.654e-07,7.842e-07,1313088782637.0,2026-03-11,0.0245623203553697,0.0242655168666293,0.0245623203553697,0.0562705729757768,1.0750477872183686,0.0684911517677089,1.3085216172156189,0.05904923879724,1.1281341231984428,0.0633533775353265,1.2103645783290955,6.7114e-07,6.915083525259162e-07,5.829799999999999e-07,6.200991550768224e-07,5.2433e-07,5.655787167741491e-07,5.32984e-07,5.629934841388793e-07,6.061110000000001e-07,6.769508762657236e-07,0.5740666399036534,57.40666399036534,0.6670918367346941,66.70918367346941,0.6334097063111854,63.34097063111855,100.0,87.29819563152896,76.97761194029849,6.030187410303573e-07,5.547142463134118e-07,4.8304494716945553e-08,1.059410685231072e-08,3.7710387864634834e-08,4.808771724641013,5.2433e-07,1.0230456130183969e-07,7.289391226036794e-07,3.197208773963206e-07,0.7804593389799531,1.1350401113428334,9.374285714285713e-08,11.95394760811746,7.102142857142853e-08,9.056545341931717,5.705238095238093e-08,7.27523348028321,513965421530.1,2.554819308131413,-12072792551157.0,1.4150834557325965e-06,57.15608544926529,287.96588745718094,74.23953890074488,67.24832214765102,81.72973164907955,-32.751677852348976,True,False,False,207,184,3,2,0,7474148537.6,-1.0,0,1,0.1341494516704922,1
1773273600000,7.842e-07,8.99e-07,7.41e-07,8.894e-07,481986155237.0,2026-03-12,0.1341494516704922,0.1258829882183647,0.1341494516704922,0.0523895274452048,1.0009005164676117,0.0719225318381366,1.374078041412801,0.063745653857833,1.2178590069475914,0.0658495835624353,1.2580545275151418,7.4406e-07,7.574722350172775e-07,6.2368e-07,6.690629450628547e-07,5.4427e-07,5.964188389861359e-07,5.37608e-07,5.757937922949381e-07,6.07138e-07,6.811663428360444e-07,0.6947408536585364,69.47408536585364,0.843698175787728,84.36981757877278,0.8128821850794945,81.28821850794945,100.0,91.80741603572122,80.53013568949194,6.470773962564563e-07,5.795057836246083e-07,6.757161263184809e-08,2.19896080082182e-08,4.5582004623629886e-08,5.125028628696861,5.4427e-07,1.3039304187120188e-07,8.050560837424038e-07,2.834839162575963e-07,0.9582967414790592,1.1617109223146056,1.0917142857142855e-07,12.274727745831855,8.065714285714283e-08,9.068714060843584,6.334285714285712e-08,7.121976292203409,525908495670.8,0.9164829227986196,-11590806395920.0,1.4133958236540656e-06,62.270853746067765,211.61573775512304,78.19556220341087,87.4209012464046,83.99068904496467,-12.579098753595389,False,True,False,207,184,3,2,0,7474148537.6,-1.0,0,1,-0.0589161232291433,0
1773360000000,8.894e-07,9e-07,8.277e-07,8.37e-07,415541137721.0,2026-03-13,-0.0589161232291433,-0.0607230075871208,0.0589161232291433,0.0907586317216006,1.733941224399389,0.0790010191095806,1.5093123508500803,0.0658815291812897,1.2586648477063995,0.0660515782501415,1.261913630605168,7.929599999999999e-07,7.839814900115183e-07,6.595899999999999e-07,6.995969550514266e-07,5.62135e-07,6.193313305112665e-07,5.418200000000001e-07,5.860372134562675e-07,6.07801e-07,6.842583072295876e-07,0.4126582278481012,41.26582278481011,0.7514124293785309,75.14124293785311,0.7448405253283301,74.484052532833,87.43405275779376,84.47659878528044,75.41371158392434,6.762962583708476e-07,5.985794292828132e-07,7.771682908803443e-08,3.313505222418145e-08,4.4581776863852987e-08,5.326377164140141,5.62135e-07,1.447653210690131e-07,8.516656421380263e-07,2.726043578619738e-07,1.0301107105518292,0.9746734196599564,1.1635714285714285e-07,13.90168970814132,8.46785714285714e-08,10.116914149172208,6.562857142857141e-08,7.840928486089774,537069364460.45,0.7737196816997008,-12006347533641.0,1.4119786743462685e-06,67.18630582592576,170.70793438642687,81.13624973158545,77.37296260786192,77.3473953339725,-22.627037392138057,True,False,False,207,184,3,2,0,7474148537.6,-1.0,0,1,-0.02855436081242535,0
1773446400000,8.37e-07,8.602e-07,7.965e-07,8.131e-07,229294941750.0,2026-03-14,-0.0285543608124253,-0.0289699672756834,0.0285543608124253,0.0845510193846141,1.6153449572233016,0.0826259434957477,1.5785664340075491,0.0654480939745072,1.2503840797079164,0.0661021391463573,1.2628795951710523,8.178200000000001e-07,7.936876600076789e-07,6.8862e-07,7.202338723148037e-07,5.79695e-07,6.37785489510194e-07,5.45078e-07,5.949416702558624e-07,6.082620000000001e-07,6.868146112653343e-07,0.1804587688734029,18.045876887340302,0.5552792654934966,55.52792654934966,0.7603377354405716,76.03377354405715,79.55519828510182,80.94582975064488,73.67205542725172,6.973429878522557e-07,6.144698419291235e-07,8.287314592313216e-08,4.30826709639716e-08,3.979047495916056e-08,4.893675434652634,5.79695e-07,1.53031174928522e-07,8.857573498570441e-07,2.73632650142956e-07,1.0559426935096698,0.8813030255257123,1.1897142857142857e-07,14.631832317233863,8.64142857142857e-08,10.627756206405817,6.747142857142854e-08,8.298048034857771,534844586152.05,0.4287132144305078,-12235642475391.0,1.411155538777382e-06,71.06770211035091,125.6650317207096,81.43848111713433,71.74995022894684,78.84793802773777,-28.250049771053156,False,True,False,207,184,3,2,0,7474148537.6,-1.0,0,1,0.17820686262452345,1
1773532800000,8.131e-07,9.999e-07,8.127e-07,9.58e-07,739412355780.0,2026-03-15,0.1782068626245234,0.1639936747570687,0.1782068626245234,0.1027115548277496,1.9623014996997388,0.082796008594568,1.581815523158438,0.0731675261101409,1.3978636235819035,0.0695595005585751,1.3289323922061722,8.5634e-07,8.484584400051194e-07,7.3514e-07,7.634640773484757e-07,6.0409e-07,6.68282109556843e-07,5.52096e-07,6.091793037357777e-07,6.10351e-07,6.92194899871398e-07,0.2516331330023515,25.163313300235167,0.9439935064935066,94.39935064935064,1.037864284194852,103.78642841948522,81.91085822664769,84.37676254935137,78.69580881469916,7.374440666442163e-07,6.39916520305623e-07,9.752754633859327e-08,5.3971646038895946e-08,4.355590029969732e-08,4.546544916461098,6.0409e-07,1.7231451629598614e-07,9.487190325919722e-07,2.5946096740802777e-07,1.1409857226306417,1.0134651560523285,1.3295714285714284e-07,13.87861616462869,9.210714285714285e-08,9.614524306591113,7.53142857142857e-08,7.86161646286907,551397134740.75,1.3409796845020767,-11496230119611.0,1.408966817632287e-06,74.45528056106775,145.02731659543952,82.6506825337915,92.22634508348794,80.44975264009888,-7.773654916512054,True,False,False,207,184,3,2,0,7474148537.6,-1.0,0,1,0.14331941544885174,1
1773619200000,9.58e-07,1.1163e-06,9.445e-07,1.0953e-06,523653455154.0,2026-03-16,0.1433194154488517,0.1339357993588402,0.1433194154488517,0.1089330719063198,2.0811634165907824,0.0825944403122812,1.5779645665325104,0.0742592952977749,1.4187218446244425,0.0717324152673974,1.3704458694287922,9.1856e-07,9.307389600034128e-07,7.9485e-07,8.237978814669348e-07,6.36295e-07,7.089504800752398e-07,5.6223e-07,6.282429272463039e-07,6.14018e-07,7.001921580139156e-07,0.396710022953328,39.671002295332805,1.1985146527498998,119.85146527498998,1.4275265957446803,142.75265957446803,84.18652849740933,86.72258837627321,81.51120375195413,7.924988256220293e-07,6.736486299136929e-07,1.1885019570833649e-07,6.694735597278408e-08,5.190283973555242e-08,4.738687093540804,6.36295e-07,2.001739019610689e-07,1.0366428039221378e-06,2.359471960778623e-07,1.258371679557871,1.0732577967247576,1.3417142857142858e-07,12.249742405864016,1.0157142857142856e-07,9.27338889541026,8.158571428571428e-08,7.448709420771868,562163613356.95,0.9314965300351132,-10972576664457.0,1.4078357901136902e-06,78.00492869970991,165.93919295926807,87.62670050678788,96.77022454629343,86.91550661957605,-3.2297754537065666,True,False,False,207,184,3,2,0,7474148537.6,-1.0,0,1,-0.13302291609604666,0
1773705600000,1.0953e-06,1.1159e-06,9.091e-07,9.496e-07,746246298096.0,2026-03-17,-0.1330229160960466,-0.1427427340342425,0.1330229160960466,0.1343857968227423,2.567437043338051,0.1077112776623141,2.057821070334242,0.0845772009384685,1.6158451551073576,0.0746700743451213,1.4265697673046591,9.305999999999998e-07,9.370259733356086e-07,8.3733e-07,8.466709939274922e-07,6.60275e-07,7.318694819728365e-07,5.69084e-07,6.408452078172407e-07,6.16143e-07,7.051400110203416e-07,0.0676860805037102,6.768608050371033,0.809451219512195,80.94512195121949,1.0204255319148934,102.04255319148936,63.57072530357728,74.17238905401251,71.4703463401261,8.166682370647941e-07,6.940894721429136e-07,1.2257876492188053e-07,7.807363776260337e-08,4.4505127159277165e-08,4.686723584591108,6.60275e-07,2.0778625372446053e-07,1.0758475074489211e-06,2.447024925510789e-07,1.2587861344104232,0.848104115183271,1.4991428571428568e-07,15.787098327115173,1.145142857142857e-07,12.059212901672884,9.036666666666665e-08,9.516287559674248,566635339949.0,1.3169780376973417,-11718822962553.0,1.4059643482258654e-06,81.03151069232437,122.62216163774582,80.18068014626866,74.29452582883577,87.76369848620571,-25.705474171164227,False,True,False,207,184,3,2,0,7474148537.6,-1.0,0,1,-0.013268744734625137,0
1773792000000,9.496e-07,9.98e-07,8.88e-07,9.37e-07,590450426005.0,2026-03-18,-0.0132687447346251,-0.0133575610570361,0.0132687447346251,0.129113930813759,2.4667181846566404,0.1078973079857286,2.061375174672729,0.0841874158461984,1.6083983213757007,0.0747515704180227,1.4281267475912724,9.506e-07,9.370173155570724e-07,8.717799999999999e-07,8.63094449577039e-07,6.8419e-07,7.514057217849477e-07,5.75514e-07,6.524591587996361e-07,6.18179e-07,7.09739575142382e-07,0.1194743130227,11.947431302270012,0.5814345991561181,58.14345991561179,1.042729452801395,104.27294528013952,54.60526315789474,71.95251218995124,71.81158754935268,8.351808159779026e-07,7.120828445772653e-07,1.2309797140063738e-07,8.707850449021019e-08,3.6019466910427185e-08,3.8441266713369457,6.8419e-07,2.1086702195310723e-07,1.1059240439062142e-06,2.6245595609378564e-07,1.2327980353592256,0.7997268108336781,1.3854285714285717e-07,14.78579051684708,1.1614285714285713e-07,12.395182192407376,9.35285714285714e-08,9.981704528129285,581338679576.45,1.0156737315934123,-12309273388558.0,1.40431638966782e-06,82.05583956528032,92.60862214910352,73.00727000335795,71.45813435211716,80.84096157574878,-28.541865647882847,False,True,False,207,184,3,2,0,7474148537.6,-1.0,0,1,-0.03372465314834572,0
1773878400000,9.37e-07,9.777e-07,8.625e-07,9.054e-07,545235235294.0,2026-03-19,-0.0337246531483457,-0.0343064472365639,0.0337246531483457,0.1297127930920691,2.4781594324190017,0.1033143725991994,1.9738183170524255,0.0848671489433553,1.621384603962731,0.0749212916543469,1.4313692672583955,9.6906e-07,9.264782103713816e-07,8.934399999999998e-07,8.707863678357592e-07,7.0691e-07,7.660718435197147e-07,5.81514e-07,6.623784382983502e-07,6.199519999999999e-07,7.136208853581411e-07,0.113516172672488,11.351617267248807,0.3144599303135889,31.4459930313589,1.007538802660754,100.75388026607538,56.89516129032259,71.83068783068784,69.56404494382022,8.459837673659176e-07,7.264026338682019e-07,1.1958113349771576e-07,9.35790302917113e-08,2.600210320600446e-08,2.8718912310585885,7.0691e-07,2.0888997834418799e-07,1.1246899566883758e-06,2.891300433116242e-07,1.1819890981550008,0.7375532823227979,1.3242857142857141e-07,14.626526554955976,1.208e-07,13.34216920698034,9.791428571428569e-08,10.81447821010445,596865050755.35,0.913498343727764,-12854508623852.0,1.4027208035160691e-06,81.83295651131826,75.01626118142705,70.46234786003168,66.42788920725884,70.72684979607057,-33.572110792741164,False,True,False,207,184,3,2,0,7474148537.6,-1.0,0,1,-0.04185995140269505,0
1773964800000,9.054e-07,9.26e-07,8.512e-07,8.675e-07,355308741911.0,2026-03-20,-0.041859951402695,-0.042761323180844,0.041859951402695,0.1000836933087334,1.9120962758725213,0.1016663194987713,1.9423323067785248,0.0864777552841708,1.652155194898761,0.0747057966900334,1.4272522417459366,9.5096e-07,9.068188069142544e-07,9.0365e-07,8.701888464110756e-07,7.27625e-07,7.757316679464088e-07,5.874239999999999e-07,6.704224451266887e-07,6.21565e-07,7.166732741196509e-07,-0.0944676409185804,-9.44676409185804,0.1333943036320877,13.33943036320877,0.9141659311562222,91.41659311562222,55.33333333333333,68.89002557544757,68.39593460008837,8.492939570019302e-07,7.368542906189511e-07,1.1243966638297914e-07,9.735115750996489e-08,1.5088508873014253e-08,1.7393093801745536,7.27625e-07,2.0286158069249173e-07,1.1333481613849834e-06,3.2190183861501653e-07,1.115198519525809,0.6723773909314424,1.327857142857143e-07,15.306710580485795,1.2457142857142854e-07,14.359818855496089,1.0071428571428569e-07,11.6097159324825,591565426511.35,0.600624590261079,-13209817365763.0,1.4016152648117057e-06,81.58906469352495,57.13788980245974,68.9147564964145,59.76063399644185,65.88221918527259,-40.23936600355815,False,True,False,207,184,3,2,0,7474148537.6,-1.0,0,1,0.07066282420749292,1
1774051200000,8.675e-07,9.56e-07,8.67e-07,9.288e-07,277424490103.0,2026-03-21,0.0706628242074929,0.0682779185626676,0.0706628242074929,0.0727682920673041,1.390236267903141,0.1030782503026017,1.9693072069100148,0.0868166336931444,1.6586294578116323,0.0748894610982432,1.430761145337903,9.1766e-07,9.141458712761696e-07,9.1811e-07,8.808454197908801e-07,7.505449999999999e-07,7.903096043324652e-07,5.94946e-07,6.805549273245694e-07,6.239819999999999e-07,7.208809343296449e-07,-0.1520131470829908,-15.201314708299089,0.1843917368018361,18.43917368018362,0.9744897959183674,97.44897959183676,46.57598499061914,69.95653032997431,69.54003407155025,8.615256559247103e-07,7.510724913141531e-07,1.104531646105572e-07,9.997155893008336e-08,1.0481605680473842e-08,1.1285105168468823,7.505449999999999e-07,1.9810998400676722e-07,1.1467649680135345e-06,3.543250319864655e-07,1.0558193526398405,0.7249444934510607,1.364e-07,14.685615848406549,1.2768571428571426e-07,13.747385259013164,1.0307619047619045e-07,11.097781059021369,574869036471.55,0.4825872894560213,-12932392875660.0,1.4008143506493174e-06,80.9838406591509,64.47740773024445,69.20967958555894,68.92093485827945,65.03648602066004,-31.07906514172053,True,False,False,207,184,3,2,0,7474148537.6,-1.0,0,1,-0.026808785529715773,0
1774137600000,9.288e-07,9.7e-07,8.732e-07,9.039e-07,544759518251.0,2026-03-22,-0.0268087855297157,-0.0271746955793165,0.0268087855297157,0.0457510258457805,0.8740721214914525,0.0958838041147162,1.83185750548477,0.0879952318286239,1.681146543573535,0.0742185669026679,1.4179437297284816,9.0852e-07,9.107305808507798e-07,9.1956e-07,8.850371616470837e-07,7.716200000000001e-07,8.011277372531829e-07,6.02714e-07,6.893135817649767e-07,6.26423e-07,7.245111046931695e-07,-0.0481255265374893,-4.8125526537489405,0.016303125702721,1.630312570272097,0.8737562189054726,87.37562189054727,19.5222929936306,66.0614813286569,68.74368474233749,8.680447857824472e-07,7.62393047513333e-07,1.0565173826911429e-07,1.0110759479788957e-07,4.544143471224711e-09,0.5027263492891593,7.716200000000001e-07,1.9035101260566921e-07,1.1523220252113385e-06,3.909179747886617e-07,0.9867603877850194,0.6737316736449822,1.234857142857143e-07,13.66143536737629,1.2822142857142858e-07,14.185355522892864,1.0256666666666665e-07,11.347125419478555,575800930278.15,0.9460900280029854,-13477152393911.0,1.399244261938886e-06,79.39931206951454,58.725630052306215,63.42150756964529,59.88668555240794,62.8560848023764,-40.11331444759206,True,False,False,207,184,3,2,0,7474148537.6,-1.0,0,1,0.04181878526385652,1
1774224000000,9.039e-07,9.68e-07,8.91e-07,9.417e-07,374179102822.0,2026-03-23,0.0418187852638565,0.0409680177116522,0.0418187852638565,0.0508183279802167,0.9708827928371596,0.0936170549596156,1.7885513236831552,0.0873662340288928,1.6691295574828255,0.0730616714321878,1.395841272799209,9.0946e-07,9.210537205671864e-07,9.3003e-07,8.953394958930685e-07,7.9481e-07,8.14515571800499e-07,6.12064e-07,6.992111145709254e-07,6.29357e-07,7.288188892961848e-07,0.0050160085378869,0.5016008537886911,0.125089605734767,12.508960573476708,0.970495919648462,97.0495919648462,48.083454633672986,63.88187506861346,70.1486408803482,8.793763572005323e-07,7.756750439940746e-07,1.0370131320645768e-07,1.0162633847960319e-07,2.074974726854492e-09,0.2203434986571617,7.9481e-07,1.8069120183632693e-07,1.156192403672654e-06,4.334275963273461e-07,0.9093554526809025,0.7032334702896261,1.0994285714285717e-07,11.674934389174592,1.2205714285714285e-07,12.961361671141855,1.0436190476190477e-07,11.082287858331185,576636339394.35,0.6488996222732096,-13102973291089.0,1.3982113204644862e-06,76.8807670414703,61.685301893596005,59.759169447466384,60.16427104722793,62.99063048597176,-39.83572895277207,False,False,True,207,184,3,2,0,7474148537.6,-1.0,0,1,-0.00424763725177868,0
1774310400000,9.417e-07,9.681e-07,9.235e-07,9.377e-07,189096109093.0,2026-03-24,-0.0042476372517786,-0.004256684090438,0.0042476372517786,0.0472175097090446,0.902089256360012,0.092651605750093,1.7701064424338426,0.0868145377329331,1.658589414548022,0.0693507436411496,1.3249440968987585,9.1592e-07,9.266024803781244e-07,9.4249e-07,9.030414057306924e-07,8.155549999999999e-07,8.262474221052135e-07,6.196599999999999e-07,7.085636436760162e-07,6.32504e-07,7.329617612027953e-07,0.0356748398497901,3.567483984979013,0.1532406838027302,15.324068380273037,0.7936113236419282,79.36113236419283,50.17721518987344,60.27675056662293,69.86469864698647,8.883492253235274e-07,7.876768925873135e-07,1.0067233273621388e-07,1.0143553733092533e-07,-7.632045947114312e-10,-0.081391126662198,8.155549999999999e-07,1.7139641792917078e-07,1.1583478358583414e-06,4.727621641416584e-07,0.8406369548548941,0.6781615413492426,8.67714285714286e-08,9.253644936699224,1.1834285714285715e-07,12.620545712152834,1.0526666666666668e-07,11.22604955387295,559276587177.7,0.3381083947161875,-13292069400182.0,1.3977017262183023e-06,74.13856048011613,62.6266942126691,58.08501428153073,52.411404209965376,57.48745360320039,-47.588595790034624,True,False,False,207,184,3,2,0,7474148537.6,-1.0,0,1,-0.018449397461874795,0
1774396800000,9.377e-07,9.521e-07,9.03e-07,9.204e-07,319194673992.0,2026-03-25,-0.0184493974618747,-0.0186217102643686,0.0184493974618747,0.041910586940096,0.8007006392198793,0.0738588147531816,1.4110706745630608,0.0850983138740222,1.6258010037620187,0.0688591227528697,1.315551693016127,9.265e-07,9.245349869187496e-07,9.3873e-07,9.061975137796576e-07,8.36935e-07,8.352143342856695e-07,6.274980000000001e-07,7.168709720733382e-07,6.357410000000001e-07,7.36679225315156e-07,0.0609798270893371,6.097982708933724,-0.0392484342379958,-3.924843423799578,0.8676948051948052,86.76948051948054,54.09388646288208,58.13814531548758,68.44867169563791,8.932801137352923e-07,7.975082338772995e-07,9.577187985799276e-08,1.003028058363388e-07,-4.530925978346038e-09,-0.4922779202896609,8.36935e-07,1.5489172882338908e-07,1.1467184576467782e-06,5.271515423532218e-07,0.7402808047142925,0.6347150694133716,7.80714285714286e-08,8.482336872167382,1.0830714285714288e-07,11.767399267399268,1.0345238095238094e-07,11.239937087394711,550861785264.05,0.579446028987103,-13611264074174.0,1.396810282598126e-06,69.4671211602206,50.82519043940624,47.331746829121215,47.80175859312551,53.45914461677291,-52.1982414068745,False,True,False,207,184,3,2,0,7474148537.6,-1.0,0,1,-0.007931334202520679,0
1774483200000,9.204e-07,9.4e-07,8.785e-07,9.131e-07,402262735454.0,2026-03-26,-0.0079313342025206,-0.0079629545389164,0.0079313342025206,0.0266461246830686,0.5090734972755501,0.0536030300956631,1.0240844520518553,0.085483694687127,1.633163693858369,0.068388268444906,1.3065560340933613,9.2336e-07,9.207233246124996e-07,9.2051e-07,9.074525112742652e-07,8.5768e-07,8.426320167346534e-07,6.35682e-07,7.245662461429095e-07,6.38857e-07,7.401780714103679e-07,-0.0169035314384151,-1.6903531438415176,-0.1663471195106363,-16.63471195106363,0.8327980730630271,83.27980730630271,64.94102228047183,51.6037352821762,67.72573874392954,8.963293270067859e-07,8.060705869235523e-07,9.025874008323353e-08,9.829399268571776e-08,-8.035252602484219e-09,-0.879996999505445,8.5768e-07,1.334344136152501e-07,1.1245488272305003e-06,5.908111727694998e-07,0.6223039530605826,0.6038337833892689,7.040000000000002e-08,7.709998904829704,1.0141428571428573e-07,11.10659136067087,1.04e-07,11.389771109407512,555842050528.95,0.7236997184203662,-14013526809628.0,1.3956569185747883e-06,65.3202633725909,37.25258773893352,40.68471411166236,36.46028767979987,45.55781682763023,-63.53971232020014,False,True,False,207,184,3,2,0,7474148537.6,-1.0,0,1,0.015222867155842756,1
1774569600000,9.131e-07,9.669e-07,9.027e-07,9.27e-07,505096155189.0,2026-03-27,0.0152228671558427,0.0151081619435607,0.0152228671558427,0.0237820464187927,0.4543553588667669,0.0351898726766661,0.6723015735032837,0.0854564691744098,1.632643551168244,0.0663672141840399,1.26794384665522,9.2798e-07,9.228155497416664e-07,9.1825e-07,9.110066001334896e-07,8.777899999999999e-07,8.506670627599245e-07,6.45154e-07,7.325048426383004e-07,6.42393e-07,7.438830845960578e-07,0.0255559243279122,2.5555924327912307,-0.02379949452401,-2.379949452401011,0.766387195121951,76.63871951219511,49.1444866920152,56.42490005711022,68.34109286939476,9.010478920826648e-07,8.150283212256343e-07,8.601957085703053e-08,9.583910831998032e-08,-9.81953746294978e-09,-1.059281279714108,8.777899999999999e-07,1.0862732960376785e-07,1.0950446592075356e-06,6.605353407924643e-07,0.4950037234589951,0.6132541879182243,6.888571428571433e-08,7.431037139775007,1.0083571428571432e-07,10.87763908152258,1.0600952380952381e-07,11.435763086248524,563502562341.25,0.8963511241021123,-13508430654439.0,1.3942807714290389e-06,61.32727634186767,47.15537393000681,41.83838961764373,40.80675422138836,41.689600164771214,-59.19324577861165,True,False,False,207,184,3,2,0,7474148537.6,-1.0,0,1,0.1289104638619203,1
1774656000000,9.27e-07,1.0555e-06,9.201e-07,1.0465e-06,736828107828.0,2026-03-28,0.1289104638619203,0.1212529763201993,0.1289104638619203,0.0606100174153667,1.1579527568291543,0.0538452607493393,1.02871226219239,0.0854510422219307,1.632539869386711,0.0635060240828619,1.213280886524946,9.4894e-07,9.640436998277778e-07,9.292e-07,9.356417637455824e-07,9.0049e-07,8.693178186875508e-07,6.552760000000001e-07,7.44818404916018e-07,6.473020000000001e-07,7.498843407062039e-07,0.1112880959966018,11.128809599660192,0.116862326574173,11.686232657417298,0.7662447257383966,76.62447257383967,85.68568568568567,64.6608040201005,70.15936561706059,9.234251394545624e-07,8.321743715054348e-07,9.125076794912775e-08,9.492144024580981e-08,-3.6706722966820723e-09,-0.3507570278721522,9.0049e-07,9.204258682521464e-08,1.0845751736504292e-06,7.164048263495708e-07,0.4088555645269335,0.8965827260952247,7.551428571428577e-08,7.215889700361753,1.059571428571429e-07,10.124906149750872,1.1029523809523813e-07,10.539439856210045,572646200281.45,1.2867074075857945,-12771602546611.0,1.392612045310384e-06,58.99705844801955,114.99813755779051,49.69849861054119,77.00922266139659,51.42542152086158,-22.990777338603404,True,False,False,207,184,3,2,0,7474148537.6,-1.0,0,1,-0.07558528428093647,0
1774742400000,1.0465e-06,1.0482e-06,9.478e-07,9.674e-07,551476770178.0,2026-03-29,-0.0755852842809364,-0.0785944814971716,0.0755852842809364,0.0751838553384711,1.436385539400198,0.0591881166645246,1.1307873811274538,0.0828846760436329,1.5835095123942768,0.0645934364540812,1.2340558707067564,9.548799999999998e-07,9.651624665518518e-07,9.354e-07,9.41415988519113e-07,9.1442e-07,8.786589788125459e-07,6.640500000000001e-07,7.535471131004283e-07,6.505519999999999e-07,7.54197810884123e-07,0.0316732430414845,3.1673243041484493,0.0684780207643029,6.847802076430306,0.4044715447154472,40.44715447154473,55.32973869763584,50.64365927143249,67.60385756676558,9.30190502615399e-07,8.421910847273723e-07,8.799941788802674e-08,9.353703577425321e-08,-5.537617886226465e-09,-0.5724227709558057,9.1442e-07,7.83878051740414e-08,1.0711956103480829e-06,7.576443896519174e-07,0.3428962847446091,0.6689676088084445,7.602857142857146e-08,7.859062583065067,9.975714285714289e-08,10.311881626746214,1.1082380952380952e-07,11.455841381415084,522851567941.35,1.0547482382989832,-13323079316789.0,1.391309522527134e-06,55.37249164656778,97.31044499273813,40.03943823916691,43.832516031686175,53.88283097149034,-56.16748396831383,False,False,True,207,184,3,2,0,7474148537.6,-1.0,0,1,0.012301013024602181,1
1774828800000,9.674e-07,1.0216e-06,9.63e-07,9.793e-07,356935204921.0,2026-03-30,0.0123010130246021,0.0122259703378661,0.0123010130246021,0.0736776774554147,1.4076100513483154,0.0565188995148729,1.0797920590863286,0.0800772919240969,1.5298745140999055,0.0645939359713376,1.2340654139705414,9.6666e-07,9.698749777012346e-07,9.4658e-07,9.48303990606547e-07,9.25115e-07,8.88243837973256e-07,6.729160000000001e-07,7.624001852056592e-07,6.541459999999999e-07,7.586615988071089e-07,0.0639939156888309,6.399391568883103,0.1288760806916429,12.887608069164283,0.2794617193624249,27.946171936242497,58.35341365461848,40.410052910052926,67.7593207825766,9.377458099053376e-07,8.523473006736034e-07,8.539850923173429e-08,9.190933046574944e-08,-6.510821234015149e-09,-0.664844402533968,9.25115e-07,7.125310907346456e-08,1.0676212181469291e-06,7.826087818530709e-07,0.3080832505081619,0.6901145111581495,7.340000000000006e-08,7.495149596650672,9.167142857142861e-08,9.360913772227978,1.0583809523809524e-07,10.807525297467093,509873519870.8,0.7000465625503478,-12966144111868.0,1.390471289176736e-06,49.72251697247759,93.37774743065977,38.109850562857815,48.39440876463925,56.41204915257398,-51.60559123536075,False,False,True,207,184,3,2,0,7474148537.6,-1.0,0,1,0.12202593689369934,1
1774915200000,9.793e-07,1.1e-06,9.774e-07,1.0988e-06,460315793592.0,2026-03-31,0.1220259368936993,0.1151359234943697,0.1220259368936993,0.0856924295373032,1.637151567571578,0.0641064816050526,1.2247526113788514,0.0835580822449892,1.5963749198067607,0.0659510319370649,1.2599926959910408,1.0038e-06,1.0128499851341565e-06,9.6358e-07,9.756669014053569e-07,9.40845e-07,9.08296805785327e-07,6.84554e-07,7.755923601706668e-07,6.588229999999999e-07,7.654063713669399e-07,0.2033731245208629,20.337312452086294,0.1830318690783807,18.303186907838064,0.4011731701096657,40.11731701096658,75.39863325740318,62.893190459730384,69.82865828381927,9.625233776122088e-07,8.706030561794464e-07,9.192032143276241e-08,9.191152865915204e-08,8.792773610367986e-12,0.0008002160184171,9.40845e-07,7.320622978238126e-08,1.0872574595647625e-06,7.944325404352375e-07,0.3112360900355798,1.039417889944441,8.45428571428572e-08,7.694107857922934,8.56571428571429e-08,7.795517187581262,1.0707619047619053e-07,9.744829857680244,467234870418.55,0.9851914374020246,-12505828318276.0,1.3895845624264668e-06,46.94196654510705,171.7989702387688,47.98772417294349,99.51768488745977,63.91486989459504,-0.4823151125402291,True,False,False,207,184,3,2,0,7474148537.6,-1.0,0,1,-0.11831088460138339,0
1775001600000,1.0988e-06,1.15e-06,9.426e-07,9.688e-07,942185118881.0,2026-04-01,-0.1183108846013833,-0.1259157619822363,0.1183108846013833,0.1122591987940249,2.144708981555514,0.0766341487341829,1.464093355820488,0.0845039262653484,1.6144452444430253,0.0680407361163628,1.2999164382792572,1.01216e-06,9.981666567561044e-07,9.7007e-07,9.7441837387711e-07,9.44815e-07,9.140590147581532e-07,6.941120000000001e-07,7.831691443569961e-07,6.615790000000001e-07,7.694394532422468e-07,0.0450916936353829,4.509169363538292,0.0717999778736584,7.179997787365848,0.0892736676411063,8.927366764110628,55.87676725047478,52.28448275862068,62.46274094190898,9.634890118257153e-07,8.778769038699257e-07,8.56121079557896e-08,9.065164451847956e-08,-5.039536562689964e-09,-0.5201833776517305,9.44815e-07,7.241821721234208e-08,1.0896514344246842e-06,7.999785655753159e-07,0.3065921570353649,0.5828002984721092,1.0715714285714293e-07,11.060811607880153,9.261428571428577e-08,9.559690928394485,1.0792380952380954e-07,11.139947308403132,490244818600.75,1.9218665514307156,-13448013437157.0,1.3875760685231634e-06,45.76267594152144,102.60782127789764,44.90318835080048,39.35742971887548,62.42317445699147,-60.64257028112452,True,True,False,207,184,3,2,0,7474148537.6,-1.0,0,1,-0.08711808422791079,0
1775088000000,9.688e-07,1.12e-06,8.041e-07,8.844e-07,713026898321.0,2026-04-02,-0.0871180842279107,-0.0911487432555912,0.0871180842279107,0.0975171426304184,1.8630623940122089,0.0813105642742873,1.553436149267197,0.0858959325118403,1.6410394864410487,0.0695800933513485,1.3293258169596978,9.7974e-07,9.60244437837403e-07,9.6434e-07,9.580513968085445e-07,9.47185e-07,9.11234346685948e-07,7.018019999999999e-07,7.871389888792744e-07,6.63655e-07,7.717189385782939e-07,-0.1548972766364071,-15.489727663640718,-0.0608474036317299,-6.084740363172992,0.0566308243727597,5.663082437275981,46.08743570903747,48.5977564102564,56.52957671251169,9.51321471544836e-07,8.783600961758612e-07,7.29613753689748e-08,8.711359068857863e-08,-1.4152215319603814e-08,-1.6002052600185228,9.47185e-07,6.941754878235614e-08,1.0860200975647122e-06,8.083499024352877e-07,0.2931530747735917,0.273886426770668,1.4350000000000014e-07,16.225689733152436,1.069500000000001e-07,12.09294436906378,1.1544285714285717e-07,13.053240292046269,505119106630.75,1.4116015192476847,-14161040335478.0,1.3857248359496757e-06,42.35272116439312,-20.59914791655216,43.73594776302888,23.21480196588609,54.029972190740416,-76.7851980341139,False,True,False,207,184,3,2,0,7474148537.6,-1.0,0,1,0.019561284486657726,1
1775174400000,8.844e-07,9.7e-07,8.222e-07,9.017e-07,538997193959.0,2026-04-03,0.0195612844866577,0.0193724215225698,0.0195612844866577,0.0954987232907954,1.8245005466737332,0.0816282854495923,1.559506203798385,0.0855450041976891,1.6343350104130032,0.0691458424681554,1.3210294654852728,9.666e-07,9.407296252249354e-07,9.607399999999998e-07,9.478056882979002e-07,9.51615e-07,9.103263136682388e-07,7.1024e-07,7.916315852118878e-07,6.65798e-07,7.742961887733717e-07,-0.0679139962786852,-6.79139962786852,-0.0383918097472539,-3.839180974725398,0.1089656868773829,10.896568687738284,33.62731795567615,52.34825597363362,54.73757386166146,9.436873989994766e-07,8.800889779406262e-07,6.359842105885049e-08,8.2410556762633e-08,-1.881213570378252e-08,-2.086296518108297,9.51615e-07,6.293468857727996e-08,1.0774843771545598e-06,8.257456228454401e-07,0.2645384470706323,0.3017190474427015,1.5544285714285722e-07,17.23886626847701,1.1216428571428577e-07,12.439202141985778,1.190380952380953e-07,13.20151882423148,520604219241.2,1.0353300531152214,-13622043141519.0,1.3842174263846973e-06,39.29283157512605,-87.13067525884196,42.61337105569612,28.21624747036716,30.26282638504288,-71.78375252963284,False,False,True,207,184,3,2,0,7474148537.6,-1.0,0,1,0.024065653765110495,1
1775260800000,9.017e-07,9.558e-07,8.929e-07,9.234e-07,192995855202.0,2026-04-04,0.0240656537651104,0.0237806395670276,0.0240656537651104,0.0963362954779369,1.840502340840814,0.0817219660502728,1.56129596916136,0.075853436693268,1.4491778732217655,0.0690810567487106,1.3197917360531866,9.5542e-07,9.349530834832904e-07,9.610399999999998e-07,9.433682904255548e-07,9.49885e-07,9.115714266522162e-07,7.1875e-07,7.967989824934899e-07,6.683280000000001e-07,7.772525261508491e-07,-0.0570815888900235,-5.708158889002355,0.0032594524119948,0.32594524119948,-0.036116910229645,-3.611691022964505,44.28274428274428,49.60790008713331,54.82863882336617,9.405662606918648e-07,8.832972017968999e-07,5.726905889496501e-08,7.738225718909942e-08,-2.0113198294134398e-08,-2.178167456588086,9.49885e-07,6.322482253208742e-08,1.0763346450641748e-06,8.234353549358251e-07,0.2662420083782243,0.3952745182220225,1.4508571428571438e-07,15.712119805687063,1.1030000000000005e-07,11.944985921594114,1.1900000000000005e-07,12.887156162009967,493283394212.3,0.3912474197721283,-13429047286317.0,1.383708752462727e-06,35.86488797442366,-46.6144748572252,41.94906774285349,34.48973691818446,28.640262118145877,-65.51026308181554,False,False,True,207,184,3,2,0,7474148537.6,-1.0,0,1,-0.005631362356508629,0
1775347200000,9.234e-07,9.493e-07,9e-07,9.182e-07,231710767099.0,2026-04-05,-0.0056313623565086,-0.0056472782577669,0.0056313623565086,0.0651416717330831,1.244529891005426,0.0816900305659263,1.5606858425896033,0.0680420303797633,1.2999411651468047,0.0691261727571575,1.3206536761843055,9.193e-07,9.293687223221936e-07,9.6155e-07,9.387922376209084e-07,9.4103e-07,9.122027193520052e-07,7.27112e-07,8.015598142037949e-07,6.70614e-07,7.800470737869647e-07,-0.1643611212231525,-16.436112122315254,0.0055853685248055,0.5585368524805563,-0.1616908609513375,-16.16908609513375,41.92012695054217,51.06891912094483,51.07350529297749,9.37125297508501e-07,8.858825942564066e-07,5.1242703252094415e-08,7.215434640169841e-08,-2.0911643149604e-08,-2.277460591331301,9.4103e-07,5.342992557894741e-08,1.0478898511578949e-06,8.341701488421052e-07,0.2271125280977116,0.3931778411039204,1.3778571428571436e-07,15.006067772349638,1.0690714285714293e-07,11.643121635498032,1.124333333333334e-07,12.244972046758155,478686259809.55,0.4840556050035536,-13660758053416.0,1.383097490079042e-06,32.38287618859515,-45.162261877870925,43.84968327586296,32.986412257877994,31.897465548809844,-67.013587742122,False,False,True,207,184,3,2,0,7474148537.6,-1.0,0,1,-0.06774123284687428,0
1775433600000,9.182e-07,9.211e-07,8.5e-07,8.56e-07,326479795291.0,2026-04-06,-0.0677412328468742,-0.0701448556733795,0.0677412328468742,0.0510894319075901,0.9760622260971412,0.0845355025681691,1.6150485088613653,0.0630384473173644,1.2043478449630762,0.0700188980883525,1.3377091696890206,8.9674e-07,9.049124815481292e-07,9.5445e-07,9.23739103508016e-07,9.3635e-07,9.068500794137188e-07,7.34332e-07,8.036947266796293e-07,6.725640000000001e-07,7.815529453090491e-07,-0.116432700247729,-11.643270024772905,-0.0765911542610571,-7.65911542610571,-0.0985678180286435,-9.856781802864358,12.157107231920222,43.81941439492284,50.70307874481942,9.246444825071932e-07,8.836690687559181e-07,4.09754137512751e-08,6.591855987161376e-08,-2.494314612033865e-08,-2.913918939291898,9.3635e-07,5.6642456644643204e-08,1.0496349132892863e-06,8.230650867107136e-07,0.2419712998115798,0.145363192383717,1.395714285714286e-07,16.305073431241656,1.0648571428571432e-07,12.439919893190924,1.0763809523809527e-07,12.574543836226082,457697934669.3,0.713308430213676,-13987237848707.0,1.382151735856993e-06,28.645129339658315,-123.86225016421145,38.68795286361235,15.004336513443214,27.49349522983519,-84.99566348655678,False,True,False,207,184,3,2,0,7474148537.6,-1.0,0,1,0.053971962616822466,1
1775520000000,8.56e-07,9.177e-07,8.105e-07,9.022e-07,539259262565.0,2026-04-07,0.0539719626168224,0.0525658488325534,0.0539719626168224,0.0457656431807467,0.8743513852838634,0.074040150503668,1.4145350892116897,0.0642603409153424,1.2276920893745924,0.0702542520675158,1.342205601147458,9.003e-07,9.04008321032086e-07,9.4002e-07,9.198229028701948e-07,9.3461e-07,9.064072147076504e-07,7.42328e-07,8.075576841879157e-07,6.75343e-07,7.839448812126399e-07,0.0201266395296246,2.012663952962468,-0.137888198757764,-13.7888198757764,-0.0371398078975453,-3.7139807897545327,35.9493670886076,47.58667573079538,53.24353840553332,9.211914851983944e-07,8.850417303295619e-07,3.614975486883242e-08,5.996479887105749e-08,-2.3815044002225056e-08,-2.6396634894951294,9.3461e-07,5.7153642422060115e-08,1.0489172848441205e-06,8.203027151558798e-07,0.244609590832797,0.358233007440439,1.373714285714286e-07,15.226272286791025,1.109571428571429e-07,12.2985084080185,1.0289523809523813e-07,11.404925525962993,455138376497.3,1.1848248585739705,-13447978586142.0,1.3806006707800177e-06,25.27813440293664,-109.8194894435144,41.45584032207049,28.36079791847356,25.45051556326489,-71.63920208152645,False,True,False,207,184,3,2,0,7474148537.6,-1.0,0,1,-0.049213034803813005,0
1775606400000,9.022e-07,9.024e-07,8.364e-07,8.578e-07,383352586431.0,2026-04-08,-0.049213034803813,-0.0504652528915155,0.049213034803813,0.0503431549479881,0.9618046248031642,0.0719742603802635,1.3750663138224928,0.0647801003040328,1.2376220785527394,0.0706763519139575,1.3502698073907058,8.915200000000001e-07,8.88605547354724e-07,9.2906e-07,9.085460114392502e-07,9.3223e-07,9.017779561640644e-07,7.496239999999999e-07,8.095279738333115e-07,6.7776e-07,7.854090900658045e-07,-0.0486858156814905,-4.868581568149054,-0.1132933636551581,-11.329336365515823,-0.0525734481996907,-5.257344819969084,43.248730964467015,45.89562024652504,46.06441476826394,9.114389490140258e-07,8.830238243792129e-07,2.84151246348129e-08,5.3654864023808564e-08,-2.5239739388995655e-08,-2.942380437047757,9.3223e-07,5.938168333579744e-08,1.050993366671595e-06,8.134666333284052e-07,0.2547941316447548,0.1866457979175753,1.1717142857142858e-07,13.659527695433503,1.1216428571428574e-07,13.075808546780806,1.0080000000000007e-07,11.750990906971328,447044244054.15,0.857527172152931,-13831331172573.0,1.379479286425086e-06,23.40139683018222,-120.605365689479,41.22519323719174,15.524718126626194,19.629950852847625,-84.4752818733738,False,False,True,207,184,3,2,0,7474148537.6,-1.0,0,1,-0.0012823501981813479,0
1775692800000,8.578e-07,8.578e-07,8.121e-07,8.567e-07,318856894521.0,2026-04-09,-0.0012823501981813,-0.0012831731127817,0.0012823501981813,0.0473815264106185,0.905222791043758,0.0716422318555913,1.3687229177654487,0.0640551088080032,1.223771135469322,0.0705813005940107,1.3484538544729163,8.7818e-07,8.779703649031493e-07,9.168e-07,8.991194639048411e-07,9.316899999999998e-07,8.974848174817726e-07,7.57056e-07,8.113778596938185e-07,6.80272e-07,7.868224292674923e-07,-0.0722330517652155,-7.223305176521555,-0.1251914632901052,-12.519146329010528,-0.0124495677233429,-1.24495677233429,37.55530973451329,46.27181385510312,39.50562983814216,9.030175722426372e-07,8.810739114622243e-07,2.1943660780412786e-08,4.73126233751294e-08,-2.5368962594716617e-08,-2.9612422778938505,9.316899999999998e-07,6.004668271658817e-08,1.0517833654331762e-06,8.115966345668235e-07,0.2577968324940192,0.1877845843960189,7.857142857142857e-08,9.17140522603345,1.1103571428571434e-07,12.960863112608184,9.749047619047624e-08,11.379768435914116,445221651684.65,0.7161756246905215,-14150188067094.0,1.3785081007822207e-06,21.52377261133064,-151.79952534239132,41.848691431211904,15.206707140792144,19.697407728630605,-84.79329285920785,False,True,False,207,184,3,2,0,7474148537.6,-1.0,0,1,-0.04120462238823397,0
1775779200000,8.567e-07,8.567e-07,8.111e-07,8.214e-07,356690727752.0,2026-04-10,-0.0412046223882339,-0.0420775974475401,0.0412046223882339,0.0484728836432452,0.9260731416969352,0.0545243946811895,1.0416870977423096,0.0625469442100199,1.1949576912820552,0.0709311318306703,1.355137370864916,8.588200000000001e-07,8.591135766020995e-07,8.8906e-07,8.849886522857792e-07,9.2632e-07,8.902386443882705e-07,7.63882e-07,8.117708853103914e-07,6.82249e-07,7.875079123596424e-07,-0.1054236549771291,-10.542365497712913,-0.2524572260647979,-25.2457226064798,-0.1156330749354005,-11.563307493540051,23.76543209876543,43.21162252507072,43.75487139516758,8.904610226668469e-07,8.766536217242611e-07,1.3807400942585711e-08,4.0611578888620675e-08,-2.6804177946034962e-08,-3.263230818850129,9.2632e-07,6.492314160446129e-08,1.0561662832089223e-06,7.964737167910774e-07,0.2803486553435585,0.0959838148344078,6.397142857142857e-08,7.788096977286167,1.0970714285714288e-07,13.356116734495115,9.610000000000005e-08,11.699537375213056,449184963567.1,0.7940843008622148,-14506878794846.0,1.3774006740391143e-06,19.808249333041925,-151.26504116729177,35.52366094883446,5.001445504481072,11.910956923966438,-94.99855449551892,False,True,False,207,184,3,2,0,7474148537.6,-1.0,0,1,-0.03652300949598253,0
1775865600000,8.214e-07,8.214e-07,7.651e-07,7.914e-07,263005995227.0,2026-04-11,-0.0365230094959825,-0.0372066725711343,0.0365230094959825,0.0426193831552064,0.8142421718957807,0.044581699784718,0.8517321784625592,0.0627684075829494,1.1991887430810173,0.0712652297455445,1.3615203025662588,8.459e-07,8.365423844013996e-07,8.713199999999999e-07,8.679725336883648e-07,9.20695e-07,8.808254401608163e-07,7.69898e-07,8.109720260737398e-07,6.83464e-07,7.875850693180508e-07,-0.0754672897196262,-7.546728971962627,-0.1831131296449215,-18.311312964492156,-0.1244606704281447,-12.44606704281448,21.076642335766408,31.468836263257288,43.02548380915884,8.752208653334859e-07,8.703385386335479e-07,4.882326699937942e-09,3.3465728450884124e-08,-2.8583401750946186e-08,-3.611751548009374,9.20695e-07,7.150752978388319e-08,1.0637100595677664e-06,7.776799404322336e-07,0.3106676142865258,0.0479671847469505,6.302857142857141e-08,7.964186432723201,1.0405714285714288e-07,13.148489115130516,9.454285714285717e-08,11.946279649084808,435097287415.9,0.6044762926218804,-14769884790073.0,1.3765318495119206e-06,19.08580020875154,-175.2095988754456,25.918138328662465,6.832943621719918,9.013698755664349,-93.16705637828008,False,True,False,207,184,3,2,0,7474148537.6,-1.0,0,1,-0.07543593631539036,0
1775952000000,7.914e-07,8.041e-07,7.282e-07,7.317e-07,401939321097.0,2026-04-12,-0.0754359363153903,-0.0784329350613395,0.0754359363153903,0.0266950603547634,0.5100084119705575,0.0427156626143501,0.81608158837998,0.0636577108503597,1.2161788581489248,0.0721786117647095,1.378970441540515,8.117999999999999e-07,8.015949229342664e-07,8.560499999999998e-07,8.431957093813894e-07,9.10195e-07,8.666230172883576e-07,7.74938e-07,8.078633154704901e-07,6.842590000000001e-07,7.864772251002737e-07,-0.1889824872533806,-18.898248725338064,-0.1726594301221166,-17.26594301221166,-0.2230009557183816,-22.300095571838163,21.31979695431471,32.38152190162954,41.8975650713686,8.531407322052572e-07,8.60069017253244e-07,-6.9282850479867424e-09,2.5386925751109954e-08,-3.2315210799096695e-08,-4.416456307106286,9.10195e-07,8.27889229496397e-08,1.0757728458992794e-06,7.446171541007207e-07,0.3638293901840361,-0.039006287437083,6.682857142857142e-08,9.133329428532376,1.0230714285714288e-07,13.98211601163631,9.354761904761909e-08,12.78496911953247,436485298329.65,0.920854202043342,-15171824111170.0,1.375123030987817e-06,19.906504611555167,-182.1239888908505,27.05334353120162,0.8297771455666313,4.221388757255843,-99.17022285443336,False,True,False,207,184,3,2,0,7474148537.6,-1.0,0,1,0.023780237802377924,1
1776038400000,7.317e-07,7.55e-07,7.006e-07,7.491e-07,461752334392.0,2026-04-13,0.0237802378023779,0.0235018920638528,0.0237802378023779,0.0383235297547611,0.7321700079185037,0.0431459152030293,0.8243015525449742,0.0641125132279805,1.2248678453730883,0.0718640882308474,1.3729614778633168,7.9006e-07,7.84096615289511e-07,8.4079e-07,8.260873985847732e-07,9.00765e-07,8.554303489751805e-07,7.80682e-07,8.055588690924887e-07,6.85211e-07,7.85736289331863e-07,-0.1267195150384705,-12.671951503847051,-0.1692358877675502,-16.92358877675502,-0.2011304255092247,-20.11304255092248,9.260244811069684,32.932977461447194,44.36941221228838,8.371344657121407e-07,8.518490900492694e-07,-1.471462433712869e-08,1.7366615733462223e-08,-3.208124007059091e-08,-4.282637841488575,9.00765e-07,8.992473036702666e-08,1.0806144607340534e-06,7.209155392659467e-07,0.3993260411629078,0.0783556998698208,6.444285714285712e-08,8.602704197417852,1.0200714285714285e-07,13.617293132711636,9.24714285714286e-08,12.34433701394054,450118109594.6,1.025847048917624,-14710071776778.0,1.373461111872797e-06,22.81193579755905,-169.10621092982427,20.705484698933983,10.792167334223397,6.151629367169952,-89.2078326657766,False,True,False,207,184,3,2,0,7474148537.6,-1.0,0,1,0.03857962888799893,1
1776124800000,7.491e-07,8.207e-07,7.387e-07,7.78e-07,347946784118.0,2026-04-14,0.0385796288879989,0.0378540382245543,0.0385796288879989,0.0477680768141707,0.9126078261342324,0.0449084327082359,0.8579744022016081,0.0649436788537973,1.2407472423579209,0.0719573708471794,1.3747436397459911,7.743199999999999e-07,7.820644101930074e-07,8.262499999999999e-07,8.173442352057235e-07,8.93645e-07,8.480560300251633e-07,7.8684e-07,8.044781279411976e-07,6.86187e-07,7.855829346646406e-07,-0.0918641298003968,-9.186412980039686,-0.1574615551223738,-15.746155512237388,-0.1547153411560191,-15.471534115601912,26.856148491879352,22.524837273038717,42.60058881256134,8.280368556025805e-07,8.46378787082638e-07,-1.8341931480057466e-08,1.022490629075828e-08,-2.8566837770815746e-08,-3.671830047662692,8.93645e-07,9.384043273447209e-08,1.0813258654689442e-06,7.059641345310558e-07,0.4200345002074519,0.1919105213228678,6.084285714285713e-08,7.820418655894233,9.910714285714288e-08,12.738707308116052,9.4252380952381e-08,12.114701921899869,451555715100.9,0.7705511689521001,-14362124992660.0,1.3723008402520286e-06,23.677007736495156,-108.943228625612,17.459225615279877,17.222963951935913,9.61496947724195,-82.77703604806409,True,False,False,207,184,3,2,0,7474148537.6,-1.0,0,1,0.02557840616966578,1
1776211200000,7.78e-07,8.2e-07,7.59e-07,7.979e-07,226882961417.0,2026-04-15,0.0255784061696657,0.0252567521358436,0.0255784061696657,0.0490338008466354,0.9367894498208448,0.0467607668135115,0.8933631955931884,0.065332588201777,1.2481773450184008,0.071572700002893,1.3673945135848715,7.696199999999999e-07,7.873429401286716e-07,8.1422e-07,8.138089197137737e-07,8.878849999999999e-07,8.43279265260862e-07,7.937739999999999e-07,8.042201618673913e-07,6.87092e-07,7.858270879156551e-07,-0.0286096907718529,-2.8609690771852896,-0.1310172075800478,-13.101720758004785,-0.1261636184426677,-12.61636184426678,34.62343096234309,31.961156850327228,44.77317554240632,8.234004162791066e-07,8.42787765817246e-07,-1.9387349538139337e-08,4.302455124978756e-09,-2.368980466311809e-08,-2.9690192584431747,8.878849999999999e-07,9.609194212892557e-08,1.080068884257851e-06,6.957011157421488e-07,0.4329026490093901,0.2658882784384045,6.012857142857142e-08,7.5358530428088,8.865e-08,11.11041483895225,9.481904761904765e-08,11.883575337642268,442786726399.05,0.5123978382597848,-14135242031243.0,1.3715634475747142e-06,24.651751749309646,-85.87098459127705,24.485804425336056,23.1998092513114,17.07164684582354,-76.8001907486886,False,False,True,207,184,3,2,0,7474148537.6,-1.0,0,1,-0.01867401930066437,0
1776297600000,7.979e-07,8.009e-07,7.505e-07,7.83e-07,241544548188.0,2026-04-16,-0.0186740193006643,-0.0188505803234322,0.0186740193006643,0.0467435126201133,0.893033554691168,0.0427771372645529,0.81725605992302,0.0652280748786335,1.246180620783363,0.0716038045758972,1.3679887656177223,7.679399999999999e-07,7.858952934191143e-07,8.069199999999999e-07,8.082072979476331e-07,8.80685e-07,8.375383828550657e-07,8.000340000000001e-07,8.033879978132873e-07,6.876880000000001e-07,7.857710495150361e-07,-0.0106141015921152,-1.0614101592115237,-0.0852803738317757,-8.52803738317758,-0.1553398058252427,-15.533980582524274,38.75878220140514,37.45670460168233,41.99374432448794,8.171849676207825e-07,8.383590424233628e-07,-2.1174074802580323e-08,-7.928508605330608e-10,-2.0381223942047257e-08,-2.602966020695691,8.80685e-07,9.837459168645741e-08,1.0774341833729148e-06,6.839358166270852e-07,0.4468094344127918,0.2517524639102321,6.080000000000003e-08,7.765006385696044,6.96857142857143e-08,8.89983579638752,9.429047619047624e-08,12.042206410022509,429609146049.0,0.5622425649207433,-14376786579431.0,1.3707613121315763e-06,27.28195306918016,-88.26242191906604,27.406018658662543,30.586488492947268,23.669753898731496,-69.41351150705273,False,True,False,207,184,3,2,0,7474148537.6,-1.0,0,1,0.018773946360153282,1
1776384000000,7.83e-07,8.42e-07,7.523e-07,7.977e-07,386563623792.0,2026-04-17,0.0187739463601532,0.0185998909262807,0.0187739463601532,0.0215590901188741,0.411885838388642,0.0383237747072235,0.732174687728728,0.0573806494967959,1.0962557693741293,0.0714111766905993,1.364308615036436,7.8114e-07,7.898301956127428e-07,7.9647e-07,8.062968801389725e-07,8.682449999999999e-07,8.337442511545834e-07,8.06814e-07,8.031649388582501e-07,6.88619e-07,7.860074998751933e-07,0.0902009020090199,9.020090200902006,-0.1158279760585235,-11.582797605852363,-0.2377448638318203,-23.77448638318204,52.02572347266883,37.05179282868526,43.01257736075065,8.141872802945083e-07,8.353472615031054e-07,-2.1159981208597106e-08,-4.866276930145871e-09,-1.6293704278451234e-08,-2.042585468026981,8.682449999999999e-07,9.181516601591409e-08,1.051875332031828e-06,6.846146679681717e-07,0.4229919712335301,0.3079157206235065,6.710000000000004e-08,8.411683590322179,6.553571428571429e-08,8.215584089972959,9.550476190476195e-08,11.972516222234166,412095921847.2,0.9380428276485904,-13990222955639.0,1.369523535479666e-06,28.36222676567786,-66.0737105760875,36.67438307744372,38.04858934169278,30.61162902865045,-61.95141065830722,True,False,False,207,184,3,2,0,7474148537.6,-1.0,0,1,-0.005265137269650277,0
1776470400000,7.977e-07,8.103e-07,7.651e-07,7.935e-07,175458155413.0,2026-04-18,-0.0052651372696502,-0.00527904695062,0.0052651372696502,0.0233212010832536,0.4455509210936798,0.0359742504825056,0.6872870904425532,0.055393223262807,1.0582860444873885,0.0713298069399115,1.3627540481323277,7.9002e-07,7.910534637418286e-07,7.9004e-07,8.039701746591593e-07,8.595499999999999e-07,8.299114653303373e-07,8.136640000000001e-07,8.027859212934333e-07,6.89664e-07,7.861560099788532e-07,0.0592711253504205,5.927112535042058,-0.0749591979482396,-7.495919794823965,-0.179760181930949,-17.976018193094898,80.89999999999996,33.0903410570164,43.5824820471326,8.110046217876609e-07,8.322474643547194e-07,-2.124284256705847e-08,-8.141590057528393e-09,-1.310125250953008e-08,-1.65107151978955,8.595499999999999e-07,9.01500240826858e-08,1.0398500481653714e-06,6.792499518346283e-07,0.4195219548958677,0.316833104948983,6.551428571428573e-08,8.256368710054913,6.427142857142858e-08,8.099738950400576,9.120952380952382e-08,11.494583970954483,393294991108.95,0.4461235443611201,-14165681111052.0,1.3689559432242142e-06,29.820287348166783,-66.15449505905039,32.371579817597805,37.35424205870528,35.32977329778175,-62.64575794129473,False,False,True,207,184,3,2,0,7474148537.6,-1.0,0,1,-0.00768746061751735,0
1776556800000,7.935e-07,8.028e-07,7.71e-07,7.874e-07,187993149906.0,2026-04-19,-0.0076874606175173,-0.0077171614568266,0.0076874606175173,0.0187740830280146,0.3586783526268586,0.0359148001893096,0.6861512941858252,0.0551802070832426,1.054216376091067,0.0713839538244463,1.36378852290885,7.919e-07,7.898356424945524e-07,7.8311e-07,8.009574156302212e-07,8.499549999999999e-07,8.258627543464957e-07,8.20348e-07,8.021825512884476e-07,6.906849999999999e-07,7.861806668409329e-07,0.0120822622107967,1.208226221079687,-0.080891794093615,-8.089179409361506,-0.1959562953129787,-19.595629531297877,71.58962795941372,33.01298701298701,43.63544303797469,8.073731415126362e-07,8.289254299580658e-07,-2.155228844542961e-08,-1.0823729735108637e-08,-1.0728558710320969e-08,-1.3625296812701255,8.499549999999999e-07,8.68870378256092e-08,1.0237290756512184e-06,6.761809243487815e-07,0.4089018257465829,0.3200105517305298,5.921428571428574e-08,7.520229326172941,6.302142857142858e-08,8.0037374360463,8.794285714285718e-08,11.16876519467325,384847888358.2,0.4884868946741472,-14353674260958.0,1.368346344155179e-06,31.47279403080605,-62.33060402780054,32.9410705951551,39.36507936507935,38.25597025515911,-60.63492063492064,False,False,True,207,184,3,2,0,7474148537.6,-1.0,0,1,0.0012700025400051995,1
1776643200000,7.874e-07,7.932e-07,7.73e-07,7.884e-07,189092660399.0,2026-04-20,0.0012700025400051,0.0012691967689281,0.0012700025400051,0.013809236451636,0.263825091969425,0.0339861163538881,0.6493038412479232,0.0458643538148413,0.8762372493002835,0.071316369395355,1.3624973242040437,7.899999999999998e-07,7.893570949963683e-07,7.798099999999999e-07,7.986742491519992e-07,8.344349999999999e-07,8.222948729801628e-07,8.267080000000001e-07,8.016420586141506e-07,6.91913e-07,7.862246549449549e-07,-0.0119062539165308,-1.1906253916530858,-0.0401753104455806,-4.017531044558064,-0.2824899890789952,-28.24899890789952,58.55263157894738,39.56145768993207,42.889390519187366,8.044541966645383e-07,8.259235462574618e-07,-2.14693495929235e-08,-1.2952853706671614e-08,-8.516495886251887e-09,-1.0802252519345366,8.344349999999999e-07,6.508519336024477e-08,9.646053867204895e-07,7.042646132795104e-07,0.3119964687974247,0.3231740676208894,5.432857142857144e-08,6.890990795100385,5.9385714285714286e-08,7.532434587229107,8.611428571428573e-08,10.922664347321884,371286731698.55,0.5092901099210987,-14164581600559.0,1.3677321510637764e-06,33.208361893649844,-59.30029191718412,34.19833178169739,40.44219253800094,39.05383798726182,-59.55780746199907,False,False,True,207,184,3,2,0,7474148537.6,-1.0,0,1,-0.008244545915778834,0
1776729600000,7.884e-07,8.077e-07,7.751e-07,7.819e-07,144282411265.0,2026-04-21,-0.0082445459157788,-0.0082787201480968,0.0082445459157788,0.0112760726237048,0.2154290649900781,0.0320606052233031,0.6125170027508127,0.0389518123089473,0.7441733292622645,0.0713533800162164,1.3632044111227726,7.897799999999999e-07,7.868713966642455e-07,7.7886e-07,7.956243856698176e-07,8.250899999999999e-07,8.184477422201473e-07,8.32698e-07,8.008678595945573e-07,6.929690000000001e-07,7.861389400697595e-07,-0.001404853128991,-0.140485312899103,-0.0120040434672731,-1.200404346727315,-0.1929190751445086,-19.291907514450862,33.12236286919837,28.82787750791977,34.64484679665739,8.009843202546093e-07,8.226625428309766e-07,-2.1678222576367303e-08,-1.4697927480610753e-08,-6.980295095756552e-09,-0.8927350167229252,8.250899999999999e-07,5.7785883360844246e-08,9.406617667216884e-07,7.095182332783114e-07,0.2801434188311298,0.3131464057999263,4.727142857142859e-08,6.045712824073229,5.4057142857142866e-08,6.913562201962254,8.182857142857145e-08,10.465349971680704,331391596317.75,0.4353834341853886,-14308864011824.0,1.3672670773581426e-06,33.42478496092933,-49.99055219751626,26.912456137858143,40.2874132804757,40.031561727851965,-59.712586719524296,True,False,False,207,184,3,2,0,7474148537.6,-1.0,0,1,-0.008185189921984803,0
1776816000000,7.819e-07,7.85e-07,7.457e-07,7.755e-07,199116047176.0,2026-04-22,-0.0081851899219848,-0.0082188725138747,0.0081851899219848,0.004041684863763,0.077216280902148,0.0190718318200535,0.3643668353115152,0.0344581274345142,0.6583216002813712,0.0713465474387327,1.363073874913234,7.8534e-07,7.83080931109497e-07,7.8324e-07,7.919654064571234e-07,8.19645e-07,8.143574810563237e-07,8.3865e-07,7.998730407779435e-07,6.94013e-07,7.859280795607719e-07,-0.027830011282437,-2.783001128243697,0.0598605986059861,5.986059860598607,-0.1231343283582089,-12.313432835820889,40.35989717223664,33.27915481511583,37.83749524654583,7.970636556000541e-07,8.191690211397867e-07,-2.2105365539732626e-08,-1.6179415092435126e-08,-5.925950447297496e-09,-0.7641457701221788,8.19645e-07,5.7028842887229104e-08,9.337026857744584e-07,7.055873142255418e-07,0.2783099653495312,0.3064795033309114,4.4171428571428586e-08,5.695864419268675,5.215e-08,6.724693745970342,7.382380952380952e-08,9.51951122163888,305696053760.5,0.6513530178966558,-14507980059000.0,1.3666049065866277e-06,34.5698019647125,-69.72436003912671,28.482185654244034,47.64631043257,42.791972083682175,-52.35368956743001,False,True,False,207,184,3,2,0,7474148537.6,-1.0,0,1,-0.020502901353965264,0
1776902400000,7.755e-07,7.8e-07,7.4e-07,7.596e-07,202019045164.0,2026-04-23,-0.0205029013539652,-0.0207160036784627,0.0205029013539652,0.007749236100639,0.1480489478259083,0.0196161035043442,0.3747651312395512,0.0340576619124151,0.6506707172243403,0.0704995080331588,1.3468912097919636,7.785599999999999e-07,7.752539540729981e-07,7.842900000000001e-07,7.860807871012829e-07,8.1254e-07,8.091424828604834e-07,8.433859999999999e-07,7.982937046354545e-07,6.94247e-07,7.854062743905634e-07,-0.0427221172022684,-4.272211720226844,0.0140168201842212,1.401682018422113,-0.1575912165908838,-15.759121659088388,2.4937655860350816,31.391337677271,36.14579392104931,7.91300016276969e-07,8.147565010553504e-07,-2.3456484778381437e-08,-1.7634829029624392e-08,-5.821655748757045e-09,-0.7664107094203587,8.1254e-07,5.508665326941449e-08,9.22713306538829e-07,7.02366693461171e-07,0.2711824809580549,0.2597421659422463,4.2685714285714295e-08,5.619498984427895,5.1742857142857155e-08,6.811855863988567,6.068571428571428e-08,7.989167230873392,288847146320.75,0.6993977532312823,-14709999104164.0,1.36592463616936e-06,35.32235827503605,-77.34180644843443,29.5930771900336,37.79628443305573,41.91000271536711,-62.20371556694428,False,True,False,207,184,3,2,0,7474148537.6,-1.0,0,1,-0.023433385992627676,0
1776988800000,7.596e-07,7.899e-07,7.25e-07,7.418e-07,266849919267.0,2026-04-24,-0.0234333859926276,-0.0237123138826403,0.0234333859926276,0.0100946444919858,0.1928579122259367,0.0161014444733165,0.307617664734103,0.033354377566036,0.6372344886526903,0.0700003609316233,1.337355017806977,7.6944e-07,7.641026360486654e-07,7.806700000000001e-07,7.780297349010496e-07,8.034600000000001e-07,8.027289130642469e-07,8.48366e-07,7.960782636071723e-07,6.94309e-07,7.845420417992051e-07,-0.0579121158242316,-5.7912115824231565,-0.046529562982005,-4.65295629820051,-0.1966645007580679,-19.6664500758068,1.8621973929237896,33.648315529991805,24.175347222222243,7.836846291574354e-07,8.093523157919825e-07,-2.5667686634547123e-08,-1.9241400550608942e-08,-6.426286083938185e-09,-0.8663097983200573,8.034600000000001e-07,5.063882845576187e-08,9.047376569115238e-07,7.021823430884763e-07,0.2521037933724734,0.1955893240408085,3.9142857142857135e-08,5.2767399761198615,5.3121428571428583e-08,7.161152409197705,5.673809523809523e-08,7.648705208694423,292539849524.0,0.9121831425742482,-14976849023431.0,1.3650171035705874e-06,35.94675666995809,-87.64208503209885,30.58041665968632,29.13719943422915,38.19326476661826,-70.86280056577085,True,True,False,207,184,3,2,0,7474148537.6,-1.0,0,1,-0.0010784578053384397,0
1777075200000,7.418e-07,7.599e-07,7.283e-07,7.41e-07,125379660157.0,2026-04-25,-0.0010784578053384,-0.0010790397594036,0.0010784578053384,0.0093613652429216,0.1788486318431145,0.0123014936714906,0.2350197066006369,0.0334038029132954,0.6381787585862249,0.0700195901049123,1.3377223906468327,7.5996e-07,7.564017573657769e-07,7.7498e-07,7.712970558281314e-07,7.946e-07,7.9684996896289e-07,8.532219999999999e-07,7.939183301734061e-07,6.94446e-07,7.836790969173071e-07,-0.0601217656012177,-6.012176560121773,-0.0713121945105903,-7.131219451059034,-0.1929862774994554,-19.298627749945545,2.066115702479479,38.23529411764708,29.733096085409272,7.771177631332146e-07,8.042891812888652e-07,-2.7171418155650675e-08,-2.0827404071617292e-08,-6.344014084033386e-09,-0.8561422515564623,7.946e-07,4.46551228864469e-08,8.839102457728938e-07,7.052897542271062e-07,0.2247929669592091,0.199922447104787,3.72e-08,5.0202429149797565,5.1357142857142875e-08,6.93078850973588,5.524761904761905e-08,7.455819034766402,287223294176.9,0.4365232998120933,-15102228683588.0,1.3645852600542357e-06,33.14522689274442,-107.61921654963297,31.867821445057672,28.57142857142854,31.834970812904444,-71.42857142857146,False,False,True,207,184,3,2,0,7474148537.6,-1.0,0,1,-0.02132253711201082,0
1777161600000,7.41e-07,7.518e-07,7.043e-07,7.252e-07,177309980872.0,2026-04-26,-0.0213225371120108,-0.0215531464153909,0.0213225371120108,0.0097670845836841,0.1865998889647758,0.0125984483401934,0.24069301758026,0.0306925038780922,0.5863794632505038,0.0698782889208913,1.3350228353165805,7.486199999999999e-07,7.460011715771846e-07,7.692e-07,7.629157729502894e-07,7.880600000000001e-07,7.900261623949958e-07,8.5723e-07,7.912234918648479e-07,6.94455e-07,7.825201389625402e-07,-0.072515666965085,-7.251566696508509,-0.0738186462324393,-7.381864623243935,-0.152803738317757,-15.280373831775709,0.0,48.0916030534351,33.86704499391975,7.69130414958874e-07,7.98430723415608e-07,-2.930030845673397e-08,-2.2521984948640627e-08,-6.7783235080933395e-09,-0.934683329852915,7.880600000000001e-07,4.4767521121591113e-08,8.775950422431823e-07,6.985249577568179e-07,0.227228998409213,0.1489642578753197,3.9442857142857164e-08,5.438893704199829,4.9328571428571444e-08,6.802064455125683,5.5161904761904777e-08,7.606440259501486,279764803455.95,0.6337823009959797,-15279538664460.0,1.3639599136822915e-06,30.29295330967196,-138.40677738441312,34.035176534368844,17.397454031117352,25.035360678924985,-82.60254596888265,False,True,False,207,184,3,2,0,7474148537.6,-1.0,0,1,-0.01709873138444562,0
1777248000000,7.252e-07,7.383e-07,7.05e-07,7.128e-07,202448750862.0,2026-04-27,-0.0170987313844456,-0.0172466027240963,0.0170987313844456,0.0090188572362506,0.1723050255636006,0.0087988066973453,0.1681009659207702,0.0270632841099427,0.5170433169354859,0.0677725561883379,1.2947928679483918,7.3608e-07,7.349341143847898e-07,7.607099999999999e-07,7.53803814232055e-07,7.7859e-07,7.826712897859485e-07,8.59636e-07,7.881480588034892e-07,6.94344e-07,7.811384249322342e-07,-0.0808510638297873,-8.08510638297873,-0.1064309890936442,-10.643098909364426,-0.2099312790955443,-20.993127909554428,0.0,39.01996370235938,30.665301944728768,7.604641972728934e-07,7.920877068662956e-07,-3.1623509593402263e-08,-2.434228987759296e-08,-7.281219715809299e-09,-1.0214954707925503,7.7859e-07,3.901484063119296e-08,8.566196812623859e-07,7.00560318737614e-07,0.2004384368213975,0.0784296505148359,4.1314285714285735e-08,5.796055796055799,4.7821428571428596e-08,6.708954625621296,5.3361904761904774e-08,7.486238041793598,262924277870.8,0.769988806288488,-15481987415322.0,1.363238007206581e-06,28.232510820204165,-146.12015270243117,36.81822963630606,6.172839506172839,17.380574036239548,-93.82716049382717,False,False,True,207,184,3,2,0,7474148537.6,-1.0,0,1,-0.060044893378226605,0
1777334400000,7.128e-07,7.166e-07,6.631e-07,6.7e-07,354596891709.0,2026-04-28,-0.0600448933782266,-0.0619231637715877,0.0600448933782266,0.0216678050291557,0.4139628338332432,0.0174872593342861,0.3340936204778105,0.0279544170348051,0.5340683875599345,0.0645043877544649,1.2323545976893593,7.1816e-07,7.132894095898599e-07,7.4836e-07,7.385667570989541e-07,7.692e-07,7.719406907587153e-07,8.5926e-07,7.835147986892498e-07,6.939440000000001e-07,7.789359184163625e-07,-0.1179568193786202,-11.795681937862026,-0.1556395715185884,-15.563957151858848,-0.218932152016787,-21.893215201678704,0.0,19.866071428571477,25.13736263736264,7.465466284616791e-07,7.830441730243373e-07,-3.6497544562658126e-08,-2.6773340814606e-08,-9.724203748052128e-09,-1.4513736937391235,7.692e-07,4.1469786084551416e-08,8.521395721691028e-07,6.862604278308972e-07,0.2156515137002152,-0.0980257517952003,4.430000000000003e-08,6.6119402985074665,4.5785714285714317e-08,6.833688699360345,5.080476190476191e-08,7.582800284292822,261486493134.7,1.3560811017735277,-15836584307031.0,1.36190808032476e-06,27.26930559623313,-200.4529815522397,25.694755508386265,3.856903297931857,9.142398945073984,-96.14309670206816,False,True,False,207,184,3,2,0,7474148537.6,-1.0,0,1,-0.05507462686567166,0
1777420800000,6.7e-07,6.733e-07,5.952e-07,6.331e-07,525224211250.0,2026-04-29,-0.0550746268656716,-0.0566493248349309,0.0550746268656716,0.0255213721212847,0.4875851297546694,0.020884438114301,0.3989966299391213,0.0294280277459667,0.5622216806663957,0.0629980972818014,1.2035769586160543,6.9642e-07,6.865596063932399e-07,7.3293e-07,7.193909830809624e-07,7.5802e-07,7.58717767829314e-07,8.566139999999999e-07,7.776161755779343e-07,6.933709999999999e-07,7.76045833229823e-07,-0.1465354543003505,-14.65354543003505,-0.1959613919227838,-19.59613919227838,-0.2610015174506828,-26.100151745068285,0.0,8.002038735983746,23.66525032329578,7.290933010060362e-07,7.719371972447448e-07,-4.284389623870863e-08,-2.9987451899426525e-08,-1.2856444339282106e-08,-2.030713053116744,7.5802e-07,4.6477063952964446e-08,8.509741279059289e-07,6.650658720940711e-07,0.2452550800926859,-0.171944338644224,4.984285714285717e-08,7.872825326624097,4.700714285714287e-08,7.424915946476523,5.138095238095239e-08,8.115771976141586,271804858971.15,1.9323576967612213,-16361808518281.0,1.359805147025877e-06,26.251805877880965,-254.04047537378187,16.912327164194664,15.35656401944894,8.462102274517848,-84.64343598055106,False,True,False,207,184,3,2,0,7474148537.6,-1.0,0,1,-0.05338809034907599,0
1777507200000,6.331e-07,6.441e-07,5.765e-07,5.993e-07,430243484918.0,2026-04-30,-0.0533880903490759,-0.0548660800859412,0.0533880903490759,0.0204450295911101,0.390601741890894,0.0214453014429613,0.4097119087877609,0.030125795567339,0.5755525161757725,0.0632938551083187,1.209227403957828,6.680800000000001e-07,6.574730709288267e-07,7.140200000000001e-07,6.975562588844238e-07,7.46915e-07,7.435351232741411e-07,8.529159999999999e-07,7.706233803297758e-07,6.9295e-07,7.725432485724824e-07,-0.1912280701754385,-19.12280701754385,-0.2398528665651953,-23.98528665651953,-0.2703920136352568,-27.039201363525684,0.0,7.298930729893129,24.975628777539495,7.091251008512615e-07,7.591492567080842e-07,-5.0024155856822754e-08,-3.399479269090577e-08,-1.6029363165916977e-08,-2.6746809888064367,7.46915e-07,5.6078340644828623e-08,8.590716812896572e-07,6.347583187103427e-07,0.3003197988784728,-0.1580749283173224,5.37857142857143e-08,8.974756263259518,4.8235714285714296e-08,8.048675836094493,5.242380952380954e-08,8.747507012149097,275482496829.45,1.5617815645992268,-16792052003199.0,1.3580272497960704e-06,26.3093581814048,-240.9662409662412,16.431252687807273,8.587570621468931,9.267012646283211,-91.41242937853109,False,True,False,207,184,3,2,0,7474148537.6,-1.0,0,1,-0.005840146837977733,0
1777593600000,5.993e-07,6.722e-07,5.891e-07,5.958e-07,639888831482.0,2026-05-01,-0.0058401468379777,-0.0058572671849577,0.0058401468379777,0.0249249586279213,0.4761906659630264,0.0216890156068577,0.4143680613512577,0.0297617737338526,0.5685978888120664,0.0600983753674339,1.14817784922843,6.422000000000001e-07,6.369153806192177e-07,6.9541e-07,6.790551209054376e-07,7.37135e-07,7.294651115337468e-07,8.47044e-07,7.637675576792762e-07,6.92326e-07,7.690407679893579e-07,-0.1784335355763927,-17.843353557639272,-0.2380099757002174,-23.800997570021742,-0.2471569370735405,-24.715693707354056,0.0,0.4904364884747707,17.41811994895791,6.916904699510675e-07,7.470493117667335e-07,-5.535884181566607e-08,-3.8267602515857836e-08,-1.7091239299808236e-08,-2.8686202248755013,7.37135e-07,6.435701634348306e-08,8.658490326869662e-07,6.084209673130338e-07,0.3492278420831087,-0.0490271614118725,5.63857142857143e-08,9.463866110391791,4.7764285714285724e-08,8.016832110487702,5.4209523809523824e-08,9.098610911299737,294326638642.2,2.174077190002108,-17431940834681.0,1.3554418861021834e-06,28.30690921510641,-176.7243794475264,19.196864781876272,8.254918733960636,10.73301779162614,-91.74508126603936,True,False,False,207,184,3,2,0,7474148537.6,-1.0,0,1,-0.010070493454179319,0
1777680000000,5.958e-07,6.28e-07,5.745e-07,5.898e-07,349368039508.0,2026-05-02,-0.0100704934541793,-0.0101215438980061,0.0100704934541793,0.0265631127595684,0.5074875567039107,0.0215187158978606,0.4111144899792348,0.0259687057761235,0.4961314272304355,0.0596199382145534,1.139037320256943,6.176e-07,6.212102537461452e-07,6.7684e-07,6.62826917104449e-07,7.3004e-07,7.161636723400567e-07,8.421000000000001e-07,7.569452968688543e-07,6.919600000000001e-07,7.654888471722373e-07,-0.1725589225589225,-17.25589225589226,-0.2394584139264991,-23.945841392649918,-0.1939319393193933,-19.39319393193933,0.0,0.4861448711716463,18.967114404817067,6.760150130355187e-07,7.354012145988174e-07,-5.9386201563298656e-08,-4.2491322325346e-08,-1.6894879237952656e-08,-2.864509874186615,7.3004e-07,7.231727172313307e-08,8.746745434462662e-07,5.854054565537338e-07,0.3962373115069481,0.0151918875724827,5.9514285714285726e-08,10.090587608390257,4.835714285714286e-08,8.198905197887905,5.407619047619048e-08,9.168564000710491,291698074562.75,1.1977043044651432,-17781308874189.0,1.353996763245252e-06,30.4439379568634,-166.67956197225965,18.70267779197947,6.560891938250421,7.801127097893299,-93.43910806174958,False,True,False,207,184,3,2,0,7474148537.6,-1.0,0,1,-0.036113936927771983,0
1777766400000,5.898e-07,5.965e-07,5.555e-07,5.685e-07,406895235241.0,2026-05-03,-0.0361139369277719,-0.0367821831905849,0.0361139369277719,0.0233023978081892,0.4451916850279803,0.0215784788566804,0.4122562597043181,0.0252639550486164,0.4826671834866731,0.059689720770592,1.1403705141181104,5.973e-07,6.036401691640968e-07,6.5773e-07,6.456765685400037e-07,7.2101e-07,7.021004654505274e-07,8.37208e-07,7.495552814318442e-07,6.91143e-07,7.615852785213128e-07,-0.1514925373134328,-15.149253731343284,-0.2515797788309636,-25.15797788309636,-0.2410893071686022,-24.108930716860225,0.0,0.4526935264826193,18.11946902654869,6.594742417992851e-07,7.230381616655618e-07,-6.35639198662767e-08,-4.670584183353214e-08,-1.6858078032744543e-08,-2.965361131529383,7.2101e-07,8.061181773101588e-08,8.822336354620318e-07,5.597863645379682e-07,0.4472160870501985,0.0270234430487206,5.858571428571429e-08,10.305314738032417,4.9014285714285725e-08,8.62168614147506,5.241428571428572e-08,9.21975122502827,288955219605.2,1.4081601841176,-18188204109430.0,1.3522675921547482e-06,32.74060358328468,-157.85264604162248,18.13462163547875,5.154639175257741,6.656816615822902,-94.84536082474226,False,True,False,207,184,3,2,0,7474148537.6,-1.0,0,1,0.07757255936675445,1
1777852800000,5.685e-07,6.851e-07,5.638e-07,6.126e-07,898127697456.0,2026-05-04,0.0775725593667544,0.0747108812080839,0.0775725593667544,0.0503798432580184,0.9625055539821128,0.0399515973238354,0.7632741951520112,0.0304566054773074,0.5818726306315929,0.05487375568121,1.048361630275934,5.932e-07,6.066267794427312e-07,6.4481e-07,6.396626469872757e-07,7.1274e-07,6.935766115980962e-07,8.302999999999999e-07,7.441844834315999e-07,6.91198e-07,7.586329997175931e-07,-0.0323803506555047,-3.238035065550475,-0.1741709355621462,-17.41709355621462,-0.2125964010282777,-21.259640102827767,30.288461538461505,16.704545454545425,27.34375,6.522628199840105e-07,7.148575570977364e-07,-6.259473711372595e-08,-4.9883620889570905e-08,-1.2711116224155032e-08,-2.074945514880025,7.1274e-07,8.290896973887503e-08,8.7855793947775e-07,5.4692206052225e-07,0.465297133534669,0.1980423218519213,7.115714285714286e-08,11.615596287486593,5.62357142857143e-08,9.179842358098972,5.5600000000000015e-08,9.076069213189689,316464265272.1,2.83800667567878,-17290076411974.0,1.3487065515382825e-06,32.8893394594645,-93.9323354333135,33.13758823293388,22.64076130055509,11.452097471354389,-77.35923869944492,True,False,False,207,184,3,2,0,7474148537.6,-1.0,0,1,0.023996082272282226,1
1777939200000,6.126e-07,6.7e-07,6e-07,6.273e-07,687469487440.0,2026-05-05,0.0239960822722822,0.0237127007040228,0.0239960822722822,0.0434227177328202,0.8295898574512743,0.041888693351595,0.8002823627988729,0.0303572718946345,0.5799748651992946,0.0506126824881643,0.9669539412280316,5.987999999999999e-07,6.135178529618208e-07,6.3344e-07,6.374148929895892e-07,7.0421e-07,6.872645533506584e-07,8.2094e-07,7.396007760260572e-07,6.91585e-07,7.560305531244291e-07,0.0467211747038212,4.672117470382109,-0.1534412955465586,-15.344129554655868,-0.2138112545431758,-21.381125454317583,47.64991896272285,21.601763409257885,31.5824915824916,6.484223861403165e-07,7.083718121275293e-07,-5.994942598721275e-08,-5.1896781909099284e-08,-8.052644078113476e-09,-1.2836990400308426,7.0421e-07,8.246102683918161e-08,8.691320536783633e-07,5.392879463216368e-07,0.468388843323336,0.2668292436195568,7.351428571428571e-08,11.719159208398809,5.890714285714287e-08,9.390585502493682,5.5028571428571455e-08,8.772289403566308,339493591573.25,2.024985167626264,-16602606924534.0,1.346048379465424e-06,34.68952841510084,-72.25018544872223,39.19917971327396,30.63139931740614,19.47559993107296,-69.36860068259386,False,False,True,207,184,3,2,0,7474148537.6,-1.0,0,1,-0.016260162601626105,0
1778025600000,6.273e-07,6.491e-07,6.096e-07,6.171e-07,530440493989.0,2026-05-06,-0.0162601626016261,-0.0163938097756764,0.0162601626016261,0.0446015690899795,0.8521117810065771,0.0418442766384116,0.7994337826850026,0.0303321228740331,0.5794943938353403,0.0474044147832647,0.905660072789174,6.0306e-07,6.147119019745472e-07,6.2263e-07,6.337212760823912e-07,6.95915e-07,6.8058221493631e-07,8.142899999999999e-07,7.347968218370028e-07,6.91687e-07,7.532775937842848e-07,0.0357502517623364,3.575025176233638,-0.1490623276337561,-14.906232763375618,-0.2118773946360153,-21.18773946360153,58.917835671342665,21.304347826086957,35.53030303030303,6.436035575033447e-07,7.016109371551154e-07,-5.8007379651770673e-08,-5.3118901457633563e-08,-4.888478194137111e-09,-0.7921695339713353,6.95915e-07,8.246235042033381e-08,8.608397008406676e-07,5.309902991593323e-07,0.4739794395599107,0.2610576232721425,6.800000000000001e-08,11.019283746556477,5.8921428571428596e-08,9.548116767368109,5.400476190476192e-08,8.751379339614637,353938388863.3,1.4986803090010945,-17133047418523.0,1.343990359502177e-06,35.4101649158437,-70.38092964247767,37.31717513304143,26.279863481228656,26.5173413663966,-73.72013651877135,False,False,True,207,184,3,2,0,7474148537.6,-1.0,0,1,-0.05055906660184739,0
1778112000000,6.171e-07,6.304e-07,5.764e-07,5.859e-07,505422377135.0,2026-05-07,-0.0505590666018473,-0.0518819587762782,0.0505590666018473,0.0517633318325174,0.9889370660852024,0.0433218351439509,0.8276624982971491,0.0306622870793061,0.5858021721202746,0.0477889586654794,0.9130067733433194,6.0228e-07,6.051079346496981e-07,6.0994e-07,6.250264986128655e-07,6.85325e-07,6.715648611328519e-07,8.07268e-07,7.289577282293631e-07,6.913909999999999e-07,7.499609903929632e-07,-0.0066124109867751,-0.6612410986775137,-0.1780303030303031,-17.803030303030305,-0.2655133508837909,-26.55133508837909,46.11764705882353,20.185375901132844,30.08784773060032,6.347260871182148e-07,6.930397566251018e-07,-5.831366950688704e-08,-5.415785506748426e-08,-4.1558144394027705e-09,-0.7093043931392337,6.85325e-07,8.230268189659594e-08,8.499303637931919e-07,5.207196362068081e-07,0.4803716887409386,0.1979897929543889,6.605714285714287e-08,11.27447394728501,5.992142857142858e-08,10.22724501987175,5.41761904761905e-08,9.246661627614012,359881326530.45,1.4044140106064535,-17638469795658.0,1.3419651539896637e-06,36.929852014402,-86.60093393316389,35.88451372786956,12.969283276450492,23.29351535836173,-87.0307167235495,False,True,False,207,184,3,2,0,7474148537.6,-1.0,0,1,0.06485748421232285,1
1778198400000,5.859e-07,6.49e-07,5.748e-07,6.239e-07,423539567413.0,2026-05-08,0.0648574842123228,0.0628409725659976,0.0648574842123228,0.0539354070184774,1.0304345042460583,0.0478109916685007,0.9134277132749964,0.0354528726289039,0.6773261805356927,0.0487400725269091,0.9311777781518702,6.1336e-07,6.113719564331321e-07,6.0533e-07,6.248216806832536e-07,6.76845e-07,6.670253505487708e-07,8.01638e-07,7.248378155862207e-07,6.91576e-07,7.474631123050256e-07,0.0974494283201405,9.744942832014058,-0.0688059701492538,-6.880597014925384,-0.2137366099558916,-21.37366099558917,60.68965517241381,31.07544141252005,31.60658868465028,6.330605352538741e-07,6.879182931713877e-07,-5.485775791751357e-08,-5.4297835637490136e-08,-5.599222800234424e-10,-0.0897455169135185,6.76845e-07,7.925106325040466e-08,8.353471265008093e-07,5.183428734991907e-07,0.4683557579676567,0.3329833133193652,6.47857142857143e-08,10.383990108304904,6.05857142857143e-08,9.710805303047652,5.343809523809524e-08,8.565169937184683,372285397130.45,1.137674404308129,-17214930228245.0,1.3403180823489232e-06,37.44618117055581,-63.13275340091222,41.97531727221399,33.46379647749508,24.237647745058045,-66.53620352250492,True,True,False,207,184,3,2,0,7474148537.6,-1.0,0,1,-0.021317518833146254,0
1778284800000,6.239e-07,6.387e-07,6.052e-07,6.106e-07,195164848916.0,2026-05-09,-0.0213175188331462,-0.0215480188159631,0.0213175188331462,0.0448810961589488,0.8574521381607934,0.0450817965264818,0.8612865132986333,0.0355095105887632,0.6784082472394654,0.0485199867349619,0.9269730450006208,6.1296e-07,6.111146376220881e-07,6.0308e-07,6.222359205590258e-07,6.680049999999999e-07,6.616515076393641e-07,7.965e-07,7.203578994398231e-07,6.919619999999999e-07,7.447512267911822e-07,-0.0032647730982695,-0.326477309826957,-0.0355394092560417,-3.5539409256041696,-0.224536449072898,-22.453644907289807,63.8943894389439,29.876543209876544,27.285956827552766,6.296050682917396e-07,6.821910121957266e-07,-5.2585943903986996e-08,-5.3955457290789514e-08,1.3695133868025172e-09,0.2242897783823317,6.680049999999999e-07,7.606678834733033e-08,8.201385766946606e-07,5.158714233053393e-07,0.4554863412539147,0.3113335620997905,6.192857142857145e-08,10.14224884188854,6.072142857142858e-08,9.94455102709279,5.2880952380952387e-08,8.660490072216243,372643982080.95,0.5237300434214555,-17410095077161.0,1.3395639995424475e-06,39.08562158038179,-55.19001275925038,44.7333599940009,28.069281711665816,24.8341204885371,-71.93071828833418,False,False,True,207,184,3,2,0,7474148537.6,-1.0,0,1,0.012119226989846021,1
1778371200000,6.106e-07,6.394e-07,5.85e-07,6.18e-07,384687213024.0,2026-05-10,0.012119226989846,0.0120463771569132,0.012119226989846,0.0435990491565949,0.8329586645723197,0.0415185859338973,0.7932114705120586,0.0358052114199245,0.6840576036864917,0.0473275480463851,0.904191535843073,6.111e-07,6.134097584147254e-07,6.049499999999999e-07,6.214657531846574e-07,6.59485e-07,6.574942211975199e-07,7.902840000000001e-07,7.16343862609772e-07,6.926149999999999e-07,7.422397357253878e-07,-0.0148254423720708,-1.482544237207088,0.0312030702486232,3.1203070248623264,-0.2161339421613395,-21.61339421613395,52.35191637630661,33.01647655259822,29.619565217391298,6.278196731699335e-07,6.774361224034483e-07,-4.961644923351478e-08,-5.308765567933456e-08,3.471206445819775e-09,0.5616838909093489,6.59485e-07,7.126330180544826e-08,8.020116036108965e-07,5.169583963891035e-07,0.4322360739391996,0.3544657665692511,6.384285714285714e-08,10.330559408229313,6.121428571428573e-08,9.905224225612576,5.395714285714287e-08,8.73092926490985,382423709712.2,1.0059188362392684,-17025407864137.0,1.338073952884225e-06,40.37613681122718,-54.20292026527123,43.55180985788008,34.19037199124723,31.90781672680268,-65.80962800875277,True,True,False,207,184,3,2,0,7474148537.6,-1.0,0,1,0.009061488673139273,1
1778457600000,6.18e-07,6.279e-07,5.94e-07,6.236e-07,278558899854.0,2026-05-11,0.0090614886731392,0.0090206797259307,0.0090614886731392,0.0430291327425294,0.8220704267698665,0.0413998620926908,0.79094325471063,0.0360959493017998,0.6896121431205422,0.0472933896721352,0.9035389410193436,6.124000000000001e-07,6.16806505609817e-07,6.0773e-07,6.218537980601742e-07,6.515700000000001e-07,6.542662001310895e-07,7.846779999999999e-07,7.127068470335625e-07,6.936959999999999e-07,7.398889974870282e-07,0.0105331388753848,1.053313887538497,0.046659953004364,4.665995300436402,-0.2024555569765953,-20.24555569765954,48.249763481551575,35.55699481865285,28.001010866818305,6.271704926822515e-07,6.734482614846726e-07,-4.627776880242112e-08,-5.172567830395186e-08,5.447909501530747e-09,0.8736224344981953,6.515700000000001e-07,6.551016875669156e-08,7.825903375133832e-07,5.205496624866169e-07,0.4021681093769914,0.3932608458700429,5.135714285714284e-08,8.235590580042148,6.125714285714287e-08,9.823146705763769,5.4609523809523815e-08,8.757139802681815,389137534141.65,0.7158366269356112,-16746848964283.0,1.3370003334135218e-06,40.653432349980726,-48.75784160843736,47.4668889018966,42.271880819366864,34.84384484075994,-57.72811918063313,False,False,True,207,184,3,2,0,7474148537.6,-1.0,0,1,-0.027421423989737015,0
1778544000000,6.236e-07,6.285e-07,5.922e-07,6.065e-07,341326735408.0,2026-05-12,-0.027421423989737,-0.0278044087995166,0.027421423989737,0.0366183140165219,0.6995919069826357,0.04246680085745,0.8113270911902335,0.0362830586234584,0.6931868616915382,0.0468672382657204,0.8953973298314957,6.1652e-07,6.13371003739878e-07,6.093999999999999e-07,6.190621984128698e-07,6.431200000000001e-07,6.497170382138429e-07,7.77974e-07,7.085418711479039e-07,6.95019e-07,7.372460480709046e-07,0.0351595835466804,3.5159583546680437,0.0283146829433706,2.831468294337079,-0.2179239200515795,-21.79239200515796,45.293072824156326,38.78488166725539,27.11698482623593,6.239904168849821e-07,6.684891310043244e-07,-4.4498714119342345e-08,-5.028028546702995e-08,5.781571347687613e-09,0.9532681529575618,6.431200000000001e-07,5.928728984230946e-08,7.61694579684619e-07,5.245454203153811e-07,0.3687479154267289,0.3455824170011786,4.654285714285712e-08,7.674007772936045,6.002857142857141e-08,9.89753857025085,5.478571428571429e-08,9.033093864091391,396248068553.25,0.8613965909139331,-17088175699691.0,1.335678053973447e-06,38.84270494770609,-52.59238323396272,47.86936547230906,39.35185185185187,38.60470155415529,-60.64814814814813,True,True,False,207,184,3,2,0,7474148537.6,-1.0,0,1,-0.06364385820280305,0
1778630400000,6.065e-07,6.124e-07,5.625e-07,5.679e-07,501039470062.0,2026-05-13,-0.063643858202803,-0.065759381500718,0.063643858202803,0.030912513464084,0.5905827404890182,0.0460666826305516,0.8801027358968659,0.0380784080835592,0.7274869649656925,0.0475262615126241,0.9079879512849895,6.0532e-07,5.98214002493252e-07,6.0934e-07,6.097599805196208e-07,6.335350000000001e-07,6.41924939336334e-07,7.705780000000001e-07,7.030265017534066e-07,6.95119e-07,7.338906909174685e-07,-0.0897579740343003,-8.975797403430033,-0.0010554089709763,-0.1055408970976332,-0.2523696682464454,-25.23696682464455,42.500000000000014,38.55337078651685,25.119020630242588,6.153611219796001e-07,6.610380842632606e-07,-4.567696228366044e-08,-4.935962083035605e-08,3.6826585466956092e-09,0.6484695451128031,6.335350000000001e-07,5.479035907321965e-08,7.431157181464394e-07,5.239542818535608e-07,0.345934220355432,0.2005175677335492,4.802857142857139e-08,8.457223354212253,5.80142857142857e-08,10.215581213996426,5.52904761904762e-08,9.735952842133509,411199089798.15,1.218483898658314,-17589215169753.0,1.3336709185617614e-06,34.95241618940906,-90.6787025148178,48.36859259105442,9.567901234567886,30.397211301928845,-90.43209876543212,False,True,False,207,184,3,2,0,7474148537.6,-1.0,0,1,0.008452192287374594,1
1778716800000,5.679e-07,6.1e-07,5.5e-07,5.727e-07,554028787215.0,2026-05-14,0.0084521922873745,0.0084166725164248,0.0084521922873745,0.0329701139436336,0.6298931424547398,0.0377000103724477,0.7202576868455989,0.0383185167733368,0.732074235042869,0.0475679737032654,0.9087848615682445,5.977400000000001e-07,5.897093349955013e-07,6.0535e-07,6.030218022433261e-07,6.2508e-07,6.353320879709688e-07,7.63624e-07,6.979156568571253e-07,6.95561e-07,7.306969580129014e-07,-0.0620700949885358,-6.207009498853584,-0.0651322233104798,-6.513222331047981,-0.2279590186033971,-22.79590186033971,20.50691244239637,44.80062548866302,25.758597437626435,6.08797872444277e-07,6.544945224659799e-07,-4.569665002170285e-08,-4.862702666862543e-08,2.9303766469225727e-09,0.5116774309276362,6.2508e-07,5.0046048269292525e-08,7.251720965385851e-07,5.24987903461415e-07,0.3202537164477669,0.2383409789013275,4.8885714285714245e-08,8.536007383571546,5.747142857142855e-08,10.035171742872103,5.624285714285714e-08,9.820649055850732,425558033195.55,1.3018877426769568,-17035186382538.0,1.3314540321260207e-06,31.001138322321896,-99.16327665610608,47.66790870095453,16.80236861584013,21.90737390075326,-83.19763138415988,False,True,False,207,184,3,2,0,7474148537.6,-1.0,0,1,-0.012048192771084265,0
1778803200000,5.727e-07,5.801e-07,5.25e-07,5.658e-07,668279238624.0,2026-05-15,-0.0120481927710842,-0.0121213605323447,0.0120481927710842,0.0301484631215829,0.5759855791915358,0.0361990721313613,0.6915823020129982,0.0382299748186896,0.7303826433745121,0.0475708111707739,0.9088390713088772,5.873e-07,5.817395566636676e-07,5.992e-07,5.962542018354487e-07,6.1632e-07,6.287099843546861e-07,7.566780000000001e-07,6.927346490595907e-07,6.961800000000001e-07,7.274298286732755e-07,-0.0844660194174755,-8.446601941747558,-0.0980392156862745,-9.803921568627445,-0.2364372469635626,-23.643724696356266,22.139303482587124,44.21296296296297,25.735459240961163,6.021828151451575e-07,6.479245578388682e-07,-4.5741742693710723e-08,-4.804996987364248e-08,2.3082271799317608e-09,0.4079581442085119,6.1632e-07,4.3606766737137364e-08,7.035335334742747e-07,5.291064665257252e-07,0.2830138028111201,0.2103660522199705,4.6157142857142815e-08,8.157854870474162,5.547142857142856e-08,9.80407009039034,5.577619047619047e-08,9.857933983066538,452703012118.9,1.476197906208055,-17703465621162.0,1.3287246237517233e-06,27.664579652482782,-145.7328263049359,38.164247584760055,25.484072454715857,17.284780768374592,-74.51592754528414,False,True,False,207,184,3,2,0,7474148537.6,-1.0,0,1,0.024213503004595127,1
1778889600000,5.658e-07,5.99e-07,5.462e-07,5.795e-07,547258097804.0,2026-05-16,0.0242135030045951,0.0239250039123394,0.0242135030045951,0.0339587598407822,0.6487811957988857,0.037616027162179,0.7186531898663034,0.039037316281535,0.7458068803648694,0.0476788886208176,0.910903888092734,5.7848e-07,5.809930377757784e-07,5.9544e-07,5.932079833199126e-07,6.09035e-07,6.240233191780493e-07,7.49728e-07,6.882940732309979e-07,6.97441e-07,7.244989044920718e-07,-0.0707184092366902,-7.071840923669023,-0.0609301571868415,-6.093015718684162,-0.2009100937672365,-20.09100937672365,27.79700115340262,48.070438366429386,28.347326557666804,5.986931512766717e-07,6.428560720730246e-07,-4.416292079635295e-08,-4.7272560058184594e-08,3.109639261831635e-09,0.5366072928096005,6.09035e-07,3.595968905380121e-08,6.809543781076024e-07,5.371156218923976e-07,0.2361748605830614,0.2946659107938119,4.891428571428568e-08,8.440774066313319,5.5421428571428564e-08,9.563663256501908,5.6785714285714296e-08,9.799087883643535,471200417965.5,1.161412589927008,-17156207523358.0,1.3265553858525448e-06,23.27272846984358,-104.15866577730438,44.76522826628115,34.041224234853246,25.44255510180305,-65.95877576514675,True,False,False,207,184,3,2,0,7474148537.6,-1.0,0,1,-0.05884383088869716,0
1778976000000,5.795e-07,5.795e-07,5.416e-07,5.454e-07,289973377007.0,2026-05-17,-0.0588438308886971,-0.0606461923683182,0.0588438308886971,0.0394984884820773,0.7546175628850753,0.0387885141346426,0.7410535220227211,0.0405011940304469,0.7737742254886423,0.0439002313733242,0.8387127427435823,5.6626e-07,5.69128691850519e-07,5.9139e-07,5.845156227162921e-07,6.006649999999999e-07,6.16535384018235e-07,7.39706e-07,6.826903824410164e-07,6.97491e-07,7.209504682911922e-07,-0.1007419620774938,-10.074196207749388,-0.0691244239631335,-6.912442396313359,-0.2348484848484848,-23.484848484848484,16.059027777777786,45.87057561673221,27.251486830926083,5.904942049264145e-07,6.356371037713172e-07,-4.5142898844902735e-08,-4.684662781552823e-08,1.703728970625489e-09,0.3123815494362833,6.006649999999999e-07,2.9424287765896682e-08,6.595135755317932e-07,5.418164244682066e-07,0.1959447463454449,0.0304474279913314,4.655714285714283e-08,8.536329823458532,5.519999999999999e-08,10.121012101210118,5.632857142857141e-08,10.327937555660323,475576649272.75,0.6097300560286679,-17446180900365.0,1.3253814978170865e-06,18.33809501021136,-145.40040608939768,45.55787593064253,12.742036227357929,24.089110972308976,-87.25796377264207,False,True,False,207,184,3,2,0,7474148537.6,-1.0,0,1,0.005133846718005097,1
1779062400000,5.454e-07,5.98e-07,5.31e-07,5.482e-07,473210695514.0,2026-05-18,0.005133846718005,0.0051207134571972,0.005133846718005,0.0319093347576319,0.6096269845620645,0.0302449796343389,0.5778295245786395,0.0390727494887438,0.7464838308380826,0.0429889406463232,0.8213025578500177,5.6232e-07,5.621524612336793e-07,5.8382e-07,5.779127822224208e-07,5.94575e-07,6.100272522069745e-07,7.313219999999999e-07,6.774162483099348e-07,6.97686e-07,7.175278486240279e-07,-0.0346892058460996,-3.4689205846099664,-0.1213335470427953,-12.133354704279528,-0.1817910447761194,-18.179104477611947,21.110009910802773,36.493288590604045,28.76261518209741,5.839874041685046e-07,6.291602812697364e-07,-4.517287710123185e-08,-4.651187767266896e-08,1.3390005714371023e-09,0.2442540261651044,5.94575e-07,2.6806772023497756e-08,6.481885440469956e-07,5.409614559530045e-07,0.1803424094420233,0.0675066736928493,5.1285714285714286e-08,9.355292646062436,5.132142857142857e-08,9.36180747381039,5.7933333333333336e-08,10.567919250881673,481507339463.0,0.982769434089514,-16972970204851.0,1.3234823135894708e-06,19.067995651764107,-122.0066102966522,41.35176145755914,16.00000000000002,20.927753487403702,-83.99999999999997,True,True,False,207,184,3,2,0,7474148537.6,-1.0,0,1,-0.01824151769427218,0
1779148800000,5.482e-07,5.539e-07,5.29e-07,5.382e-07,372119564565.0,2026-05-19,-0.0182415176942721,-0.01840994557588,0.0182415176942721,0.030976929796286,0.5918134127877412,0.0301600644045137,0.576207221390718,0.0376414363056226,0.719138630870182,0.0428768518287875,0.819161103997832,5.5542e-07,5.541683074891195e-07,5.7658e-07,5.706922763637989e-07,5.8983e-07,6.031865615205959e-07,7.225e-07,6.719567861136697e-07,6.977079999999999e-07,7.139749519670332e-07,-0.0602409638554217,-6.024096385542177,-0.1185718964952506,-11.857189649525065,-0.1498973305954826,-14.98973305954826,29.46058091286308,30.93709884467266,28.193548387096783,5.769431881425808e-07,6.224224826571618e-07,-4.547929451458097e-08,-4.630536104105136e-08,8.260665264703882e-10,0.1534869056986972,5.8983e-07,2.8001054491493354e-08,6.458321089829867e-07,5.338278910170133e-07,0.1898923723207931,0.0390352172657899,4.965714285714285e-08,9.22652227000053,4.809999999999999e-08,8.937198067632847,5.657142857142857e-08,10.51122790253225,473852107128.75,0.7853073964782258,-17345089769416.0,1.3219590742475617e-06,19.467793903645106,-152.13379793551803,31.84086832982082,10.636583400483511,13.126206542613792,-89.36341659951648,False,True,False,207,184,3,2,0,7474148537.6,-1.0,0,1,0.0005574136008918984,1
1779235200000,5.382e-07,5.659e-07,5.124e-07,5.385e-07,632930402797.0,2026-05-20,0.0005574136008918,0.0005572583036378,0.0005574136008918,0.0314766131284903,0.6013598494452705,0.0293379382192053,0.5605005226743115,0.0360740693287015,0.6891941268214392,0.0383927914573044,0.7334932508876167,5.499600000000001e-07,5.489455383260797e-07,5.6863e-07,5.648391352067445e-07,5.8679e-07,5.970259366138725e-07,7.11294e-07,6.667231852967301e-07,6.979239999999999e-07,7.104984259119875e-07,-0.0482502651113467,-4.825026511134682,-0.128640776699029,-12.864077669902905,-0.101451693642583,-10.145169364258305,24.77876106194688,32.43967828418232,29.23248053392659,5.710288515052607e-07,6.162060024603337e-07,-4.5177150955072975e-08,-4.6079719023855696e-08,9.025680687827143e-10,0.1676078122159172,5.8679e-07,3.013773469648283e-08,6.470654693929656e-07,5.265145306070344e-07,0.2054413653707991,0.0994224475866496,5.0171428571428574e-08,9.316885528584692,4.909999999999998e-08,9.117920148560811,5.54e-08,10.287836583101209,483986453022.7,1.307744047057685,-16712159366619.0,1.319377067942151e-06,20.65299544433351,-132.61503015518082,31.75654383126563,19.10688140556373,15.247821602015724,-80.89311859443626,True,True,False,207,184,3,2,0,7474148537.6,-1.0,0,1,-0.008170844939647148,0
1779321600000,5.385e-07,5.462e-07,5.253e-07,5.341e-07,446492250289.0,2026-05-21,-0.0081708449396471,-0.0082044092507186,0.0081708449396471,0.0256059733332855,0.4892014336404786,0.028370104002332,0.5420100759235426,0.0360816427485149,0.6893388168038155,0.0352861103147479,0.6741401909972167,5.4088e-07,5.439970255507199e-07,5.5968e-07,5.59250201532791e-07,5.83705e-07,5.910329902696941e-07,7.026e-07,6.615222747694686e-07,6.98356e-07,7.070036392471635e-07,-0.0783433994823123,-7.834339948231237,-0.1435214881334189,-14.352148813341897,-0.1035582410204766,-10.355824102047665,25.7274119448698,36.85279187817261,29.762174405436014,5.653474897352207e-07,6.101240763521596e-07,-4.4776586616938953e-08,-4.5819092542472356e-08,1.0425059255334023e-09,0.1951892764526123,5.83705e-07,3.2250736017775195e-08,6.482064720355505e-07,5.192035279644496e-07,0.2210070910324579,0.1154738920325731,4.458571428571429e-08,8.347821435258245,4.673571428571426e-08,8.750367774895013,5.3176190476190475e-08,9.95622364279919,474316623963.05,0.9413379749552748,-17158651616908.0,1.3175571814539454e-06,20.65209636980024,-124.78941760649744,32.32844026868034,15.885797950219652,15.209754252088937,-84.11420204978035,False,False,True,207,184,3,2,0,7474148537.6,-1.0,0,1,-0.04156524995319222,0
1779408000000,5.341e-07,5.5e-07,5.012e-07,5.119e-07,640341646503.0,2026-05-22,-0.0415652499531922,-0.0424537938821869,0.0415652499531922,0.0185602723226245,0.3545935048359502,0.0293922612604882,0.5615383629207811,0.0369977478817749,0.7068409807998077,0.033845215047377,0.6466119255667699,5.3418e-07,5.332980170338132e-07,5.502200000000001e-07,5.506410739813745e-07,5.7981e-07,5.834965150059137e-07,6.9515e-07,6.556547331733835e-07,6.984759999999999e-07,7.03138305219777e-07,-0.0614228089475613,-6.142280894756138,-0.1559769167353668,-15.597691673536689,-0.1320786707358425,-13.207867073584254,4.200542005420076,19.09492273730686,31.218816821097647,5.571247990067252e-07,6.028482188445909e-07,-4.57234198378657e-08,-4.579995800155102e-08,7.653816368532486e-11,0.0149517803643924,5.7981e-07,3.5965976612462914e-08,6.517419532249259e-07,5.078780467750741e-07,0.2481224995254509,0.0279566523958381,4.36857142857143e-08,8.534032874724417,4.492142857142856e-08,8.775430469120641,5.1542857142857134e-08,10.068930873775567,488865304312.8,1.309852920331769,-17798993263411.0,1.3149148719400274e-06,23.03053285019157,-137.84106364670973,24.37235140756489,7.742402315484849,14.245027223756049,-92.25759768451516,True,True,False,207,184,3,2,0,7474148537.6,-1.0,0,1,0.019730416096893855,1
1779494400000,5.119e-07,5.302e-07,5.011e-07,5.22e-07,370776576941.0,2026-05-23,0.0197304160968938,0.019538294419101,0.0197304160968938,0.0227041991125118,0.4337631149940176,0.0261535069422579,0.499662048552057,0.0367445114343044,0.7020029052640675,0.0338482699191125,0.6466702888093284,5.289400000000001e-07,5.295320113558754e-07,5.4563e-07,5.454336059847609e-07,5.77485e-07,5.776397040529696e-07,6.875559999999999e-07,6.504133698788374e-07,6.988979999999999e-07,6.995496830144528e-07,-0.047792776358993,-4.779277635899299,-0.0808240887480189,-8.082408874801894,-0.0817941952506596,-8.179419525065962,26.5060240963856,25.11235955056182,35.90459274295864,5.517209837749214e-07,5.968594618931387e-07,-4.5138478118217355e-08,-4.566766202488429e-08,5.291839066669451e-10,0.1013762273308323,5.77485e-07,3.8170976505356046e-08,6.53826953010712e-07,5.011430469892879e-07,0.2643945834461919,0.1366021708128525,4.0300000000000023e-08,7.720306513409965,4.460714285714285e-08,8.54542966611932,5.0380952380952384e-08,9.651523444626893,487059371397.8,0.7612554007059082,-17428216686470.0,1.3133866334935586e-06,25.410735062355965,-127.9570442342111,20.58635329105681,15.112075198843156,12.913425154849188,-84.88792480115684,False,True,False,207,184,3,2,0,7474148537.6,-1.0,0,1,0.022413793103448043,1
1779580800000,5.22e-07,5.396e-07,5.08e-07,5.337e-07,615770908791.0,2026-05-24,0.022413793103448,0.0221662954572602,0.022413793103448,0.0258675187336394,0.4941982514981658,0.0274733592404594,0.5248777913035557,0.0321071805933969,0.6134068239470498,0.0338148245598917,0.6460313161186035,5.280399999999999e-07,5.309213409039169e-07,5.4173e-07,5.433002230784407e-07,5.7354e-07,5.734549703336392e-07,6.79762e-07,6.458363739670121e-07,6.99256e-07,6.962639826960189e-07,-0.0083612040133779,-0.8361204013377964,-0.068098480880042,-6.809848088004203,-0.1287952987267384,-12.879529872673851,37.64906303236794,26.878771256171177,41.18279569892472,5.489485247326258e-07,5.92180983234387e-07,-4.3232458501761215e-08,-4.518062132025968e-08,1.948162818498469e-09,0.3650295706386489,5.7354e-07,3.842713405372532e-08,6.503942681074507e-07,4.966857318925494e-07,0.2679996795601027,0.2408081491043581,3.9400000000000015e-08,7.382424583099121,4.2978571428571423e-08,8.052945742659064,4.993333333333334e-08,9.356067703453876,472941531964.55,1.30200218668289,-16812445777679.0,1.31089112377107e-06,26.82395143214219,-98.17838666734066,28.79152030213457,25.588697017268448,16.14772484386545,-74.41130298273156,True,False,False,207,184,3,2,0,7474148537.6,-1.0,0,1,-0.03503841109237382,0
1779667200000,5.337e-07,5.389e-07,5.088e-07,5.15e-07,637893357115.0,2026-05-25,-0.0350384110923738,-0.0356669826761628,0.0350384110923738,0.0297922891132284,0.5691808843164528,0.0288973300787223,0.5520827159698984,0.0318807572502331,0.6090810120498157,0.0339865349247945,0.649311838033861,5.2334e-07,5.25614227269278e-07,5.3665e-07,5.381547279732696e-07,5.679249999999999e-07,5.67887830301864e-07,6.716979999999999e-07,6.407055346794404e-07,6.994050000000001e-07,6.92672938352379e-07,-0.04363974001857,-4.363974001857004,-0.0897843761046306,-8.978437610463061,-0.1790212019767255,-17.90212019767256,32.7893175074184,22.21084953940634,39.566115702479344,5.437256747737603e-07,5.864638733651723e-07,-4.273819859141196e-08,-4.469213677449015e-08,1.9539381830781902e-09,0.3794054724423669,5.679249999999999e-07,3.8362864102010183e-08,6.446507282040203e-07,4.911992717959796e-07,0.2701966921830184,0.1551026543582112,3.4128571428571434e-08,6.626907073509016,4.2707142857142867e-08,8.29264909847434,4.5590476190476196e-08,8.852519648636152,470462725448.3,1.3558850098212494,-17450339134794.0,1.308302291226348e-06,28.23716780192841,-99.97458703938992,23.202579287515377,10.910518053375265,17.20376342316226,-89.08948194662474,False,False,True,207,184,3,2,0,7474148537.6,-1.0,0,1,-0.04601941747572835,0
1779753600000,5.15e-07,5.163e-07,4.779e-07,4.913e-07,468841091074.0,2026-05-26,-0.0460194174757283,-0.0471119614891338,0.0460194174757283,0.0341666679658692,0.6527532749514426,0.0284647770818256,0.5438188025676205,0.0328994990114543,0.6285440460697322,0.0333789111493096,0.6377032021030085,5.1478e-07,5.14176151512852e-07,5.2783e-07,5.296356865235841e-07,5.61635e-07,5.60593751225496e-07,6.644039999999999e-07,6.348464929048302e-07,6.99368e-07,6.886835493745735e-07,-0.0801348062160645,-8.013480621606448,-0.152200172562554,-15.220017256255405,-0.2038567493112948,-20.385674931129483,24.00881057268718,21.485148514851478,37.83650284020745,5.356601863470279e-07,5.794146975603437e-07,-4.375451121331578e-08,-4.450461166225528e-08,7.501004489394948e-10,0.1526766637369214,5.61635e-07,4.014736374649676e-08,6.419297274929935e-07,4.813402725070064e-07,0.285932064394112,0.0620198100420891,3.605714285714288e-08,7.33912942339566,4.285714285714287e-08,8.723212468378357,4.408571428571428e-08,8.973277892471868,467382755302.55,1.00312021732703,-17919180225868.0,1.3063485027051154e-06,30.98143298197973,-137.65877448070216,23.058935764242666,9.962825278810374,15.487346783151333,-90.03717472118963,False,True,False,207,184,3,2,0,7474148537.6,-1.0,0,1,-0.00712395684917555,0
1779840000000,4.913e-07,4.986e-07,4.737e-07,4.878e-07,352757745925.0,2026-05-27,-0.0071239568491755,-0.0071494533927825,0.0071239568491755,0.0310805548282489,0.5937931662436022,0.0241944453239526,0.4622342288870579,0.0315436175591946,0.6026399672964519,0.0320631240336522,0.6125651245549643,5.0996e-07,5.053841010085679e-07,5.2207e-07,5.220291980647508e-07,5.5673e-07,5.53661013013544e-07,6.56116e-07,6.290799626375673e-07,6.99222e-07,6.847038913488614e-07,-0.0470795077163508,-4.707950771635087,-0.1056105610561055,-10.56105610561056,-0.1674347158218125,-16.743471582181254,24.24916573971076,26.003594967046126,39.57633686385946,5.282970807551775e-07,5.72628423666984e-07,-4.433134291180653e-08,-4.4469957912165536e-08,1.386150003590015e-10,0.0284163592371876,5.5673e-07,4.2923458192018406e-08,6.425769163840368e-07,4.7088308361596326e-07,0.3083969478348098,0.0985295517683996,3.197142857142858e-08,6.554208399226852,4.1071428571428585e-08,8.419727054413402,4.339047619047618e-08,8.895136570413321,459749523742.05,0.7672824607925435,-18271937971793.0,1.3048693647884217e-06,34.06626472340179,-138.77053379767418,23.78338739809216,10.3448275862069,10.40605697279748,-89.65517241379311,False,True,False,207,184,3,2,0,7474148537.6,-1.0,0,1,-0.038950389503895066,0
1779926400000,4.878e-07,4.896e-07,4.62e-07,4.688e-07,414251277032.0,2026-05-28,-0.038950389503895,-0.039729247519017,0.038950389503895,0.0283837579592501,0.5422709344041906,0.024965975963951,0.4769743010675649,0.0270302437426885,0.5164120816054175,0.0318503353762569,0.6084998029635805,4.9932e-07,4.931894006723786e-07,5.1413e-07,5.123511620529779e-07,5.48975e-07,5.455790117741588e-07,6.48336e-07,6.227944727193728e-07,6.9898e-07,6.804267063661629e-07,-0.1019157088122605,-10.191570881226058,-0.1448376504925209,-14.483765049252096,-0.2485975316557139,-24.8597531655714,25.14417531718567,21.314191054665912,30.13812154696133,5.191436837159194e-07,5.649374293212806e-07,-4.5793745605361134e-08,-4.473471545080466e-08,-1.0590301545564668e-09,-0.2259023367227957,5.48975e-07,4.4142781194471856e-08,6.372605623889437e-07,4.606894376110563e-07,0.3216378246329748,0.0459336847921548,3.2928571428571456e-08,7.024012676743056,3.875714285714288e-08,8.267308629936618,4.213333333333333e-08,8.98748577929465,459285109223.0,0.9019479811414168,-18686189248825.0,1.3031111967877873e-06,37.06624597990142,-146.49010798455112,24.58470147164149,4.963503649635061,8.423718838217415,-95.03649635036494,False,True,False,207,184,3,2,0,7474148537.6,-1.0,0,1,0.04436860068259385,1
1780012800000,4.688e-07,4.99e-07,4.671e-07,4.896e-07,416180211162.0,2026-05-29,0.0443686006825938,0.0434124929353134,0.0443686006825938,0.0371213264942138,0.7092019468754004,0.0312018078459487,0.5961097018940905,0.0299103952463619,0.5714372988217179,0.0327900046577986,0.6264521593803763,4.905e-07,4.919929337815858e-07,5.092700000000001e-07,5.082145871342547e-07,5.429250000000001e-07,5.40247677319477e-07,6.40994e-07,6.175711591157362e-07,6.990250000000001e-07,6.766463479637116e-07,-0.0826306913996626,-8.26306913996626,-0.0903010033444815,-9.03010033444815,-0.198165738617753,-19.8165738617753,33.36755646817247,30.461538461538453,31.2958435207824,5.145985016057779e-07,5.593568790011852e-07,-4.475837739540724e-08,-4.4739447839725185e-08,-1.89295556820574e-11,-0.0038663308174136,5.429250000000001e-07,4.353994989485156e-08,6.300048997897032e-07,4.55845100210297e-07,0.3207805858625155,0.1938156788835354,3.051428571428573e-08,6.232492997198882,3.710000000000002e-08,7.577614379084971,4.0119047619047626e-08,8.194249922191098,470335877335.3,0.8848574629685485,-18270009037663.0,1.3013772599819775e-06,37.54659769505556,-114.06623668381768,31.53900776094912,20.145985401459896,11.818105545767256,-79.8540145985401,True,False,False,207,184,3,2,0,7474148537.6,-1.0,0,1,0.015318627450980227,1
1780099200000,4.896e-07,5.2e-07,4.827e-07,4.971e-07,474101513697.0,2026-05-30,0.0153186274509802,0.0152024819025104,0.0153186274509802,0.0376791280116048,0.7198587299018742,0.0320410175354554,0.6121427804999314,0.0300462701711021,0.5740331856139727,0.0326874872998959,0.6244935680077197,4.8692e-07,4.936952891877239e-07,5.0513e-07,5.061937531098446e-07,5.3688e-07,5.36138374717622e-07,6.34508e-07,6.128467991109311e-07,6.99195e-07,6.730894883116221e-07,-0.0347572815533981,-3.47572815533982,-0.0768802228412257,-7.68802228412257,-0.195631067961165,-19.563106796116504,30.364806866952776,28.17796610169489,33.579638752052546,5.119064244356582e-07,5.547452583344302e-07,-4.2838833898772036e-08,-4.435932505153455e-08,1.5204911527625216e-09,0.3058722898335389,5.3688e-07,4.0879574104330606e-08,6.186391482086612e-07,4.551208517913388e-07,0.3045714059330249,0.2567244713797918,3.1685714285714296e-08,6.374112710865881,3.599285714285716e-08,7.240566715521456,4.0300000000000004e-08,8.107020720177028,474806592368.95,0.9985150192030146,-17795907523966.0,1.2994463578135291e-06,38.81955179779364,-79.70483513081173,29.98934590315855,25.808823529411747,16.972770860168872,-74.19117647058825,True,False,False,207,184,3,2,0,7474148537.6,-1.0,0,1,-0.023938845302755918,0
1780185600000,4.971e-07,5.065e-07,4.786e-07,4.852e-07,433666164015.0,2026-05-31,-0.0239388453027559,-0.0242300360307317,0.0239388453027559,0.032874229599734,0.6280612746366797,0.0324627097278368,0.6201991985232927,0.0298271260932653,0.56984644388554,0.0325229554880667,0.6213501921563654,4.857e-07,4.908635261251493e-07,5.002399999999999e-07,5.023767070898729e-07,5.2996e-07,5.312871009349914e-07,6.28384e-07,6.078410414444176e-07,6.991409999999999e-07,6.693673797030593e-07,-0.0124160390799916,-1.2416039079991714,-0.0915558884104099,-9.155588841040997,-0.2219371391917896,-22.19371391917896,32.754629629629605,31.932773109243698,35.45218145044785,5.077977437532492e-07,5.495937577170645e-07,-4.179601396381529e-08,-4.384666283399071e-08,2.0506488701754126e-09,0.422639915534916,5.2996e-07,3.6952592673143465e-08,6.038651853462868e-07,4.56054814653713e-07,0.2789085415740316,0.1971795700783753,3.115714285714289e-08,6.421505123071494,3.5278571428571454e-08,7.270933930043578,3.9038095238095246e-08,8.045773956738508,482561955577.0,0.8986745826169922,-18229573687981.0,1.2976666459391951e-06,40.4576862984071,-92.06349206349196,29.545842210830717,17.058823529411793,21.004544153427783,-82.9411764705882,False,True,False,207,184,3,2,0,7474148537.6,-1.0,0,1,-0.012778235779060232,0
1780272000000,4.852e-07,5.913e-07,4.678e-07,4.79e-07,815527621311.0,2026-06-01,-0.0127782357790602,-0.0128605796589798,0.0127782357790602,0.0331875123740361,0.6340465336357685,0.0304776635794137,0.5822749451074392,0.0296086339659638,0.5656721576545966,0.0310951611581513,0.5940722197845671,4.8394e-07,4.869090174167662e-07,4.9695e-07,4.98126396709896e-07,5.23585e-07,5.263073770364207e-07,6.2333e-07,6.027884507705675e-07,6.991340000000001e-07,6.655962144328616e-07,-0.0180401804018041,-1.8040180401804071,-0.0642703653057238,-6.427036530572384,-0.2102225886232481,-21.022258862324826,41.074020319303344,29.64705882352939,26.94877505567928,5.033673216373647e-07,5.44364590478763e-07,-4.099726884139832e-08,-4.327678403547223e-08,2.279515194073908e-09,0.4758904371761813,5.23585e-07,3.392726391629913e-08,5.914395278325982e-07,4.557304721674017e-07,0.259192023578209,0.1714662865977477,4.450000000000002e-08,9.290187891440508,3.931428571428573e-08,8.207575305696395,4.330476190476191e-08,9.04066010537827,506271999872.15,1.6108487562356737,-19045101309292.0,1.294434005347796e-06,38.69747334063925,-36.1982452057536,32.52371775122424,13.147718484145408,18.67178851432295,-86.85228151585459,True,True,False,207,184,3,2,0,7474148537.6,-1.0,0,1,-0.044885177453027114,0
1780358400000,4.79e-07,4.796e-07,4.55e-07,4.575e-07,522820539113.0,2026-06-02,-0.0448851774530271,-0.0459237126953392,0.0448851774530271,0.0348504309193585,0.6658165478356012,0.0312096860057488,0.5962602139257347,0.0281233843707027,0.5372965039796318,0.0311807793640365,0.5957079533112551,4.816800000000001e-07,4.771060116111775e-07,4.905e-07,4.907397791262784e-07,5.180650000000001e-07,5.197542935091426e-07,6.17498e-07,5.970908635846985e-07,6.990899999999999e-07,6.614738749020023e-07,-0.0241040955631399,-2.4104095563139936,-0.1235632183908046,-12.356321839080463,-0.1944004226096143,-19.440042260961437,32.56616800920597,27.7685950413223,26.263565891472865,4.963108106162317e-07,5.379301763692246e-07,-4.161936575299291e-08,-4.294530037897637e-08,1.3259346259834607e-09,0.2898217761712482,5.180650000000001e-07,3.529136281695282e-08,5.886477256339057e-07,4.4748227436609444e-07,0.2724859839360142,0.0709644289302805,4.2528571428571456e-08,9.295862607338025,3.9292857142857166e-08,8.588602654176428,4.2747619047619055e-08,9.343741868332032,507361053324.7,1.0304703833433708,-19567921848405.0,1.29224743826072e-06,36.50561633429074,-141.73777343037062,32.15619484701966,1.8341892883345776,10.68024376729723,-98.16581071166544,False,True,False,207,184,3,2,0,7474148537.6,-1.0,0,1,0.06841530054644807,1
1780444800000,4.575e-07,4.977e-07,4.52e-07,4.888e-07,591616761550.0,2026-06-03,0.068415300546448,0.0661765231418095,0.068415300546448,0.0437762369098448,0.8363438318450154,0.0392967731711956,0.7507637972817857,0.0330077615797323,0.6306123995324916,0.0323789434247881,0.6185988455506171,4.8152e-07,4.81004007740785e-07,4.860099999999999e-07,4.903870920124095e-07,5.1387e-07,5.168062655558909e-07,6.11714e-07,5.928441624209615e-07,6.992769999999999e-07,6.580532706744769e-07,-0.0016339869281046,-0.1633986928104697,-0.0841296608581599,-8.412966085816,-0.1464990396368082,-14.64990396368082,60.08064516129032,38.30588235294116,31.351039260969984,4.951553012906576e-07,5.34290904045578e-07,-3.9135602754920496e-08,-4.21833608541652e-08,3.047758099244704e-09,0.6235184327423698,5.1387e-07,3.3390529700625185e-08,5.806510594012503e-07,4.470889405987496e-07,0.259914217219337,0.3122970777584684,4.550000000000004e-08,9.30851063829788,3.8735714285714316e-08,7.924655132101946,4.2547619047619067e-08,8.704504715143017,509240452041.45,1.1617630908509304,-18976305086855.0,1.2898329425477345e-06,35.02844842173688,-94.11016243977782,40.508978994890064,26.417803302225398,13.799903691568431,-73.5821966977746,True,True,False,207,184,3,2,0,7474148537.6,-1.0,0,1,-0.052782324058919805,0
1780531200000,4.888e-07,4.907e-07,4.583e-07,4.63e-07,526775286961.0,2026-06-04,-0.0527823240589198,-0.0542263537711514,0.0527823240589198,0.0483406366998776,0.9235465673914818,0.0410132514782009,0.7835570692918077,0.0345329364128696,0.6597508238060669,0.0325797530468611,0.6224353079935117,4.7470000000000004e-07,4.750026718271901e-07,4.8081e-07,4.85407620737426e-07,5.087300000000001e-07,5.116818593124727e-07,6.050159999999999e-07,5.877522337559615e-07,6.993949999999999e-07,6.541893685993771e-07,-0.068597867632267,-6.859786763226709,-0.1009708737864077,-10.097087378640785,-0.1816896429833864,-18.16896429833864,37.23608445297501,34.80119709277467,28.09601745771957,4.902083318613256e-07,5.290100963384978e-07,-3.88017644771722e-08,-4.15070415787666e-08,2.7052771015944046e-09,0.5842931104955518,5.087300000000001e-07,3.288437638956295e-08,5.74498752779126e-07,4.429612472208742e-07,0.2585605440179501,0.1523425025743064,4.6185714285714314e-08,9.975316260413456,3.955714285714288e-08,8.54365936439371,4.123333333333335e-08,8.905687544996404,502165254458.3,1.0490078361340385,-19503080373816.0,1.2876718142763752e-06,34.33362036515706,-104.26761243485387,40.40874327691371,7.896625987078237,12.049539525879371,-92.10337401292176,False,False,True,207,184,3,2,0,7474148537.6,-1.0,0,1,-0.0002159827213823462,0
1780617600000,4.63e-07,5.28e-07,4.501e-07,4.629e-07,1163745957734.0,2026-06-05,-0.0002159827213823,-0.0002160060490092,0.0002159827213823,0.0481863160127802,0.9205982748042084,0.0390333698283398,0.7457314834824411,0.0337031411554386,0.6438976076724847,0.0325875865399086,0.6225849666680476,4.7024e-07,4.709684478847933e-07,4.7797e-07,4.813153260578939e-07,5.029000000000001e-07,5.070359679493802e-07,5.98614e-07,5.828560670547507e-07,6.993239999999999e-07,6.504000558169644e-07,-0.0459604286892003,-4.59604286892004,-0.0578058212904538,-5.780582129045383,-0.2012079378774806,-20.120793787748063,32.33471074380165,38.43248347497637,29.46224256292905,4.860070500365062e-07,5.241130521652754e-07,-3.81060021287692e-08,-4.0826833688767126e-08,2.7208315599979303e-09,0.5877795549790301,5.029000000000001e-07,2.98756017337142e-08,5.626512034674285e-07,4.431487965325717e-07,0.2376265797074106,0.165278708387816,5.275714285714288e-08,11.397092861772062,4.1635714285714296e-08,8.994537542820112,4.2319047619047645e-08,9.142157619150494,532989647454.8,2.1834306975590763,-20666826331550.0,1.282993675733865e-06,33.66756636798059,-72.44035401355136,52.5575105671756,9.065155807365448,14.459861698889664,-90.93484419263456,True,True,False,207,184,3,2,0,7474148537.6,-1.0,0,1,-0.030676171959386545,0
1780704000000,4.629e-07,4.671e-07,4.397e-07,4.487e-07,467499610890.0,2026-06-06,-0.0306761719593865,-0.0311565350552872,0.0306761719593865,0.0492415264495024,0.9407580418912832,0.0398603151406924,0.7615302514917522,0.0321344077051941,0.613926997187555,0.0324485079531153,0.6199278739982083,4.6418e-07,4.635456319231956e-07,4.7406e-07,4.753852667746405e-07,4.98065e-07,5.014801614780106e-07,5.916340000000001e-07,5.775950441239983e-07,6.99224e-07,6.464045437106371e-07,-0.0632567849686848,-6.325678496868477,-0.0801558015580156,-8.015580155801564,-0.1773010634396773,-17.730106343967734,31.58425832492429,33.02454840203794,31.672816728167263,4.802675038770438e-07,5.185269001530324e-07,-3.825939627598865e-08,-4.031334620621143e-08,2.053949930222786e-09,0.457755723250008,4.98065e-07,3.045473388151043e-08,5.589744677630209e-07,4.3715553223697925e-07,0.2445844127293461,0.0947674326094643,5.134285714285715e-08,11.442580152185682,4.151428571428573e-08,9.2521251870483,4.1109523809523826e-08,9.16191749710805,541865959148.95,0.8627587745579199,-21134325942440.0,1.2810634169217728e-06,32.57221001512311,-134.81805704301408,52.2960577360063,5.936675461741419,7.632819085395005,-94.06332453825858,False,True,False,207,184,3,2,0,7474148537.6,-1.0,0,1,0.040338756407399146,1
1780790400000,4.487e-07,4.835e-07,4.416e-07,4.668e-07,651622934421.0,2026-06-07,0.0403387564073991,0.0395463874304632,0.0403387564073991,0.0497722801274837,0.9508980766714072,0.040808739452484,0.779649872526615,0.0338790588850836,0.6472585111782786,0.0332421252268082,0.6350899107229634,4.6604e-07,4.646304212821303e-07,4.738600000000001e-07,4.738243091792513e-07,4.93995e-07,4.981772889562953e-07,5.851e-07,5.732501398827328e-07,6.99382e-07,6.428467511192253e-07,0.020327868852459,2.032786885245904,-0.0042662116040955,-0.4266211604095545,-0.1484859540313753,-14.848595403137535,44.50450450450452,34.952766531713905,34.357459379615946,4.781955802036524e-07,5.146952779194743e-07,-3.649969771582188e-08,-3.9550616508133534e-08,3.0509187923116462e-09,0.6535815750453399,4.93995e-07,2.8796024488111927e-08,5.515870489762239e-07,4.364029510237762e-07,0.2331685501927097,0.2638997007101872,5.334285714285714e-08,11.427347288529807,4.225000000000001e-08,9.050985432733508,4.130000000000001e-08,8.847472150814054,550786571094.3,1.1830770186106003,-20482703008019.0,1.2784269898026714e-06,32.61457280474297,-96.15165660935897,52.020374470160526,17.875989445910314,10.959273571672364,-82.1240105540897,True,False,False,207,184,3,2,0,7474148537.6,-1.0,0,1,-0.0263496143958869,0
1780876800000,4.668e-07,4.668e-07,4.478e-07,4.545e-07,317511517662.0,2026-06-08,-0.0263496143958869,-0.0267029867948674,0.0263496143958869,0.0356277845367984,0.6806678678439243,0.0383819402464956,0.7332859387962031,0.0340628490089067,0.6507698165636651,0.0333201369324685,0.6365803222669045,4.5918e-07,4.612536141880869e-07,4.7035e-07,4.7031079841938747e-07,4.8981e-07,4.940175471509337e-07,5.784419999999999e-07,5.685932710855323e-07,6.993949999999999e-07,6.391158101591503e-07,-0.0701718494271685,-7.017184942716854,-0.0716911764705883,-7.169117647058831,-0.1555183946488294,-15.55183946488294,48.52652259332022,35.98888374247335,33.817970340215155,4.745501063261675e-07,5.102363684439575e-07,-3.5686262117790007e-08,-3.8777745630064835e-08,3.0914835122748222e-09,0.6801943921396748,4.8981e-07,2.8107404905655652e-08,5.460248098113113e-07,4.335951901886887e-07,0.2295372075348044,0.1859368543759168,3.841428571428572e-08,8.451988055948451,4.145714285714287e-08,9.121483576929124,3.901428571428572e-08,8.584001257268586,548056168749.15,0.5793411985247222,-20800214525681.0,1.2771365824196351e-06,32.65693559436284,-109.2822291458468,54.68267802186833,9.762532981530343,11.191732629727332,-90.23746701846966,False,False,True,207,184,3,2,0,7474148537.6,-1.0,0,1,-0.022882288228822878,0
1780963200000,4.545e-07,4.57e-07,4.425e-07,4.441e-07,294127295995.0,2026-06-09,-0.0228822882288228,-0.0231481513194769,0.0228822882288228,0.0294517261930517,0.5626744388622323,0.0378380252833378,0.7228944580158415,0.0341608160171017,0.6526414736272205,0.0333227469499021,0.6366301865799585,4.554e-07,4.5553574279205794e-07,4.650500000000001e-07,4.655451987067715e-07,4.850900000000001e-07,4.89263495041321e-07,5.71556e-07,5.63711181452742e-07,6.99132e-07,6.352527892216702e-07,-0.0408207343412526,-4.082073434125268,-0.1066183866425265,-10.661838664252658,-0.1753017641597029,-17.530176415970285,22.373300370828204,38.35143139190525,30.12331180270111,4.698654745836802e-07,5.053373781888493e-07,-3.54719036051691e-08,-3.8116577225085695e-08,2.6446736199165872e-09,0.595513087123753,4.850900000000001e-07,2.7418412945048804e-08,5.399268258900977e-07,4.302531741099025e-07,0.2260892860710285,0.1262548083823172,3.6971428571428574e-08,8.325023321645702,3.9750000000000015e-08,8.95068678225625,3.851904761904763e-08,8.67350768273984,531116013409.05,0.5537910523674453,-21094341821676.0,1.2759324788251848e-06,33.19157754419006,-125.21820322331794,56.224863783446615,2.902374670184706,10.18029903254176,-97.0976253298153,False,True,False,207,184,3,2,0,7474148537.6,-1.0,0,1,-0.011258725512272028,0
1781049600000,4.441e-07,4.534e-07,4.279e-07,4.391e-07,392582247650.0,2026-06-10,-0.011258725512272,-0.0113225847303848,0.011258725512272,0.0291384839305654,0.5566899538403002,0.037551821399903,0.7174265405003707,0.0341636609656977,0.6526958262938298,0.033320624480558,0.636589636860076,4.506400000000001e-07,4.50057161861372e-07,4.6044e-07,4.607369807600858e-07,4.803399999999999e-07,4.844860193230998e-07,5.647e-07,5.588244679058403e-07,6.98699e-07,6.31367272475618e-07,-0.0514149924389716,-5.141499243897168,-0.0950123660346249,-9.501236603462496,-0.1778693128627597,-17.786931286275976,30.11647254575709,38.06957373836355,32.93739967897271,4.651323246477294e-07,5.004309057304158e-07,-3.529858108268634e-08,-3.755297799660583e-08,2.2543969139194813e-09,0.5134130981369806,4.803399999999999e-07,2.6700549964845807e-08,5.337410999296915e-07,4.269389000703083e-07,0.2223470871869575,0.1138656314729764,3.4085714285714285e-08,7.762631356345771,3.979285714285715e-08,9.062367830302245,3.71857142857143e-08,8.468620880372193,528420513277.1,0.7429352907125554,-21486924069326.0,1.2743157978578515e-06,33.777967201998464,-137.2542917898448,56.20747931694416,6.854345165238677,6.506417605651213,-93.14565483476132,False,True,False,207,184,3,2,0,7474148537.6,-1.0,0,1,-0.02915053518560695,0
1781136000000,4.391e-07,4.463e-07,4.131e-07,4.263e-07,768025068826.0,2026-06-11,-0.0291505351856069,-0.0295838537965071,0.0291505351856069,0.0288768233109881,0.5516909347224408,0.038073248397257,0.7273883892973001,0.0336535109789138,0.6429494244813311,0.0334171337654143,0.6384334441583489,4.4616e-07,4.421381079075813e-07,4.5517e-07,4.544757115309793e-07,4.7606000000000004e-07,4.789444936732808e-07,5.57716e-07,5.536274293880319e-07,6.98183e-07,6.273051990727734e-07,-0.0499219968798752,-4.992199687987517,-0.1100208768267223,-11.002087682672231,-0.1672201601875367,-16.722016018753667,24.862637362637383,39.2622536634664,31.04199066874027,4.591581208557711e-07,4.949397275281624e-07,-3.57816066723914e-08,-3.719870373176294e-08,1.4170970593715435e-09,0.3324177948326398,4.7606000000000004e-07,2.8194239799982528e-08,5.32448479599965e-07,4.19671520400035e-07,0.2368965239674202,0.0587751225692661,3.4199999999999995e-08,8.022519352568612,4.0192857142857154e-08,9.428303341040852,3.7771428571428595e-08,8.86029288562716,534804684393.25,1.436085156391898,-22254949138152.0,1.2711274303652857e-06,34.248420443536034,-154.86121644168043,54.18405552670233,7.407407407407401,5.721375747610232,-92.5925925925926,False,True,False,207,184,3,2,0,7474148537.6,-1.0,0,1,-0.0018766127140511513,0
1781222400000,4.263e-07,4.412e-07,4.206e-07,4.255e-07,366666604509.0,2026-06-12,-0.0018766127140511,-0.0018783757577358,0.0018766127140511,0.0114327917009236,0.2184231787562822,0.0361961457163764,0.6915263929332139,0.0330382731639814,0.6311953225310831,0.0334168470295605,0.638427966077555,4.379e-07,4.365920719383875e-07,4.5197e-07,4.492074003435285e-07,4.71235e-07,4.738545418948731e-07,5.51034e-07,5.486028237931381e-07,6.9721e-07,6.233077684544787e-07,-0.0884747215081406,-8.84747215081406,-0.0699453551912568,-6.994535519125687,-0.1848659003831418,-18.486590038314183,30.4713804713805,31.98426082068576,31.956452129362788,4.5397994841642164e-07,4.897960440075577e-07,-3.5816095591136024e-08,-3.692218210363756e-08,1.106086512501544e-09,0.2599498266748635,4.71235e-07,2.8175769265246332e-08,5.275865385304926e-07,4.148834614695073e-07,0.2391653358960716,0.0941991896525407,2.601428571428572e-08,6.113815679033071,3.938571428571429e-08,9.25633708242404,3.642857142857144e-08,8.561356387443347,534599185771.65,0.6858719845967346,-22621615742661.0,1.2696146771847335e-06,35.88992908762877,-136.03936039360389,53.62417841170594,6.958473625140282,7.073408732595424,-93.04152637485971,False,False,True,207,184,3,2,0,7474148537.6,-1.0,0,1,0.05240893066980035,1
1781308800000,4.255e-07,4.583e-07,4.208e-07,4.478e-07,530977596432.0,2026-06-13,0.0524089306698003,0.0510817561512257,0.0524089306698003,0.0324721796719566,0.620380121551666,0.0326924797439238,0.624588948516948,0.0351818402683012,0.6721481145569445,0.0345423036639409,0.6599297848865024,4.3656000000000004e-07,4.40328047958925e-07,4.478700000000001e-07,4.489515093719779e-07,4.6694e-07,4.713731569525043e-07,5.45154e-07,5.446497714859759e-07,6.9676e-07,6.198312690746617e-07,-0.0147414741474146,-1.4741474147414684,-0.0838788870703763,-8.387888707037634,-0.1609518456061457,-16.095184560614566,35.06289308176103,37.20809548521019,36.43434041280287,4.5302918712158765e-07,4.866852259329236e-07,-3.365603881133604e-08,-3.6268953445177264e-08,2.612914633841217e-09,0.5835003648595839,4.6694e-07,2.4454025607765462e-08,5.158480512155308e-07,4.180319487844691e-07,0.2094832364566364,0.3043266954590704,2.7457142857142866e-08,6.131563835896127,3.94e-08,8.798570790531487,3.682857142857144e-08,8.224334843361197,530359520153.7,1.0011653911258551,-22090638146229.0,1.2674678899936152e-06,37.59348389820348,-88.98208553380988,53.59662183868977,19.472502805836157,11.27946127946125,-80.52749719416384,True,False,False,207,184,3,2,0,7474148537.6,-1.0,0,1,0.1308619919606968,1
1781395200000,4.478e-07,5.3e-07,4.43e-07,5.064e-07,635775468883.0,2026-06-14,0.1308619919606968,0.122980166665312,0.1308619919606968,0.0649542808640961,1.2409497934802762,0.0512224376414814,0.9786032970751942,0.0463078625591897,0.8847104719637343,0.0398306599539324,0.7609636899442147,4.4902e-07,4.623520319726166e-07,4.522100000000001e-07,4.593966894861637e-07,4.665100000000001e-07,4.747090467665515e-07,5.404620000000001e-07,5.431497803037765e-07,6.968419999999999e-07,6.175844097307343e-07,0.1402837198829092,14.02837198829093,0.0937365010799136,9.373650107991368,-0.0166990291262135,-1.6699029126213614,73.61237488626024,54.42773600668337,46.43500643500644,4.612400814105741e-07,4.881455795675219e-07,-2.690549815694784e-08,-3.4396262387531374e-08,7.490764230583532e-09,1.4792188449019612,4.665100000000001e-07,2.362605386129534e-08,5.137621077225907e-07,4.192578922774094e-07,0.2025770411034733,0.922097573236178,3.3900000000000006e-08,6.694312796208532,4.362142857142857e-08,8.614026179192054,3.946666666666668e-08,7.793575566087416,530253625742.1,1.1990025867210623,-21454862677346.0,1.265069459142966e-06,40.34566293630318,77.88246887481395,60.515455209917576,52.35690235690239,26.262626262626245,-47.64309764309761,True,False,False,207,184,3,2,0,7474148537.6,-1.0,0,1,-0.002764612954186396,0
1781481600000,5.064e-07,5.213e-07,4.79e-07,5.05e-07,484641034619.0,2026-06-15,-0.0027646129541863,-0.0027684415546065,0.0027646129541863,0.0637645502110215,1.218220021268354,0.0512858807662039,0.9798153762711272,0.0450310051660159,0.8603161457194332,0.0397792183676238,0.7599808998177329,4.622000000000001e-07,4.765680213150778e-07,4.5642000000000006e-07,4.676882004886794e-07,4.67195e-07,4.775938994554514e-07,5.36058e-07,5.416537103503977e-07,6.966440000000001e-07,6.153543387475695e-07,0.1500797084946481,15.007970849464822,0.0909483689781811,9.094836897818112,0.0278852025239162,2.788520252391629,80.17839444995045,55.54134697357204,49.06173511014414,4.6797237657817814e-07,4.89394055155113e-07,-2.1421678576934934e-08,-3.1801345625412086e-08,1.0379667048477152e-08,2.055379613559832,4.67195e-07,2.4562669043296417e-08,5.163203380865928e-07,4.180696619134072e-07,0.2102990746330453,0.8847810668840739,3.722857142857144e-08,7.371994342291373,3.782142857142857e-08,7.489391796322489,4.004761904761906e-08,7.930221593587933,531043622919.35,0.9126200065349488,-21939503711965.0,1.263271467691096e-06,42.691909759918815,103.78231159650296,58.58284320407019,78.61420017108642,50.14786844460829,-21.38579982891358,False,False,True,207,184,3,2,0,7474148537.6,-1.0,0,1,-0.03940594059405944,0
1781568000000,5.05e-07,5.059e-07,4.783e-07,4.851e-07,495341831250.0,2026-06-16,-0.0394059405940594,-0.040203374024189,0.0394059405940594,0.0662549979257914,1.265799958051635,0.0521201540491437,0.9957541449619292,0.0459557908073838,0.8779841505899681,0.0400254013872479,0.7646842198036807,4.7396000000000004e-07,4.794120142100519e-07,4.600600000000001e-07,4.708539822180105e-07,4.6706e-07,4.783087661739799e-07,5.31504e-07,5.394359175917353e-07,6.955700000000001e-07,6.127742774765697e-07,0.1379310344827586,13.793103448275868,0.0811232449297971,8.112324492979727,-0.0055350553505535,-0.5535055350553487,69.86183074265975,55.92274678111588,45.11258278145695,4.706073955661506e-07,4.890759769954749e-07,-1.8468581429324334e-08,-2.9134792786194537e-08,1.0666211356870205e-08,2.1987654827602974,4.6706e-07,2.445062479029473e-08,5.159612495805895e-07,4.1815875041941053e-07,0.2094002893871856,0.6844533642261025,3.9100000000000006e-08,8.060193774479488,3.803571428571429e-08,7.840798657125187,3.9533333333333337e-08,8.14952243523672,538172827185.6,0.9204140495914916,-22434845543215.0,1.2614136877147934e-06,46.03810216478876,63.79051576170573,58.58291269837742,61.59110350727119,64.1874020117533,-38.408896492728815,False,True,False,207,184,3,2,0,7474148537.6,-1.0,0,1,-0.008451865594722663,0
1781654400000,4.851e-07,4.958e-07,4.74e-07,4.81e-07,365312496676.0,2026-06-17,-0.0084518655947226,-0.0084877851454095,0.0084518655947226,0.0670528469367585,1.2810428420034958,0.0511340548853644,0.9769147468904864,0.0450686462388776,0.8610352774067164,0.039285493768823,0.7505483046020321,4.850600000000001e-07,4.799413428067013e-07,4.6148000000000003e-07,4.726987127238269e-07,4.676700000000001e-07,4.785650741574104e-07,5.277240000000001e-07,5.371443127858112e-07,6.93492e-07,6.101641248322942e-07,0.1304347826086958,13.043478260869575,0.0304198800342758,3.0419880034275937,0.026023890784983,2.602389078498297,75.53688141923436,48.10495626822159,42.87645309543121,4.7220625778674283e-07,4.884777564772916e-07,-1.6271498690548753e-08,-2.6562133967065383e-08,1.029063527651663e-08,2.1394252134130207,4.676700000000001e-07,2.4647709405775706e-08,5.169654188115515e-07,4.183745811884487e-07,0.2108128330299203,0.6352052616791679,3.8571428571428576e-08,8.01900801900802,3.6328571428571433e-08,7.552717552717551,3.938571428571429e-08,8.18829818829819,535725888167.8,0.681901891889863,-22800158039891.0,1.260038386628634e-06,47.76745817999802,41.29924155548353,52.20926484144019,58.08383233532936,66.09637867122896,-41.91616766467064,False,True,False,207,184,3,2,0,7474148537.6,-1.0,0,1,-0.06735966735966747,0
1781740800000,4.81e-07,4.81e-07,4.464e-07,4.486e-07,389878248778.0,2026-06-18,-0.0673596673596674,-0.0697356480196533,0.0673596673596674,0.076257643231228,1.4569002282864667,0.0553217045481337,1.0569196813620774,0.0464712530311125,0.8878320425467953,0.039636388327748,0.7572521357373877,4.852199999999999e-07,4.694942285378009e-07,4.6089e-07,4.6831712859222194e-07,4.656200000000001e-07,4.757112575709904e-07,5.24034e-07,5.336719865110785e-07,6.90324e-07,6.069639206624385e-07,0.0017865118356408,0.1786511835640808,-0.012981298129813,-1.2981298129813026,-0.0837418300653596,-8.37418300653596,58.32732516222061,46.61016949152543,41.34515119916579,4.685745258195516e-07,4.855238485900848e-07,-1.6949322770533198e-08,-2.4639571727758946e-08,7.690248957225747e-09,1.7142775205585707,4.656200000000001e-07,2.4431829972265123e-08,5.144836599445303e-07,4.1675634005546985e-07,0.20988643075697,0.3258419445113086,3.8771428571428584e-08,8.642761607540923,3.6485714285714286e-08,8.13323992102414,3.9719047619047635e-08,8.854000806742674,534410790048.6,0.7295478610050968,-23190036288669.0,1.2585289950404972e-06,48.17200812620096,-33.598726114649686,53.27111086741609,30.36783575705729,50.01425719988592,-69.63216424294272,False,True,False,207,184,3,2,0,7474148537.6,-1.0,0,1,0.012260365581810095,1
1781827200000,4.486e-07,4.689e-07,4.414e-07,4.541e-07,401632132232.0,2026-06-19,0.01226036558181,0.0121858160177975,0.01226036558181,0.0319535998247173,0.6104726674812998,0.0548196919410265,1.0473287439700123,0.0464115092357334,0.8866906389387327,0.0391223539184863,0.7474315221376507,4.7476e-07,4.6436281902520057e-07,4.6189e-07,4.657321961209089e-07,4.6347e-07,4.736530425642294e-07,5.2113e-07,5.305515162073566e-07,6.87023e-07,6.039360641525365e-07,-0.1032780410742496,-10.327804107424962,0.022517451024544,2.2517451024544046,-0.0865017099175214,-8.650170991752153,52.58408531583264,47.97979797979799,44.9096880131363,4.6634767569346685e-07,4.831961561019304e-07,-1.6848480408463627e-08,-2.3081353463899884e-08,6.232873055436258e-09,1.3725771978498695,4.6347e-07,2.338537779769751e-08,5.102407555953951e-07,4.16699244404605e-07,0.2018286214658771,0.3998305684746888,3.9757142857142863e-08,8.755151477018908,3.2885714285714294e-08,7.241954258030013,3.9509523809523825e-08,8.700621847505795,530787320975.35,0.7566724304830409,-22788404156437.0,1.2569725451217864e-06,45.62289644402188,-40.75203592613686,41.40674813569141,35.072711719418315,41.174793270601626,-64.92728828058169,False,True,False,207,184,3,2,0,7474148537.6,-1.0,0,1,-0.0022021581149527236,0
1781913600000,4.541e-07,4.63e-07,4.438e-07,4.531e-07,232465481917.0,2026-06-20,-0.0022021581149527,-0.0022045864308129,0.0022021581149527,0.0320353663508702,0.6120348147700264,0.054622749775778,1.043566169186004,0.0461621383043945,0.8819264139849925,0.0391237600474279,0.7474583861933597,4.6438000000000003e-07,4.606085460168004e-07,4.6329e-07,4.634354331898346e-07,4.61865e-07,4.716956099390647e-07,5.18276e-07,5.275142016176658e-07,6.8266e-07,6.009483910462295e-07,-0.1027722772277228,-10.277227722772285,0.0318833978592576,3.188339785925756,-0.0661582852431987,-6.615828524319873,8.553654743390396,51.0752688172043,45.21906861394324,4.643095717406257e-07,4.809668112054911e-07,-1.6657239464865378e-08,-2.1796530664092984e-08,5.139291199227609e-09,1.1342509819526836,4.61865e-07,2.2912264585266483e-08,5.07689529170533e-07,4.160404708294671e-07,0.1984325686966233,0.4043634472775307,3.714285714285715e-08,8.197496610650441,3.2300000000000005e-08,7.128669167954095,3.8647619047619065e-08,8.529600319492179,520727286870.45,0.4464246214445725,-23020869638354.0,1.256072740631538e-06,43.96994686936023,-41.36338185890264,42.90991922416213,34.21727972626175,33.21927573424576,-65.78272027373825,False,False,True,207,184,3,2,0,7474148537.6,-1.0,0,1,-0.030015449128227845,0
1782000000000,4.531e-07,4.532e-07,4.36e-07,4.395e-07,247759908676.0,2026-06-21,-0.0300154491282278,-0.0304751345478609,0.0300154491282278,0.0309455991680865,0.5912148419764472,0.0546824859163221,1.044707426548649,0.04652484664772,0.8888559471544095,0.0392807292484152,0.7504572785674514,4.5526e-07,4.535723640112002e-07,4.6461000000000003e-07,4.5908353624622826e-07,4.5989e-07,4.686293613734394e-07,5.1527e-07,5.240626640497176e-07,6.786850000000001e-07,5.97750532527913e-07,-0.0940012368583798,-9.40012368583798,0.0309641097818438,3.096410978184374,-0.0824634655532359,-8.24634655532359,7.189542483660176,43.17841079460269,45.9020979020979,4.604927145497602e-07,4.778951955606398e-07,-1.7402481010879646e-08,-2.091772073345032e-08,3.5152397225706726e-09,0.7998270130991293,4.5989e-07,2.3059463179126048e-08,5.060089263582521e-07,4.137710736417479e-07,0.2005650323262176,0.278941081134344,2.7171428571428583e-08,6.1823500731350585,3.0535714285714296e-08,6.947830326669918,3.8138095238095245e-08,8.677609838019395,492338901238.7,0.5032304131415342,-23268629547030.0,1.2551035561141468e-06,41.2492925144464,-72.55612155958869,34.84301929688803,22.58340461933274,30.624465355004244,-77.41659538066726,False,True,False,207,184,3,2,0,7474148537.6,-1.0,0,1,-0.026393629124004447,0
1782086400000,4.395e-07,4.508e-07,4.241e-07,4.279e-07,357443156354.0,2026-06-22,-0.0263936291240044,-0.0267481937024604,0.0263936291240044,0.0304303483344571,0.5813709886217968,0.0555354133941528,1.0610025831324346,0.0458335331229186,0.875648420807879,0.0391480581215259,0.7479226002471947,4.4464000000000004e-07,4.450149093408001e-07,4.6485e-07,4.534138023832777e-07,4.5841e-07,4.647503745759689e-07,5.124580000000001e-07,5.202915789230002e-07,6.748329999999999e-07,5.943862681136059e-07,-0.1103950103950104,-11.039501039501044,0.0056404230317275,0.564042303172743,-0.0646994535519125,-6.469945355191256,8.064516129032313,43.32998996990974,41.14269308067757,4.5547845077287414e-07,4.741918477413331e-07,-1.871339696845906e-08,-2.047685598045207e-08,1.7634590119930083e-09,0.4121194232280926,4.5841e-07,2.4145259968606202e-08,5.067005199372123e-07,4.101194800627876e-07,0.2106870266233824,0.184099487439054,2.4942857142857154e-08,5.82913230728141,3.108571428571429e-08,7.264714719727575,3.3528571428571435e-08,7.835609120956166,484070032100.75,0.738412073977769,-23626072703384.0,1.253694558192527e-06,38.28713348774762,-94.98898678414096,34.711429923752746,12.660393498716852,23.15369261477042,-87.33960650128316,False,True,False,207,184,3,2,0,7474148537.6,-1.0,0,1,-0.024772143024071047,0
1782172800000,4.279e-07,4.295e-07,4.135e-07,4.173e-07,290977613880.0,2026-06-23,-0.024772143024071,-0.0250841358252642,0.024772143024071,0.018402984544666,0.3515885260573713,0.0530421645798848,1.0133691314183844,0.0429011781385681,0.8196258574936273,0.037382047536364,0.7141830153917186,4.3838000000000004e-07,4.357766062272001e-07,4.618e-07,4.46847656495409e-07,4.5483500000000004e-07,4.6023129128301966e-07,5.08552e-07,5.162526932054147e-07,6.69426e-07,5.908787023254311e-07,-0.0697726259473918,-6.977262594739182,-0.0681107637338097,-6.811076373380977,-0.1462765957446807,-14.62765957446808,7.362784471218248,43.28657314629259,38.64541832669324,4.496048429616627e-07,4.699776367975306e-07,-2.0372793835867925e-08,-2.0456043551535242e-08,8.324971566731697e-11,0.0199496083554557,4.5483500000000004e-07,2.4695775794849556e-08,5.042265515896991e-07,4.0544344841030093e-07,0.2171844804806098,0.120026109811175,2.3285714285714297e-08,5.580089692239228,3.1192857142857147e-08,7.474923830064018,3.311904761904762e-08,7.936507936507938,469038074717.25,0.6203709881237465,-23917050317264.0,1.2525313578802186e-06,34.41259038219044,-133.9342702650625,34.8323539045829,3.592814371257484,12.945537496435662,-96.40718562874252,False,True,False,207,184,3,2,0,7474148537.6,-1.0,0,1,-0.019650131799664572,0
1782259200000,4.173e-07,4.217e-07,4.065e-07,4.091e-07,435174543242.0,2026-06-24,-0.0196501317996645,-0.0198457626621541,0.0196501317996645,0.0109431052397302,0.2090677320512446,0.0225187798745334,0.4302206854263961,0.0416635057899631,0.7959801604746545,0.0371529170168334,0.7098054829626183,4.293800000000001e-07,4.268844041514667e-07,4.5207e-07,4.399844462235165e-07,4.5214e-07,4.553616444941605e-07,5.04188e-07,5.120506265356847e-07,6.62564e-07,5.872782114551164e-07,-0.0990971151728694,-9.90971151728695,-0.1921406003159558,-19.214060031595587,-0.116414686825054,-11.641468682505405,10.89108910891096,42.60355029585799,39.05665803853898,4.433733286598684e-07,4.654681822199356e-07,-2.209485356006722e-08,-2.078380555324164e-08,-1.3110480068255796e-09,-0.3204712800844732,4.5214e-07,2.6623602508498614e-08,5.053872050169972e-07,3.988927949830028e-07,0.2355341487901853,0.09584733145842,2.234285714285716e-08,5.461465935677624,3.0457142857142866e-08,7.444913922547755,3.1666666666666686e-08,7.740568728102342,464458037531.3,0.936951259483099,-24352224860506.0,1.250781800792439e-06,30.727579981120705,-143.68980956634232,34.74699700259221,2.1052631578947234,6.119490342622991,-97.89473684210527,False,True,False,207,184,3,2,0,7474148537.6,-1.0,0,1,-0.05793204595453427,0
1782345600000,4.091e-07,4.14e-07,3.813e-07,3.854e-07,526127269716.0,2026-06-25,-0.0579320459545342,-0.0596778689550867,0.0579320459545342,0.0151021204520133,0.2885256061144295,0.0242777796542135,0.4638263290312103,0.0432555787526603,0.8263966717188989,0.0378070744694825,0.7223031435474057,4.1584e-07,4.130562694343111e-07,4.4011000000000004e-07,4.300600014556044e-07,4.48265e-07,4.48698630732812e-07,4.99554e-07,5.070839349929236e-07,6.56922e-07,5.832796296695186e-07,-0.1494151401456632,-14.94151401456632,-0.2368316831683169,-23.68316831683169,-0.1674227694966515,-16.742276949665154,0.0,40.43051006083295,37.18510405257394,4.344543550198887e-07,4.595372057591996e-07,-2.5082850739310873e-08,-2.1643614590455492e-08,-3.4392361488553804e-09,-0.8923809415815726,4.48265e-07,3.0353743808006906e-08,5.089724876160138e-07,3.8755751238398617e-07,0.2708553539357915,-0.0177697386987322,2.2071428571428573e-08,5.726888575876641,3.0421428571428585e-08,7.893468752316704,3.168095238095238e-08,8.220278251414733,432577103130.4,1.216262409426232,-24878352130222.0,1.2486289039960573e-06,27.56909411297141,-180.63947431685224,36.37307304481697,2.7572293207800875,2.81843561664407,-97.24277067921992,False,True,False,207,184,3,2,0,7474148537.6,-1.0,0,1,-0.005448884276076815,0
1782432000000,3.854e-07,3.86e-07,3.61e-07,3.833e-07,575195823607.0,2026-06-26,-0.0054488842760768,-0.0054637835937566,0.0054488842760768,0.0192384032323283,0.36754917767467,0.0246275740750098,0.4705091420571282,0.0429342422960415,0.8202575473351943,0.0373225237618942,0.7130458152772261,4.046e-07,4.031375129562074e-07,4.2993e-07,4.215581830091309e-07,4.449950000000001e-07,4.424701897106394e-07,4.95502e-07,5.022296627450079e-07,6.513849999999999e-07,5.79318672397556e-07,-0.127872582480091,-12.787258248009095,-0.209853638425067,-20.985363842506704,-0.1457544016046356,-14.57544016046356,0.0,40.18604651162792,39.27125506072876,4.265844542475981e-07,4.538900053325922e-07,-2.7305551084994097e-08,-2.277600188936321e-08,-4.529549195630885e-09,-1.1817242879287464,4.449950000000001e-07,3.3648374872840074e-08,5.122917497456801e-07,3.776982502543199e-07,0.3024607006626147,0.0416197644525892,2.1714285714285712e-08,5.665088889717118,3.073571428571429e-08,8.018709701464726,2.9161904761904765e-08,7.608114991365709,437961913766.25,1.3133466758801196,-25453547953829.0,1.2462415581489925e-06,25.20181440295667,-191.5453437291564,29.6667438839832,13.195266272189338,6.019252916954687,-86.80473372781066,False,True,False,207,184,3,2,0,7474148537.6,-1.0,0,1,0.00834855204800422,1
1782518400000,3.833e-07,3.97e-07,3.7e-07,3.865e-07,439823207838.0,2026-06-27,0.0083485520480042,0.0083138956409672,0.0083485520480042,0.0248849942659093,0.4754271478988492,0.0262496543545324,0.5014989422843639,0.0416545593736562,0.7958092394311025,0.0359067627898888,0.6859977398854988,3.9632000000000004e-07,3.975916753041383e-07,4.2048e-07,4.151839679165617e-07,4.4098e-07,4.371396954524833e-07,4.90754e-07,4.976912443399745e-07,6.46196e-07,5.754995692222051e-07,-0.0967515774713717,-9.675157747137176,-0.1964656964656964,-19.64656964656965,-0.1720222793487574,-17.20222793487575,5.387205387205427,34.35426237876469,33.8999055712937,4.20417615132583e-07,4.488981530857334e-07,-2.8480537953150393e-08,-2.3916909102120647e-08,-4.5636288510297434e-09,-1.1807577881060136,4.4098e-07,3.564138044470546e-08,5.122627608894109e-07,3.69697239110589e-07,0.3232924889537437,0.1178599192831422,2.2828571428571428e-08,5.906486786176307,2.9985714285714294e-08,7.758270190352985,2.9142857142857148e-08,7.540195897246351,427371927437.1,1.029134530373974,-25013724745991.0,1.2444410356108522e-06,23.142638233975894,-147.7531003310006,27.89005194352612,15.088757396449711,10.34708432980635,-84.91124260355029,True,False,False,207,184,3,2,0,7474148537.6,-1.0,0,1,-0.019404915912031084,0
1782604800000,3.865e-07,3.906e-07,3.75e-07,3.79e-07,295057429323.0,2026-06-28,-0.019404915912031,-0.0195956629450503,0.019404915912031,0.0247371194192278,0.4726020029198092,0.0206965270610254,0.395406594307091,0.0415275773334123,0.7933832509585936,0.0358942932823323,0.6857595102781304,3.8866000000000004e-07,3.913944502027589e-07,4.1352e-07,4.08605064659005e-07,4.37205e-07,4.316025815998658e-07,4.86122e-07,4.930366854840131e-07,6.413109999999999e-07,5.716075779988716e-07,-0.0917804936496525,-9.178049364965258,-0.1551493535443602,-15.51493535443602,-0.1661166116611661,-16.611661166116615,5.78661844484634,6.008287292817727,35.971943887775566,4.140456743429548e-07,4.437205121164198e-07,-2.967483777346496e-08,-2.5068494836389514e-08,-4.606342937075446e-09,-1.2153939147956323,4.37205e-07,3.8050914298497574e-08,5.133068285969952e-07,3.611031714030049e-07,0.3481288118708394,0.1175847474820189,2.26e-08,5.963060686015831,2.4885714285714288e-08,6.566151526573691,2.7890476190476196e-08,7.358964694057043,426249223020.15,0.6922181047801037,-25308782175314.0,1.2432332051854247e-06,24.67387034933061,-133.03106083623524,17.168306789673125,11.228945726762309,13.17098979846709,-88.7710542732377,False,False,True,207,184,3,2,0,7474148537.6,-1.0,0,1,-0.01187335092348274,0
1782691200000,3.79e-07,3.79e-07,3.661e-07,3.745e-07,405667214163.0,2026-06-29,-0.0118733509234827,-0.011944402125152,0.0118733509234827,0.0249155189823877,0.4760103217883298,0.0182272810768839,0.3482317160187193,0.0413962353389431,0.7908739656775698,0.0357680795492755,0.6833482002938228,3.8174000000000003e-07,3.8576296680183923e-07,4.0556e-07,4.024041438119132e-07,4.33725e-07,4.261642404951167e-07,4.81252e-07,4.883881877699526e-07,6.357680000000001e-07,5.677035622725801e-07,-0.0845758983133707,-8.45758983133707,-0.1752917859502312,-17.52917859502312,-0.1567214591308263,-15.672145913082636,6.504065040650445,5.8823529411765065,35.45095457537856,4.0796172444403867e-07,4.385930667744628e-07,-3.063134233042406e-08,-2.6181064335196423e-08,-4.450277995227637e-09,-1.188325232370531,4.33725e-07,4.0491543951585625e-08,5.147080879031713e-07,3.527419120968287e-07,0.3734305742263936,0.1343372330355365,2.0628571428571432e-08,5.5082967766545865,2.2785714285714293e-08,6.084302880030518,2.76e-08,7.3698264352469955,431826218928.55,0.939422379608038,-25714449389477.0,1.2415620921324063e-06,27.339372308076367,-130.96327833954237,7.321910170049421,9.316770186335413,11.878157769849116,-90.6832298136646,False,True,False,207,184,3,2,0,7474148537.6,-1.0,0,1,0.09479305740987964,1
1782777600000,3.745e-07,4.351e-07,3.658e-07,4.1e-07,934409407630.0,2026-06-30,0.0947930574098796,0.0905653567410791,0.0947930574098796,0.0466917111554178,0.8920438890977582,0.0404190088343383,0.7722040795216428,0.0472896940791105,0.9034683368137416,0.0386107574770089,0.7376574858470344,3.8666000000000005e-07,3.9384197786789284e-07,4.0125e-07,4.037852085733836e-07,4.3227e-07,4.246247890193914e-07,4.7698e-07,4.853141410356465e-07,6.30829e-07,5.645800172687459e-07,0.0638297872340425,6.382978723404255,-0.095122489516663,-9.5122489516663,-0.0662719198360283,-6.627191983602828,50.58823529411766,27.03363914373089,44.04798523531222,4.0827530529880206e-07,4.364750618282063e-07,-2.8199756529404293e-08,-2.6584802774038e-08,-1.6149537553662935e-09,-0.3938911598454375,4.3227e-07,4.08098169304762e-08,5.138896338609524e-07,3.506503661390476e-07,0.3776326548728915,0.3635744921501407,2.824285714285715e-08,6.88850174216028,2.5764285714285722e-08,6.283972125435542,3.0209523809523814e-08,7.368176538908247,458917576927.55,2.0361159707280434,-24780039981847.0,1.237871235180768e-06,25.61119348440848,-59.92252427515801,22.34942383137769,36.350148367952514,18.965288093683384,-63.649851632047486,True,True,False,207,184,3,2,0,7474148537.6,-1.0,0,1,-0.00536585365853659,0
1782864000000,4.1e-07,5.11e-07,3.826e-07,4.078e-07,1365144114945.0,2026-07-01,-0.0053658536585365,-0.0053803015579986,0.0053658536585365,0.046683397626731,0.891885059355211,0.0397571017077041,0.759558361623258,0.0468788903451409,0.8956199424962515,0.0385059781866046,0.7356556803146121,3.915600000000001e-07,3.984946519119286e-07,3.9808000000000003e-07,4.045151706509502e-07,4.3134500000000003e-07,4.230224281604017e-07,4.73006e-07,4.822743706516058e-07,6.2549e-07,5.614747782232429e-07,0.0639186016175319,6.391860161753193,-0.072127417519909,-7.212741751990899,-0.0433966690124325,-4.339666901243259,70.36363636363635,27.35148514851485,40.45924967658473,4.082021814066786e-07,4.34350983174265e-07,-2.6148801767586393e-08,-2.6497602572747677e-08,3.488008051612841e-10,0.0855323210302315,4.3134500000000003e-07,4.1160411166224606e-08,5.136658223324493e-07,3.490241776675508e-07,0.3816936435217714,0.356992439258475,4.441428571428572e-08,10.891193161914105,3.337857142857143e-08,8.185034680865972,3.5109523809523825e-08,8.609495784581615,488773529233.5,2.792999279412357,-26145184096792.0,1.2327299685389314e-06,22.68410826241152,1.325462967732128,39.809966299514365,31.2,25.622306184762618,-68.80000000000001,True,False,False,207,184,3,2,0,7474148537.6,-1.0,0,1,-0.020107896027464434,0
1782950400000,4.078e-07,4.438e-07,3.756e-07,3.996e-07,985174969552.0,2026-07-02,-0.0201078960274644,-0.0203128113659563,0.0201078960274644,0.0491094356172517,0.9382344500845308,0.0394609582146935,0.7539005481334752,0.0470693570432031,0.8992588036533741,0.0376870492149811,0.7200100642798882,3.9418e-07,3.988631012746191e-07,3.9525e-07,4.0362150325986834e-07,4.3005e-07,4.207917207165539e-07,4.6964e-07,4.790322383181951e-07,6.20109e-07,5.582686445795116e-07,0.0338939197930141,3.389391979301417,-0.0661369478850198,-6.613694788501988,-0.0608695652173912,-6.086956521739127,63.33878887070377,32.16885007278022,41.002949852507385,4.068787688825742e-07,4.317768362724676e-07,-2.4898067389893442e-08,-2.6177695536176832e-08,1.27962814628339e-09,0.3202272638346822,4.3005e-07,4.175709835659253e-08,5.13564196713185e-07,3.465358032868149e-07,0.3883929622750148,0.3176956661358119,4.948571428571429e-08,12.383812383812383,3.5778571428571425e-08,8.953596453596454,3.677619047619048e-08,9.203250869917538,519698947485.65,1.8956647388230523,-27130359066344.0,1.2289342007729535e-06,21.72000017501168,-50.947391388433125,36.94835858133797,25.73333333333333,31.094493900428585,-74.26666666666667,False,True,False,207,184,3,2,0,7474148537.6,-1.0,0,1,0.05230230230230215,1
1783036800000,3.996e-07,4.312e-07,3.92e-07,4.205e-07,536113443821.0,2026-07-03,0.0523023023023021,0.0509804326386041,0.0523023023023021,0.0497152260738796,0.9498080605078004,0.0428031849422084,0.8177537001058874,0.04706286076792,0.8991346924883551,0.0385385701971725,0.736278349802217,4.0248e-07,4.060754008497461e-07,3.9557e-07,4.066903208489832e-07,4.2868500000000003e-07,4.207639377911678e-07,4.66596e-07,4.76736856320654e-07,6.1511e-07,5.555399749145571e-07,0.1094986807387863,10.949868073878626,0.0076683441169422,0.766834411694219,-0.0609647163912461,-6.096471639124617,71.5736040609137,39.00523560209423,46.261089987325725,4.089743429006397e-07,4.309415150670996e-07,-2.1967172166459913e-08,-2.5335590862233448e-08,3.368418695773537e-09,0.801050819446739,4.2868500000000003e-07,4.1592209227514026e-08,5.118694184550281e-07,3.45500581544972e-07,0.3880911086463395,0.4508020843805916,5.1514285714285714e-08,12.250721929675557,3.661428571428571e-08,8.70732121623917,3.7661904761904765e-08,8.956457731725271,519955739855.1,1.0310751526089563,-26594245622523.0,1.2269037582241486e-06,22.173861026142795,-31.52936558559438,43.60124712620843,39.66666666666666,32.19999999999997,-60.333333333333336,False,False,True,207,184,3,2,0,7474148537.6,-1.0,0,1,-0.0047562425683709275,0
1783123200000,4.205e-07,4.34e-07,4.057e-07,4.185e-07,459667499564.0,2026-07-04,-0.0047562425683709,-0.0047675894834726,0.0047562425683709,0.0485939642561955,0.928386383559308,0.0422383119898124,0.8069618175033362,0.0351567892211359,0.6716695149728577,0.0385268853767406,0.7360551116213145,4.1128e-07,4.102169338998307e-07,3.965100000000001e-07,4.088375352400771e-07,4.2429000000000005e-07,4.2054832466819946e-07,4.6365e-07,4.744530579353854e-07,6.10164e-07,5.528257487886697e-07,0.117489986648865,11.748998664886509,0.0229772671718406,2.2977267171840667,-0.1735781990521328,-17.357819905213276,76.9440654843111,38.75162548764629,46.70505438259757,4.104398286082336e-07,4.300199213584256e-07,-1.958009275019208e-08,-2.418449123982517e-08,4.604398489633093e-09,1.1002146928633436,4.2429000000000005e-07,3.7378658419844536e-08,4.99047316839689e-07,3.495326831603109e-07,0.3523878330372577,0.4612746936034627,5.17e-08,12.353643966547192,3.726428571428572e-08,8.904249871991809,3.7223809523809534e-08,8.894578141889971,511150341389.15,0.8992804314964645,-27053913122087.0,1.225181197725746e-06,22.225903341383937,-16.206898403475417,48.422370844859486,38.333333333333336,34.577777777777754,-61.66666666666667,True,False,False,207,184,3,2,0,7474148537.6,-1.0,0,1,0.005495818399044339,1
1783209600000,4.185e-07,4.239e-07,4.135e-07,4.208e-07,218216008503.0,2026-07-05,0.0054958183990443,0.0054807714939702,0.0054958183990443,0.0277014269320561,0.529235018433491,0.0364247222416571,0.6958933413170317,0.0352810872586937,0.6740442256460474,0.0383246282493831,0.7321909946287899,4.1344e-07,4.1374462259988724e-07,4.0005e-07,4.1101252883279044e-07,4.2008000000000004e-07,4.205722937474186e-07,4.604760000000001e-07,4.723490163608145e-07,6.05102e-07,5.502108456261813e-07,0.0263414634146341,2.634146341463419,0.0918526206538661,9.185262065386617,-0.1667326732673267,-16.673267326732677,82.55977496483827,43.43859649122808,49.08970539556439,4.120337011300438e-07,4.293369642207645e-07,-1.730326309072073e-08,-2.280824561000429e-08,5.504982519283557e-09,1.308218279297423,4.2008000000000004e-07,3.2191623624527084e-08,4.844632472490542e-07,3.5569675275094586e-07,0.3065285052802046,0.5055915166659332,5.095714285714285e-08,12.109587180879956,3.677857142857142e-08,8.740154807170015,3.3576190476190485e-08,7.979132717725874,497829090083.35,0.4383351894250791,-26835697113584.0,1.2243660237795875e-06,23.51468472998365,-8.508595502363134,50.13723282171541,39.86666666666668,39.28888888888886,-60.133333333333326,False,False,True,207,184,3,2,0,7474148537.6,-1.0,0,1,0.047766159695817434,1
1783296000000,4.208e-07,4.45e-07,4.125e-07,4.409e-07,527326127813.0,2026-07-06,0.0477661596958174,0.0466604309403917,0.0477661596958174,0.0322946884438934,0.6169891564008008,0.0378730593157616,0.7235637822654948,0.0366208020439777,0.6996394406804366,0.0382719751908343,0.7311850593576573,4.2006e-07,4.227964150665914e-07,4.0581e-07,4.1644661449955573e-07,4.1787e-07,4.225082657714741e-07,4.583860000000001e-07,4.711157215526226e-07,5.99046e-07,5.48045842761353e-07,0.0811672388425699,8.11672388425699,0.150273936864075,15.027393686407512,-0.0911152339723768,-9.11152339723769,77.73788150807901,54.3046357615894,52.39576851275668,4.164746701869601e-07,4.301934853895968e-07,-1.3718815202636732e-08,-2.0990359528530778e-08,7.2715443258940445e-09,1.6492502440222374,4.1787e-07,2.8835195964655e-08,4.755403919293101e-07,3.6019960807069e-07,0.2760207333826789,0.6996691823096085,5.375714285714284e-08,12.192593072611215,3.7192857142857134e-08,8.435667303891389,3.3109523809523814e-08,7.509531369817149,499428304911.5,1.0558595150237702,-26308370985771.0,1.2224356004205158e-06,25.941565215971547,36.4622213374855,56.17932801157055,53.266666666666666,43.8222222222222,-46.73333333333333,True,True,False,207,184,3,2,0,7474148537.6,-1.0,0,1,0.06396008165116807,1
1783382400000,4.409e-07,5.179e-07,4.224e-07,4.691e-07,952071697810.0,2026-07-07,0.063960081651168,0.0619978729705204,0.063960081651168,0.0305415622835657,0.5834957281361515,0.0408031453285158,0.7795429969382657,0.0396280086076845,0.7570920414103651,0.0394308926769491,0.7533261468413891,4.3396e-07,4.382309433777276e-07,4.1407e-07,4.260199573178183e-07,4.17275e-07,4.269455737932385e-07,4.56804e-07,4.710366736455841e-07,5.94063e-07,5.464822531667459e-07,0.1739239239239238,17.392392392392388,0.2137128072445018,21.37128072445018,-0.0247401247401248,-2.474012474012484,87.51529987760101,65.361803084223,53.25389550870759,4.245708747735816e-07,4.330754494348119e-07,-8.504574661230313e-09,-1.849320255507069e-08,9.988627893840373e-09,2.129317393698651,4.17275e-07,2.7558490429287106e-08,4.723919808585743e-07,3.621580191414258e-07,0.2641758114364591,0.970136418874056,5.749999999999999e-08,12.25751438925602,4.2871428571428574e-08,9.139080914821694,3.634285714285714e-08,7.747358163047783,528766264968.2,1.8005530248176056,-25356299287961.0,1.2191362191180545e-06,29.58769387991003,148.30528172718616,63.74893957698294,68.89738687061819,54.01024006798382,-31.102613129381808,True,False,False,207,184,3,2,0,7474148537.6,-1.0,0,1,-0.06885525474312515,0
1783468800000,4.691e-07,4.808e-07,4.353e-07,4.368e-07,596115065684.0,2026-07-08,-0.0688552547431251,-0.071340540903717,0.0688552547431251,0.0519278196026085,0.9920796005203338,0.0484307387479953,0.9252679646037408,0.0397619647024376,0.7596512690071893,0.0404823422093699,0.7734140619526746,4.372200000000001e-07,4.377539622518184e-07,4.1985e-07,4.27979965078215e-07,4.16685e-07,4.278840905748349e-07,4.54776e-07,4.696940589436305e-07,5.886380000000001e-07,5.443099112175978e-07,0.0387633769322235,3.876337693222356,0.1525065963060685,15.250659630606862,-0.0263040570664289,-2.630405706642886,67.58034026465029,57.18733783082512,38.43853820598006,4.264522786545691e-07,4.3335134206927035e-07,-6.899063414701168e-09,-1.6174374726996785e-08,9.275311312295617e-09,2.123468707027385,4.16685e-07,2.69726425730348e-08,4.706302851460696e-07,3.627397148539304e-07,0.2589259759581919,0.6864389069919077,4.5657142857142857e-08,10.452642595499738,4.503571428571429e-08,10.310374149659864,3.747142857142857e-08,8.578623757195187,539078105813.5,1.1058046306377587,-25952414353645.0,1.2170335309429669e-06,33.782375736716496,95.59872190501738,62.1605518987304,48.311026131293794,56.82502655619286,-51.68897386870621,False,False,True,207,184,3,2,0,7474148537.6,-1.0,0,1,0.054716117216117244,1
1783555200000,4.368e-07,4.7e-07,4.31e-07,4.607e-07,502044454838.0,2026-07-09,0.0547161172161172,0.053271647511176,0.0547161172161172,0.054800510707227,1.0469622870128177,0.0488499663633426,0.9332772969489797,0.0415761775257246,0.7943117563289986,0.0413060634175512,0.7891512335382812,4.4566e-07,4.4540264150121227e-07,4.2847e-07,4.3392906233672133e-07,4.1701500000000003e-07,4.310094152819934e-07,4.5322e-07,4.6934135073734813e-07,5.82257e-07,5.426539584709685e-07,0.1008363201911588,10.083632019115887,0.2301735647530038,23.017356475300392,0.0145342435586874,1.453424355868744,68.47426470588236,69.51788491446345,43.15301391035548,4.317211588615585e-07,4.353771685826576e-07,-3.6560097210991022e-09,-1.3670701725817248e-08,1.0014692004718146e-08,2.1737990025435523,4.1701500000000003e-07,2.7489907717561672e-08,4.719948154351234e-07,3.620351845648768e-07,0.2636826753719811,0.8972821630471697,4.148571428571429e-08,9.004930385438307,4.5485714285714294e-08,9.87317436199572,3.768095238095238e-08,8.17906498392715,544098721943.8,0.9227083883682716,-25450369898807.0,1.2152783157736746e-06,38.433832110812936,104.66838417404088,68.12001912416375,63.54365838113445,60.25069046101546,-36.45634161886555,False,True,False,207,184,3,2,0,7474148537.6,-1.0,0,1,0.03603212502713249,1
1783641600000,4.607e-07,4.799e-07,4.582e-07,4.773e-07,266805091272.0,2026-07-10,0.0360321250271324,0.0353981520699794,0.0360321250271324,0.0543941449429314,1.0391986799868989,0.0422019639118934,0.8062673884497475,0.0422687834410657,0.8075439737621191,0.0416494176053636,0.7957110060858038,4.5696000000000004e-07,4.560350943341415e-07,4.352e-07,4.418146873664084e-07,4.18225e-07,4.35418042397994e-07,4.52084e-07,4.696534546405556e-07,5.77342e-07,5.413595824456463e-07,0.1342680608365019,13.42680608365018,0.1641463414634145,16.41463414634146,0.0534098433016994,5.340984330169933,73.82495948136142,72.66152362584378,48.782011242973134,4.387332882674726e-07,4.384825635024607e-07,2.5072476501188635e-10,-1.088641642765142e-08,1.1137141192663308e-08,2.333362914867653,4.18225e-07,2.961247736670708e-08,4.774499547334141e-07,3.590000452665858e-07,0.2832205379086097,0.9987340240774424,3.898571428571428e-08,8.16796863308491,4.525e-08,9.48041064320134,3.74047619047619e-08,7.8367403948799295,545815702411.55,0.4888190099573694,-25183564807535.0,1.2143706633887932e-06,43.42857001236357,149.29085647317683,73.46024584396852,73.30703484549633,61.72057311930817,-26.69296515450366,True,False,False,207,184,3,2,0,7474148537.6,-1.0,0,1,0.04588309239472044,1
1783728000000,4.773e-07,5.05e-07,4.695e-07,4.992e-07,341055887843.0,2026-07-11,0.0458830923947204,0.0448615930433671,0.0458830923947204,0.0542182639515285,1.0358384783642347,0.0424142739620639,0.8103235662629409,0.0425132666767806,0.8122148194220788,0.0417649024070874,0.7979173401248036,4.6862e-07,4.70423396222761e-07,4.4434e-07,4.52248380572516e-07,4.2121e-07,4.414925145505661e-07,4.5183e-07,4.708121427315143e-07,5.7349e-07,5.405245885889895e-07,0.1322295305057836,13.22295305057837,0.2241294752329574,22.412947523295745,0.1358361774744028,13.583617747440282,77.41258741258741,74.92260061919505,52.69230769230769,4.480358593032461e-07,4.429801513911674e-07,5.0557079120786835e-09,-7.6979915597054e-09,1.2753699471784085e-08,2.554827618546491,4.2121e-07,3.4478977576794566e-08,4.901679551535891e-07,3.5225204484641085e-07,0.3274279107978876,1.0654895060786966,4.001428571428571e-08,8.015682234432234,4.585714285714285e-08,9.186126373626372,3.818095238095238e-08,7.64842796092796,550480501369.9,0.619560342272368,-24842508919692.0,1.2132439168075072e-06,48.2294531051101,176.35287605909636,73.44835911265264,87.70545693622616,74.85205005428561,-12.294543063773848,True,False,False,207,184,3,2,0,7474148537.6,-1.0,0,1,-0.01642628205128205,0
1783814400000,4.992e-07,5.075e-07,4.778e-07,4.91e-07,289930699386.0,2026-07-12,-0.016426282051282,-0.0165626892606973,0.016426282051282,0.0521558582158686,0.9964362721094284,0.04202969037888,0.8029761072228434,0.0421551934496704,0.805373840023617,0.0417352261796751,0.7973503765961697,4.730000000000001e-07,4.772822641485073e-07,4.5348e-07,4.592941295593313e-07,4.243650000000001e-07,4.462075131647979e-07,4.5121e-07,4.7160382343342354e-07,5.693830000000001e-07,5.395437302154001e-07,0.0466851417608187,4.668514176081871,0.2287287287287287,22.872872872872883,0.1474643608319701,14.746436083197016,69.10755148741421,74.69135802469138,56.75589547482474,4.546457271027467e-07,4.4653717721404396e-07,8.108549888702854e-09,-4.536683270023748e-09,1.2645233158726602e-08,2.575403901980978,4.243650000000001e-07,3.78459519493383e-08,5.000569038986767e-07,3.486730961013234e-07,0.3567301916919473,0.9401725717535095,4.277142857142857e-08,8.711085248763457,4.6864285714285716e-08,9.54466104160605,3.877619047619047e-08,7.89739113568034,547104878521.5,0.5299362348394895,-25132439619078.0,1.2122899765169242e-06,48.41813514274861,151.0898158586996,76.84995412949351,82.31426692965155,81.108919570458,-17.685733070348455,True,False,False,207,184,3,2,0,7474148537.6,-1.0,0,1,-0.04073319755600824,0
1783900800000,4.91e-07,4.961e-07,4.682e-07,4.71e-07,279431835866.0,2026-07-13,-0.0407331975560082,-0.0415860337781029,0.0407331975560082,0.0420216808970166,0.8028230862867014,0.044693876894857,0.8538753191425626,0.0429466421063565,0.8204944453786311,0.0419858125575208,0.8021378226228185,4.7984e-07,4.751881760990049e-07,4.5853e-07,4.614224696394529e-07,4.2705e-07,4.4856870238719814e-07,4.499560000000001e-07,4.7158014408238294e-07,5.64859e-07,5.381861933193219e-07,0.0782967032967034,7.829670329670336,0.1200951248513675,12.00951248513675,0.1286843997124371,12.868439971243712,50.77298616761597,69.91333058192325,52.573865367042345,4.5716176908693947e-07,4.4834923816115173e-07,8.812530925787745e-09,-1.866840430861449e-09,1.0679371356649191e-08,2.2673824536410176,4.2705e-07,3.9199039999040244e-08,5.054480799980805e-07,3.486519200019195e-07,0.3671611286644679,0.7803002318492754,4.211428571428572e-08,8.941461935092509,4.7935714285714286e-08,10.177434030937214,3.883333333333333e-08,8.244869072894549,546527589620.8,0.5112858731612792,-25411871454944.0,1.2113555636221203e-06,48.49858990698385,104.15429500916584,77.23577238404641,69.16502301117686,79.72824895901817,-30.834976988823158,False,True,False,207,184,3,2,0,7474148537.6,-1.0,0,1,0.00700636942675148,1
1783987200000,4.71e-07,4.852e-07,4.635e-07,4.743e-07,294360446905.0,2026-07-14,0.0070063694267514,0.0069819388671181,0.0070063694267514,0.0359858001442956,0.6875077464212269,0.0443483195323627,0.8472734550018425,0.0424892924051784,0.8117567916062401,0.0417237108202622,0.7971303759634916,4.825600000000001e-07,4.748921173993366e-07,4.6411000000000004e-07,4.6376383879591606e-07,4.3031000000000005e-07,4.5101930215984606e-07,4.491420000000001e-07,4.716868051018337e-07,5.6042e-07,5.369209052094328e-07,0.029520295202952,2.9520295202952065,0.1333333333333333,13.333333333333336,0.1593742361280861,15.937423612808614,69.96805111821087,65.30223702998572,53.20629159104659,4.597984199966411e-07,4.502715168158813e-07,9.526903180759793e-09,4.1190829146279954e-10,9.114994889296992e-09,1.921778386948554,4.3031000000000005e-07,4.0322736174964924e-08,5.109554723499297e-07,3.4966452765007013e-07,0.3748249975595725,0.7727369480156461,3.1571428571428586e-08,6.656426011264722,4.453571428571428e-08,9.38977741634288,3.91047619047619e-08,8.244731584390028,539486884803.95,0.5456304039939188,-25117511008039.0,1.2103683080034933e-06,51.845806487182834,85.23264984227109,71.34681893412109,69.36050597329583,73.61326530470807,-30.639494026704167,False,True,False,207,184,3,2,0,7474148537.6,-1.0,0,1,-0.016023613746573906,0
1784073600000,4.743e-07,4.81e-07,4.636e-07,4.667e-07,269190291441.0,2026-07-15,-0.0160236137465739,-0.0161533799277661,0.0160236137465739,0.0326257314353122,0.6233137238714781,0.0452911105848317,0.8652854527684628,0.0400138879826712,0.764464256518095,0.041273636317898,0.7885317146692781,4.8044e-07,4.721614115995577e-07,4.687e-07,4.642976862875676e-07,4.34375e-07,4.525127019541464e-07,4.4865000000000004e-07,4.714912441120337e-07,5.56527e-07,5.355301606238549e-07,-0.0222082547663942,-2.22082547663942,0.1090779467680609,10.907794676806084,0.2109496626881162,21.09496626881163,53.86597938144331,63.66589327146173,54.18977202711029,4.608602015356194e-07,4.514884414961864e-07,9.371760039433e-09,2.20387864105684e-09,7.167881398376159e-09,1.5358648807319817,4.34375e-07,3.964936947801615e-08,5.136737389560323e-07,3.5507626104396764e-07,0.3651164959126668,0.7038178691462095,2.7557142857142863e-08,5.904680277939332,3.660714285714285e-08,7.843827481710488,3.9209523809523816e-08,8.40144071341843,526640035890.2,0.5111466525441372,-25386701299480.0,1.2094630114958616e-06,56.20181382421999,69.89416738884945,62.13750516281282,64.0196767392832,67.51506857458527,-35.98032326071681,False,False,True,207,184,3,2,0,7474148537.6,-1.0,0,1,-0.027426612384829685,0
1784160000000,4.667e-07,4.668e-07,4.4e-07,4.539e-07,426558153096.0,2026-07-16,-0.0274266123848296,-0.02780974349335,0.0274266123848296,0.0175696022178285,0.3356667790590023,0.0448095143685766,0.8560845699759461,0.0407657669782809,0.7788288845597195,0.0414425611588115,0.7917590192234437,4.7138e-07,4.660742743997051e-07,4.7e-07,4.6240719787164637e-07,4.37905e-07,4.526448255775611e-07,4.47972e-07,4.708013913834073e-07,5.52044e-07,5.339134578894978e-07,-0.0907451923076922,-9.074519230769234,0.0294851440235881,2.948514402358817,0.184189929559092,18.41899295590921,34.14634146341467,62.33530213539301,53.9901780233272,4.5978940129937036e-07,4.516670754594319e-07,8.122325839938424e-09,3.3875680808331572e-09,4.734757759105267e-09,1.043127948690299,4.37905e-07,3.797002245545018e-08,5.138450449109004e-07,3.6196495508909963e-07,0.3468334223674101,0.6053133430377001,2.5814285714285722e-08,5.687218707707803,3.365e-08,7.413527208636263,3.892857142857143e-08,8.576464293582601,519208152364.65,0.8215551915995724,-25813259452576.0,1.2080003722344411e-06,58.79117264023525,30.91726806819344,67.04902849665835,49.16600476568704,60.848729159422,-50.833995234312965,False,True,False,207,184,3,2,0,7474148537.6,-1.0,0,1,-0.036792244987882805,0
1784246400000,4.539e-07,4.578e-07,4.358e-07,4.372e-07,317789797264.0,2026-07-17,-0.0367922449878828,-0.0374861531600364,0.0367922449878828,0.0191906677651895,0.3666371928555099,0.0409431875874169,0.7822185005378751,0.0420487124974705,0.8033395242882381,0.0414029263830065,0.7910017978949095,4.6062e-07,4.564495162664701e-07,4.6681000000000004e-07,4.5782407098589246e-07,4.4044000000000004e-07,4.511738898082695e-07,4.4734000000000003e-07,4.694836897268513e-07,5.47838e-07,5.319980334296629e-07,-0.1095723014256619,-10.957230142566194,-0.0680025580899593,-6.800255808995942,0.1311772315653299,13.117723156532987,4.810495626822132,53.86753126447431,52.99789093100331,4.5631410879177486e-07,4.505954402402146e-07,5.718668551560128e-09,3.853788174978551e-09,1.8648803765815768e-09,0.4265508638109736,4.4044000000000004e-07,3.599870465511688e-08,5.124374093102338e-07,3.684425906897663e-07,0.3269340173927605,0.4774991903803163,2.5857142857142865e-08,5.914259573911909,3.242142857142857e-08,7.41569729447131,3.8785714285714294e-08,8.871389360867859,513106481835.95,0.619344733527657,-26131049249840.0,1.2069000194223294e-06,60.95657658172764,4.257228219887032,60.43273848470123,28.074866310160445,47.08684927171021,-71.92513368983956,False,True,False,207,184,3,2,0,7474148537.6,-1.0,0,1,-0.006861848124428249,0
1784332800000,4.372e-07,4.4e-07,4.199e-07,4.342e-07,385395546542.0,2026-07-18,-0.0068618481244282,-0.006885498858192,0.0068618481244282,0.0171441128007992,0.3275378151606055,0.0346173067481514,0.6613627167983526,0.0417263120082,0.797180071589265,0.0408988703748106,0.7813718213798614,4.5326e-07,4.4903301084431334e-07,4.665500000000001e-07,4.535287853520937e-07,4.432e-07,4.4955732887414875e-07,4.462320000000001e-07,4.681000155859394e-07,5.43613e-07,5.300611349274424e-07,-0.0781316348195328,-7.813163481953294,-0.0059523809523809,-0.5952380952380915,0.1456464379947231,14.564643799472302,5.20504731861196,53.619179345320426,53.84144475053567,4.5291193820842483e-07,4.49380963185384e-07,3.5309750230409594e-09,3.789225544591033e-09,-2.5825052155007345e-10,-0.0594773195647336,4.432e-07,3.3034224676904774e-08,5.092684493538095e-07,3.771315506461905e-07,0.2981428219937252,0.4318888207001558,2.3657142857142865e-08,5.448443771797066,3.1835714285714294e-08,7.332039218266763,3.8457142857142865e-08,8.857011252220833,517623387696.9,0.7445481709332511,-26516444796382.0,1.2055485046765715e-06,62.13108448627791,-32.46289054287036,53.38807350381574,20.58823529411763,32.60970212332168,-79.41176470588238,False,True,False,207,184,3,2,0,7474148537.6,-1.0,0,1,0.007830492860432914,1
1784419200000,4.342e-07,4.484e-07,4.303e-07,4.376e-07,203719586270.0,2026-07-19,0.0078304928604329,0.0077999936635799,0.0078304928604329,0.0174225301254302,0.3328569706790088,0.0291108748820312,0.5561624837086797,0.0414732653688464,0.792345622332506,0.0408493403744399,0.780425552051443,4.459200000000001e-07,4.452220072295422e-07,4.6424e-07,4.5063264256080395e-07,4.46355e-07,4.484185356480393e-07,4.45042e-07,4.669039365151352e-07,5.39775e-07,5.282299398492571e-07,-0.0773771874341134,-7.737718743411344,-0.0501410896461905,-5.014108964619055,0.1684913217623498,16.849132176234974,14.316239316239262,53.85321100917431,58.51827676240209,4.505562554071287e-07,4.485082992457258e-07,2.0479561614029143e-09,3.440971667953409e-09,-1.3930155065504944e-09,-0.3183307830325627,4.46355e-07,2.8879540654679253e-08,5.041140813093585e-07,3.885959186906415e-07,0.2588033350555432,0.424211052171103,2.200000000000001e-08,5.027422303473495,3.2385714285714296e-08,7.400757377905459,3.857619047619048e-08,8.815400017410987,507526006302.25,0.4013973347972195,-26312725210112.0,1.204842807566655e-06,63.21565072694077,-25.189025707496047,54.99157148513631,23.814041745730524,24.15904778333618,-76.18595825426947,True,False,False,207,184,3,2,0,7474148537.6,-1.0,0,1,0.019195612431444298,1
1784505600000,4.376e-07,4.5e-07,4.324e-07,4.46e-07,253493643138.0,2026-07-20,0.0191956124314442,0.0190137009122926,0.0191956124314442,0.0234232785549181,0.447501108451554,0.0268924022377016,0.5137786233503042,0.0363326579215263,0.6941344549506017,0.040826599347299,0.7799910853379557,4.4178000000000003e-07,4.454813381530282e-07,4.611100000000001e-07,4.49790343913385e-07,4.4815500000000003e-07,4.481881989196545e-07,4.44258e-07,4.660841742802737e-07,5.36321e-07,5.266013788026639e-07,-0.0443539747160917,-4.435397471609175,-0.0655772051120887,-6.557720511208877,0.0878048780487805,8.78048780487805,22.736030828516363,51.23606398448862,60.02558362647905,4.498552930368012e-07,4.4832249930159793e-07,1.5327937352032714e-09,3.059336081403381e-09,-1.5265423462001102e-09,-0.3422740686547332,4.4815500000000003e-07,2.758734406636121e-08,5.033296881327225e-07,3.929803118672776e-07,0.2462303807063289,0.4804711175275137,2.0528571428571444e-08,4.602818705957724,3.132142857142858e-08,7.022741832158874,3.8800000000000003e-08,8.699551569506728,473480218077.65,0.5353838100505973,-26059231566974.0,1.2039711154702915e-06,62.93383129660288,-20.988042794210177,52.88870240430645,26.63265306122448,23.67831003369086,-73.36734693877553,True,False,False,207,184,3,2,0,7474148537.6,-1.0,0,1,0.03408071748878916,1
1784592000000,4.46e-07,4.9e-07,4.416e-07,4.612e-07,375728635875.0,2026-07-21,0.0340807174887891,0.0335128363748398,0.0340807174887891,0.0270699009785864,0.5171697320334235,0.0244931437649961,0.4679408545904718,0.0368168173643095,0.7033843081171752,0.0410850321742706,0.7849284375646676,4.4324e-07,4.507208921020188e-07,4.5731e-07,4.518648268382241e-07,4.5082500000000004e-07,4.494274180701636e-07,4.43902e-07,4.6589263802981713e-07,5.33616e-07,5.253061106772077e-07,0.0160828376294337,1.608283762943372,-0.0761217948717949,-7.612179487179496,0.1309465424227562,13.094654242275622,45.37815126050417,47.9565442317641,61.5029257776409,4.51600632569601e-07,4.492763882422204e-07,2.3242443273806957e-09,2.912317730598845e-09,-5.880734032181492e-10,-0.1275094109319491,4.5082500000000004e-07,2.6015417999494493e-08,5.028558359989889e-07,3.9879416400101094e-07,0.2308249808639228,0.5997004929942086,2.4342857142857148e-08,5.278156362284724,2.7957142857142864e-08,6.061826291661506,3.78047619047619e-08,8.197042910833023,424009444124.15,0.8861327054898961,-25683502931099.0,1.2027190890828083e-06,60.1630592787101,42.15094739070588,47.0710848910912,47.14611872146116,32.530937842805365,-52.85388127853885,True,False,False,207,184,3,2,0,7474148537.6,-1.0,0,1,-0.014744145706851675,0
1784678400000,4.612e-07,4.788e-07,4.523e-07,4.544e-07,370697821381.0,2026-07-22,-0.0147441457068516,-0.0148539209879623,0.0147441457068516,0.0196449430794287,0.3753161105479068,0.0244316054331736,0.466765166411797,0.0366294434272852,0.6998045340767167,0.0406308484617926,0.7762512699214619,4.4668000000000003e-07,4.519472614013459e-07,4.5365e-07,4.5232576741309243e-07,4.53565e-07,4.499009973015766e-07,4.4384e-07,4.65441946332943e-07,5.30669e-07,5.239018259652118e-07,0.0393412625800548,3.934126258005482,-0.0745417515274949,-7.454175152749501,0.137137137137137,13.71371371371371,50.46728971962615,55.244338498212166,61.63580246913581,4.520313044819701e-07,4.496559150390929e-07,2.375389442877213e-09,2.8049320730545183e-09,-4.2954263017730573e-10,-0.0945296281200056,4.53565e-07,2.3053559492350944e-08,4.996721189847019e-07,4.074578810152981e-07,0.2033098629069786,0.5090550008153518,2.5642857142857143e-08,5.643234406438631,2.6600000000000003e-08,5.85387323943662,3.2952380952380954e-08,7.251844399731724,393285586715.6,0.94256650612794,-26054200752480.0,1.2014839166412289e-06,57.133965152322894,28.23138181499962,49.247071871129855,39.383561643835606,37.7207778088404,-60.6164383561644,False,False,True,207,184,3,2,0,7474148537.6,-1.0,0,1,-0.04775528169014087,0
1784764800000,4.544e-07,4.55e-07,4.292e-07,4.327e-07,416384762166.0,2026-07-23,-0.0477552816901408,-0.0489332201761025,0.0477552816901408,0.0319720673088722,0.6108254882706805,0.0255690522642631,0.4884960576072303,0.0369597053928766,0.7061141800699134,0.0399935057345876,0.7640748542152214,4.4638000000000006e-07,4.455315076008973e-07,4.4981999999999993e-07,4.487574460652575e-07,4.5417500000000003e-07,4.482628070823788e-07,4.42718e-07,4.6415794841172034e-07,5.27216e-07,5.220955928852107e-07,-0.0034546292031322,-0.3454629203132213,-0.081316348195329,-8.131634819532913,0.0290130796670631,2.901307966706306,46.15384615384613,41.54589371980676,58.52872215709261,4.490572576385901e-07,4.483999213324934e-07,6.573363060966686e-10,2.375412919662949e-09,-1.7180766135662801e-09,-0.3970595362991172,4.5417500000000003e-07,2.2281072330898522e-08,4.987371446617971e-07,4.09612855338203e-07,0.1962333667057721,0.2590443619468514,2.5499999999999997e-08,5.893228564825512,2.5657142857142856e-08,5.929545379510713,3.093333333333333e-08,7.148909945304675,387299152632.85,1.075098562275251,-26470585514646.0,1.2000586756498512e-06,52.32636347297856,-59.558438581328296,39.29595279737702,14.61187214611873,33.71385083713848,-85.38812785388127,False,True,False,207,184,3,2,0,7474148537.6,-1.0,0,1,-0.03235498035590478,0
1784851200000,4.327e-07,4.327e-07,4.07e-07,4.187e-07,467309580351.0,2026-07-24,-0.0323549803559047,-0.0328899742057414,0.0323549803559047,0.0343839390038342,0.6569042323033698,0.0260027695436102,0.4967822145944918,0.0377354386821253,0.7209345437516087,0.0395627231888897,0.7558447652356,4.426000000000001e-07,4.365876717339315e-07,4.4426e-07,4.432924558715743e-07,4.5418500000000004e-07,4.454473016459618e-07,4.41832e-07,4.6237528373369086e-07,5.234240000000001e-07,5.200478705580522e-07,-0.0431901279707495,-4.319012797074953,-0.1172253847775669,-11.722538477756691,0.0004778972520909,0.0477897252090836,38.84892086330935,32.024539877300626,51.36065060994682,4.443869103095762e-07,4.461999271597161e-07,-1.8130168501399398e-09,1.537726965702371e-09,-3.350743815842311e-09,-0.8002731826707216,4.5418500000000004e-07,2.2264256816322268e-08,4.987135136326445e-07,4.0965648636735553e-07,0.1960809521787135,0.1015474456126304,2.6028571428571437e-08,6.216520522706337,2.5942857142857153e-08,6.196048995189193,3.029047619047619e-08,7.234410363142151,387681256672.2,1.205396372170061,-26937895094997.0,1.1984246362897668e-06,47.26745282382719,-132.08160988985446,32.115465141626046,11.641791044776149,21.879074944910144,-88.35820895522384,False,True,False,207,184,3,2,0,7474148537.6,-1.0,0,1,0.02125626940530201,1
1784937600000,4.187e-07,4.296e-07,4.094e-07,4.276e-07,286938773386.0,2026-07-25,0.021256269405302,0.0210335061257924,0.021256269405302,0.0348058920984492,0.6649656348569031,0.0279731200575024,0.5344257083068488,0.0380044698894554,0.7260743777507654,0.0396906204059156,0.7582882381359791,4.3892e-07,4.3359178115595444e-07,4.4035000000000005e-07,4.404392820767426e-07,4.5452500000000005e-07,4.4374755863206077e-07,4.4112600000000003e-07,4.610115470913753e-07,5.1987e-07,5.182169700154285e-07,-0.0412556053811659,-4.125560538116593,-0.0837797300192844,-8.377973001928439,0.0161596958174905,1.615969581749045,43.333333333333314,26.13333333333331,53.03308823529412,4.4180430872348754e-07,4.448221547775149e-07,-3.017846054027366e-09,6.266123617564236e-10,-3.6444584157837893e-09,-0.8523055228680518,4.5452500000000005e-07,2.177412455195856e-08,4.980732491039171e-07,4.1097675089608283e-07,0.1916209189985902,0.1908601315319232,2.6042857142857144e-08,6.090471735934785,2.4850000000000004e-08,5.811506080449019,2.9904761904761904e-08,6.993630005790903,391117394916.35,0.733638485824362,-26650956321611.0,1.1974281931448313e-06,43.4696854751911,-123.30609353889578,30.608992241150816,20.49751243781095,15.583725209568591,-79.50248756218905,False,False,True,207,184,3,2,0,7474148537.6,-1.0,0,1,0.003274087932647385,1
1785024000000,4.276e-07,4.575e-07,4.176e-07,4.29e-07,375982971631.0,2026-07-26,0.0032740879326473,0.0032687397771268,0.0032740879326473,0.0274693271815545,0.5248007589263398,0.0273248975018316,0.5220414337696246,0.0364222106486679,0.6958453574003478,0.0394593480474412,0.7538697859313124,4.324800000000001e-07,4.320611874373029e-07,4.3786e-07,4.3835941260824393e-07,4.5393e-07,4.4234302923853115e-07,4.4073200000000006e-07,4.597561922810952e-07,5.16183e-07,5.164500611971454e-07,-0.0698178664353859,-6.981786643538592,-0.054857898215466,-5.4857898215466,-0.0269902472215921,-2.6990247221592183,37.49999999999998,28.351955307262543,54.59949937421776,4.3983441507372026e-07,4.4365014331251373e-07,-3.815728238793469e-09,-2.618557583535552e-10,-3.5538724804399142e-09,-0.8284085035990475,4.5393e-07,2.232174064152175e-08,4.985734812830435e-07,4.092865187169565e-07,0.1966976462584253,0.2207879035917735,2.915714285714285e-08,6.796536796536796,2.5578571428571436e-08,5.962370962370963,3.130952380952381e-08,7.298257298257299,383550237107.25,0.9802704711296164,-26274973349980.0,1.1961473854158992e-06,38.33531988123673,-77.22888997579567,31.291462200480936,24.691358024691365,18.94355383575947,-75.30864197530863,True,False,False,207,184,3,2,0,7474148537.6,-1.0,0,1,-0.007925407925407857,0
1785110400000,4.29e-07,4.393e-07,4.19e-07,4.256e-07,521503057980.0,2026-07-27,-0.0079254079254078,-0.0079569809005822,0.0079254079254078,0.0275961386257453,0.5272234881658302,0.0250575097258751,0.4787230511336907,0.0330968010944337,0.6323134970723354,0.0390366996117233,0.7457950989046601,4.267200000000001e-07,4.299074582915353e-07,4.367e-07,4.36039519406745e-07,4.51755e-07,4.407484550253376e-07,4.399080000000001e-07,4.584167337373218e-07,5.12504e-07,5.146508143794108e-07,-0.0633802816901408,-6.338028169014083,-0.0265324794144556,-2.653247941445568,-0.0927307610317629,-9.273076103176292,18.32740213523131,32.06951026856237,50.84409136047666,4.376445050623787e-07,4.423130956597349e-07,-4.6685905973561915e-09,-1.1432027261540828e-09,-3.525387871202108e-09,-0.8283336163538787,4.51755e-07,2.287815494502169e-08,4.975113098900433e-07,4.059986901099566e-07,0.2025713490278729,0.2141924243579427,2.9542857142857145e-08,6.941460794844254,2.5035714285714296e-08,5.882451664876479,3.072857142857144e-08,7.220059076262085,362021805115.75,1.4405294117940182,-26796476407960.0,1.1943623129461257e-06,32.889732506680005,-92.93209021816044,30.018978959283476,22.409638554216897,22.53283633890639,-77.5903614457831,False,False,True,207,184,3,2,0,7474148537.6,-1.0,0,1,-0.015977443609022535,0
1785196800000,4.256e-07,4.439e-07,4.1e-07,4.188e-07,341380444759.0,2026-07-28,-0.0159774436090225,-0.0161064590310528,0.0159774436090225,0.0201628226038765,0.3852101849701269,0.0254012914081978,0.4852909909523644,0.0295982260637981,0.5654733149629173,0.0389272812193701,0.7437046634539497,4.2394e-07,4.262049721943569e-07,4.3516e-07,4.329050613327913e-07,4.50855e-07,4.3865812597530557e-07,4.391940000000001e-07,4.5686313631028746e-07,5.088180000000001e-07,5.127525346970083e-07,-0.0321238733533625,-3.212387335336257,-0.0354675264854905,-3.5467526485490537,-0.0412087912087911,-4.120879120879115,18.32740213523131,28.67025365103764,50.048875855327466,4.347453504373974e-07,4.405713848701249e-07,-5.8260344327275405e-09,-2.0797690674687747e-09,-3.7462653652587645e-09,-0.8945237261840412,4.50855e-07,2.3831612684879428e-08,4.985182253697589e-07,4.0319177463024114e-07,0.2114348310199904,0.1637344645549512,2.7471428571428582e-08,6.55955792058944,2.5907142857142865e-08,6.186041751944332,2.7795238095238103e-08,6.636876336016739,349285074069.5,0.977369117957422,-27137856852719.0,1.1931926046557724e-06,28.11403704231254,-94.76579286635138,29.948217918829656,14.216867469879569,20.43928801626259,-85.78313253012043,True,True,False,207,184,3,2,0,7474148537.6,-1.0,0,1,0.007879656160458381,1
1785283200000,4.188e-07,4.315e-07,4.158e-07,4.221e-07,273526931646.0,2026-07-29,0.0078796561604583,0.0078487737920712,0.0078796561604583,0.014389701666086,0.2749148643202477,0.0254036922652817,0.4853368592625487,0.0266018820010089,0.5082282420216294,0.0388158526520503,0.7415758236644276,4.2462e-07,4.248366481295712e-07,4.3361e-07,4.309405047268293e-07,4.48925e-07,4.3708116159670493e-07,4.38754e-07,4.554998760412672e-07,5.05155e-07,5.109572090310785e-07,0.0081203725818008,0.8120372581800791,-0.0354204753199268,-3.542047531992688,-0.0837855437377903,-8.378554373779028,35.97883597883596,32.273449920508725,50.21110750243586,4.327999119085671e-07,4.392031341390045e-07,-6.403222230437476e-09,-2.9444597000625153e-09,-3.458762530374961e-09,-0.8194177991885716,4.48925e-07,2.454469339161574e-08,4.980143867832315e-07,3.998356132167685e-07,0.2186974963890693,0.2267739346749876,2.5928571428571443e-08,6.142755609706572,2.5785714285714293e-08,6.108911226182016,2.6376190476190483e-08,6.248801344750174,337859197909.9,0.8095885307788598,-26864329921073.0,1.192256614000028e-06,24.07453415923168,-87.93369855316753,30.09689812293091,18.192771084337377,18.27309236947793,-81.80722891566262,False,False,True,207,184,3,2,0,7474148537.6,-1.0,0,1,-0.02298033641317221,0
1785369600000,4.221e-07,4.259e-07,4.08e-07,4.124e-07,415102144543.0,2026-07-30,-0.0229803364131722,-0.0232485006456481,0.0229803364131722,0.0128809613198468,0.2460904204779983,0.0247451724453427,0.4727558557677085,0.0251580924797919,0.4806446819490928,0.0389186855219415,0.7435404428851605,4.215800000000001e-07,4.206910987530474e-07,4.3025e-07,4.275695038674058e-07,4.4568e-07,4.3473057477797117e-07,4.3822e-07,4.538096847982827e-07,5.0146e-07,5.090053403219955e-07,-0.0355472404115996,-3.554724041159957,-0.0753363228699551,-7.533632286995512,-0.1359731824848102,-13.59731824848103,40.59701492537312,33.088834555827205,45.21008403361344,4.296614639226336e-07,4.372177167953746e-07,-7.556252872740932e-09,-3.866818334598199e-09,-3.689434538142733e-09,-0.8946252517319916,4.4568e-07,2.4883657710570863e-08,4.954473154211418e-07,3.959126845788583e-07,0.223332056278683,0.1656440103471777,2.4800000000000017e-08,6.013579049466541,2.5150000000000007e-08,6.098448108632397,2.5371428571428576e-08,6.15214077871692,345274050573.45,1.2022396234341262,-27279432065616.0,1.1908263239639436e-06,20.539142605338945,-103.25268817204308,30.387963130613144,6.506024096385585,12.971887550200824,-93.4939759036144,False,True,False,207,184,3,2,0,7474148537.6,-1.0,0,1,0.01988360814742962,1
1785456000000,4.124e-07,4.219e-07,4.1e-07,4.206e-07,242215852079.0,2026-07-31,0.0198836081474296,0.0196885111257944,0.0198836081474296,0.0175393786584361,0.3350893587675702,0.0223878965763167,0.4277201635249708,0.0228484984215798,0.4365199494228665,0.0388003549017699,0.7412797395610542,4.199e-07,4.2066073250203163e-07,4.2619e-07,4.2630232134605923e-07,4.417500000000001e-07,4.333848057514976e-07,4.38106e-07,4.5250734419894683e-07,4.97911e-07,5.072545277982035e-07,-0.0195804195804195,-1.9580419580419568,-0.088031222896791,-8.803122289679093,-0.1574519230769231,-15.745192307692314,39.32926829268291,42.73204903677756,41.26126126126125,4.282673925499207e-07,4.35986774810532e-07,-7.719382260611286e-09,-4.637331119800816e-09,-3.0820511408104693e-09,-0.7327748789373442,4.417500000000001e-07,2.202922699754786e-08,4.858084539950957e-07,3.976915460049044e-07,0.1994723440638175,0.2599779601622618,2.282857142857144e-08,5.427620406222407,2.442857142857144e-08,5.808029345832487,2.4904761904761912e-08,5.921246292145009,340332048785.25,0.7117045043026158,-27037216213537.0,1.1899963854434702e-06,17.06914132591362,-92.76647616355574,35.6935727487451,16.385542168674718,13.694779116465872,-83.61445783132528,False,False,True,207,184,3,2,0,7474148537.6,-1.0,0,1,0.024251069900142808,1
1785542400000,4.206e-07,4.361e-07,4.155e-07,4.308e-07,283227349368.0,2026-08-01,0.0242510699001428,0.0239616820136342,0.0242510699001428,0.0211827824539747,0.4046964905453633,0.0245565119294284,0.4691515016720706,0.0238726643139819,0.4560866113234902,0.0389440290200888,0.7440246297374143,4.2094e-07,4.240404883346878e-07,4.2383000000000006e-07,4.271200811013212e-07,4.3874e-07,4.331386337751645e-07,4.382120000000001e-07,4.516560757870489e-07,4.94623e-07,5.057403972750659e-07,0.012218045112782,1.2218045112782003,-0.0519366197183097,-5.193661971830981,-0.1226069246435845,-12.260692464358456,52.16346153846158,48.59967051070841,48.82537196554425,4.286570244653176e-07,4.356025692690111e-07,-6.945544803693529e-09,-5.0989738565793605e-09,-1.8465709471141687e-09,-0.4286376386058889,4.3874e-07,1.8825497826758437e-08,4.7639099565351684e-07,4.010890043464831e-07,0.1716323820646254,0.3945579012960538,2.2885714285714303e-08,5.312375646637489,2.4464285714285723e-08,5.678803554848125,2.4195238095238104e-08,5.616350532785075,339996881284.35,0.8330292569099426,-26753988864169.0,1.1890406716247768e-06,15.90830836688524,-52.72864335137152,42.26093514832184,28.67469879518077,17.18875502008034,-71.32530120481923,True,False,False,207,184,3,2,0,7474148537.6,-1.0,0,1,0.04781801299907129,1
1785628800000,4.308e-07,4.575e-07,4.219e-07,4.514e-07,327335843122.0,2026-08-02,0.0478180129990712,0.0467099191012016,0.0478180129990712,0.0258793989579405,0.4944252228647444,0.0246848610531632,0.4716036082379997,0.0253082452234226,0.4835133460882412,0.0388255188930728,0.7417604969398611,4.2746e-07,4.331603255564585e-07,4.257e-07,4.315346118101719e-07,4.3776e-07,4.348778115108631e-07,4.38284e-07,4.5164603359918614e-07,4.91719e-07,5.046642247660697e-07,0.077841451766953,7.7841451766953105,0.0432170094753869,4.321700947538705,-0.0416135881104035,-4.1613588110403485,71.9387755102041,54.97835497835497,48.15549385164617,4.321559437783457e-07,4.367727493231585e-07,-4.616805544812758e-09,-5.0025401942260395e-09,3.8573464941328147e-10,0.0854529573356848,4.3776e-07,1.7522839231730618e-08,4.728056784634613e-07,4.027143215365388e-07,0.160113662570638,0.6946031664677439,2.2271428571428592e-08,4.933856573200839,2.571428571428572e-08,5.696563073612255,2.447619047619049e-08,5.422284110808703,342392081647.15,0.9560263238194096,-26426653021047.0,1.187962435410602e-06,15.00401262618469,22.250699423144123,43.76361039419346,53.49397590361447,32.85140562248997,-46.50602409638553,True,False,False,207,184,3,2,0,7474148537.6,-1.0,0,1,-0.021045635799734064,0
1785715200000,4.514e-07,5.205e-07,4.342e-07,4.419e-07,689526108427.0,2026-08-03,-0.021045635799734,-0.0212702522467409,0.021045635799734,0.0307475820337365,0.5874317299365918,0.0230103826956977,0.4396127441372699,0.0255694185143322,0.4885030548049764,0.0341031857544001,0.651540449004264,4.3142000000000003e-07,4.3607355037097245e-07,4.2802e-07,4.334192278446861e-07,4.3614000000000004e-07,4.3554659136697133e-07,4.3699400000000005e-07,4.512638361981914e-07,4.88728e-07,5.034212272686899e-07,0.046908315565032,4.690831556503199,0.0554096011464055,5.540960114640553,-0.0683111954459203,-6.83111954459203,68.78048780487806,48.53256979241232,42.77551020408163,4.3365502935090796e-07,4.371525456695911e-07,-3.497516318683269e-09,-4.701535419117486e-09,1.2040191004342167e-09,0.272464154884412,4.3614000000000004e-07,1.5327010901090053e-08,4.667940218021802e-07,4.054859781978199e-07,0.1405696418681162,0.5939517828552976,3.170000000000001e-08,7.1735686806969925,3.062142857142858e-08,6.929492774706627,2.7257142857142867e-08,6.168169915624093,362150364723.25,1.9039773961125948,-27116179129474.0,1.1857679536520784e-06,15.994621558688818,129.53038783692605,48.75140424543108,30.748898678414104,37.63919112573643,-69.25110132158589,True,False,False,207,184,3,2,0,7474148537.6,-1.0,0,1,-0.02715546503733879,0
1785801600000,4.419e-07,4.487e-07,4.231e-07,4.299e-07,338798749317.0,2026-08-04,-0.0271554650373387,-0.0275309886344584,0.0271554650373387,0.0318886044296288,0.6092309322016665,0.0244106818730389,0.4663654223567071,0.0259806264789985,0.4963591719390837,0.0342860318649686,0.6550337190417462,4.3492e-07,4.340157002473149e-07,4.2825e-07,4.327793682365614e-07,4.343e-07,4.3500882076059306e-07,4.35492e-07,4.5042603868980173e-07,4.85775e-07,5.019651988429039e-07,0.0424345295829291,4.2434529582929175,0.005378858746492,0.5378858746492081,-0.0788515106063852,-7.885151060638527,55.55555555555557,38.53479853479853,35.26159081242022,4.330773325276913e-07,4.366153200644363e-07,-3.537987536744973e-09,-4.468825842642984e-09,9.308383058980103e-10,0.2165243791342196,4.343e-07,1.3573852573549349e-08,4.614477051470987e-07,4.071522948529013e-07,0.1250182138940765,0.4189618427016438,3.0514285714285725e-08,7.097996211743597,2.8992857142857153e-08,6.744093310736718,2.7442857142857146e-08,6.383544345861164,365630787617.05,0.9266143902297608,-27454977878791.0,1.1846474283202936e-06,16.69945049769145,-14.025395888923043,41.827449674841375,20.176211453744504,34.80636201192434,-79.82378854625549,False,True,False,207,184,3,2,0,7474148537.6,-1.0,0,1,-0.0006978367062108193,0
1785888000000,4.299e-07,4.67e-07,4.256e-07,4.296e-07,406408605725.0,2026-08-05,-0.0006978367062108,-0.0006980803075809,0.0006978367062108,0.0314170760693752,0.600222395527985,0.0243983034097259,0.4661289321471705,0.0253806268789954,0.4848961956762886,0.0338735321427649,0.6471529229145369,4.3672e-07,4.325438001648766e-07,4.2831000000000005e-07,4.322013012844593e-07,4.3308500000000004e-07,4.3449369497387e-07,4.34382e-07,4.49609331280441e-07,4.82943e-07,5.005320677931762e-07,0.0213980028530669,2.139800285306702,0.0013986013986013,0.139860139860138,-0.053536021150033,-5.35360211500331,64.14473684210525,40.461538461538446,36.48767605633801,4.3254235829266186e-07,4.360956667263299e-07,-3.553308433667989e-09,-4.285722360847985e-09,7.32413927179996e-10,0.170487413216945,4.3308500000000004e-07,1.2792155285421969e-08,4.586693105708439e-07,4.07500689429156e-07,0.1181491419506283,0.4318918524235809,3.418571428571429e-08,7.957568502261242,3.005714285714286e-08,6.996541633413143,2.858571428571429e-08,6.654030327214687,364623310248.5,1.1145985303244117,-27861386484516.0,1.1833198862826787e-06,17.84385098274186,27.6356192425794,49.35951814058189,19.911894273127743,23.6123348017621,-80.08810572687224,True,False,False,207,184,3,2,0,7474148537.6,-1.0,0,1,-0.005121042830540046,0
1785974400000,4.296e-07,4.4e-07,4.19e-07,4.274e-07,335838724332.0,2026-08-06,-0.00512104283054,-0.0051342003096076,0.00512104283054,0.0295208384478902,0.5639948266369555,0.0243078628474763,0.4644010676315015,0.0240792256175293,0.4600329594866613,0.0338635959552485,0.6469630923185801,4.3604e-07,4.3082920010991773e-07,4.284900000000001e-07,4.3132833741455766e-07,4.32595e-07,4.3381810497635853e-07,4.3331e-07,4.487383771025799e-07,4.80517e-07,4.99083752696373e-07,-0.0078922934076138,-0.7892293407613844,0.0042293233082706,0.4229323308270621,-0.0224153705397988,-2.241537053979883,56.204379562043776,47.60180995475112,39.5893027698185,4.31751226247637e-07,4.354515432651202e-07,-3.700317017483288e-09,-4.168641292175046e-09,4.683242746917578e-10,0.1095751695582025,4.32595e-07,1.2813909999603131e-08,4.582228199992062e-07,4.069671800007937e-07,0.1184841248706354,0.3986453002994229,3.4628571428571445e-08,8.102145865365335,2.9714285714285727e-08,6.952336386122071,2.8309523809523817e-08,6.62366022684226,365525756601.9,0.9187826528398856,-28197225208848.0,1.1822088606100723e-06,20.69571652431008,-36.5771489074987,50.19326989020704,17.973568281938316,19.35389133627017,-82.02643171806169,False,True,False,207,184,3,2,0,7474148537.6,-1.0,0,1,0.03930744033692113,1
1786060800000,4.274e-07,4.65e-07,4.143e-07,4.442e-07,549411282302.0,2026-08-07,0.0393074403369211,0.03855456857528,0.0393074403369211,0.0260232262715589,0.4971730398331907,0.0263021188012282,0.5025012741311043,0.0256360792432376,0.4897766062425078,0.0329981888234141,0.6304295122798244,4.3459999999999993e-07,4.352861334066119e-07,4.3103e-07,4.336686397028198e-07,4.3309500000000005e-07,4.3480685688337203e-07,4.33222e-07,4.485604015279662e-07,4.78628e-07,4.979968314433952e-07,-0.0159503766061142,-1.595037660611422,0.0606494746895893,6.06494746895893,0.0230308613542147,2.303086135421468,60.91205211726385,61.25330979699913,43.24809331538807,4.3366642220953894e-07,4.3609957709733366e-07,-2.4331548877946166e-09,-3.82154401129896e-09,1.3883891235043432e-09,0.3125594604917477,4.3309500000000005e-07,1.3072328146207876e-08,4.592396562924157e-07,4.069503437075842e-07,0.1207340481530183,0.7123760946748707,4.0171428571428577e-08,9.04354537852962,3.150000000000001e-08,7.091400270148583,2.967619047619049e-08,6.680817306661522,373726543389.9,1.4700890049674964,-27647813926546.0,1.180428047988374e-06,24.41138752251116,31.570654288995968,59.55025079248345,32.177777777777784,23.354413444281263,-67.82222222222222,True,True,False,207,184,3,2,0,7474148537.6,-1.0,0,1,0.0036019810895990823,1
1786147200000,4.442e-07,4.502e-07,4.376e-07,4.458e-07,217756214030.0,2026-08-08,0.003601981089599,0.0035955094914412,0.003601981089599,0.0239918700830747,0.4583640343442595,0.0263068031126333,0.5025907677748384,0.0255981055404904,0.489051119670186,0.0329570004750592,0.629642609989401,4.3538e-07,4.387907556044079e-07,4.334000000000001e-07,4.3587434157503433e-07,4.33505e-07,4.358538228944794e-07,4.33056e-07,4.484521504865064e-07,4.77093e-07,4.969631242982728e-07,0.008825526137135,0.8825526137135044,0.0561478322672353,5.614783226723521,0.0187385740402192,1.8738574040219336,43.39622641509435,58.58490566037735,45.182111572153055,4.355331264849946e-07,4.368181269419755e-07,-1.2850004569809467e-09,-3.3142353004353564e-09,2.02923484345441e-09,0.455189511766355,4.33505e-07,1.3346770750931749e-08,4.601985415018635e-07,4.068114584981365e-07,0.1231521735706093,0.7302991530580847,3.902857142857143e-08,8.754726655130424,3.095714285714287e-08,6.944177401781712,2.9319047619047625e-08,6.576726697857252,374428374777.9,0.5815697439040688,-27430057712516.0,1.1797278022040023e-06,26.81283273864593,47.80718170518124,59.12529265108633,33.59999999999997,27.91711535323867,-66.40000000000002,False,False,True,207,184,3,2,0,7474148537.6,-1.0,0,1,-0.012561686855091958,0
1786233600000,4.458e-07,4.559e-07,4.4e-07,4.402e-07,250756591686.0,2026-08-09,-0.0125616868550919,-0.0126412518594071,0.0125616868550919,0.0201384223571144,0.3847440189102849,0.0252250051090667,0.481923045936426,0.0254099280370386,0.4854559935146862,0.0330046678527345,0.6305532939611892,4.3744e-07,4.392605037362719e-07,4.361799999999999e-07,4.366608249250281e-07,4.33215e-07,4.362677445235766e-07,4.327980000000001e-07,4.481285367386418e-07,4.75537e-07,4.958389884877594e-07,0.0239590602465689,2.395906024656892,0.0674102812803103,6.74102812803103,-0.0130044843049327,-1.3004484304932764,47.79220779220776,55.08166969147005,46.733428707677625,4.362511070257646e-07,4.370686360573847e-07,-8.175290316200705e-10,-2.8148940466723e-09,1.997365015052229e-09,0.453740348716999,4.33215e-07,1.3122109706984558e-08,4.594592194139691e-07,4.069707805860309e-07,0.121160252594989,0.633076924289889,3.6214285714285716e-08,8.226780035049003,2.9242857142857152e-08,6.643084312325567,2.921428571428572e-08,6.636593756084898,374291522205.3,0.6699499636234327,-27680814304202.0,1.1789239972440592e-06,30.247909268794302,51.11622638751878,58.19144042155447,28.6222222222222,31.46666666666663,-71.3777777777778,True,False,False,207,184,3,2,0,7474148537.6,-1.0,0,1,-0.008178100863243998,0
1786320000000,4.402e-07,4.574e-07,4.31e-07,4.366e-07,425773305432.0,2026-08-10,-0.0081781008632439,-0.0082117249765177,0.0081781008632439,0.0209214043115821,0.3997028681465411,0.0251720714977566,0.4809117507123145,0.0241206188182867,0.4608237754767409,0.032743491838483,0.6255635332150801,4.3884000000000003e-07,4.383736691575146e-07,4.3778e-07,4.3664976584775036e-07,4.31985e-07,4.362993879022836e-07,4.3274e-07,4.476764372542715e-07,4.74005e-07,4.946658230577148e-07,0.0162942271880819,1.629422718808193,0.0380408939610079,3.804089396100805,-0.0533391153512575,-5.333911535125758,61.12956810631224,54.981884057971,49.847405900305176,4.3630478286795465e-07,4.370339222753562e-07,-7.291394074015467e-10,-2.397743118818149e-09,1.6686037114166024e-09,0.3821813356428316,4.31985e-07,1.1400936019007798e-08,4.547868720380156e-07,4.0918312796198445e-07,0.1055678879498853,0.6011978313075748,2.765714285714285e-08,6.334663961782605,2.9678571428571437e-08,6.797657221386036,2.9633333333333344e-08,6.78729577034662,376793755683.15,1.129990343550272,-28106587609634.0,1.1775563321218177e-06,33.481240563350084,41.24571416943915,59.10812413319163,25.4222222222222,29.21481481481477,-74.57777777777781,True,True,False,207,184,3,2,0,7474148537.6,-1.0,0,1,0.030691708657810457,1
1786406400000,4.366e-07,4.536e-07,4.349e-07,4.5e-07,349247819863.0,2026-08-11,0.0306917086578104,0.030230138648522,0.0306917086578104,0.0232693098359949,0.4445595402068082,0.0258212018555663,0.4933133687850494,0.0250255765690495,0.4781129690291588,0.0327858387201894,0.6263725692541068,4.4336e-07,4.4224911277167654e-07,4.3970000000000005e-07,4.390770811481593e-07,4.3176500000000003e-07,4.376042081020661e-07,4.33182e-07,4.477675573628038e-07,4.7282e-07,4.937812654697243e-07,0.0528778661675246,5.287786616752458,0.0445682451253481,4.456824512534809,-0.0096830985915493,-0.9683098591549324,73.6111111111111,63.33333333333332,53.81642512077295,4.384117393498078e-07,4.379943724771817e-07,4.173668726260748e-10,-1.8347211205293047e-09,2.2520879931553795e-09,0.5004639984789733,4.3176500000000003e-07,1.0980330500444124e-08,4.537256610008883e-07,4.098043389991118e-07,0.1017250634066598,0.9151742062605126,2.667142857142857e-08,5.926984126984127,2.8592857142857143e-08,6.353968253968255,2.8219047619047625e-08,6.270899470899471,375721255607.25,0.9295396910630916,-27757339789771.0,1.1764451009316016e-06,37.101368016005566,79.34102141680398,65.7699858671468,37.3333333333333,30.459259259259213,-62.66666666666669,False,False,True,207,184,3,2,0,7474148537.6,-1.0,0,1,-0.025111111111111084,0
1786492800000,4.5e-07,4.545e-07,4.373e-07,4.387e-07,364797644831.0,2026-08-12,-0.025111111111111,-0.0254317745921971,0.025111111111111,0.0211156733456564,0.4034143728311753,0.022344065772043,0.426882777185102,0.0232064577707662,0.4433587531866499,0.0327914227393496,0.626479251790368,4.4226e-07,4.4106607518111763e-07,4.3843e-07,4.390085209394031e-07,4.32065e-07,4.377085692352026e-07,4.3361000000000003e-07,4.474119668747762e-07,4.71081e-07,4.926904435761348e-07,-0.0123818099954976,-1.238180999549762,-0.0281346920691183,-2.8134692069118303,0.0138664201525304,1.3866420152530563,60.80305927342256,56.63999999999999,50.255932992089335,4.38456087142145e-07,4.380466411825756e-07,4.094459595694139e-10,-1.385887704509561e-09,1.7953336640789746e-09,0.4092394948892124,4.32065e-07,1.1088651144966748e-08,4.542423022899335e-07,4.098876977100665e-07,0.1026572496727738,0.6495898805286987,2.3214285714285722e-08,5.291608323292847,2.870000000000001e-08,6.542056074766357,2.777619047619049e-08,6.331477199952243,373141899740.5,0.9776378505997236,-28122137434602.0,1.1752837681176048e-06,40.73480621873146,58.95370071973373,64.44597645257252,27.288888888888863,30.01481481481477,-72.71111111111114,True,False,False,207,184,3,2,0,7474148537.6,-1.0,0,1,0.015272395714611475,1
1786579200000,4.387e-07,4.476e-07,4.356e-07,4.454e-07,309268319778.0,2026-08-13,0.0152723957146114,0.015156946651099,0.0152723957146114,0.0225303667286504,0.4304420519634784,0.0219660241070525,0.4196603013165993,0.0220232371644416,0.4207533552432512,0.0327030563895089,0.6247910150471283,4.4218000000000006e-07,4.4251071678741174e-07,4.3878e-07,4.401706080413299e-07,4.3340000000000006e-07,4.3844108645089763e-07,4.343360000000001e-07,4.473330662123355e-07,4.6926200000000006e-07,4.917539118245342e-07,-0.0008972633467921,-0.0897263346792232,0.0079203439692236,0.7920343969223802,0.0637688082159064,6.376880821590635,51.42180094786728,63.52459016393442,49.85928705440901,4.395243814279689e-07,4.385913344283107e-07,9.330469996581534e-10,-9.22100763676018e-10,1.8551477633341718e-09,0.4165127443498364,4.3340000000000006e-07,1.1001818031772904e-08,4.554036360635458e-07,4.113963639364541e-07,0.1015396218899206,0.7726822050079458,2.1928571428571427e-08,4.923343383154788,2.827857142857143e-08,6.349028160882673,2.7119047619047632e-08,6.088695019992732,365239836711.85,0.8467540741509865,-27812869114824.0,1.1743012419044013e-06,45.39235212890036,49.00456011567125,65.46138425205291,32.036199095022624,32.219473772414915,-67.96380090497738,False,True,False,207,184,3,2,0,7474148537.6,-1.0,0,1,-0.0026942074539739735,0
1786665600000,4.454e-07,4.472e-07,4.327e-07,4.442e-07,311175311523.0,2026-08-14,-0.0026942074539739,-0.0026978433629401,0.0026942074539739,0.0215639295211814,0.4119782950399028,0.0197298458940047,0.3769381765428243,0.0216447550199747,0.4135224640261674,0.0315419368009027,0.6026078564543716,4.4298e-07,4.430738111916078e-07,4.4021e-07,4.4090322476108804e-07,4.342300000000001e-07,4.38989554407955e-07,4.35512e-07,4.4721020086965093e-07,4.6753300000000003e-07,4.908121641323754e-07,0.0090867787369377,0.9086778736937836,0.0332635496627122,3.326354966271229,0.0388213283442471,3.882132834424703,48.08612440191392,60.260869565217405,45.73293172690764,4.4024370736212747e-07,4.390067911373247e-07,1.2369162248027684e-09,-4.902973659802605e-10,1.7272135907830292e-09,0.3888369182312087,4.342300000000001e-07,1.1166166001011113e-08,4.5656233200202245e-07,4.1189766799797785e-07,0.1028594615849768,0.7232189634091307,1.6757142857142853e-08,3.772431980446387,2.846428571428572e-08,6.407988679488004,2.6585714285714294e-08,5.985077506914518,366451663618.7,0.8491578628683315,-28124044426347.0,1.173313292324725e-06,50.0437373847417,34.20808459235702,60.00592945974469,28.15442561205274,29.15983786532139,-71.84557438794725,False,True,False,207,184,3,2,0,7474148537.6,-1.0,0,1,0.0018009905447995411,1
1786752000000,4.442e-07,4.464e-07,4.351e-07,4.45e-07,200665643619.0,2026-08-15,0.0018009905447995,0.001799370705913,0.0018009905447995,0.0208363788767156,0.3980784594942632,0.019687240290598,0.3761241976326534,0.0216431510056082,0.4134918193747242,0.0315174328988221,0.6021397100624499,4.4466e-07,4.437158741277385e-07,4.4175000000000005e-07,4.416480929863447e-07,4.3503000000000005e-07,4.3956197779767366e-07,4.36746e-07,4.471235263250487e-07,4.66124e-07,4.899049112881781e-07,0.0192395785616124,1.9239578561612447,0.0358472998137802,3.5847299813780245,0.0372960372960373,3.7296037296037263,56.48648648648648,56.72348484848484,47.567287784679074,4.4097544469103093e-07,4.3945073253456005e-07,1.5247121564709895e-09,-8.729546149001042e-11,1.6120076179610003e-09,0.3622489029125844,4.3503000000000005e-07,1.1343493382089281e-08,4.577169867641785e-07,4.123430132358214e-07,0.1043007919645934,0.719729488619046,1.657142857142856e-08,3.723916532905295,2.78e-08,6.247191011235955,2.616190476190477e-08,5.879079721776353,357685797218.1,0.5610109352389061,-27923378782728.0,1.1726783056662812e-06,53.09679557863901,36.730977571859896,59.4325361248512,28.907721280602605,29.699448662559305,-71.0922787193974,False,False,True,207,184,3,2,0,7474148537.6,-1.0,0,1,-0.01168539325842688,0
1786838400000,4.45e-07,4.523e-07,4.388e-07,4.398e-07,276121074020.0,2026-08-16,-0.0116853932584268,-0.0117542040455793,0.0116853932584268,0.0150860648560221,0.2882188643837157,0.0201187814874769,0.3843687806227355,0.0217504520741131,0.4155418034101097,0.0315814311720665,0.6033623953560008,4.4262000000000003e-07,4.424105827518257e-07,4.4299e-07,4.413120760797365e-07,4.3574e-07,4.395846465788475e-07,4.37812e-07,4.468363292120521e-07,4.6428300000000006e-07,4.889126476942847e-07,-0.0226666666666666,-2.2666666666666604,0.0290126345343941,2.901263453439409,0.0333646616541354,3.3364661654135355,54.1450777202073,43.56984478935699,52.009054895302775,4.407946070462569e-07,4.394766041986666e-07,1.3180028475902612e-09,1.93764200326044e-10,1.1242386472642174e-09,0.2556249766403404,4.3574e-07,1.1165190266558344e-08,4.580703805331167e-07,4.1340961946688333e-07,0.1024940585354416,0.5909075417227863,1.6228571428571422e-08,3.689988956018969,2.6221428571428568e-08,5.962125641525367,2.4904761904761912e-08,5.662747136144136,345416698020.1,0.7993854252058549,-28199499856748.0,1.1718080992583408e-06,55.42370750748297,42.97414024838278,59.01999716633642,24.01129943502825,27.024482109227847,-75.98870056497175,True,False,False,207,184,3,2,0,7474148537.6,-1.0,0,1,0.0013642564802183177,1
1786924800000,4.398e-07,4.473e-07,4.343e-07,4.404e-07,294887748920.0,2026-08-17,0.0013642564802183,0.0013633267278641,0.0013642564802183,0.0097322204807035,0.1859338112125778,0.0155875117821308,0.29779899445548,0.0213435862259938,0.407768642296153,0.0314159477797657,0.6002008395852617,4.4296e-07,4.417403885012171e-07,4.4261e-07,4.4114624406523894e-07,4.3682e-07,4.396622992856239e-07,4.390400000000001e-07,4.465839241430463e-07,4.6258100000000003e-07,4.879519185122173e-07,0.0038750854798268,0.3875085479826811,-0.0085547050877983,-0.8554705087798335,0.0515759312320915,5.157593123209164,31.395348837209283,49.077490774907744,56.64421310471525,4.407338982699097e-07,4.395450038876543e-07,1.1888943822554183e-09,3.92790236711919e-10,7.961041455434995e-10,0.1807684254185966,4.3682e-07,1.0462947154704133e-08,4.577458943094083e-07,4.158941056905918e-07,0.0958101474722231,0.585539952249267,1.43142857142857e-08,3.250291942390032,2.098571428571428e-08,4.765148566238482,2.4557142857142856e-08,5.576099649669132,343092063228.15,0.8595003514374653,-27904612107828.0,1.1708772630578376e-06,53.72119106439645,17.40410652785432,48.82281945356322,49.52561669829223,34.14821247130768,-50.47438330170777,False,True,False,207,184,3,2,0,7474148537.6,-1.0,0,1,0.004314259763851025,1
1787011200000,4.404e-07,4.449e-07,4.346e-07,4.423e-07,306466310822.0,2026-08-18,0.004314259763851,0.0043049800257561,0.004314259763851,0.006284952469483,0.1200738483327496,0.0156112169317995,0.2982518807039991,0.0213131963994448,0.4071880454751557,0.0313377561329778,0.5987069902709052,4.4234e-07,4.41926925667478e-07,4.4226e-07,4.413560178715591e-07,4.3783e-07,4.399135088774693e-07,4.40396e-07,4.464159271166352e-07,4.60824e-07,4.870478438501266e-07,-0.006960035922766,-0.69600359227661,-0.0078510542844324,-0.7851054284432477,0.0478559583037194,4.785595830371945,60.97560975609764,58.70786516853932,54.70249520153551,4.409748369976159e-07,4.397490776737539e-07,1.2257593238619752e-09,5.593840541419302e-10,6.663752697200447e-10,0.1506613768302158,4.3783e-07,9.928539406230734e-09,4.5768707881246157e-07,4.1797292118753853e-07,0.0907067985860332,0.6125543198527974,1.3114285714285711e-08,2.965020509673459,1.989285714285714e-08,4.497593746971997,2.3433333333333338e-08,5.298063154721532,344739032186.95,0.8889805975199381,-27598145797006.0,1.1699122983792962e-06,54.57429858726016,11.47862860595098,49.11082150672105,53.13092979127133,42.22261530819725,-46.86907020872867,False,False,True,207,184,3,2,0,7474148537.6,-1.0,0,1,0.017182907528826785,1
1787097600000,4.423e-07,4.51e-07,4.343e-07,4.499e-07,477254699975.0,2026-08-19,0.0171829075288267,0.0170369509728457,0.0171829075288267,0.010269344083606,0.1961955432374434,0.0159260364749729,0.3042664996311476,0.0206629126438323,0.3947643917683373,0.0285360351157048,0.5451801853933521,4.434800000000001e-07,4.44584617111652e-07,4.4323e-07,4.429094691676392e-07,4.39705e-07,4.408646032700912e-07,4.4119400000000005e-07,4.465525574267194e-07,4.59087e-07,4.863121821439467e-07,0.0128320576316973,1.2832057631697444,0.0220354384370742,2.203543843707415,0.0909311348205625,9.09311348205626,63.00578034682093,62.92993630573252,56.43076923076924,4.423479389979827e-07,4.405009978460685e-07,1.8469411519142483e-09,8.16895473696394e-10,1.030045678217854e-09,0.2289499173633817,4.39705e-07,8.276884425537438e-09,4.562587688510749e-07,4.231512311489251e-07,0.0752948856668669,0.8079359175459934,1.3042857142857133e-08,2.89905693328676,1.8128571428571426e-08,4.029466865652684,2.348095238095238e-08,5.219149228929179,347846659958.55,1.3720261106772464,-27120891097031.0,1.1684238153451227e-06,54.20486990453475,50.580455838761154,49.93188476321512,70.21696252465489,57.62450300473946,-29.783037475345107,True,True,False,207,184,3,2,0,7474148537.6,-1.0,0,1,-0.04312069348744174,0
1787184000000,4.499e-07,4.499e-07,4.23e-07,4.305e-07,766482545923.0,2026-08-20,-0.0431206934874417,-0.0440780119793412,0.0431206934874417,0.0229541753726233,0.4385389047377208,0.0213791240052592,0.4084475906157017,0.0228870936423036,0.4372573100794608,0.0292328612737648,0.558493030450408,4.4058000000000004e-07,4.3988974474110134e-07,4.4262000000000003e-07,4.4065320204625037e-07,4.4019999999999993e-07,4.398774981967493e-07,4.41648e-07,4.4592304536664106e-07,4.573270000000001e-07,4.852069008236004e-07,-0.0325842696629212,-3.25842696629213,-0.0139715987173614,-1.3971598717361389,0.0235378031383737,2.353780313837376,30.70422535211263,51.61964472309302,51.372549019607845,4.405251791521392e-07,4.397601831908041e-07,7.649959613350958e-10,8.065155712241343e-10,-4.151960988903848e-11,-0.0096445086850263,4.4019999999999993e-07,7.314225505210488e-09,4.548284510104209e-07,4.25571548989579e-07,0.0664627487979143,0.1684543020621291,1.517142857142856e-08,3.524141363862616,1.8549999999999997e-08,4.308943089430893,2.390952380952381e-08,5.553896355290084,374059994650.75,2.0490898702991336,-27887373642954.0,1.166011182823448e-06,52.47129636362583,-104.747349780463,45.7420908334653,31.952662721893493,51.76685167927321,-68.04733727810651,False,True,False,207,184,3,2,0,7474148537.6,-1.0,0,1,0.029500580720092984,1
1787270400000,4.305e-07,4.444e-07,4.268e-07,4.432e-07,610490163668.0,2026-08-21,0.0295005807200929,0.0290738115652886,0.0295005807200929,0.0275151069779782,0.5256753807089496,0.0211841365867737,0.4047223612161633,0.0231908927971685,0.4430613847836036,0.029326177657492,0.5602758374582619,4.4126e-07,4.409931631607342e-07,4.419400000000001e-07,4.411162562196593e-07,4.408200000000001e-07,4.40193926939916e-07,4.4252e-07,4.458162592731587e-07,4.5608e-07,4.843750149074821e-07,0.0077307867212368,0.7730786721236904,-0.015111111111111,-1.511111111111107,0.0287836583101206,2.878365831012065,48.10126582278483,49.45414847161571,56.61605206073752,4.409366900518101e-07,4.400149844359298e-07,9.217056158802783e-10,8.29553580155363e-10,9.215203572491514e-11,0.0207924268332389,4.408200000000001e-07,6.994027527602376e-09,4.548080550552048e-07,4.268319449447953e-07,0.0634637949966188,0.585072584809222,1.5614285714285707e-08,3.523078906652912,1.618571428571428e-08,3.652011346054666,2.4180952380952378e-08,5.455991060684201,390423135365.75,1.5636628784718156,-27276883479286.0,1.1641104555386256e-06,49.34800078988972,-66.89165089033376,46.33990851624653,58.720930232558096,53.63018515970214,-41.2790697674419,False,False,True,207,184,3,2,0,7474148537.6,-1.0,0,1,-0.019629963898917024,0
1787356800000,4.432e-07,4.562e-07,4.342e-07,4.345e-07,603212862684.0,2026-08-22,-0.019629963898917,-0.0198251907276273,0.019629963898917,0.0291601308512102,0.5571035176785292,0.0205618741185366,0.3928340534529678,0.0209205046659346,0.3996856804405796,0.0285879530751245,0.5461720766153425,4.4008e-07,4.388287754404895e-07,4.415200000000001e-07,4.3991330054335753e-07,4.39975e-07,4.396516481837336e-07,4.428e-07,4.453724843970149e-07,4.54698e-07,4.833873139257538e-07,-0.0133969118982743,-1.3396911898274342,-0.009573740597219,-0.9573740597219051,-0.037439078422685,-3.7439078422684977,44.793713163064815,44.27558257345491,53.26659641728135,4.399464300438393e-07,4.396064670703053e-07,3.3996297353396567e-10,7.316354588310837e-10,-3.9167248529711796e-10,-0.0901432647404184,4.39975e-07,6.661505678070605e-09,4.532980113561412e-07,4.2665198864385874e-07,0.0605625835838001,0.2945284345390769,1.714285714285715e-08,3.945421666940655,1.6857142857142854e-08,3.87966463915831,2.4247619047619045e-08,5.580579757794947,404216986343.85,1.4922996387165006,-27880096341970.0,1.1622511181397888e-06,44.73700813063045,-7.760023363510752,50.05881642443012,33.43023255813944,41.36794183753032,-66.56976744186056,True,False,False,207,184,3,2,0,7474148537.6,-1.0,0,1,-0.009666283084004634,0
1787443200000,4.345e-07,4.346e-07,4.2e-07,4.303e-07,477335701587.0,2026-08-23,-0.0096662830840046,-0.0097133048608928,0.0096662830840046,0.0290312813164138,0.5546418507726912,0.019901795642447,0.3802232718741839,0.02051748431302,0.3919859874093502,0.0286167410476478,0.5467220700581504,4.3768000000000004e-07,4.359858502936597e-07,4.4001000000000003e-07,4.381654277172925e-07,4.3939500000000005e-07,4.38761015023378e-07,4.43036e-07,4.44781406574086e-07,4.5334300000000004e-07,4.823359997295056e-07,-0.027130906624463,-2.713090662446304,-0.0339021104625056,-3.3902110462505664,-0.0262502828694275,-2.6250282869427526,40.73394495412844,44.91264131551902,54.85621269669017,4.384623638832486e-07,4.389170991391716e-07,-4.547352559230157e-10,4.943613158802638e-10,-9.490965718032796e-10,-0.2205662495475899,4.3939500000000005e-07,6.9823442756125035e-09,4.53359688551225e-07,4.254303114487749e-07,0.0635632565287498,0.1743572201185208,1.73e-08,4.02045084824541,1.676428571428571e-08,3.895952989608578,2.324761904761905e-08,5.402653741022321,393607466001.85,1.2127201407931538,-28357432043557.0,1.160759454104988e-06,42.27724410726365,-211.73688100517293,43.83357607542153,27.5401069518716,39.897089914189685,-72.4598930481284,False,True,False,207,184,3,2,0,7474148537.6,-1.0,0,1,-0.016732512200790084,0
1787529600000,4.303e-07,4.311e-07,4.127e-07,4.231e-07,464717352277.0,2026-08-24,-0.01673251220079,-0.016874082118532,0.01673251220079,0.0263478194569126,0.5033743839320136,0.0203473178841862,0.388734962351273,0.0199460356012436,0.3810684751002361,0.0287172721243142,0.548642713581069,4.323200000000001e-07,4.316905668624398e-07,4.379000000000001e-07,4.354262590414211e-07,4.390550000000001e-07,4.372694897830563e-07,4.43082e-07,4.439311553311348e-07,4.51779e-07,4.811629218566294e-07,-0.0595687930651256,-5.956879306512559,-0.0475011256190904,-4.75011256190905,-0.0158176320074435,-1.5817632007443547,33.94648829431442,43.3102081268583,50.68194217130389,4.360989232858257e-07,4.377454621658997e-07,-1.6465388800739621e-09,6.618127668941851e-11,-1.7127201567633803e-09,-0.4048026841794801,4.390550000000001e-07,7.60667816039373e-09,4.5426835632078765e-07,4.238416436792127e-07,0.0693004581238681,-0.0243747554311611,1.8071428571428574e-08,4.271195597123274,1.6192857142857138e-08,3.8271938413748847,2.001428571428571e-08,4.730391329304115,399903396149.85,1.162074032756809,-28822149395834.0,1.1593011871293134e-06,40.23093899973405,-250.00600168046896,43.6925118492973,23.908045977011565,28.29279516234084,-76.09195402298845,False,True,False,207,184,3,2,0,7474148537.6,-1.0,0,1,-0.005672417868116342,0
1787616000000,4.231e-07,4.288e-07,4.155e-07,4.207e-07,362220260886.0,2026-08-25,-0.0056724178681163,-0.0056885671295466,0.0056724178681163,0.019765100351875,0.3776117120147192,0.0202201992497556,0.3863063642504913,0.0199782041408227,0.3816830541859591,0.02790567590838,0.5331371896470861,4.303600000000001e-07,4.2802704457495996e-07,4.354699999999999e-07,4.327487573975264e-07,4.3861000000000003e-07,4.3569144313705094e-07,4.4267800000000004e-07,4.4302012962698294e-07,4.505320000000001e-07,4.799655484523005e-07,-0.0227642276422763,-2.276422764227641,-0.0546067415730336,-5.460674157303365,-0.0207169459962756,-2.071694599627556,23.260073260073256,33.70411568409345,47.12250712250712,4.3372985816492956e-07,4.36482835338796e-07,-2.7529771738665294e-09,-4.976504134217714e-10,-2.255326760444758e-09,-0.5360890802103063,4.3861000000000003e-07,8.407133562699893e-09,4.554242671253999e-07,4.217957328746002e-07,0.0766706966343667,-0.0325834265159555,1.85e-08,4.397432850011884,1.5807142857142854e-08,3.7573432035043615,1.9428571428571428e-08,4.618153417773099,397693978907.9,0.9108014707204928,-29184369656720.0,1.1581675670809418e-06,37.6393028825625,-193.97320581426257,37.62284988297678,18.390804597701177,23.27965250886142,-81.60919540229882,False,False,True,207,184,3,2,0,7474148537.6,-1.0,0,1,-0.00713097218920844,0
1787702400000,4.207e-07,4.222e-07,4.136e-07,4.177e-07,352344838245.0,2026-08-26,-0.0071309721892084,-0.0071565190933455,0.0071309721892084,0.0061141681333668,0.1168110181726188,0.020114274242949,0.3842826698369396,0.0200058195122731,0.3822106451167227,0.0263172814307994,0.5027909557623177,4.2526e-07,4.245846963833066e-07,4.3326e-07,4.300126196888852e-07,4.38125e-07,4.339779723620937e-07,4.4165000000000004e-07,4.420271833619787e-07,4.49227e-07,4.787324786445326e-07,-0.0575361010830325,-5.753610108303251,-0.0502501136880401,-5.025011368804006,-0.0226953673373888,-2.269536733738884,33.24607329842932,37.13235294117648,39.32868904369855,4.312637261395557e-07,4.350915142025889e-07,-3.827788063033252e-09,-1.1636779433440674e-09,-2.6641101196891843e-09,-0.637804673136027,4.38125e-07,9.318282821479288e-09,4.567615656429586e-07,4.194884343570414e-07,0.0850741940905383,-0.0479818650953309,1.7342857142857145e-08,4.151988782106092,1.5192857142857142e-08,3.6372652963507632,1.7866666666666665e-08,4.277392067672173,398519284603.55,0.8841349762923401,-29536714494965.0,1.1570624697358832e-06,35.30292551465927,-204.55651181908172,37.83942249600221,11.49425287356322,17.93103448275863,-88.50574712643679,False,True,False,207,184,3,2,0,7474148537.6,-1.0,0,1,-0.019391908067991293,0
1787788800000,4.177e-07,4.182e-07,4.058e-07,4.096e-07,542049811298.0,2026-08-27,-0.0193919080679912,-0.0195823977778315,0.0193919080679912,0.0060380796626559,0.1153573499807945,0.0204572622293501,0.3908354461163223,0.0179922840715216,0.3437421045351755,0.0246274868934533,0.47050747645583,4.2028e-07,4.195897975888711e-07,4.3018e-07,4.263012342909061e-07,4.36395e-07,4.31656260708561e-07,4.411060000000001e-07,4.407555291061863e-07,4.47941e-07,4.773634221935039e-07,-0.0573072497123129,-5.730724971231293,-0.0699364214350589,-6.9936421435059,-0.0778928410625844,-7.789284106258442,0.0,28.43373493975902,39.68051118210864,4.2793084519500857e-07,4.33203253891286e-07,-5.272408696277434e-09,-1.985424093930741e-09,-3.286984602346693e-09,-0.8024864751822982,4.36395e-07,1.1160761858735064e-08,4.587165237174701e-07,4.1407347628252986e-07,0.102299630919099,-0.1002054415986988,1.5271428571428575e-08,3.728376116071429,1.5221428571428568e-08,3.716169084821428,1.7457142857142856e-08,4.261997767857142,398151211053.35,1.361416959812709,-30078764306263.0,1.155353609358697e-06,32.983095213762,-201.62099371666824,36.59671349525603,7.539682539682577,12.474913336982302,-92.46031746031744,False,True,False,207,184,3,2,0,7474148537.6,-1.0,0,1,0.00244140625,1
1787875200000,4.096e-07,4.367e-07,4.011e-07,4.106e-07,637562161847.0,2026-08-28,0.00244140625,0.0024384308595351,0.00244140625,0.0088432666983544,0.1689503730473888,0.020350110958344,0.388788323958132,0.0179686974244521,0.3432914822756344,0.0232875508088371,0.4449080335036355,4.1634e-07,4.165931983925807e-07,4.2701e-07,4.234464644198323e-07,4.346350000000001e-07,4.29650902545841e-07,4.4010400000000003e-07,4.395729593316846e-07,4.46662e-07,4.7604128290265677e-07,-0.0457820125493841,-4.578201254938414,-0.0716708116662898,-7.167081166628984,-0.0789591745177209,-7.895917451772094,3.861003861003738,29.71014492753619,43.367697594501706,4.252645613188534e-07,4.315289387882278e-07,-6.264377469374361e-09,-2.8412147690194662e-09,-3.4231627003548953e-09,-0.8336976863991464,4.346350000000001e-07,1.2315299641803244e-08,4.592655992836066e-07,4.1000440071639364e-07,0.1133392353749997,0.01209063727497,1.7842857142857146e-08,4.345557024563358,1.6728571428571427e-08,4.074177162340825,1.6738095238095235e-08,4.076496648342727,419141508444.2,1.5211143468313355,-29441202144416.0,1.1533668912165818e-06,28.703068115984188,-134.40273917988753,44.55774942485537,17.241379310344772,12.091771574530163,-82.75862068965523,True,True,False,207,184,3,2,0,7474148537.6,-1.0,0,1,0.01388212372138331,1
1787961600000,4.106e-07,4.272e-07,4.075e-07,4.163e-07,424401457585.0,2026-08-29,0.0138821237213833,0.0137866496160965,0.0138821237213833,0.0123223821355498,0.2354187801461443,0.0199327710294181,0.3808150558113366,0.0182720454030799,0.349086937269871,0.0227531775489745,0.4346988467087682,4.1498000000000003e-07,4.164954655950538e-07,4.2365e-07,4.2214710725259003e-07,4.334400000000001e-07,4.283793880176656e-07,4.38884e-07,4.38660294255678e-07,4.45484e-07,4.748582070990231e-07,-0.0160718506263295,-1.6071850626329554,-0.0746832629473217,-7.46832629473217,-0.0542935029532031,-5.429350295320308,24.4525547445255,33.63740022805017,45.59310801855533,4.238853980390298e-07,4.3040086924835897e-07,-6.515471209329175e-09,-3.576066057081408e-09,-2.939405152247767e-09,-0.7060785856948756,4.334400000000001e-07,1.28928948202624e-08,4.592257896405249e-07,4.076542103594752e-07,0.1189820489134589,0.167646400615498,1.7514285714285714e-08,4.207130846573556,1.7328571428571432e-08,4.162520160598469,1.7076190476190473e-08,4.101895382222069,427823751739.15,0.992000691545904,-29016800686831.0,1.1520518641173753e-06,24.636288848976086,-109.60674737007888,46.28501739775447,27.58620689655168,17.455756248859654,-72.41379310344833,False,False,True,207,184,3,2,0,7474148537.6,-1.0,0,1,-0.006005284650492326,0
1788048000000,4.163e-07,4.189e-07,4.08e-07,4.138e-07,364447868519.0,2026-08-30,-0.0060052846504923,-0.0060233888894869,0.0060052846504923,0.0123401386886818,0.2357580186174048,0.0155468754074323,0.2970226376069542,0.0182437476442897,0.3485463093472837,0.0216594666434271,0.4138035291975797,4.136e-07,4.155969770633693e-07,4.2198e-07,4.206294513884828e-07,4.323e-07,4.26990874873126e-07,4.371760000000001e-07,4.376853807511696e-07,4.44503e-07,4.736490534440294e-07,-0.0164012360351794,-1.6401236035179436,-0.0387921022067363,-3.879210220673632,-0.0522217132386623,-5.222171323866231,29.515418502202596,34.705882352941174,45.50264550264552,4.2233379834071753e-07,4.2917117522996203e-07,-6.837376889244501e-09,-4.228328223514027e-09,-2.609048665730474e-09,-0.6305095857251025,4.323e-07,1.3588036533890813e-08,4.594760730677816e-07,4.0512392693221833e-07,0.1257278420901302,0.1596270558690013,1.698571428571429e-08,4.104812538838639,1.714285714285715e-08,4.142788096388871,1.6838095238095236e-08,4.069138530230845,424757479893.5,0.8580140098071457,-29381248555350.0,1.1509210914879382e-06,21.38024326191856,-112.88132886120393,41.54647415797333,23.049001814882036,22.62552934059281,-76.95099818511797,False,False,True,207,184,3,2,0,7474148537.6,-1.0,0,1,-0.01594973417109724,0
1788134400000,4.138e-07,4.138e-07,4.059e-07,4.072e-07,292628608021.0,2026-08-31,-0.0159497341710972,-0.0160783000751297,0.0159497341710972,0.0136009494816326,0.2598457749949029,0.010560822192439,0.2017642246876641,0.0166898445076971,0.3188590316068437,0.0216537735037447,0.4136947619166685,4.1150000000000005e-07,4.127979847089128e-07,4.1838e-07,4.1818773295421326e-07,4.3016e-07,4.2510602964711403e-07,4.355e-07,4.364898756186234e-07,4.4335500000000004e-07,4.723331450008844e-07,-0.0251376586066555,-2.5137658606655484,-0.0812274368231047,-8.122743682310471,-0.095111111111111,-9.51111111111111,24.907063197025963,31.758241758241752,36.87943262411346,4.200055216729149e-07,4.275436807684834e-07,-7.538159095568523e-09,-4.890294397924926e-09,-2.6478646976435964e-09,-0.6502614679871307,4.3016e-07,1.4017260037240496e-08,4.58194520074481e-07,4.02125479925519e-07,0.1303446163031476,0.0905048501097792,1.5485714285714293e-08,3.8029750210496793,1.6778571428571434e-08,4.120474319393771,1.5957142857142855e-08,3.91874824586023,421926519301.4,0.6935534853450701,-29673877163371.0,1.1500100073848094e-06,20.543771522972293,-121.94478966595106,41.69618528801352,11.070780399274012,20.568663036902556,-88.92921960072599,False,True,False,207,184,3,2,0,7474148537.6,-1.0,0,1,0.035609037328094395,1
1788220800000,4.072e-07,4.592e-07,3.962e-07,4.217e-07,891922474443.0,2026-09-01,0.0356090373280943,0.0349896955162012,0.0356090373280943,0.0198582737432045,0.3793917871566508,0.0166924179160752,0.3189081965048762,0.0182594361733631,0.3488460382743791,0.0216667413174154,0.4139425116489804,4.1392e-07,4.1576532313927524e-07,4.171000000000001e-07,4.188263269625381e-07,4.2931e-07,4.247816458711984e-07,4.3451400000000005e-07,4.359098804939709e-07,4.42235e-07,4.713304445300352e-07,0.029541015625,2.954101562500002,-0.0294591484464901,-2.945914844649012,-0.0387508547982674,-3.8750854798267502,55.20833333333338,40.05791505791508,42.17024041585446,4.202662106463126e-07,4.271108155263735e-07,-6.844604880060931e-09,-5.281156494352128e-09,-1.5634483857088032e-09,-0.3707489650720425,4.2931e-07,1.3987547093342113e-08,4.572850941866842e-07,4.013349058133158e-07,0.1303258446655527,0.3639861594528212,2.2585714285714288e-08,5.355872488905451,2.0542857142857144e-08,4.87143873437447,1.8066666666666663e-08,4.284246304639949,448282760782.0,1.9896425927401256,-28781954688928.0,1.1473091999086874e-06,19.886402906841194,-23.18416691040252,50.66734225626736,40.47619047619051,24.86532423011549,-59.52380952380949,True,True,False,207,184,3,2,0,7474148537.6,-1.0,0,1,0.0059283851078966165,1
1788307200000,4.217e-07,4.4e-07,4.047e-07,4.242e-07,405612787233.0,2026-09-02,0.0059283851078966,0.0059108813780679,0.0059283851078966,0.0197632562748242,0.377576480972131,0.0167145106661959,0.3193302779032829,0.0179155003577153,0.3422751537426632,0.0216581525596676,0.4137784236626052,4.1664000000000006e-07,4.185768820928502e-07,4.1649e-07,4.198033584238948e-07,4.2825e-07,4.247262510263223e-07,4.33512e-07,4.354506694924169e-07,4.41327e-07,4.703971100660802e-07,0.0331222601071603,3.3122260107160297,-0.0141761561701138,-1.4176156170113834,-0.0475976650202065,-4.759766502020656,72.2560975609756,36.95431472081217,44.69496021220159,4.2087140900841846e-07,4.26895199561457e-07,-6.023790553038592e-09,-5.429683306089421e-09,-5.941072469491705e-10,-0.1400535707093754,4.2825e-07,1.349879136905626e-08,4.552475827381125e-07,4.0125241726188745e-07,0.1260832819059546,0.4249932847824447,2.64e-08,6.223479490806224,2.187142857142857e-08,5.155923755640871,1.8928571428571423e-08,4.462180911968748,453099984154.75,0.8951948828461415,-28376341901695.0,1.1460829984104517e-06,19.75640300942236,-34.64426587271446,44.39065863550928,44.44444444444444,31.997138439969632,-55.55555555555556,False,False,True,207,184,3,2,0,7474148537.6,-1.0,0,1,0.0035360678925036026,1
1788393600000,4.242e-07,4.5e-07,4.097e-07,4.257e-07,649359505504.0,2026-09-03,0.0035360678925036,0.0035298307035246,0.0035360678925036,0.0193598668930115,0.3698697376537044,0.0158415980861907,0.3026533064785627,0.0179620751052305,0.3431649630445518,0.0215761855742532,0.4122124466050661,4.1852e-07,4.209512547285668e-07,4.1675e-07,4.208754750740957e-07,4.273249999999999e-07,4.248189890238154e-07,4.3269200000000005e-07,4.3506829029520346e-07,4.40671e-07,4.6951196455036956e-07,0.0225798702858515,2.2579870285851595,0.006145119357126,0.6145119357125935,-0.0416479063484916,-4.16479063484917,72.67267267267269,47.02233250620348,46.33490248823135,4.216142691609694e-07,4.268066662606082e-07,-5.192397099638837e-09,-5.382226064799305e-09,1.8982896516046828e-10,0.0445921928965159,4.273249999999999e-07,1.2971867333176065e-08,4.5326873466635203e-07,4.013812653336478e-07,0.121423902960754,0.4686822267322317,3.0385714285714285e-08,7.137823416893182,2.2828571428571428e-08,5.362596060270479,2.027619047619047e-08,4.7630233676745295,470009193853.8,1.3815889433558364,-27726982396191.0,1.1441434155976963e-06,21.51222862734076,2.872260015117558,54.47696482985072,46.82539682539684,43.915343915343904,-53.17460317460316,True,False,False,207,184,3,2,0,7474148537.6,-1.0,0,1,-0.008456659619450302,0
1788480000000,4.257e-07,4.415e-07,4.168e-07,4.221e-07,447916481578.0,2026-09-04,-0.0084566596194503,-0.0084926200456535,0.0084566596194503,0.0197239473847633,0.376825485681997,0.0159902920248586,0.3054941001880302,0.0179951109122689,0.3437961112518204,0.0212776654540574,0.4065092277166642,4.2018e-07,4.213341698190445e-07,4.1689e-07,4.210981159697147e-07,4.2618e-07,4.24560037688214e-07,4.32056e-07,4.345597298896397e-07,4.4001400000000004e-07,4.6857305738531173e-07,0.0200579990333493,2.0057999033349416,0.0033277870216306,0.3327787021630614,-0.0514606741573032,-5.146067415730331,59.29487179487181,35.244755244755254,39.95680345572355,4.216889969823588e-07,4.26458024315378e-07,-4.769027333019235e-09,-5.259586318443291e-09,4.90558985424056e-10,0.1162186651087553,4.2618e-07,1.2324114145769012e-08,4.508282282915381e-07,4.01531771708462e-07,0.1156705067883899,0.4172354306414647,2.8828571428571416e-08,6.829796595255014,2.333571428571428e-08,5.528480048735911,2.076190476190476e-08,4.918717072235195,482371735751.75,0.9285711586727748,-28174898877769.0,1.1428085238557148e-06,23.0503438734392,-3.1705659982928625,46.74908831501261,41.11111111111111,44.126984126984105,-58.88888888888889,False,False,True,207,184,3,2,0,7474148537.6,-1.0,0,1,-0.0018952854773750527,0
1788566400000,4.221e-07,4.29e-07,4.16e-07,4.213e-07,360903681960.0,2026-09-05,-0.001895285477375,-0.0018970838034822,0.001895285477375,0.0169531938279083,0.3238903133050143,0.0157991991439911,0.30184327582521,0.0178643244801483,0.3412974399745619,0.0206504535957605,0.3945263619891453,4.23e-07,4.21322779879363e-07,4.1725e-07,4.211348221570393e-07,4.252550000000001e-07,4.24249557908384e-07,4.31738e-07,4.340397404804048e-07,4.39539e-07,4.676369021356404e-07,0.0346267190569744,3.462671905697446,0.0086186258079961,0.8618625807996183,-0.0420645748067303,-4.206457480673036,62.71186440677961,39.62264150943397,43.22429906542057,4.216291512927651e-07,4.260759484401648e-07,-4.446797147399659e-09,-5.097028484234565e-09,6.502313368349061e-10,0.1543392681782355,4.252550000000001e-07,1.1936210939121722e-08,4.491274218782435e-07,4.013825781217567e-07,0.1122734447719294,0.4171638298750801,2.787142857142856e-08,6.615577633854393,2.2692857142857133e-08,5.386389067851207,2.0842857142857137e-08,4.947272049099724,486610866148.75,0.7416679467442819,-28535802559729.0,1.1417295220504713e-06,25.56317323409463,-30.712075857697982,39.16418825289107,39.84126984126983,42.59259259259257,-60.158730158730165,False,True,False,207,184,3,2,0,7474148537.6,-1.0,0,1,-0.007358177070970751,0
1788652800000,4.213e-07,4.266e-07,4.094e-07,4.182e-07,494373310656.0,2026-09-06,-0.0073581770709707,-0.0073853819904375,0.0073581770709707,0.0063894695181212,0.1220706437432662,0.0144791300530881,0.2766233912549662,0.0178844670793245,0.3416822637914886,0.0206536774753285,0.3945879541218111,4.223e-07,4.202818532529087e-07,4.1811e-07,4.2060121812848666e-07,4.24145e-07,4.236734095361569e-07,4.3141800000000003e-07,4.334185741849919e-07,4.38825e-07,4.666578970939733e-07,-0.0082997391510551,-0.8299739151055249,0.02099609375,2.099609375000002,-0.0504087193460489,-5.0408719346048985,71.15384615384622,40.32000000000002,39.1025641025641,4.211015895554167e-07,4.254925448520045e-07,-4.390955296587817e-09,-4.955813846705216e-09,5.648585501173993e-10,0.1350689981151122,4.24145e-07,1.147709274594402e-08,4.47099185491888e-07,4.011908145081119e-07,0.1082374447035237,0.3705029197812118,2.8771428571428557e-08,6.879825100772012,2.2878571428571425e-08,5.4707248753159785,2.1019047619047613e-08,5.02607547083874,496585144235.55,0.995545912709582,-29030175870385.0,1.140248461708087e-06,26.95882467976562,-55.58762448827866,39.13301072088144,34.92063492063496,38.624338624338606,-65.07936507936505,False,True,False,207,184,3,2,0,7474148537.6,-1.0,0,1,-0.006695361071257899,0
1788739200000,4.182e-07,4.243e-07,4.043e-07,4.154e-07,365798694458.0,2026-09-07,-0.0066953610712578,-0.0067178755525213,0.0066953610712578,0.0049868603700437,0.0952738335948763,0.0147461408604254,0.2817246255664585,0.017835299296481,0.3407429146192124,0.0206356603571992,0.3942437375632673,4.2054e-07,4.1865456883527243e-07,4.1859e-07,4.196555421051255e-07,4.228e-07,4.228854657708086e-07,4.30974e-07,4.3271196343038373e-07,4.3800799999999993e-07,4.656428318253792e-07,-0.0207449316360207,-2.0744931636020807,0.0116902094495858,1.1690209449585949,-0.0608184490165046,-6.081844901650466,27.97202797202783,43.37349397590358,38.60759493670884,4.202244219315064e-07,4.247449489370412e-07,-4.520527005534827e-09,-4.868756478471139e-09,3.482294729363117e-10,0.083829916450725,4.228e-07,1.0793370285018957e-08,4.4438674057003793e-07,4.012132594299621e-07,0.1021132477296023,0.3285984867425721,3.049999999999998e-08,7.34232065479056,2.2992857142857143e-08,5.535112456152417,2.1352380952380953e-08,5.140197629364697,499551763417.35,0.7322538348291123,-29395974564843.0,1.1391513450445063e-06,28.72192033288164,-77.10260544852855,39.76331681990247,30.47619047619043,35.07936507936505,-69.52380952380958,False,True,False,207,184,3,2,0,7474148537.6,-1.0,0,1,0.0012036591237363226,1
1788825600000,4.154e-07,4.212e-07,4.058e-07,4.159e-07,402504886283.0,2026-09-08,0.0012036591237363,0.0012029353068542,0.0012036591237363,0.0041189105195655,0.078691674984641,0.014069811886077,0.2688033786543655,0.0172321821387975,0.3292203775005633,0.0204351852160035,0.3904136653685614,4.1858e-07,4.17736379223515e-07,4.1855e-07,4.189727162678299e-07,4.211e-07,4.2222018331644585e-07,4.30372e-07,4.320526707448174e-07,4.37315e-07,4.6465777064920363e-07,-0.0230209067418369,-2.3020906741836966,-0.0009608455440787,-0.0960845544078734,-0.0755723494109802,-7.557234941098025,16.260162601626277,45.72953736654805,38.46153846153848,4.195591262497362e-07,4.240897675342974e-07,-4.5306412845611925e-09,-4.8011334396891505e-09,2.7049215512795714e-10,0.065037786758345,4.211e-07,8.792460885629424e-09,4.3868492177125883e-07,4.0351507822874113e-07,0.0835189825279451,0.352146058207124,2.3699999999999987e-08,5.6984852127915335,2.3142857142857137e-08,5.56452443925394,2.159523809523809e-08,5.192411179427288,495814272732.75,0.8118057676406486,-28993469678560.0,1.1379473563209691e-06,30.48501598599766,-76.62761047093383,39.56282707860179,31.26984126984128,32.2222222222222,-68.73015873015872,False,False,True,207,184,3,2,0,7474148537.6,-1.0,0,1,-0.016109641740803093,0
1788912000000,4.159e-07,4.2e-07,4.06e-07,4.092e-07,427303966082.0,2026-09-09,-0.016109641740803,-0.0162408126713945,0.016109641740803,0.0065789109175771,0.1256899165980187,0.0148874119971095,0.2844236068431444,0.0148853067155938,0.2843833854962624,0.019892675007922,0.3800490223962486,4.16e-07,4.148909194823433e-07,4.1809e-07,4.171958587645881e-07,4.20035e-07,4.209801658577368e-07,4.29332e-07,4.311564875757133e-07,4.36617e-07,4.6355953729960034e-07,-0.0305614783226724,-3.0561478322672397,-0.0111164813919768,-1.111648139197687,-0.0494773519163763,-4.9477351916376335,2.85714285714306,42.90484140233723,38.00940438871474,4.179654145190075e-07,4.2298682179101613e-07,-5.0214072720086406e-09,-4.8451882061530485e-09,-1.7621906585559208e-10,-0.0430642878434975,4.20035e-07,8.883472235091494e-09,4.37801944470183e-07,4.02268055529817e-07,0.0845974476897542,0.1950798147035451,2.0657142857142845e-08,5.048177628822788,2.352857142857142e-08,5.749895266024297,2.1466666666666664e-08,5.246008471814923,478855343740.7,0.8923445705836895,-29420773644642.0,1.136669038840246e-06,32.19165266747259,-92.55406967145436,39.158501841582925,20.6349206349206,27.46031746031741,-79.36507936507941,False,False,True,207,184,3,2,0,7474148537.6,-1.0,0,1,-0.02052785923753664,0
1788998400000,4.092e-07,4.142e-07,3.95e-07,4.008e-07,343937135368.0,2026-09-10,-0.0205278592375366,-0.0207414843068163,0.0205278592375366,0.0085371662609931,0.1631023324028858,0.0154570741221254,0.2953069864601261,0.0133628281815844,0.2552964739451954,0.0199837376720764,0.3817887721521214,4.119e-07,4.101939463215622e-07,4.1745e-07,4.14214793534663e-07,4.1791500000000005e-07,4.19058245299857e-07,4.2826e-07,4.299660370791778e-07,4.3605e-07,4.623167079918692e-07,-0.0486589128886779,-4.865891288867791,-0.0157170923379175,-1.5717092337917495,-0.0956678700361011,-9.566787003610113,2.242152466367884,42.69102990033221,35.37666174298376,4.153245815160833e-07,4.213433535102001e-07,-6.018771994116816e-09,-5.079904963745802e-09,-9.38867030371014e-10,-0.2342482610706122,4.1791500000000005e-07,8.08795563291906e-09,4.340909112658381e-07,4.017390887341618e-07,0.0774124463866486,-0.0290273827152191,1.7642857142857138e-08,4.401910464784716,2.4014285714285703e-08,5.991588252067292,2.11e-08,5.264471057884231,465527692325.7,0.7388113339718771,-29764710780010.0,1.1356315004141795e-06,33.129429358643115,-161.88693878239138,40.36782478976639,9.034267912772604,20.313009939178137,-90.9657320872274,False,True,False,207,184,3,2,0,7474148537.6,-1.0,0,1,-0.021207584830339354,0
1789084800000,4.008e-07,4.068e-07,3.832e-07,3.923e-07,406027959630.0,2026-09-11,-0.0212075848303393,-0.0214356965551481,0.0212075848303393,0.0096778372420573,0.1848948208970964,0.0096692327189774,0.184730431714475,0.013458476833717,0.2571238388783703,0.0190841212057347,0.3646016236952855,4.0672e-07,4.0422929754770813e-07,4.1451e-07,4.102302856192697e-07,4.15805e-07,4.1650984098558484e-07,4.2745200000000003e-07,4.28488937581859e-07,4.35085e-07,4.609301661420061e-07,-0.0619320899091344,-6.193208990913448,-0.0697178088688642,-6.971780886886421,-0.0971231300345224,-9.712313003452245,1.666666666666785,36.484490398818345,32.39436619718312,4.117823382059167e-07,4.19191993990926e-07,-7.409655785009334e-09,-5.545855127998509e-09,-1.863800657010825e-09,-0.4750957575862414,4.15805e-07,8.988031515888124e-09,4.337810630317762e-07,3.9782893696822374e-07,0.0864639099182369,-0.1537860920505858,1.748571428571429e-08,4.457230253814502,2.3157142857142854e-08,5.902916863916099,2.1385714285714283e-08,5.45136739375842,455668447173.0,0.8910600726230372,-30170738739640.0,1.1343950318909575e-06,34.138957489314606,-235.76732673267327,31.86431525593794,11.973684210526311,13.880957586073146,-88.02631578947368,False,True,False,207,184,3,2,0,7474148537.6,-1.0,0,1,-0.014784603619678705,0
1789171200000,3.923e-07,4.098e-07,3.67e-07,3.865e-07,546173700236.0,2026-09-12,-0.0147846036196787,-0.0148949851880301,0.0147846036196787,0.0090880822329434,0.1736275672684234,0.0087270027417728,0.1667291532757308,0.0135996012506958,0.2598200170790224,0.018666855830811,0.356629779900703,4.0094e-07,3.9831953169847213e-07,4.1074e-07,4.0591568823394796e-07,4.1361500000000004e-07,4.136517608917197e-07,4.26808e-07,4.268423125743456e-07,4.3432e-07,4.594562260423165e-07,-0.0695714973519497,-6.957149735194982,-0.0888731730315888,-8.88731730315888,-0.1017894492214732,-10.178944922147329,1.5290519877676871,28.02359882005905,27.38944365192583,4.078927477126988e-07,4.16770364806413e-07,-8.877617093714239e-09,-6.212207521141656e-09,-2.6654095725725827e-09,-0.6896273150252478,4.1361500000000004e-07,1.0482229323156146e-08,4.3457945864631246e-07,3.9265054135368773e-07,0.1013718489238171,-0.1466897251546629,2.174285714285715e-08,5.6255775272592885,2.480714285714285e-08,6.418406948807983,2.2376190476190477e-08,5.789441261627548,459110347105.45,1.1896349182270836,-30716912439876.0,1.132724096109266e-06,33.8809730787469,-242.2351017981871,24.78069165207586,21.149674620390496,14.052542247896447,-78.85032537960952,True,True,False,207,184,3,2,0,7474148537.6,-1.0,0,1,0.021992238033635036,1
1789257600000,3.865e-07,4.008e-07,3.85e-07,3.95e-07,290770333871.0,2026-09-13,0.021992238033635,0.021753896873645,0.021992238033635,0.0181665073514258,0.3470706356241255,0.0127506906884465,0.2436016035596637,0.0146009622700554,0.2789509924919206,0.018685390170031,0.3569838779543093,3.9676e-07,3.9721302113231485e-07,4.076700000000001e-07,4.039310176459574e-07,4.1221e-07,4.118754027115559e-07,4.26156e-07,4.255935944310399e-07,4.33641e-07,4.5817980110750453e-07,-0.0502524645347439,-5.025246453474401,-0.0721165139769791,-7.211651397697915,-0.0664145592058615,-6.641455920586161,23.437499999999982,37.26287262872626,36.27223511214229,4.059092480645912e-07,4.151577451911231e-07,-9.248497126531854e-09,-6.8194654422196955e-09,-2.429031684312158e-09,-0.6149447302056097,4.1221e-07,1.1013718718230017e-08,4.342374374364601e-07,3.9018256256354e-07,0.1068748329077899,0.1093508368904987,2.1542857142857143e-08,5.453887884267632,2.5157142857142852e-08,6.36889692585895,2.2433333333333332e-08,5.679324894514767,450412996185.15,0.6455638188367767,-30426142106005.0,1.1318445171832868e-06,33.09108336535378,-158.3222273055785,29.494364235349664,30.36876355748372,21.164040796133484,-69.63123644251628,False,False,True,207,184,3,2,0,7474148537.6,-1.0,0,1,-0.008607594936708818,0
1789344000000,3.95e-07,3.982e-07,3.869e-07,3.916e-07,363507571860.0,2026-09-14,-0.0086075949367088,-0.0086448542447665,0.0086075949367088,0.0178560617290474,0.3411395803364313,0.0127521908659087,0.2436302644098364,0.0146404475572396,0.2797053578443638,0.0187000911695424,0.3572647401556135,3.9324e-07,3.953420140882098e-07,4.0462000000000003e-07,4.016890144376015e-07,4.1075500000000003e-07,4.09944411977122e-07,4.25408e-07,4.2426051229327337e-07,4.3307000000000005e-07,4.568613243816146e-07,-0.043010752688172,-4.301075268817204,-0.072257758824923,-7.225775882492304,-0.0691704302353221,-6.917043023532211,20.5811138014527,38.95184135977337,28.499999999999982,4.037078252854233e-07,4.134127270288177e-07,-9.704901743394368e-09,-7.396552702454631e-09,-2.308349040939737e-09,-0.5894660472266949,4.1075500000000003e-07,1.1731849363079015e-08,4.3421869872615803e-07,3.87291301273842e-07,0.1142466858646054,0.0918162727974874,2.03e-08,5.183861082737487,2.5399999999999996e-08,6.486210418794687,2.209523809523809e-08,5.642297777129237,450477361733.85,0.8069386005567284,-30789649677865.0,1.1307458183513463e-06,32.62856998110667,-141.4617876882029,29.238628320950824,26.68112798264642,26.06652205350685,-73.31887201735358,False,False,True,207,184,3,2,0,7474148537.6,-1.0,0,1,-0.022216547497446282,0
1789430400000,3.916e-07,3.989e-07,3.74e-07,3.829e-07,469265401454.0,2026-09-15,-0.0222165474974462,-0.0224670521731063,0.0222165474974462,0.0181509676434969,0.3467737499210027,0.0133813218137713,0.2556497942920269,0.0152159374002146,0.2907000758566242,0.0189060130096814,0.3611988713875206,3.8966e-07,3.911946760588066e-07,4.0078e-07,3.982728299944012e-07,4.09015e-07,4.0736875369358653e-07,4.24554e-07,4.226385314152679e-07,4.32231e-07,4.553966731172928e-07,-0.0446606786427145,-4.46606786427145,-0.0911464514597673,-9.114645145976732,-0.0833133828106296,-8.331338281062957,19.630484988452608,20.06172839506169,28.5,4.005066213953582e-07,4.111525250266831e-07,-1.064590363132491e-08,-8.046422888228688e-09,-2.599480743096222e-09,-0.6788928553398335,4.09015e-07,1.314335033007314e-08,4.353017006601463e-07,3.827282993398537e-07,0.1285366094649159,0.0032659226117072,2.1657142857142857e-08,5.656083274260344,2.2678571428571424e-08,5.922844457709956,2.2647619047619044e-08,5.91476078548421,456323389894.3,1.0283614906584075,-31258915079319.0,1.1293189506054804e-06,35.74913425418219,-155.8238907920364,16.075490831132257,19.156626506024136,25.4021726820514,-80.84337349397586,True,True,False,207,184,3,2,0,7474148537.6,-1.0,0,1,-0.027422303473491727,0
1789516800000,3.829e-07,3.842e-07,3.659e-07,3.724e-07,535612424588.0,2026-09-16,-0.0274223034734917,-0.0278053130803367,0.0274223034734917,0.0193707213551429,0.3700771118615489,0.0144939280007748,0.2769061056485576,0.0157341979038554,0.3006014288761059,0.01914720130536,0.3658067673064736,3.8568e-07,3.849297840392045e-07,3.962e-07,3.935686790863282e-07,4.07155e-07,4.040383961989592e-07,4.23626e-07,4.206683929240074e-07,4.3141e-07,4.5375309700203596e-07,-0.0507264848330358,-5.072648483303585,-0.1095169775227163,-10.95169775227164,-0.0908203125,-9.082031249999996,18.722466960352364,14.42307692307692,27.07838479809976,3.961825257960723e-07,4.082819676172991e-07,-1.2099441821226813e-08,-8.857026674828313e-09,-3.242415146398498e-09,-0.8706807589684473,4.07155e-07,1.5480598213794328e-08,4.3811619642758877e-07,3.761938035724114e-07,0.1520855518295913,-0.0612670699157931,2.227142857142857e-08,5.980512505754181,2.1464285714285713e-08,5.7637716740831655,2.3109523809523807e-08,6.205564932740012,456001520558.8,1.1745847336904536,-31794527503907.0,1.127672809259601e-06,39.31381562434985,-177.17996289424852,15.887859546733878,7.728894173602871,17.855549554091116,-92.27110582639712,False,True,False,207,184,3,2,0,7474148537.6,-1.0,0,1,-0.0029538131041890736,0
1789603200000,3.724e-07,3.8e-07,3.681e-07,3.713e-07,363119109927.0,2026-09-17,-0.002953813104189,-0.0029581842198776,0.002953813104189,0.0193944461436135,0.3705303733088524,0.0146770839219093,0.2804052946085906,0.0156525775556429,0.2990420743130094,0.0190924105477785,0.3647599913526666,3.8264000000000004e-07,3.8038652269280293e-07,3.9179000000000004e-07,3.895198283433594e-07,4.0519e-07,4.009204537038202e-07,4.2261e-07,4.187323775110805e-07,4.3068200000000004e-07,4.521202868061092e-07,-0.039327296248383,-3.9327296248383,-0.1061627347135291,-10.616273471352908,-0.0957135898684851,-9.571358986848512,22.368421052631504,12.430939226519314,28.45257903494175,3.923544449043689e-07,4.055425626086103e-07,-1.3188117704241431e-08,-9.723244880710936e-09,-3.464872823530493e-09,-0.9331733971264458,4.0519e-07,1.739603403090212e-08,4.399820680618042e-07,3.703979319381958e-07,0.17173211610259,0.0129637028216001,2.1228571428571427e-08,5.717363702820206,1.943571428571428e-08,5.234504251471662,2.308571428571428e-08,6.217536839675272,442279367962.8,0.8210175202148291,-32157646613834.0,1.1265593568432322e-06,43.3114146639657,-150.26803999518177,4.914404673229015,7.142857142857123,11.342792607494689,-92.85714285714288,False,False,True,207,184,3,2,0,7474148537.6,-1.0,0,1,-0.007002423915970835,0
1789689600000,3.713e-07,3.766e-07,3.596e-07,3.687e-07,311397662087.0,2026-09-18,-0.0070024239159708,-0.0070270559429354,0.0070024239159708,0.0105722060367766,0.201981712728357,0.0141343861841139,0.2700370688861262,0.0150172233994591,0.2869036502027831,0.0188730947034187,0.3605699680294209,3.7738e-07,3.764910151285353e-07,3.8707e-07,3.857344050082032e-07,4.0281000000000004e-07,3.978518390653612e-07,4.21736e-07,4.167703234870048e-07,4.29978e-07,4.5046832496470694e-07,-0.0665822784810126,-6.658227848101257,-0.113488819427747,-11.348881942774703,-0.1143406197453759,-11.434061974537588,24.42528735632176,12.60504201680672,28.405315614617933,3.88715299534466e-07,4.028134838968615e-07,-1.4098184362395454e-08,-1.059823277704784e-08,-3.499951585347613e-09,-0.9492681272979694,4.0281000000000004e-07,1.8980069879636603e-08,4.4077013975927326e-07,3.648498602407267e-07,0.1884766503278132,0.0507129291895289,2.0285714285714283e-08,5.501956681777673,1.8885714285714287e-08,5.122244178387385,2.22e-08,6.021155410903172,436629178187.9,0.7131856450349097,-32469044275921.0,1.125601006125868e-06,47.30901370358155,-145.18301391984662,5.081284615280765,13.112391930835734,9.328047749098552,-86.88760806916427,False,True,False,207,184,3,2,0,7474148537.6,-1.0,0,1,,0
